# 双臂GMO外力矩与触觉传感器标定对比实验 (v5: 含手自重补偿)
# 时间: 2026-09-03 15:19:11
# 左臂目标: [0.0, 0.0, 0.0, 0.0, 0.0, 0.0, 0.0]
# 右臂目标: [0.0, 0.0, 0.0, 0.0, 0.0, 0.0, 0.0]
# 手质量: 0.8kg
# 列说明:
#   1: time, 2: phase(0=move,1=hold)
#   3-9: left_q, 10-16: right_q
#   17-23: left_r_raw (GMO原始残差, Nm)
#   24-30: right_r_raw
#   31-37: left_r_comp (补偿手自重后残差, Nm)
#   38-44: right_r_comp
#   45-47: left_F_raw (GMO原始末端力, N)
#   48-50: right_F_raw
#   51-53: left_F_comp (补偿后末端力, N)
#   54-56: right_F_comp
#   57-59: left_F_hand (手自重末端力, N)
#   60-62: right_F_hand
#   63-67: left_nf1 (5指法向力), 68-72: right_nf1
#   73-77: left_tangential(5指), 78-82: right_tangential
#   83: left_n_sum, 84: right_n_sum, 85: left_t_sum, 86: right_t_sum
#================================================================================
0.003787 0.000000 0.058207 0.023154 0.011109 0.976487 0.001690 0.256510 0.005704 0.173400 -0.019295 -0.000923 0.923876 0.001438 0.244634 -0.007826 -0.033220 -0.006572 -0.004467 -0.022987 0.000760 -0.007428 -0.000874 0.012969 -0.008290 -0.003593 -0.010007 0.002287 -0.001355 -0.002062 -0.718500 0.140751 0.018126 -0.702019 0.006088 -0.198466 0.009088 -0.418148 -0.143190 -0.029250 -0.600864 -0.002641 -0.161621 -0.011884 0.049499 -0.024808 0.148172 -0.082350 -0.003137 0.365835 0.049499 -0.024808 7.996172 -0.082350 -0.003137 8.213835 0.000000 0.000000 -7.848000 0.000000 0.000000 -7.848000 0.000000 0.000000 0.000000 0.000000 0.000000 0.000000 0.000000 0.000000 0.000000 0.000000 0.000000 0.000000 0.000000 0.000000 0.000000 0.000000 0.000000 0.000000 0.000000 0.000000 0.000000 0.000000 0.000000 0.000000
0.100256 0.000000 0.058195 0.023142 0.011133 0.976487 0.001702 0.256510 0.005704 0.173388 -0.019283 -0.000923 0.923876 0.001462 0.244646 -0.007838 -0.485897 0.226191 -0.012476 -0.453414 0.033271 -0.127663 0.018134 -0.201668 -0.122592 -0.051390 -0.477517 0.059545 -0.123909 -0.017705 -1.171213 0.373501 0.010106 -1.132466 0.038598 -0.318708 0.028095 -0.632815 -0.257454 -0.077035 -1.068384 0.054619 -0.284174 -0.027523 0.180737 0.310827 4.816716 -0.601582 0.049687 8.057019 0.180737 0.310827 12.664716 -0.601582 0.049687 15.905019 0.000000 0.000000 -7.848000 0.000000 0.000000 -7.848000 0.000000 0.000000 0.000000 0.000000 0.000000 0.000000 0.000000 0.000000 0.000000 0.000000 0.000000 0.000000 0.000000 0.000000 0.000000 0.000000 0.000000 0.000000 0.000000 0.000000 0.000000 0.000000 0.000000 0.000000
0.127573 0.000000 0.058207 0.023154 0.011157 0.976475 0.001690 0.256510 0.005716 0.173400 -0.019307 -0.000923 0.923888 0.001450 0.244622 -0.007838 -0.524345 0.269264 -0.019767 -0.499200 0.046822 -0.141754 0.021767 -0.225154 -0.142447 -0.059423 -0.552250 0.067683 -0.139950 -0.022220 -1.209642 0.416634 0.002828 -1.178254 0.052152 -0.332800 0.031734 -0.656258 -0.277383 -0.085092 -1.143094 0.062752 -0.300215 -0.032047 0.144963 0.380182 5.439883 -0.728567 0.060753 9.405119 0.144963 0.380182 13.287883 -0.728567 0.060753 17.253119 0.000000 0.000000 -7.848000 0.000000 0.000000 -7.848000 0.000000 0.000000 0.000000 0.000000 0.000000 0.000000 0.000000 0.000000 0.000000 0.000000 0.000000 0.000000 0.000000 0.000000 0.000000 0.000000 0.000000 0.000000 0.000000 0.000000 0.000000 0.000000 0.000000 0.000000
0.152856 0.000000 0.058231 0.023142 0.011157 0.976487 0.001690 0.256510 0.005716 0.173400 -0.019283 -0.000911 0.923876 0.001438 0.244646 -0.007826 -0.592089 0.293957 -0.020270 -0.549772 0.057287 -0.158979 0.023522 -0.248847 -0.162793 -0.074941 -0.612159 0.074211 -0.151622 -0.027721 -1.277296 0.441292 0.002315 -1.228769 0.062614 -0.350002 0.033485 -0.679958 -0.297646 -0.100584 -1.203007 0.069285 -0.311879 -0.037538 0.240199 0.424694 5.797680 -0.807084 0.047024 10.409349 0.240199 0.424694 13.645680 -0.807084 0.047024 18.257349 0.000000 0.000000 -7.848000 0.000000 0.000000 -7.848000 0.000000 0.000000 0.000000 0.000000 0.000000 0.000000 0.000000 0.000000 0.000000 0.000000 0.000000 0.000000 0.000000 0.000000 0.000000 0.000000 0.000000 0.000000 0.000000 0.000000 0.000000 0.000000 0.000000 0.000000
0.178430 0.000000 0.058207 0.023142 0.011157 0.976487 0.001702 0.256510 0.005704 0.173400 -0.019283 -0.000899 0.923876 0.001450 0.244646 -0.007826 -0.630848 0.299780 -0.025141 -0.586607 0.066132 -0.172107 0.023523 -0.264756 -0.164244 -0.083981 -0.660266 0.080516 -0.163945 -0.030873 -1.316127 0.447112 -0.002557 -1.265641 0.071459 -0.363145 0.033485 -0.695868 -0.299083 -0.109622 -1.251114 0.075591 -0.324202 -0.040688 0.246395 0.416976 6.214227 -0.886458 0.077257 11.273317 0.246395 0.416976 14.062227 -0.886458 0.077257 19.121317 0.000000 0.000000 -7.848000 0.000000 0.000000 -7.848000 0.000000 0.000000 0.000000 0.000000 0.000000 0.000000 0.000000 0.000000 0.000000 0.000000 0.000000 0.000000 0.000000 0.000000 0.000000 0.000000 0.000000 0.000000 0.000000 0.000000 0.000000 0.000000 0.000000 0.000000
0.207755 0.000000 0.058207 0.023130 0.011169 0.976499 0.001702 0.256474 0.005704 0.173400 -0.019271 -0.000899 0.923888 0.001450 0.244634 -0.007838 -0.678905 0.332085 -0.022513 -0.623661 0.075793 -0.178595 0.026497 -0.306770 -0.162620 -0.082579 -0.710391 0.086869 -0.178813 -0.031738 -1.364187 0.479391 0.000062 -1.302700 0.081117 -0.369649 0.036454 -0.737872 -0.297427 -0.108209 -1.301227 0.081945 -0.339070 -0.041553 0.312798 0.485706 6.473879 -0.867064 0.108420 11.889804 0.312798 0.485706 14.321879 -0.867064 0.108420 19.737804 0.000000 0.000000 -7.848000 0.000000 0.000000 -7.848000 0.000000 0.000000 0.000000 0.000000 0.000000 0.000000 0.000000 0.000000 0.000000 0.000000 0.000000 0.000000 0.000000 0.000000 0.000000 0.000000 0.000000 0.000000 0.000000 0.000000 0.000000 0.000000 0.000000 0.000000
0.239907 0.000000 0.058207 0.023142 0.011157 0.976487 0.001714 0.256438 0.005716 0.173400 -0.019283 -0.000923 0.923876 0.001438 0.244634 -0.007826 -0.718140 0.368075 -0.032133 -0.672647 0.074654 -0.187425 0.028491 -0.325511 -0.183908 -0.098605 -0.754496 0.102174 -0.191841 -0.035225 -1.403464 0.515413 -0.009547 -1.351728 0.079983 -0.378510 0.038458 -0.756629 -0.318772 -0.124251 -1.345352 0.097249 -0.352106 -0.045043 0.258861 0.530506 7.171049 -0.918398 0.081072 12.618496 0.258861 0.530506 15.019049 -0.918398 0.081072 20.466496 0.000000 0.000000 -7.848000 0.000000 0.000000 -7.848000 0.000000 0.000000 0.000000 0.000000 0.000000 0.000000 0.000000 0.000000 0.000000 0.000000 0.000000 0.000000 0.000000 0.000000 0.000000 0.000000 0.000000 0.000000 0.000000 0.000000 0.000000 0.000000 0.000000 0.000000
0.272348 0.000000 0.058195 0.023130 0.011109 0.976475 0.001738 0.256414 0.005704 0.173412 -0.019271 -0.000923 0.923876 0.001450 0.244634 -0.007826 -0.752058 0.398757 -0.028996 -0.714234 0.073512 -0.196667 0.032427 -0.353074 -0.191046 -0.097919 -0.800554 0.115506 -0.201794 -0.034271 -1.437454 0.546016 -0.006423 -1.393368 0.078838 -0.387782 0.042389 -0.784158 -0.325874 -0.123553 -1.391391 0.110584 -0.362052 -0.044083 0.221407 0.578792 7.739074 -0.945098 0.097580 13.305524 0.221407 0.578792 15.587074 -0.945098 0.097580 21.153524 0.000000 0.000000 -7.848000 0.000000 0.000000 -7.848000 0.000000 0.000000 0.000000 0.000000 0.000000 0.000000 0.000000 0.000000 0.000000 0.000000 0.000000 0.000000 0.000000 0.000000 0.000000 0.000000 0.000000 0.000000 0.000000 0.000000 0.000000 0.000000 0.000000 0.000000
0.305918 0.000000 0.058219 0.023142 0.011121 0.976499 0.001738 0.256426 0.005704 0.173400 -0.019271 -0.000899 0.923876 0.001474 0.244634 -0.007850 -0.803565 0.417550 -0.029384 -0.743291 0.072537 -0.205577 0.032802 -0.355509 -0.213761 -0.113698 -0.825896 0.105052 -0.206820 -0.038928 -1.488843 0.564857 -0.006800 -1.422341 0.077865 -0.396654 0.042768 -0.786631 -0.348568 -0.139328 -1.416751 0.100129 -0.367085 -0.048743 0.345351 0.622733 7.776010 -1.004793 0.053322 13.798715 0.345351 0.622733 15.624010 -1.004793 0.053322 21.646715 0.000000 0.000000 -7.848000 0.000000 0.000000 -7.848000 0.000000 0.000000 0.000000 0.000000 0.000000 0.000000 0.000000 0.000000 0.000000 0.000000 0.000000 0.000000 0.000000 0.000000 0.000000 0.000000 0.000000 0.000000 0.000000 0.000000 0.000000 0.000000 0.000000 0.000000
0.335997 0.000000 0.058219 0.023154 0.011109 0.976499 0.001678 0.256438 0.005716 0.173400 -0.019247 -0.000911 0.923876 0.001462 0.244646 -0.007826 -0.830368 0.430101 -0.020004 -0.771037 0.081111 -0.214213 0.033301 -0.355532 -0.219922 -0.121752 -0.844285 0.107687 -0.212450 -0.039717 -1.515639 0.577427 0.002590 -1.450078 0.086438 -0.405283 0.043265 -0.786648 -0.354665 -0.147360 -1.435133 0.102769 -0.372708 -0.049519 0.344832 0.645198 8.094719 -1.058429 0.051865 14.195761 0.344832 0.645198 15.942719 -1.058429 0.051865 22.043761 0.000000 0.000000 -7.848000 0.000000 0.000000 -7.848000 0.000000 0.000000 0.000000 0.000000 0.000000 0.000000 0.000000 0.000000 0.000000 0.000000 0.000000 0.000000 0.000000 0.000000 0.000000 0.000000 0.000000 0.000000 0.000000 0.000000 0.000000 0.000000 0.000000 0.000000
0.366891 0.000000 0.058207 0.023142 0.011157 0.976511 0.001702 0.256414 0.005704 0.173400 -0.019271 -0.000899 0.923876 0.001498 0.244634 -0.007838 -0.843518 0.442611 -0.031193 -0.788313 0.078879 -0.213984 0.033250 -0.376126 -0.209977 -0.127249 -0.878980 0.119606 -0.218795 -0.038573 -1.528819 0.589943 -0.008608 -1.467372 0.084204 -0.405070 0.043211 -0.807248 -0.344777 -0.152878 -1.469836 0.114686 -0.379060 -0.048380 0.318398 0.653723 8.357617 -1.080083 0.096314 14.712336 0.318398 0.653723 16.205617 -1.080083 0.096314 22.560336 0.000000 0.000000 -7.848000 0.000000 0.000000 -7.848000 0.000000 0.000000 0.000000 0.000000 0.000000 0.000000 0.000000 0.000000 0.000000 0.000000 0.000000 0.000000 0.000000 0.000000 0.000000 0.000000 0.000000 0.000000 0.000000 0.000000 0.000000 0.000000 0.000000 0.000000
0.388676 0.000000 0.058207 0.023142 0.011145 0.976499 0.001714 0.256426 0.005704 0.173388 -0.019247 -0.000923 0.923876 0.001390 0.244634 -0.007826 -0.871972 0.445097 -0.030111 -0.809943 0.077586 -0.218470 0.033759 -0.368877 -0.213942 -0.124799 -0.884250 0.112825 -0.219367 -0.039557 -1.557285 0.592420 -0.007526 -1.489012 0.082913 -0.409554 0.043722 -0.800036 -0.348707 -0.150410 -1.475126 0.107901 -0.379639 -0.049371 0.354076 0.653339 8.517700 -1.126091 0.098242 14.913482 0.354076 0.653339 16.365700 -1.126091 0.098242 22.761482 0.000000 0.000000 -7.848000 0.000000 0.000000 -7.848000 0.000000 0.000000 0.000000 0.000000 0.000000 0.000000 0.000000 0.000000 0.000000 0.000000 0.000000 0.000000 0.000000 0.000000 0.000000 0.000000 0.000000 0.000000 0.000000 0.000000 0.000000 0.000000 0.000000 0.000000
0.432868 0.000000 0.058219 0.023142 0.011097 0.976511 0.001714 0.256426 0.005704 0.173388 -0.019271 -0.000911 0.923876 0.001414 0.244634 -0.007838 -0.878103 0.449727 -0.029022 -0.824525 0.089350 -0.219054 0.034392 -0.379719 -0.232033 -0.123199 -0.904387 0.100344 -0.224250 -0.042867 -1.563363 0.597008 -0.006440 -1.503554 0.094676 -0.410122 0.044354 -0.810876 -0.366856 -0.148831 -1.495263 0.095417 -0.384523 -0.052688 0.308986 0.653406 8.790065 -1.139876 0.068659 15.218334 0.308986 0.653406 16.638065 -1.139876 0.068659 23.066334 0.000000 0.000000 -7.848000 0.000000 0.000000 -7.848000 0.000000 0.000000 0.000000 0.000000 0.000000 0.000000 0.000000 0.000000 0.000000 0.000000 0.000000 0.000000 0.000000 0.000000 0.000000 0.000000 0.000000 0.000000 0.000000 0.000000 0.000000 0.000000 0.000000 0.000000
0.467688 0.000000 0.058219 0.023118 0.011145 0.976487 0.001702 0.256414 0.005704 0.173400 -0.019259 -0.000911 0.923888 0.001402 0.244634 -0.007850 -0.870548 0.470690 -0.036620 -0.836509 0.085736 -0.224572 0.035541 -0.387939 -0.223665 -0.127573 -0.915862 0.104301 -0.226812 -0.040285 -1.555853 0.617940 -0.014056 -1.515588 0.091057 -0.415665 0.045494 -0.819041 -0.358461 -0.153196 -1.506698 0.099373 -0.387069 -0.050107 0.202866 0.676887 9.195700 -1.141269 0.092708 15.373883 0.202866 0.676887 17.043700 -1.141269 0.092708 23.221883 0.000000 0.000000 -7.848000 0.000000 0.000000 -7.848000 0.000000 0.000000 0.000000 0.000000 0.000000 0.000000 0.000000 0.000000 0.000000 0.000000 0.000000 0.000000 0.000000 0.000000 0.000000 0.000000 0.000000 0.000000 0.000000 0.000000 0.000000 0.000000 0.000000 0.000000
0.492241 0.000000 0.058219 0.023106 0.011109 0.976487 0.001702 0.256414 0.005704 0.173400 -0.019247 -0.000899 0.923888 0.001450 0.244634 -0.007838 -0.900837 0.462845 -0.037250 -0.845404 0.083302 -0.228739 0.032719 -0.387143 -0.230754 -0.133448 -0.929892 0.114007 -0.228365 -0.041338 -1.586144 0.610026 -0.014698 -1.524480 0.088620 -0.419832 0.042668 -0.818248 -0.365491 -0.159055 -1.520728 0.109087 -0.388623 -0.051145 0.315770 0.666796 9.025929 -1.185430 0.087383 15.680333 0.315770 0.666796 16.873929 -1.185430 0.087383 23.528333 0.000000 0.000000 -7.848000 0.000000 0.000000 -7.848000 0.000000 0.000000 0.000000 0.000000 0.000000 0.000000 0.000000 0.000000 0.000000 0.000000 0.000000 0.000000 0.000000 0.000000 0.000000 0.000000 0.000000 0.000000 0.000000 0.000000 0.000000 0.000000 0.000000 0.000000
0.526751 0.000000 0.058231 0.023142 0.011097 0.976499 0.001702 0.256391 0.005704 0.173412 -0.019271 -0.000899 0.923864 0.001414 0.244634 -0.007838 -0.903958 0.467599 -0.022408 -0.841801 0.080666 -0.228082 0.034092 -0.401703 -0.228815 -0.151541 -0.942020 0.104076 -0.232294 -0.043158 -1.589225 0.614878 0.000176 -1.520855 0.085991 -0.419175 0.044052 -0.832807 -0.363630 -0.177174 -1.532876 0.099149 -0.392559 -0.052979 0.360396 0.695980 8.869222 -1.157303 0.078338 15.749739 0.360396 0.695980 16.717222 -1.157303 0.078338 23.597739 0.000000 0.000000 -7.848000 0.000000 0.000000 -7.848000 0.000000 0.000000 0.000000 0.000000 0.000000 0.000000 0.000000 0.000000 0.000000 0.000000 0.000000 0.000000 0.000000 0.000000 0.000000 0.000000 0.000000 0.000000 0.000000 0.000000 0.000000 0.000000 0.000000 0.000000
0.563057 0.000000 0.058207 0.023130 0.011097 0.976499 0.001678 0.256367 0.005740 0.173400 -0.019247 -0.000911 0.923864 0.001414 0.244622 -0.007862 -0.916369 0.481247 -0.021978 -0.856730 0.089980 -0.230971 0.035459 -0.376219 -0.229373 -0.142149 -0.940117 0.095796 -0.231186 -0.043807 -1.601723 0.628497 0.000595 -1.535837 0.095306 -0.422095 0.045423 -0.807369 -0.364135 -0.167761 -1.531001 0.090870 -0.391466 -0.053628 0.349423 0.720739 9.065433 -1.259191 0.098807 16.021613 0.349423 0.720739 16.913433 -1.259191 0.098807 23.869613 0.000000 0.000000 -7.848000 0.000000 0.000000 -7.848000 0.000000 0.000000 0.000000 0.000000 0.000000 0.000000 0.000000 0.000000 0.000000 0.000000 0.000000 0.000000 0.000000 0.000000 0.000000 0.000000 0.000000 0.000000 0.000000 0.000000 0.000000 0.000000 0.000000 0.000000
0.606708 0.000000 0.058219 0.023130 0.011097 0.976499 0.001678 0.256391 0.005704 0.173424 -0.019271 -0.000911 0.923876 0.001450 0.244634 -0.007838 -0.951724 0.482417 -0.038988 -0.878052 0.084673 -0.235196 0.034070 -0.406324 -0.238039 -0.135024 -0.965008 0.101194 -0.230706 -0.047743 -1.637027 0.629656 -0.016416 -1.557125 0.089993 -0.426297 0.044023 -0.837373 -0.372861 -0.160658 -1.555826 0.096269 -0.390956 -0.057559 0.416052 0.707341 9.156306 -1.210211 0.089856 16.199991 0.416052 0.707341 17.004306 -1.210211 0.089856 24.047991 0.000000 0.000000 -7.848000 0.000000 0.000000 -7.848000 0.000000 0.000000 0.000000 0.000000 0.000000 0.000000 0.000000 0.000000 0.000000 0.000000 0.000000 0.000000 0.000000 0.000000 0.000000 0.000000 0.000000 0.000000 0.000000 0.000000 0.000000 0.000000 0.000000 0.000000
0.639503 0.000000 0.058219 0.023106 0.011109 0.976487 0.001690 0.256379 0.005693 0.173400 -0.019271 -0.000911 0.923876 0.001414 0.244634 -0.007838 -0.937071 0.484150 -0.037735 -0.866129 0.091961 -0.230693 0.033988 -0.429241 -0.240271 -0.140045 -0.971766 0.104346 -0.231317 -0.047660 -1.622401 0.631325 -0.015184 -1.545229 0.097276 -0.421810 0.043931 -0.860362 -0.375096 -0.165678 -1.562623 0.099419 -0.391582 -0.057481 0.404329 0.718483 9.043647 -1.134713 0.072197 16.064759 0.404329 0.718483 16.891647 -1.134713 0.072197 23.912759 0.000000 0.000000 -7.848000 0.000000 0.000000 -7.848000 0.000000 0.000000 0.000000 0.000000 0.000000 0.000000 0.000000 0.000000 0.000000 0.000000 0.000000 0.000000 0.000000 0.000000 0.000000 0.000000 0.000000 0.000000 0.000000 0.000000 0.000000 0.000000 0.000000 0.000000
0.684132 0.000000 0.058219 0.023118 0.011109 0.976475 0.001678 0.256355 0.005693 0.173400 -0.019247 -0.000911 0.923888 0.001390 0.244634 -0.007838 -0.944504 0.496928 -0.033618 -0.863648 0.100497 -0.230145 0.034964 -0.429425 -0.238288 -0.130880 -0.966461 0.094223 -0.227048 -0.044197 -1.629867 0.644137 -0.011054 -1.542783 0.105813 -0.421285 0.044909 -0.860529 -0.373047 -0.156490 -1.557298 0.089298 -0.387304 -0.054014 0.464833 0.761941 8.864793 -1.119711 0.077611 15.949523 0.464833 0.761941 16.712793 -1.119711 0.077611 23.797523 0.000000 0.000000 -7.848000 0.000000 0.000000 -7.848000 0.000000 0.000000 0.000000 0.000000 0.000000 0.000000 0.000000 0.000000 0.000000 0.000000 0.000000 0.000000 0.000000 0.000000 0.000000 0.000000 0.000000 0.000000 0.000000 0.000000 0.000000 0.000000 0.000000 0.000000
0.729983 0.000000 0.058231 0.023106 0.011121 0.976487 0.001714 0.256331 0.005704 0.173388 -0.019247 -0.000911 0.923888 0.001426 0.244634 -0.007838 -0.961733 0.505298 -0.031163 -0.866275 0.093087 -0.230850 0.035748 -0.403843 -0.240564 -0.139371 -0.963780 0.100298 -0.228443 -0.045360 -1.647057 0.652493 -0.008608 -1.545389 0.098406 -0.421990 0.045699 -0.834983 -0.375316 -0.164980 -1.554635 0.095376 -0.388708 -0.055171 0.547054 0.791728 8.694612 -1.215782 0.080596 16.191686 0.547054 0.791728 16.542612 -1.215782 0.080596 24.039686 0.000000 0.000000 -7.848000 0.000000 0.000000 -7.848000 0.000000 0.000000 0.000000 0.000000 0.000000 0.000000 0.000000 0.000000 0.000000 0.000000 0.000000 0.000000 0.000000 0.000000 0.000000 0.000000 0.000000 0.000000 0.000000 0.000000 0.000000 0.000000 0.000000 0.000000
0.779077 0.000000 0.058207 0.023130 0.011121 0.976511 0.001678 0.256319 0.005704 0.173400 -0.019247 -0.000923 0.923876 0.001426 0.244610 -0.007850 -0.929618 0.511674 -0.028978 -0.853971 0.102245 -0.226268 0.036185 -0.425073 -0.242180 -0.130418 -0.960534 0.105264 -0.227936 -0.045937 -1.614982 0.658934 -0.006405 -1.533091 0.107564 -0.417417 0.046137 -0.856211 -0.376948 -0.156031 -1.551407 0.100340 -0.388217 -0.055753 0.443513 0.802833 8.801754 -1.119810 0.066695 15.876462 0.443513 0.802833 16.649754 -1.119810 0.066695 23.724462 0.000000 0.000000 -7.848000 0.000000 0.000000 -7.848000 0.000000 0.000000 0.000000 0.000000 0.000000 0.000000 0.000000 0.000000 0.000000 0.000000 0.000000 0.000000 0.000000 0.000000 0.000000 0.000000 0.000000 0.000000 0.000000 0.000000 0.000000 0.000000 0.000000 0.000000
0.822279 0.000000 0.058207 0.023106 0.011157 0.976487 0.001714 0.256319 0.005704 0.173400 -0.019247 -0.000911 0.923876 0.001438 0.244622 -0.007850 -0.940582 0.487890 -0.048674 -0.853459 0.093780 -0.225924 0.033324 -0.404284 -0.256064 -0.142126 -0.940284 0.108286 -0.222766 -0.047757 -1.625983 0.635115 -0.026118 -1.532620 0.099098 -0.417088 0.043276 -0.835415 -0.390819 -0.167736 -1.531148 0.103363 -0.383040 -0.057571 0.490783 0.737371 8.688943 -1.138964 0.016210 15.655310 0.490783 0.737371 16.536943 -1.138964 0.016210 23.503310 0.000000 0.000000 -7.848000 0.000000 0.000000 -7.848000 0.000000 0.000000 0.000000 0.000000 0.000000 0.000000 0.000000 0.000000 0.000000 0.000000 0.000000 0.000000 0.000000 0.000000 0.000000 0.000000 0.000000 0.000000 0.000000 0.000000 0.000000 0.000000 0.000000 0.000000
0.858786 0.000000 0.058219 0.023118 0.011133 0.976463 0.001690 0.256319 0.005704 0.173400 -0.019247 -0.000887 0.923864 0.001426 0.244610 -0.007862 -0.938240 0.510487 -0.051597 -0.844339 0.100997 -0.224345 0.035653 -0.416948 -0.251828 -0.141946 -0.952630 0.110763 -0.225471 -0.048755 -1.623644 0.657724 -0.029031 -1.523519 0.106316 -0.415518 0.045605 -0.848107 -0.386565 -0.167554 -1.543522 0.105839 -0.385759 -0.058572 0.534691 0.800442 8.479526 -1.125048 0.030967 15.777728 0.534691 0.800442 16.327526 -1.125048 0.030967 23.625728 0.000000 0.000000 -7.848000 0.000000 0.000000 -7.848000 0.000000 0.000000 0.000000 0.000000 0.000000 0.000000 0.000000 0.000000 0.000000 0.000000 0.000000 0.000000 0.000000 0.000000 0.000000 0.000000 0.000000 0.000000 0.000000 0.000000 0.000000 0.000000 0.000000 0.000000
0.894264 0.000000 0.058183 0.023106 0.011145 0.976475 0.001690 0.256271 0.005704 0.173400 -0.019223 -0.000911 0.923876 0.001462 0.244610 -0.007850 -0.936643 0.511991 -0.046885 -0.836251 0.106106 -0.225221 0.035781 -0.395811 -0.265305 -0.147545 -0.934475 0.124047 -0.218324 -0.048055 -1.622166 0.659200 -0.024330 -1.515500 0.111421 -0.416440 0.045728 -0.826952 -0.399984 -0.173131 -1.525348 0.119130 -0.378605 -0.057857 0.573835 0.817474 8.291605 -1.154143 -0.009168 15.612613 0.573835 0.817474 16.139605 -1.154143 -0.009168 23.460613 0.000000 0.000000 -7.848000 0.000000 0.000000 -7.848000 0.000000 0.000000 0.000000 0.000000 0.000000 0.000000 0.000000 0.000000 0.000000 0.000000 0.000000 0.000000 0.000000 0.000000 0.000000 0.000000 0.000000 0.000000 0.000000 0.000000 0.000000 0.000000 0.000000 0.000000
0.933519 0.000000 0.058183 0.023106 0.011133 0.976451 0.001714 0.256247 0.005704 0.173400 -0.019223 -0.000911 0.923876 0.001402 0.244586 -0.007850 -0.930747 0.512534 -0.055617 -0.813864 0.098463 -0.222356 0.038029 -0.424244 -0.253637 -0.136374 -0.941675 0.123491 -0.223803 -0.047495 -1.616323 0.659737 -0.033061 -1.493167 0.103780 -0.413606 0.047980 -0.855400 -0.388326 -0.161963 -1.532564 0.118570 -0.384100 -0.057306 0.662880 0.835358 7.824898 -1.063061 0.016453 15.459996 0.662880 0.835358 15.672898 -1.063061 0.016453 23.307996 0.000000 0.000000 -7.848000 0.000000 0.000000 -7.848000 0.000000 0.000000 0.000000 0.000000 0.000000 0.000000 0.000000 0.000000 0.000000 0.000000 0.000000 0.000000 0.000000 0.000000 0.000000 0.000000 0.000000 0.000000 0.000000 0.000000 0.000000 0.000000 0.000000 0.000000
0.967035 0.000000 0.058159 0.023106 0.011145 0.976427 0.001690 0.256211 0.005704 0.173400 -0.019223 -0.000899 0.923864 0.001462 0.244550 -0.007850 -0.926475 0.512874 -0.060936 -0.788945 0.093185 -0.218670 0.037773 -0.421859 -0.277273 -0.135090 -0.936730 0.122637 -0.219451 -0.049019 -1.612182 0.660082 -0.038379 -1.468349 0.098499 -0.409975 0.047720 -0.853059 -0.411940 -0.160676 -1.527662 0.117721 -0.379781 -0.058820 0.776049 0.859354 7.267910 -1.054370 -0.043178 15.359439 0.776049 0.859354 15.115910 -1.054370 -0.043178 23.207439 0.000000 0.000000 -7.848000 0.000000 0.000000 -7.848000 0.000000 0.000000 0.000000 0.000000 0.000000 0.000000 0.000000 0.000000 0.000000 0.000000 0.000000 0.000000 0.000000 0.000000 0.000000 0.000000 0.000000 0.000000 0.000000 0.000000 0.000000 0.000000 0.000000 0.000000
1.003707 0.000000 0.058147 0.023082 0.011181 0.976439 0.001714 0.256211 0.005704 0.173400 -0.019223 -0.000923 0.923888 0.001498 0.244538 -0.007850 -0.947875 0.514760 -0.066601 -0.788817 0.088478 -0.219512 0.037017 -0.414628 -0.285349 -0.141558 -0.928257 0.133666 -0.213813 -0.049042 -1.633599 0.661932 -0.044065 -1.468221 0.093791 -0.410817 0.046961 -0.845796 -0.420034 -0.167146 -1.519159 0.128752 -0.374135 -0.058839 0.891326 0.873802 6.989896 -1.055765 -0.070583 15.240382 0.891326 0.873802 14.837896 -1.055765 -0.070583 23.088382 0.000000 0.000000 -7.848000 0.000000 0.000000 -7.848000 0.000000 0.000000 0.000000 0.000000 0.000000 0.000000 0.000000 0.000000 0.000000 0.000000 0.000000 0.000000 0.000000 0.000000 0.000000 0.000000 0.000000 0.000000 0.000000 0.000000 0.000000 0.000000 0.000000 0.000000
1.032866 0.000000 0.058147 0.023106 0.011145 0.976343 0.001714 0.256139 0.005704 0.173400 -0.019223 -0.000923 0.923840 0.001402 0.244466 -0.007850 -0.915247 0.527438 -0.056594 -0.754627 0.085814 -0.215994 0.038754 -0.409211 -0.283818 -0.134222 -0.918550 0.122833 -0.210485 -0.048091 -1.601167 0.674651 -0.034033 -1.434234 0.091129 -0.407409 0.048705 -0.840501 -0.418518 -0.159816 -1.509580 0.117914 -0.370886 -0.057902 0.911597 0.931524 6.548792 -1.050153 -0.068997 15.093017 0.911597 0.931524 14.396792 -1.050153 -0.068997 22.941017 0.000000 0.000000 -7.848000 0.000000 0.000000 -7.848000 0.000000 0.000000 0.000000 0.000000 0.000000 0.000000 0.000000 0.000000 0.000000 0.000000 0.000000 0.000000 0.000000 0.000000 0.000000 0.000000 0.000000 0.000000 0.000000 0.000000 0.000000 0.000000 0.000000 0.000000
1.058649 0.000000 0.058159 0.023094 0.011145 0.976319 0.001726 0.256055 0.005693 0.173388 -0.019211 -0.000899 0.923852 0.001450 0.244406 -0.007850 -0.897513 0.531461 -0.051647 -0.730953 0.083710 -0.209286 0.038874 -0.395788 -0.271023 -0.136166 -0.897828 0.122867 -0.204032 -0.045655 -1.583488 0.678636 -0.029095 -1.410635 0.089021 -0.400764 0.048819 -0.827137 -0.405655 -0.161742 -1.488896 0.117954 -0.364473 -0.055454 0.950080 0.962039 6.178638 -1.043829 -0.053312 14.795676 0.950080 0.962039 14.026638 -1.043829 -0.053312 22.643676 0.000000 0.000000 -7.848000 0.000000 0.000000 -7.848000 0.000000 0.000000 0.000000 0.000000 0.000000 0.000000 0.000000 0.000000 0.000000 0.000000 0.000000 0.000000 0.000000 0.000000 0.000000 0.000000 0.000000 0.000000 0.000000 0.000000 0.000000 0.000000 0.000000 0.000000
1.096301 0.000000 0.058159 0.023094 0.011145 0.976247 0.001714 0.255911 0.005693 0.173424 -0.019223 -0.000887 0.923840 0.001402 0.244298 -0.007850 -0.904762 0.534788 -0.045291 -0.697913 0.080675 -0.204167 0.041008 -0.391320 -0.287849 -0.144605 -0.850097 0.110197 -0.197041 -0.047164 -1.590941 0.681961 -0.022733 -1.377807 0.085983 -0.395788 0.050951 -0.822648 -0.422516 -0.170197 -1.441199 0.105280 -0.357538 -0.056974 1.178147 1.021495 5.242491 -0.910504 -0.150721 13.779397 1.178147 1.021495 13.090491 -0.910504 -0.150721 21.627397 0.000000 0.000000 -7.848000 0.000000 0.000000 -7.848000 0.000000 0.000000 0.000000 0.000000 0.000000 0.000000 0.000000 0.000000 0.000000 0.000000 0.000000 0.000000 0.000000 0.000000 0.000000 0.000000 0.000000 0.000000 0.000000 0.000000 0.000000 0.000000 0.000000 0.000000
1.145774 0.000000 0.058171 0.023082 0.011121 0.976199 0.001714 0.255899 0.005704 0.173388 -0.019211 -0.000911 0.923816 0.001498 0.244262 -0.007850 -0.888551 0.522652 -0.042723 -0.642489 0.077209 -0.190489 0.042310 -0.385171 -0.291762 -0.149630 -0.803316 0.128527 -0.187257 -0.046986 -1.574779 0.669771 -0.020175 -1.322450 0.082517 -0.382141 0.052253 -0.816669 -0.426397 -0.175210 -1.394540 0.123620 -0.347819 -0.056779 1.397290 1.052621 4.068784 -0.792101 -0.208071 12.816302 1.397290 1.052621 11.916784 -0.792101 -0.208071 20.664302 0.000000 0.000000 -7.848000 0.000000 0.000000 -7.848000 0.000000 0.000000 0.000000 0.000000 0.000000 0.000000 0.000000 0.000000 0.000000 0.000000 0.000000 0.000000 0.000000 0.000000 0.000000 0.000000 0.000000 0.000000 0.000000 0.000000 0.000000 0.000000 0.000000 0.000000
1.186715 0.000000 0.058195 0.023106 0.011169 0.975995 0.001714 0.255827 0.005704 0.173412 -0.019211 -0.000911 0.923816 0.001450 0.244155 -0.007850 -0.909587 0.521853 -0.039243 -0.602983 0.075108 -0.184897 0.043595 -0.367516 -0.304543 -0.155650 -0.771422 0.126504 -0.175927 -0.050839 -1.596105 0.669088 -0.016661 -1.283287 0.080420 -0.376717 0.053546 -0.799011 -0.439188 -0.181235 -1.362680 0.121594 -0.336545 -0.060638 1.734678 1.117530 2.795480 -0.763131 -0.267518 12.295298 1.734678 1.117530 10.643480 -0.763131 -0.267518 20.143298 0.000000 0.000000 -7.848000 0.000000 0.000000 -7.848000 0.000000 0.000000 0.000000 0.000000 0.000000 0.000000 0.000000 0.000000 0.000000 0.000000 0.000000 0.000000 0.000000 0.000000 0.000000 0.000000 0.000000 0.000000 0.000000 0.000000 0.000000 0.000000 0.000000 0.000000
1.232774 0.000000 0.058243 0.023082 0.011205 0.975851 0.001690 0.255707 0.005704 0.173424 -0.019199 -0.000899 0.923720 0.001450 0.243999 -0.007862 -0.893109 0.551232 -0.046683 -0.538852 0.088316 -0.170250 0.046409 -0.364287 -0.311545 -0.145237 -0.703170 0.139421 -0.166969 -0.050619 -1.579784 0.698425 -0.024112 -1.219395 0.093619 -0.362214 0.056350 -0.796001 -0.446146 -0.170816 -1.294672 0.134514 -0.327747 -0.060418 2.009567 1.253405 1.394194 -0.569967 -0.344847 10.852118 2.009567 1.253405 9.242194 -0.569967 -0.344847 18.700118 0.000000 0.000000 -7.848000 0.000000 0.000000 -7.848000 0.000000 0.000000 0.000000 0.000000 0.000000 0.000000 0.000000 0.000000 0.000000 0.000000 0.000000 0.000000 0.000000 0.000000 0.000000 0.000000 0.000000 0.000000 0.000000 0.000000 0.000000 0.000000 0.000000 0.000000
1.273286 0.000000 0.058207 0.023070 0.011169 0.975564 0.001678 0.255600 0.005704 0.173460 -0.019187 -0.000911 0.923600 0.001426 0.243927 -0.007850 -0.927388 0.534292 -0.045491 -0.515599 0.096402 -0.167849 0.045760 -0.360129 -0.300363 -0.133835 -0.656075 0.148755 -0.160280 -0.048688 -1.614691 0.681413 -0.022921 -1.196737 0.101701 -0.360096 0.055693 -0.791973 -0.434941 -0.159411 -1.247767 0.143850 -0.321163 -0.058484 2.323915 1.268034 0.364618 -0.447933 -0.354835 9.891930 2.323915 1.268034 8.212618 -0.447933 -0.354835 17.739930 0.000000 0.000000 -7.848000 0.000000 0.000000 -7.848000 0.000000 0.000000 0.000000 0.000000 0.000000 0.000000 0.000000 0.000000 0.000000 0.000000 0.000000 0.000000 0.000000 0.000000 0.000000 0.000000 0.000000 0.000000 0.000000 0.000000 0.000000 0.000000 0.000000 0.000000
1.319837 0.000000 0.058207 0.023070 0.011145 0.975324 0.001714 0.255456 0.005704 0.173472 -0.019199 -0.000887 0.923444 0.001426 0.243819 -0.007838 -0.894683 0.528058 -0.026615 -0.457416 0.089382 -0.154739 0.046094 -0.373435 -0.289580 -0.141755 -0.620244 0.156697 -0.156874 -0.051627 -1.582453 0.675164 -0.004035 -1.139039 0.094682 -0.347238 0.056033 -0.805561 -0.424164 -0.167347 -1.212247 0.151794 -0.317924 -0.061422 2.476118 1.316562 -0.679174 -0.282989 -0.383346 8.944693 2.476118 1.316562 7.168826 -0.282989 -0.383346 16.792693 0.000000 0.000000 -7.848000 0.000000 0.000000 -7.848000 0.000000 0.000000 0.000000 0.000000 0.000000 0.000000 0.000000 0.000000 0.000000 0.000000 0.000000 0.000000 0.000000 0.000000 0.000000 0.000000 0.000000 0.000000 0.000000 0.000000 0.000000 0.000000 0.000000 0.000000
1.364894 0.000000 0.058171 0.023094 0.011181 0.974881 0.001678 0.255252 0.005704 0.173532 -0.019187 -0.000911 0.923301 0.001414 0.243591 -0.007838 -0.887378 0.540442 -0.023092 -0.408903 0.099061 -0.145162 0.045295 -0.358429 -0.293081 -0.146924 -0.554265 0.148954 -0.142962 -0.052934 -1.576077 0.687645 -0.000469 -1.091439 0.104360 -0.338111 0.055236 -0.790751 -0.427659 -0.172520 -1.146565 0.144055 -0.304223 -0.062729 2.713174 1.405315 -1.805975 -0.140251 -0.458621 7.655811 2.713174 1.405315 6.042025 -0.140251 -0.458621 15.503811 0.000000 0.000000 -7.848000 0.000000 0.000000 -7.848000 0.000000 0.000000 0.000000 0.000000 0.000000 0.000000 0.000000 0.000000 0.000000 0.000000 0.000000 0.000000 0.000000 0.000000 0.000000 0.000000 0.000000 0.000000 0.000000 0.000000 0.000000 0.000000 0.000000 0.000000
1.391136 0.000000 0.058195 0.023082 0.011229 0.974749 0.001678 0.255168 0.005704 0.173544 -0.019187 -0.000911 0.923301 0.001414 0.243519 -0.007850 -0.874952 0.530917 -0.033410 -0.381180 0.094639 -0.140246 0.044962 -0.361329 -0.279918 -0.139335 -0.529514 0.153536 -0.140699 -0.051819 -1.563837 0.678128 -0.010789 -1.063950 0.099934 -0.333323 0.054900 -0.793660 -0.414501 -0.164933 -1.121843 0.148636 -0.302000 -0.061618 2.793015 1.399691 -2.308334 -0.056545 -0.448536 7.101162 2.793015 1.399691 5.539666 -0.056545 -0.448536 14.949162 0.000000 0.000000 -7.848000 0.000000 0.000000 -7.848000 0.000000 0.000000 0.000000 0.000000 0.000000 0.000000 0.000000 0.000000 0.000000 0.000000 0.000000 0.000000 0.000000 0.000000 0.000000 0.000000 0.000000 0.000000 0.000000 0.000000 0.000000 0.000000 0.000000 0.000000
1.428364 0.000000 0.058135 0.023070 0.011157 0.974246 0.001702 0.255024 0.005693 0.173556 -0.019163 -0.000899 0.923217 0.001438 0.243340 -0.007862 -0.875689 0.531563 -0.031225 -0.344766 0.089561 -0.133318 0.043280 -0.354008 -0.290410 -0.145736 -0.481398 0.147309 -0.132390 -0.051528 -1.565635 0.678670 -0.008599 -1.028541 0.094852 -0.326857 0.053213 -0.786556 -0.424910 -0.171315 -1.073967 0.142415 -0.293859 -0.061318 3.001227 1.447084 -3.220525 0.063949 -0.526614 6.117263 3.001227 1.447084 4.627475 0.063949 -0.526614 13.965263 0.000000 0.000000 -7.848000 0.000000 0.000000 -7.848000 0.000000 0.000000 0.000000 0.000000 0.000000 0.000000 0.000000 0.000000 0.000000 0.000000 0.000000 0.000000 0.000000 0.000000 0.000000 0.000000 0.000000 0.000000 0.000000 0.000000 0.000000 0.000000 0.000000 0.000000
1.470843 0.000000 0.058135 0.023094 0.011145 0.974114 0.001714 0.254952 0.005693 0.173556 -0.019163 -0.000887 0.923205 0.001402 0.243292 -0.007850 -0.876098 0.538068 -0.027640 -0.298053 0.098623 -0.124392 0.048667 -0.368070 -0.286131 -0.151327 -0.434454 0.141358 -0.127267 -0.056688 -1.566295 0.685239 -0.004986 -0.982089 0.103918 -0.318066 0.058609 -0.800668 -0.420621 -0.176906 -1.027075 0.136465 -0.288775 -0.066479 3.269463 1.526616 -4.400909 0.267546 -0.583417 4.919168 3.269463 1.526616 3.447091 0.267546 -0.583417 12.767168 0.000000 0.000000 -7.848000 0.000000 0.000000 -7.848000 0.000000 0.000000 0.000000 0.000000 0.000000 0.000000 0.000000 0.000000 0.000000 0.000000 0.000000 0.000000 0.000000 0.000000 0.000000 0.000000 0.000000 0.000000 0.000000 0.000000 0.000000 0.000000 0.000000 0.000000
1.508938 0.000000 0.058123 0.023070 0.011109 0.973395 0.001690 0.254725 0.005704 0.173568 -0.019163 -0.000887 0.923097 0.001426 0.242968 -0.007850 -0.869601 0.528927 -0.016797 -0.260135 0.092366 -0.118087 0.045458 -0.379986 -0.277664 -0.153696 -0.399923 0.137530 -0.124605 -0.054664 -1.561105 0.675993 0.005864 -0.945509 0.097654 -0.312391 0.055392 -0.812928 -0.412147 -0.179283 -0.992920 0.132643 -0.286395 -0.064452 3.447189 1.553162 -5.251208 0.421969 -0.610543 4.027190 3.447189 1.553162 2.596792 0.421969 -0.610543 11.875190 0.000000 0.000000 -7.848000 0.000000 0.000000 -7.848000 0.000000 0.000000 0.000000 0.000000 0.000000 0.000000 0.000000 0.000000 0.000000 0.000000 0.000000 0.000000 0.000000 0.000000 0.000000 0.000000 0.000000 0.000000 0.000000 0.000000 0.000000 0.000000 0.000000 0.000000
1.546139 0.000000 0.058135 0.023070 0.011121 0.972820 0.001690 0.254497 0.005704 0.173532 -0.019151 -0.000887 0.922893 0.001414 0.242561 -0.007826 -0.852874 0.522588 -0.019257 -0.214790 0.087564 -0.109766 0.045787 -0.349510 -0.298260 -0.157076 -0.337842 0.134445 -0.115839 -0.055822 -1.545385 0.669665 0.003430 -0.901230 0.092850 -0.304591 0.055720 -0.783149 -0.432693 -0.182662 -0.931507 0.129569 -0.278058 -0.065599 3.606105 1.579541 -6.134487 0.489443 -0.708633 3.020457 3.606105 1.579541 1.713513 0.489443 -0.708633 10.868457 0.000000 0.000000 -7.848000 0.000000 0.000000 -7.848000 0.000000 0.000000 0.000000 0.000000 0.000000 0.000000 0.000000 0.000000 0.000000 0.000000 0.000000 0.000000 0.000000 0.000000 0.000000 0.000000 0.000000 0.000000 0.000000 0.000000 0.000000 0.000000 0.000000 0.000000
1.582331 0.000000 0.058147 0.023082 0.011157 0.972484 0.001690 0.254317 0.005704 0.173556 -0.019163 -0.000887 0.922630 0.001438 0.242225 -0.007850 -0.862761 0.529658 -0.007185 -0.179125 0.084042 -0.107824 0.044644 -0.335299 -0.314004 -0.162769 -0.283929 0.131497 -0.116981 -0.058323 -1.555873 0.676804 0.015532 -0.866212 0.089328 -0.302982 0.054582 -0.769501 -0.448472 -0.188383 -0.878218 0.126621 -0.279585 -0.068108 3.865683 1.655495 -7.152304 0.598802 -0.799012 2.021210 3.865683 1.655495 0.695696 0.598802 -0.799012 9.869210 0.000000 0.000000 -7.848000 0.000000 0.000000 -7.848000 0.000000 0.000000 0.000000 0.000000 0.000000 0.000000 0.000000 0.000000 0.000000 0.000000 0.000000 0.000000 0.000000 0.000000 0.000000 0.000000 0.000000 0.000000 0.000000 0.000000 0.000000 0.000000 0.000000 0.000000
1.617613 0.000000 0.058135 0.023046 0.011169 0.971609 0.001690 0.253586 0.005669 0.173580 -0.019163 -0.000887 0.922438 0.001414 0.241854 -0.007862 -0.865230 0.505106 -0.016656 -0.135013 0.080245 -0.101903 0.042573 -0.339030 -0.288762 -0.148478 -0.224278 0.141083 -0.117496 -0.057283 -1.560209 0.652141 0.006072 -0.824023 0.085508 -0.298125 0.052487 -0.773704 -0.423235 -0.174107 -0.819095 0.136209 -0.280461 -0.067075 4.114878 1.643088 -8.214904 0.788561 -0.791063 0.735907 4.114878 1.643088 -0.366904 0.788561 -0.791063 8.583907 0.000000 0.000000 -7.848000 0.000000 0.000000 -7.848000 0.000000 0.000000 0.000000 0.000000 0.000000 0.000000 0.000000 0.000000 0.000000 0.000000 0.000000 0.000000 0.000000 0.000000 0.000000 0.000000 0.000000 0.000000 0.000000 0.000000 0.000000 0.000000 0.000000 0.000000
1.652250 0.000000 0.058171 0.023046 0.011145 0.970495 0.001678 0.252831 0.005693 0.173568 -0.019163 -0.000887 0.921946 0.001426 0.241506 -0.007862 -0.879042 0.523623 -0.013976 -0.097938 0.078744 -0.105741 0.050144 -0.327481 -0.281693 -0.140863 -0.158040 0.137383 -0.110131 -0.058004 -1.576132 0.670644 0.008807 -0.789197 0.084000 -0.303169 0.060064 -0.763198 -0.416152 -0.166514 -0.753925 0.132514 -0.273663 -0.067794 4.403513 1.744034 -9.271950 0.941012 -0.831278 -0.546911 4.403513 1.744034 -1.423950 0.941012 -0.831278 7.301089 0.000000 0.000000 -7.848000 0.000000 0.000000 -7.848000 0.000000 0.000000 0.000000 0.000000 0.000000 0.000000 0.000000 0.000000 0.000000 0.000000 0.000000 0.000000 0.000000 0.000000 0.000000 0.000000 0.000000 0.000000 0.000000 0.000000 0.000000 0.000000 0.000000 0.000000
1.698220 0.000000 0.058483 0.022998 0.011109 0.968769 0.001690 0.252304 0.005693 0.173532 -0.019151 -0.000887 0.921587 0.001426 0.241147 -0.007850 -0.854715 0.536089 -0.013327 -0.043514 0.076670 -0.106929 0.051223 -0.319832 -0.281988 -0.134559 -0.074454 0.133491 -0.103893 -0.058922 -1.553907 0.682946 0.009497 -0.737435 0.081914 -0.305641 0.061131 -0.756464 -0.416396 -0.160213 -0.671234 0.128630 -0.267927 -0.068703 4.573244 1.820643 -10.221299 1.164354 -0.910748 -2.244351 4.573244 1.820643 -2.373299 1.164354 -0.910748 5.603649 0.000000 0.000000 -7.848000 0.000000 0.000000 -7.848000 0.000000 0.000000 0.000000 0.000000 0.000000 0.000000 0.000000 0.000000 0.000000 0.000000 0.000000 0.000000 0.000000 0.000000 0.000000 0.000000 0.000000 0.000000 0.000000 0.000000 0.000000 0.000000 0.000000 0.000000
1.736026 0.000000 0.058795 0.022914 0.011133 0.967498 0.001666 0.252160 0.005681 0.173580 -0.019127 -0.000887 0.920988 0.001438 0.240835 -0.007862 -0.829247 0.503940 -0.022798 0.004426 0.073655 -0.097054 0.047511 -0.292300 -0.271347 -0.127914 0.008167 0.131155 -0.092953 -0.059192 -1.529585 0.650569 0.000013 -0.691165 0.078881 -0.296499 0.057387 -0.729947 -0.405679 -0.153573 -0.589741 0.126300 -0.257564 -0.068967 4.684229 1.773895 -10.987392 1.300976 -0.949103 -3.684520 4.684229 1.773895 -3.139392 1.300976 -0.949103 4.163480 0.000000 0.000000 -7.848000 0.000000 0.000000 -7.848000 0.000000 0.000000 0.000000 0.000000 0.000000 0.000000 0.000000 0.000000 0.000000 0.000000 0.000000 0.000000 0.000000 0.000000 0.000000 0.000000 0.000000 0.000000 0.000000 0.000000 0.000000 0.000000 0.000000 0.000000
1.776623 0.000000 0.058962 0.022914 0.011121 0.967067 0.001654 0.252160 0.005681 0.173412 -0.019103 -0.000887 0.920436 0.001450 0.240679 -0.007838 -0.786007 0.537656 -0.002344 0.064541 0.073528 -0.079962 0.051243 -0.288055 -0.280020 -0.135602 0.062518 0.141940 -0.092831 -0.058812 -1.486519 0.684278 0.020490 -0.631488 0.078753 -0.279585 0.061118 -0.727190 -0.414242 -0.161249 -0.536677 0.137096 -0.258021 -0.068567 4.798797 1.914546 -11.936971 1.453685 -1.028253 -4.792457 4.798797 1.914546 -4.088971 1.453685 -1.028253 3.055543 0.000000 0.000000 -7.848000 0.000000 0.000000 -7.848000 0.000000 0.000000 0.000000 0.000000 0.000000 0.000000 0.000000 0.000000 0.000000 0.000000 0.000000 0.000000 0.000000 0.000000 0.000000 0.000000 0.000000 0.000000 0.000000 0.000000 0.000000 0.000000 0.000000 0.000000
1.811898 0.000000 0.059250 0.022890 0.011073 0.966252 0.001678 0.252028 0.005681 0.173400 -0.019103 -0.000863 0.919274 0.001414 0.240224 -0.007862 -0.790157 0.520188 -0.010268 0.103620 0.071924 -0.071815 0.049090 -0.205823 -0.298436 -0.145489 0.143683 0.137564 -0.075730 -0.063465 -1.491169 0.666708 0.012586 -0.593367 0.077147 -0.271876 0.058963 -0.647141 -0.432623 -0.171182 -0.457766 0.132718 -0.242005 -0.073230 5.026318 1.914737 -12.888912 1.369085 -1.111852 -5.588218 5.026318 1.914737 -5.040912 1.369085 -1.111852 2.259782 0.000000 0.000000 -7.848000 0.000000 0.000000 -7.848000 0.000000 0.000000 0.000000 0.000000 0.000000 0.000000 0.000000 0.000000 0.000000 0.000000 0.000000 0.000000 0.000000 0.000000 0.000000 0.000000 0.000000 0.000000 0.000000 0.000000 0.000000 0.000000 0.000000 0.000000
1.861968 0.000000 0.059574 0.022854 0.011109 0.965389 0.001666 0.251884 0.005681 0.173304 -0.019091 -0.000863 0.917524 0.001414 0.240044 -0.007850 -0.774258 0.521147 -0.013470 0.170383 0.086422 -0.053702 0.049492 -0.227687 -0.291053 -0.147309 0.181971 0.149517 -0.074382 -0.063947 -1.475742 0.667602 0.009401 -0.527594 0.091639 -0.254220 0.059354 -0.672202 -0.425156 -0.173047 -0.422655 0.144674 -0.242002 -0.073700 5.306178 1.985651 -14.279077 1.579968 -1.148369 -6.624723 5.306178 1.985651 -6.431077 1.579968 -1.148369 1.223277 0.000000 0.000000 -7.848000 0.000000 0.000000 -7.848000 0.000000 0.000000 0.000000 0.000000 0.000000 0.000000 0.000000 0.000000 0.000000 0.000000 0.000000 0.000000 0.000000 0.000000 0.000000 0.000000 0.000000 0.000000 0.000000 0.000000 0.000000 0.000000 0.000000 0.000000
1.900276 0.000000 0.059634 0.022854 0.011097 0.964958 0.001654 0.251825 0.005657 0.173244 -0.019067 -0.000863 0.916865 0.001390 0.239936 -0.007850 -0.803127 0.517915 -0.017298 0.203277 0.082597 -0.040517 0.050734 -0.251978 -0.291998 -0.137834 0.199252 0.155962 -0.069403 -0.067927 -1.505144 0.664352 0.005591 -0.495345 0.087808 -0.241320 0.060587 -0.697795 -0.426015 -0.163571 -0.406635 0.151122 -0.237572 -0.077675 5.642992 2.033748 -15.433697 1.734576 -1.177196 -7.263547 5.642992 2.033748 -7.585697 1.734576 -1.177196 0.584453 0.000000 0.000000 -7.848000 0.000000 0.000000 -7.848000 0.000000 0.000000 0.000000 0.000000 0.000000 0.000000 0.000000 0.000000 0.000000 0.000000 0.000000 0.000000 0.000000 0.000000 0.000000 0.000000 0.000000 0.000000 0.000000 0.000000 0.000000 0.000000 0.000000 0.000000
1.940081 0.000000 0.060173 0.022782 0.011085 0.963460 0.001654 0.251621 0.005657 0.173220 -0.018971 -0.000863 0.913366 0.001426 0.239661 -0.007850 -0.734713 0.531563 -0.027345 0.274260 0.080074 -0.013631 0.051957 -0.177842 -0.294064 -0.131099 0.237465 0.161542 -0.046719 -0.068726 -1.437589 0.677792 -0.004442 -0.426084 0.085274 -0.215211 0.061790 -0.629493 -0.427725 -0.156866 -0.374448 0.156717 -0.217416 -0.078433 5.654795 2.094577 -16.218318 1.549481 -1.164486 -7.182692 5.654795 2.094577 -8.370318 1.549481 -1.164486 0.665308 0.000000 0.000000 -7.848000 0.000000 0.000000 -7.848000 0.000000 0.000000 0.000000 0.000000 0.000000 0.000000 0.000000 0.000000 0.000000 0.000000 0.000000 0.000000 0.000000 0.000000 0.000000 0.000000 0.000000 0.000000 0.000000 0.000000 0.000000 0.000000 0.000000 0.000000
1.967184 0.000000 0.060412 0.022722 0.011073 0.963016 0.001654 0.251489 0.005645 0.173208 -0.018935 -0.000863 0.912838 0.001390 0.239481 -0.007850 -0.697865 0.521737 -0.028648 0.314210 0.086504 -0.002742 0.050816 -0.163860 -0.299733 -0.137241 0.262476 0.155762 -0.036659 -0.068173 -1.400805 0.667780 -0.005772 -0.386565 0.091691 -0.204548 0.060628 -0.616506 -0.433282 -0.162994 -0.350449 0.150942 -0.207833 -0.077874 5.668440 2.092310 -16.686206 1.573514 -1.200547 -7.568542 5.668440 2.092310 -8.838206 1.573514 -1.200547 0.279458 0.000000 0.000000 -7.848000 0.000000 0.000000 -7.848000 0.000000 0.000000 0.000000 0.000000 0.000000 0.000000 0.000000 0.000000 0.000000 0.000000 0.000000 0.000000 0.000000 0.000000 0.000000 0.000000 0.000000 0.000000 0.000000 0.000000 0.000000 0.000000 0.000000 0.000000
1.996210 0.000000 0.060808 0.022626 0.011037 0.961998 0.001666 0.251297 0.005621 0.173268 -0.018875 -0.000863 0.911952 0.001390 0.239049 -0.007850 -0.718300 0.518500 -0.029679 0.333684 0.092665 0.003618 0.048014 -0.140804 -0.289003 -0.131737 0.294546 0.150932 -0.030088 -0.070301 -1.421775 0.664231 -0.006836 -0.368249 0.097831 -0.198732 0.057791 -0.594964 -0.422364 -0.157472 -0.320040 0.146126 -0.202101 -0.079982 5.879187 2.117701 -17.369063 1.575712 -1.188611 -7.953003 5.879187 2.117701 -9.521063 1.575712 -1.188611 -0.105003 0.000000 0.000000 -7.848000 0.000000 0.000000 -7.848000 0.000000 0.000000 0.000000 0.000000 0.000000 0.000000 0.000000 0.000000 0.000000 0.000000 0.000000 0.000000 0.000000 0.000000 0.000000 0.000000 0.000000 0.000000 0.000000 0.000000 0.000000 0.000000 0.000000 0.000000
2.027674 0.000000 0.061695 0.022446 0.011049 0.959817 0.001654 0.251213 0.005633 0.173244 -0.018875 -0.000851 0.911077 0.001426 0.238738 -0.007850 -0.697565 0.513356 -0.029782 0.352449 0.098352 0.018983 0.046036 -0.171690 -0.292369 -0.126924 0.309980 0.146151 -0.027570 -0.070458 -1.401856 0.658593 -0.006985 -0.351692 0.103494 -0.184293 0.055764 -0.627513 -0.425693 -0.152689 -0.306299 0.141351 -0.200386 -0.080131 5.854067 2.108442 -17.474842 1.754984 -1.229250 -8.613471 5.854067 2.108442 -9.626842 1.754984 -1.229250 -0.765471 0.000000 0.000000 -7.848000 0.000000 0.000000 -7.848000 0.000000 0.000000 0.000000 0.000000 0.000000 0.000000 0.000000 0.000000 0.000000 0.000000 0.000000 0.000000 0.000000 0.000000 0.000000 0.000000 0.000000 0.000000 0.000000 0.000000 0.000000 0.000000 0.000000 0.000000
2.052882 0.000000 0.062006 0.022351 0.011037 0.958918 0.001666 0.251165 0.005621 0.173364 -0.018875 -0.000863 0.910657 0.001402 0.238690 -0.007850 -0.693936 0.532439 -0.024834 0.353017 0.095127 0.027816 0.046478 -0.134771 -0.293417 -0.126545 0.347631 0.150623 -0.014912 -0.071614 -1.398733 0.677386 -0.002080 -0.352125 0.100253 -0.175885 0.056175 -0.590931 -0.426762 -0.152336 -0.269184 0.145820 -0.187962 -0.081293 5.840018 2.153025 -17.435368 1.718587 -1.245834 -8.989881 5.840018 2.153025 -9.587368 1.718587 -1.245834 -1.141881 0.000000 0.000000 -7.848000 0.000000 0.000000 -7.848000 0.000000 0.000000 0.000000 0.000000 0.000000 0.000000 0.000000 0.000000 0.000000 0.000000 0.000000 0.000000 0.000000 0.000000 0.000000 0.000000 0.000000 0.000000 0.000000 0.000000 0.000000 0.000000 0.000000 0.000000
2.077540 0.000000 0.062258 0.022231 0.011049 0.958319 0.001666 0.251117 0.005609 0.173436 -0.018851 -0.000851 0.910274 0.001438 0.238666 -0.007850 -0.645846 0.518862 -0.027542 0.386820 0.098787 0.042883 0.045195 -0.157467 -0.285897 -0.128573 0.356616 0.147406 -0.012972 -0.070463 -1.350861 0.663466 -0.004865 -0.318932 0.103892 -0.161083 0.054852 -0.614040 -0.419155 -0.154354 -0.260736 0.142609 -0.186248 -0.080128 5.756599 2.124160 -17.608286 1.841660 -1.254018 -9.434080 5.756599 2.124160 -9.760286 1.841660 -1.254018 -1.586080 0.000000 0.000000 -7.848000 0.000000 0.000000 -7.848000 0.000000 0.000000 0.000000 0.000000 0.000000 0.000000 0.000000 0.000000 0.000000 0.000000 0.000000 0.000000 0.000000 0.000000 0.000000 0.000000 0.000000 0.000000 0.000000 0.000000 0.000000 0.000000 0.000000 0.000000
2.116110 0.000000 0.063181 0.022003 0.011002 0.955610 0.001642 0.250950 0.005597 0.173400 -0.018755 -0.000791 0.908344 0.001426 0.238258 -0.007862 -0.629878 0.524234 -0.025546 0.415040 0.105076 0.066841 0.049308 -0.129265 -0.284028 -0.125782 0.397115 0.142020 0.001239 -0.071882 -1.336475 0.668137 -0.002944 -0.293766 0.110142 -0.138428 0.058890 -0.589287 -0.416910 -0.151530 -0.223756 0.137240 -0.173611 -0.081517 5.813691 2.155520 -17.995796 1.855204 -1.269349 -9.929724 5.813691 2.155520 -10.147796 1.855204 -1.269349 -2.081724 0.000000 0.000000 -7.848000 0.000000 0.000000 -7.848000 0.000000 0.000000 0.000000 0.000000 0.000000 0.000000 0.000000 0.000000 0.000000 0.000000 0.000000 0.000000 0.000000 0.000000 0.000000 0.000000 0.000000 0.000000 0.000000 0.000000 0.000000 0.000000 0.000000 0.000000
2.147191 0.000000 0.063552 0.021967 0.010978 0.954891 0.001654 0.250818 0.005597 0.173556 -0.018719 -0.000815 0.907398 0.001378 0.238234 -0.007850 -0.564185 0.508757 -0.026611 0.455527 0.108745 0.084120 0.048667 -0.099909 -0.286654 -0.122053 0.421473 0.138851 0.014160 -0.069690 -1.270881 0.652547 -0.004000 -0.253949 0.113806 -0.121472 0.058242 -0.560985 -0.419458 -0.147812 -0.200733 0.134072 -0.161235 -0.079319 5.669246 2.120768 -18.099429 1.809657 -1.277652 -10.102546 5.669246 2.120768 -10.251429 1.809657 -1.277652 -2.254546 0.000000 0.000000 -7.848000 0.000000 0.000000 -7.848000 0.000000 0.000000 0.000000 0.000000 0.000000 0.000000 0.000000 0.000000 0.000000 0.000000 0.000000 0.000000 0.000000 0.000000 0.000000 0.000000 0.000000 0.000000 0.000000 0.000000 0.000000 0.000000 0.000000 0.000000
2.173744 0.000000 0.064715 0.021847 0.010990 0.952135 0.001666 0.250015 0.005537 0.174071 -0.018623 -0.000659 0.903035 0.001414 0.237863 -0.007814 -0.547620 0.497133 -0.027702 0.481334 0.103026 0.092973 0.047908 -0.113473 -0.275452 -0.125867 0.412188 0.136739 0.021034 -0.070619 -1.255651 0.640603 -0.005044 -0.231316 0.108053 -0.114218 0.057437 -0.580184 -0.407778 -0.151688 -0.216649 0.131982 -0.157172 -0.080195 5.695297 2.103426 -18.355367 1.842554 -1.250542 -9.980407 5.695297 2.103426 -10.507367 1.842554 -1.250542 -2.132407 0.000000 0.000000 -7.848000 0.000000 0.000000 -7.848000 0.000000 0.000000 0.000000 0.000000 0.000000 0.000000 0.000000 0.000000 0.000000 0.000000 0.000000 0.000000 0.000000 0.000000 0.000000 0.000000 0.000000 0.000000 0.000000 0.000000 0.000000 0.000000 0.000000 0.000000
2.218861 0.000000 0.066512 0.021811 0.011025 0.948623 0.001630 0.248685 0.005513 0.173963 -0.018300 -0.000527 0.899800 0.001426 0.237252 -0.007838 -0.457376 0.499583 -0.037770 0.523135 0.123707 0.097369 0.049574 -0.041774 -0.269005 -0.121603 0.453237 0.132988 0.044259 -0.074440 -1.166351 0.643041 -0.014924 -0.193266 0.128711 -0.111859 0.059093 -0.514372 -0.400182 -0.147189 -0.181515 0.128286 -0.136564 -0.083905 5.400189 2.086750 -18.012158 1.679405 -1.222961 -9.975448 5.400189 2.086750 -10.164158 1.679405 -1.222961 -2.127448 0.000000 0.000000 -7.848000 0.000000 0.000000 -7.848000 0.000000 0.000000 0.000000 0.000000 0.000000 0.000000 0.000000 0.000000 0.000000 0.000000 0.000000 0.000000 0.000000 0.000000 0.000000 0.000000 0.000000 0.000000 0.000000 0.000000 0.000000 0.000000 0.000000 0.000000
2.253393 0.000000 0.066908 0.021763 0.011002 0.947701 0.001654 0.248517 0.005513 0.173927 -0.018264 -0.000527 0.898985 0.001438 0.237168 -0.007838 -0.402650 0.503183 -0.032264 0.545142 0.114365 0.108242 0.052870 -0.035226 -0.264492 -0.129273 0.467341 0.130955 0.058597 -0.074035 -1.111990 0.646495 -0.009411 -0.172244 0.119362 -0.101450 0.062380 -0.509280 -0.395542 -0.154849 -0.168867 0.126259 -0.122845 -0.083485 5.221405 2.086768 -17.824901 1.702325 -1.229335 -10.214276 5.221405 2.086768 -9.976901 1.702325 -1.229335 -2.366276 0.000000 0.000000 -7.848000 0.000000 0.000000 -7.848000 0.000000 0.000000 0.000000 0.000000 0.000000 0.000000 0.000000 0.000000 0.000000 0.000000 0.000000 0.000000 0.000000 0.000000 0.000000 0.000000 0.000000 0.000000 0.000000 0.000000 0.000000 0.000000 0.000000 0.000000
2.282816 0.000000 0.068274 0.021667 0.010990 0.945160 0.001618 0.247858 0.005513 0.174179 -0.018084 -0.000372 0.893544 0.001402 0.236808 -0.007826 -0.358567 0.491528 -0.034743 0.597325 0.106912 0.127401 0.050683 -0.020720 -0.261219 -0.125665 0.448661 0.129417 0.074605 -0.074033 -1.068206 0.634595 -0.011824 -0.122469 0.111888 -0.083524 0.060168 -0.502885 -0.391511 -0.151234 -0.196342 0.124746 -0.110513 -0.083417 5.236095 2.080999 -18.366722 1.593098 -1.186585 -9.595309 5.236095 2.080999 -10.518722 1.593098 -1.186585 -1.747309 0.000000 0.000000 -7.848000 0.000000 0.000000 -7.848000 0.000000 0.000000 0.000000 0.000000 0.000000 0.000000 0.000000 0.000000 0.000000 0.000000 0.000000 0.000000 0.000000 0.000000 0.000000 0.000000 0.000000 0.000000 0.000000 0.000000 0.000000 0.000000 0.000000 0.000000
2.318321 0.000000 0.068586 0.021548 0.010966 0.944021 0.001606 0.247618 0.005477 0.174131 -0.018060 -0.000276 0.890224 0.001378 0.236005 -0.007802 -0.319644 0.476252 -0.038172 0.672990 0.110230 0.149804 0.048271 0.007195 -0.271313 -0.122570 0.457808 0.127919 0.095733 -0.075899 -1.030279 0.618936 -0.015311 -0.048313 0.115177 -0.061826 0.057705 -0.480873 -0.401359 -0.148216 -0.193254 0.123260 -0.092137 -0.085261 5.420714 2.098067 -19.567325 1.516881 -1.198614 -9.452599 5.420714 2.098067 -11.719325 1.516881 -1.198614 -1.604599 0.000000 0.000000 -7.848000 0.000000 0.000000 -7.848000 0.000000 0.000000 0.000000 0.000000 0.000000 0.000000 0.000000 0.000000 0.000000 0.000000 0.000000 0.000000 0.000000 0.000000 0.000000 0.000000 0.000000 0.000000 0.000000 0.000000 0.000000 0.000000 0.000000 0.000000
2.351194 0.000000 0.069017 0.021500 0.010966 0.943111 0.001594 0.247474 0.005465 0.174263 -0.018024 -0.000240 0.888463 0.001402 0.235933 -0.007802 -0.233265 0.511434 -0.027852 0.731469 0.114414 0.173400 0.051264 0.018997 -0.267383 -0.119972 0.427151 0.126650 0.113147 -0.075621 -0.944122 0.653987 -0.004985 0.009273 0.119351 -0.038648 0.060680 -0.471508 -0.397264 -0.145641 -0.226642 0.121997 -0.075850 -0.084967 5.278266 2.200112 -19.867017 1.374759 -1.150687 -8.735449 5.278266 2.200112 -12.019017 1.374759 -1.150687 -0.887449 0.000000 0.000000 -7.848000 0.000000 0.000000 -7.848000 0.000000 0.000000 0.000000 0.000000 0.000000 0.000000 0.000000 0.000000 0.000000 0.000000 0.000000 0.000000 0.000000 0.000000 0.000000 0.000000 0.000000 0.000000 0.000000 0.000000 0.000000 0.000000 0.000000 0.000000
2.377771 0.000000 0.070168 0.021464 0.010918 0.939923 0.001582 0.247283 0.005465 0.174083 -0.018012 -0.000192 0.884915 0.001366 0.234747 -0.007790 -0.238244 0.511408 -0.027780 0.731576 0.116365 0.179486 0.050840 0.061728 -0.260303 -0.117246 0.438696 0.134452 0.120510 -0.076422 -0.950745 0.653855 -0.004784 0.005904 0.121300 -0.034045 0.060251 -0.435659 -0.390004 -0.143017 -0.221978 0.129812 -0.071722 -0.085756 5.284191 2.197358 -19.786133 1.237916 -1.112706 -8.431516 5.284191 2.197358 -11.938133 1.237916 -1.112706 -0.583516 0.000000 0.000000 -7.848000 0.000000 0.000000 -7.848000 0.000000 0.000000 0.000000 0.000000 0.000000 0.000000 0.000000 0.000000 0.000000 0.000000 0.000000 0.000000 0.000000 0.000000 0.000000 0.000000 0.000000 0.000000 0.000000 0.000000 0.000000 0.000000 0.000000 0.000000
2.406430 0.000000 0.071054 0.021284 0.010894 0.934494 0.001582 0.246695 0.005453 0.173867 -0.018000 -0.000180 0.883585 0.001390 0.233333 -0.007790 -0.210210 0.496364 -0.029243 0.752699 0.109035 0.196556 0.049704 0.073400 -0.273298 -0.117319 0.479732 0.141357 0.122196 -0.078185 -0.928850 0.638280 -0.006183 0.019287 0.113940 -0.020341 0.059060 -0.427623 -0.402888 -0.143124 -0.184392 0.136740 -0.071981 -0.087504 5.227089 2.150771 -19.667712 1.326640 -1.173289 -9.069028 5.227089 2.150771 -11.819712 1.326640 -1.173289 -1.221028 0.000000 0.000000 -7.848000 0.000000 0.000000 -7.848000 0.000000 0.000000 0.000000 0.000000 0.000000 0.000000 0.000000 0.000000 0.000000 0.000000 0.000000 0.000000 0.000000 0.000000 0.000000 0.000000 0.000000 0.000000 0.000000 0.000000 0.000000 0.000000 0.000000 0.000000
2.446641 0.000000 0.071078 0.021308 0.010894 0.933080 0.001570 0.246384 0.005453 0.173891 -0.018024 -0.000180 0.883058 0.001438 0.232901 -0.007790 -0.146976 0.496386 -0.025272 0.782665 0.113553 0.221790 0.050593 0.135490 -0.275979 -0.114151 0.532156 0.137342 0.124405 -0.076782 -0.867922 0.638370 -0.002133 0.046816 0.118459 0.003785 0.059954 -0.366561 -0.405621 -0.140005 -0.133076 0.132729 -0.070388 -0.086101 5.055312 2.146832 -19.562883 1.229852 -1.187080 -9.394723 5.055312 2.146832 -11.714883 1.229852 -1.187080 -1.546723 0.000000 0.000000 -7.848000 0.000000 0.000000 -7.848000 0.000000 0.000000 0.000000 0.000000 0.000000 0.000000 0.000000 0.000000 0.000000 0.000000 0.000000 0.000000 0.000000 0.000000 0.000000 0.000000 0.000000 0.000000 0.000000 0.000000 0.000000 0.000000 0.000000 0.000000
2.470308 0.000000 0.071054 0.021308 0.010894 0.930755 0.001606 0.245916 0.005465 0.173867 -0.018012 -0.000156 0.882219 0.001414 0.231535 -0.007790 -0.138609 0.488662 -0.028310 0.789860 0.115070 0.234154 0.049057 0.152506 -0.282362 -0.113705 0.565435 0.135224 0.118642 -0.077990 -0.863504 0.630652 -0.005083 0.049940 0.119978 0.014317 0.058428 -0.351802 -0.411922 -0.139587 -0.102106 0.130630 -0.077617 -0.087305 5.049310 2.124023 -19.521554 1.265512 -1.221086 -9.802587 5.049310 2.124023 -11.673554 1.265512 -1.221086 -1.954587 0.000000 0.000000 -7.848000 0.000000 0.000000 -7.848000 0.000000 0.000000 0.000000 0.000000 0.000000 0.000000 0.000000 0.000000 0.000000 0.000000 0.000000 0.000000 0.000000 0.000000 0.000000 0.000000 0.000000 0.000000 0.000000 0.000000 0.000000 0.000000 0.000000 0.000000
2.495120 0.000000 0.071054 0.021284 0.010882 0.929317 0.001582 0.245796 0.005441 0.173867 -0.018012 -0.000168 0.881799 0.001390 0.231032 -0.007790 -0.138962 0.472137 -0.034073 0.779734 0.116226 0.245228 0.048073 0.161119 -0.294968 -0.115920 0.602032 0.141030 0.112152 -0.078370 -0.866150 0.614028 -0.010819 0.037431 0.121124 0.024378 0.057424 -0.344166 -0.424532 -0.141826 -0.066527 0.136440 -0.084714 -0.087689 4.995347 2.066542 -19.248582 1.347289 -1.279843 -10.381149 4.995347 2.066542 -11.400582 1.347289 -1.279843 -2.533149 0.000000 0.000000 -7.848000 0.000000 0.000000 -7.848000 0.000000 0.000000 0.000000 0.000000 0.000000 0.000000 0.000000 0.000000 0.000000 0.000000 0.000000 0.000000 0.000000 0.000000 0.000000 0.000000 0.000000 0.000000 0.000000 0.000000 0.000000 0.000000 0.000000 0.000000
2.531046 0.000000 0.071174 0.021068 0.010822 0.924199 0.001582 0.244982 0.005441 0.173975 -0.018024 -0.000156 0.880002 0.001366 0.229522 -0.007778 -0.084280 0.482492 -0.027659 0.798008 0.119183 0.257000 0.052389 0.188181 -0.297146 -0.114412 0.652779 0.137403 0.091480 -0.079741 -0.819507 0.623678 -0.004424 0.047174 0.124041 0.032373 0.061669 -0.320559 -0.426700 -0.140415 -0.019542 0.132829 -0.107492 -0.089062 4.808120 2.069137 -18.800238 1.390790 -1.310473 -10.930654 4.808120 2.069137 -10.952238 1.390790 -1.310473 -3.082654 0.000000 0.000000 -7.848000 0.000000 0.000000 -7.848000 0.000000 0.000000 0.000000 0.000000 0.000000 0.000000 0.000000 0.000000 0.000000 0.000000 0.000000 0.000000 0.000000 0.000000 0.000000 0.000000 0.000000 0.000000 0.000000 0.000000 0.000000 0.000000 0.000000 0.000000
2.563432 0.000000 0.071150 0.021032 0.010798 0.923181 0.001582 0.244047 0.005429 0.173963 -0.017988 -0.000132 0.879043 0.001354 0.229066 -0.007778 -0.048785 0.474151 -0.017999 0.818135 0.120843 0.262365 0.055399 0.179670 -0.294083 -0.111031 0.686761 0.144975 0.082420 -0.079942 -0.786232 0.615200 0.005247 0.065031 0.125680 0.036457 0.064662 -0.330903 -0.423486 -0.137029 0.012557 0.140410 -0.117488 -0.089250 4.728501 2.054680 -18.777392 1.533726 -1.333580 -11.599217 4.728501 2.054680 -10.929392 1.533726 -1.333580 -3.751217 0.000000 0.000000 -7.848000 0.000000 0.000000 -7.848000 0.000000 0.000000 0.000000 0.000000 0.000000 0.000000 0.000000 0.000000 0.000000 0.000000 0.000000 0.000000 0.000000 0.000000 0.000000 0.000000 0.000000 0.000000 0.000000 0.000000 0.000000 0.000000 0.000000 0.000000
2.604002 0.000000 0.071174 0.021020 0.010786 0.919586 0.001582 0.241794 0.005417 0.174059 -0.018024 -0.000108 0.874836 0.001378 0.227748 -0.007766 -0.018329 0.493431 -0.002694 0.821812 0.122943 0.255805 0.057815 0.208907 -0.292192 -0.108756 0.710603 0.153004 0.062694 -0.080346 -0.762625 0.634421 0.020696 0.061549 0.127746 0.026124 0.067068 -0.308805 -0.421585 -0.134948 0.028822 0.148448 -0.140779 -0.089653 4.596131 2.089682 -18.323370 1.484915 -1.323349 -11.542849 4.596131 2.089682 -10.475370 1.484915 -1.323349 -3.694849 0.000000 0.000000 -7.848000 0.000000 0.000000 -7.848000 0.000000 0.000000 0.000000 0.000000 0.000000 0.000000 0.000000 0.000000 0.000000 0.000000 0.000000 0.000000 0.000000 0.000000 0.000000 0.000000 0.000000 0.000000 0.000000 0.000000 0.000000 0.000000 0.000000 0.000000
2.635030 0.000000 0.071174 0.020936 0.010786 0.914948 0.001582 0.241015 0.005393 0.173747 -0.017988 -0.000084 0.871721 0.001438 0.226598 -0.007802 0.007516 0.480853 -0.010598 0.805007 0.123398 0.251584 0.056382 0.219898 -0.290097 -0.110146 0.732638 0.147705 0.058269 -0.084210 -0.744368 0.621575 0.012880 0.036856 0.128179 0.018403 0.065599 -0.304349 -0.419256 -0.136393 0.044540 0.143165 -0.148196 -0.093496 4.363792 2.008612 -17.446171 1.517564 -1.330340 -11.728929 4.363792 2.008612 -9.598171 1.517564 -1.330340 -3.880929 0.000000 0.000000 -7.848000 0.000000 0.000000 -7.848000 0.000000 0.000000 0.000000 0.000000 0.000000 0.000000 0.000000 0.000000 0.000000 0.000000 0.000000 0.000000 0.000000 0.000000 0.000000 0.000000 0.000000 0.000000 0.000000 0.000000 0.000000 0.000000 0.000000 0.000000
2.661889 0.000000 0.071150 0.020889 0.010786 0.913366 0.001570 0.240080 0.005393 0.173759 -0.017988 -0.000036 0.869959 0.001354 0.226394 -0.007766 0.013711 0.500862 -0.007671 0.788722 0.124757 0.230442 0.058732 0.261408 -0.250425 -0.098956 0.747016 0.145274 0.054582 -0.081907 -0.741243 0.641435 0.015824 0.017416 0.129518 -0.004379 0.067931 -0.265689 -0.379499 -0.125255 0.055938 0.140734 -0.153160 -0.091191 4.246146 2.032346 -16.921836 1.376818 -1.211322 -11.469819 4.246146 2.032346 -9.073836 1.376818 -1.211322 -3.621819 0.000000 0.000000 -7.848000 0.000000 0.000000 -7.848000 0.000000 0.000000 0.000000 0.000000 0.000000 0.000000 0.000000 0.000000 0.000000 0.000000 0.000000 0.000000 0.000000 0.000000 0.000000 0.000000 0.000000 0.000000 0.000000 0.000000 0.000000 0.000000 0.000000 0.000000
2.688753 0.000000 0.071150 0.020853 0.010822 0.910154 0.001546 0.238402 0.005381 0.173723 -0.017952 -0.000024 0.864147 0.001366 0.225939 -0.007778 0.072574 0.499312 -0.009826 0.814122 0.133705 0.231525 0.058840 0.231836 -0.274128 -0.104873 0.699684 0.149976 0.041463 -0.084045 -0.688321 0.639799 0.013768 0.036635 0.138435 -0.006448 0.068019 -0.304731 -0.402960 -0.131324 -0.001190 0.145436 -0.170399 -0.093310 4.063386 2.011384 -16.631106 1.363623 -1.240664 -10.736330 4.063386 2.011384 -8.783106 1.363623 -1.240664 -2.888330 0.000000 0.000000 -7.848000 0.000000 0.000000 -7.848000 0.000000 0.000000 0.000000 0.000000 0.000000 0.000000 0.000000 0.000000 0.000000 0.000000 0.000000 0.000000 0.000000 0.000000 0.000000 0.000000 0.000000 0.000000 0.000000 0.000000 0.000000 0.000000 0.000000 0.000000
2.722105 0.000000 0.071150 0.020865 0.010822 0.909111 0.001558 0.238270 0.005381 0.173663 -0.017904 -0.000024 0.862409 0.001354 0.225651 -0.007754 0.068387 0.497677 -0.013651 0.796429 0.132914 0.220512 0.058649 0.265840 -0.254236 -0.100613 0.684335 0.145691 0.034989 -0.084579 -0.694179 0.638198 0.009993 0.017204 0.137646 -0.018218 0.067833 -0.273799 -0.382878 -0.127068 -0.019638 0.141162 -0.178233 -0.093821 3.987550 1.985824 -16.240924 1.163045 -1.153119 -10.031405 3.987550 1.985824 -8.392924 1.163045 -1.153119 -2.183405 0.000000 0.000000 -7.848000 0.000000 0.000000 -7.848000 0.000000 0.000000 0.000000 0.000000 0.000000 0.000000 0.000000 0.000000 0.000000 0.000000 0.000000 0.000000 0.000000 0.000000 0.000000 0.000000 0.000000 0.000000 0.000000 0.000000 0.000000 0.000000 0.000000 0.000000
2.750301 0.000000 0.071150 0.020685 0.010798 0.904234 0.001558 0.237767 0.005381 0.172944 -0.017629 0.000060 0.858586 0.001390 0.224896 -0.007754 0.082199 0.486130 -0.018358 0.782084 0.131819 0.216761 0.057506 0.344471 -0.265349 -0.106160 0.693144 0.141713 0.050094 -0.088174 -0.688112 0.626083 0.005274 -0.005186 0.136523 -0.025428 0.066630 -0.203764 -0.392936 -0.132390 -0.018634 0.137237 -0.166565 -0.097301 3.832679 1.919642 -15.590757 0.872955 -1.142084 -9.363160 3.832679 1.919642 -7.742757 0.872955 -1.142084 -1.515160 0.000000 0.000000 -7.848000 0.000000 0.000000 -7.848000 0.000000 0.000000 0.000000 0.000000 0.000000 0.000000 0.000000 0.000000 0.000000 0.000000 0.000000 0.000000 0.000000 0.000000 0.000000 0.000000 0.000000 0.000000 0.000000 0.000000 0.000000 0.000000 0.000000 0.000000
2.799372 0.000000 0.071150 0.020601 0.010774 0.902460 0.001546 0.237324 0.005345 0.173040 -0.017569 0.000084 0.856249 0.001366 0.224932 -0.007742 0.080954 0.498578 -0.002833 0.764895 0.131456 0.213292 0.058434 0.332012 -0.253956 -0.104166 0.637741 0.136822 0.060120 -0.086547 -0.692330 0.638239 0.020777 -0.025463 0.136134 -0.030320 0.067516 -0.219554 -0.381306 -0.130406 -0.077643 0.132350 -0.157977 -0.095652 3.759240 1.941535 -15.209344 0.749220 -1.071528 -8.479786 3.759240 1.941535 -7.361344 0.749220 -1.071528 -0.631786 0.000000 0.000000 -7.848000 0.000000 0.000000 -7.848000 0.000000 0.000000 0.000000 0.000000 0.000000 0.000000 0.000000 0.000000 0.000000 0.000000 0.000000 0.000000 0.000000 0.000000 0.000000 0.000000 0.000000 0.000000 0.000000 0.000000 0.000000 0.000000 0.000000 0.000000
2.831233 0.000000 0.071114 0.020673 0.010786 0.900615 0.001546 0.236521 0.005381 0.173016 -0.016970 0.000264 0.849694 0.001402 0.224489 -0.007742 0.120049 0.515744 -0.003640 0.818867 0.141477 0.226500 0.060286 0.350055 -0.231722 -0.101796 0.586519 0.144632 0.071331 -0.087454 -0.656634 0.655634 0.020117 0.025026 0.146165 -0.018834 0.069401 -0.212104 -0.357009 -0.127558 -0.139775 0.140251 -0.151333 -0.096343 3.840217 2.012766 -15.823260 0.509682 -0.953762 -7.303290 3.840217 2.012766 -7.975260 0.509682 -0.953762 0.544710 0.000000 0.000000 -7.848000 0.000000 0.000000 -7.848000 0.000000 0.000000 0.000000 0.000000 0.000000 0.000000 0.000000 0.000000 0.000000 0.000000 0.000000 0.000000 0.000000 0.000000 0.000000 0.000000 0.000000 0.000000 0.000000 0.000000 0.000000 0.000000 0.000000 0.000000
2.883545 0.000000 0.071174 0.020553 0.010738 0.896720 0.001546 0.236269 0.005357 0.173004 -0.016227 0.000443 0.844145 0.001390 0.223997 -0.007718 0.091313 0.513542 -0.009269 0.833868 0.154516 0.238987 0.059896 0.338834 -0.188489 -0.093530 0.537289 0.139491 0.091371 -0.086677 -0.691260 0.653014 0.014497 0.033817 0.159182 -0.008966 0.068964 -0.232343 -0.311324 -0.118614 -0.198281 0.135226 -0.135221 -0.095304 4.073137 2.028367 -16.311529 0.399865 -0.804206 -6.510353 4.073137 2.028367 -8.463529 0.399865 -0.804206 1.337647 0.000000 0.000000 -7.848000 0.000000 0.000000 -7.848000 0.000000 0.000000 0.000000 0.000000 0.000000 0.000000 0.000000 0.000000 0.000000 0.000000 0.000000 0.000000 0.000000 0.000000 0.000000 0.000000 0.000000 0.000000 0.000000 0.000000 0.000000 0.000000 0.000000 0.000000
2.922087 0.000000 0.071150 0.020517 0.010762 0.894131 0.001534 0.235814 0.005333 0.172357 -0.015879 0.000503 0.842791 0.001378 0.223362 -0.007706 0.120723 0.516677 -0.010605 0.856506 0.149685 0.247087 0.060182 0.387660 -0.201368 -0.101341 0.542511 0.135273 0.107958 -0.090555 -0.666117 0.656048 0.013216 0.052052 0.154337 -0.002829 0.069228 -0.187961 -0.323036 -0.126037 -0.196650 0.131071 -0.120327 -0.099054 4.036737 2.034809 -16.358315 0.220848 -0.819106 -6.172874 4.036737 2.034809 -8.510315 0.220848 -0.819106 1.675126 0.000000 0.000000 -7.848000 0.000000 0.000000 -7.848000 0.000000 0.000000 0.000000 0.000000 0.000000 0.000000 0.000000 0.000000 0.000000 0.000000 0.000000 0.000000 0.000000 0.000000 0.000000 0.000000 0.000000 0.000000 0.000000 0.000000 0.000000 0.000000 0.000000 0.000000
2.976814 0.000000 0.071246 0.020505 0.010774 0.887863 0.001546 0.234328 0.005345 0.171075 -0.015328 0.000539 0.840454 0.001414 0.222128 -0.007694 0.142311 0.504400 -0.016763 0.843834 0.143801 0.266689 0.062831 0.434723 -0.194222 -0.092407 0.593853 0.130833 0.130194 -0.098253 -0.654621 0.643737 0.007280 0.028736 0.148442 0.011881 0.071878 -0.149123 -0.314063 -0.116484 -0.151841 0.126736 -0.101202 -0.106540 3.859457 1.967121 -15.686135 0.202614 -0.810148 -6.627472 3.859457 1.967121 -7.838135 0.202614 -0.810148 1.220528 0.000000 0.000000 -7.848000 0.000000 0.000000 -7.848000 0.000000 0.000000 0.000000 0.000000 0.000000 0.000000 0.000000 0.000000 0.000000 0.000000 0.000000 0.000000 0.000000 0.000000 0.000000 0.000000 0.000000 0.000000 0.000000 0.000000 0.000000 0.000000 0.000000 0.000000
3.012273 0.000000 0.071090 0.020541 0.010798 0.879007 0.001522 0.232614 0.005345 0.171087 -0.014477 0.000671 0.836115 0.001414 0.221253 -0.007682 0.146831 0.517830 -0.013948 0.792941 0.141749 0.259007 0.063778 0.458760 -0.147430 -0.077423 0.605571 0.129940 0.142888 -0.095692 -0.664914 0.657255 0.010442 -0.037329 0.146381 -0.002620 0.072828 -0.132372 -0.264601 -0.100659 -0.147627 0.125977 -0.091871 -0.103690 3.579169 1.936201 -14.354039 0.131999 -0.675327 -6.539468 3.579169 1.936201 -6.506039 0.131999 -0.675327 1.308532 0.000000 0.000000 -7.848000 0.000000 0.000000 -7.848000 0.000000 0.000000 0.000000 0.000000 0.000000 0.000000 0.000000 0.000000 0.000000 0.000000 0.000000 0.000000 0.000000 0.000000 0.000000 0.000000 0.000000 0.000000 0.000000 0.000000 0.000000 0.000000 0.000000 0.000000
3.052154 0.000000 0.071114 0.020553 0.010786 0.877113 0.001510 0.232278 0.005345 0.171063 -0.014141 0.000731 0.834749 0.001414 0.220845 -0.007658 0.171418 0.536188 -0.013024 0.788349 0.139567 0.278928 0.064026 0.442811 -0.113387 -0.066025 0.625212 0.141142 0.153732 -0.094359 -0.643299 0.675627 0.011446 -0.045048 0.144198 0.015901 0.073077 -0.150785 -0.229494 -0.088912 -0.130475 0.137236 -0.082187 -0.102236 3.442462 1.962072 -14.028426 0.264390 -0.605195 -7.012270 3.442462 1.962072 -6.180426 0.264390 -0.605195 0.835730 0.000000 0.000000 -7.848000 0.000000 0.000000 -7.848000 0.000000 0.000000 0.000000 0.000000 0.000000 0.000000 0.000000 0.000000 0.000000 0.000000 0.000000 0.000000 0.000000 0.000000 0.000000 0.000000 0.000000 0.000000 0.000000 0.000000 0.000000 0.000000 0.000000 0.000000
3.076277 0.000000 0.071090 0.020481 0.010762 0.871816 0.001498 0.229054 0.005321 0.171135 -0.012895 0.000803 0.829392 0.001378 0.219120 -0.007670 0.180585 0.515008 -0.019539 0.794413 0.130220 0.256136 0.063348 0.440907 -0.105519 -0.066013 0.622737 0.138295 0.153889 -0.097532 -0.644089 0.654177 0.005067 -0.049298 0.134794 -0.012298 0.072361 -0.161905 -0.217901 -0.087649 -0.142521 0.134578 -0.086551 -0.105007 3.401004 1.891934 -13.758638 0.268529 -0.576156 -6.904311 3.401004 1.891934 -5.910638 0.268529 -0.576156 0.943689 0.000000 0.000000 -7.848000 0.000000 0.000000 -7.848000 0.000000 0.000000 0.000000 0.000000 0.000000 0.000000 0.000000 0.000000 0.000000 0.000000 0.000000 0.000000 0.000000 0.000000 0.000000 0.000000 0.000000 0.000000 0.000000 0.000000 0.000000 0.000000 0.000000 0.000000
3.103584 0.000000 0.071126 0.020421 0.010762 0.870522 0.001486 0.228395 0.005297 0.171171 -0.012739 0.000815 0.826924 0.001378 0.218928 -0.007646 0.159592 0.535027 -0.007384 0.805988 0.130317 0.241400 0.065721 0.440386 -0.081309 -0.060734 0.617534 0.136256 0.161282 -0.096629 -0.667311 0.674007 0.017210 -0.040095 0.134868 -0.028247 0.074705 -0.166235 -0.193185 -0.082254 -0.151726 0.132565 -0.080847 -0.104044 3.572810 1.967930 -14.109745 0.252495 -0.509497 -6.797708 3.572810 1.967930 -6.261745 0.252495 -0.509497 1.050292 0.000000 0.000000 -7.848000 0.000000 0.000000 -7.848000 0.000000 0.000000 0.000000 0.000000 0.000000 0.000000 0.000000 0.000000 0.000000 0.000000 0.000000 0.000000 0.000000 0.000000 0.000000 0.000000 0.000000 0.000000 0.000000 0.000000 0.000000 0.000000 0.000000 0.000000
3.147003 0.000000 0.071174 0.020433 0.010750 0.864578 0.001486 0.227161 0.005297 0.171243 -0.012128 0.000887 0.817288 0.001330 0.217574 -0.007610 0.137374 0.531154 -0.001392 0.793400 0.129670 0.220610 0.065611 0.463548 -0.052674 -0.058847 0.572321 0.132661 0.177331 -0.099985 -0.698988 0.670131 0.023426 -0.062594 0.134214 -0.053534 0.074597 -0.158469 -0.162557 -0.079899 -0.213006 0.129058 -0.071802 -0.107185 3.613103 1.953345 -13.847114 0.006294 -0.391329 -5.760180 3.613103 1.953345 -5.999114 0.006294 -0.391329 2.087820 0.000000 0.000000 -7.848000 0.000000 0.000000 -7.848000 0.000000 0.000000 0.000000 0.000000 0.000000 0.000000 0.000000 0.000000 0.000000 0.000000 0.000000 0.000000 0.000000 0.000000 0.000000 0.000000 0.000000 0.000000 0.000000 0.000000 0.000000 0.000000 0.000000 0.000000
3.191880 0.000000 0.071150 0.020337 0.010702 0.855614 0.001486 0.224764 0.005273 0.170571 -0.009995 0.001762 0.805640 0.001330 0.216231 -0.007550 0.165129 0.559394 0.014835 0.845051 0.130276 0.236069 0.066839 0.463085 0.107884 -0.025960 0.522026 0.132966 0.203818 -0.092531 -0.686042 0.697988 0.039865 -0.026303 0.134777 -0.045221 0.075781 -0.179693 0.005349 -0.044597 -0.283587 0.129700 -0.054020 -0.098955 3.750664 2.053279 -14.273554 -0.184357 0.067159 -4.819237 3.750664 2.053279 -6.425554 -0.184357 0.067159 3.028763 0.000000 0.000000 -7.848000 0.000000 0.000000 -7.848000 0.000000 0.000000 0.000000 0.000000 0.000000 0.000000 0.000000 0.000000 0.000000 0.000000 0.000000 0.000000 0.000000 0.000000 0.000000 0.000000 0.000000 0.000000 0.000000 0.000000 0.000000 0.000000 0.000000 0.000000
3.228001 0.000000 0.071090 0.020325 0.010702 0.851947 0.001462 0.223578 0.005261 0.168510 -0.008317 0.002169 0.802536 0.001378 0.214697 -0.007502 0.189508 0.547579 0.015461 0.874946 0.129542 0.250043 0.063994 0.499992 0.110250 -0.028025 0.562520 0.141241 0.231568 -0.098924 -0.667967 0.686108 0.040607 -0.002870 0.134024 -0.034320 0.072921 -0.154651 0.013239 -0.044563 -0.252078 0.138256 -0.030481 -0.104729 3.777301 2.034399 -14.472825 -0.182795 0.067354 -5.194024 3.777301 2.034399 -6.624825 -0.182795 0.067354 2.653976 0.000000 0.000000 -7.848000 0.000000 0.000000 -7.848000 0.000000 0.000000 0.000000 0.000000 0.000000 0.000000 0.000000 0.000000 0.000000 0.000000 0.000000 0.000000 0.000000 0.000000 0.000000 0.000000 0.000000 0.000000 0.000000 0.000000 0.000000 0.000000 0.000000 0.000000
3.265752 0.000000 0.071366 0.020181 0.010666 0.849286 0.001486 0.223494 0.005237 0.168235 -0.007958 0.002337 0.801181 0.001342 0.214326 -0.007502 0.191947 0.544708 0.018078 0.865343 0.129324 0.246217 0.065072 0.545805 0.140817 -0.020305 0.554241 0.149157 0.239667 -0.099016 -0.668708 0.682776 0.043161 -0.016198 0.133785 -0.039693 0.073950 -0.111961 0.045065 -0.036399 -0.263135 0.146226 -0.023645 -0.104696 3.709134 2.014760 -14.194750 -0.421743 0.175657 -4.648810 3.709134 2.014760 -6.346750 -0.421743 0.175657 3.199190 0.000000 0.000000 -7.848000 0.000000 0.000000 -7.848000 0.000000 0.000000 0.000000 0.000000 0.000000 0.000000 0.000000 0.000000 0.000000 0.000000 0.000000 0.000000 0.000000 0.000000 0.000000 0.000000 0.000000 0.000000 0.000000 0.000000 0.000000 0.000000 0.000000 0.000000
3.317861 0.000000 0.071438 0.020169 0.010678 0.840178 0.001438 0.221816 0.005237 0.168043 -0.007958 0.002409 0.796759 0.001354 0.212852 -0.007490 0.172942 0.556768 0.026195 0.790883 0.129419 0.226680 0.067806 0.579733 0.155324 -0.035954 0.576312 0.157437 0.238949 -0.105250 -0.701886 0.694761 0.051578 -0.105510 0.133862 -0.065903 0.076668 -0.086147 0.059760 -0.052102 -0.249210 0.154514 -0.028214 -0.110912 3.427105 1.982906 -12.787352 -0.493052 0.195601 -4.664066 3.427105 1.982906 -4.939352 -0.493052 0.195601 3.183934 0.000000 0.000000 -7.848000 0.000000 0.000000 -7.848000 0.000000 0.000000 0.000000 0.000000 0.000000 0.000000 0.000000 0.000000 0.000000 0.000000 0.000000 0.000000 0.000000 0.000000 0.000000 0.000000 0.000000 0.000000 0.000000 0.000000 0.000000 0.000000 0.000000 0.000000
3.364318 0.000000 0.071234 0.020265 0.010726 0.833419 0.001438 0.218005 0.005261 0.167911 -0.007993 0.002397 0.793140 0.001378 0.210239 -0.007478 0.231519 0.567910 0.033216 0.813303 0.129605 0.204776 0.069898 0.588786 0.184608 -0.032134 0.602976 0.149456 0.218866 -0.104158 -0.656034 0.706190 0.058963 -0.096020 0.134020 -0.094477 0.078792 -0.084489 0.089021 -0.048391 -0.230046 0.146544 -0.052313 -0.109814 3.216461 1.993694 -12.347114 -0.457535 0.257213 -4.874390 3.216461 1.993694 -4.499114 -0.457535 0.257213 2.973610 0.000000 0.000000 -7.848000 0.000000 0.000000 -7.848000 0.000000 0.000000 0.000000 0.000000 0.000000 0.000000 0.000000 0.000000 0.000000 0.000000 0.000000 0.000000 0.000000 0.000000 0.000000 0.000000 0.000000 0.000000 0.000000 0.000000 0.000000 0.000000 0.000000 0.000000
3.400659 0.000000 0.070935 0.020050 0.010582 0.829548 0.001450 0.217058 0.005225 0.168091 -0.007993 0.002385 0.787663 0.001378 0.208262 -0.007478 0.237482 0.561111 0.032567 0.809884 0.129276 0.198840 0.067282 0.572109 0.195166 -0.032610 0.579801 0.144360 0.196622 -0.107125 -0.657146 0.698558 0.058176 -0.106316 0.133642 -0.103562 0.076089 -0.110033 0.099640 -0.048981 -0.262728 0.141451 -0.079144 -0.112775 3.162171 1.961282 -12.105603 -0.476679 0.289980 -4.534711 3.162171 1.961282 -4.257603 -0.476679 0.289980 3.313289 0.000000 0.000000 -7.848000 0.000000 0.000000 -7.848000 0.000000 0.000000 0.000000 0.000000 0.000000 0.000000 0.000000 0.000000 0.000000 0.000000 0.000000 0.000000 0.000000 0.000000 0.000000 0.000000 0.000000 0.000000 0.000000 0.000000 0.000000 0.000000 0.000000 0.000000
3.435497 0.000000 0.071090 0.019942 0.010606 0.827091 0.001450 0.216986 0.005189 0.168127 -0.007993 0.002421 0.784943 0.001342 0.207771 -0.007490 0.224888 0.531234 0.023942 0.810218 0.128254 0.199719 0.065008 0.605445 0.201642 -0.034477 0.581691 0.140426 0.186487 -0.109990 -0.672908 0.668379 0.049514 -0.109513 0.132601 -0.104149 0.073771 -0.080952 0.106192 -0.050892 -0.265319 0.137512 -0.091275 -0.115645 3.215345 1.884872 -12.142967 -0.627698 0.317484 -4.222237 3.215345 1.884872 -4.294967 -0.627698 0.317484 3.625763 0.000000 0.000000 -7.848000 0.000000 0.000000 -7.848000 0.000000 0.000000 0.000000 0.000000 0.000000 0.000000 0.000000 0.000000 0.000000 0.000000 0.000000 0.000000 0.000000 0.000000 0.000000 0.000000 0.000000 0.000000 0.000000 0.000000 0.000000 0.000000 0.000000 0.000000
3.480366 0.000000 0.071162 0.019870 0.010582 0.819170 0.001462 0.216543 0.005165 0.167767 -0.007993 0.002397 0.775943 0.001366 0.205685 -0.007466 0.189538 0.562258 0.034730 0.755327 0.129035 0.211303 0.068321 0.622051 0.233407 -0.012015 0.512067 0.137060 0.162044 -0.109017 -0.719787 0.699118 0.060469 -0.176501 0.133372 -0.097662 0.077053 -0.080030 0.138135 -0.028564 -0.350720 0.134151 -0.122878 -0.114642 3.153444 1.934737 -11.451193 -0.976122 0.468387 -2.866241 3.153444 1.934737 -3.603193 -0.976122 0.468387 4.981759 0.000000 0.000000 -7.848000 0.000000 0.000000 -7.848000 0.000000 0.000000 0.000000 0.000000 0.000000 0.000000 0.000000 0.000000 0.000000 0.000000 0.000000 0.000000 0.000000 0.000000 0.000000 0.000000 0.000000 0.000000 0.000000 0.000000 0.000000 0.000000 0.000000 0.000000
3.540860 0.000000 0.070887 0.020002 0.010666 0.813118 0.001438 0.213607 0.005177 0.165262 -0.007970 0.002397 0.766559 0.001330 0.202989 -0.007478 0.289180 0.553981 0.035579 0.886024 0.128747 0.207375 0.072990 0.593676 0.252068 0.005111 0.435681 0.151874 0.118895 -0.106811 -0.631372 0.691261 0.061686 -0.057071 0.133069 -0.107250 0.081758 -0.131133 0.157296 -0.011407 -0.446923 0.148974 -0.175047 -0.112387 3.267418 1.966595 -12.462558 -1.153017 0.570329 -1.771966 3.267418 1.966595 -4.614558 -1.153017 0.570329 6.076034 0.000000 0.000000 -7.848000 0.000000 0.000000 -7.848000 0.000000 0.000000 0.000000 0.000000 0.000000 0.000000 0.000000 0.000000 0.000000 0.000000 0.000000 0.000000 0.000000 0.000000 0.000000 0.000000 0.000000 0.000000 0.000000 0.000000 0.000000 0.000000 0.000000 0.000000
3.580420 0.000000 0.070887 0.020014 0.010666 0.812602 0.001450 0.213151 0.005177 0.163884 -0.007993 0.002397 0.765301 0.001390 0.202366 -0.007454 0.289994 0.567102 0.040736 0.906951 0.129110 0.207303 0.076508 0.573720 0.262658 0.013637 0.436957 0.158768 0.113459 -0.107717 -0.631565 0.704414 0.066879 -0.037192 0.133428 -0.107914 0.085282 -0.157287 0.168009 -0.002841 -0.449989 0.155883 -0.182471 -0.113260 3.373459 2.019058 -12.777316 -1.064020 0.595267 -1.918047 3.373459 2.019058 -4.929316 -1.064020 0.595267 5.929953 0.000000 0.000000 -7.848000 0.000000 0.000000 -7.848000 0.000000 0.000000 0.000000 0.000000 0.000000 0.000000 0.000000 0.000000 0.000000 0.000000 0.000000 0.000000 0.000000 0.000000 0.000000 0.000000 0.000000 0.000000 0.000000 0.000000 0.000000 0.000000 0.000000 0.000000
3.623490 0.000000 0.071150 0.019786 0.010582 0.807941 0.001438 0.212816 0.005129 0.160673 -0.008017 0.002385 0.762700 0.001414 0.201335 -0.007466 0.245549 0.565842 0.040462 0.869329 0.128964 0.214740 0.078145 0.580367 0.237596 0.012670 0.493347 0.164085 0.120985 -0.111509 -0.682158 0.702368 0.066489 -0.081597 0.133240 -0.103367 0.086827 -0.164324 0.143257 -0.003678 -0.402923 0.161210 -0.179100 -0.117008 3.425249 2.000883 -12.479995 -0.871470 0.503305 -2.708057 3.425249 2.000883 -4.631995 -0.871470 0.503305 5.139943 0.000000 0.000000 -7.848000 0.000000 0.000000 -7.848000 0.000000 0.000000 0.000000 0.000000 0.000000 0.000000 0.000000 0.000000 0.000000 0.000000 0.000000 0.000000 0.000000 0.000000 0.000000 0.000000 0.000000 0.000000 0.000000 0.000000 0.000000 0.000000 0.000000 0.000000
3.657321 0.000000 0.071438 0.019786 0.010570 0.795585 0.001450 0.211402 0.005105 0.158419 -0.007742 0.002493 0.755318 0.001354 0.199849 -0.007454 0.203691 0.583299 0.046199 0.801481 0.129534 0.206776 0.078922 0.514044 0.250647 0.019003 0.487994 0.157300 0.106032 -0.114886 -0.741656 0.719732 0.072627 -0.168234 0.133804 -0.119510 0.087595 -0.248826 0.157565 0.003043 -0.423711 0.154467 -0.200848 -0.120256 3.307680 2.001096 -11.484703 -0.592589 0.516279 -3.065219 3.307680 2.001096 -3.636703 -0.592589 0.516279 4.782781 0.000000 0.000000 -7.848000 0.000000 0.000000 -7.848000 0.000000 0.000000 0.000000 0.000000 0.000000 0.000000 0.000000 0.000000 0.000000 0.000000 0.000000 0.000000 0.000000 0.000000 0.000000 0.000000 0.000000 0.000000 0.000000 0.000000 0.000000 0.000000 0.000000 0.000000
3.695357 0.000000 0.071150 0.019918 0.010654 0.793260 0.001438 0.210107 0.005117 0.157101 -0.007718 0.002493 0.754731 0.001354 0.199154 -0.007454 0.220470 0.581701 0.042070 0.787417 0.129111 0.198657 0.078752 0.428674 0.257284 0.023510 0.531978 0.162711 0.113190 -0.118319 -0.729737 0.718578 0.068733 -0.186922 0.133385 -0.129981 0.087466 -0.339248 0.164417 0.007651 -0.382963 0.159889 -0.195255 -0.123661 3.141329 1.971938 -11.039000 -0.024120 0.473966 -4.373578 3.141329 1.971938 -3.191000 -0.024120 0.473966 3.474422 0.000000 0.000000 -7.848000 0.000000 0.000000 -7.848000 0.000000 0.000000 0.000000 0.000000 0.000000 0.000000 0.000000 0.000000 0.000000 0.000000 0.000000 0.000000 0.000000 0.000000 0.000000 0.000000 0.000000 0.000000 0.000000 0.000000 0.000000 0.000000 0.000000 0.000000
3.750733 0.000000 0.070803 0.019786 0.010606 0.787256 0.001378 0.208082 0.005141 0.155567 -0.007754 0.002469 0.749146 0.001390 0.198315 -0.007454 0.287099 0.565887 0.033314 0.790046 0.145468 0.219696 0.077782 0.453892 0.265825 0.009210 0.551655 0.169146 0.133276 -0.118107 -0.673772 0.702267 0.060002 -0.194841 0.149700 -0.113972 0.086439 -0.327023 0.173085 -0.006685 -0.374463 0.166323 -0.180004 -0.123425 2.813340 1.893744 -10.454247 -0.043903 0.476968 -4.487516 2.813340 1.893744 -2.606247 -0.043903 0.476968 3.360484 0.000000 0.000000 -7.848000 0.000000 0.000000 -7.848000 0.000000 0.000000 0.000000 0.000000 0.000000 0.000000 0.000000 0.000000 0.000000 0.000000 0.000000 0.000000 0.000000 0.000000 0.000000 0.000000 0.000000 0.000000 0.000000 0.000000 0.000000 0.000000 0.000000 0.000000
3.781036 0.000000 0.070803 0.019750 0.010570 0.786285 0.001402 0.207818 0.005105 0.155579 -0.007742 0.002493 0.747456 0.001390 0.198315 -0.007454 0.287010 0.611151 0.051234 0.765052 0.144277 0.217832 0.083685 0.427477 0.249583 0.010210 0.529898 0.171439 0.140205 -0.121565 -0.675388 0.747371 0.077907 -0.221418 0.148495 -0.116576 0.092323 -0.355853 0.156931 -0.005690 -0.398748 0.168615 -0.174100 -0.126876 2.713292 1.999158 -10.098614 0.009322 0.440339 -4.410592 2.713292 1.999158 -2.250614 0.009322 0.440339 3.437408 0.000000 0.000000 -7.848000 0.000000 0.000000 -7.848000 0.000000 0.000000 0.000000 0.000000 0.000000 0.000000 0.000000 0.000000 0.000000 0.000000 0.000000 0.000000 0.000000 0.000000 0.000000 0.000000 0.000000 0.000000 0.000000 0.000000 0.000000 0.000000 0.000000 0.000000
3.833675 0.000000 0.071007 0.019486 0.010498 0.780245 0.001402 0.207171 0.005057 0.155316 -0.007742 0.002493 0.739475 0.001378 0.197236 -0.007454 0.265529 0.557686 0.034342 0.820208 0.138852 0.268943 0.079384 0.390277 0.237329 -0.000728 0.589536 0.158465 0.190606 -0.125691 -0.705184 0.693020 0.060884 -0.175208 0.143022 -0.069350 0.087920 -0.405954 0.144835 -0.016731 -0.352133 0.155634 -0.129371 -0.130987 3.118443 1.905073 -11.091282 0.459850 0.343561 -5.645656 3.118443 1.905073 -3.243282 0.459850 0.343561 2.202344 0.000000 0.000000 -7.848000 0.000000 0.000000 -7.848000 0.000000 0.000000 0.000000 0.000000 0.000000 0.000000 0.000000 0.000000 0.000000 0.000000 0.000000 0.000000 0.000000 0.000000 0.000000 0.000000 0.000000 0.000000 0.000000 0.000000 0.000000 0.000000 0.000000 0.000000
3.902392 0.000000 0.070911 0.019642 0.010570 0.772251 0.001438 0.204283 0.005021 0.154824 -0.007742 0.002481 0.726819 0.001378 0.195918 -0.007442 0.314750 0.630107 0.047521 0.934085 0.136193 0.307918 0.083943 0.384280 0.261384 0.016077 0.536205 0.146557 0.237860 -0.127508 -0.669076 0.765888 0.074521 -0.074833 0.140349 -0.036910 0.092522 -0.432251 0.169136 -0.000081 -0.425840 0.143717 -0.090861 -0.132775 3.486592 2.149719 -12.332113 0.322033 0.439936 -5.003004 3.486592 2.149719 -4.484113 0.322033 0.439936 2.844996 0.000000 0.000000 -7.848000 0.000000 0.000000 -7.848000 0.000000 0.000000 0.000000 0.000000 0.000000 0.000000 0.000000 0.000000 0.000000 0.000000 0.000000 0.000000 0.000000 0.000000 0.000000 0.000000 0.000000 0.000000 0.000000 0.000000 0.000000 0.000000 0.000000 0.000000
3.962252 0.000000 0.071007 0.019486 0.010522 0.762293 0.001414 0.203097 0.004973 0.153122 -0.007742 0.002457 0.721414 0.001366 0.192910 -0.007442 0.273577 0.620966 0.043723 0.909812 0.133758 0.340817 0.083438 0.412689 0.242188 0.001075 0.626617 0.158140 0.247983 -0.134073 -0.724522 0.756152 0.070831 -0.114088 0.137875 -0.010551 0.091942 -0.418101 0.150180 -0.015071 -0.347662 0.155313 -0.086778 -0.139308 3.613179 2.117689 -12.186230 0.560519 0.340090 -5.992826 3.613179 2.117689 -4.338230 0.560519 0.340090 1.855174 0.000000 0.000000 -7.848000 0.000000 0.000000 -7.848000 0.000000 0.000000 0.000000 0.000000 0.000000 0.000000 0.000000 0.000000 0.000000 0.000000 0.000000 0.000000 0.000000 0.000000 0.000000 0.000000 0.000000 0.000000 0.000000 0.000000 0.000000 0.000000 0.000000 0.000000
3.997990 0.000000 0.070887 0.019546 0.010594 0.750968 0.001426 0.200065 0.004997 0.153170 -0.007598 0.002529 0.714356 0.001366 0.189566 -0.007418 0.266205 0.629631 0.042444 0.937400 0.132697 0.341177 0.087665 0.380142 0.236090 -0.004279 0.669714 0.163034 0.231588 -0.136490 -0.749567 0.764973 0.069986 -0.104706 0.136799 -0.018690 0.096190 -0.462442 0.144700 -0.020343 -0.316895 0.160242 -0.109365 -0.141655 3.791198 2.149390 -12.358638 0.871618 0.288062 -6.659754 3.791198 2.149390 -4.510638 0.871618 0.288062 1.188246 0.000000 0.000000 -7.848000 0.000000 0.000000 -7.848000 0.000000 0.000000 0.000000 0.000000 0.000000 0.000000 0.000000 0.000000 0.000000 0.000000 0.000000 0.000000 0.000000 0.000000 0.000000 0.000000 0.000000 0.000000 0.000000 0.000000 0.000000 0.000000 0.000000 0.000000
4.039430 0.000000 0.070887 0.019558 0.010594 0.748511 0.001426 0.198902 0.004985 0.153194 -0.007598 0.002517 0.712079 0.001342 0.188811 -0.007406 0.303504 0.646433 0.044398 0.967983 0.131945 0.316790 0.087079 0.419064 0.229505 0.003438 0.714949 0.167581 0.218914 -0.138928 -0.716293 0.781780 0.072038 -0.078309 0.136033 -0.045191 0.095602 -0.427095 0.138137 -0.012664 -0.275418 0.164790 -0.123830 -0.144091 3.722682 2.189153 -12.361314 0.847025 0.274921 -6.889731 3.722682 2.189153 -4.513314 0.847025 0.274921 0.958269 0.000000 0.000000 -7.848000 0.000000 0.000000 -7.848000 0.000000 0.000000 0.000000 0.000000 0.000000 0.000000 0.000000 0.000000 0.000000 0.000000 0.000000 0.000000 0.000000 0.000000 0.000000 0.000000 0.000000 0.000000 0.000000 0.000000 0.000000 0.000000 0.000000 0.000000
4.074374 0.000000 0.070863 0.019127 0.010462 0.738648 0.001402 0.196362 0.004926 0.152955 -0.007598 0.002517 0.699495 0.001354 0.185744 -0.007406 0.328307 0.654163 0.045743 0.971861 0.131381 0.329479 0.089329 0.430434 0.232745 0.011346 0.676073 0.159940 0.213711 -0.139943 -0.706474 0.788024 0.073125 -0.089951 0.135370 -0.039724 0.097679 -0.435794 0.141621 -0.004926 -0.334815 0.157149 -0.138439 -0.145077 3.626188 2.187060 -12.053693 0.643885 0.319104 -6.150625 3.626188 2.187060 -4.205693 0.643885 0.319104 1.697375 0.000000 0.000000 -7.848000 0.000000 0.000000 -7.848000 0.000000 0.000000 0.000000 0.000000 0.000000 0.000000 0.000000 0.000000 0.000000 0.000000 0.000000 0.000000 0.000000 0.000000 0.000000 0.000000 0.000000 0.000000 0.000000 0.000000 0.000000 0.000000 0.000000 0.000000
4.104531 0.000000 0.070827 0.019139 0.010498 0.736922 0.001390 0.195463 0.004914 0.152715 -0.007598 0.002505 0.696607 0.001354 0.185360 -0.007394 0.385046 0.653647 0.044050 0.990887 0.130660 0.327916 0.087733 0.473885 0.235162 0.016348 0.655268 0.163959 0.218386 -0.140703 -0.652678 0.787562 0.071506 -0.073935 0.134636 -0.042825 0.096081 -0.397260 0.144097 0.000050 -0.360370 0.161169 -0.135826 -0.145826 3.414505 2.170646 -11.848452 0.361223 0.358696 -5.571927 3.414505 2.170646 -4.000452 0.361223 0.358696 2.276073 0.000000 0.000000 -7.848000 0.000000 0.000000 -7.848000 0.000000 0.000000 0.000000 0.000000 0.000000 0.000000 0.000000 0.000000 0.000000 0.000000 0.000000 0.000000 0.000000 0.000000 0.000000 0.000000 0.000000 0.000000 0.000000 0.000000 0.000000 0.000000 0.000000 0.000000
4.153306 0.000000 0.070911 0.019235 0.010486 0.727682 0.001414 0.193126 0.004926 0.151361 -0.007550 0.002493 0.686001 0.001354 0.181345 -0.007406 0.313173 0.658991 0.042126 0.929782 0.130160 0.299784 0.089489 0.415492 0.230900 0.006388 0.605610 0.169231 0.160569 -0.145264 -0.738109 0.793073 0.069989 -0.149273 0.134131 -0.077575 0.097870 -0.476414 0.140269 -0.009921 -0.429556 0.166456 -0.202964 -0.150335 3.467344 2.157868 -11.263114 0.411398 0.348753 -5.069946 3.467344 2.157868 -3.415114 0.411398 0.348753 2.778054 0.000000 0.000000 -7.848000 0.000000 0.000000 -7.848000 0.000000 0.000000 0.000000 0.000000 0.000000 0.000000 0.000000 0.000000 0.000000 0.000000 0.000000 0.000000 0.000000 0.000000 0.000000 0.000000 0.000000 0.000000 0.000000 0.000000 0.000000 0.000000 0.000000 0.000000
4.192500 0.000000 0.070971 0.018971 0.010175 0.716177 0.001402 0.189782 0.004866 0.150642 -0.007490 0.002505 0.678775 0.001378 0.179200 -0.007394 0.293335 0.639422 0.045419 0.923122 0.129087 0.277008 0.088066 0.527834 0.225462 0.009707 0.656792 0.172339 0.167304 -0.151447 -0.775077 0.772230 0.073261 -0.173806 0.132973 -0.108789 0.096327 -0.377223 0.135211 -0.006576 -0.390952 0.169580 -0.202073 -0.156466 3.504162 2.100267 -10.989674 0.080368 0.356457 -4.903967 3.504162 2.100267 -3.141674 0.080368 0.356457 2.944033 0.000000 0.000000 -7.848000 0.000000 0.000000 -7.848000 0.000000 0.000000 0.000000 0.000000 0.000000 0.000000 0.000000 0.000000 0.000000 0.000000 0.000000 0.000000 0.000000 0.000000 0.000000 0.000000 0.000000 0.000000 0.000000 0.000000 0.000000 0.000000 0.000000 0.000000
4.229082 0.000000 0.070911 0.019007 0.010211 0.713253 0.001426 0.188608 0.004842 0.150534 -0.007430 0.002613 0.677025 0.001390 0.178685 -0.007382 0.341507 0.680580 0.057660 0.920456 0.129847 0.274384 0.092768 0.527428 0.225278 0.020278 0.686577 0.163640 0.164701 -0.151191 -0.731605 0.813493 0.085639 -0.181272 0.133721 -0.113770 0.101036 -0.380626 0.135379 0.004081 -0.364107 0.160894 -0.206046 -0.156174 3.255223 2.187334 -10.587070 0.191303 0.353857 -5.234770 3.255223 2.187334 -2.739070 0.191303 0.353857 2.613230 0.000000 0.000000 -7.848000 0.000000 0.000000 -7.848000 0.000000 0.000000 0.000000 0.000000 0.000000 0.000000 0.000000 0.000000 0.000000 0.000000 0.000000 0.000000 0.000000 0.000000 0.000000 0.000000 0.000000 0.000000 0.000000 0.000000 0.000000 0.000000 0.000000 0.000000
4.265078 0.000000 0.070803 0.019091 0.010235 0.701593 0.001426 0.185396 0.004854 0.150210 -0.007298 0.002625 0.670170 0.001378 0.177786 -0.007370 0.352559 0.679331 0.067116 0.924633 0.129586 0.264928 0.096212 0.572506 0.202878 0.018457 0.731900 0.156141 0.189944 -0.156057 -0.738028 0.812369 0.095548 -0.195108 0.133441 -0.131664 0.104501 -0.346318 0.113496 0.002373 -0.329484 0.153408 -0.185452 -0.160980 3.208115 2.183996 -10.318266 0.185458 0.291085 -5.525910 3.208115 2.183996 -2.470266 0.185458 0.291085 2.322090 0.000000 0.000000 -7.848000 0.000000 0.000000 -7.848000 0.000000 0.000000 0.000000 0.000000 0.000000 0.000000 0.000000 0.000000 0.000000 0.000000 0.000000 0.000000 0.000000 0.000000 0.000000 0.000000 0.000000 0.000000 0.000000 0.000000 0.000000 0.000000 0.000000 0.000000
4.303550 0.000000 0.070587 0.019031 0.010199 0.694570 0.001402 0.181837 0.004842 0.150126 -0.007274 0.002684 0.660594 0.001378 0.176504 -0.007370 0.413733 0.657826 0.054604 0.972682 0.128757 0.244887 0.096261 0.600523 0.199705 0.012065 0.707610 0.149979 0.214370 -0.158562 -0.688580 0.790546 0.083163 -0.158917 0.132556 -0.157728 0.104511 -0.332231 0.110638 -0.004093 -0.368134 0.147242 -0.167293 -0.163456 3.074583 2.114989 -10.272951 -0.012352 0.295882 -5.078377 3.074583 2.114989 -2.424951 -0.012352 0.295882 2.769623 0.000000 0.000000 -7.848000 0.000000 0.000000 -7.848000 0.000000 0.000000 0.000000 0.000000 0.000000 0.000000 0.000000 0.000000 0.000000 0.000000 0.000000 0.000000 0.000000 0.000000 0.000000 0.000000 0.000000 0.000000 0.000000 0.000000 0.000000 0.000000 0.000000 0.000000
4.346217 0.000000 0.070647 0.018971 0.010199 0.692293 0.001426 0.181525 0.004830 0.150126 -0.007298 0.002660 0.657107 0.001390 0.176420 -0.007370 0.426692 0.669208 0.056193 0.945893 0.142100 0.232721 0.097143 0.635146 0.176428 0.003773 0.648648 0.157629 0.231362 -0.161311 -0.678602 0.801740 0.084737 -0.188897 0.145889 -0.171300 0.105375 -0.302354 0.087324 -0.012466 -0.432041 0.154885 -0.152337 -0.166205 2.868121 2.118949 -9.794379 -0.378218 0.271977 -4.224175 2.868121 2.118949 -1.946379 -0.378218 0.271977 3.623825 0.000000 0.000000 -7.848000 0.000000 0.000000 -7.848000 0.000000 0.000000 0.000000 0.000000 0.000000 0.000000 0.000000 0.000000 0.000000 0.000000 0.000000 0.000000 0.000000 0.000000 0.000000 0.000000 0.000000 0.000000 0.000000 0.000000 0.000000 0.000000 0.000000 0.000000
4.391415 0.000000 0.070743 0.018899 0.010127 0.685737 0.001414 0.180998 0.004794 0.149959 -0.007250 0.002660 0.649317 0.001438 0.175581 -0.007358 0.418494 0.668816 0.066647 0.915472 0.138844 0.229070 0.099364 0.692536 0.175600 0.011776 0.619969 0.149858 0.259883 -0.163582 -0.695361 0.800972 0.095267 -0.228361 0.142614 -0.178821 0.107555 -0.256351 0.086778 -0.004482 -0.472309 0.147120 -0.128807 -0.168430 2.764536 2.108950 -9.378006 -0.737877 0.310893 -3.587307 2.764536 2.108950 -1.530006 -0.737877 0.310893 4.260693 0.000000 0.000000 -7.848000 0.000000 0.000000 -7.848000 0.000000 0.000000 0.000000 0.000000 0.000000 0.000000 0.000000 0.000000 0.000000 0.000000 0.000000 0.000000 0.000000 0.000000 0.000000 0.000000 0.000000 0.000000 0.000000 0.000000 0.000000 0.000000 0.000000 0.000000
4.446893 0.000000 0.070743 0.018911 0.010163 0.682705 0.001450 0.180626 0.004806 0.149599 -0.007250 0.002660 0.646729 0.001342 0.175090 -0.007358 0.406249 0.688426 0.085560 0.906333 0.136336 0.242922 0.104331 0.712632 0.187155 0.018047 0.642328 0.142373 0.287668 -0.169489 -0.711733 0.820635 0.114282 -0.241795 0.140113 -0.166846 0.112536 -0.240974 0.098401 0.001777 -0.454310 0.139626 -0.102958 -0.174349 2.819472 2.177482 -9.370997 -0.723957 0.336039 -3.792940 2.819472 2.177482 -1.522997 -0.723957 0.336039 4.055060 0.000000 0.000000 -7.848000 0.000000 0.000000 -7.848000 0.000000 0.000000 0.000000 0.000000 0.000000 0.000000 0.000000 0.000000 0.000000 0.000000 0.000000 0.000000 0.000000 0.000000 0.000000 0.000000 0.000000 0.000000 0.000000 0.000000 0.000000 0.000000 0.000000 0.000000
4.474888 0.000000 0.070671 0.018947 0.010151 0.676114 0.001402 0.179212 0.004782 0.147274 -0.007274 0.002660 0.644380 0.001390 0.173496 -0.007358 0.423807 0.669706 0.077949 0.929709 0.134398 0.259014 0.101689 0.727143 0.171919 0.007421 0.739212 0.139410 0.319693 -0.172631 -0.703626 0.801897 0.106898 -0.228136 0.138156 -0.155188 0.109883 -0.236856 0.083370 -0.008762 -0.364679 0.136676 -0.074415 -0.177451 2.845887 2.129910 -9.471662 -0.364206 0.241157 -4.915853 2.845887 2.129910 -1.623662 -0.364206 0.241157 2.932147 0.000000 0.000000 -7.848000 0.000000 0.000000 -7.848000 0.000000 0.000000 0.000000 0.000000 0.000000 0.000000 0.000000 0.000000 0.000000 0.000000 0.000000 0.000000 0.000000 0.000000 0.000000 0.000000 0.000000 0.000000 0.000000 0.000000 0.000000 0.000000 0.000000 0.000000
4.514201 0.000000 0.070671 0.018707 0.010127 0.666107 0.001414 0.177235 0.004770 0.145477 -0.007095 0.002720 0.637657 0.001414 0.172225 -0.007322 0.442296 0.706523 0.093105 0.899968 0.133845 0.265665 0.105493 0.729515 0.182690 0.017873 0.744223 0.136639 0.323397 -0.173673 -0.699003 0.837908 0.121996 -0.272290 0.137556 -0.155071 0.113599 -0.249036 0.094991 0.001990 -0.372036 0.133939 -0.076159 -0.178380 2.636630 2.201692 -8.913449 -0.349975 0.278086 -4.918823 2.636630 2.201692 -1.065449 -0.349975 0.278086 2.929177 0.000000 0.000000 -7.848000 0.000000 0.000000 -7.848000 0.000000 0.000000 0.000000 0.000000 0.000000 0.000000 0.000000 0.000000 0.000000 0.000000 0.000000 0.000000 0.000000 0.000000 0.000000 0.000000 0.000000 0.000000 0.000000 0.000000 0.000000 0.000000 0.000000 0.000000
4.570933 0.000000 0.070671 0.018683 0.010139 0.663662 0.001402 0.176875 0.004770 0.144745 -0.007023 0.002720 0.635967 0.001342 0.171063 -0.007310 0.440243 0.713151 0.095964 0.921033 0.132014 0.309385 0.105827 0.636821 0.174431 0.031741 0.864714 0.133175 0.328265 -0.177621 -0.704358 0.844457 0.124887 -0.254658 0.135719 -0.112871 0.113921 -0.346592 0.087015 0.015982 -0.255478 0.130487 -0.073273 -0.182305 2.806866 2.238892 -9.282918 0.582476 0.185895 -6.824227 2.806866 2.238892 -1.434918 0.582476 0.185895 1.023773 0.000000 0.000000 -7.848000 0.000000 0.000000 -7.848000 0.000000 0.000000 0.000000 0.000000 0.000000 0.000000 0.000000 0.000000 0.000000 0.000000 0.000000 0.000000 0.000000 0.000000 0.000000 0.000000 0.000000 0.000000 0.000000 0.000000 0.000000 0.000000 0.000000 0.000000
4.628379 0.000000 0.070443 0.018683 0.010139 0.657131 0.001402 0.173963 0.004746 0.143787 -0.006915 0.002696 0.624090 0.001330 0.167587 -0.007310 0.526390 0.715043 0.098042 1.068185 0.130732 0.317600 0.105979 0.724068 0.159550 0.025806 0.864255 0.148059 0.317917 -0.181868 -0.628615 0.846239 0.127144 -0.117976 0.134396 -0.109866 0.114058 -0.279377 0.072673 0.010109 -0.275308 0.145385 -0.092632 -0.186483 3.062963 2.296952 -10.350564 0.160763 0.179983 -6.165514 3.062963 2.296952 -2.502564 0.160763 0.179983 1.682486 0.000000 0.000000 -7.848000 0.000000 0.000000 -7.848000 0.000000 0.000000 0.000000 0.000000 0.000000 0.000000 0.000000 0.000000 0.000000 0.000000 0.000000 0.000000 0.000000 0.000000 0.000000 0.000000 0.000000 0.000000 0.000000 0.000000 0.000000 0.000000 0.000000 0.000000
4.680544 0.000000 0.070827 0.018372 0.010055 0.645398 0.001402 0.171794 0.004662 0.142157 -0.006927 0.002732 0.609470 0.001378 0.164244 -0.007286 0.428016 0.728370 0.102089 0.937293 0.130188 0.284962 0.106802 0.684988 0.144601 0.029089 0.716308 0.141511 0.281593 -0.185487 -0.741831 0.858455 0.131072 -0.264877 0.133777 -0.149736 0.114750 -0.343538 0.058151 0.013316 -0.446855 0.138846 -0.139628 -0.190036 2.923456 2.276639 -9.190213 -0.256916 0.208472 -4.583539 2.923456 2.276639 -1.342213 -0.256916 0.208472 3.264461 0.000000 0.000000 -7.848000 0.000000 0.000000 -7.848000 0.000000 0.000000 0.000000 0.000000 0.000000 0.000000 0.000000 0.000000 0.000000 0.000000 0.000000 0.000000 0.000000 0.000000 0.000000 0.000000 0.000000 0.000000 0.000000 0.000000 0.000000 0.000000 0.000000 0.000000
4.726909 0.000000 0.070947 0.018432 0.010067 0.640437 0.001426 0.171350 0.004686 0.141450 -0.006747 0.002744 0.606725 0.001366 0.162902 -0.007274 0.445646 0.732409 0.104130 0.920663 0.129641 0.308529 0.107324 0.653310 0.161127 0.036847 0.711066 0.137682 0.253616 -0.186272 -0.730287 0.862621 0.133330 -0.288024 0.133245 -0.128974 0.115302 -0.381358 0.075272 0.021349 -0.457389 0.135045 -0.170184 -0.190747 2.784140 2.274402 -8.920295 -0.159718 0.251935 -4.587463 2.784140 2.274402 -1.072295 -0.159718 0.251935 3.260537 0.000000 0.000000 -7.848000 0.000000 0.000000 -7.848000 0.000000 0.000000 0.000000 0.000000 0.000000 0.000000 0.000000 0.000000 0.000000 0.000000 0.000000 0.000000 0.000000 0.000000 0.000000 0.000000 0.000000 0.000000 0.000000 0.000000 0.000000 0.000000 0.000000 0.000000
4.766479 0.000000 0.070383 0.018444 0.010043 0.629879 0.001402 0.167947 0.004686 0.138801 -0.006627 0.002732 0.600925 0.001354 0.158647 -0.007250 0.470835 0.748708 0.106479 0.970528 0.129367 0.337867 0.107919 0.650052 0.133254 0.030013 0.814342 0.134399 0.264070 -0.190063 -0.721376 0.878739 0.135947 -0.254219 0.132932 -0.107263 0.115878 -0.401348 0.048035 0.014782 -0.367458 0.131799 -0.166505 -0.194446 2.937787 2.331738 -9.264352 0.306708 0.131685 -5.695673 2.937787 2.331738 -1.416352 0.306708 0.131685 2.152327 0.000000 0.000000 -7.848000 0.000000 0.000000 -7.848000 0.000000 0.000000 0.000000 0.000000 0.000000 0.000000 0.000000 0.000000 0.000000 0.000000 0.000000 0.000000 0.000000 0.000000 0.000000 0.000000 0.000000 0.000000 0.000000 0.000000 0.000000 0.000000 0.000000 0.000000
4.804724 0.000000 0.070395 0.018324 0.009983 0.626140 0.001402 0.167707 0.004662 0.138442 -0.006615 0.002756 0.598528 0.001354 0.158360 -0.007238 0.510526 0.753178 0.105423 0.977059 0.128939 0.355853 0.107384 0.679138 0.155241 0.025766 0.862384 0.132793 0.258721 -0.186826 -0.686369 0.882751 0.134803 -0.252570 0.132484 -0.091347 0.115294 -0.376414 0.070161 0.010556 -0.323182 0.130197 -0.173473 -0.191192 2.784524 2.329649 -9.124375 0.344779 0.167148 -5.993630 2.784524 2.329649 -1.276375 0.344779 0.167148 1.854370 0.000000 0.000000 -7.848000 0.000000 0.000000 -7.848000 0.000000 0.000000 0.000000 0.000000 0.000000 0.000000 0.000000 0.000000 0.000000 0.000000 0.000000 0.000000 0.000000 0.000000 0.000000 0.000000 0.000000 0.000000 0.000000 0.000000 0.000000 0.000000 0.000000 0.000000
4.846794 0.000000 0.070204 0.018084 0.009827 0.616972 0.001390 0.164400 0.004626 0.136105 -0.006459 0.002816 0.589624 0.001378 0.157353 -0.007203 0.593010 0.768267 0.110580 1.071347 0.128942 0.354780 0.111563 0.617380 0.159984 0.028871 0.845900 0.144043 0.254957 -0.188894 -0.617230 0.896829 0.139831 -0.171845 0.132412 -0.098979 0.119368 -0.456168 0.075742 0.013961 -0.354795 0.141472 -0.183692 -0.193146 2.802108 2.386486 -9.537384 0.590985 0.172900 -6.079174 2.802108 2.386486 -1.689384 0.590985 0.172900 1.768826 0.000000 0.000000 -7.848000 0.000000 0.000000 -7.848000 0.000000 0.000000 0.000000 0.000000 0.000000 0.000000 0.000000 0.000000 0.000000 0.000000 0.000000 0.000000 0.000000 0.000000 0.000000 0.000000 0.000000 0.000000 0.000000 0.000000 0.000000 0.000000 0.000000 0.000000
4.876945 0.000000 0.070431 0.017976 0.009767 0.607924 0.001390 0.162866 0.004578 0.134535 -0.006256 0.002756 0.572091 0.001330 0.155495 -0.007191 0.524512 0.763112 0.105038 1.023779 0.137957 0.344242 0.109486 0.579964 0.139569 0.021631 0.756936 0.140215 0.260471 -0.192065 -0.696807 0.891170 0.134358 -0.231277 0.141392 -0.114831 0.117237 -0.520448 0.056158 0.006940 -0.469296 0.137651 -0.189123 -0.196209 2.918568 2.357245 -9.249384 0.446877 0.143957 -5.290857 2.918568 2.357245 -1.401384 0.446877 0.143957 2.557143 0.000000 0.000000 -7.848000 0.000000 0.000000 -7.848000 0.000000 0.000000 0.000000 0.000000 0.000000 0.000000 0.000000 0.000000 0.000000 0.000000 0.000000 0.000000 0.000000 0.000000 0.000000 0.000000 0.000000 0.000000 0.000000 0.000000 0.000000 0.000000 0.000000 0.000000
4.925422 0.000000 0.069988 0.018000 0.009815 0.589300 0.001390 0.158899 0.004494 0.131071 -0.006052 0.002816 0.558980 0.001354 0.150246 -0.007131 0.508166 0.780069 0.109797 0.962289 0.135608 0.363819 0.109986 0.633206 0.161434 0.030731 0.774640 0.151804 0.263654 -0.191449 -0.738372 0.907931 0.139580 -0.318315 0.138987 -0.106882 0.117705 -0.494930 0.079143 0.016445 -0.475114 0.149292 -0.197092 -0.195430 2.757767 2.367720 -8.540674 0.262127 0.219893 -5.095838 2.757767 2.367720 -0.692674 0.262127 0.219893 2.752162 0.000000 0.000000 -7.848000 0.000000 0.000000 -7.848000 0.000000 0.000000 0.000000 0.000000 0.000000 0.000000 0.000000 0.000000 0.000000 0.000000 0.000000 0.000000 0.000000 0.000000 0.000000 0.000000 0.000000 0.000000 0.000000 0.000000 0.000000 0.000000 0.000000 0.000000
4.964156 0.000000 0.069964 0.018012 0.009827 0.586112 0.001438 0.158755 0.004482 0.130520 -0.005968 0.002828 0.558069 0.001330 0.149287 -0.007131 0.535877 0.765254 0.108359 0.937862 0.133885 0.385347 0.111669 0.581435 0.174025 0.036653 0.783805 0.146496 0.262527 -0.196273 -0.714534 0.893120 0.138230 -0.346733 0.137267 -0.087028 0.119399 -0.549725 0.092022 0.022520 -0.468244 0.143996 -0.199439 -0.200223 2.520515 2.312414 -8.183633 0.551863 0.236027 -5.427413 2.520515 2.312414 -0.335633 0.551863 0.236027 2.420587 0.000000 0.000000 -7.848000 0.000000 0.000000 -7.848000 0.000000 0.000000 0.000000 0.000000 0.000000 0.000000 0.000000 0.000000 0.000000 0.000000 0.000000 0.000000 0.000000 0.000000 0.000000 0.000000 0.000000 0.000000 0.000000 0.000000 0.000000 0.000000 0.000000 0.000000
5.008739 0.000000 0.069820 0.017952 0.009815 0.574692 0.001378 0.154201 0.004482 0.130664 -0.005669 0.002828 0.549093 0.001390 0.148305 -0.007107 0.607233 0.758812 0.109498 1.001181 0.146457 0.386413 0.113556 0.587311 0.173086 0.036242 0.796238 0.141393 0.283334 -0.196381 -0.659009 0.886301 0.139557 -0.299654 0.149776 -0.093929 0.121236 -0.554731 0.091968 0.022477 -0.467334 0.138925 -0.183600 -0.200196 2.441533 2.304034 -8.311148 0.600199 0.230244 -5.527837 2.441533 2.304034 -0.463148 0.600199 0.230244 2.320163 0.000000 0.000000 -7.848000 0.000000 0.000000 -7.848000 0.000000 0.000000 0.000000 0.000000 0.000000 0.000000 0.000000 0.000000 0.000000 0.000000 0.000000 0.000000 0.000000 0.000000 0.000000 0.000000 0.000000 0.000000 0.000000 0.000000 0.000000 0.000000 0.000000 0.000000
5.064797 0.000000 0.069796 0.017904 0.009767 0.570377 0.001414 0.151588 0.004458 0.130604 -0.005573 0.002816 0.542766 0.001378 0.147010 -0.007095 0.564445 0.766837 0.107602 1.030754 0.141063 0.350686 0.114653 0.615445 0.152586 0.026761 0.808634 0.135945 0.318164 -0.202117 -0.708063 0.894046 0.137698 -0.276555 0.144341 -0.133053 0.122315 -0.534906 0.071792 0.013089 -0.463487 0.133486 -0.152624 -0.205888 2.756145 2.339490 -8.636929 0.568867 0.169196 -5.589563 2.756145 2.339490 -0.788929 0.568867 0.169196 2.258437 0.000000 0.000000 -7.848000 0.000000 0.000000 -7.848000 0.000000 0.000000 0.000000 0.000000 0.000000 0.000000 0.000000 0.000000 0.000000 0.000000 0.000000 0.000000 0.000000 0.000000 0.000000 0.000000 0.000000 0.000000 0.000000 0.000000 0.000000 0.000000 0.000000 0.000000
5.106185 0.000000 0.069868 0.017809 0.009767 0.567273 0.001438 0.150869 0.004422 0.130652 -0.005561 0.002792 0.538487 0.001342 0.146603 -0.007083 0.555958 0.774824 0.108425 1.053377 0.138262 0.343411 0.113024 0.569490 0.152770 0.021732 0.752500 0.133491 0.320689 -0.201896 -0.720263 0.901734 0.138452 -0.257901 0.141515 -0.142154 0.120650 -0.585987 0.072027 0.008035 -0.525031 0.131030 -0.152413 -0.205662 2.898934 2.368668 -8.838082 0.575385 0.170579 -5.269358 2.898934 2.368668 -0.990082 0.575385 0.170579 2.578642 0.000000 0.000000 -7.848000 0.000000 0.000000 -7.848000 0.000000 0.000000 0.000000 0.000000 0.000000 0.000000 0.000000 0.000000 0.000000 0.000000 0.000000 0.000000 0.000000 0.000000 0.000000 0.000000 0.000000 0.000000 0.000000 0.000000 0.000000 0.000000 0.000000 0.000000
5.133812 0.000000 0.069820 0.017629 0.009755 0.560095 0.001438 0.149144 0.004398 0.130173 -0.005537 0.002816 0.530458 0.001378 0.144698 -0.007059 0.572541 0.785558 0.113440 1.038516 0.137035 0.323184 0.113833 0.614660 0.158334 0.028906 0.749708 0.132474 0.322184 -0.203176 -0.712794 0.911868 0.143355 -0.282161 0.140247 -0.166707 0.121387 -0.552397 0.077856 0.015213 -0.539133 0.130023 -0.156067 -0.206895 2.721291 2.378966 -8.473948 0.337945 0.208462 -4.977339 2.721291 2.378966 -0.625948 0.337945 0.208462 2.870661 0.000000 0.000000 -7.848000 0.000000 0.000000 -7.848000 0.000000 0.000000 0.000000 0.000000 0.000000 0.000000 0.000000 0.000000 0.000000 0.000000 0.000000 0.000000 0.000000 0.000000 0.000000 0.000000 0.000000 0.000000 0.000000 0.000000 0.000000 0.000000 0.000000 0.000000
5.165312 0.000000 0.069820 0.017629 0.009743 0.556440 0.001414 0.147622 0.004374 0.129561 -0.005501 0.002816 0.527534 0.001354 0.142960 -0.007047 0.556576 0.770849 0.103097 1.031857 0.135198 0.303000 0.114949 0.576766 0.153874 0.033284 0.743146 0.140987 0.291670 -0.204929 -0.733600 0.897065 0.133098 -0.293852 0.138384 -0.189374 0.122486 -0.596107 0.073582 0.019658 -0.550808 0.138545 -0.189160 -0.208624 2.732482 2.327689 -8.366250 0.464444 0.200251 -4.982129 2.732482 2.327689 -0.518250 0.464444 0.200251 2.865871 0.000000 0.000000 -7.848000 0.000000 0.000000 -7.848000 0.000000 0.000000 0.000000 0.000000 0.000000 0.000000 0.000000 0.000000 0.000000 0.000000 0.000000 0.000000 0.000000 0.000000 0.000000 0.000000 0.000000 0.000000 0.000000 0.000000 0.000000 0.000000 0.000000 0.000000
5.191503 0.000000 0.069784 0.017665 0.009779 0.547763 0.001426 0.144518 0.004398 0.128507 -0.005357 0.002828 0.522117 0.001390 0.138226 -0.007071 0.603478 0.777074 0.112613 1.053686 0.134007 0.296742 0.118621 0.658759 0.150744 0.028791 0.789625 0.146678 0.292198 -0.208897 -0.697949 0.903291 0.142874 -0.283673 0.137170 -0.201251 0.126170 -0.525339 0.070995 0.015401 -0.514384 0.144262 -0.194076 -0.212511 2.584527 2.347190 -8.234575 0.253014 0.193716 -4.990715 2.584527 2.347190 -0.386575 0.253014 0.193716 2.857285 0.000000 0.000000 -7.848000 0.000000 0.000000 -7.848000 0.000000 0.000000 0.000000 0.000000 0.000000 0.000000 0.000000 0.000000 0.000000 0.000000 0.000000 0.000000 0.000000 0.000000 0.000000 0.000000 0.000000 0.000000 0.000000 0.000000 0.000000 0.000000 0.000000 0.000000
5.219058 0.000000 0.069772 0.017665 0.009791 0.546361 0.001390 0.143943 0.004398 0.128459 -0.005261 0.002828 0.520715 0.001330 0.138034 -0.007035 0.604716 0.802157 0.118560 1.040419 0.141981 0.281464 0.120118 0.691750 0.165938 0.036092 0.802740 0.152515 0.283367 -0.208542 -0.698567 0.928364 0.148854 -0.298852 0.145134 -0.217469 0.127655 -0.494184 0.086454 0.022844 -0.503099 0.150111 -0.203702 -0.212128 2.509446 2.403748 -8.054702 0.119711 0.245602 -4.912250 2.509446 2.403748 -0.206702 0.119711 0.245602 2.935750 0.000000 0.000000 -7.848000 0.000000 0.000000 -7.848000 0.000000 0.000000 0.000000 0.000000 0.000000 0.000000 0.000000 0.000000 0.000000 0.000000 0.000000 0.000000 0.000000 0.000000 0.000000 0.000000 0.000000 0.000000 0.000000 0.000000 0.000000 0.000000 0.000000 0.000000
5.250153 0.000000 0.069700 0.017605 0.009791 0.539530 0.001414 0.141030 0.004362 0.128004 -0.005033 0.002828 0.514890 0.001342 0.137471 -0.006987 0.624653 0.804304 0.114051 1.069274 0.149314 0.260283 0.119053 0.701484 0.165183 0.036309 0.839342 0.147943 0.287490 -0.210036 -0.687708 0.930223 0.144410 -0.279324 0.152420 -0.243254 0.126561 -0.492579 0.086387 0.023404 -0.474242 0.145570 -0.202872 -0.213518 2.504502 2.402981 -8.079863 0.229198 0.233939 -5.183097 2.504502 2.402981 -0.231863 0.229198 0.233939 2.664903 0.000000 0.000000 -7.848000 0.000000 0.000000 -7.848000 0.000000 0.000000 0.000000 0.000000 0.000000 0.000000 0.000000 0.000000 0.000000 0.000000 0.000000 0.000000 0.000000 0.000000 0.000000 0.000000 0.000000 0.000000 0.000000 0.000000 0.000000 0.000000 0.000000 0.000000
5.282358 0.000000 0.069640 0.017569 0.009779 0.538415 0.001414 0.140395 0.004362 0.127836 -0.005009 0.002852 0.513488 0.001342 0.137315 -0.006999 0.613842 0.811957 0.114139 1.137670 0.145740 0.259659 0.122670 0.667394 0.152199 0.034525 0.904237 0.154056 0.297391 -0.212347 -0.700188 0.937745 0.144465 -0.212569 0.148834 -0.244720 0.130163 -0.528775 0.073528 0.021662 -0.411279 0.151681 -0.193797 -0.215818 2.880377 2.456406 -8.737898 0.687088 0.167370 -5.952591 2.880377 2.456406 -0.889898 0.687088 0.167370 1.895409 0.000000 0.000000 -7.848000 0.000000 0.000000 -7.848000 0.000000 0.000000 0.000000 0.000000 0.000000 0.000000 0.000000 0.000000 0.000000 0.000000 0.000000 0.000000 0.000000 0.000000 0.000000 0.000000 0.000000 0.000000 0.000000 0.000000 0.000000 0.000000 0.000000 0.000000
5.312901 0.000000 0.069760 0.017521 0.009767 0.528912 0.001438 0.139508 0.004266 0.127932 -0.004818 0.002852 0.503038 0.001342 0.136836 -0.006963 0.602156 0.818374 0.112578 1.141620 0.142836 0.254823 0.124320 0.700931 0.138624 0.031084 0.910810 0.149174 0.319958 -0.214479 -0.722386 0.943844 0.143028 -0.219732 0.145898 -0.254315 0.131776 -0.507074 0.060563 0.018445 -0.417157 0.146815 -0.176402 -0.217860 2.953996 2.468604 -8.708055 0.584140 0.137818 -5.872819 2.953996 2.468604 -0.860055 0.584140 0.137818 1.975181 0.000000 0.000000 -7.848000 0.000000 0.000000 -7.848000 0.000000 0.000000 0.000000 0.000000 0.000000 0.000000 0.000000 0.000000 0.000000 0.000000 0.000000 0.000000 0.000000 0.000000 0.000000 0.000000 0.000000 0.000000 0.000000 0.000000 0.000000 0.000000 0.000000 0.000000
5.352529 0.000000 0.069640 0.017521 0.009803 0.518989 0.001426 0.138478 0.004242 0.127740 -0.004710 0.002852 0.492600 0.001366 0.135326 -0.006987 0.590538 0.825885 0.124641 1.167175 0.139796 0.267378 0.127471 0.682858 0.140848 0.036380 0.873431 0.156674 0.334404 -0.215101 -0.745504 0.951230 0.155288 -0.205954 0.142845 -0.246828 0.134909 -0.538017 0.063199 0.023850 -0.467626 0.154313 -0.167677 -0.218421 3.162392 2.516565 -8.922958 0.539154 0.159989 -5.601016 3.162392 2.516565 -1.074958 0.539154 0.159989 2.246984 0.000000 0.000000 -7.848000 0.000000 0.000000 -7.848000 0.000000 0.000000 0.000000 0.000000 0.000000 0.000000 0.000000 0.000000 0.000000 0.000000 0.000000 0.000000 0.000000 0.000000 0.000000 0.000000 0.000000 0.000000 0.000000 0.000000 0.000000 0.000000 0.000000 0.000000
5.379242 0.000000 0.069580 0.017557 0.009791 0.515813 0.001426 0.138214 0.004242 0.126997 -0.004626 0.002852 0.489807 0.001342 0.134331 -0.006951 0.614205 0.848085 0.141525 1.165453 0.138472 0.295868 0.131692 0.676130 0.157481 0.043286 0.857730 0.160828 0.335570 -0.216539 -0.725512 0.973444 0.172287 -0.211405 0.141524 -0.219925 0.139138 -0.550185 0.080137 0.030918 -0.487845 0.158484 -0.168615 -0.219815 3.093022 2.587785 -8.872602 0.503359 0.212234 -5.469612 3.093022 2.587785 -1.024602 0.503359 0.212234 2.378388 0.000000 0.000000 -7.848000 0.000000 0.000000 -7.848000 0.000000 0.000000 0.000000 0.000000 0.000000 0.000000 0.000000 0.000000 0.000000 0.000000 0.000000 0.000000 0.000000 0.000000 0.000000 0.000000 0.000000 0.000000 0.000000 0.000000 0.000000 0.000000 0.000000 0.000000
5.418522 0.000000 0.069281 0.017473 0.009671 0.505135 0.001414 0.136680 0.004182 0.122874 -0.004638 0.002852 0.484235 0.001330 0.131311 -0.006951 0.636638 0.843193 0.143766 1.166541 0.148544 0.339849 0.131889 0.669543 0.151014 0.044080 0.937195 0.165889 0.370325 -0.216636 -0.715864 0.967939 0.174580 -0.223140 0.151557 -0.181568 0.139277 -0.574679 0.074018 0.031914 -0.420698 0.163553 -0.139673 -0.219856 3.047448 2.574999 -8.797745 0.937418 0.167050 -6.248418 3.047448 2.574999 -0.949745 0.937418 0.167050 1.599582 0.000000 0.000000 -7.848000 0.000000 0.000000 -7.848000 0.000000 0.000000 0.000000 0.000000 0.000000 0.000000 0.000000 0.000000 0.000000 0.000000 0.000000 0.000000 0.000000 0.000000 0.000000 0.000000 0.000000 0.000000 0.000000 0.000000 0.000000 0.000000 0.000000 0.000000
5.467736 0.000000 0.069281 0.017365 0.009659 0.501756 0.001354 0.136117 0.004123 0.121760 -0.004566 0.002852 0.481382 0.001330 0.131059 -0.006939 0.653183 0.830885 0.128228 1.134468 0.158214 0.356875 0.131275 0.675126 0.158991 0.042670 0.952678 0.170939 0.373733 -0.222066 -0.703127 0.955263 0.158936 -0.259169 0.161191 -0.166301 0.138594 -0.575135 0.082285 0.030671 -0.409786 0.168612 -0.138180 -0.225242 2.824767 2.505194 -8.453718 0.982660 0.178512 -6.347012 2.824767 2.505194 -0.605718 0.982660 0.178512 1.500988 0.000000 0.000000 -7.848000 0.000000 0.000000 -7.848000 0.000000 0.000000 0.000000 0.000000 0.000000 0.000000 0.000000 0.000000 0.000000 0.000000 0.000000 0.000000 0.000000 0.000000 0.000000 0.000000 0.000000 0.000000 0.000000 0.000000 0.000000 0.000000 0.000000 0.000000
5.509688 0.000000 0.069281 0.017353 0.009635 0.496327 0.001378 0.133013 0.004087 0.119243 -0.004111 0.002948 0.473856 0.001306 0.130125 -0.006891 0.703799 0.834939 0.138711 1.194477 0.164728 0.385155 0.132762 0.683596 0.180840 0.050220 0.956383 0.174494 0.415773 -0.223614 -0.659519 0.959128 0.169521 -0.206444 0.167658 -0.141794 0.140069 -0.581574 0.105655 0.039082 -0.417706 0.172217 -0.101090 -0.226591 2.883683 2.544779 -8.780243 1.015201 0.240385 -6.403406 2.883683 2.544779 -0.932243 1.015201 0.240385 1.444594 0.000000 0.000000 -7.848000 0.000000 0.000000 -7.848000 0.000000 0.000000 0.000000 0.000000 0.000000 0.000000 0.000000 0.000000 0.000000 0.000000 0.000000 0.000000 0.000000 0.000000 0.000000 0.000000 0.000000 0.000000 0.000000 0.000000 0.000000 0.000000 0.000000 0.000000
5.557098 0.000000 0.069317 0.017353 0.009623 0.484534 0.001402 0.131503 0.004063 0.117673 -0.003739 0.002984 0.462603 0.001294 0.127896 -0.006867 0.678698 0.843495 0.148798 1.086489 0.156000 0.374204 0.134680 0.644601 0.171171 0.042474 0.898312 0.177062 0.438922 -0.228437 -0.697363 0.967447 0.179836 -0.327738 0.158914 -0.158538 0.141978 -0.637471 0.097174 0.031975 -0.490936 0.174820 -0.084662 -0.231247 2.513004 2.530854 -7.829572 1.021730 0.216652 -6.077226 2.513004 2.530854 0.018428 1.021730 0.216652 1.770774 0.000000 0.000000 -7.848000 0.000000 0.000000 -7.848000 0.000000 0.000000 0.000000 0.000000 0.000000 0.000000 0.000000 0.000000 0.000000 0.000000 0.000000 0.000000 0.000000 0.000000 0.000000 0.000000 0.000000 0.000000 0.000000 0.000000 0.000000 0.000000 0.000000 0.000000
5.597290 0.000000 0.069281 0.017233 0.009671 0.470609 0.001390 0.127944 0.004063 0.115780 -0.003344 0.003020 0.448989 0.001318 0.123641 -0.006855 0.695469 0.849045 0.149628 1.025129 0.149872 0.373023 0.134246 0.595690 0.175898 0.043786 0.869007 0.178862 0.403284 -0.229947 -0.696292 0.972515 0.180750 -0.405368 0.152737 -0.167225 0.141488 -0.707129 0.103181 0.033981 -0.538904 0.176657 -0.128946 -0.232565 2.146406 2.505785 -7.128152 1.106236 0.234199 -5.836621 2.146406 2.505785 0.719848 1.106236 0.234199 2.011379 0.000000 0.000000 -7.848000 0.000000 0.000000 -7.848000 0.000000 0.000000 0.000000 0.000000 0.000000 0.000000 0.000000 0.000000 0.000000 0.000000 0.000000 0.000000 0.000000 0.000000 0.000000 0.000000 0.000000 0.000000 0.000000 0.000000 0.000000 0.000000 0.000000 0.000000
5.640365 0.000000 0.069257 0.017173 0.009575 0.466126 0.001402 0.127069 0.004051 0.114030 -0.003356 0.002948 0.447611 0.001318 0.121472 -0.006831 0.688390 0.853808 0.135171 0.962401 0.158307 0.368412 0.129410 0.578364 0.170735 0.038045 0.922260 0.180424 0.360875 -0.232841 -0.708282 0.976890 0.166268 -0.473157 0.161156 -0.174108 0.136627 -0.731082 0.098014 0.028305 -0.489873 0.178230 -0.173616 -0.235435 1.884477 2.464618 -6.588103 1.373145 0.196309 -6.204019 1.884477 2.464618 1.259897 1.373145 0.196309 1.643981 0.000000 0.000000 -7.848000 0.000000 0.000000 -7.848000 0.000000 0.000000 0.000000 0.000000 0.000000 0.000000 0.000000 0.000000 0.000000 0.000000 0.000000 0.000000 0.000000 0.000000 0.000000 0.000000 0.000000 0.000000 0.000000 0.000000 0.000000 0.000000 0.000000 0.000000
5.672153 0.000000 0.068358 0.016946 0.009551 0.461333 0.001354 0.124037 0.003967 0.112017 -0.002996 0.003200 0.442158 0.001306 0.117841 -0.006807 0.785432 0.894932 0.161478 1.065727 0.163708 0.395392 0.135348 0.618551 0.208539 0.051720 0.950605 0.181860 0.352027 -0.232693 -0.619422 1.017265 0.192252 -0.376950 0.166471 -0.150766 0.142445 -0.702946 0.137270 0.042707 -0.470948 0.179708 -0.187184 -0.235122 1.932398 2.618256 -7.115438 1.260404 0.308661 -6.186391 1.932398 2.618256 0.732562 1.260404 0.308661 1.661609 0.000000 0.000000 -7.848000 0.000000 0.000000 -7.848000 0.000000 0.000000 0.000000 0.000000 0.000000 0.000000 0.000000 0.000000 0.000000 0.000000 0.000000 0.000000 0.000000 0.000000 0.000000 0.000000 0.000000 0.000000 0.000000 0.000000 0.000000 0.000000 0.000000 0.000000
5.701068 0.000000 0.068646 0.016898 0.009527 0.456431 0.001354 0.123545 0.003991 0.111837 -0.002684 0.003499 0.434920 0.001294 0.115468 -0.006771 0.738245 0.872753 0.149521 1.081653 0.167011 0.401651 0.132798 0.595589 0.180299 0.035866 0.969541 0.182031 0.339144 -0.238588 -0.670942 0.994861 0.180317 -0.365968 0.169774 -0.146628 0.139881 -0.734667 0.110347 0.027399 -0.460814 0.179913 -0.204201 -0.240882 2.242850 2.568198 -7.388896 1.461731 0.212468 -6.354381 2.242850 2.568198 0.459104 1.461731 0.212468 1.493619 0.000000 0.000000 -7.848000 0.000000 0.000000 -7.848000 0.000000 0.000000 0.000000 0.000000 0.000000 0.000000 0.000000 0.000000 0.000000 0.000000 0.000000 0.000000 0.000000 0.000000 0.000000 0.000000 0.000000 0.000000 0.000000 0.000000 0.000000 0.000000 0.000000 0.000000
5.743760 0.000000 0.068610 0.016790 0.009492 0.452788 0.001342 0.123342 0.003979 0.111741 -0.002720 0.003535 0.431660 0.001306 0.115288 -0.006783 0.709467 0.893044 0.161528 1.141624 0.171981 0.437388 0.138207 0.549028 0.189642 0.042284 1.003522 0.182994 0.336397 -0.239934 -0.703463 1.014767 0.192204 -0.309829 0.174731 -0.112492 0.145245 -0.784804 0.119701 0.033758 -0.430407 0.180867 -0.208427 -0.242229 2.741737 2.671032 -8.058907 1.831598 0.222551 -6.761969 2.741737 2.671032 -0.210907 1.831598 0.222551 1.086031 0.000000 0.000000 -7.848000 0.000000 0.000000 -7.848000 0.000000 0.000000 0.000000 0.000000 0.000000 0.000000 0.000000 0.000000 0.000000 0.000000 0.000000 0.000000 0.000000 0.000000 0.000000 0.000000 0.000000 0.000000 0.000000 0.000000 0.000000 0.000000 0.000000 0.000000
5.769047 0.000000 0.068334 0.016778 0.009503 0.441439 0.001318 0.120813 0.003955 0.111873 -0.002672 0.003559 0.422504 0.001318 0.114270 -0.006771 0.664769 0.903951 0.164709 1.133036 0.174419 0.420667 0.139683 0.565426 0.186383 0.040758 1.007432 0.183507 0.347822 -0.241317 -0.760805 1.025424 0.195553 -0.331141 0.177133 -0.134972 0.146691 -0.777600 0.116683 0.032275 -0.436261 0.181381 -0.201175 -0.243572 2.921326 2.702369 -8.004493 1.783124 0.215526 -6.702158 2.921326 2.702369 -0.156493 1.783124 0.215526 1.145842 0.000000 0.000000 -7.848000 0.000000 0.000000 -7.848000 0.000000 0.000000 0.000000 0.000000 0.000000 0.000000 0.000000 0.000000 0.000000 0.000000 0.000000 0.000000 0.000000 0.000000 0.000000 0.000000 0.000000 0.000000 0.000000 0.000000 0.000000 0.000000 0.000000 0.000000
5.793045 0.000000 0.068070 0.016790 0.009515 0.431552 0.001318 0.117457 0.003955 0.111705 -0.002637 0.003763 0.410508 0.001342 0.112017 -0.006735 0.718999 0.890590 0.171166 1.150449 0.175752 0.436440 0.138850 0.560891 0.187010 0.041312 0.980739 0.183744 0.337437 -0.242382 -0.717902 1.011896 0.202196 -0.325101 0.178430 -0.124592 0.145848 -0.795180 0.117880 0.032893 -0.476255 0.181626 -0.217447 -0.244574 2.740336 2.674139 -7.893992 1.678921 0.227872 -6.399595 2.740336 2.674139 -0.045992 1.678921 0.227872 1.448405 0.000000 0.000000 -7.848000 0.000000 0.000000 -7.848000 0.000000 0.000000 0.000000 0.000000 0.000000 0.000000 0.000000 0.000000 0.000000 0.000000 0.000000 0.000000 0.000000 0.000000 0.000000 0.000000 0.000000 0.000000 0.000000 0.000000 0.000000 0.000000 0.000000 0.000000
5.827126 0.000000 0.068094 0.016754 0.009480 0.429443 0.001318 0.117254 0.003943 0.111525 -0.002660 0.003715 0.408866 0.001330 0.110986 -0.006735 0.734362 0.920040 0.201670 1.124500 0.178311 0.447189 0.144771 0.596589 0.180105 0.034995 0.961433 0.184150 0.320638 -0.249663 -0.704549 1.041160 0.232673 -0.353173 0.180981 -0.114747 0.151752 -0.761899 0.110869 0.026531 -0.497805 0.182029 -0.235395 -0.251862 2.591751 2.776639 -7.675708 1.398691 0.215348 -6.071499 2.591751 2.776639 0.172292 1.398691 0.215348 1.776501 0.000000 0.000000 -7.848000 0.000000 0.000000 -7.848000 0.000000 0.000000 0.000000 0.000000 0.000000 0.000000 0.000000 0.000000 0.000000 0.000000 0.000000 0.000000 0.000000 0.000000 0.000000 0.000000 0.000000 0.000000 0.000000 0.000000 0.000000 0.000000 0.000000 0.000000
5.871358 0.000000 0.067867 0.016442 0.009360 0.421317 0.001306 0.114893 0.003859 0.110578 -0.002684 0.003691 0.404024 0.001318 0.109740 -0.006711 0.749693 0.903412 0.203309 1.167140 0.180454 0.430368 0.144522 0.659906 0.189816 0.049022 1.020029 0.185058 0.357910 -0.249321 -0.698253 1.023410 0.233906 -0.319564 0.183048 -0.135761 0.151369 -0.705985 0.120601 0.040552 -0.445467 0.182940 -0.200929 -0.251505 2.673649 2.748007 -7.826835 1.370566 0.254641 -6.355126 2.673649 2.748007 0.021165 1.370566 0.254641 1.492874 0.000000 0.000000 -7.848000 0.000000 0.000000 -7.848000 0.000000 0.000000 0.000000 0.000000 0.000000 0.000000 0.000000 0.000000 0.000000 0.000000 0.000000 0.000000 0.000000 0.000000 0.000000 0.000000 0.000000 0.000000 0.000000 0.000000 0.000000 0.000000 0.000000 0.000000
5.906126 0.000000 0.067723 0.016442 0.009336 0.420191 0.001294 0.113563 0.003847 0.110291 -0.002577 0.003823 0.402670 0.001294 0.109524 -0.006699 0.800693 0.921003 0.230310 1.211690 0.182266 0.414836 0.145521 0.652399 0.194807 0.056901 1.021057 0.185464 0.360639 -0.249664 -0.649134 1.040920 0.260922 -0.276746 0.184839 -0.152299 0.152358 -0.715572 0.126091 0.048649 -0.446148 0.183356 -0.198936 -0.251808 2.609402 2.833775 -7.951011 1.412106 0.277825 -6.382328 2.609402 2.833775 -0.103011 1.412106 0.277825 1.465672 0.000000 0.000000 -7.848000 0.000000 0.000000 -7.848000 0.000000 0.000000 0.000000 0.000000 0.000000 0.000000 0.000000 0.000000 0.000000 0.000000 0.000000 0.000000 0.000000 0.000000 0.000000 0.000000 0.000000 0.000000 0.000000 0.000000 0.000000 0.000000 0.000000 0.000000
5.937761 0.000000 0.067747 0.016490 0.009360 0.416727 0.001282 0.111705 0.003871 0.110099 -0.002289 0.004039 0.399902 0.001306 0.109068 -0.006699 0.771239 0.910819 0.230207 1.226369 0.183012 0.407302 0.143806 0.691632 0.192464 0.052320 1.081384 0.185593 0.388445 -0.252444 -0.682410 1.030816 0.260967 -0.266080 0.185573 -0.161875 0.150656 -0.679639 0.124801 0.044591 -0.388933 0.183507 -0.172483 -0.254475 2.811821 2.822275 -8.102825 1.512812 0.256116 -6.763030 2.811821 2.822275 -0.254825 1.512812 0.256116 1.084970 0.000000 0.000000 -7.848000 0.000000 0.000000 -7.848000 0.000000 0.000000 0.000000 0.000000 0.000000 0.000000 0.000000 0.000000 0.000000 0.000000 0.000000 0.000000 0.000000 0.000000 0.000000 0.000000 0.000000 0.000000 0.000000 0.000000 0.000000 0.000000 0.000000 0.000000
5.994476 0.000000 0.067807 0.016478 0.009336 0.414367 0.001294 0.111441 0.003871 0.110219 -0.002265 0.004015 0.398248 0.001306 0.109032 -0.006687 0.772225 0.940202 0.256534 1.214895 0.184976 0.405302 0.147143 0.720605 0.181715 0.042066 1.091341 0.185527 0.411283 -0.257334 -0.683546 1.060088 0.287312 -0.279851 0.187535 -0.164859 0.153991 -0.651965 0.114078 0.034362 -0.380511 0.183444 -0.150269 -0.259354 2.781705 2.926070 -8.007968 1.451901 0.215405 -6.799356 2.781705 2.926070 -0.159968 1.451901 0.215405 1.048644 0.000000 0.000000 -7.848000 0.000000 0.000000 -7.848000 0.000000 0.000000 0.000000 0.000000 0.000000 0.000000 0.000000 0.000000 0.000000 0.000000 0.000000 0.000000 0.000000 0.000000 0.000000 0.000000 0.000000 0.000000 0.000000 0.000000 0.000000 0.000000 0.000000 0.000000
6.052229 0.000000 0.067783 0.016442 0.009348 0.409165 0.001282 0.110794 0.003859 0.110183 -0.002289 0.004003 0.393766 0.001282 0.108757 -0.006651 0.739045 0.932317 0.269204 1.220890 0.186191 0.404192 0.144336 0.715254 0.180336 0.051171 1.105613 0.186120 0.439052 -0.259907 -0.721761 1.052033 0.300004 -0.279052 0.188738 -0.168205 0.151161 -0.661742 0.112680 0.043415 -0.370791 0.184040 -0.124387 -0.261926 2.984385 2.938049 -8.119640 1.577478 0.219208 -6.968533 2.984385 2.938049 -0.271640 1.577478 0.219208 0.879467 0.000000 0.000000 -7.848000 0.000000 0.000000 -7.848000 0.000000 0.000000 0.000000 0.000000 0.000000 0.000000 0.000000 0.000000 0.000000 0.000000 0.000000 0.000000 0.000000 0.000000 0.000000 0.000000 0.000000 0.000000 0.000000 0.000000 0.000000 0.000000 0.000000 0.000000
6.099545 0.000000 0.067807 0.016430 0.009324 0.404851 0.001294 0.110578 0.003835 0.110219 -0.002253 0.004003 0.389931 0.001282 0.108553 -0.006663 0.764685 0.940815 0.276317 1.178300 0.186775 0.418588 0.145412 0.757656 0.169604 0.048759 1.098630 0.186136 0.467990 -0.260892 -0.700045 1.060374 0.307161 -0.325759 0.189315 -0.155512 0.152228 -0.622936 0.102060 0.041049 -0.381569 0.184052 -0.097016 -0.262894 2.689489 2.946669 -7.728158 1.381265 0.200556 -6.831472 2.689489 2.946669 0.119842 1.381265 0.200556 1.016528 0.000000 0.000000 -7.848000 0.000000 0.000000 -7.848000 0.000000 0.000000 0.000000 0.000000 0.000000 0.000000 0.000000 0.000000 0.000000 0.000000 0.000000 0.000000 0.000000 0.000000 0.000000 0.000000 0.000000 0.000000 0.000000 0.000000 0.000000 0.000000 0.000000 0.000000
6.179098 0.000000 0.067375 0.016430 0.009216 0.395923 0.001282 0.104994 0.003811 0.110003 -0.002253 0.003979 0.376053 0.001318 0.106732 -0.006627 0.826389 0.938618 0.278640 1.272985 0.187459 0.353426 0.145306 0.829489 0.156546 0.048394 0.993834 0.186410 0.513701 -0.260687 -0.649326 1.057758 0.309609 -0.241824 0.189924 -0.226231 0.152095 -0.565140 0.089123 0.040653 -0.500642 0.184328 -0.057442 -0.262639 2.691602 2.955791 -7.957454 0.648787 0.213723 -5.870938 2.691602 2.955791 -0.109454 0.648787 0.213723 1.977062 0.000000 0.000000 -7.848000 0.000000 0.000000 -7.848000 0.000000 0.000000 0.000000 0.000000 0.000000 0.000000 0.000000 0.000000 0.000000 0.000000 0.000000 0.000000 0.000000 0.000000 0.000000 0.000000 0.000000 0.000000 0.000000 0.000000 0.000000 0.000000 0.000000 0.000000
6.232597 0.000000 0.067411 0.016155 0.009120 0.384778 0.001258 0.102489 0.003751 0.107654 -0.002289 0.003955 0.367269 0.001318 0.101638 -0.006603 0.797084 0.923439 0.280632 1.209890 0.187778 0.310894 0.149351 0.809167 0.166945 0.057965 1.019677 0.186754 0.478983 -0.264952 -0.689199 1.041542 0.311296 -0.315949 0.190178 -0.273721 0.156019 -0.600762 0.099639 0.050267 -0.487128 0.184678 -0.098236 -0.266862 2.483871 2.899127 -7.387167 0.813213 0.243932 -5.974549 2.483871 2.899127 0.460833 0.813213 0.243932 1.873451 0.000000 0.000000 -7.848000 0.000000 0.000000 -7.848000 0.000000 0.000000 0.000000 0.000000 0.000000 0.000000 0.000000 0.000000 0.000000 0.000000 0.000000 0.000000 0.000000 0.000000 0.000000 0.000000 0.000000 0.000000 0.000000 0.000000 0.000000 0.000000 0.000000 0.000000
6.266822 0.000000 0.067196 0.016047 0.009072 0.372649 0.001246 0.100116 0.003727 0.103688 -0.002229 0.003955 0.358784 0.001294 0.097875 -0.006519 0.841350 0.928998 0.282509 1.244541 0.187879 0.335234 0.148674 0.827499 0.143995 0.049533 1.053589 0.186684 0.466442 -0.267922 -0.656642 1.046510 0.313150 -0.293136 0.190241 -0.254614 0.155283 -0.600501 0.077153 0.042141 -0.465947 0.184636 -0.116677 -0.269743 2.455255 2.917891 -7.471781 0.883586 0.175725 -6.086718 2.455255 2.917891 0.376219 0.883586 0.175725 1.761282 0.000000 0.000000 -7.848000 0.000000 0.000000 -7.848000 0.000000 0.000000 0.000000 0.000000 0.000000 0.000000 0.000000 0.000000 0.000000 0.000000 0.000000 0.000000 0.000000 0.000000 0.000000 0.000000 0.000000 0.000000 0.000000 0.000000 0.000000 0.000000 0.000000 0.000000
6.304173 0.000000 0.067196 0.015807 0.009084 0.369558 0.001246 0.100080 0.003715 0.103711 -0.002205 0.004051 0.354925 0.001306 0.097540 -0.006531 0.851017 0.946432 0.292816 1.201084 0.188219 0.344124 0.152963 0.781915 0.149002 0.052980 1.004570 0.186752 0.444473 -0.268353 -0.649608 1.063370 0.323088 -0.339326 0.190562 -0.246821 0.159490 -0.649525 0.082408 0.045635 -0.518576 0.184700 -0.140153 -0.270154 2.240431 2.955979 -7.149230 0.870278 0.198948 -5.802814 2.240431 2.955979 0.698770 0.870278 0.198948 2.045186 0.000000 0.000000 -7.848000 0.000000 0.000000 -7.848000 0.000000 0.000000 0.000000 0.000000 0.000000 0.000000 0.000000 0.000000 0.000000 0.000000 0.000000 0.000000 0.000000 0.000000 0.000000 0.000000 0.000000 0.000000 0.000000 0.000000 0.000000 0.000000 0.000000 0.000000
6.356875 0.000000 0.067172 0.015819 0.009108 0.353702 0.001258 0.096737 0.003703 0.103448 -0.002025 0.004063 0.335882 0.001306 0.093058 -0.006483 0.843872 0.953079 0.296328 1.193829 0.188489 0.334726 0.155714 0.767285 0.132395 0.053816 0.911516 0.186664 0.408404 -0.269197 -0.671069 1.069745 0.326845 -0.361432 0.190796 -0.262829 0.162230 -0.682586 0.066419 0.046751 -0.630394 0.184628 -0.184622 -0.270882 2.237051 2.974189 -6.987798 0.502554 0.190906 -5.028654 2.237051 2.974189 0.860202 0.502554 0.190906 2.819346 0.000000 0.000000 -7.848000 0.000000 0.000000 -7.848000 0.000000 0.000000 0.000000 0.000000 0.000000 0.000000 0.000000 0.000000 0.000000 0.000000 0.000000 0.000000 0.000000 0.000000 0.000000 0.000000 0.000000 0.000000 0.000000 0.000000 0.000000 0.000000 0.000000 0.000000
6.388611 0.000000 0.067148 0.015807 0.009084 0.352228 0.001246 0.096006 0.003679 0.103160 -0.002013 0.004063 0.333545 0.001282 0.092398 -0.006471 0.850088 0.969337 0.298565 1.188089 0.188511 0.338660 0.154723 0.762948 0.118865 0.048396 0.853654 0.186448 0.382166 -0.271028 -0.666350 1.085891 0.329079 -0.368689 0.190802 -0.259647 0.161224 -0.689755 0.052954 0.041362 -0.690762 0.184413 -0.211990 -0.272706 2.195239 3.010025 -6.933366 0.249312 0.167769 -4.575052 2.195239 3.010025 0.914634 0.249312 0.167769 3.272948 0.000000 0.000000 -7.848000 0.000000 0.000000 -7.848000 0.000000 0.000000 0.000000 0.000000 0.000000 0.000000 0.000000 0.000000 0.000000 0.000000 0.000000 0.000000 0.000000 0.000000 0.000000 0.000000 0.000000 0.000000 0.000000 0.000000 0.000000 0.000000 0.000000 0.000000
6.428215 0.000000 0.067184 0.015532 0.009000 0.343887 0.001258 0.094232 0.003595 0.099337 -0.002025 0.004039 0.329255 0.001282 0.090193 -0.006424 0.863476 0.942044 0.270725 1.220256 0.188145 0.359179 0.152845 0.822739 0.118402 0.053427 0.973888 0.186888 0.407055 -0.272073 -0.660203 1.057650 0.300865 -0.344094 0.190375 -0.242494 0.159236 -0.642910 0.052678 0.046572 -0.578153 0.184869 -0.190572 -0.273699 2.273156 2.908981 -7.094296 0.508902 0.154860 -5.265184 2.273156 2.908981 0.753704 0.508902 0.154860 2.582816 0.000000 0.000000 -7.848000 0.000000 0.000000 -7.848000 0.000000 0.000000 0.000000 0.000000 0.000000 0.000000 0.000000 0.000000 0.000000 0.000000 0.000000 0.000000 0.000000 0.000000 0.000000 0.000000 0.000000 0.000000 0.000000 0.000000 0.000000 0.000000 0.000000 0.000000
6.476238 0.000000 0.067232 0.015520 0.009084 0.335175 0.001246 0.093201 0.003595 0.098343 -0.001870 0.004182 0.322472 0.001258 0.089522 -0.006400 0.859925 0.964642 0.287216 1.213092 0.188612 0.398300 0.156925 0.755713 0.110888 0.053308 0.975344 0.186780 0.401103 -0.272430 -0.670885 1.080190 0.317458 -0.358753 0.190833 -0.206553 0.163303 -0.717951 0.045860 0.046791 -0.583500 0.184773 -0.199347 -0.273981 2.348508 2.992268 -7.110196 0.859738 0.127123 -5.424545 2.348508 2.992268 0.737804 0.859738 0.127123 2.423455 0.000000 0.000000 -7.848000 0.000000 0.000000 -7.848000 0.000000 0.000000 0.000000 0.000000 0.000000 0.000000 0.000000 0.000000 0.000000 0.000000 0.000000 0.000000 0.000000 0.000000 0.000000 0.000000 0.000000 0.000000 0.000000 0.000000 0.000000 0.000000 0.000000 0.000000
6.524592 0.000000 0.067160 0.015520 0.009096 0.332059 0.001258 0.092147 0.003619 0.097635 -0.001870 0.004182 0.319763 0.001270 0.089235 -0.006388 0.889952 1.003571 0.296422 1.266102 0.188807 0.441145 0.156493 0.715116 0.096301 0.047210 1.059800 0.186701 0.443545 -0.276653 -0.643791 1.119076 0.326703 -0.308683 0.191025 -0.165079 0.162873 -0.762417 0.031336 0.040725 -0.501989 0.184696 -0.158126 -0.278187 2.528796 3.111818 -7.478938 1.514438 0.050693 -6.204417 2.528796 3.111818 0.369062 1.514438 0.050693 1.643583 0.000000 0.000000 -7.848000 0.000000 0.000000 -7.848000 0.000000 0.000000 0.000000 0.000000 0.000000 0.000000 0.000000 0.000000 0.000000 0.000000 0.000000 0.000000 0.000000 0.000000 0.000000 0.000000 0.000000 0.000000 0.000000 0.000000 0.000000 0.000000 0.000000 0.000000
6.563699 0.000000 0.066800 0.015316 0.008976 0.322495 0.001234 0.089091 0.003547 0.095538 -0.001858 0.004003 0.311686 0.001294 0.088096 -0.006364 0.891729 0.978067 0.286240 1.260696 0.188379 0.435297 0.154771 0.693286 0.110803 0.058563 1.070886 0.187002 0.469907 -0.273022 -0.651160 1.092676 0.316255 -0.323033 0.190528 -0.175057 0.161050 -0.795729 0.045726 0.052168 -0.499653 0.185001 -0.135443 -0.274509 2.468635 3.030421 -7.343674 1.714254 0.096108 -6.349989 2.468635 3.030421 0.504326 1.714254 0.096108 1.498011 0.000000 0.000000 -7.848000 0.000000 0.000000 -7.848000 0.000000 0.000000 0.000000 0.000000 0.000000 0.000000 0.000000 0.000000 0.000000 0.000000 0.000000 0.000000 0.000000 0.000000 0.000000 0.000000 0.000000 0.000000 0.000000 0.000000 0.000000 0.000000 0.000000 0.000000
6.593457 0.000000 0.066740 0.015220 0.008976 0.320662 0.001222 0.088599 0.003559 0.095131 -0.001870 0.004027 0.309900 0.001282 0.087772 -0.006376 0.910857 0.964930 0.283300 1.250697 0.188290 0.436733 0.155112 0.638283 0.103943 0.056070 1.041899 0.186827 0.470049 -0.275520 -0.633716 1.079296 0.313166 -0.334689 0.190431 -0.174369 0.161355 -0.853148 0.038912 0.049675 -0.530530 0.184821 -0.136110 -0.277008 2.318356 2.987977 -7.215337 1.881731 0.072796 -6.299763 2.318356 2.987977 0.632663 1.881731 0.072796 1.548237 0.000000 0.000000 -7.848000 0.000000 0.000000 -7.848000 0.000000 0.000000 0.000000 0.000000 0.000000 0.000000 0.000000 0.000000 0.000000 0.000000 0.000000 0.000000 0.000000 0.000000 0.000000 0.000000 0.000000 0.000000 0.000000 0.000000 0.000000 0.000000 0.000000 0.000000
6.628671 0.000000 0.066656 0.015004 0.008952 0.312141 0.001234 0.086346 0.003523 0.094064 -0.001750 0.004087 0.299402 0.001270 0.086850 -0.006340 0.956625 0.983938 0.298129 1.268625 0.188610 0.429421 0.156214 0.706781 0.094000 0.048131 1.015413 0.186780 0.507678 -0.278923 -0.595244 1.097605 0.327712 -0.324212 0.190704 -0.185045 0.162375 -0.795465 0.029470 0.041995 -0.566630 0.184785 -0.102450 -0.280337 2.169360 3.049702 -7.149291 1.491869 0.054004 -5.989158 2.169360 3.049702 0.698709 1.491869 0.054004 1.858842 0.000000 0.000000 -7.848000 0.000000 0.000000 -7.848000 0.000000 0.000000 0.000000 0.000000 0.000000 0.000000 0.000000 0.000000 0.000000 0.000000 0.000000 0.000000 0.000000 0.000000 0.000000 0.000000 0.000000 0.000000 0.000000 0.000000 0.000000 0.000000 0.000000 0.000000
6.665169 0.000000 0.066596 0.014824 0.009000 0.302937 0.001246 0.082392 0.003523 0.092267 -0.001762 0.004039 0.290066 0.001318 0.081133 -0.006340 0.954931 0.977675 0.299091 1.277471 0.188634 0.409083 0.157983 0.682625 0.094187 0.049491 1.046851 0.186760 0.485697 -0.282293 -0.605024 1.090834 0.328474 -0.323683 0.190676 -0.209379 0.164077 -0.832349 0.029714 0.043402 -0.545691 0.184766 -0.129632 -0.283653 2.181525 3.037253 -7.096579 1.726183 0.046775 -6.142371 2.181525 3.037253 0.751421 1.726183 0.046775 1.705629 0.000000 0.000000 -7.848000 0.000000 0.000000 -7.848000 0.000000 0.000000 0.000000 0.000000 0.000000 0.000000 0.000000 0.000000 0.000000 0.000000 0.000000 0.000000 0.000000 0.000000 0.000000 0.000000 0.000000 0.000000 0.000000 0.000000 0.000000 0.000000 0.000000 0.000000
6.695647 0.000000 0.066560 0.014741 0.008976 0.301835 0.001234 0.081924 0.003511 0.091979 -0.001738 0.004075 0.289407 0.001306 0.080390 -0.006292 0.963396 0.974113 0.297301 1.276010 0.188608 0.401028 0.157617 0.678763 0.104742 0.058628 1.054800 0.186985 0.466324 -0.280139 -0.597580 1.087023 0.326544 -0.326147 0.190636 -0.217912 0.163676 -0.837554 0.040417 0.052602 -0.538696 0.185007 -0.149516 -0.281481 2.114448 3.021845 -7.037993 1.738337 0.087043 -6.144192 2.114448 3.021845 0.810007 1.738337 0.087043 1.703808 0.000000 0.000000 -7.848000 0.000000 0.000000 -7.848000 0.000000 0.000000 0.000000 0.000000 0.000000 0.000000 0.000000 0.000000 0.000000 0.000000 0.000000 0.000000 0.000000 0.000000 0.000000 0.000000 0.000000 0.000000 0.000000 0.000000 0.000000 0.000000 0.000000 0.000000
6.736911 0.000000 0.066584 0.014501 0.008988 0.288736 0.001258 0.081085 0.003463 0.091595 -0.001630 0.004087 0.283127 0.001258 0.078089 -0.006256 0.939699 0.968961 0.295141 1.228030 0.188514 0.414318 0.157667 0.738850 0.086056 0.045306 1.146033 0.186778 0.461649 -0.283895 -0.630880 1.081121 0.324098 -0.384145 0.190511 -0.208700 0.163637 -0.783623 0.022051 0.039483 -0.453277 0.184812 -0.156886 -0.285192 2.044915 2.995047 -6.751194 1.833978 0.011822 -6.535991 2.044915 2.995047 1.096806 1.833978 0.011822 1.312009 0.000000 0.000000 -7.848000 0.000000 0.000000 -7.848000 0.000000 0.000000 0.000000 0.000000 0.000000 0.000000 0.000000 0.000000 0.000000 0.000000 0.000000 0.000000 0.000000 0.000000 0.000000 0.000000 0.000000 0.000000 0.000000 0.000000 0.000000 0.000000 0.000000 0.000000
6.778906 0.000000 0.066560 0.014513 0.009000 0.286111 0.001258 0.080702 0.003475 0.091524 -0.001642 0.004075 0.281941 0.001222 0.077418 -0.006256 0.959604 0.958929 0.290815 1.207671 0.188454 0.429870 0.157299 0.740117 0.091845 0.050574 1.179120 0.186808 0.449977 -0.285868 -0.612985 1.071083 0.319820 -0.406557 0.190452 -0.194019 0.163272 -0.783574 0.027805 0.044729 -0.421348 0.184839 -0.169131 -0.287175 1.869125 2.955944 -6.596090 1.944574 0.027162 -6.702767 1.869125 2.955944 1.251910 1.944574 0.027162 1.145233 0.000000 0.000000 -7.848000 0.000000 0.000000 -7.848000 0.000000 0.000000 0.000000 0.000000 0.000000 0.000000 0.000000 0.000000 0.000000 0.000000 0.000000 0.000000 0.000000 0.000000 0.000000 0.000000 0.000000 0.000000 0.000000 0.000000 0.000000 0.000000 0.000000 0.000000
6.819713 0.000000 0.066500 0.014273 0.008976 0.276308 0.001246 0.079647 0.003439 0.091559 -0.001558 0.004087 0.271754 0.001246 0.074734 -0.006232 0.974954 0.954404 0.290316 1.174506 0.188350 0.471500 0.157695 0.722240 0.088015 0.048932 1.162309 0.186836 0.388636 -0.288558 -0.604882 1.065810 0.318986 -0.447159 0.190315 -0.155483 0.163571 -0.809505 0.024253 0.043221 -0.446590 0.184875 -0.234234 -0.289803 1.712138 2.934444 -6.404275 1.865188 0.022424 -6.436287 1.712138 2.934444 1.443725 1.865188 0.022424 1.411713 0.000000 0.000000 -7.848000 0.000000 0.000000 -7.848000 0.000000 0.000000 0.000000 0.000000 0.000000 0.000000 0.000000 0.000000 0.000000 0.000000 0.000000 0.000000 0.000000 0.000000 0.000000 0.000000 0.000000 0.000000 0.000000 0.000000 0.000000 0.000000 0.000000 0.000000
6.879390 0.000000 0.066441 0.014189 0.008988 0.274331 0.001246 0.079276 0.003451 0.091212 -0.001546 0.004051 0.270088 0.001294 0.072864 -0.006220 0.982455 0.972500 0.292722 1.178116 0.188308 0.516651 0.162604 0.714717 0.083611 0.060680 1.247458 0.187002 0.332975 -0.288447 -0.598967 1.083717 0.321260 -0.445106 0.190269 -0.111005 0.168451 -0.819480 0.019845 0.054999 -0.363462 0.185047 -0.291010 -0.289663 1.779469 2.984802 -6.510664 2.173335 0.019739 -6.831622 1.779469 2.984802 1.337336 2.173335 0.019739 1.016378 0.000000 0.000000 -7.848000 0.000000 0.000000 -7.848000 0.000000 0.000000 0.000000 0.000000 0.000000 0.000000 0.000000 0.000000 0.000000 0.000000 0.000000 0.000000 0.000000 0.000000 0.000000 0.000000 0.000000 0.000000 0.000000 0.000000 0.000000 0.000000 0.000000 0.000000
6.945307 0.000000 0.066309 0.013914 0.008940 0.267788 0.001246 0.076951 0.003392 0.091044 -0.001486 0.004087 0.258919 0.001246 0.071857 -0.006208 1.042063 0.970353 0.297029 1.230197 0.188374 0.522557 0.166305 0.802580 0.080022 0.073150 1.110383 0.186923 0.358481 -0.292672 -0.544707 1.080755 0.325128 -0.398376 0.190278 -0.107579 0.172044 -0.740093 0.016529 0.067576 -0.509094 0.184966 -0.268993 -0.293855 1.716194 2.993151 -6.676038 1.166796 0.080854 -5.784591 1.716194 2.993151 1.171962 1.166796 0.080854 2.063409 0.000000 0.000000 -7.848000 0.000000 0.000000 -7.848000 0.000000 0.000000 0.000000 0.000000 0.000000 0.000000 0.000000 0.000000 0.000000 0.000000 0.000000 0.000000 0.000000 0.000000 0.000000 0.000000 0.000000 0.000000 0.000000 0.000000 0.000000 0.000000 0.000000 0.000000
6.996367 0.000000 0.066285 0.013818 0.008988 0.263150 0.001246 0.072349 0.003392 0.087485 -0.001438 0.004003 0.250326 0.001258 0.069365 -0.006184 1.066872 0.961632 0.285489 1.340093 0.188059 0.521654 0.162494 0.712903 0.094975 0.078789 1.191288 0.187025 0.379292 -0.294226 -0.524239 1.071800 0.313477 -0.292959 0.189908 -0.110982 0.168195 -0.843851 0.031648 0.073459 -0.437404 0.185076 -0.252162 -0.295338 2.062376 2.980870 -7.247956 2.021562 0.090801 -6.475778 2.062376 2.980870 0.600044 2.021562 0.090801 1.372222 0.000000 0.000000 -7.848000 0.000000 0.000000 -7.848000 0.000000 0.000000 0.000000 0.000000 0.000000 0.000000 0.000000 0.000000 0.000000 0.000000 0.000000 0.000000 0.000000 0.000000 0.000000 0.000000 0.000000 0.000000 0.000000 0.000000 0.000000 0.000000 0.000000 0.000000
7.047564 0.000000 0.066333 0.012488 0.009024 0.252699 0.001246 0.071857 0.003344 0.085747 -0.001174 0.004326 0.245605 0.001246 0.069269 -0.006136 1.022276 0.946260 0.290966 1.244815 0.188134 0.515103 0.162900 0.809275 0.089635 0.066711 1.224722 0.187023 0.418100 -0.296202 -0.575732 1.053612 0.316658 -0.395467 0.189901 -0.120413 0.168154 -0.754347 0.027531 0.061987 -0.408435 0.185099 -0.215092 -0.297193 1.858581 2.926833 -6.708521 1.754270 0.065362 -6.535747 1.858581 2.926833 1.139479 1.754270 0.065362 1.312253 0.000000 0.000000 -7.848000 0.000000 0.000000 -7.848000 0.000000 0.000000 0.000000 0.000000 0.000000 0.000000 0.000000 0.000000 0.000000 0.000000 0.000000 0.000000 0.000000 0.000000 0.000000 0.000000 0.000000 0.000000 0.000000 0.000000 0.000000 0.000000 0.000000 0.000000
7.090238 0.000000 0.066321 0.012296 0.009024 0.248577 0.001258 0.071738 0.003332 0.085627 -0.000923 0.004338 0.243879 0.001234 0.068897 -0.006112 1.046857 0.942501 0.296632 1.170468 0.188315 0.523283 0.165609 0.811008 0.091012 0.062293 1.218951 0.187038 0.427179 -0.299561 -0.553861 1.049396 0.322009 -0.472610 0.190071 -0.113335 0.170799 -0.754113 0.029452 0.058030 -0.415571 0.185132 -0.206600 -0.300466 1.417725 2.902091 -6.216469 1.738566 0.061166 -6.511273 1.417725 2.902091 1.631531 1.738566 0.061166 1.336727 0.000000 0.000000 -7.848000 0.000000 0.000000 -7.848000 0.000000 0.000000 0.000000 0.000000 0.000000 0.000000 0.000000 0.000000 0.000000 0.000000 0.000000 0.000000 0.000000 0.000000 0.000000 0.000000 0.000000 0.000000 0.000000 0.000000 0.000000 0.000000 0.000000 0.000000
7.144199 0.000000 0.065937 0.011757 0.009000 0.241230 0.001246 0.065578 0.003308 0.085531 -0.000851 0.004194 0.232985 0.001234 0.067831 -0.006064 1.104643 0.892293 0.285326 1.277232 0.188059 0.506991 0.165104 0.816513 0.076983 0.051056 1.147872 0.186884 0.463258 -0.300338 -0.503025 0.997889 0.309774 -0.372475 0.189722 -0.133138 0.170095 -0.756154 0.015386 0.046898 -0.494360 0.184989 -0.173661 -0.301193 1.531127 2.787945 -6.638514 1.479032 0.022625 -6.118666 1.531127 2.787945 1.209486 1.479032 0.022625 1.729334 0.000000 0.000000 -7.848000 0.000000 0.000000 -7.848000 0.000000 0.000000 0.000000 0.000000 0.000000 0.000000 0.000000 0.000000 0.000000 0.000000 0.000000 0.000000 0.000000 0.000000 0.000000 0.000000 0.000000 0.000000 0.000000 0.000000 0.000000 0.000000 0.000000 0.000000
7.200540 0.000000 0.065925 0.011529 0.008988 0.239457 0.001282 0.065566 0.003308 0.085471 -0.000851 0.004111 0.229821 0.001222 0.067291 -0.006064 1.104397 0.895790 0.291683 1.290232 0.188195 0.480848 0.167866 0.780126 0.065877 0.053473 1.089932 0.186900 0.489165 -0.302420 -0.504409 1.000887 0.315730 -0.360635 0.189850 -0.159728 0.172792 -0.794814 0.004148 0.049302 -0.554578 0.185003 -0.148715 -0.303274 1.551920 2.808371 -6.651451 1.465583 0.006993 -5.900355 1.551920 2.808371 1.196549 1.465583 0.006993 1.947645 0.000000 0.000000 -7.848000 0.000000 0.000000 -7.848000 0.000000 0.000000 0.000000 0.000000 0.000000 0.000000 0.000000 0.000000 0.000000 0.000000 0.000000 0.000000 0.000000 0.000000 0.000000 0.000000 0.000000 0.000000 0.000000 0.000000 0.000000 0.000000 0.000000 0.000000
7.242220 0.000000 0.065937 0.010438 0.008952 0.231475 0.001246 0.063409 0.003284 0.085400 -0.000803 0.004182 0.219611 0.001198 0.066285 -0.006064 1.070062 0.875841 0.290357 1.243243 0.188145 0.441794 0.171292 0.823636 0.064038 0.058043 1.018550 0.186798 0.524184 -0.302816 -0.544155 0.978584 0.312481 -0.413250 0.189726 -0.201261 0.175840 -0.758105 0.002590 0.053965 -0.632922 0.184897 -0.116525 -0.303637 1.444603 2.744952 -6.321511 0.988902 0.032489 -5.435350 1.444603 2.744952 1.526489 0.988902 0.032489 2.412650 0.000000 0.000000 -7.848000 0.000000 0.000000 -7.848000 0.000000 0.000000 0.000000 0.000000 0.000000 0.000000 0.000000 0.000000 0.000000 0.000000 0.000000 0.000000 0.000000 0.000000 0.000000 0.000000 0.000000 0.000000 0.000000 0.000000 0.000000 0.000000 0.000000 0.000000
7.283176 0.000000 0.065925 0.010199 0.008976 0.228168 0.001270 0.062630 0.003284 0.085232 -0.000767 0.004218 0.216759 0.001246 0.065662 -0.006052 1.076612 0.856945 0.283944 1.200504 0.188114 0.408028 0.172120 0.811032 0.057781 0.057415 0.926504 0.187023 0.522406 -0.303967 -0.539811 0.959212 0.305658 -0.458262 0.189680 -0.236009 0.176594 -0.772964 -0.003504 0.053415 -0.727053 0.185128 -0.119197 -0.304752 1.148127 2.672754 -5.967662 0.658045 0.035169 -4.915230 1.148127 2.672754 1.880338 0.658045 0.035169 2.932770 0.000000 0.000000 -7.848000 0.000000 0.000000 -7.848000 0.000000 0.000000 0.000000 0.000000 0.000000 0.000000 0.000000 0.000000 0.000000 0.000000 0.000000 0.000000 0.000000 0.000000 0.000000 0.000000 0.000000 0.000000 0.000000 0.000000 0.000000 0.000000 0.000000 0.000000
7.328503 0.000000 0.065817 0.010055 0.008976 0.220342 0.001258 0.060053 0.003284 0.082356 -0.000707 0.004194 0.212972 0.001258 0.060880 -0.006028 1.154975 0.853657 0.294126 1.223381 0.188076 0.407628 0.174185 0.766384 0.065171 0.066756 0.978133 0.187203 0.477441 -0.302591 -0.466898 0.955518 0.315622 -0.440885 0.189615 -0.238876 0.178599 -0.826919 0.004100 0.062998 -0.680715 0.185318 -0.166895 -0.303311 0.848610 2.678340 -5.920777 1.039798 0.056905 -5.176780 0.848610 2.678340 1.927223 1.039798 0.056905 2.671220 0.000000 0.000000 -7.848000 0.000000 0.000000 -7.848000 0.000000 0.000000 0.000000 0.000000 0.000000 0.000000 0.000000 0.000000 0.000000 0.000000 0.000000 0.000000 0.000000 0.000000 0.000000 0.000000 0.000000 0.000000 0.000000 0.000000 0.000000 0.000000 0.000000 0.000000
7.373212 0.000000 0.065817 0.009983 0.008952 0.219072 0.001246 0.060041 0.003272 0.081768 -0.000719 0.004182 0.212708 0.001282 0.060113 -0.006040 1.133360 0.841765 0.291544 1.253135 0.188020 0.408022 0.176062 0.755443 0.058088 0.063005 1.044781 0.187174 0.461222 -0.307314 -0.489263 0.943421 0.312914 -0.411907 0.189552 -0.238779 0.180446 -0.839391 -0.003006 0.059252 -0.614765 0.185285 -0.183492 -0.308026 1.085119 2.660926 -6.126123 1.367726 0.018783 -5.543349 1.085119 2.660926 1.721877 1.367726 0.018783 2.304651 0.000000 0.000000 -7.848000 0.000000 0.000000 -7.848000 0.000000 0.000000 0.000000 0.000000 0.000000 0.000000 0.000000 0.000000 0.000000 0.000000 0.000000 0.000000 0.000000 0.000000 0.000000 0.000000 0.000000 0.000000 0.000000 0.000000 0.000000 0.000000 0.000000 0.000000
7.415468 0.000000 0.065829 0.009839 0.008952 0.217346 0.001246 0.060041 0.003260 0.081541 -0.000707 0.004182 0.211785 0.001282 0.059957 -0.006028 1.126995 0.822919 0.283269 1.244562 0.187857 0.412071 0.173496 0.775691 0.045127 0.056149 1.074544 0.187061 0.457858 -0.311179 -0.496614 0.924270 0.304387 -0.421521 0.189380 -0.235125 0.177830 -0.820195 -0.015927 0.052428 -0.585749 0.185176 -0.187162 -0.311882 1.070992 2.601556 -6.087880 1.399835 -0.026380 -5.667626 1.070992 2.601556 1.760120 1.399835 -0.026380 2.180374 0.000000 0.000000 -7.848000 0.000000 0.000000 -7.848000 0.000000 0.000000 0.000000 0.000000 0.000000 0.000000 0.000000 0.000000 0.000000 0.000000 0.000000 0.000000 0.000000 0.000000 0.000000 0.000000 0.000000 0.000000 0.000000 0.000000 0.000000 0.000000 0.000000 0.000000
7.469694 0.000000 0.065817 0.009384 0.008964 0.207711 0.001258 0.059693 0.003236 0.080977 -0.000599 0.004302 0.206356 0.001234 0.058483 -0.005980 1.153662 0.807851 0.288058 1.191800 0.188017 0.429175 0.173462 0.815406 0.050743 0.078377 1.146299 0.187165 0.465125 -0.312508 -0.475586 0.908211 0.308397 -0.480122 0.189515 -0.220283 0.177640 -0.785178 -0.009823 0.074894 -0.518011 0.185295 -0.181631 -0.313165 0.726476 2.559252 -5.749506 1.501372 0.023249 -5.985126 0.726476 2.559252 2.098494 1.501372 0.023249 1.862874 0.000000 0.000000 -7.848000 0.000000 0.000000 -7.848000 0.000000 0.000000 0.000000 0.000000 0.000000 0.000000 0.000000 0.000000 0.000000 0.000000 0.000000 0.000000 0.000000 0.000000 0.000000 0.000000 0.000000 0.000000 0.000000 0.000000 0.000000 0.000000 0.000000 0.000000
7.524306 0.000000 0.065793 0.009396 0.008976 0.206332 0.001246 0.059082 0.003236 0.080666 -0.000611 0.004266 0.206093 0.001258 0.058195 -0.005992 1.152260 0.781168 0.281785 1.158674 0.187930 0.411115 0.171440 0.823084 0.030818 0.059470 1.197211 0.186927 0.458851 -0.314392 -0.477945 0.881551 0.302154 -0.514207 0.189424 -0.238792 0.175617 -0.778348 -0.029827 0.055975 -0.467508 0.185053 -0.188101 -0.315044 0.535783 2.477708 -5.516213 1.698269 -0.066682 -6.252802 0.535783 2.477708 2.331787 1.698269 -0.066682 1.595198 0.000000 0.000000 -7.848000 0.000000 0.000000 -7.848000 0.000000 0.000000 0.000000 0.000000 0.000000 0.000000 0.000000 0.000000 0.000000 0.000000 0.000000 0.000000 0.000000 0.000000 0.000000 0.000000 0.000000 0.000000 0.000000 0.000000 0.000000 0.000000 0.000000 0.000000
7.591356 0.000000 0.065626 0.009048 0.008976 0.203528 0.001246 0.057273 0.003212 0.080402 -0.000563 0.004242 0.197608 0.001282 0.057093 -0.005944 1.201039 0.766418 0.284914 1.369663 0.187876 0.468055 0.175876 0.774541 0.055131 0.060395 1.169154 0.187061 0.454723 -0.316313 -0.431467 0.866077 0.304654 -0.305348 0.189334 -0.182904 0.179932 -0.832567 -0.005401 0.056993 -0.501068 0.185201 -0.194463 -0.316917 1.310722 2.510566 -6.723763 1.808031 -0.014212 -6.135886 1.310722 2.510566 1.124237 1.808031 -0.014212 1.712114 0.000000 0.000000 -7.848000 0.000000 0.000000 -7.848000 0.000000 0.000000 0.000000 0.000000 0.000000 0.000000 0.000000 0.000000 0.000000 0.000000 0.000000 0.000000 0.000000 0.000000 0.000000 0.000000 0.000000 0.000000 0.000000 0.000000 0.000000 0.000000 0.000000 0.000000
7.679459 0.000000 0.065626 0.008737 0.009000 0.192622 0.001246 0.055978 0.003164 0.079503 -0.000467 0.004242 0.183179 0.001258 0.050310 -0.005956 1.104942 0.760949 0.285480 1.310934 0.187973 0.472739 0.178813 0.790009 0.057210 0.068109 1.099303 0.187167 0.367410 -0.315629 -0.533817 0.859906 0.304704 -0.370574 0.189397 -0.180839 0.182752 -0.828335 -0.003046 0.064915 -0.581234 0.185298 -0.286559 -0.316163 1.558062 2.501873 -6.534709 1.268735 0.030946 -5.461533 1.558062 2.501873 1.313291 1.268735 0.030946 2.386467 0.000000 0.000000 -7.848000 0.000000 0.000000 -7.848000 0.000000 0.000000 0.000000 0.000000 0.000000 0.000000 0.000000 0.000000 0.000000 0.000000 0.000000 0.000000 0.000000 0.000000 0.000000 0.000000 0.000000 0.000000 0.000000 0.000000 0.000000 0.000000 0.000000 0.000000
7.729132 0.000000 0.065626 0.008725 0.009012 0.188907 0.001234 0.055235 0.003152 0.078629 -0.000467 0.004242 0.181178 0.001234 0.050238 -0.005956 1.121158 0.771402 0.287352 1.247984 0.187903 0.461855 0.177111 0.782034 0.048097 0.062307 1.043209 0.187082 0.350594 -0.317533 -0.519739 0.870305 0.306573 -0.435749 0.189318 -0.192655 0.181037 -0.839141 -0.012121 0.059154 -0.638938 0.185212 -0.303983 -0.318065 1.184591 2.505752 -6.124641 1.051628 0.010205 -5.127364 1.184591 2.505752 1.723359 1.051628 0.010205 2.720636 0.000000 0.000000 -7.848000 0.000000 0.000000 -7.848000 0.000000 0.000000 0.000000 0.000000 0.000000 0.000000 0.000000 0.000000 0.000000 0.000000 0.000000 0.000000 0.000000 0.000000 0.000000 0.000000 0.000000 0.000000 0.000000 0.000000 0.000000 0.000000 0.000000 0.000000
7.781975 0.000000 0.064499 0.008425 0.008952 0.178205 0.001270 0.050789 0.003128 0.072804 -0.000360 0.004278 0.174994 0.001234 0.049471 -0.005932 1.218246 0.746606 0.278318 1.356985 0.187829 0.493312 0.177008 0.804664 0.060641 0.071095 1.154523 0.187177 0.390504 -0.315956 -0.431335 0.844650 0.296964 -0.334041 0.189196 -0.164484 0.180821 -0.831418 0.000917 0.068408 -0.534241 0.185316 -0.266626 -0.316395 1.205154 2.449346 -6.576182 1.504494 0.038417 -5.749656 1.205154 2.449346 1.271818 1.504494 0.038417 2.098344 0.000000 0.000000 -7.848000 0.000000 0.000000 -7.848000 0.000000 0.000000 0.000000 0.000000 0.000000 0.000000 0.000000 0.000000 0.000000 0.000000 0.000000 0.000000 0.000000 0.000000 0.000000 0.000000 0.000000 0.000000 0.000000 0.000000 0.000000 0.000000 0.000000 0.000000
7.849190 0.000000 0.064499 0.008305 0.008952 0.177151 0.001258 0.050777 0.003116 0.072541 -0.000216 0.004266 0.174083 0.001270 0.049339 -0.005920 1.177231 0.740101 0.279071 1.392929 0.187768 0.503964 0.178800 0.775032 0.038703 0.053276 1.231701 0.187169 0.415444 -0.327022 -0.472892 0.837905 0.297500 -0.298660 0.189126 -0.154042 0.182568 -0.862067 -0.020759 0.050864 -0.457716 0.185317 -0.241943 -0.327398 1.592655 2.455508 -6.855409 2.067695 -0.068152 -6.273621 1.592655 2.455508 0.992591 2.067695 -0.068152 1.574379 0.000000 0.000000 -7.848000 0.000000 0.000000 -7.848000 0.000000 0.000000 0.000000 0.000000 0.000000 0.000000 0.000000 0.000000 0.000000 0.000000 0.000000 0.000000 0.000000 0.000000 0.000000 0.000000 0.000000 0.000000 0.000000 0.000000 0.000000 0.000000 0.000000 0.000000
7.919944 0.000000 0.064379 0.008101 0.008964 0.167240 0.001270 0.050142 0.003116 0.072612 -0.000084 0.004242 0.166832 0.001258 0.048764 -0.005872 1.137232 0.736143 0.298387 1.392046 0.187896 0.508925 0.179001 0.755215 0.018617 0.056105 1.339483 0.187234 0.457119 -0.324251 -0.518208 0.833473 0.316474 -0.304885 0.189246 -0.151137 0.182696 -0.885548 -0.040610 0.053929 -0.353852 0.185397 -0.201789 -0.324570 1.819165 2.495207 -6.890845 2.722226 -0.127094 -6.942008 1.819165 2.495207 0.957155 2.722226 -0.127094 0.905992 0.000000 0.000000 -7.848000 0.000000 0.000000 -7.848000 0.000000 0.000000 0.000000 0.000000 0.000000 0.000000 0.000000 0.000000 0.000000 0.000000 0.000000 0.000000 0.000000 0.000000 0.000000 0.000000 0.000000 0.000000 0.000000 0.000000 0.000000 0.000000 0.000000 0.000000
7.965188 0.000000 0.064247 0.008065 0.008964 0.166281 0.001258 0.049723 0.003116 0.072600 -0.000084 0.004230 0.165922 0.001258 0.048512 -0.005884 1.173511 0.737297 0.313145 1.410271 0.187793 0.532618 0.180884 0.745696 0.008202 0.056661 1.371619 0.187068 0.475765 -0.320473 -0.482733 0.834543 0.331162 -0.287293 0.189137 -0.127729 0.184561 -0.895593 -0.051047 0.054483 -0.322247 0.185228 -0.183369 -0.320790 1.766002 2.530668 -6.981422 2.949647 -0.154791 -7.164323 1.766002 2.530668 0.866578 2.949647 -0.154791 0.683677 0.000000 0.000000 -7.848000 0.000000 0.000000 -7.848000 0.000000 0.000000 0.000000 0.000000 0.000000 0.000000 0.000000 0.000000 0.000000 0.000000 0.000000 0.000000 0.000000 0.000000 0.000000 0.000000 0.000000 0.000000 0.000000 0.000000 0.000000 0.000000 0.000000 0.000000
8.020964 0.000000 0.063924 0.007742 0.008940 0.156250 0.001246 0.045660 0.003080 0.072588 0.000132 0.004266 0.157413 0.001270 0.047565 -0.005848 1.220201 0.725222 0.315819 1.430891 0.187608 0.531960 0.179958 0.762938 0.003639 0.061328 1.370293 0.187087 0.521417 -0.324575 -0.442214 0.821677 0.333255 -0.272587 0.188904 -0.131032 0.183507 -0.882762 -0.055111 0.059553 -0.328135 0.185261 -0.139511 -0.324796 1.611457 2.507048 -6.972864 2.933533 -0.153968 -7.180308 1.611457 2.507048 0.875136 2.933533 -0.153968 0.667692 0.000000 0.000000 -7.848000 0.000000 0.000000 -7.848000 0.000000 0.000000 0.000000 0.000000 0.000000 0.000000 0.000000 0.000000 0.000000 0.000000 0.000000 0.000000 0.000000 0.000000 0.000000 0.000000 0.000000 0.000000 0.000000 0.000000 0.000000 0.000000 0.000000 0.000000
8.069892 0.000000 0.063708 0.007670 0.008904 0.146064 0.001246 0.042987 0.003032 0.072421 0.000252 0.004242 0.142756 0.001222 0.044761 -0.005824 1.174882 0.731773 0.324404 1.365010 0.187734 0.482845 0.183774 0.770756 -0.007617 0.056859 1.279178 0.187155 0.531306 -0.335066 -0.493097 0.827884 0.341725 -0.343919 0.188996 -0.182426 0.187282 -0.882705 -0.066144 0.055310 -0.427066 0.185331 -0.132803 -0.335228 1.481541 2.526758 -6.555932 2.523800 -0.172334 -6.638350 1.481541 2.526758 1.292068 2.523800 -0.172334 1.209650 0.000000 0.000000 -7.848000 0.000000 0.000000 -7.848000 0.000000 0.000000 0.000000 0.000000 0.000000 0.000000 0.000000 0.000000 0.000000 0.000000 0.000000 0.000000 0.000000 0.000000 0.000000 0.000000 0.000000 0.000000 0.000000 0.000000 0.000000 0.000000 0.000000 0.000000
8.115618 0.000000 0.061467 0.007610 0.008880 0.135865 0.001270 0.040171 0.003008 0.070383 0.000300 0.004266 0.135769 0.001270 0.040531 -0.005788 1.183846 0.754313 0.334279 1.443042 0.187800 0.512177 0.186974 0.856523 0.013485 0.064509 1.385227 0.187136 0.564667 -0.337004 -0.493330 0.850082 0.351384 -0.272013 0.189035 -0.155598 0.190436 -0.804665 -0.044822 0.063141 -0.325948 0.185320 -0.101685 -0.337096 1.869500 2.619300 -6.964615 2.594688 -0.119445 -7.084755 1.869500 2.619300 0.883385 2.594688 -0.119445 0.763245 0.000000 0.000000 -7.848000 0.000000 0.000000 -7.848000 0.000000 0.000000 0.000000 0.000000 0.000000 0.000000 0.000000 0.000000 0.000000 0.000000 0.000000 0.000000 0.000000 0.000000 0.000000 0.000000 0.000000 0.000000 0.000000 0.000000 0.000000 0.000000 0.000000 0.000000
8.151551 0.000000 0.061000 0.007454 0.008880 0.126685 0.001258 0.037750 0.002960 0.070323 0.000635 0.004266 0.134223 0.001270 0.040027 -0.005776 1.178094 0.741678 0.322831 1.427207 0.187639 0.494102 0.183225 0.860465 0.004323 0.059257 1.438500 0.187295 0.566714 -0.340697 -0.504191 0.837030 0.339645 -0.292441 0.188839 -0.175553 0.186614 -0.801610 -0.053378 0.058515 -0.273496 0.185492 -0.099986 -0.340675 1.784702 2.561732 -6.813362 2.819781 -0.157460 -7.350645 1.784702 2.561732 1.034638 2.819781 -0.157460 0.497355 0.000000 0.000000 -7.848000 0.000000 0.000000 -7.848000 0.000000 0.000000 0.000000 0.000000 0.000000 0.000000 0.000000 0.000000 0.000000 0.000000 0.000000 0.000000 0.000000 0.000000 0.000000 0.000000 0.000000 0.000000 0.000000 0.000000 0.000000 0.000000 0.000000 0.000000
8.178950 0.000000 0.060712 0.007430 0.008880 0.126266 0.001270 0.037151 0.002996 0.070323 0.000647 0.004254 0.133504 0.001258 0.039668 -0.005776 1.142940 0.759500 0.334710 1.432172 0.187671 0.484759 0.187084 0.862865 -0.001703 0.058525 1.478510 0.187185 0.563571 -0.342083 -0.540143 0.854807 0.351464 -0.287865 0.188879 -0.185091 0.190468 -0.799583 -0.059404 0.057803 -0.233874 0.185381 -0.103307 -0.342059 1.993584 2.632314 -6.865389 2.980174 -0.178231 -7.542166 1.993584 2.632314 0.982611 2.980174 -0.178231 0.305834 0.000000 0.000000 -7.848000 0.000000 0.000000 -7.848000 0.000000 0.000000 0.000000 0.000000 0.000000 0.000000 0.000000 0.000000 0.000000 0.000000 0.000000 0.000000 0.000000 0.000000 0.000000 0.000000 0.000000 0.000000 0.000000 0.000000 0.000000 0.000000 0.000000 0.000000
8.218638 0.000000 0.060676 0.007274 0.008844 0.120837 0.001258 0.036935 0.002948 0.070323 0.000707 0.004266 0.125774 0.001258 0.037666 -0.005740 1.122395 0.760434 0.333797 1.394883 0.187521 0.490854 0.187974 0.857510 0.010630 0.063054 1.446606 0.187165 0.540501 -0.342760 -0.562996 0.855323 0.350269 -0.327495 0.188708 -0.179844 0.191295 -0.808591 -0.046920 0.062447 -0.269577 0.185369 -0.127938 -0.342696 1.948231 2.627094 -6.696635 2.815700 -0.135237 -7.295443 1.948231 2.627094 1.151365 2.815700 -0.135237 0.552557 0.000000 0.000000 -7.848000 0.000000 0.000000 -7.848000 0.000000 0.000000 0.000000 0.000000 0.000000 0.000000 0.000000 0.000000 0.000000 0.000000 0.000000 0.000000 0.000000 0.000000 0.000000 0.000000 0.000000 0.000000 0.000000 0.000000 0.000000 0.000000 0.000000 0.000000
8.265584 0.000000 0.060688 0.007274 0.008832 0.118943 0.001258 0.036732 0.002948 0.070276 0.000707 0.004254 0.123833 0.001258 0.036576 -0.005764 1.117801 0.767722 0.334418 1.351444 0.187629 0.499763 0.188921 0.909711 -0.000832 0.057835 1.444691 0.187133 0.517553 -0.345932 -0.568355 0.862567 0.350895 -0.371746 0.188816 -0.171241 0.192240 -0.757464 -0.058408 0.057228 -0.272537 0.185328 -0.151368 -0.345864 1.802097 2.635177 -6.497163 2.506371 -0.163092 -7.161711 1.802097 2.635177 1.350837 2.506371 -0.163092 0.686289 0.000000 0.000000 -7.848000 0.000000 0.000000 -7.848000 0.000000 0.000000 0.000000 0.000000 0.000000 0.000000 0.000000 0.000000 0.000000 0.000000 0.000000 0.000000 0.000000 0.000000 0.000000 0.000000 0.000000 0.000000 0.000000 0.000000 0.000000 0.000000 0.000000 0.000000
8.306548 0.000000 0.060568 0.007274 0.008856 0.115456 0.001270 0.033424 0.002960 0.069640 0.000731 0.004266 0.119423 0.001270 0.032094 -0.005740 1.125232 0.764037 0.332191 1.373665 0.187501 0.468092 0.186784 0.932823 -0.007582 0.057975 1.458767 0.187112 0.456613 -0.346579 -0.562975 0.858873 0.348674 -0.351476 0.188671 -0.203904 0.190101 -0.738026 -0.065064 0.057442 -0.261314 0.185309 -0.213753 -0.346476 1.799822 2.623256 -6.516695 2.343651 -0.171200 -7.050170 1.799822 2.623256 1.331305 2.343651 -0.171200 0.797830 0.000000 0.000000 -7.848000 0.000000 0.000000 -7.848000 0.000000 0.000000 0.000000 0.000000 0.000000 0.000000 0.000000 0.000000 0.000000 0.000000 0.000000 0.000000 0.000000 0.000000 0.000000 0.000000 0.000000 0.000000 0.000000 0.000000 0.000000 0.000000 0.000000 0.000000
8.348887 0.000000 0.060532 0.007286 0.008868 0.114977 0.001282 0.032837 0.002960 0.069185 0.000731 0.004266 0.118907 0.001270 0.031183 -0.005728 1.136783 0.780927 0.343938 1.394654 0.187612 0.448128 0.190343 0.935200 -0.000292 0.064972 1.489596 0.187179 0.406174 -0.343388 -0.551756 0.875797 0.360445 -0.330778 0.188778 -0.224023 0.193666 -0.736837 -0.057757 0.064459 -0.231026 0.185379 -0.264468 -0.343279 1.815358 2.687368 -6.568014 2.366576 -0.140044 -7.091718 1.815358 2.687368 1.279986 2.366576 -0.140044 0.756282 0.000000 0.000000 -7.848000 0.000000 0.000000 -7.848000 0.000000 0.000000 0.000000 0.000000 0.000000 0.000000 0.000000 0.000000 0.000000 0.000000 0.000000 0.000000 0.000000 0.000000 0.000000 0.000000 0.000000 0.000000 0.000000 0.000000 0.000000 0.000000 0.000000 0.000000
8.381243 0.000000 0.060532 0.007226 0.008844 0.113383 0.001258 0.032585 0.002936 0.068226 0.000743 0.004242 0.117086 0.001270 0.030272 -0.005728 1.112344 0.770731 0.332945 1.398863 0.187614 0.444480 0.188357 0.913032 -0.000917 0.065413 1.487848 0.187220 0.383472 -0.348759 -0.576849 0.865425 0.349341 -0.327246 0.188769 -0.227930 0.191650 -0.761648 -0.058377 0.064961 -0.234065 0.185418 -0.287704 -0.348635 1.939340 2.645246 -6.601667 2.439271 -0.142478 -7.053329 1.939340 2.645246 1.246333 2.439271 -0.142478 0.794671 0.000000 0.000000 -7.848000 0.000000 0.000000 -7.848000 0.000000 0.000000 0.000000 0.000000 0.000000 0.000000 0.000000 0.000000 0.000000 0.000000 0.000000 0.000000 0.000000 0.000000 0.000000 0.000000 0.000000 0.000000 0.000000 0.000000 0.000000 0.000000 0.000000 0.000000
8.419411 0.000000 0.060544 0.007191 0.008856 0.109104 0.001258 0.032058 0.002924 0.066345 0.000779 0.004242 0.113898 0.001210 0.029601 -0.005704 1.128776 0.777712 0.337605 1.384561 0.187527 0.436464 0.190029 0.918253 -0.005131 0.064104 1.502326 0.187112 0.361854 -0.349076 -0.562101 0.872313 0.353947 -0.343318 0.188674 -0.236605 0.193305 -0.761268 -0.062466 0.063798 -0.221754 0.185316 -0.310134 -0.348939 1.785278 2.664525 -6.482214 2.451624 -0.152477 -7.056921 1.785278 2.664525 1.365786 2.451624 -0.152477 0.791079 0.000000 0.000000 -7.848000 0.000000 0.000000 -7.848000 0.000000 0.000000 0.000000 0.000000 0.000000 0.000000 0.000000 0.000000 0.000000 0.000000 0.000000 0.000000 0.000000 0.000000 0.000000 0.000000 0.000000 0.000000 0.000000 0.000000 0.000000 0.000000 0.000000 0.000000
8.466930 0.000000 0.060544 0.007191 0.008844 0.108242 0.001258 0.031411 0.002924 0.066009 0.000791 0.004254 0.112963 0.001258 0.029529 -0.005704 1.116274 0.778019 0.338898 1.406113 0.187493 0.427739 0.191173 0.922225 -0.011028 0.061427 1.510028 0.187152 0.353458 -0.349756 -0.575014 0.872585 0.355241 -0.322193 0.188636 -0.245535 0.194447 -0.758292 -0.068309 0.061159 -0.214576 0.185357 -0.318717 -0.349595 1.929815 2.674993 -6.581478 2.457175 -0.170594 -7.069779 1.929815 2.674993 1.266522 2.457175 -0.170594 0.778221 0.000000 0.000000 -7.848000 0.000000 0.000000 -7.848000 0.000000 0.000000 0.000000 0.000000 0.000000 0.000000 0.000000 0.000000 0.000000 0.000000 0.000000 0.000000 0.000000 0.000000 0.000000 0.000000 0.000000 0.000000 0.000000 0.000000 0.000000 0.000000 0.000000 0.000000
8.497088 0.000000 0.060532 0.007203 0.008868 0.107199 0.001270 0.030056 0.002912 0.065985 0.000887 0.004242 0.104395 0.001294 0.029098 -0.005693 1.127437 0.771598 0.332838 1.452984 0.187622 0.429885 0.190145 0.902890 -0.011970 0.061023 1.423124 0.187222 0.339286 -0.348352 -0.564438 0.866207 0.349209 -0.275915 0.188754 -0.243712 0.193425 -0.781027 -0.069095 0.060935 -0.304978 0.185430 -0.334130 -0.348131 2.072724 2.658040 -6.794464 2.152537 -0.158973 -6.602486 2.072724 2.658040 1.053536 2.152537 -0.158973 1.245514 0.000000 0.000000 -7.848000 0.000000 0.000000 -7.848000 0.000000 0.000000 0.000000 0.000000 0.000000 0.000000 0.000000 0.000000 0.000000 0.000000 0.000000 0.000000 0.000000 0.000000 0.000000 0.000000 0.000000 0.000000 0.000000 0.000000 0.000000 0.000000 0.000000 0.000000
8.543162 0.000000 0.060532 0.007119 0.008856 0.104574 0.001282 0.029949 0.002876 0.065482 0.000887 0.004254 0.098223 0.001258 0.028331 -0.005669 1.102120 0.786176 0.342286 1.463993 0.187618 0.425748 0.192468 0.909180 0.010191 0.068790 1.381322 0.187176 0.350853 -0.343956 -0.590748 0.880577 0.358504 -0.265936 0.188736 -0.248211 0.195719 -0.778046 -0.046887 0.068725 -0.349456 0.185388 -0.323542 -0.343729 2.261161 2.716684 -6.862180 1.941219 -0.086540 -6.386700 2.261161 2.716684 0.985820 1.941219 -0.086540 1.461300 0.000000 0.000000 -7.848000 0.000000 0.000000 -7.848000 0.000000 0.000000 0.000000 0.000000 0.000000 0.000000 0.000000 0.000000 0.000000 0.000000 0.000000 0.000000 0.000000 0.000000 0.000000 0.000000 0.000000 0.000000 0.000000 0.000000 0.000000 0.000000 0.000000 0.000000
8.578855 0.000000 0.060472 0.007095 0.008856 0.095011 0.001270 0.029110 0.002864 0.065254 0.000947 0.004302 0.097779 0.001270 0.028199 -0.005645 1.067640 0.785059 0.351574 1.377083 0.187557 0.406940 0.192374 0.951702 0.014860 0.063337 1.398601 0.187327 0.367464 -0.348468 -0.628898 0.879305 0.367765 -0.356570 0.188667 -0.268358 0.195604 -0.736119 -0.042012 0.063400 -0.332446 0.185548 -0.307033 -0.348213 2.031766 2.719350 -6.407403 1.829947 -0.089133 -6.454951 2.031766 2.719350 1.440597 1.829947 -0.089133 1.393049 0.000000 0.000000 -7.848000 0.000000 0.000000 -7.848000 0.000000 0.000000 0.000000 0.000000 0.000000 0.000000 0.000000 0.000000 0.000000 0.000000 0.000000 0.000000 0.000000 0.000000 0.000000 0.000000 0.000000 0.000000 0.000000 0.000000 0.000000 0.000000 0.000000 0.000000
8.619339 0.000000 0.060365 0.007095 0.008844 0.092962 0.001246 0.028439 0.002864 0.065290 0.000971 0.004302 0.097731 0.001258 0.028175 -0.005633 1.095223 0.777073 0.369542 1.323359 0.187494 0.404183 0.191569 0.965698 0.008929 0.063631 1.396356 0.187286 0.373908 -0.348539 -0.602310 0.871267 0.385730 -0.411162 0.188599 -0.271463 0.194787 -0.722079 -0.047899 0.063737 -0.334699 0.185511 -0.300595 -0.348279 1.657812 2.726004 -6.109274 1.762279 -0.099050 -6.441238 1.657812 2.726004 1.738726 1.762279 -0.099050 1.406762 0.000000 0.000000 -7.848000 0.000000 0.000000 -7.848000 0.000000 0.000000 0.000000 0.000000 0.000000 0.000000 0.000000 0.000000 0.000000 0.000000 0.000000 0.000000 0.000000 0.000000 0.000000 0.000000 0.000000 0.000000 0.000000 0.000000 0.000000 0.000000 0.000000 0.000000
8.658159 0.000000 0.059921 0.007095 0.008796 0.089558 0.001258 0.027132 0.002864 0.065266 0.000983 0.004290 0.097528 0.001270 0.028151 -0.005633 1.137425 0.785459 0.370204 1.354908 0.187557 0.415014 0.193148 0.949059 0.004211 0.063390 1.407709 0.187246 0.379726 -0.348955 -0.562239 0.879509 0.386368 -0.381147 0.188655 -0.261253 0.196361 -0.738839 -0.052619 0.063519 -0.323435 0.185471 -0.294808 -0.348687 1.606517 2.748356 -6.225123 1.911799 -0.113539 -6.526017 1.606517 2.748356 1.622877 1.911799 -0.113539 1.321983 0.000000 0.000000 -7.848000 0.000000 0.000000 -7.848000 0.000000 0.000000 0.000000 0.000000 0.000000 0.000000 0.000000 0.000000 0.000000 0.000000 0.000000 0.000000 0.000000 0.000000 0.000000 0.000000 0.000000 0.000000 0.000000 0.000000 0.000000 0.000000 0.000000 0.000000
8.687499 0.000000 0.059837 0.007095 0.008820 0.089534 0.001270 0.026941 0.002864 0.065290 0.000971 0.004266 0.097336 0.001270 0.028139 -0.005645 1.134871 0.786381 0.366541 1.340895 0.187533 0.407563 0.193296 0.952444 -0.005955 0.057763 1.419662 0.187199 0.384943 -0.350350 -0.564973 0.880473 0.382703 -0.395220 0.188630 -0.268740 0.196513 -0.735480 -0.062855 0.057865 -0.311547 0.185420 -0.289615 -0.350087 1.542868 2.738185 -6.145039 1.966393 -0.149806 -6.591979 1.542868 2.738185 1.702961 1.966393 -0.149806 1.256021 0.000000 0.000000 -7.848000 0.000000 0.000000 -7.848000 0.000000 0.000000 0.000000 0.000000 0.000000 0.000000 0.000000 0.000000 0.000000 0.000000 0.000000 0.000000 0.000000 0.000000 0.000000 0.000000 0.000000 0.000000 0.000000 0.000000 0.000000 0.000000 0.000000 0.000000
8.712190 0.000000 0.059813 0.007071 0.008748 0.089534 0.001270 0.026509 0.002852 0.065266 0.001007 0.004242 0.096078 0.001258 0.028007 -0.005633 1.122363 0.775746 0.355485 1.337676 0.187418 0.404852 0.191766 0.958203 -0.010512 0.063252 1.423295 0.187212 0.390066 -0.349299 -0.577579 0.869656 0.371593 -0.398498 0.188507 -0.271504 0.194972 -0.730238 -0.067390 0.063421 -0.308415 0.185437 -0.284672 -0.349025 1.573227 2.690696 -6.133893 1.959811 -0.146320 -6.607615 1.573227 2.690696 1.714107 1.959811 -0.146320 1.240385 0.000000 0.000000 -7.848000 0.000000 0.000000 -7.848000 0.000000 0.000000 0.000000 0.000000 0.000000 0.000000 0.000000 0.000000 0.000000 0.000000 0.000000 0.000000 0.000000 0.000000 0.000000 0.000000 0.000000 0.000000 0.000000 0.000000 0.000000 0.000000 0.000000 0.000000
8.738521 0.000000 0.059813 0.007083 0.008760 0.089546 0.001258 0.026485 0.002852 0.065266 0.000995 0.004230 0.095694 0.001258 0.027959 -0.005633 1.127101 0.774369 0.349493 1.342538 0.187393 0.405797 0.190948 0.959381 -0.009571 0.065338 1.425586 0.187138 0.396103 -0.348865 -0.572838 0.868321 0.365625 -0.393635 0.188482 -0.270561 0.194155 -0.729203 -0.066492 0.065482 -0.306274 0.185362 -0.278690 -0.348594 1.566281 2.674497 -6.152697 1.972393 -0.140211 -6.627306 1.566281 2.674497 1.695303 1.972393 -0.140211 1.220694 0.000000 0.000000 -7.848000 0.000000 0.000000 -7.848000 0.000000 0.000000 0.000000 0.000000 0.000000 0.000000 0.000000 0.000000 0.000000 0.000000 0.000000 0.000000 0.000000 0.000000 0.000000 0.000000 0.000000 0.000000 0.000000 0.000000 0.000000 0.000000 0.000000 0.000000
8.815689 0.000000 0.059813 0.007047 0.008737 0.089462 0.001246 0.025946 0.002840 0.065266 0.001019 0.004254 0.094232 0.001270 0.027720 -0.005621 1.110936 0.780732 0.373427 1.365947 0.187415 0.387462 0.197536 0.996115 0.018806 0.068643 1.460712 0.187307 0.418074 -0.348456 -0.589096 0.874571 0.389489 -0.370320 0.188496 -0.288970 0.200725 -0.693026 -0.038024 0.068835 -0.271726 0.185536 -0.256935 -0.348169 1.741567 2.750822 -6.250412 1.955809 -0.076305 -6.792170 1.741567 2.750822 1.597588 1.955809 -0.076305 1.055830 0.000000 0.000000 -7.848000 0.000000 0.000000 -7.848000 0.000000 0.000000 0.000000 0.000000 0.000000 0.000000 0.000000 0.000000 0.000000 0.000000 0.000000 0.000000 0.000000 0.000000 0.000000 0.000000 0.000000 0.000000 0.000000 0.000000 0.000000 0.000000 0.000000 0.000000
8.871831 0.000000 0.059813 0.007071 0.008760 0.089342 0.001258 0.025514 0.002840 0.065254 0.001043 0.004266 0.093813 0.001282 0.027576 -0.005633 1.132747 0.784860 0.386585 1.409370 0.187402 0.374396 0.197664 1.008791 0.008205 0.082368 1.471117 0.187382 0.425513 -0.349619 -0.567373 0.878781 0.402695 -0.326990 0.188481 -0.302101 0.200865 -0.680540 -0.048565 0.082607 -0.261500 0.185607 -0.249569 -0.349320 1.807499 2.795491 -6.411869 1.944279 -0.067787 -6.838813 1.807499 2.795491 1.436131 1.944279 -0.067787 1.009187 0.000000 0.000000 -7.848000 0.000000 0.000000 -7.848000 0.000000 0.000000 0.000000 0.000000 0.000000 0.000000 0.000000 0.000000 0.000000 0.000000 0.000000 0.000000 0.000000 0.000000 0.000000 0.000000 0.000000 0.000000 0.000000 0.000000 0.000000 0.000000 0.000000 0.000000
8.935470 0.000000 0.059813 0.007047 0.008725 0.088971 0.001246 0.023825 0.002828 0.065206 0.001031 0.004266 0.092878 0.001270 0.027132 -0.005609 1.150067 0.806454 0.390913 1.485443 0.187448 0.354992 0.191672 1.013681 0.002586 0.081170 1.526735 0.187151 0.439312 -0.343995 -0.550372 0.900250 0.406976 -0.251246 0.188511 -0.321746 0.194858 -0.676124 -0.054196 0.081389 -0.206302 0.185382 -0.235948 -0.343699 2.029872 2.860919 -6.716909 2.190125 -0.088728 -7.125309 2.029872 2.860919 1.131091 2.190125 -0.088728 0.722691 0.000000 0.000000 -7.848000 0.000000 0.000000 -7.848000 0.000000 0.000000 0.000000 0.000000 0.000000 0.000000 0.000000 0.000000 0.000000 0.000000 0.000000 0.000000 0.000000 0.000000 0.000000 0.000000 0.000000 0.000000 0.000000 0.000000 0.000000 0.000000 0.000000 0.000000
8.971365 0.000000 0.059813 0.007047 0.008701 0.086802 0.001258 0.023753 0.002828 0.065194 0.001043 0.004254 0.091931 0.001282 0.027000 -0.005609 1.119825 0.789043 0.383931 1.482296 0.187377 0.347280 0.188104 1.028114 -0.005494 0.072180 1.551926 0.187192 0.447094 -0.346591 -0.581353 0.882770 0.399995 -0.255161 0.188441 -0.329717 0.191292 -0.662064 -0.062277 0.072422 -0.181480 0.185423 -0.228302 -0.346286 2.142265 2.811191 -6.707953 2.251647 -0.129432 -7.245354 2.142265 2.811191 1.140047 2.251647 -0.129432 0.602646 0.000000 0.000000 -7.848000 0.000000 0.000000 -7.848000 0.000000 0.000000 0.000000 0.000000 0.000000 0.000000 0.000000 0.000000 0.000000 0.000000 0.000000 0.000000 0.000000 0.000000 0.000000 0.000000 0.000000 0.000000 0.000000 0.000000 0.000000 0.000000 0.000000 0.000000
9.000108 0.000000 0.059825 0.007047 0.008701 0.085400 0.001270 0.023717 0.002828 0.065206 0.001043 0.004242 0.091332 0.001270 0.026941 -0.005621 1.116675 0.801545 0.396903 1.478599 0.187484 0.348624 0.191128 1.045238 -0.009991 0.066329 1.571472 0.187390 0.456599 -0.348355 -0.584954 0.895256 0.412971 -0.259344 0.188547 -0.328536 0.194319 -0.645137 -0.066801 0.066568 -0.162158 0.185617 -0.218877 -0.348054 2.162854 2.868170 -6.694426 2.272923 -0.154392 -7.339026 2.162854 2.868170 1.153574 2.272923 -0.154392 0.508974 0.000000 0.000000 -7.848000 0.000000 0.000000 -7.848000 0.000000 0.000000 0.000000 0.000000 0.000000 0.000000 0.000000 0.000000 0.000000 0.000000 0.000000 0.000000 0.000000 0.000000 0.000000 0.000000 0.000000 0.000000 0.000000 0.000000 0.000000 0.000000 0.000000 0.000000
9.058419 0.000000 0.059813 0.007047 0.008677 0.079935 0.001246 0.023357 0.002816 0.065206 0.001067 0.004266 0.088587 0.001234 0.026713 -0.005609 1.084906 0.790448 0.391161 1.348401 0.187486 0.329727 0.197327 1.043582 -0.009868 0.070821 1.539297 0.187099 0.465474 -0.343626 -0.618576 0.884047 0.407236 -0.391450 0.188544 -0.348086 0.200503 -0.647784 -0.066588 0.071108 -0.195362 0.185328 -0.210366 -0.343322 1.712580 2.807728 -6.053127 2.152644 -0.137282 -7.191355 1.712580 2.807728 1.794873 2.152644 -0.137282 0.656645 0.000000 0.000000 -7.848000 0.000000 0.000000 -7.848000 0.000000 0.000000 0.000000 0.000000 0.000000 0.000000 0.000000 0.000000 0.000000 0.000000 0.000000 0.000000 0.000000 0.000000 0.000000 0.000000 0.000000 0.000000 0.000000 0.000000 0.000000 0.000000 0.000000 0.000000
9.118431 0.000000 0.059753 0.007035 0.008665 0.074818 0.001246 0.022075 0.002804 0.064691 0.001079 0.004266 0.086826 0.001234 0.025814 -0.005585 1.171556 0.790796 0.398464 1.364326 0.187336 0.346734 0.196783 1.082063 -0.011497 0.067376 1.608688 0.187032 0.487505 -0.345752 -0.533797 0.884282 0.414522 -0.377376 0.188382 -0.331775 0.199949 -0.610943 -0.068177 0.067707 -0.126893 0.185268 -0.188716 -0.345434 1.372449 2.819177 -6.062790 2.303131 -0.156425 -7.517986 1.372449 2.819177 1.785210 2.303131 -0.156425 0.330014 0.000000 0.000000 -7.848000 0.000000 0.000000 -7.848000 0.000000 0.000000 0.000000 0.000000 0.000000 0.000000 0.000000 0.000000 0.000000 0.000000 0.000000 0.000000 0.000000 0.000000 0.000000 0.000000 0.000000 0.000000 0.000000 0.000000 0.000000 0.000000 0.000000 0.000000
9.175175 0.000000 0.059753 0.006999 0.008629 0.074794 0.001258 0.022075 0.002804 0.064667 0.001091 0.004242 0.086754 0.001246 0.025766 -0.005573 1.171659 0.770992 0.405073 1.348176 0.187350 0.343125 0.193497 1.082656 -0.016696 0.061702 1.645142 0.187294 0.493756 -0.347830 -0.533705 0.864351 0.421059 -0.393534 0.188396 -0.335387 0.196655 -0.610423 -0.073395 0.062055 -0.090478 0.185534 -0.182482 -0.347504 1.287257 2.787824 -5.980664 2.478571 -0.186826 -7.705350 1.287257 2.787824 1.867336 2.478571 -0.186826 0.142650 0.000000 0.000000 -7.848000 0.000000 0.000000 -7.848000 0.000000 0.000000 0.000000 0.000000 0.000000 0.000000 0.000000 0.000000 0.000000 0.000000 0.000000 0.000000 0.000000 0.000000 0.000000 0.000000 0.000000 0.000000 0.000000 0.000000 0.000000 0.000000 0.000000 0.000000
9.225680 0.000000 0.059765 0.006987 0.008605 0.074590 0.001246 0.022063 0.002804 0.064667 0.001091 0.004254 0.086382 0.001234 0.025598 -0.005585 1.180981 0.781614 0.410341 1.369074 0.187375 0.350522 0.197807 1.090630 -0.010478 0.066387 1.684565 0.187240 0.504745 -0.351018 -0.524429 0.874905 0.426304 -0.372700 0.188421 -0.328012 0.200956 -0.602596 -0.067159 0.066740 -0.051208 0.185476 -0.171556 -0.350695 1.355250 2.827921 -6.085035 2.622205 -0.170327 -7.903894 1.355250 2.827921 1.762965 2.622205 -0.170327 -0.055894 0.000000 0.000000 -7.848000 0.000000 0.000000 -7.848000 0.000000 0.000000 0.000000 0.000000 0.000000 0.000000 0.000000 0.000000 0.000000 0.000000 0.000000 0.000000 0.000000 0.000000 0.000000 0.000000 0.000000 0.000000 0.000000 0.000000 0.000000 0.000000 0.000000 0.000000
9.288819 0.000000 0.059753 0.006999 0.008605 0.072996 0.001246 0.021883 0.002780 0.064691 0.001115 0.004242 0.081864 0.001258 0.025526 -0.005573 1.170491 0.803802 0.406531 1.338527 0.187406 0.356495 0.195631 1.071368 -0.018771 0.080985 1.565757 0.187178 0.509353 -0.355305 -0.535454 0.897086 0.422518 -0.403786 0.188443 -0.322226 0.198781 -0.623356 -0.075430 0.081382 -0.171612 0.185417 -0.167486 -0.354958 1.297091 2.859450 -5.958651 2.205408 -0.139377 -7.344888 1.297091 2.859450 1.889349 2.205408 -0.139377 0.503112 0.000000 0.000000 -7.848000 0.000000 0.000000 -7.848000 0.000000 0.000000 0.000000 0.000000 0.000000 0.000000 0.000000 0.000000 0.000000 0.000000 0.000000 0.000000 0.000000 0.000000 0.000000 0.000000 0.000000 0.000000 0.000000 0.000000 0.000000 0.000000 0.000000 0.000000
9.332712 0.000000 0.059753 0.006987 0.008569 0.072529 0.001246 0.021644 0.002792 0.063972 0.001139 0.004242 0.075800 0.001282 0.022734 -0.005549 1.192254 0.799823 0.420771 1.374024 0.187384 0.372980 0.195520 1.105225 -0.007573 0.084315 1.561444 0.187283 0.495888 -0.355319 -0.513863 0.893017 0.436733 -0.368465 0.188423 -0.305814 0.198665 -0.593079 -0.064168 0.084788 -0.178552 0.185525 -0.182026 -0.354934 1.379009 2.891235 -6.137023 1.980471 -0.101961 -7.235807 1.379009 2.891235 1.710977 1.980471 -0.101961 0.612193 0.000000 0.000000 -7.848000 0.000000 0.000000 -7.848000 0.000000 0.000000 0.000000 0.000000 0.000000 0.000000 0.000000 0.000000 0.000000 0.000000 0.000000 0.000000 0.000000 0.000000 0.000000 0.000000 0.000000 0.000000 0.000000 0.000000 0.000000 0.000000 0.000000 0.000000
9.372270 0.000000 0.059753 0.006963 0.008569 0.072517 0.001258 0.021596 0.002780 0.063744 0.001150 0.004242 0.075800 0.001270 0.022638 -0.005561 1.195196 0.791202 0.426994 1.385750 0.187393 0.378835 0.194690 1.134649 -0.003243 0.082101 1.540160 0.187354 0.485624 -0.356648 -0.510930 0.884352 0.442911 -0.356748 0.188428 -0.299965 0.197831 -0.564068 -0.059816 0.082606 -0.199920 0.185592 -0.192325 -0.356263 1.425473 2.890478 -6.201209 1.717371 -0.091347 -7.086780 1.425473 2.890478 1.646791 1.717371 -0.091347 0.761220 0.000000 0.000000 -7.848000 0.000000 0.000000 -7.848000 0.000000 0.000000 0.000000 0.000000 0.000000 0.000000 0.000000 0.000000 0.000000 0.000000 0.000000 0.000000 0.000000 0.000000 0.000000 0.000000 0.000000 0.000000 0.000000 0.000000 0.000000 0.000000 0.000000 0.000000
9.408046 0.000000 0.059753 0.006963 0.008545 0.072145 0.001270 0.021368 0.002780 0.063732 0.001174 0.004266 0.075788 0.001282 0.022578 -0.005537 1.179420 0.787338 0.431897 1.407298 0.187400 0.381596 0.196449 1.122618 -0.014301 0.073812 1.526094 0.187250 0.476448 -0.358333 -0.526846 0.880438 0.447812 -0.335344 0.188434 -0.297267 0.199593 -0.576133 -0.070781 0.074366 -0.214000 0.185496 -0.201510 -0.357934 1.608006 2.902521 -6.321498 1.714983 -0.132190 -7.016846 1.608006 2.902521 1.526502 1.714983 -0.132190 0.831154 0.000000 0.000000 -7.848000 0.000000 0.000000 -7.848000 0.000000 0.000000 0.000000 0.000000 0.000000 0.000000 0.000000 0.000000 0.000000 0.000000 0.000000 0.000000 0.000000 0.000000 0.000000 0.000000 0.000000 0.000000 0.000000 0.000000 0.000000 0.000000 0.000000 0.000000
9.447483 0.000000 0.059753 0.006963 0.008545 0.071486 0.001246 0.021224 0.002744 0.063720 0.001210 0.004266 0.075788 0.001258 0.022530 -0.005525 1.185863 0.790529 0.442588 1.437125 0.187326 0.388573 0.199194 1.139398 -0.011904 0.072282 1.537595 0.187333 0.472329 -0.359154 -0.520619 0.883609 0.458503 -0.305742 0.188346 -0.290372 0.202328 -0.559380 -0.068320 0.072904 -0.202508 0.185584 -0.205635 -0.358751 1.728827 2.942193 -6.468366 1.670621 -0.130420 -7.046994 1.728827 2.942193 1.379634 1.670621 -0.130420 0.801006 0.000000 0.000000 -7.848000 0.000000 0.000000 -7.848000 0.000000 0.000000 0.000000 0.000000 0.000000 0.000000 0.000000 0.000000 0.000000 0.000000 0.000000 0.000000 0.000000 0.000000 0.000000 0.000000 0.000000 0.000000 0.000000 0.000000 0.000000 0.000000 0.000000 0.000000
9.477096 0.000000 0.059753 0.006975 0.008569 0.071354 0.001246 0.021068 0.002756 0.063720 0.001210 0.004254 0.075764 0.001270 0.022506 -0.005513 1.199219 0.785889 0.444187 1.459283 0.187330 0.387003 0.198093 1.135076 -0.018528 0.067232 1.535667 0.187216 0.466367 -0.360040 -0.507318 0.879035 0.460127 -0.283642 0.188354 -0.291971 0.201232 -0.563712 -0.074963 0.067852 -0.204447 0.185471 -0.211602 -0.359632 1.752188 2.939265 -6.556012 1.681781 -0.155869 -7.032044 1.752188 2.939265 1.291988 1.681781 -0.155869 0.815956 0.000000 0.000000 -7.848000 0.000000 0.000000 -7.848000 0.000000 0.000000 0.000000 0.000000 0.000000 0.000000 0.000000 0.000000 0.000000 0.000000 0.000000 0.000000 0.000000 0.000000 0.000000 0.000000 0.000000 0.000000 0.000000 0.000000 0.000000 0.000000 0.000000 0.000000
9.513569 0.000000 0.059753 0.006963 0.008545 0.070755 0.001246 0.020889 0.002744 0.063720 0.001234 0.004254 0.075728 0.001270 0.022458 -0.005513 1.202352 0.806222 0.451146 1.485204 0.187449 0.391391 0.197055 1.134675 -0.012433 0.070179 1.552547 0.187193 0.465851 -0.359993 -0.504388 0.899292 0.467062 -0.257931 0.188467 -0.287663 0.200188 -0.564129 -0.068827 0.070844 -0.187584 0.185448 -0.212127 -0.359577 1.874987 3.003060 -6.682195 1.750487 -0.138890 -7.109930 1.874987 3.003060 1.165805 1.750487 -0.138890 0.738070 0.000000 0.000000 -7.848000 0.000000 0.000000 -7.848000 0.000000 0.000000 0.000000 0.000000 0.000000 0.000000 0.000000 0.000000 0.000000 0.000000 0.000000 0.000000 0.000000 0.000000 0.000000 0.000000 0.000000 0.000000 0.000000 0.000000 0.000000 0.000000 0.000000 0.000000
9.559109 0.000000 0.059753 0.006951 0.008545 0.070635 0.001246 0.020841 0.002744 0.063720 0.001210 0.004254 0.075716 0.001282 0.022434 -0.005525 1.198320 0.788310 0.448593 1.505501 0.187288 0.398909 0.198432 1.136140 -0.015408 0.066169 1.566421 0.187303 0.460711 -0.358350 -0.508462 0.881358 0.464488 -0.237677 0.188306 -0.280163 0.201561 -0.562670 -0.071846 0.066789 -0.173717 0.185554 -0.217271 -0.357938 1.986029 2.967100 -6.793606 1.798749 -0.155319 -7.164961 1.986029 2.967100 1.054394 1.798749 -0.155319 0.683039 0.000000 0.000000 -7.848000 0.000000 0.000000 -7.848000 0.000000 0.000000 0.000000 0.000000 0.000000 0.000000 0.000000 0.000000 0.000000 0.000000 0.000000 0.000000 0.000000 0.000000 0.000000 0.000000 0.000000 0.000000 0.000000 0.000000 0.000000 0.000000 0.000000 0.000000
9.606289 0.000000 0.059753 0.006951 0.008533 0.070515 0.001246 0.020721 0.002732 0.063732 0.001234 0.004266 0.075704 0.001246 0.022387 -0.005513 1.200335 0.803563 0.420568 1.534560 0.187376 0.403855 0.199153 1.133820 -0.013391 0.067636 1.592825 0.187161 0.459933 -0.358586 -0.506496 0.896582 0.436461 -0.208668 0.188390 -0.275241 0.202280 -0.564979 -0.069764 0.068303 -0.147318 0.185415 -0.218055 -0.358178 2.099433 2.940566 -6.931141 1.921972 -0.151786 -7.289720 2.099433 2.940566 0.916859 1.921972 -0.151786 0.558280 0.000000 0.000000 -7.848000 0.000000 0.000000 -7.848000 0.000000 0.000000 0.000000 0.000000 0.000000 0.000000 0.000000 0.000000 0.000000 0.000000 0.000000 0.000000 0.000000 0.000000 0.000000 0.000000 0.000000 0.000000 0.000000 0.000000 0.000000 0.000000 0.000000 0.000000
9.640919 0.000000 0.059753 0.006963 0.008533 0.070479 0.001246 0.020661 0.002744 0.063708 0.001234 0.004266 0.075620 0.001270 0.022351 -0.005489 1.191047 0.793437 0.413567 1.544654 0.187324 0.406004 0.195206 1.128319 -0.012072 0.069853 1.603826 0.187244 0.457891 -0.358300 -0.515801 0.886480 0.429483 -0.198591 0.188341 -0.273101 0.198338 -0.570553 -0.068436 0.070521 -0.136357 0.185507 -0.220113 -0.357882 2.183435 2.906003 -6.988834 1.992228 -0.145905 -7.342094 2.183435 2.906003 0.859166 1.992228 -0.145905 0.505906 0.000000 0.000000 -7.848000 0.000000 0.000000 -7.848000 0.000000 0.000000 0.000000 0.000000 0.000000 0.000000 0.000000 0.000000 0.000000 0.000000 0.000000 0.000000 0.000000 0.000000 0.000000 0.000000 0.000000 0.000000 0.000000 0.000000 0.000000 0.000000 0.000000 0.000000
9.677781 0.000000 0.059753 0.006951 0.008533 0.070287 0.001246 0.020541 0.002744 0.063732 0.001246 0.004266 0.075513 0.001282 0.022303 -0.005513 1.186498 0.796155 0.416332 1.567972 0.187360 0.409474 0.196059 1.140968 -0.013221 0.065343 1.634944 0.187361 0.463526 -0.360206 -0.520420 0.889175 0.432226 -0.175347 0.188377 -0.269663 0.199187 -0.557902 -0.069574 0.066032 -0.105272 0.185615 -0.214492 -0.359782 2.319240 2.924959 -7.108120 2.077144 -0.162980 -7.488019 2.319240 2.924959 0.739880 2.077144 -0.162980 0.359981 0.000000 0.000000 -7.848000 0.000000 0.000000 -7.848000 0.000000 0.000000 0.000000 0.000000 0.000000 0.000000 0.000000 0.000000 0.000000 0.000000 0.000000 0.000000 0.000000 0.000000 0.000000 0.000000 0.000000 0.000000 0.000000 0.000000 0.000000 0.000000 0.000000 0.000000
9.718256 0.000000 0.059753 0.006963 0.008521 0.070264 0.001258 0.020553 0.002744 0.063720 0.001258 0.004254 0.075453 0.001282 0.022315 -0.005513 1.213346 0.798331 0.429840 1.610889 0.187305 0.416476 0.198659 1.144769 -0.012363 0.065422 1.659333 0.187315 0.467429 -0.360709 -0.493579 0.891348 0.445755 -0.132436 0.188321 -0.262662 0.201794 -0.554140 -0.068718 0.066133 -0.080906 0.185570 -0.210595 -0.360281 2.393430 2.968867 -7.299562 2.170565 -0.164659 -7.606527 2.393430 2.968867 0.548438 2.170565 -0.164659 0.241473 0.000000 0.000000 -7.848000 0.000000 0.000000 -7.848000 0.000000 0.000000 0.000000 0.000000 0.000000 0.000000 0.000000 0.000000 0.000000 0.000000 0.000000 0.000000 0.000000 0.000000 0.000000 0.000000 0.000000 0.000000 0.000000 0.000000 0.000000 0.000000 0.000000 0.000000
9.746948 0.000000 0.059753 0.006927 0.008509 0.070168 0.001270 0.020493 0.002744 0.063732 0.001258 0.004254 0.075405 0.001258 0.022255 -0.005489 1.204436 0.789798 0.430618 1.617129 0.187267 0.416532 0.197185 1.158805 -0.020110 0.059509 1.675015 0.187279 0.469884 -0.361881 -0.502525 0.882732 0.446465 -0.126233 0.188283 -0.262622 0.200313 -0.540104 -0.076458 0.060219 -0.065242 0.185541 -0.208150 -0.361460 2.462126 2.955107 -7.336443 2.180129 -0.195592 -7.672952 2.462126 2.955107 0.511557 2.180129 -0.195592 0.175048 0.000000 0.000000 -7.848000 0.000000 0.000000 -7.848000 0.000000 0.000000 0.000000 0.000000 0.000000 0.000000 0.000000 0.000000 0.000000 0.000000 0.000000 0.000000 0.000000 0.000000 0.000000 0.000000 0.000000 0.000000 0.000000 0.000000 0.000000 0.000000 0.000000 0.000000
9.775410 0.000000 0.059753 0.006951 0.008473 0.070156 0.001246 0.020457 0.002720 0.063720 0.001282 0.004266 0.075381 0.001282 0.022219 -0.005477 1.190864 0.788365 0.431809 1.630119 0.187348 0.415941 0.195159 1.144864 -0.008819 0.068102 1.681929 0.187311 0.469863 -0.360174 -0.516106 0.881263 0.447696 -0.113250 0.188356 -0.263218 0.198285 -0.554079 -0.065100 0.068860 -0.058344 0.185578 -0.208180 -0.359735 2.587612 2.959144 -7.408254 2.268624 -0.154206 -7.716381 2.587612 2.959144 0.439746 2.268624 -0.154206 0.131619 0.000000 0.000000 -7.848000 0.000000 0.000000 -7.848000 0.000000 0.000000 0.000000 0.000000 0.000000 0.000000 0.000000 0.000000 0.000000 0.000000 0.000000 0.000000 0.000000 0.000000 0.000000 0.000000 0.000000 0.000000 0.000000 0.000000 0.000000 0.000000 0.000000 0.000000
9.806293 0.000000 0.059753 0.006939 0.008533 0.070132 0.001258 0.020445 0.002744 0.063732 0.001270 0.004266 0.075369 0.001258 0.022195 -0.005489 1.206740 0.789467 0.444786 1.639121 0.187297 0.418165 0.201416 1.152223 -0.014464 0.064402 1.694032 0.187283 0.471567 -0.360983 -0.500235 0.882465 0.460658 -0.104257 0.188312 -0.260998 0.204543 -0.546705 -0.070769 0.065137 -0.046244 0.185545 -0.206478 -0.360557 2.560860 2.994427 -7.442589 2.292740 -0.175855 -7.770575 2.560860 2.994427 0.405411 2.292740 -0.175855 0.077425 0.000000 0.000000 -7.848000 0.000000 0.000000 -7.848000 0.000000 0.000000 0.000000 0.000000 0.000000 0.000000 0.000000 0.000000 0.000000 0.000000 0.000000 0.000000 0.000000 0.000000 0.000000 0.000000 0.000000 0.000000 0.000000 0.000000 0.000000 0.000000 0.000000 0.000000
9.840055 0.000000 0.059729 0.006927 0.008521 0.070096 0.001246 0.020409 0.002744 0.063720 0.001258 0.004254 0.075357 0.001270 0.022147 -0.005489 1.196526 0.776005 0.434887 1.655492 0.187369 0.419222 0.196803 1.146399 -0.014959 0.063689 1.699885 0.187282 0.471758 -0.361539 -0.510507 0.868960 0.450733 -0.087909 0.188384 -0.259951 0.199923 -0.552558 -0.071307 0.064400 -0.040404 0.185544 -0.206295 -0.361113 2.670976 2.947235 -7.527641 2.349819 -0.180431 -7.804229 2.670976 2.947235 0.320359 2.349819 -0.180431 0.043771 0.000000 0.000000 -7.848000 0.000000 0.000000 -7.848000 0.000000 0.000000 0.000000 0.000000 0.000000 0.000000 0.000000 0.000000 0.000000 0.000000 0.000000 0.000000 0.000000 0.000000 0.000000 0.000000 0.000000 0.000000 0.000000 0.000000 0.000000 0.000000 0.000000 0.000000
9.874632 0.000000 0.059753 0.006939 0.008497 0.070072 0.001246 0.020409 0.002744 0.063720 0.001270 0.004254 0.075345 0.001258 0.022147 -0.005489 1.192385 0.776996 0.427359 1.671098 0.187426 0.421068 0.197787 1.137267 -0.015326 0.062940 1.705239 0.187190 0.474161 -0.361866 -0.514614 0.869926 0.443226 -0.072303 0.188441 -0.258105 0.200910 -0.561694 -0.071653 0.063673 -0.035055 0.185452 -0.203893 -0.361439 2.758724 2.936634 -7.606238 2.425731 -0.184944 -7.843085 2.758724 2.936634 0.241762 2.425731 -0.184944 0.004915 0.000000 0.000000 -7.848000 0.000000 0.000000 -7.848000 0.000000 0.000000 0.000000 0.000000 0.000000 0.000000 0.000000 0.000000 0.000000 0.000000 0.000000 0.000000 0.000000 0.000000 0.000000 0.000000 0.000000 0.000000 0.000000 0.000000 0.000000 0.000000 0.000000 0.000000
9.908230 0.000000 0.059753 0.006939 0.008497 0.070060 0.001246 0.020373 0.002744 0.063732 0.001270 0.004242 0.075345 0.001222 0.022135 -0.005489 1.196749 0.788257 0.442855 1.682696 0.187380 0.421837 0.198945 1.142477 -0.014394 0.074106 1.713615 0.187293 0.475379 -0.361811 -0.510257 0.881186 0.458722 -0.060712 0.188395 -0.257340 0.202069 -0.556464 -0.070745 0.074838 -0.026676 0.185554 -0.202676 -0.361397 2.807233 2.998515 -7.660925 2.427725 -0.157968 -7.877286 2.807233 2.998515 0.187075 2.427725 -0.157968 -0.029286 0.000000 0.000000 -7.848000 0.000000 0.000000 -7.848000 0.000000 0.000000 0.000000 0.000000 0.000000 0.000000 0.000000 0.000000 0.000000 0.000000 0.000000 0.000000 0.000000 0.000000 0.000000 0.000000 0.000000 0.000000 0.000000 0.000000 0.000000 0.000000 0.000000 0.000000
9.942186 0.000000 0.059753 0.006927 0.008509 0.070036 0.001246 0.020349 0.002732 0.063720 0.001294 0.004266 0.075333 0.001270 0.022111 -0.005489 1.192335 0.776265 0.439163 1.691361 0.187313 0.419900 0.196557 1.145322 -0.007673 0.079166 1.720960 0.187242 0.476611 -0.358194 -0.514681 0.869193 0.455009 -0.052057 0.188324 -0.259282 0.199676 -0.553649 -0.063938 0.079946 -0.019342 0.185504 -0.201449 -0.357756 2.854006 2.966806 -7.700491 2.438712 -0.131558 -7.909797 2.854006 2.966806 0.147509 2.438712 -0.131558 -0.061797 0.000000 0.000000 -7.848000 0.000000 0.000000 -7.848000 0.000000 0.000000 0.000000 0.000000 0.000000 0.000000 0.000000 0.000000 0.000000 0.000000 0.000000 0.000000 0.000000 0.000000 0.000000 0.000000 0.000000 0.000000 0.000000 0.000000 0.000000 0.000000 0.000000 0.000000
9.983628 0.000000 0.059753 0.006951 0.008497 0.070012 0.001258 0.020361 0.002732 0.063720 0.001270 0.004266 0.075345 0.001258 0.022099 -0.005489 1.194379 0.781119 0.432549 1.702552 0.187395 0.419380 0.195821 1.148116 -0.018817 0.067138 1.727420 0.187281 0.477361 -0.358324 -0.512642 0.874063 0.448439 -0.040872 0.188407 -0.259803 0.198951 -0.550851 -0.075122 0.067873 -0.012878 0.185543 -0.200698 -0.357897 2.889092 2.963471 -7.748464 2.470151 -0.183173 -7.942174 2.889092 2.963471 0.099536 2.470151 -0.183173 -0.094174 0.000000 0.000000 -7.848000 0.000000 0.000000 -7.848000 0.000000 0.000000 0.000000 0.000000 0.000000 0.000000 0.000000 0.000000 0.000000 0.000000 0.000000 0.000000 0.000000 0.000000 0.000000 0.000000 0.000000 0.000000 0.000000 0.000000 0.000000 0.000000 0.000000 0.000000
10.038881 1.000000 0.059753 0.006927 0.008497 0.070000 0.001246 0.020337 0.002744 0.063696 0.001294 0.004254 0.075321 0.001234 0.022087 -0.005489 1.198386 0.783648 0.445852 1.717368 0.187319 0.426620 0.200021 1.166193 -0.017133 0.067227 1.750733 0.187210 0.478113 -0.355669 -0.508642 0.876557 0.461697 -0.026062 0.188334 -0.252567 0.203140 -0.532826 -0.073421 0.068007 0.010418 0.185473 -0.199953 -0.355243 2.959053 3.004895 -7.830349 2.478230 -0.179782 -8.035520 2.959053 3.004895 0.017651 2.478230 -0.179782 -0.187520 0.000000 0.000000 -7.848000 0.000000 0.000000 -7.848000 0.000000 0.000000 0.000000 0.000000 0.000000 0.000000 0.000000 0.000000 0.000000 0.000000 0.000000 0.000000 0.000000 0.000000 0.000000 0.000000 0.000000 0.000000 0.000000 0.000000 0.000000 0.000000 0.000000 0.000000
10.093643 1.000000 0.059753 0.006939 0.008497 0.070000 0.001258 0.020301 0.002732 0.063732 0.001294 0.004254 0.075297 0.001234 0.022087 -0.005489 1.212458 0.772769 0.427110 1.724220 0.187206 0.426587 0.196611 1.166599 -0.012985 0.067585 1.767664 0.187249 0.478294 -0.353929 -0.494573 0.865694 0.442978 -0.019215 0.188217 -0.252603 0.199737 -0.532364 -0.069273 0.068363 0.027352 0.185511 -0.199771 -0.353502 2.894720 2.937064 -7.845227 2.547030 -0.172250 -8.114910 2.894720 2.937064 0.002773 2.547030 -0.172250 -0.266910 0.000000 0.000000 -7.848000 0.000000 0.000000 -7.848000 0.000000 0.000000 0.000000 0.000000 0.000000 0.000000 0.000000 0.000000 0.000000 0.000000 0.000000 0.000000 0.000000 0.000000 0.000000 0.000000 0.000000 0.000000 0.000000 0.000000 0.000000 0.000000 0.000000 0.000000
10.142467 1.000000 0.059729 0.006927 0.008521 0.069976 0.001246 0.020301 0.002720 0.063720 0.001294 0.004266 0.075297 0.001258 0.022051 -0.005501 1.201323 0.780043 0.438966 1.725385 0.187298 0.425710 0.196155 1.150829 -0.012011 0.067152 1.772431 0.187371 0.476017 -0.356106 -0.505757 0.872988 0.454813 -0.018064 0.188305 -0.253485 0.199273 -0.548159 -0.068280 0.067932 0.032111 0.185629 -0.202053 -0.355672 2.969454 2.981345 -7.861505 2.645488 -0.174388 -8.148368 2.969454 2.981345 -0.013505 2.645488 -0.174388 -0.300368 0.000000 0.000000 -7.848000 0.000000 0.000000 -7.848000 0.000000 0.000000 0.000000 0.000000 0.000000 0.000000 0.000000 0.000000 0.000000 0.000000 0.000000 0.000000 0.000000 0.000000 0.000000 0.000000 0.000000 0.000000 0.000000 0.000000 0.000000 0.000000 0.000000 0.000000
10.176311 1.000000 0.059753 0.006927 0.008497 0.069964 0.001246 0.020289 0.002744 0.063720 0.001306 0.004254 0.075249 0.001246 0.022027 -0.005489 1.201404 0.780250 0.441111 1.727759 0.187381 0.423607 0.195072 1.136775 -0.011017 0.068432 1.760373 0.187239 0.473235 -0.352273 -0.505640 0.873158 0.456956 -0.015688 0.188396 -0.255588 0.198191 -0.562231 -0.067285 0.069233 0.020035 0.185501 -0.204842 -0.351839 2.976912 2.986560 -7.868850 2.658381 -0.167412 -8.099115 2.976912 2.986560 -0.020850 2.658381 -0.167412 -0.251115 0.000000 0.000000 -7.848000 0.000000 0.000000 -7.848000 0.000000 0.000000 0.000000 0.000000 0.000000 0.000000 0.000000 0.000000 0.000000 0.000000 0.000000 0.000000 0.000000 0.000000 0.000000 0.000000 0.000000 0.000000 0.000000 0.000000 0.000000 0.000000 0.000000 0.000000
10.210264 1.000000 0.059741 0.006927 0.008497 0.069952 0.001246 0.020277 0.002732 0.063732 0.001306 0.004254 0.075261 0.001270 0.022027 -0.005489 1.185708 0.779360 0.435336 1.725495 0.187295 0.422409 0.195011 1.167820 -0.013875 0.065047 1.782863 0.187325 0.482014 -0.350276 -0.521362 0.872264 0.451180 -0.017961 0.188305 -0.256790 0.198130 -0.531161 -0.070143 0.065848 0.042533 0.185588 -0.196061 -0.349834 3.040926 2.972934 -7.869144 2.615788 -0.180754 -8.192651 3.040926 2.972934 -0.021144 2.615788 -0.180754 -0.344651 0.000000 0.000000 -7.848000 0.000000 0.000000 -7.848000 0.000000 0.000000 0.000000 0.000000 0.000000 0.000000 0.000000 0.000000 0.000000 0.000000 0.000000 0.000000 0.000000 0.000000 0.000000 0.000000 0.000000 0.000000 0.000000 0.000000 0.000000 0.000000 0.000000 0.000000
10.255327 1.000000 0.059753 0.006927 0.008497 0.069964 0.001246 0.020277 0.002732 0.063720 0.001294 0.004266 0.075261 0.001270 0.022027 -0.005489 1.203199 0.780026 0.428317 1.739104 0.187325 0.427433 0.197605 1.154232 -0.012384 0.066275 1.773393 0.187272 0.480797 -0.349879 -0.503847 0.872929 0.444162 -0.004344 0.188336 -0.251763 0.200723 -0.544770 -0.068649 0.067055 0.033059 0.185534 -0.197279 -0.349440 3.014674 2.960124 -7.924968 2.640827 -0.174759 -8.158504 3.014674 2.960124 -0.076968 2.640827 -0.174759 -0.310504 0.000000 0.000000 -7.848000 0.000000 0.000000 -7.848000 0.000000 0.000000 0.000000 0.000000 0.000000 0.000000 0.000000 0.000000 0.000000 0.000000 0.000000 0.000000 0.000000 0.000000 0.000000 0.000000 0.000000 0.000000 0.000000 0.000000 0.000000 0.000000 0.000000 0.000000
10.288699 1.000000 0.059753 0.006927 0.008521 0.069940 0.001246 0.020265 0.002720 0.063732 0.001306 0.004266 0.075261 0.001270 0.021991 -0.005477 1.192038 0.781858 0.412725 1.720506 0.187346 0.423736 0.196294 1.142296 -0.011753 0.067291 1.761454 0.187249 0.476972 -0.351447 -0.515014 0.874802 0.428572 -0.022951 0.188352 -0.255464 0.199412 -0.556689 -0.067994 0.068093 0.021120 0.185516 -0.201107 -0.351004 2.972983 2.924032 -7.838365 2.642469 -0.170961 -8.106267 2.972983 2.924032 0.009635 2.642469 -0.170961 -0.258267 0.000000 0.000000 -7.848000 0.000000 0.000000 -7.848000 0.000000 0.000000 0.000000 0.000000 0.000000 0.000000 0.000000 0.000000 0.000000 0.000000 0.000000 0.000000 0.000000 0.000000 0.000000 0.000000 0.000000 0.000000 0.000000 0.000000 0.000000 0.000000 0.000000 0.000000
10.327723 1.000000 0.059753 0.006927 0.008497 0.069940 0.001258 0.020241 0.002732 0.063720 0.001306 0.004266 0.075237 0.001258 0.022003 -0.005477 1.186038 0.783308 0.423741 1.719662 0.187413 0.421985 0.195904 1.159487 -0.015189 0.063306 1.777652 0.187313 0.480139 -0.351658 -0.521018 0.876212 0.439587 -0.023797 0.188423 -0.257218 0.199027 -0.539526 -0.071430 0.064109 0.037308 0.185579 -0.197943 -0.351219 3.006298 2.952916 -7.838646 2.635249 -0.187978 -8.172915 3.006298 2.952916 0.009354 2.635249 -0.187978 -0.324915 0.000000 0.000000 -7.848000 0.000000 0.000000 -7.848000 0.000000 0.000000 0.000000 0.000000 0.000000 0.000000 0.000000 0.000000 0.000000 0.000000 0.000000 0.000000 0.000000 0.000000 0.000000 0.000000 0.000000 0.000000 0.000000 0.000000 0.000000 0.000000 0.000000 0.000000
10.356755 1.000000 0.059729 0.006927 0.008521 0.069940 0.001246 0.020265 0.002720 0.063720 0.001306 0.004266 0.075261 0.001246 0.022003 -0.005489 1.186319 0.778711 0.425962 1.730496 0.187310 0.426796 0.194635 1.148641 -0.013753 0.064566 1.778886 0.187343 0.478618 -0.349569 -0.520775 0.871656 0.441808 -0.012968 0.188316 -0.252407 0.197753 -0.550363 -0.069998 0.065368 0.038549 0.185606 -0.199461 -0.349134 3.060204 2.951298 -7.898297 2.691832 -0.182593 -8.186001 3.060204 2.951298 -0.050297 2.691832 -0.182593 -0.338001 0.000000 0.000000 -7.848000 0.000000 0.000000 -7.848000 0.000000 0.000000 0.000000 0.000000 0.000000 0.000000 0.000000 0.000000 0.000000 0.000000 0.000000 0.000000 0.000000 0.000000 0.000000 0.000000 0.000000 0.000000 0.000000 0.000000 0.000000 0.000000 0.000000 0.000000
10.384745 1.000000 0.059753 0.006939 0.008533 0.069940 0.001234 0.020265 0.002708 0.063696 0.001306 0.004254 0.075249 0.001258 0.021979 -0.005489 1.189558 0.781771 0.415396 1.732423 0.187325 0.426761 0.194575 1.153495 -0.017935 0.059526 1.783191 0.187468 0.480067 -0.350823 -0.517493 0.874754 0.431267 -0.011034 0.188328 -0.252439 0.197693 -0.545559 -0.074202 0.060328 0.042840 0.185730 -0.198019 -0.350385 3.045306 2.933066 -7.902343 2.695050 -0.203575 -8.205555 3.045306 2.933066 -0.054343 2.695050 -0.203575 -0.357555 0.000000 0.000000 -7.848000 0.000000 0.000000 -7.848000 0.000000 0.000000 0.000000 0.000000 0.000000 0.000000 0.000000 0.000000 0.000000 0.000000 0.000000 0.000000 0.000000 0.000000 0.000000 0.000000 0.000000 0.000000 0.000000 0.000000 0.000000 0.000000 0.000000 0.000000
10.441094 1.000000 0.059753 0.006927 0.008497 0.069916 0.001234 0.020253 0.002720 0.063708 0.001306 0.004266 0.075237 0.001270 0.021979 -0.005477 1.193645 0.775307 0.407071 1.737838 0.187257 0.428039 0.193415 1.139579 -0.013443 0.065638 1.769754 0.187150 0.478627 -0.356398 -0.513417 0.868206 0.422917 -0.005628 0.188264 -0.251165 0.196529 -0.559458 -0.069684 0.066441 0.029403 0.185416 -0.199459 -0.355955 3.039709 2.900435 -7.924355 2.699028 -0.181868 -8.151657 3.039709 2.900435 -0.076355 2.699028 -0.181868 -0.303657 0.000000 0.000000 -7.848000 0.000000 0.000000 -7.848000 0.000000 0.000000 0.000000 0.000000 0.000000 0.000000 0.000000 0.000000 0.000000 0.000000 0.000000 0.000000 0.000000 0.000000 0.000000 0.000000 0.000000 0.000000 0.000000 0.000000 0.000000 0.000000 0.000000 0.000000
10.482672 1.000000 0.059753 0.006903 0.008509 0.069904 0.001246 0.020241 0.002708 0.063684 0.001306 0.004254 0.075237 0.001246 0.021967 -0.005477 1.198675 0.784790 0.412064 1.730541 0.187363 0.424336 0.194468 1.135347 -0.011349 0.065085 1.774080 0.187269 0.476980 -0.355147 -0.508391 0.877668 0.427865 -0.012930 0.188366 -0.254870 0.197578 -0.563732 -0.067612 0.065888 0.033720 0.185535 -0.201109 -0.354712 2.984706 2.928960 -7.879931 2.736009 -0.179408 -8.172870 2.984706 2.928960 -0.031931 2.736009 -0.179408 -0.324870 0.000000 0.000000 -7.848000 0.000000 0.000000 -7.848000 0.000000 0.000000 0.000000 0.000000 0.000000 0.000000 0.000000 0.000000 0.000000 0.000000 0.000000 0.000000 0.000000 0.000000 0.000000 0.000000 0.000000 0.000000 0.000000 0.000000 0.000000 0.000000 0.000000 0.000000
10.519366 1.000000 0.059753 0.006927 0.008521 0.069916 0.001246 0.020241 0.002708 0.063720 0.001330 0.004254 0.075249 0.001270 0.021967 -0.005477 1.220838 0.780461 0.408274 1.741156 0.187306 0.428274 0.193766 1.153348 -0.013241 0.062985 1.776369 0.187279 0.480043 -0.354718 -0.486224 0.873402 0.424122 -0.002311 0.188309 -0.250931 0.196883 -0.545665 -0.069464 0.063831 0.036024 0.185546 -0.198041 -0.354267 2.918334 2.910797 -7.915729 2.660808 -0.186334 -8.172733 2.918334 2.910797 -0.067729 2.660808 -0.186334 -0.324733 0.000000 0.000000 -7.848000 0.000000 0.000000 -7.848000 0.000000 0.000000 0.000000 0.000000 0.000000 0.000000 0.000000 0.000000 0.000000 0.000000 0.000000 0.000000 0.000000 0.000000 0.000000 0.000000 0.000000 0.000000 0.000000 0.000000 0.000000 0.000000 0.000000 0.000000
10.556125 1.000000 0.059753 0.006915 0.008509 0.069904 0.001234 0.020241 0.002720 0.063720 0.001330 0.004266 0.075237 0.001282 0.021955 -0.005465 1.206523 0.782896 0.423307 1.735945 0.187192 0.425971 0.197510 1.144051 -0.009144 0.068258 1.767295 0.187294 0.474568 -0.352295 -0.500543 0.875797 0.439131 -0.007526 0.188198 -0.253236 0.200621 -0.554967 -0.065342 0.069106 0.026945 0.185565 -0.203519 -0.351839 2.978836 2.952880 -7.903231 2.652276 -0.164004 -8.126977 2.978836 2.952880 -0.055231 2.652276 -0.164004 -0.278977 0.000000 0.000000 -7.848000 0.000000 0.000000 -7.848000 0.000000 0.000000 0.000000 0.000000 0.000000 0.000000 0.000000 0.000000 0.000000 0.000000 0.000000 0.000000 0.000000 0.000000 0.000000 0.000000 0.000000 0.000000 0.000000 0.000000 0.000000 0.000000 0.000000 0.000000
10.582749 1.000000 0.059729 0.006927 0.008509 0.069928 0.001246 0.020229 0.002720 0.063732 0.001330 0.004266 0.075237 0.001294 0.021979 -0.005477 1.198870 0.783291 0.420211 1.735924 0.187281 0.425817 0.196727 1.159076 -0.012270 0.064224 1.773151 0.187367 0.478956 -0.352920 -0.508232 0.876212 0.436056 -0.007547 0.188287 -0.253390 0.199845 -0.539918 -0.068472 0.065071 0.032807 0.185635 -0.199127 -0.352462 3.015870 2.947357 -7.909196 2.613170 -0.179497 -8.149541 3.015870 2.947357 -0.061196 2.613170 -0.179497 -0.301541 0.000000 0.000000 -7.848000 0.000000 0.000000 -7.848000 0.000000 0.000000 0.000000 0.000000 0.000000 0.000000 0.000000 0.000000 0.000000 0.000000 0.000000 0.000000 0.000000 0.000000 0.000000 0.000000 0.000000 0.000000 0.000000 0.000000 0.000000 0.000000 0.000000 0.000000
10.618768 1.000000 0.059753 0.006915 0.008497 0.069904 0.001246 0.020229 0.002708 0.063720 0.001330 0.004266 0.075249 0.001258 0.021967 -0.005477 1.203791 0.768758 0.405963 1.740278 0.187214 0.427332 0.193892 1.135902 -0.012049 0.066061 1.769039 0.187346 0.474689 -0.351806 -0.503277 0.861633 0.421785 -0.003194 0.188216 -0.251875 0.197005 -0.563111 -0.068251 0.066908 0.028694 0.185612 -0.203395 -0.351359 2.991956 2.883457 -7.924672 2.705731 -0.176041 -8.143999 2.991956 2.883457 -0.076672 2.705731 -0.176041 -0.295999 0.000000 0.000000 -7.848000 0.000000 0.000000 -7.848000 0.000000 0.000000 0.000000 0.000000 0.000000 0.000000 0.000000 0.000000 0.000000 0.000000 0.000000 0.000000 0.000000 0.000000 0.000000 0.000000 0.000000 0.000000 0.000000 0.000000 0.000000 0.000000 0.000000 0.000000
10.672251 1.000000 0.059753 0.006903 0.008497 0.069904 0.001246 0.020229 0.002720 0.063720 0.001330 0.004254 0.075237 0.001258 0.021955 -0.005477 1.199782 0.782185 0.428315 1.740568 0.187328 0.430654 0.198268 1.152350 -0.014651 0.062540 1.767896 0.187170 0.477254 -0.352037 -0.507287 0.875044 0.444115 -0.002904 0.188334 -0.248554 0.201378 -0.546668 -0.070875 0.063386 0.027546 0.185437 -0.200833 -0.351591 3.046069 2.965859 -7.940803 2.624681 -0.187845 -8.128396 3.046069 2.965859 -0.092803 2.624681 -0.187845 -0.280396 0.000000 0.000000 -7.848000 0.000000 0.000000 -7.848000 0.000000 0.000000 0.000000 0.000000 0.000000 0.000000 0.000000 0.000000 0.000000 0.000000 0.000000 0.000000 0.000000 0.000000 0.000000 0.000000 0.000000 0.000000 0.000000 0.000000 0.000000 0.000000 0.000000 0.000000
10.708642 1.000000 0.059753 0.006903 0.008509 0.069904 0.001246 0.020229 0.002708 0.063708 0.001330 0.004266 0.075249 0.001282 0.021967 -0.005477 1.189480 0.783678 0.435361 1.737883 0.187384 0.428957 0.197274 1.136602 -0.009086 0.068744 1.760569 0.187287 0.476337 -0.347879 -0.517588 0.876556 0.451162 -0.005589 0.188386 -0.250251 0.200384 -0.562432 -0.065287 0.069592 0.020221 0.185554 -0.201748 -0.347424 3.090614 2.985741 -7.935847 2.663798 -0.160956 -8.105645 3.090614 2.985741 -0.087847 2.663798 -0.160956 -0.257645 0.000000 0.000000 -7.848000 0.000000 0.000000 -7.848000 0.000000 0.000000 0.000000 0.000000 0.000000 0.000000 0.000000 0.000000 0.000000 0.000000 0.000000 0.000000 0.000000 0.000000 0.000000 0.000000 0.000000 0.000000 0.000000 0.000000 0.000000 0.000000 0.000000 0.000000
10.738914 1.000000 0.059753 0.006891 0.008533 0.069904 0.001246 0.020229 0.002708 0.063720 0.001330 0.004254 0.075261 0.001246 0.021955 -0.005465 1.188060 0.774558 0.423909 1.737790 0.187349 0.428355 0.195433 1.153751 -0.011566 0.064650 1.762656 0.187338 0.477995 -0.347020 -0.519007 0.867461 0.439690 -0.005682 0.188351 -0.250853 0.198539 -0.545259 -0.067787 0.065496 0.022314 0.185608 -0.200089 -0.346576 3.081904 2.939756 -7.933140 2.591667 -0.173733 -8.103037 3.081904 2.939756 -0.085140 2.591667 -0.173733 -0.255037 0.000000 0.000000 -7.848000 0.000000 0.000000 -7.848000 0.000000 0.000000 0.000000 0.000000 0.000000 0.000000 0.000000 0.000000 0.000000 0.000000 0.000000 0.000000 0.000000 0.000000 0.000000 0.000000 0.000000 0.000000 0.000000 0.000000 0.000000 0.000000 0.000000 0.000000
10.777621 1.000000 0.059753 0.006903 0.008521 0.069904 0.001246 0.020229 0.002720 0.063720 0.001330 0.004254 0.075237 0.001234 0.021967 -0.005477 1.197824 0.780991 0.424121 1.742537 0.187325 0.429855 0.195822 1.165213 -0.012860 0.062756 1.778981 0.187274 0.483741 -0.348268 -0.509243 0.873896 0.439923 -0.000935 0.188331 -0.249353 0.198933 -0.533803 -0.069085 0.063602 0.038633 0.185540 -0.194345 -0.347829 3.059054 2.953462 -7.949340 2.616512 -0.182803 -8.180300 3.059054 2.953462 -0.101340 2.616512 -0.182803 -0.332300 0.000000 0.000000 -7.848000 0.000000 0.000000 -7.848000 0.000000 0.000000 0.000000 0.000000 0.000000 0.000000 0.000000 0.000000 0.000000 0.000000 0.000000 0.000000 0.000000 0.000000 0.000000 0.000000 0.000000 0.000000 0.000000 0.000000 0.000000 0.000000 0.000000 0.000000
10.811551 1.000000 0.059765 0.006927 0.008509 0.069904 0.001246 0.020205 0.002720 0.063720 0.001330 0.004254 0.075237 0.001282 0.021943 -0.005489 1.196455 0.782317 0.432795 1.738876 0.187277 0.427397 0.196020 1.147102 -0.016177 0.061766 1.764692 0.187296 0.481084 -0.348599 -0.510594 0.875238 0.448642 -0.004595 0.188283 -0.251812 0.199138 -0.551917 -0.072405 0.062612 0.024341 0.185559 -0.197004 -0.348145 3.052906 2.975674 -7.930455 2.645936 -0.191777 -8.125805 3.052906 2.975674 -0.082455 2.645936 -0.191777 -0.277805 0.000000 0.000000 -7.848000 0.000000 0.000000 -7.848000 0.000000 0.000000 0.000000 0.000000 0.000000 0.000000 0.000000 0.000000 0.000000 0.000000 0.000000 0.000000 0.000000 0.000000 0.000000 0.000000 0.000000 0.000000 0.000000 0.000000 0.000000 0.000000 0.000000 0.000000
10.844201 1.000000 0.059753 0.006903 0.008497 0.069904 0.001246 0.020193 0.002708 0.063720 0.001330 0.004266 0.075237 0.001258 0.021955 -0.005453 1.185094 0.782659 0.425682 1.737271 0.187357 0.426598 0.196689 1.148866 -0.010540 0.066645 1.765209 0.187309 0.484374 -0.349661 -0.521979 0.875515 0.441482 -0.006205 0.188359 -0.252614 0.199798 -0.550152 -0.066734 0.067493 0.024859 0.185584 -0.193713 -0.349213 3.097983 2.961040 -7.930536 2.637982 -0.169357 -8.131564 3.097983 2.961040 -0.082536 2.637982 -0.169357 -0.283564 0.000000 0.000000 -7.848000 0.000000 0.000000 -7.848000 0.000000 0.000000 0.000000 0.000000 0.000000 0.000000 0.000000 0.000000 0.000000 0.000000 0.000000 0.000000 0.000000 0.000000 0.000000 0.000000 0.000000 0.000000 0.000000 0.000000 0.000000 0.000000 0.000000 0.000000
10.888239 1.000000 0.059753 0.006915 0.008509 0.069904 0.001246 0.020229 0.002708 0.063720 0.001330 0.004266 0.075237 0.001258 0.021943 -0.005453 1.194965 0.804823 0.426550 1.729592 0.187446 0.426416 0.199814 1.145225 -0.011311 0.067116 1.757754 0.187211 0.481340 -0.349325 -0.512103 0.897720 0.442374 -0.013880 0.188448 -0.252792 0.202927 -0.553794 -0.067505 0.067964 0.017402 0.185485 -0.196748 -0.348876 3.027522 3.006681 -7.886246 2.618769 -0.168810 -8.094045 3.027522 3.006681 -0.038246 2.618769 -0.168810 -0.246045 0.000000 0.000000 -7.848000 0.000000 0.000000 -7.848000 0.000000 0.000000 0.000000 0.000000 0.000000 0.000000 0.000000 0.000000 0.000000 0.000000 0.000000 0.000000 0.000000 0.000000 0.000000 0.000000 0.000000 0.000000 0.000000 0.000000 0.000000 0.000000 0.000000 0.000000
10.923628 1.000000 0.059753 0.006891 0.008521 0.069880 0.001246 0.020229 0.002708 0.063708 0.001342 0.004254 0.075237 0.001270 0.021955 -0.005453 1.197232 0.791477 0.417314 1.731779 0.187271 0.426512 0.197925 1.149255 -0.011184 0.065871 1.759006 0.187271 0.482294 -0.349648 -0.509843 0.884357 0.433094 -0.011701 0.188273 -0.252698 0.201031 -0.549784 -0.067380 0.066741 0.018653 0.185546 -0.195794 -0.349192 3.010208 2.957062 -7.892361 2.606199 -0.171324 -8.098151 3.010208 2.957062 -0.044361 2.606199 -0.171324 -0.250151 0.000000 0.000000 -7.848000 0.000000 0.000000 -7.848000 0.000000 0.000000 0.000000 0.000000 0.000000 0.000000 0.000000 0.000000 0.000000 0.000000 0.000000 0.000000 0.000000 0.000000 0.000000 0.000000 0.000000 0.000000 0.000000 0.000000 0.000000 0.000000 0.000000 0.000000
10.964644 1.000000 0.059729 0.006903 0.008521 0.069880 0.001258 0.020217 0.002720 0.063720 0.001354 0.004266 0.075237 0.001270 0.021931 -0.005465 1.180534 0.788711 0.424436 1.728892 0.187435 0.424743 0.196225 1.131324 -0.013097 0.063977 1.744889 0.187286 0.476542 -0.352722 -0.526584 0.881615 0.440237 -0.014597 0.188441 -0.254471 0.199339 -0.567698 -0.069254 0.064870 0.004536 0.185557 -0.201547 -0.352263 3.084307 2.969029 -7.891904 2.629944 -0.180255 -8.038626 3.084307 2.969029 -0.043904 2.629944 -0.180255 -0.190626 0.000000 0.000000 -7.848000 0.000000 0.000000 -7.848000 0.000000 0.000000 0.000000 0.000000 0.000000 0.000000 0.000000 0.000000 0.000000 0.000000 0.000000 0.000000 0.000000 0.000000 0.000000 0.000000 0.000000 0.000000 0.000000 0.000000 0.000000 0.000000 0.000000 0.000000
10.992327 1.000000 0.059729 0.006891 0.008509 0.069880 0.001246 0.020217 0.002708 0.063708 0.001354 0.004266 0.075237 0.001222 0.021931 -0.005465 1.173923 0.782707 0.417999 1.727959 0.187302 0.424138 0.195213 1.149341 -0.013027 0.063787 1.750851 0.187339 0.479202 -0.354087 -0.533196 0.875565 0.433776 -0.015529 0.188304 -0.255076 0.198319 -0.549701 -0.069185 0.064680 0.010495 0.185609 -0.198888 -0.353643 3.104527 2.941819 -7.891084 2.567888 -0.180131 -8.054383 3.104527 2.941819 -0.043084 2.567888 -0.180131 -0.206383 0.000000 0.000000 -7.848000 0.000000 0.000000 -7.848000 0.000000 0.000000 0.000000 0.000000 0.000000 0.000000 0.000000 0.000000 0.000000 0.000000 0.000000 0.000000 0.000000 0.000000 0.000000 0.000000 0.000000 0.000000 0.000000 0.000000 0.000000 0.000000 0.000000 0.000000
11.043277 1.000000 0.059753 0.006891 0.008509 0.069880 0.001246 0.020205 0.002708 0.063720 0.001354 0.004266 0.075237 0.001258 0.021943 -0.005465 1.210591 0.786619 0.420236 1.736157 0.187248 0.423027 0.196238 1.144316 0.004598 0.080871 1.746903 0.187229 0.481154 -0.349616 -0.496486 0.879477 0.436015 -0.007325 0.188250 -0.256186 0.199344 -0.554704 -0.051559 0.081764 0.006552 0.185500 -0.196934 -0.349161 2.952988 2.951780 -7.894243 2.555310 -0.102790 -8.039674 2.952988 2.951780 -0.046243 2.555310 -0.102790 -0.191674 0.000000 0.000000 -7.848000 0.000000 0.000000 -7.848000 0.000000 0.000000 0.000000 0.000000 0.000000 0.000000 0.000000 0.000000 0.000000 0.000000 0.000000 0.000000 0.000000 0.000000 0.000000 0.000000 0.000000 0.000000 0.000000 0.000000 0.000000 0.000000 0.000000 0.000000
11.087828 1.000000 0.059753 0.006891 0.008509 0.069904 0.001246 0.020205 0.002708 0.063720 0.001366 0.004254 0.075237 0.001270 0.021931 -0.005453 1.200686 0.790645 0.430652 1.736870 0.187334 0.423958 0.192308 1.157106 -0.000478 0.076170 1.753443 0.187282 0.482824 -0.346886 -0.506385 0.883504 0.446431 -0.006604 0.188336 -0.255252 0.195414 -0.541915 -0.056635 0.077084 0.013091 0.185557 -0.195265 -0.346423 3.018888 2.984497 -7.910441 2.527019 -0.122584 -8.062411 3.018888 2.984497 -0.062441 2.527019 -0.122584 -0.214411 0.000000 0.000000 -7.848000 0.000000 0.000000 -7.848000 0.000000 0.000000 0.000000 0.000000 0.000000 0.000000 0.000000 0.000000 0.000000 0.000000 0.000000 0.000000 0.000000 0.000000 0.000000 0.000000 0.000000 0.000000 0.000000 0.000000 0.000000 0.000000 0.000000 0.000000
11.128999 1.000000 0.059753 0.006891 0.008521 0.069904 0.001222 0.020217 0.002708 0.063720 0.001354 0.004266 0.075249 0.001246 0.021931 -0.005465 1.212972 0.773505 0.428533 1.747173 0.187260 0.428415 0.191095 1.152202 -0.008153 0.069736 1.750506 0.187229 0.481398 -0.348383 -0.494097 0.866386 0.444313 0.003699 0.188261 -0.250794 0.194193 -0.546815 -0.064311 0.070629 0.010157 0.185500 -0.196690 -0.347932 2.996709 2.945007 -7.954859 2.546953 -0.153870 -8.052480 2.996709 2.945007 -0.106859 2.546953 -0.153870 -0.204480 0.000000 0.000000 -7.848000 0.000000 0.000000 -7.848000 0.000000 0.000000 0.000000 0.000000 0.000000 0.000000 0.000000 0.000000 0.000000 0.000000 0.000000 0.000000 0.000000 0.000000 0.000000 0.000000 0.000000 0.000000 0.000000 0.000000 0.000000 0.000000 0.000000 0.000000
11.184071 1.000000 0.059753 0.006891 0.008509 0.069880 0.001246 0.020205 0.002708 0.063708 0.001366 0.004266 0.075237 0.001258 0.021919 -0.005453 1.186582 0.780954 0.422319 1.735800 0.187364 0.420808 0.191547 1.134489 -0.004943 0.073271 1.757749 0.187230 0.471543 -0.347501 -0.520496 0.873812 0.438098 -0.007682 0.188365 -0.258405 0.194653 -0.564555 -0.061076 0.074187 0.017391 0.185505 -0.206549 -0.347041 3.068853 2.946410 -7.910412 2.647367 -0.141013 -8.083841 3.068853 2.946410 -0.062412 2.647367 -0.141013 -0.235841 0.000000 0.000000 -7.848000 0.000000 0.000000 -7.848000 0.000000 0.000000 0.000000 0.000000 0.000000 0.000000 0.000000 0.000000 0.000000 0.000000 0.000000 0.000000 0.000000 0.000000 0.000000 0.000000 0.000000 0.000000 0.000000 0.000000 0.000000 0.000000 0.000000 0.000000
11.265653 1.000000 0.059729 0.006903 0.008509 0.069868 0.001234 0.020205 0.002708 0.063696 0.001354 0.004266 0.075237 0.001282 0.021883 -0.005453 1.178148 0.782825 0.415216 1.731415 0.187337 0.425750 0.197586 1.144591 -0.012525 0.066211 1.753718 0.187361 0.474299 -0.348962 -0.528975 0.875702 0.431015 -0.012079 0.188339 -0.253466 0.200691 -0.554478 -0.068678 0.067105 0.013352 0.185636 -0.203798 -0.348498 3.099040 2.936984 -7.905829 2.593022 -0.172029 -8.062204 3.099040 2.936984 -0.057829 2.593022 -0.172029 -0.214204 0.000000 0.000000 -7.848000 0.000000 0.000000 -7.848000 0.000000 0.000000 0.000000 0.000000 0.000000 0.000000 0.000000 0.000000 0.000000 0.000000 0.000000 0.000000 0.000000 0.000000 0.000000 0.000000 0.000000 0.000000 0.000000 0.000000 0.000000 0.000000 0.000000 0.000000
11.333523 1.000000 0.059753 0.006891 0.008497 0.069880 0.001234 0.020205 0.002708 0.063720 0.001354 0.004254 0.075237 0.001282 0.021895 -0.005453 1.190569 0.775837 0.383961 1.743145 0.187357 0.429569 0.194789 1.144588 -0.013919 0.063538 1.750799 0.187224 0.475520 -0.349792 -0.516510 0.868672 0.399739 -0.000338 0.188359 -0.249644 0.197891 -0.554437 -0.070095 0.064430 0.010442 0.185498 -0.202573 -0.349328 3.064289 2.849820 -7.950284 2.585508 -0.181148 -8.051575 3.064289 2.849820 -0.102284 2.585508 -0.181148 -0.203575 0.000000 0.000000 -7.848000 0.000000 0.000000 -7.848000 0.000000 0.000000 0.000000 0.000000 0.000000 0.000000 0.000000 0.000000 0.000000 0.000000 0.000000 0.000000 0.000000 0.000000 0.000000 0.000000 0.000000 0.000000 0.000000 0.000000 0.000000 0.000000 0.000000 0.000000
11.371994 1.000000 0.059753 0.006891 0.008497 0.069880 0.001246 0.020205 0.002708 0.063696 0.001366 0.004266 0.075237 0.001258 0.021931 -0.005465 1.191746 0.781456 0.390960 1.741086 0.187290 0.430722 0.197623 1.146632 -0.008751 0.066787 1.751075 0.187358 0.476634 -0.351836 -0.515332 0.874291 0.406738 -0.002397 0.188292 -0.248490 0.200728 -0.552433 -0.064888 0.067704 0.010715 0.185629 -0.201458 -0.351377 3.060519 2.878278 -7.943378 2.572986 -0.163574 -8.052168 3.060519 2.878278 -0.095378 2.572986 -0.163574 -0.204168 0.000000 0.000000 -7.848000 0.000000 0.000000 -7.848000 0.000000 0.000000 0.000000 0.000000 0.000000 0.000000 0.000000 0.000000 0.000000 0.000000 0.000000 0.000000 0.000000 0.000000 0.000000 0.000000 0.000000 0.000000 0.000000 0.000000 0.000000 0.000000 0.000000 0.000000
11.422226 1.000000 0.059741 0.006903 0.008533 0.069880 0.001234 0.020193 0.002708 0.063720 0.001366 0.004266 0.075237 0.001246 0.021883 -0.005453 1.192925 0.780500 0.376516 1.742973 0.187390 0.430520 0.192810 1.140838 -0.011795 0.064857 1.748111 0.187278 0.471573 -0.351322 -0.514174 0.873423 0.392319 -0.000514 0.188392 -0.248695 0.195916 -0.558189 -0.067929 0.065772 0.007753 0.185552 -0.206522 -0.350866 3.050026 2.841250 -7.947661 2.583824 -0.173947 -8.034619 3.050026 2.841250 -0.099661 2.583824 -0.173947 -0.186619 0.000000 0.000000 -7.848000 0.000000 0.000000 -7.848000 0.000000 0.000000 0.000000 0.000000 0.000000 0.000000 0.000000 0.000000 0.000000 0.000000 0.000000 0.000000 0.000000 0.000000 0.000000 0.000000 0.000000 0.000000 0.000000 0.000000 0.000000 0.000000 0.000000 0.000000
11.462581 1.000000 0.059753 0.006891 0.008521 0.069868 0.001246 0.020217 0.002708 0.063708 0.001354 0.004266 0.075249 0.001258 0.021895 -0.005453 1.192073 0.776965 0.365588 1.743280 0.187383 0.430243 0.192179 1.164638 -0.015369 0.063284 1.755777 0.187232 0.472678 -0.351112 -0.515007 0.869845 0.381368 -0.000205 0.188385 -0.248970 0.195285 -0.534404 -0.071522 0.064178 0.015421 0.185507 -0.205415 -0.350656 3.044502 2.808285 -7.947209 2.499453 -0.183445 -8.050312 3.044502 2.808285 -0.099209 2.499453 -0.183445 -0.202312 0.000000 0.000000 -7.848000 0.000000 0.000000 -7.848000 0.000000 0.000000 0.000000 0.000000 0.000000 0.000000 0.000000 0.000000 0.000000 0.000000 0.000000 0.000000 0.000000 0.000000 0.000000 0.000000 0.000000 0.000000 0.000000 0.000000 0.000000 0.000000 0.000000 0.000000
11.501880 1.000000 0.059753 0.006879 0.008509 0.069868 0.001246 0.020193 0.002696 0.063720 0.001366 0.004254 0.075249 0.001258 0.021871 -0.005453 1.191912 0.779491 0.375519 1.742657 0.187286 0.426674 0.195532 1.166700 -0.014252 0.063272 1.754319 0.187367 0.469814 -0.350935 -0.515171 0.872325 0.391275 -0.000830 0.188284 -0.252541 0.198633 -0.532324 -0.070408 0.064187 0.013964 0.185642 -0.208280 -0.350475 3.045663 2.837281 -7.939747 2.476365 -0.180446 -8.035875 3.045663 2.837281 -0.091747 2.476365 -0.180446 -0.187875 0.000000 0.000000 -7.848000 0.000000 0.000000 -7.848000 0.000000 0.000000 0.000000 0.000000 0.000000 0.000000 0.000000 0.000000 0.000000 0.000000 0.000000 0.000000 0.000000 0.000000 0.000000 0.000000 0.000000 0.000000 0.000000 0.000000 0.000000 0.000000 0.000000 0.000000
11.539448 1.000000 0.059753 0.006879 0.008521 0.069880 0.001246 0.020205 0.002708 0.063708 0.001366 0.004254 0.075237 0.001234 0.021883 -0.005453 1.185981 0.776044 0.366132 1.741823 0.187302 0.426763 0.197022 1.146725 -0.012075 0.066071 1.743680 0.187241 0.462056 -0.350078 -0.521096 0.868904 0.381889 -0.001660 0.188304 -0.252450 0.200124 -0.552322 -0.068232 0.066986 0.003318 0.185515 -0.216040 -0.349626 3.063724 2.809717 -7.939716 2.515611 -0.169293 -7.989447 3.063724 2.809717 -0.091716 2.515611 -0.169293 -0.141447 0.000000 0.000000 -7.848000 0.000000 0.000000 -7.848000 0.000000 0.000000 0.000000 0.000000 0.000000 0.000000 0.000000 0.000000 0.000000 0.000000 0.000000 0.000000 0.000000 0.000000 0.000000 0.000000 0.000000 0.000000 0.000000 0.000000 0.000000 0.000000 0.000000 0.000000
11.577666 1.000000 0.059753 0.006879 0.008497 0.069880 0.001234 0.020217 0.002708 0.063708 0.001366 0.004266 0.075249 0.001282 0.021871 -0.005453 1.212462 0.782175 0.378004 1.749599 0.187283 0.430322 0.197276 1.152822 -0.006150 0.068924 1.760333 0.187366 0.466593 -0.349528 -0.494616 0.874991 0.393759 0.006118 0.188284 -0.248890 0.200374 -0.546224 -0.062284 0.069840 0.019974 0.185641 -0.211503 -0.349060 2.980442 2.848169 -7.960943 2.559099 -0.152348 -8.069803 2.980442 2.848169 -0.112943 2.559099 -0.152348 -0.221803 0.000000 0.000000 -7.848000 0.000000 0.000000 -7.848000 0.000000 0.000000 0.000000 0.000000 0.000000 0.000000 0.000000 0.000000 0.000000 0.000000 0.000000 0.000000 0.000000 0.000000 0.000000 0.000000 0.000000 0.000000 0.000000 0.000000 0.000000 0.000000 0.000000 0.000000
11.608184 1.000000 0.059753 0.006879 0.008509 0.069880 0.001246 0.020205 0.002708 0.063720 0.001366 0.004254 0.075237 0.001246 0.021883 -0.005453 1.195517 0.774615 0.375430 1.739362 0.187339 0.425774 0.197436 1.163782 -0.021082 0.057635 1.760604 0.187212 0.469286 -0.351610 -0.511561 0.867453 0.391186 -0.004121 0.188341 -0.253439 0.200538 -0.535244 -0.077238 0.058550 0.020246 0.185487 -0.208808 -0.351154 3.008254 2.826420 -7.919399 2.526608 -0.208984 -8.068871 3.008254 2.826420 -0.071399 2.526608 -0.208984 -0.220871 0.000000 0.000000 -7.848000 0.000000 0.000000 -7.848000 0.000000 0.000000 0.000000 0.000000 0.000000 0.000000 0.000000 0.000000 0.000000 0.000000 0.000000 0.000000 0.000000 0.000000 0.000000 0.000000 0.000000 0.000000 0.000000 0.000000 0.000000 0.000000 0.000000 0.000000
11.635420 1.000000 0.059753 0.006915 0.008533 0.069868 0.001234 0.020205 0.002696 0.063708 0.001366 0.004254 0.075249 0.001258 0.021883 -0.005453 1.197254 0.779916 0.381624 1.741599 0.187370 0.426856 0.198811 1.149460 -0.001948 0.064808 1.754717 0.187328 0.469178 -0.350252 -0.509826 0.872855 0.397450 -0.001887 0.188368 -0.252358 0.201920 -0.549584 -0.058104 0.065723 0.014360 0.185603 -0.208916 -0.349792 3.019251 2.853099 -7.931518 2.557813 -0.153357 -8.052343 3.019251 2.853099 -0.083518 2.557813 -0.153357 -0.204343 0.000000 0.000000 -7.848000 0.000000 0.000000 -7.848000 0.000000 0.000000 0.000000 0.000000 0.000000 0.000000 0.000000 0.000000 0.000000 0.000000 0.000000 0.000000 0.000000 0.000000 0.000000 0.000000 0.000000 0.000000 0.000000 0.000000 0.000000 0.000000 0.000000 0.000000
11.658942 1.000000 0.059753 0.006879 0.008521 0.069880 0.001234 0.020193 0.002696 0.063696 0.001390 0.004266 0.075213 0.001270 0.021871 -0.005453 1.193911 0.777668 0.375235 1.741068 0.187274 0.426416 0.197904 1.149657 -0.002767 0.065897 1.752476 0.187367 0.467177 -0.349849 -0.513168 0.870524 0.390992 -0.002416 0.188271 -0.252798 0.201001 -0.549421 -0.058860 0.066859 0.012101 0.185642 -0.210924 -0.349377 3.026969 2.833198 -7.930083 2.542905 -0.151589 -8.037330 3.026969 2.833198 -0.082083 2.542905 -0.151589 -0.189330 0.000000 0.000000 -7.848000 0.000000 0.000000 -7.848000 0.000000 0.000000 0.000000 0.000000 0.000000 0.000000 0.000000 0.000000 0.000000 0.000000 0.000000 0.000000 0.000000 0.000000 0.000000 0.000000 0.000000 0.000000 0.000000 0.000000 0.000000 0.000000 0.000000 0.000000
11.699633 1.000000 0.059753 0.006891 0.008533 0.069868 0.001246 0.020205 0.002696 0.063708 0.001390 0.004266 0.075237 0.001222 0.021883 -0.005453 1.195623 0.786259 0.388290 1.740276 0.187285 0.426427 0.198611 1.146179 -0.003690 0.066225 1.752139 0.187254 0.466321 -0.349718 -0.511458 0.879158 0.404071 -0.003210 0.188283 -0.252786 0.201717 -0.552869 -0.059785 0.067186 0.011777 0.185529 -0.211774 -0.349262 3.030060 2.881282 -7.927520 2.558035 -0.152964 -8.037575 3.030060 2.881282 -0.079520 2.558035 -0.152964 -0.189575 0.000000 0.000000 -7.848000 0.000000 0.000000 -7.848000 0.000000 0.000000 0.000000 0.000000 0.000000 0.000000 0.000000 0.000000 0.000000 0.000000 0.000000 0.000000 0.000000 0.000000 0.000000 0.000000 0.000000 0.000000 0.000000 0.000000 0.000000 0.000000 0.000000 0.000000
11.740476 1.000000 0.059753 0.006891 0.008521 0.069868 0.001246 0.020193 0.002696 0.063708 0.001390 0.004254 0.075249 0.001258 0.021883 -0.005453 1.176700 0.775340 0.394099 1.734514 0.187289 0.424178 0.195352 1.151628 -0.007674 0.064409 1.753425 0.187294 0.465771 -0.349944 -0.530382 0.868216 0.409879 -0.008973 0.188287 -0.255037 0.198458 -0.547417 -0.063791 0.065369 0.013067 0.185569 -0.212324 -0.349476 3.095845 2.872257 -7.914389 2.538270 -0.165028 -8.037945 3.095845 2.872257 -0.066389 2.538270 -0.165028 -0.189945 0.000000 0.000000 -7.848000 0.000000 0.000000 -7.848000 0.000000 0.000000 0.000000 0.000000 0.000000 0.000000 0.000000 0.000000 0.000000 0.000000 0.000000 0.000000 0.000000 0.000000 0.000000 0.000000 0.000000 0.000000 0.000000 0.000000 0.000000 0.000000 0.000000 0.000000
11.774610 1.000000 0.059753 0.006879 0.008509 0.069868 0.001270 0.020205 0.002696 0.063684 0.001390 0.004266 0.075249 0.001246 0.021883 -0.005453 1.195417 0.785911 0.403854 1.742931 0.187333 0.427498 0.196635 1.160406 -0.006448 0.065748 1.758632 0.187298 0.467332 -0.349642 -0.511665 0.878745 0.419610 -0.000556 0.188331 -0.251716 0.199744 -0.538681 -0.062542 0.066710 0.018267 0.185573 -0.210765 -0.349178 3.056219 2.916583 -7.945017 2.516686 -0.159101 -8.056522 3.056219 2.916583 -0.097017 2.516686 -0.159101 -0.208522 0.000000 0.000000 -7.848000 0.000000 0.000000 -7.848000 0.000000 0.000000 0.000000 0.000000 0.000000 0.000000 0.000000 0.000000 0.000000 0.000000 0.000000 0.000000 0.000000 0.000000 0.000000 0.000000 0.000000 0.000000 0.000000 0.000000 0.000000 0.000000 0.000000 0.000000
11.805999 1.000000 0.059753 0.006879 0.008533 0.069880 0.001246 0.020205 0.002696 0.063708 0.001366 0.004242 0.075237 0.001270 0.021871 -0.005453 1.190901 0.780213 0.389439 1.742823 0.187299 0.427620 0.195176 1.151512 -0.018782 0.056830 1.749792 0.187329 0.466044 -0.351356 -0.516176 0.873092 0.405198 -0.000660 0.188297 -0.251593 0.198278 -0.547536 -0.074961 0.057743 0.009429 0.185604 -0.212053 -0.350892 3.064572 2.871506 -7.946002 2.536456 -0.205654 -8.023647 3.064572 2.871506 -0.098002 2.536456 -0.205654 -0.175647 0.000000 0.000000 -7.848000 0.000000 0.000000 -7.848000 0.000000 0.000000 0.000000 0.000000 0.000000 0.000000 0.000000 0.000000 0.000000 0.000000 0.000000 0.000000 0.000000 0.000000 0.000000 0.000000 0.000000 0.000000 0.000000 0.000000 0.000000 0.000000 0.000000 0.000000
11.855189 1.000000 0.059753 0.006879 0.008509 0.069880 0.001246 0.020217 0.002708 0.063708 0.001390 0.004254 0.075237 0.001246 0.021871 -0.005453 1.194290 0.781390 0.395369 1.745133 0.187252 0.428922 0.195539 1.155753 -0.005809 0.067054 1.754008 0.187359 0.471116 -0.349399 -0.512787 0.874228 0.411125 0.001651 0.188254 -0.250290 0.198641 -0.543297 -0.061926 0.068013 0.013645 0.185634 -0.206981 -0.348935 3.064893 2.887937 -7.957331 2.525918 -0.154855 -8.046158 3.064893 2.887937 -0.109331 2.525918 -0.154855 -0.198158 0.000000 0.000000 -7.848000 0.000000 0.000000 -7.848000 0.000000 0.000000 0.000000 0.000000 0.000000 0.000000 0.000000 0.000000 0.000000 0.000000 0.000000 0.000000 0.000000 0.000000 0.000000 0.000000 0.000000 0.000000 0.000000 0.000000 0.000000 0.000000 0.000000 0.000000
11.880997 1.000000 0.059753 0.006879 0.008509 0.069868 0.001246 0.020193 0.002720 0.063708 0.001390 0.004266 0.075237 0.001270 0.021895 -0.005441 1.198664 0.770444 0.377577 1.741390 0.187375 0.426678 0.193158 1.143342 -0.000912 0.073170 1.748565 0.187322 0.468062 -0.347795 -0.508419 0.863286 0.393333 -0.002098 0.188381 -0.252537 0.196260 -0.555705 -0.057002 0.074132 0.008204 0.185601 -0.210032 -0.347323 3.001081 2.821247 -7.927748 2.552790 -0.130315 -8.025110 3.001081 2.821247 -0.079748 2.552790 -0.130315 -0.177110 0.000000 0.000000 -7.848000 0.000000 0.000000 -7.848000 0.000000 0.000000 0.000000 0.000000 0.000000 0.000000 0.000000 0.000000 0.000000 0.000000 0.000000 0.000000 0.000000 0.000000 0.000000 0.000000 0.000000 0.000000 0.000000 0.000000 0.000000 0.000000 0.000000 0.000000
11.912306 1.000000 0.059753 0.006879 0.008521 0.069868 0.001246 0.020205 0.002696 0.063684 0.001390 0.004254 0.075237 0.001258 0.021871 -0.005453 1.191237 0.777511 0.395443 1.737845 0.187304 0.425354 0.193749 1.141509 -0.005856 0.067684 1.745670 0.187315 0.465475 -0.349175 -0.515844 0.870367 0.411200 -0.005641 0.188301 -0.253860 0.196851 -0.557583 -0.061971 0.068645 0.005299 0.185591 -0.212625 -0.348707 3.039662 2.877827 -7.919162 2.552654 -0.153365 -8.009679 3.039662 2.877827 -0.071162 2.552654 -0.153365 -0.161679 0.000000 0.000000 -7.848000 0.000000 0.000000 -7.848000 0.000000 0.000000 0.000000 0.000000 0.000000 0.000000 0.000000 0.000000 0.000000 0.000000 0.000000 0.000000 0.000000 0.000000 0.000000 0.000000 0.000000 0.000000 0.000000 0.000000 0.000000 0.000000 0.000000 0.000000
11.938192 1.000000 0.059753 0.006879 0.008521 0.069868 0.001246 0.020193 0.002696 0.063696 0.001390 0.004266 0.075237 0.001270 0.021871 -0.005441 1.184826 0.771317 0.389939 1.736608 0.187317 0.425013 0.192284 1.153476 -0.011643 0.064750 1.750179 0.187325 0.468800 -0.349418 -0.522256 0.864174 0.405697 -0.006879 0.188315 -0.254202 0.195386 -0.545595 -0.067733 0.065712 0.009812 0.185604 -0.209298 -0.348946 3.058532 2.852326 -7.917326 2.522143 -0.171593 -8.026642 3.058532 2.852326 -0.069326 2.522143 -0.171593 -0.178642 0.000000 0.000000 -7.848000 0.000000 0.000000 -7.848000 0.000000 0.000000 0.000000 0.000000 0.000000 0.000000 0.000000 0.000000 0.000000 0.000000 0.000000 0.000000 0.000000 0.000000 0.000000 0.000000 0.000000 0.000000 0.000000 0.000000 0.000000 0.000000 0.000000 0.000000
11.976074 1.000000 0.059753 0.006879 0.008521 0.069880 0.001246 0.020205 0.002696 0.063684 0.001402 0.004254 0.075237 0.001246 0.021871 -0.005441 1.190025 0.773266 0.379363 1.741397 0.187324 0.427075 0.192084 1.138632 -0.005707 0.069378 1.744269 0.187155 0.468575 -0.350937 -0.517052 0.866123 0.395121 -0.002086 0.188321 -0.252138 0.195186 -0.560460 -0.061799 0.070362 0.003898 0.185434 -0.209524 -0.350468 3.049411 2.832166 -7.936900 2.565917 -0.150072 -8.011499 3.049411 2.832166 -0.088900 2.565917 -0.150072 -0.163499 0.000000 0.000000 -7.848000 0.000000 0.000000 -7.848000 0.000000 0.000000 0.000000 0.000000 0.000000 0.000000 0.000000 0.000000 0.000000 0.000000 0.000000 0.000000 0.000000 0.000000 0.000000 0.000000 0.000000 0.000000 0.000000 0.000000 0.000000 0.000000 0.000000 0.000000
12.007466 1.000000 0.059753 0.006879 0.008509 0.069856 0.001246 0.020193 0.002708 0.063696 0.001366 0.004266 0.075237 0.001270 0.021883 -0.005441 1.192073 0.782525 0.400974 1.739558 0.187316 0.426080 0.194183 1.144739 -0.006906 0.069144 1.757047 0.187240 0.468259 -0.348503 -0.515014 0.875363 0.416730 -0.003933 0.188317 -0.253137 0.197285 -0.554330 -0.063035 0.070061 0.016681 0.185519 -0.209838 -0.348039 3.051499 2.901496 -7.928864 2.589910 -0.153493 -8.065239 3.051499 2.901496 -0.080864 2.589910 -0.153493 -0.217239 0.000000 0.000000 -7.848000 0.000000 0.000000 -7.848000 0.000000 0.000000 0.000000 0.000000 0.000000 0.000000 0.000000 0.000000 0.000000 0.000000 0.000000 0.000000 0.000000 0.000000 0.000000 0.000000 0.000000 0.000000 0.000000 0.000000 0.000000 0.000000 0.000000 0.000000
12.046629 1.000000 0.059753 0.006879 0.008509 0.069868 0.001246 0.020205 0.002732 0.063708 0.001390 0.004266 0.075237 0.001234 0.021871 -0.005453 1.192846 0.778057 0.411613 1.741977 0.187202 0.427293 0.193982 1.135130 -0.008146 0.067304 1.750835 0.187305 0.464871 -0.349276 -0.514235 0.870903 0.427370 -0.001509 0.188211 -0.251921 0.197085 -0.563920 -0.064240 0.068265 0.010472 0.185580 -0.213226 -0.348816 3.065866 2.917646 -7.943730 2.608566 -0.160364 -8.039289 3.065866 2.917646 -0.095730 2.608566 -0.160364 -0.191289 0.000000 0.000000 -7.848000 0.000000 0.000000 -7.848000 0.000000 0.000000 0.000000 0.000000 0.000000 0.000000 0.000000 0.000000 0.000000 0.000000 0.000000 0.000000 0.000000 0.000000 0.000000 0.000000 0.000000 0.000000 0.000000 0.000000 0.000000 0.000000 0.000000 0.000000
12.116916 1.000000 0.059753 0.006879 0.008509 0.069880 0.001246 0.020193 0.002696 0.063708 0.001390 0.004254 0.075249 0.001282 0.021871 -0.005453 1.196072 0.778296 0.428080 1.745578 0.187229 0.433031 0.192788 1.149105 -0.020390 0.057763 1.751634 0.187251 0.463794 -0.351101 -0.511007 0.871130 0.443836 0.002094 0.188227 -0.246183 0.195889 -0.549940 -0.076506 0.058723 0.011275 0.185526 -0.214302 -0.350626 3.088265 2.956980 -7.971595 2.552917 -0.206817 -8.030249 3.088265 2.956980 -0.123595 2.552917 -0.206817 -0.182249 0.000000 0.000000 -7.848000 0.000000 0.000000 -7.848000 0.000000 0.000000 0.000000 0.000000 0.000000 0.000000 0.000000 0.000000 0.000000 0.000000 0.000000 0.000000 0.000000 0.000000 0.000000 0.000000 0.000000 0.000000 0.000000 0.000000 0.000000 0.000000 0.000000 0.000000
12.151095 1.000000 0.059753 0.006879 0.008509 0.069868 0.001246 0.020193 0.002684 0.063672 0.001402 0.004254 0.075249 0.001270 0.021859 -0.005441 1.201204 0.775212 0.408836 1.742945 0.187316 0.431229 0.191687 1.142772 -0.018952 0.059801 1.747527 0.187220 0.461583 -0.350446 -0.505880 0.868041 0.424592 -0.000543 0.188310 -0.247986 0.194788 -0.556339 -0.075043 0.060785 0.007156 0.185499 -0.216518 -0.349970 3.030016 2.903744 -7.947358 2.561405 -0.198712 -8.012143 3.030016 2.903744 -0.099358 2.561405 -0.198712 -0.164143 0.000000 0.000000 -7.848000 0.000000 0.000000 -7.848000 0.000000 0.000000 0.000000 0.000000 0.000000 0.000000 0.000000 0.000000 0.000000 0.000000 0.000000 0.000000 0.000000 0.000000 0.000000 0.000000 0.000000 0.000000 0.000000 0.000000 0.000000 0.000000 0.000000 0.000000
12.181282 1.000000 0.059753 0.006855 0.008509 0.069868 0.001270 0.020193 0.002684 0.063696 0.001402 0.004266 0.075237 0.001282 0.021859 -0.005453 1.211190 0.764706 0.389621 1.744666 0.187368 0.429327 0.190247 1.146044 -0.003333 0.070794 1.750412 0.187340 0.462434 -0.348539 -0.495893 0.857497 0.405332 0.001178 0.188362 -0.249888 0.193348 -0.553028 -0.059406 0.071779 0.010044 0.185615 -0.215666 -0.348059 2.961101 2.835306 -7.938709 2.540016 -0.140565 -8.020966 2.961101 2.835306 -0.090709 2.540016 -0.140565 -0.172966 0.000000 0.000000 -7.848000 0.000000 0.000000 -7.848000 0.000000 0.000000 0.000000 0.000000 0.000000 0.000000 0.000000 0.000000 0.000000 0.000000 0.000000 0.000000 0.000000 0.000000 0.000000 0.000000 0.000000 0.000000 0.000000 0.000000 0.000000 0.000000 0.000000 0.000000
12.213983 1.000000 0.059753 0.006867 0.008509 0.069868 0.001258 0.020193 0.002696 0.063684 0.001390 0.004254 0.075249 0.001282 0.021871 -0.005441 1.202784 0.779140 0.400819 1.741091 0.187382 0.427911 0.192678 1.153779 -0.022018 0.056580 1.750318 0.187420 0.462289 -0.351220 -0.504300 0.871955 0.416553 -0.002396 0.188380 -0.251305 0.195779 -0.545309 -0.078129 0.057541 0.009951 0.185699 -0.215809 -0.350744 3.003921 2.892409 -7.929604 2.522325 -0.212085 -8.016915 3.003921 2.892409 -0.081604 2.522325 -0.212085 -0.168915 0.000000 0.000000 -7.848000 0.000000 0.000000 -7.848000 0.000000 0.000000 0.000000 0.000000 0.000000 0.000000 0.000000 0.000000 0.000000 0.000000 0.000000 0.000000 0.000000 0.000000 0.000000 0.000000 0.000000 0.000000 0.000000 0.000000 0.000000 0.000000 0.000000 0.000000
12.248603 1.000000 0.059741 0.006879 0.008497 0.069868 0.001246 0.020193 0.002696 0.063696 0.001402 0.004266 0.075249 0.001270 0.021871 -0.005441 1.187177 0.772512 0.394567 1.735710 0.187324 0.425641 0.191382 1.148608 -0.010891 0.065571 1.751137 0.187336 0.462474 -0.351568 -0.519928 0.865323 0.410321 -0.007781 0.188321 -0.253575 0.194483 -0.550460 -0.066960 0.066556 0.010774 0.185616 -0.215623 -0.351092 3.047839 2.864546 -7.913013 2.539112 -0.169170 -8.023680 3.047839 2.864546 -0.065013 2.539112 -0.169170 -0.175680 0.000000 0.000000 -7.848000 0.000000 0.000000 -7.848000 0.000000 0.000000 0.000000 0.000000 0.000000 0.000000 0.000000 0.000000 0.000000 0.000000 0.000000 0.000000 0.000000 0.000000 0.000000 0.000000 0.000000 0.000000 0.000000 0.000000 0.000000 0.000000 0.000000 0.000000
12.276447 1.000000 0.059753 0.006879 0.008509 0.069868 0.001246 0.020205 0.002684 0.063708 0.001390 0.004266 0.075249 0.001222 0.021871 -0.005441 1.188819 0.778726 0.399885 1.736997 0.187299 0.426233 0.192379 1.164567 -0.016752 0.061133 1.755708 0.187182 0.463965 -0.352062 -0.518263 0.871556 0.415641 -0.006489 0.188292 -0.252980 0.195479 -0.534479 -0.072842 0.062094 0.015349 0.185461 -0.214131 -0.351605 3.054008 2.890297 -7.919914 2.486138 -0.190743 -8.033872 3.054008 2.890297 -0.071914 2.486138 -0.190743 -0.185872 0.000000 0.000000 -7.848000 0.000000 0.000000 -7.848000 0.000000 0.000000 0.000000 0.000000 0.000000 0.000000 0.000000 0.000000 0.000000 0.000000 0.000000 0.000000 0.000000 0.000000 0.000000 0.000000 0.000000 0.000000 0.000000 0.000000 0.000000 0.000000 0.000000 0.000000
12.321225 1.000000 0.059729 0.006843 0.008509 0.069868 0.001234 0.020205 0.002684 0.063696 0.001390 0.004254 0.075237 0.001282 0.021871 -0.005453 1.187616 0.774414 0.397078 1.739279 0.187300 0.426971 0.194814 1.142946 -0.015931 0.060465 1.745827 0.187350 0.459961 -0.352164 -0.519509 0.867184 0.412765 -0.004215 0.188293 -0.252246 0.197899 -0.556125 -0.072046 0.061425 0.005460 0.185625 -0.218138 -0.351689 3.067424 2.876392 -7.932548 2.547906 -0.191412 -8.000687 3.067424 2.876392 -0.084548 2.547906 -0.191412 -0.152687 0.000000 0.000000 -7.848000 0.000000 0.000000 -7.848000 0.000000 0.000000 0.000000 0.000000 0.000000 0.000000 0.000000 0.000000 0.000000 0.000000 0.000000 0.000000 0.000000 0.000000 0.000000 0.000000 0.000000 0.000000 0.000000 0.000000 0.000000 0.000000 0.000000 0.000000
12.351523 1.000000 0.059753 0.006855 0.008497 0.069868 0.001246 0.020181 0.002696 0.063708 0.001402 0.004254 0.075237 0.001282 0.021859 -0.005453 1.198394 0.796275 0.414544 1.742200 0.187384 0.425673 0.197721 1.152087 -0.017137 0.068216 1.750365 0.187394 0.461532 -0.352271 -0.508691 0.889047 0.430253 -0.001289 0.188381 -0.253544 0.200815 -0.546964 -0.073233 0.069198 0.010001 0.185670 -0.216566 -0.351792 3.048920 2.962146 -7.937785 2.517485 -0.175639 -8.014538 3.048920 2.962146 -0.089785 2.517485 -0.175639 -0.166538 0.000000 0.000000 -7.848000 0.000000 0.000000 -7.848000 0.000000 0.000000 0.000000 0.000000 0.000000 0.000000 0.000000 0.000000 0.000000 0.000000 0.000000 0.000000 0.000000 0.000000 0.000000 0.000000 0.000000 0.000000 0.000000 0.000000 0.000000 0.000000 0.000000 0.000000
12.387418 1.000000 0.059753 0.006867 0.008497 0.069868 0.001246 0.020205 0.002696 0.063696 0.001402 0.004254 0.075237 0.001270 0.021871 -0.005453 1.195237 0.784517 0.406266 1.742122 0.187358 0.426280 0.195835 1.146689 -0.012639 0.072319 1.747035 0.187308 0.460169 -0.350692 -0.511846 0.877308 0.421998 -0.001364 0.188355 -0.252934 0.198932 -0.552382 -0.068735 0.073302 0.006668 0.185583 -0.217929 -0.350216 3.052282 2.918558 -7.939543 2.522313 -0.156302 -8.000281 3.052282 2.918558 -0.091543 2.522313 -0.156302 -0.152281 0.000000 0.000000 -7.848000 0.000000 0.000000 -7.848000 0.000000 0.000000 0.000000 0.000000 0.000000 0.000000 0.000000 0.000000 0.000000 0.000000 0.000000 0.000000 0.000000 0.000000 0.000000 0.000000 0.000000 0.000000 0.000000 0.000000 0.000000 0.000000 0.000000 0.000000
12.423980 1.000000 0.059753 0.006867 0.008521 0.069868 0.001234 0.020205 0.002696 0.063696 0.001390 0.004254 0.075237 0.001234 0.021871 -0.005441 1.197744 0.783028 0.406331 1.745247 0.187224 0.427751 0.193379 1.140189 0.004252 0.075302 1.756207 0.187173 0.459201 -0.349487 -0.509338 0.875865 0.422066 0.001760 0.188221 -0.251463 0.196472 -0.558882 -0.051860 0.076262 0.015840 0.185451 -0.218897 -0.349027 3.054586 2.915325 -7.954506 2.581735 -0.116410 -8.046468 3.054586 2.915325 -0.106506 2.581735 -0.116410 -0.198468 0.000000 0.000000 -7.848000 0.000000 0.000000 -7.848000 0.000000 0.000000 0.000000 0.000000 0.000000 0.000000 0.000000 0.000000 0.000000 0.000000 0.000000 0.000000 0.000000 0.000000 0.000000 0.000000 0.000000 0.000000 0.000000 0.000000 0.000000 0.000000 0.000000 0.000000
12.451366 1.000000 0.059765 0.006843 0.008497 0.069868 0.001246 0.020193 0.002696 0.063696 0.001402 0.004266 0.075237 0.001258 0.021859 -0.005429 1.193361 0.799246 0.410377 1.741505 0.187345 0.426183 0.192373 1.143870 -0.001579 0.071415 1.755461 0.187324 0.459349 -0.349790 -0.513703 0.891998 0.426064 -0.001979 0.188342 -0.253031 0.195463 -0.555202 -0.057644 0.072399 0.015093 0.185607 -0.218751 -0.349317 3.070533 2.956940 -7.939293 2.566279 -0.136789 -8.040786 3.070533 2.956940 -0.091293 2.566279 -0.136789 -0.192786 0.000000 0.000000 -7.848000 0.000000 0.000000 -7.848000 0.000000 0.000000 0.000000 0.000000 0.000000 0.000000 0.000000 0.000000 0.000000 0.000000 0.000000 0.000000 0.000000 0.000000 0.000000 0.000000 0.000000 0.000000 0.000000 0.000000 0.000000 0.000000 0.000000 0.000000
12.480729 1.000000 0.059753 0.006867 0.008497 0.069868 0.001246 0.020181 0.002696 0.063696 0.001390 0.004266 0.075237 0.001246 0.021859 -0.005441 1.185655 0.795864 0.396935 1.737401 0.187354 0.424487 0.191595 1.148355 -0.006967 0.067089 1.755080 0.187326 0.459698 -0.350722 -0.521430 0.888655 0.412667 -0.006088 0.188351 -0.254729 0.194693 -0.550717 -0.063057 0.068051 0.014712 0.185605 -0.218402 -0.350257 3.076739 2.918532 -7.921168 2.548856 -0.157790 -8.036552 3.076739 2.918532 -0.073168 2.548856 -0.157790 -0.188552 0.000000 0.000000 -7.848000 0.000000 0.000000 -7.848000 0.000000 0.000000 0.000000 0.000000 0.000000 0.000000 0.000000 0.000000 0.000000 0.000000 0.000000 0.000000 0.000000 0.000000 0.000000 0.000000 0.000000 0.000000 0.000000 0.000000 0.000000 0.000000 0.000000 0.000000
12.518603 1.000000 0.059753 0.006867 0.008521 0.069868 0.001246 0.020181 0.002696 0.063696 0.001390 0.004254 0.075237 0.001282 0.021871 -0.005441 1.187146 0.788110 0.395779 1.739689 0.187309 0.425580 0.191672 1.145037 -0.008401 0.076896 1.754188 0.187340 0.463687 -0.350835 -0.519937 0.880946 0.411514 -0.003800 0.188306 -0.253636 0.194769 -0.554034 -0.064513 0.077856 0.013821 0.185619 -0.214411 -0.350358 3.075588 2.900525 -7.932148 2.562356 -0.138646 -8.041133 3.075588 2.900525 -0.084148 2.562356 -0.138646 -0.193133 0.000000 0.000000 -7.848000 0.000000 0.000000 -7.848000 0.000000 0.000000 0.000000 0.000000 0.000000 0.000000 0.000000 0.000000 0.000000 0.000000 0.000000 0.000000 0.000000 0.000000 0.000000 0.000000 0.000000 0.000000 0.000000 0.000000 0.000000 0.000000 0.000000 0.000000
12.554654 1.000000 0.059753 0.006855 0.008509 0.069868 0.001246 0.020193 0.002696 0.063708 0.001402 0.004266 0.075249 0.001306 0.021871 -0.005441 1.188620 0.790163 0.401050 1.740970 0.187263 0.424194 0.192936 1.150836 0.004673 0.076568 1.753198 0.187259 0.462935 -0.352629 -0.518464 0.882957 0.416761 -0.002518 0.188260 -0.255021 0.196030 -0.548210 -0.051396 0.077552 0.012839 0.185539 -0.215161 -0.352142 3.076522 2.917303 -7.935309 2.519413 -0.112341 -8.029052 3.076522 2.917303 -0.087309 2.519413 -0.112341 -0.181052 0.000000 0.000000 -7.848000 0.000000 0.000000 -7.848000 0.000000 0.000000 0.000000 0.000000 0.000000 0.000000 0.000000 0.000000 0.000000 0.000000 0.000000 0.000000 0.000000 0.000000 0.000000 0.000000 0.000000 0.000000 0.000000 0.000000 0.000000 0.000000 0.000000 0.000000
12.586028 1.000000 0.059765 0.006843 0.008509 0.069868 0.001222 0.020193 0.002696 0.063672 0.001402 0.004254 0.075237 0.001222 0.021859 -0.005441 1.192308 0.786231 0.409829 1.742263 0.187242 0.425065 0.192816 1.141423 0.002078 0.075678 1.748962 0.187151 0.461101 -0.351731 -0.514754 0.879005 0.425518 -0.001221 0.188238 -0.254149 0.195898 -0.557691 -0.054014 0.076662 0.008587 0.185429 -0.217001 -0.351270 3.069088 2.929404 -7.941280 2.548693 -0.119707 -8.014799 3.069088 2.929404 -0.093280 2.548693 -0.119707 -0.166799 0.000000 0.000000 -7.848000 0.000000 0.000000 -7.848000 0.000000 0.000000 0.000000 0.000000 0.000000 0.000000 0.000000 0.000000 0.000000 0.000000 0.000000 0.000000 0.000000 0.000000 0.000000 0.000000 0.000000 0.000000 0.000000 0.000000 0.000000 0.000000 0.000000 0.000000
12.628811 1.000000 0.059753 0.006843 0.008521 0.069868 0.001246 0.020193 0.002696 0.063696 0.001402 0.004266 0.075237 0.001270 0.021871 -0.005429 1.212795 0.786017 0.408321 1.745541 0.187313 0.426810 0.192828 1.139243 -0.009542 0.081323 1.760137 0.187251 0.464248 -0.352106 -0.494288 0.878814 0.424011 0.002053 0.188310 -0.252406 0.195918 -0.559829 -0.065608 0.082307 0.019770 0.185534 -0.213850 -0.351628 2.979677 2.923387 -7.940793 2.616543 -0.132635 -8.074968 2.979677 2.923387 -0.092793 2.616543 -0.132635 -0.226968 0.000000 0.000000 -7.848000 0.000000 0.000000 -7.848000 0.000000 0.000000 0.000000 0.000000 0.000000 0.000000 0.000000 0.000000 0.000000 0.000000 0.000000 0.000000 0.000000 0.000000 0.000000 0.000000 0.000000 0.000000 0.000000 0.000000 0.000000 0.000000 0.000000 0.000000
12.676627 1.000000 0.059753 0.006843 0.008497 0.069868 0.001246 0.020181 0.002696 0.063672 0.001402 0.004266 0.075237 0.001258 0.021871 -0.005429 1.193295 0.776247 0.400057 1.739854 0.187262 0.424886 0.191582 1.120178 -0.000522 0.084875 1.750285 0.187319 0.460657 -0.353081 -0.513791 0.868998 0.415744 -0.003635 0.188259 -0.254330 0.194672 -0.578936 -0.056587 0.085861 0.009911 0.185602 -0.217444 -0.352608 3.039441 2.884801 -7.926564 2.657920 -0.106746 -8.038954 3.039441 2.884801 -0.078564 2.657920 -0.106746 -0.190954 0.000000 0.000000 -7.848000 0.000000 0.000000 -7.848000 0.000000 0.000000 0.000000 0.000000 0.000000 0.000000 0.000000 0.000000 0.000000 0.000000 0.000000 0.000000 0.000000 0.000000 0.000000 0.000000 0.000000 0.000000 0.000000 0.000000 0.000000 0.000000 0.000000 0.000000
12.731438 1.000000 0.059753 0.006843 0.008509 0.069868 0.001246 0.020193 0.002672 0.063696 0.001402 0.004266 0.075261 0.001270 0.021871 -0.005417 1.196556 0.783732 0.402261 1.742504 0.187428 0.423125 0.191808 1.147432 -0.001648 0.080122 1.773713 0.187318 0.463024 -0.351978 -0.510529 0.876498 0.417949 -0.000984 0.188418 -0.256090 0.194897 -0.551632 -0.057709 0.081107 0.033354 0.185606 -0.215072 -0.351500 3.037209 2.905395 -7.933243 2.627428 -0.120180 -8.128652 3.037209 2.905395 -0.085243 2.627428 -0.120180 -0.280652 0.000000 0.000000 -7.848000 0.000000 0.000000 -7.848000 0.000000 0.000000 0.000000 0.000000 0.000000 0.000000 0.000000 0.000000 0.000000 0.000000 0.000000 0.000000 0.000000 0.000000 0.000000 0.000000 0.000000 0.000000 0.000000 0.000000 0.000000 0.000000 0.000000 0.000000
12.792279 1.000000 0.059729 0.006831 0.008509 0.069856 0.001246 0.020193 0.002696 0.063696 0.001402 0.004266 0.075237 0.001282 0.021859 -0.005429 1.186710 0.784218 0.404902 1.738355 0.187333 0.418938 0.193100 1.136794 -0.017189 0.067742 1.756911 0.187322 0.464224 -0.352612 -0.520420 0.876972 0.420566 -0.005144 0.188330 -0.260281 0.196185 -0.562279 -0.073255 0.068727 0.016543 0.185605 -0.213876 -0.352131 3.064909 2.913038 -7.915444 2.630755 -0.179753 -8.065474 3.064909 2.913038 -0.067444 2.630755 -0.179753 -0.217474 0.000000 0.000000 -7.848000 0.000000 0.000000 -7.848000 0.000000 0.000000 0.000000 0.000000 0.000000 0.000000 0.000000 0.000000 0.000000 0.000000 0.000000 0.000000 0.000000 0.000000 0.000000 0.000000 0.000000 0.000000 0.000000 0.000000 0.000000 0.000000 0.000000 0.000000
12.831949 1.000000 0.059753 0.006843 0.008497 0.069856 0.001234 0.020193 0.002696 0.063696 0.001402 0.004254 0.075213 0.001270 0.021883 -0.005429 1.187825 0.800842 0.407739 1.739075 0.187263 0.420702 0.193722 1.156702 -0.012857 0.066953 1.778111 0.187335 0.471387 -0.354838 -0.519263 0.893593 0.423426 -0.004417 0.188260 -0.258515 0.196807 -0.542375 -0.068945 0.067936 0.037737 0.185619 -0.206712 -0.354361 3.077579 2.954275 -7.922130 2.631688 -0.175045 -8.159795 3.077579 2.954275 -0.074130 2.631688 -0.175045 -0.311795 0.000000 0.000000 -7.848000 0.000000 0.000000 -7.848000 0.000000 0.000000 0.000000 0.000000 0.000000 0.000000 0.000000 0.000000 0.000000 0.000000 0.000000 0.000000 0.000000 0.000000 0.000000 0.000000 0.000000 0.000000 0.000000 0.000000 0.000000 0.000000 0.000000 0.000000
12.888413 1.000000 0.059753 0.006831 0.008473 0.069868 0.001222 0.020193 0.002684 0.063696 0.001402 0.004266 0.075249 0.001282 0.021871 -0.005453 1.188024 0.797737 0.390790 1.742604 0.187381 0.423620 0.189949 1.156403 -0.004463 0.073975 1.771473 0.187293 0.468893 -0.351804 -0.519062 0.890419 0.406452 -0.000884 0.188374 -0.255595 0.193026 -0.542665 -0.060536 0.074959 0.031110 0.185569 -0.209204 -0.351324 3.081829 2.907736 -7.940557 2.588601 -0.139213 -8.122075 3.081829 2.907736 -0.092557 2.588601 -0.139213 -0.274075 0.000000 0.000000 -7.848000 0.000000 0.000000 -7.848000 0.000000 0.000000 0.000000 0.000000 0.000000 0.000000 0.000000 0.000000 0.000000 0.000000 0.000000 0.000000 0.000000 0.000000 0.000000 0.000000 0.000000 0.000000 0.000000 0.000000 0.000000 0.000000 0.000000 0.000000
12.928669 1.000000 0.059753 0.006855 0.008497 0.069868 0.001246 0.020193 0.002684 0.063696 0.001402 0.004266 0.075249 0.001258 0.021883 -0.005429 1.196968 0.799451 0.386969 1.743792 0.187336 0.422238 0.192163 1.155259 -0.011844 0.079189 1.767178 0.187296 0.471281 -0.355010 -0.510116 0.892219 0.402678 0.000305 0.188330 -0.256977 0.195255 -0.543808 -0.067910 0.080174 0.026816 0.185579 -0.206815 -0.354536 3.036674 2.902353 -7.934609 2.580721 -0.143183 -8.106853 3.036674 2.902353 -0.086609 2.580721 -0.143183 -0.258853 0.000000 0.000000 -7.848000 0.000000 0.000000 -7.848000 0.000000 0.000000 0.000000 0.000000 0.000000 0.000000 0.000000 0.000000 0.000000 0.000000 0.000000 0.000000 0.000000 0.000000 0.000000 0.000000 0.000000 0.000000 0.000000 0.000000 0.000000 0.000000 0.000000 0.000000
12.957314 1.000000 0.059753 0.006843 0.008509 0.069856 0.001234 0.020193 0.002708 0.063720 0.001402 0.004254 0.075237 0.001282 0.021859 -0.005429 1.191850 0.811919 0.404494 1.741672 0.187247 0.420505 0.194100 1.157778 -0.014022 0.074978 1.760797 0.187371 0.472381 -0.354646 -0.515237 0.904697 0.420182 -0.001820 0.188248 -0.258712 0.197187 -0.541251 -0.070110 0.075960 0.020436 0.185654 -0.205716 -0.354165 3.072003 2.969684 -7.929843 2.546336 -0.156184 -8.077442 3.072003 2.969684 -0.081843 2.546336 -0.156184 -0.229442 0.000000 0.000000 -7.848000 0.000000 0.000000 -7.848000 0.000000 0.000000 0.000000 0.000000 0.000000 0.000000 0.000000 0.000000 0.000000 0.000000 0.000000 0.000000 0.000000 0.000000 0.000000 0.000000 0.000000 0.000000 0.000000 0.000000 0.000000 0.000000 0.000000 0.000000
12.984788 1.000000 0.059753 0.006843 0.008497 0.069868 0.001246 0.020193 0.002684 0.063696 0.001426 0.004266 0.075225 0.001282 0.021859 -0.005429 1.192960 0.805755 0.402773 1.742254 0.187264 0.419896 0.193505 1.132644 -0.007819 0.079759 1.748662 0.187359 0.466403 -0.352556 -0.514124 0.898503 0.418460 -0.001234 0.188257 -0.259319 0.196594 -0.566433 -0.063844 0.080788 0.008290 0.185643 -0.211698 -0.352068 3.062539 2.952573 -7.929928 2.604949 -0.131915 -8.031655 3.062539 2.952573 -0.081928 2.604949 -0.131915 -0.183655 0.000000 0.000000 -7.848000 0.000000 0.000000 -7.848000 0.000000 0.000000 0.000000 0.000000 0.000000 0.000000 0.000000 0.000000 0.000000 0.000000 0.000000 0.000000 0.000000 0.000000 0.000000 0.000000 0.000000 0.000000 0.000000 0.000000 0.000000 0.000000 0.000000 0.000000
13.026926 1.000000 0.059753 0.006831 0.008497 0.069868 0.001246 0.020181 0.002672 0.063696 0.001426 0.004266 0.075249 0.001258 0.021871 -0.005429 1.181172 0.790304 0.404845 1.738555 0.187338 0.417396 0.190665 1.149346 -0.009666 0.075068 1.756474 0.187281 0.472543 -0.349678 -0.525914 0.883029 0.420509 -0.004934 0.188327 -0.261821 0.193750 -0.549723 -0.065691 0.076097 0.016112 0.185564 -0.205554 -0.349198 3.094547 2.925053 -7.918652 2.568258 -0.145109 -8.065143 3.094547 2.925053 -0.070652 2.568258 -0.145109 -0.217143 0.000000 0.000000 -7.848000 0.000000 0.000000 -7.848000 0.000000 0.000000 0.000000 0.000000 0.000000 0.000000 0.000000 0.000000 0.000000 0.000000 0.000000 0.000000 0.000000 0.000000 0.000000 0.000000 0.000000 0.000000 0.000000 0.000000 0.000000 0.000000 0.000000 0.000000
13.052184 1.000000 0.059753 0.006843 0.008497 0.069868 0.001246 0.020181 0.002684 0.063696 0.001426 0.004254 0.075237 0.001270 0.021871 -0.005429 1.188146 0.791893 0.416145 1.732948 0.187330 0.419150 0.193741 1.150430 -0.011127 0.072849 1.764755 0.187261 0.473948 -0.349843 -0.518940 0.884640 0.431832 -0.010541 0.188323 -0.260067 0.196830 -0.548641 -0.067175 0.073877 0.024389 0.185545 -0.204150 -0.349359 3.047366 2.953815 -7.891750 2.604028 -0.154568 -8.106320 3.047366 2.953815 -0.043750 2.604028 -0.154568 -0.258320 0.000000 0.000000 -7.848000 0.000000 0.000000 -7.848000 0.000000 0.000000 0.000000 0.000000 0.000000 0.000000 0.000000 0.000000 0.000000 0.000000 0.000000 0.000000 0.000000 0.000000 0.000000 0.000000 0.000000 0.000000 0.000000 0.000000 0.000000 0.000000 0.000000 0.000000
13.077810 1.000000 0.059753 0.006831 0.008497 0.069868 0.001246 0.020193 0.002696 0.063696 0.001426 0.004254 0.075237 0.001222 0.021859 -0.005417 1.193427 0.794578 0.418152 1.737336 0.187304 0.421697 0.194541 1.145976 -0.012908 0.071209 1.757821 0.187251 0.469620 -0.351450 -0.513657 0.887310 0.433816 -0.006152 0.188301 -0.257519 0.197626 -0.553096 -0.068953 0.072238 0.017452 0.185538 -0.208480 -0.350980 3.047306 2.964768 -7.912748 2.591510 -0.161827 -8.070149 3.047306 2.964768 -0.064748 2.591510 -0.161827 -0.222149 0.000000 0.000000 -7.848000 0.000000 0.000000 -7.848000 0.000000 0.000000 0.000000 0.000000 0.000000 0.000000 0.000000 0.000000 0.000000 0.000000 0.000000 0.000000 0.000000 0.000000 0.000000 0.000000 0.000000 0.000000 0.000000 0.000000 0.000000 0.000000 0.000000 0.000000
13.106180 1.000000 0.059753 0.006855 0.008509 0.069868 0.001246 0.020193 0.002720 0.063696 0.001426 0.004254 0.075249 0.001282 0.021859 -0.005441 1.182525 0.789944 0.412728 1.734209 0.187323 0.419282 0.193819 1.139122 -0.011531 0.070043 1.754473 0.187336 0.470428 -0.351516 -0.524558 0.882746 0.428440 -0.009279 0.188328 -0.259934 0.196914 -0.559947 -0.067583 0.071071 0.014109 0.185616 -0.207671 -0.351028 3.078369 2.943246 -7.902309 2.614083 -0.162091 -8.062846 3.078369 2.943246 -0.054309 2.614083 -0.162091 -0.214846 0.000000 0.000000 -7.848000 0.000000 0.000000 -7.848000 0.000000 0.000000 0.000000 0.000000 0.000000 0.000000 0.000000 0.000000 0.000000 0.000000 0.000000 0.000000 0.000000 0.000000 0.000000 0.000000 0.000000 0.000000 0.000000 0.000000 0.000000 0.000000 0.000000 0.000000
13.141822 1.000000 0.059753 0.006831 0.008497 0.069868 0.001258 0.020169 0.002696 0.063720 0.001426 0.004266 0.075237 0.001270 0.021859 -0.005429 1.176852 0.789300 0.411696 1.730640 0.187367 0.418512 0.193779 1.149932 -0.013599 0.067067 1.757244 0.187419 0.470180 -0.351612 -0.530235 0.882032 0.427361 -0.012851 0.188364 -0.260706 0.196868 -0.549099 -0.069626 0.068096 0.016883 0.185702 -0.207917 -0.351128 3.089417 2.939146 -7.889195 2.573163 -0.172369 -8.065703 3.089417 2.939146 -0.041195 2.573163 -0.172369 -0.217703 0.000000 0.000000 -7.848000 0.000000 0.000000 -7.848000 0.000000 0.000000 0.000000 0.000000 0.000000 0.000000 0.000000 0.000000 0.000000 0.000000 0.000000 0.000000 0.000000 0.000000 0.000000 0.000000 0.000000 0.000000 0.000000 0.000000 0.000000 0.000000 0.000000 0.000000
13.188656 1.000000 0.059753 0.006855 0.008533 0.069868 0.001234 0.020193 0.002672 0.063708 0.001426 0.004266 0.075213 0.001258 0.021859 -0.005441 1.200381 0.806180 0.397653 1.743096 0.187342 0.421633 0.193746 1.153785 -0.012033 0.067723 1.757732 0.187320 0.465743 -0.350924 -0.506702 0.899011 0.413366 -0.000392 0.188331 -0.257582 0.196835 -0.545274 -0.068063 0.068752 0.017359 0.185599 -0.212358 -0.350443 3.027507 2.941175 -7.929392 2.545711 -0.166699 -8.055381 3.027507 2.941175 -0.081392 2.545711 -0.166699 -0.207381 0.000000 0.000000 -7.848000 0.000000 0.000000 -7.848000 0.000000 0.000000 0.000000 0.000000 0.000000 0.000000 0.000000 0.000000 0.000000 0.000000 0.000000 0.000000 0.000000 0.000000 0.000000 0.000000 0.000000 0.000000 0.000000 0.000000 0.000000 0.000000 0.000000 0.000000
13.231198 1.000000 0.059753 0.006843 0.008509 0.069868 0.001234 0.020193 0.002684 0.063696 0.001426 0.004254 0.075237 0.001258 0.021871 -0.005441 1.188244 0.785438 0.389249 1.740467 0.187111 0.421919 0.192301 1.147656 -0.016606 0.064748 1.751482 0.187255 0.460366 -0.348177 -0.518840 0.878208 0.404937 -0.003021 0.188104 -0.257296 0.195387 -0.551415 -0.072658 0.065775 0.011115 0.185534 -0.217732 -0.347697 3.060019 2.879420 -7.926638 2.545139 -0.181314 -8.022422 3.060019 2.879420 -0.078638 2.545139 -0.181314 -0.174422 0.000000 0.000000 -7.848000 0.000000 0.000000 -7.848000 0.000000 0.000000 0.000000 0.000000 0.000000 0.000000 0.000000 0.000000 0.000000 0.000000 0.000000 0.000000 0.000000 0.000000 0.000000 0.000000 0.000000 0.000000 0.000000 0.000000 0.000000 0.000000 0.000000 0.000000
13.275647 1.000000 0.059753 0.006843 0.008533 0.069868 0.001246 0.020193 0.002672 0.063696 0.001426 0.004254 0.075249 0.001282 0.021871 -0.005429 1.188101 0.789766 0.379172 1.739930 0.187332 0.419977 0.189455 1.168482 -0.012590 0.079729 1.756988 0.187322 0.462955 -0.348336 -0.518982 0.882577 0.394863 -0.003558 0.188322 -0.259238 0.192544 -0.530585 -0.068638 0.080757 0.016625 0.185606 -0.215142 -0.347847 3.049251 2.863488 -7.918654 2.451459 -0.137095 -8.029653 3.049251 2.863488 -0.070654 2.451459 -0.137095 -0.181653 0.000000 0.000000 -7.848000 0.000000 0.000000 -7.848000 0.000000 0.000000 0.000000 0.000000 0.000000 0.000000 0.000000 0.000000 0.000000 0.000000 0.000000 0.000000 0.000000 0.000000 0.000000 0.000000 0.000000 0.000000 0.000000 0.000000 0.000000 0.000000 0.000000 0.000000
13.317732 1.000000 0.059753 0.006843 0.008497 0.069868 0.001246 0.020193 0.002684 0.063696 0.001426 0.004266 0.075237 0.001258 0.021871 -0.005429 1.185179 0.809142 0.403073 1.740203 0.187284 0.421762 0.191423 1.152688 -0.008753 0.080573 1.747857 0.187250 0.459512 -0.347761 -0.521906 0.901890 0.418760 -0.003285 0.188277 -0.257453 0.194512 -0.546384 -0.064779 0.081602 0.007490 0.185533 -0.218586 -0.347280 3.099165 2.960279 -7.931091 2.484114 -0.127174 -7.994925 3.099165 2.960279 -0.083091 2.484114 -0.127174 -0.146925 0.000000 0.000000 -7.848000 0.000000 0.000000 -7.848000 0.000000 0.000000 0.000000 0.000000 0.000000 0.000000 0.000000 0.000000 0.000000 0.000000 0.000000 0.000000 0.000000 0.000000 0.000000 0.000000 0.000000 0.000000 0.000000 0.000000 0.000000 0.000000 0.000000 0.000000
13.357648 1.000000 0.059753 0.006831 0.008509 0.069868 0.001222 0.020193 0.002684 0.063696 0.001426 0.004254 0.075237 0.001270 0.021859 -0.005429 1.189795 0.800542 0.401754 1.741171 0.187347 0.422824 0.191685 1.150410 -0.014393 0.073673 1.757484 0.187229 0.458232 -0.346289 -0.517289 0.893293 0.417420 -0.002317 0.188340 -0.256391 0.194762 -0.548663 -0.070441 0.074701 0.017115 0.185512 -0.219868 -0.345804 3.075444 2.939281 -7.933003 2.544249 -0.155769 -8.041742 3.075444 2.939281 -0.085003 2.544249 -0.155769 -0.193742 0.000000 0.000000 -7.848000 0.000000 0.000000 -7.848000 0.000000 0.000000 0.000000 0.000000 0.000000 0.000000 0.000000 0.000000 0.000000 0.000000 0.000000 0.000000 0.000000 0.000000 0.000000 0.000000 0.000000 0.000000 0.000000 0.000000 0.000000 0.000000 0.000000 0.000000
13.383656 1.000000 0.059729 0.006831 0.008521 0.069856 0.001234 0.020193 0.002684 0.063696 0.001426 0.004266 0.075249 0.001270 0.021859 -0.005429 1.191442 0.809873 0.413264 1.736826 0.187230 0.420010 0.192599 1.153610 -0.003953 0.081347 1.761430 0.187365 0.460833 -0.345099 -0.515688 0.902645 0.428929 -0.006673 0.188223 -0.259209 0.195680 -0.545459 -0.059979 0.082376 0.021066 0.185648 -0.217265 -0.344615 3.057586 2.984111 -7.908247 2.537103 -0.116468 -8.060030 3.057586 2.984111 -0.060247 2.537103 -0.116468 -0.212030 0.000000 0.000000 -7.848000 0.000000 0.000000 -7.848000 0.000000 0.000000 0.000000 0.000000 0.000000 0.000000 0.000000 0.000000 0.000000 0.000000 0.000000 0.000000 0.000000 0.000000 0.000000 0.000000 0.000000 0.000000 0.000000 0.000000 0.000000 0.000000 0.000000 0.000000
13.412506 1.000000 0.059753 0.006831 0.008545 0.069856 0.001246 0.020193 0.002684 0.063696 0.001426 0.004266 0.075237 0.001282 0.021871 -0.005429 1.190355 0.796710 0.403914 1.740191 0.187327 0.422153 0.191059 1.155656 0.004707 0.079474 1.767368 0.187418 0.456446 -0.343846 -0.516730 0.889528 0.419583 -0.003301 0.188320 -0.257064 0.194145 -0.543416 -0.051318 0.080503 0.027002 0.185702 -0.221653 -0.343357 3.066365 2.936022 -7.926892 2.540644 -0.102899 -8.077576 3.066365 2.936022 -0.078892 2.540644 -0.102899 -0.229576 0.000000 0.000000 -7.848000 0.000000 0.000000 -7.848000 0.000000 0.000000 0.000000 0.000000 0.000000 0.000000 0.000000 0.000000 0.000000 0.000000 0.000000 0.000000 0.000000 0.000000 0.000000 0.000000 0.000000 0.000000 0.000000 0.000000 0.000000 0.000000 0.000000 0.000000
13.447721 1.000000 0.059753 0.006843 0.008533 0.069868 0.001246 0.020169 0.002684 0.063696 0.001426 0.004254 0.075249 0.001246 0.021859 -0.005405 1.190131 0.802761 0.409695 1.737720 0.187351 0.423721 0.192540 1.153868 0.002981 0.078729 1.763310 0.187251 0.456694 -0.344257 -0.516953 0.895577 0.425386 -0.005770 0.188344 -0.255497 0.195630 -0.545202 -0.053060 0.079758 0.022945 0.185542 -0.221405 -0.343779 3.067856 2.962159 -7.919820 2.534341 -0.107995 -8.060941 3.067856 2.962159 -0.071820 2.534341 -0.107995 -0.212941 0.000000 0.000000 -7.848000 0.000000 0.000000 -7.848000 0.000000 0.000000 0.000000 0.000000 0.000000 0.000000 0.000000 0.000000 0.000000 0.000000 0.000000 0.000000 0.000000 0.000000 0.000000 0.000000 0.000000 0.000000 0.000000 0.000000 0.000000 0.000000 0.000000 0.000000
13.476914 1.000000 0.059753 0.006819 0.008497 0.069868 0.001246 0.020193 0.002684 0.063696 0.001426 0.004254 0.075237 0.001270 0.021847 -0.005417 1.200005 0.789621 0.392712 1.744927 0.187318 0.425448 0.191522 1.145604 -0.003877 0.073002 1.757256 0.187276 0.458366 -0.345840 -0.507080 0.882329 0.408354 0.001439 0.188311 -0.253767 0.194603 -0.553471 -0.059921 0.074030 0.016887 0.185563 -0.219734 -0.345355 3.030404 2.895175 -7.944160 2.562744 -0.136106 -8.045230 3.030404 2.895175 -0.096160 2.562744 -0.136106 -0.197230 0.000000 0.000000 -7.848000 0.000000 0.000000 -7.848000 0.000000 0.000000 0.000000 0.000000 0.000000 0.000000 0.000000 0.000000 0.000000 0.000000 0.000000 0.000000 0.000000 0.000000 0.000000 0.000000 0.000000 0.000000 0.000000 0.000000 0.000000 0.000000 0.000000 0.000000
13.511150 1.000000 0.059753 0.006819 0.008545 0.069868 0.001234 0.020193 0.002672 0.063684 0.001438 0.004254 0.075249 0.001270 0.021847 -0.005417 1.191310 0.788035 0.393986 1.739819 0.187293 0.421659 0.189058 1.145502 -0.000887 0.075841 1.757456 0.187239 0.462626 -0.343325 -0.515773 0.880829 0.409633 -0.003670 0.188281 -0.257556 0.192136 -0.553590 -0.056911 0.076893 0.017087 0.185527 -0.215475 -0.342836 3.045741 2.893862 -7.921259 2.567598 -0.122628 -8.053571 3.045741 2.893862 -0.073259 2.567598 -0.122628 -0.205571 0.000000 0.000000 -7.848000 0.000000 0.000000 -7.848000 0.000000 0.000000 0.000000 0.000000 0.000000 0.000000 0.000000 0.000000 0.000000 0.000000 0.000000 0.000000 0.000000 0.000000 0.000000 0.000000 0.000000 0.000000 0.000000 0.000000 0.000000 0.000000 0.000000 0.000000
13.548450 1.000000 0.059753 0.006831 0.008509 0.069868 0.001222 0.020181 0.002672 0.063696 0.001426 0.004266 0.075249 0.001270 0.021859 -0.005429 1.175314 0.786212 0.393588 1.735171 0.187406 0.420776 0.192024 1.156670 -0.004382 0.071812 1.758488 0.187213 0.463208 -0.347506 -0.531772 0.878958 0.409253 -0.008318 0.188395 -0.258441 0.195101 -0.542399 -0.060407 0.072842 0.018123 0.185497 -0.214890 -0.347022 3.105306 2.891485 -7.912469 2.521192 -0.139782 -8.050004 3.105306 2.891485 -0.064469 2.521192 -0.139782 -0.202004 0.000000 0.000000 -7.848000 0.000000 0.000000 -7.848000 0.000000 0.000000 0.000000 0.000000 0.000000 0.000000 0.000000 0.000000 0.000000 0.000000 0.000000 0.000000 0.000000 0.000000 0.000000 0.000000 0.000000 0.000000 0.000000 0.000000 0.000000 0.000000 0.000000 0.000000
13.582584 1.000000 0.059753 0.006819 0.008509 0.069856 0.001234 0.020193 0.002684 0.063696 0.001426 0.004266 0.075249 0.001270 0.021859 -0.005417 1.188003 0.784984 0.384610 1.740658 0.187281 0.423619 0.194484 1.162235 -0.005778 0.070110 1.772142 0.187261 0.467791 -0.347925 -0.519085 0.877714 0.400254 -0.002834 0.188274 -0.255597 0.197561 -0.536835 -0.061800 0.071140 0.031778 0.185548 -0.210307 -0.347439 3.061734 2.868646 -7.930179 2.562587 -0.148441 -8.118181 3.061734 2.868646 -0.082179 2.562587 -0.148441 -0.270181 0.000000 0.000000 -7.848000 0.000000 0.000000 -7.848000 0.000000 0.000000 0.000000 0.000000 0.000000 0.000000 0.000000 0.000000 0.000000 0.000000 0.000000 0.000000 0.000000 0.000000 0.000000 0.000000 0.000000 0.000000 0.000000 0.000000 0.000000 0.000000 0.000000 0.000000
13.617771 1.000000 0.059753 0.006819 0.008509 0.069868 0.001246 0.020193 0.002696 0.063696 0.001450 0.004254 0.075249 0.001258 0.021847 -0.005405 1.185840 0.783177 0.387597 1.740235 0.187233 0.424023 0.194327 1.155585 -0.009051 0.066521 1.759708 0.187293 0.465966 -0.348804 -0.521244 0.875912 0.403240 -0.003253 0.188230 -0.255192 0.197409 -0.543486 -0.065051 0.067595 0.019343 0.185584 -0.212134 -0.348314 3.072998 2.872111 -7.931521 2.544408 -0.162466 -8.063509 3.072998 2.872111 -0.083521 2.544408 -0.162466 -0.215509 0.000000 0.000000 -7.848000 0.000000 0.000000 -7.848000 0.000000 0.000000 0.000000 0.000000 0.000000 0.000000 0.000000 0.000000 0.000000 0.000000 0.000000 0.000000 0.000000 0.000000 0.000000 0.000000 0.000000 0.000000 0.000000 0.000000 0.000000 0.000000 0.000000 0.000000
13.652630 1.000000 0.059729 0.006819 0.008497 0.069844 0.001234 0.020193 0.002708 0.063696 0.001438 0.004266 0.075249 0.001246 0.021871 -0.005405 1.195863 0.774826 0.373185 1.738485 0.187270 0.423667 0.193286 1.140186 -0.006932 0.071508 1.766908 0.187278 0.464902 -0.347239 -0.511271 0.867541 0.388826 -0.005018 0.188271 -0.255553 0.196365 -0.558883 -0.062930 0.072561 0.026545 0.185569 -0.213195 -0.346756 2.996788 2.818910 -7.910337 2.648099 -0.148691 -8.109111 2.996788 2.818910 -0.062337 2.648099 -0.148691 -0.261111 0.000000 0.000000 -7.848000 0.000000 0.000000 -7.848000 0.000000 0.000000 0.000000 0.000000 0.000000 0.000000 0.000000 0.000000 0.000000 0.000000 0.000000 0.000000 0.000000 0.000000 0.000000 0.000000 0.000000 0.000000 0.000000 0.000000 0.000000 0.000000 0.000000 0.000000
13.698608 1.000000 0.059753 0.006831 0.008509 0.069868 0.001246 0.020193 0.002672 0.063696 0.001450 0.004254 0.075249 0.001270 0.021859 -0.005405 1.196266 0.785992 0.386396 1.741594 0.187351 0.422823 0.193890 1.158237 -0.013428 0.078035 1.768958 0.187384 0.466044 -0.349316 -0.510818 0.878738 0.402061 -0.001895 0.188340 -0.256392 0.196974 -0.540833 -0.069429 0.079109 0.028594 0.185676 -0.212054 -0.348822 3.023557 2.873599 -7.925827 2.564373 -0.146040 -8.102343 3.023557 2.873599 -0.077827 2.564373 -0.146040 -0.254343 0.000000 0.000000 -7.848000 0.000000 0.000000 -7.848000 0.000000 0.000000 0.000000 0.000000 0.000000 0.000000 0.000000 0.000000 0.000000 0.000000 0.000000 0.000000 0.000000 0.000000 0.000000 0.000000 0.000000 0.000000 0.000000 0.000000 0.000000 0.000000 0.000000 0.000000
13.735623 1.000000 0.059753 0.006819 0.008509 0.069856 0.001234 0.020193 0.002684 0.063696 0.001426 0.004266 0.075237 0.001270 0.021847 -0.005417 1.197529 0.793440 0.387580 1.741332 0.187318 0.420915 0.193630 1.148631 -0.006548 0.081302 1.771795 0.187316 0.462859 -0.348372 -0.509559 0.886171 0.403223 -0.002160 0.188310 -0.258302 0.196707 -0.550443 -0.062569 0.082332 0.031426 0.185603 -0.215242 -0.347887 3.017742 2.891017 -7.920219 2.613840 -0.125414 -8.117773 3.017742 2.891017 -0.072219 2.613840 -0.125414 -0.269773 0.000000 0.000000 -7.848000 0.000000 0.000000 -7.848000 0.000000 0.000000 0.000000 0.000000 0.000000 0.000000 0.000000 0.000000 0.000000 0.000000 0.000000 0.000000 0.000000 0.000000 0.000000 0.000000 0.000000 0.000000 0.000000 0.000000 0.000000 0.000000 0.000000 0.000000
13.775027 1.000000 0.059753 0.006819 0.008509 0.069844 0.001234 0.020193 0.002696 0.063696 0.001450 0.004266 0.075237 0.001258 0.021859 -0.005429 1.185157 0.787818 0.385618 1.737162 0.187338 0.418053 0.192451 1.154184 -0.011134 0.075425 1.770900 0.187268 0.464036 -0.346707 -0.521935 0.880552 0.401261 -0.006334 0.188334 -0.261165 0.195529 -0.544890 -0.067120 0.076500 0.030532 0.185552 -0.214064 -0.346218 3.053037 2.875010 -7.906052 2.590532 -0.146897 -8.111885 3.053037 2.875010 -0.058052 2.590532 -0.146897 -0.263885 0.000000 0.000000 -7.848000 0.000000 0.000000 -7.848000 0.000000 0.000000 0.000000 0.000000 0.000000 0.000000 0.000000 0.000000 0.000000 0.000000 0.000000 0.000000 0.000000 0.000000 0.000000 0.000000 0.000000 0.000000 0.000000 0.000000 0.000000 0.000000 0.000000 0.000000
13.807200 1.000000 0.059753 0.006819 0.008521 0.069868 0.001234 0.020193 0.002672 0.063696 0.001438 0.004266 0.075249 0.001246 0.021847 -0.005417 1.203127 0.790730 0.392103 1.746198 0.187305 0.422755 0.192957 1.137435 -0.011029 0.073323 1.759392 0.187343 0.465374 -0.347267 -0.503957 0.883479 0.407747 0.002710 0.188294 -0.256461 0.196034 -0.561636 -0.067031 0.074375 0.019027 0.185630 -0.212726 -0.346785 3.015324 2.896283 -7.942106 2.631329 -0.152139 -8.076994 3.015324 2.896283 -0.094106 2.631329 -0.152139 -0.228994 0.000000 0.000000 -7.848000 0.000000 0.000000 -7.848000 0.000000 0.000000 0.000000 0.000000 0.000000 0.000000 0.000000 0.000000 0.000000 0.000000 0.000000 0.000000 0.000000 0.000000 0.000000 0.000000 0.000000 0.000000 0.000000 0.000000 0.000000 0.000000 0.000000 0.000000
13.842505 1.000000 0.059753 0.006819 0.008521 0.069856 0.001246 0.020193 0.002672 0.063684 0.001450 0.004266 0.075249 0.001282 0.021859 -0.005417 1.186435 0.784703 0.391092 1.739361 0.187300 0.421198 0.192817 1.138664 -0.011368 0.072502 1.758184 0.187402 0.464800 -0.347293 -0.520652 0.877452 0.406736 -0.004131 0.188289 -0.258018 0.195898 -0.560428 -0.067350 0.073577 0.017816 0.185690 -0.213300 -0.346795 3.064308 2.882229 -7.922146 2.619614 -0.154285 -8.069219 3.064308 2.882229 -0.074146 2.619614 -0.154285 -0.221219 0.000000 0.000000 -7.848000 0.000000 0.000000 -7.848000 0.000000 0.000000 0.000000 0.000000 0.000000 0.000000 0.000000 0.000000 0.000000 0.000000 0.000000 0.000000 0.000000 0.000000 0.000000 0.000000 0.000000 0.000000 0.000000 0.000000 0.000000 0.000000 0.000000 0.000000
13.866662 1.000000 0.059753 0.006819 0.008509 0.069868 0.001246 0.020193 0.002672 0.063708 0.001462 0.004266 0.075237 0.001258 0.021847 -0.005429 1.188724 0.777847 0.386926 1.741636 0.187372 0.422687 0.190064 1.130915 -0.007534 0.074493 1.749052 0.187273 0.460670 -0.345718 -0.518361 0.870573 0.402569 -0.001853 0.188361 -0.256528 0.193145 -0.568139 -0.063501 0.075589 0.008687 0.185557 -0.217430 -0.345225 3.057429 2.857603 -7.932456 2.608027 -0.140366 -8.025085 3.057429 2.857603 -0.084456 2.608027 -0.140366 -0.177085 0.000000 0.000000 -7.848000 0.000000 0.000000 -7.848000 0.000000 0.000000 0.000000 0.000000 0.000000 0.000000 0.000000 0.000000 0.000000 0.000000 0.000000 0.000000 0.000000 0.000000 0.000000 0.000000 0.000000 0.000000 0.000000 0.000000 0.000000 0.000000 0.000000 0.000000
13.891453 1.000000 0.059729 0.006819 0.008509 0.069868 0.001234 0.020193 0.002684 0.063684 0.001462 0.004254 0.075249 0.001270 0.021847 -0.005429 1.187494 0.790592 0.407501 1.741207 0.187252 0.423364 0.192962 1.142914 -0.009447 0.071366 1.755925 0.187331 0.463527 -0.346723 -0.519632 0.883322 0.423142 -0.002288 0.188245 -0.255854 0.196039 -0.556178 -0.065435 0.072462 0.015556 0.185615 -0.214574 -0.346227 3.087356 2.933057 -7.937166 2.585102 -0.151840 -8.052119 3.087356 2.933057 -0.089166 2.585102 -0.151840 -0.204119 0.000000 0.000000 -7.848000 0.000000 0.000000 -7.848000 0.000000 0.000000 0.000000 0.000000 0.000000 0.000000 0.000000 0.000000 0.000000 0.000000 0.000000 0.000000 0.000000 0.000000 0.000000 0.000000 0.000000 0.000000 0.000000 0.000000 0.000000 0.000000 0.000000 0.000000
13.916950 1.000000 0.059753 0.006819 0.008521 0.069868 0.001246 0.020193 0.002684 0.063696 0.001438 0.004266 0.075249 0.001270 0.021847 -0.005453 1.192232 0.789286 0.414524 1.742277 0.187328 0.422393 0.192970 1.146704 -0.008569 0.072001 1.755615 0.187367 0.463398 -0.345194 -0.514851 0.882039 0.430169 -0.001211 0.188320 -0.256822 0.196051 -0.552367 -0.064583 0.073052 0.015250 0.185643 -0.214702 -0.344706 3.070246 2.946274 -7.937362 2.562547 -0.147631 -8.046514 3.070246 2.946274 -0.089362 2.562547 -0.147631 -0.198514 0.000000 0.000000 -7.848000 0.000000 0.000000 -7.848000 0.000000 0.000000 0.000000 0.000000 0.000000 0.000000 0.000000 0.000000 0.000000 0.000000 0.000000 0.000000 0.000000 0.000000 0.000000 0.000000 0.000000 0.000000 0.000000 0.000000 0.000000 0.000000 0.000000 0.000000
13.947417 1.000000 0.059753 0.006819 0.008521 0.069868 0.001246 0.020193 0.002672 0.063696 0.001438 0.004266 0.075237 0.001246 0.021847 -0.005405 1.197739 0.782899 0.408747 1.744885 0.187289 0.422206 0.193996 1.131662 -0.011606 0.069494 1.748670 0.187307 0.460732 -0.345761 -0.509345 0.875648 0.424391 0.001397 0.188278 -0.257009 0.197077 -0.567414 -0.067605 0.070547 0.008300 0.185598 -0.217369 -0.345279 3.044719 2.919858 -7.942905 2.609206 -0.160320 -8.023951 3.044719 2.919858 -0.094905 2.609206 -0.160320 -0.175951 0.000000 0.000000 -7.848000 0.000000 0.000000 -7.848000 0.000000 0.000000 0.000000 0.000000 0.000000 0.000000 0.000000 0.000000 0.000000 0.000000 0.000000 0.000000 0.000000 0.000000 0.000000 0.000000 0.000000 0.000000 0.000000 0.000000 0.000000 0.000000 0.000000 0.000000
13.974323 1.000000 0.059753 0.006831 0.008497 0.069868 0.001246 0.020193 0.002684 0.063684 0.001462 0.004254 0.075237 0.001282 0.021859 -0.005417 1.198808 0.791058 0.414729 1.745524 0.187248 0.423349 0.195398 1.143385 -0.012740 0.066972 1.750992 0.187330 0.464086 -0.346896 -0.508277 0.883786 0.430393 0.002036 0.188241 -0.255867 0.198483 -0.555710 -0.068724 0.068069 0.010620 0.185618 -0.214015 -0.346395 3.053762 2.951196 -7.948418 2.567738 -0.168077 -8.030613 3.053762 2.951196 -0.100418 2.567738 -0.168077 -0.182613 0.000000 0.000000 -7.848000 0.000000 0.000000 -7.848000 0.000000 0.000000 0.000000 0.000000 0.000000 0.000000 0.000000 0.000000 0.000000 0.000000 0.000000 0.000000 0.000000 0.000000 0.000000 0.000000 0.000000 0.000000 0.000000 0.000000 0.000000 0.000000 0.000000 0.000000
13.998765 1.000000 0.059729 0.006819 0.008497 0.069868 0.001234 0.020193 0.002684 0.063696 0.001438 0.004254 0.075249 0.001270 0.021847 -0.005405 1.183525 0.792587 0.415001 1.739838 0.187294 0.423353 0.192168 1.148601 -0.011774 0.067670 1.753687 0.187394 0.464810 -0.346717 -0.523602 0.885295 0.430641 -0.003658 0.188286 -0.255865 0.195245 -0.550470 -0.067795 0.068721 0.013321 0.185686 -0.213290 -0.346227 3.108704 2.954517 -7.935841 2.552573 -0.164458 -8.039484 3.108704 2.954517 -0.087841 2.552573 -0.164458 -0.191484 0.000000 0.000000 -7.848000 0.000000 0.000000 -7.848000 0.000000 0.000000 0.000000 0.000000 0.000000 0.000000 0.000000 0.000000 0.000000 0.000000 0.000000 0.000000 0.000000 0.000000 0.000000 0.000000 0.000000 0.000000 0.000000 0.000000 0.000000 0.000000 0.000000 0.000000
14.030201 1.000000 0.059753 0.006819 0.008497 0.069844 0.001234 0.020193 0.002684 0.063696 0.001462 0.004266 0.075225 0.001258 0.021871 -0.005405 1.206081 0.788519 0.411852 1.743615 0.187304 0.425167 0.190184 1.148335 -0.007962 0.071829 1.750858 0.187206 0.466408 -0.346205 -0.501011 0.881227 0.427493 0.000119 0.188297 -0.254051 0.193261 -0.550742 -0.063920 0.072927 0.010487 0.185497 -0.211692 -0.345711 3.006734 2.935732 -7.935439 2.538817 -0.146276 -8.028299 3.006734 2.935732 -0.087439 2.538817 -0.146276 -0.180299 0.000000 0.000000 -7.848000 0.000000 0.000000 -7.848000 0.000000 0.000000 0.000000 0.000000 0.000000 0.000000 0.000000 0.000000 0.000000 0.000000 0.000000 0.000000 0.000000 0.000000 0.000000 0.000000 0.000000 0.000000 0.000000 0.000000 0.000000 0.000000 0.000000 0.000000
14.064011 1.000000 0.059741 0.006819 0.008509 0.069868 0.001234 0.020181 0.002672 0.063696 0.001462 0.004254 0.075225 0.001246 0.021847 -0.005417 1.183268 0.785359 0.418229 1.735737 0.187299 0.420357 0.187789 1.130189 -0.016380 0.062626 1.741990 0.187201 0.461691 -0.348753 -0.523839 0.878085 0.433872 -0.007756 0.188288 -0.258861 0.190866 -0.568890 -0.072365 0.063722 0.001617 0.185488 -0.216411 -0.348264 3.083990 2.944241 -7.911564 2.598294 -0.186347 -7.997575 3.083990 2.944241 -0.063564 2.598294 -0.186347 -0.149575 0.000000 0.000000 -7.848000 0.000000 0.000000 -7.848000 0.000000 0.000000 0.000000 0.000000 0.000000 0.000000 0.000000 0.000000 0.000000 0.000000 0.000000 0.000000 0.000000 0.000000 0.000000 0.000000 0.000000 0.000000 0.000000 0.000000 0.000000 0.000000 0.000000 0.000000
14.102772 1.000000 0.059753 0.006831 0.008509 0.069868 0.001222 0.020193 0.002672 0.063696 0.001438 0.004254 0.075249 0.001270 0.021859 -0.005417 1.188968 0.784498 0.415326 1.739934 0.187228 0.425413 0.189008 1.150737 -0.019441 0.061038 1.751183 0.187268 0.468593 -0.349089 -0.518117 0.877244 0.430991 -0.003554 0.188217 -0.253803 0.192085 -0.548333 -0.075465 0.062089 0.010819 0.185556 -0.209506 -0.348600 3.079576 2.936979 -7.935011 2.547796 -0.196141 -8.034814 3.079576 2.936979 -0.087011 2.547796 -0.196141 -0.186814 0.000000 0.000000 -7.848000 0.000000 0.000000 -7.848000 0.000000 0.000000 0.000000 0.000000 0.000000 0.000000 0.000000 0.000000 0.000000 0.000000 0.000000 0.000000 0.000000 0.000000 0.000000 0.000000 0.000000 0.000000 0.000000 0.000000 0.000000 0.000000 0.000000 0.000000
14.139672 1.000000 0.059753 0.006831 0.008509 0.069856 0.001246 0.020193 0.002672 0.063708 0.001462 0.004254 0.075237 0.001294 0.021847 -0.005417 1.190607 0.779340 0.412191 1.740857 0.187240 0.423708 0.189981 1.151144 -0.015087 0.062820 1.762340 0.187402 0.466796 -0.351532 -0.516481 0.872087 0.427857 -0.002634 0.188229 -0.255508 0.193065 -0.547909 -0.071072 0.063915 0.021975 0.185690 -0.211304 -0.351027 3.066611 2.919264 -7.933825 2.587261 -0.185365 -8.083014 3.066611 2.919264 -0.085825 2.587261 -0.185365 -0.235014 0.000000 0.000000 -7.848000 0.000000 0.000000 -7.848000 0.000000 0.000000 0.000000 0.000000 0.000000 0.000000 0.000000 0.000000 0.000000 0.000000 0.000000 0.000000 0.000000 0.000000 0.000000 0.000000 0.000000 0.000000 0.000000 0.000000 0.000000 0.000000 0.000000 0.000000
14.174147 1.000000 0.059729 0.006819 0.008509 0.069844 0.001222 0.020193 0.002684 0.063696 0.001450 0.004254 0.075237 0.001270 0.021847 -0.005417 1.190073 0.783623 0.421887 1.740264 0.187301 0.421852 0.190421 1.148081 -0.014602 0.063326 1.758881 0.187374 0.465258 -0.351069 -0.517061 0.876353 0.437528 -0.003239 0.188294 -0.257369 0.193495 -0.550994 -0.070606 0.064400 0.018512 0.185662 -0.212843 -0.350576 3.073717 2.950483 -7.929928 2.584563 -0.182828 -8.066551 3.073717 2.950483 -0.081928 2.584563 -0.182828 -0.218551 0.000000 0.000000 -7.848000 0.000000 0.000000 -7.848000 0.000000 0.000000 0.000000 0.000000 0.000000 0.000000 0.000000 0.000000 0.000000 0.000000 0.000000 0.000000 0.000000 0.000000 0.000000 0.000000 0.000000 0.000000 0.000000 0.000000 0.000000 0.000000 0.000000 0.000000
14.206589 1.000000 0.059729 0.006819 0.008509 0.069868 0.001234 0.020193 0.002684 0.063696 0.001450 0.004266 0.075237 0.001270 0.021859 -0.005405 1.180313 0.788339 0.432323 1.735739 0.187321 0.418862 0.189426 1.154540 -0.012487 0.065815 1.769959 0.187272 0.468740 -0.350264 -0.526814 0.881069 0.447965 -0.007757 0.188314 -0.260356 0.192503 -0.544534 -0.068465 0.066890 0.029591 0.185563 -0.209360 -0.349770 3.109546 2.984162 -7.914266 2.602412 -0.173474 -8.118489 3.109546 2.984162 -0.066266 2.602412 -0.173474 -0.270489 0.000000 0.000000 -7.848000 0.000000 0.000000 -7.848000 0.000000 0.000000 0.000000 0.000000 0.000000 0.000000 0.000000 0.000000 0.000000 0.000000 0.000000 0.000000 0.000000 0.000000 0.000000 0.000000 0.000000 0.000000 0.000000 0.000000 0.000000 0.000000 0.000000 0.000000
14.243042 1.000000 0.059753 0.006819 0.008521 0.069868 0.001246 0.020181 0.002672 0.063696 0.001462 0.004254 0.075237 0.001270 0.021835 -0.005417 1.198051 0.771519 0.403097 1.744948 0.187391 0.421047 0.189873 1.145641 -0.012177 0.064894 1.772508 0.187364 0.464757 -0.350391 -0.509034 0.864269 0.418741 0.001458 0.188380 -0.258170 0.192954 -0.553435 -0.068161 0.065990 0.032137 0.185652 -0.213345 -0.349894 3.029426 2.881493 -7.939159 2.652865 -0.176107 -8.131641 3.029426 2.881493 -0.091159 2.652865 -0.176107 -0.283641 0.000000 0.000000 -7.848000 0.000000 0.000000 -7.848000 0.000000 0.000000 0.000000 0.000000 0.000000 0.000000 0.000000 0.000000 0.000000 0.000000 0.000000 0.000000 0.000000 0.000000 0.000000 0.000000 0.000000 0.000000 0.000000 0.000000 0.000000 0.000000 0.000000 0.000000
14.284362 1.000000 0.059753 0.006831 0.008521 0.069844 0.001246 0.020193 0.002660 0.063684 0.001462 0.004266 0.075237 0.001258 0.021847 -0.005417 1.183047 0.779216 0.406141 1.739036 0.187409 0.417875 0.190945 1.146787 -0.017999 0.061241 1.768384 0.187352 0.461727 -0.350818 -0.524044 0.871981 0.421808 -0.004460 0.188395 -0.261343 0.194030 -0.552310 -0.073961 0.062339 0.028011 0.185639 -0.216375 -0.350325 3.082309 2.905443 -7.920009 2.629921 -0.195642 -8.106380 3.082309 2.905443 -0.072009 2.629921 -0.195642 -0.258380 0.000000 0.000000 -7.848000 0.000000 0.000000 -7.848000 0.000000 0.000000 0.000000 0.000000 0.000000 0.000000 0.000000 0.000000 0.000000 0.000000 0.000000 0.000000 0.000000 0.000000 0.000000 0.000000 0.000000 0.000000 0.000000 0.000000 0.000000 0.000000 0.000000 0.000000
14.322886 1.000000 0.059753 0.006795 0.008521 0.069868 0.001246 0.020181 0.002672 0.063684 0.001450 0.004266 0.075237 0.001246 0.021847 -0.005441 1.210676 0.775039 0.415888 1.745284 0.187339 0.419198 0.191338 1.137957 -0.007405 0.069119 1.761356 0.187314 0.463913 -0.354267 -0.496409 0.867749 0.431487 0.001795 0.188327 -0.260019 0.194411 -0.561139 -0.063395 0.070193 0.020982 0.185594 -0.214189 -0.353783 2.974546 2.916915 -7.928341 2.636937 -0.157312 -8.083935 2.974546 2.916915 -0.080341 2.636937 -0.157312 -0.235935 0.000000 0.000000 -7.848000 0.000000 0.000000 -7.848000 0.000000 0.000000 0.000000 0.000000 0.000000 0.000000 0.000000 0.000000 0.000000 0.000000 0.000000 0.000000 0.000000 0.000000 0.000000 0.000000 0.000000 0.000000 0.000000 0.000000 0.000000 0.000000 0.000000 0.000000
14.362696 1.000000 0.059729 0.006819 0.008521 0.069844 0.001234 0.020193 0.002672 0.063684 0.001462 0.004266 0.075237 0.001282 0.021835 -0.005417 1.194999 0.781476 0.428091 1.739313 0.187315 0.418974 0.194582 1.144357 0.006349 0.067969 1.759314 0.187309 0.463191 -0.350942 -0.512134 0.874224 0.443734 -0.004190 0.188304 -0.260247 0.197659 -0.554741 -0.049613 0.069067 0.018940 0.185597 -0.214912 -0.350441 3.042928 2.960996 -7.916826 2.585968 -0.129275 -8.066211 3.042928 2.960996 -0.068826 2.585968 -0.129275 -0.218211 0.000000 0.000000 -7.848000 0.000000 0.000000 -7.848000 0.000000 0.000000 0.000000 0.000000 0.000000 0.000000 0.000000 0.000000 0.000000 0.000000 0.000000 0.000000 0.000000 0.000000 0.000000 0.000000 0.000000 0.000000 0.000000 0.000000 0.000000 0.000000 0.000000 0.000000
14.398796 1.000000 0.059753 0.006831 0.008521 0.069844 0.001234 0.020193 0.002672 0.063684 0.001462 0.004266 0.075237 0.001258 0.021847 -0.005417 1.200081 0.780135 0.422537 1.745034 0.187280 0.424954 0.191949 1.144195 -0.004221 0.063458 1.756848 0.187200 0.462591 -0.351267 -0.507010 0.872904 0.438204 0.001538 0.188269 -0.254264 0.195030 -0.554901 -0.060183 0.064556 0.016475 0.185487 -0.215511 -0.350774 3.047064 2.945577 -7.949025 2.584853 -0.161121 -8.055109 3.047064 2.945577 -0.101025 2.584853 -0.161121 -0.207109 0.000000 0.000000 -7.848000 0.000000 0.000000 -7.848000 0.000000 0.000000 0.000000 0.000000 0.000000 0.000000 0.000000 0.000000 0.000000 0.000000 0.000000 0.000000 0.000000 0.000000 0.000000 0.000000 0.000000 0.000000 0.000000 0.000000 0.000000 0.000000 0.000000 0.000000
14.428256 1.000000 0.059729 0.006819 0.008521 0.069844 0.001258 0.020205 0.002684 0.063696 0.001462 0.004266 0.075249 0.001270 0.021859 -0.005417 1.194019 0.780111 0.420905 1.740593 0.187284 0.423836 0.190763 1.152806 -0.006322 0.063108 1.767417 0.187303 0.463286 -0.349242 -0.513113 0.872863 0.436548 -0.002909 0.188277 -0.255383 0.193849 -0.546264 -0.062284 0.064205 0.027053 0.185591 -0.214813 -0.348745 3.055645 2.940888 -7.931372 2.588733 -0.166066 -8.098073 3.055645 2.940888 -0.083372 2.588733 -0.166066 -0.250073 0.000000 0.000000 -7.848000 0.000000 0.000000 -7.848000 0.000000 0.000000 0.000000 0.000000 0.000000 0.000000 0.000000 0.000000 0.000000 0.000000 0.000000 0.000000 0.000000 0.000000 0.000000 0.000000 0.000000 0.000000 0.000000 0.000000 0.000000 0.000000 0.000000 0.000000
14.460812 1.000000 0.059729 0.006819 0.008497 0.069856 0.001234 0.020193 0.002696 0.063684 0.001462 0.004254 0.075237 0.001258 0.021859 -0.005429 1.187128 0.778683 0.416021 1.739004 0.187272 0.421423 0.188821 1.154863 -0.008160 0.061430 1.767573 0.187344 0.467394 -0.349889 -0.520003 0.871394 0.431662 -0.004495 0.188269 -0.257796 0.191898 -0.544232 -0.064149 0.062526 0.027201 0.185628 -0.210707 -0.349396 3.074850 2.926054 -7.924668 2.588945 -0.174122 -8.105088 3.074850 2.926054 -0.076668 2.588945 -0.174122 -0.257088 0.000000 0.000000 -7.848000 0.000000 0.000000 -7.848000 0.000000 0.000000 0.000000 0.000000 0.000000 0.000000 0.000000 0.000000 0.000000 0.000000 0.000000 0.000000 0.000000 0.000000 0.000000 0.000000 0.000000 0.000000 0.000000 0.000000 0.000000 0.000000 0.000000 0.000000
14.499314 1.000000 0.059753 0.006819 0.008521 0.069844 0.001246 0.020181 0.002672 0.063696 0.001462 0.004266 0.075249 0.001222 0.021859 -0.005405 1.189937 0.780703 0.426949 1.740196 0.187226 0.422670 0.189669 1.145515 -0.009114 0.063844 1.760097 0.187278 0.467963 -0.349052 -0.517155 0.873452 0.442593 -0.003301 0.188215 -0.256549 0.192750 -0.553556 -0.065073 0.064942 0.019733 0.185570 -0.210135 -0.348570 3.077486 2.956152 -7.932191 2.604169 -0.170057 -8.079562 3.077486 2.956152 -0.084191 2.604169 -0.170057 -0.231562 0.000000 0.000000 -7.848000 0.000000 0.000000 -7.848000 0.000000 0.000000 0.000000 0.000000 0.000000 0.000000 0.000000 0.000000 0.000000 0.000000 0.000000 0.000000 0.000000 0.000000 0.000000 0.000000 0.000000 0.000000 0.000000 0.000000 0.000000 0.000000 0.000000 0.000000
14.526423 1.000000 0.059753 0.006819 0.008509 0.069844 0.001222 0.020193 0.002684 0.063684 0.001462 0.004266 0.075249 0.001294 0.021847 -0.005393 1.195010 0.781491 0.424011 1.742633 0.187287 0.425922 0.190457 1.139667 -0.008325 0.065335 1.753158 0.187309 0.464427 -0.348670 -0.512082 0.874221 0.439654 -0.000863 0.188280 -0.253296 0.193531 -0.559426 -0.064279 0.066434 0.012789 0.185605 -0.213674 -0.348163 3.066280 2.951347 -7.944606 2.596086 -0.164206 -8.045354 3.066280 2.951347 -0.096606 2.596086 -0.164206 -0.197354 0.000000 0.000000 -7.848000 0.000000 0.000000 -7.848000 0.000000 0.000000 0.000000 0.000000 0.000000 0.000000 0.000000 0.000000 0.000000 0.000000 0.000000 0.000000 0.000000 0.000000 0.000000 0.000000 0.000000 0.000000 0.000000 0.000000 0.000000 0.000000 0.000000 0.000000
14.560218 1.000000 0.059753 0.006819 0.008533 0.069844 0.001234 0.020193 0.002684 0.063696 0.001462 0.004266 0.075237 0.001270 0.021859 -0.005405 1.183488 0.767939 0.398343 1.738700 0.187281 0.422512 0.186333 1.153466 -0.004460 0.067230 1.758202 0.187333 0.466133 -0.348727 -0.523602 0.860714 0.413988 -0.004796 0.188274 -0.256706 0.189411 -0.545608 -0.060418 0.068327 0.017834 0.185625 -0.211966 -0.348229 3.073714 2.862602 -7.924938 2.545838 -0.151252 -8.058401 3.073714 2.862602 -0.076938 2.545838 -0.151252 -0.210401 0.000000 0.000000 -7.848000 0.000000 0.000000 -7.848000 0.000000 0.000000 0.000000 0.000000 0.000000 0.000000 0.000000 0.000000 0.000000 0.000000 0.000000 0.000000 0.000000 0.000000 0.000000 0.000000 0.000000 0.000000 0.000000 0.000000 0.000000 0.000000 0.000000 0.000000
14.593899 1.000000 0.059753 0.006819 0.008521 0.069844 0.001234 0.020193 0.002672 0.063696 0.001462 0.004266 0.075249 0.001258 0.021823 -0.005417 1.216253 0.799246 0.414683 1.746873 0.187290 0.424164 0.190674 1.152905 0.006194 0.067860 1.756887 0.187223 0.468235 -0.348801 -0.490838 0.891995 0.430327 0.003377 0.188279 -0.255053 0.193751 -0.546169 -0.049768 0.068958 0.016519 0.185511 -0.209867 -0.348308 2.975355 2.963818 -7.940254 2.540115 -0.128029 -8.056128 2.975355 2.963818 -0.092254 2.540115 -0.128029 -0.208128 0.000000 0.000000 -7.848000 0.000000 0.000000 -7.848000 0.000000 0.000000 0.000000 0.000000 0.000000 0.000000 0.000000 0.000000 0.000000 0.000000 0.000000 0.000000 0.000000 0.000000 0.000000 0.000000 0.000000 0.000000 0.000000 0.000000 0.000000 0.000000 0.000000 0.000000
14.630423 1.000000 0.059753 0.006819 0.008533 0.069844 0.001246 0.020181 0.002672 0.063684 0.001450 0.004266 0.075237 0.001282 0.021847 -0.005405 1.209049 0.792542 0.420665 1.745511 0.187315 0.424458 0.190382 1.141495 -0.003801 0.063083 1.750614 0.187285 0.468612 -0.351879 -0.498043 0.885314 0.436311 0.002014 0.188304 -0.254761 0.193463 -0.557602 -0.059779 0.064159 0.010241 0.185577 -0.209491 -0.351381 3.007719 2.964744 -7.941998 2.582907 -0.161258 -8.040003 3.007719 2.964744 -0.093998 2.582907 -0.161258 -0.192003 0.000000 0.000000 -7.848000 0.000000 0.000000 -7.848000 0.000000 0.000000 0.000000 0.000000 0.000000 0.000000 0.000000 0.000000 0.000000 0.000000 0.000000 0.000000 0.000000 0.000000 0.000000 0.000000 0.000000 0.000000 0.000000 0.000000 0.000000 0.000000 0.000000 0.000000
14.678524 1.000000 0.059753 0.006819 0.008509 0.069844 0.001246 0.020193 0.002684 0.063684 0.001462 0.004254 0.075249 0.001234 0.021859 -0.005405 1.214993 0.780460 0.423575 1.743075 0.187313 0.424563 0.186557 1.141035 -0.000165 0.066552 1.750744 0.187264 0.471404 -0.353886 -0.492099 0.873191 0.439218 -0.000421 0.188306 -0.254655 0.189638 -0.558056 -0.056145 0.067649 0.010376 0.185555 -0.206696 -0.353400 2.960965 2.943575 -7.925533 2.586310 -0.146819 -8.045618 2.960965 2.943575 -0.077533 2.586310 -0.146819 -0.197618 0.000000 0.000000 -7.848000 0.000000 0.000000 -7.848000 0.000000 0.000000 0.000000 0.000000 0.000000 0.000000 0.000000 0.000000 0.000000 0.000000 0.000000 0.000000 0.000000 0.000000 0.000000 0.000000 0.000000 0.000000 0.000000 0.000000 0.000000 0.000000 0.000000 0.000000
14.719833 1.000000 0.059729 0.006819 0.008497 0.069844 0.001246 0.020193 0.002684 0.063684 0.001462 0.004254 0.075249 0.001246 0.021859 -0.005405 1.197240 0.783912 0.420533 1.737399 0.187355 0.420474 0.188144 1.155603 -0.006432 0.064210 1.767458 0.187346 0.470861 -0.353242 -0.509895 0.876620 0.436173 -0.006104 0.188348 -0.258747 0.191225 -0.543489 -0.062413 0.065307 0.027090 0.185638 -0.207238 -0.352752 3.020378 2.945019 -7.907045 2.588205 -0.165606 -8.109972 3.020378 2.945019 -0.059045 2.588205 -0.165606 -0.261972 0.000000 0.000000 -7.848000 0.000000 0.000000 -7.848000 0.000000 0.000000 0.000000 0.000000 0.000000 0.000000 0.000000 0.000000 0.000000 0.000000 0.000000 0.000000 0.000000 0.000000 0.000000 0.000000 0.000000 0.000000 0.000000 0.000000 0.000000 0.000000 0.000000 0.000000
14.760371 1.000000 0.059729 0.006795 0.008497 0.069868 0.001246 0.020193 0.002660 0.063696 0.001462 0.004254 0.075249 0.001258 0.021859 -0.005417 1.199253 0.796168 0.429977 1.742241 0.187287 0.420941 0.189083 1.152248 -0.011000 0.060682 1.760792 0.187238 0.467259 -0.350878 -0.507875 0.888828 0.445572 -0.001255 0.188272 -0.258277 0.192155 -0.546822 -0.066985 0.061778 0.020428 0.185526 -0.210839 -0.350385 3.046862 2.993251 -7.930989 2.575003 -0.181355 -8.075836 3.046862 2.993251 -0.082989 2.575003 -0.181355 -0.227836 0.000000 0.000000 -7.848000 0.000000 0.000000 -7.848000 0.000000 0.000000 0.000000 0.000000 0.000000 0.000000 0.000000 0.000000 0.000000 0.000000 0.000000 0.000000 0.000000 0.000000 0.000000 0.000000 0.000000 0.000000 0.000000 0.000000 0.000000 0.000000 0.000000 0.000000
14.799096 1.000000 0.059753 0.006807 0.008497 0.069844 0.001234 0.020193 0.002672 0.063696 0.001462 0.004266 0.075249 0.001258 0.021847 -0.005405 1.195459 0.789903 0.422765 1.738739 0.187251 0.418251 0.189683 1.147544 0.000234 0.070571 1.768643 0.187366 0.465196 -0.348732 -0.511634 0.882587 0.438384 -0.004757 0.188239 -0.260967 0.192755 -0.551528 -0.055724 0.071668 0.028278 0.185658 -0.212904 -0.348238 3.036699 2.963406 -7.911451 2.614836 -0.136038 -8.110607 3.036699 2.963406 -0.063451 2.614836 -0.136038 -0.262607 0.000000 0.000000 -7.848000 0.000000 0.000000 -7.848000 0.000000 0.000000 0.000000 0.000000 0.000000 0.000000 0.000000 0.000000 0.000000 0.000000 0.000000 0.000000 0.000000 0.000000 0.000000 0.000000 0.000000 0.000000 0.000000 0.000000 0.000000 0.000000 0.000000 0.000000
14.855671 1.000000 0.059753 0.006807 0.008497 0.069844 0.001246 0.020193 0.002684 0.063684 0.001462 0.004254 0.075249 0.001282 0.021871 -0.005405 1.222682 0.806675 0.416766 1.745649 0.187349 0.426693 0.190490 1.143461 -0.013173 0.061628 1.760450 0.187235 0.463052 -0.353839 -0.484411 0.899364 0.432385 0.002153 0.188341 -0.252525 0.193567 -0.555629 -0.069153 0.062724 0.020083 0.185527 -0.215046 -0.353338 2.947476 2.982646 -7.934059 2.612356 -0.185432 -8.074711 2.947476 2.982646 -0.086059 2.612356 -0.185432 -0.226711 0.000000 0.000000 -7.848000 0.000000 0.000000 -7.848000 0.000000 0.000000 0.000000 0.000000 0.000000 0.000000 0.000000 0.000000 0.000000 0.000000 0.000000 0.000000 0.000000 0.000000 0.000000 0.000000 0.000000 0.000000 0.000000 0.000000 0.000000 0.000000 0.000000 0.000000
14.898860 1.000000 0.059753 0.006807 0.008521 0.069844 0.001246 0.020193 0.002672 0.063672 0.001450 0.004254 0.075249 0.001282 0.021835 -0.005405 1.198156 0.796628 0.408805 1.738471 0.187296 0.421701 0.189868 1.132278 -0.013843 0.061228 1.751331 0.187388 0.459336 -0.353235 -0.508935 0.889358 0.424426 -0.005025 0.188284 -0.257517 0.192945 -0.566836 -0.069843 0.062303 0.010956 0.185680 -0.218767 -0.352738 3.021273 2.944800 -7.911786 2.624408 -0.187229 -8.035462 3.021273 2.944800 -0.063786 2.624408 -0.187229 -0.187462 0.000000 0.000000 -7.848000 0.000000 0.000000 -7.848000 0.000000 0.000000 0.000000 0.000000 0.000000 0.000000 0.000000 0.000000 0.000000 0.000000 0.000000 0.000000 0.000000 0.000000 0.000000 0.000000 0.000000 0.000000 0.000000 0.000000 0.000000 0.000000 0.000000 0.000000
14.944686 1.000000 0.059753 0.006807 0.008533 0.069868 0.001246 0.020193 0.002684 0.063684 0.001462 0.004254 0.075237 0.001258 0.021847 -0.005405 1.209986 0.799206 0.429270 1.744931 0.187319 0.425259 0.192718 1.144037 -0.010652 0.063663 1.755250 0.187301 0.465997 -0.352136 -0.497097 0.891962 0.444893 0.001443 0.188311 -0.253956 0.195795 -0.555059 -0.066632 0.064759 0.014877 0.185593 -0.212105 -0.351642 3.012844 2.999152 -7.942030 2.588692 -0.174241 -8.054545 3.012844 2.999152 -0.094030 2.588692 -0.174241 -0.206545 0.000000 0.000000 -7.848000 0.000000 0.000000 -7.848000 0.000000 0.000000 0.000000 0.000000 0.000000 0.000000 0.000000 0.000000 0.000000 0.000000 0.000000 0.000000 0.000000 0.000000 0.000000 0.000000 0.000000 0.000000 0.000000 0.000000 0.000000 0.000000 0.000000 0.000000
14.994513 1.000000 0.059753 0.006819 0.008521 0.069844 0.001222 0.020193 0.002684 0.063684 0.001486 0.004254 0.075249 0.001246 0.021859 -0.005405 1.195300 0.784688 0.413958 1.740000 0.187215 0.423984 0.194170 1.143512 -0.008817 0.065560 1.753687 0.187361 0.464644 -0.351178 -0.511791 0.877441 0.429603 -0.003495 0.188207 -0.255234 0.197244 -0.555579 -0.064758 0.066701 0.013319 0.185653 -0.213455 -0.350681 3.044374 2.935177 -7.926693 2.579313 -0.165251 -8.044616 3.044374 2.935177 -0.078693 2.579313 -0.165251 -0.196616 0.000000 0.000000 -7.848000 0.000000 0.000000 -7.848000 0.000000 0.000000 0.000000 0.000000 0.000000 0.000000 0.000000 0.000000 0.000000 0.000000 0.000000 0.000000 0.000000 0.000000 0.000000 0.000000 0.000000 0.000000 0.000000 0.000000 0.000000 0.000000 0.000000 0.000000
15.040294 1.000000 0.059753 0.006783 0.008497 0.069844 0.001246 0.020193 0.002684 0.063684 0.001462 0.004266 0.075249 0.001258 0.021847 -0.005405 1.193137 0.790963 0.428636 1.740597 0.187370 0.424949 0.194182 1.154647 -0.011147 0.064155 1.756000 0.187391 0.469229 -0.348170 -0.513956 0.883611 0.444210 -0.002899 0.188363 -0.254269 0.197251 -0.544446 -0.067105 0.065253 0.015631 0.185683 -0.208872 -0.347676 3.075062 2.982431 -7.936338 2.542221 -0.171598 -8.053765 3.075062 2.982431 -0.088338 2.542221 -0.171598 -0.205765 0.000000 0.000000 -7.848000 0.000000 0.000000 -7.848000 0.000000 0.000000 0.000000 0.000000 0.000000 0.000000 0.000000 0.000000 0.000000 0.000000 0.000000 0.000000 0.000000 0.000000 0.000000 0.000000 0.000000 0.000000 0.000000 0.000000 0.000000 0.000000 0.000000 0.000000
15.089044 1.000000 0.059753 0.006807 0.008497 0.069844 0.001246 0.020181 0.002672 0.063684 0.001462 0.004266 0.075225 0.001282 0.021847 -0.005405 1.192757 0.781580 0.418437 1.740603 0.187339 0.425113 0.193200 1.130819 -0.010688 0.066282 1.741075 0.187340 0.461742 -0.344924 -0.514337 0.874264 0.434057 -0.002894 0.188328 -0.254107 0.196276 -0.568282 -0.066645 0.067380 0.000697 0.185632 -0.216361 -0.344423 3.063639 2.939240 -7.934700 2.584345 -0.164390 -7.991492 3.063639 2.939240 -0.086700 2.584345 -0.164390 -0.143492 0.000000 0.000000 -7.848000 0.000000 0.000000 -7.848000 0.000000 0.000000 0.000000 0.000000 0.000000 0.000000 0.000000 0.000000 0.000000 0.000000 0.000000 0.000000 0.000000 0.000000 0.000000 0.000000 0.000000 0.000000 0.000000 0.000000 0.000000 0.000000 0.000000 0.000000
15.137757 1.000000 0.059753 0.006795 0.008509 0.069868 0.001246 0.020193 0.002672 0.063696 0.001462 0.004254 0.075237 0.001246 0.021847 -0.005405 1.186289 0.779206 0.414136 1.740154 0.187239 0.425603 0.193434 1.144750 -0.010525 0.065332 1.747365 0.187277 0.456920 -0.346277 -0.520796 0.871893 0.429734 -0.003335 0.188228 -0.253613 0.196507 -0.554325 -0.066505 0.066428 0.006996 0.185569 -0.221181 -0.345787 3.091315 2.925330 -7.938763 2.531533 -0.165904 -7.998702 3.091315 2.925330 -0.090763 2.531533 -0.165904 -0.150702 0.000000 0.000000 -7.848000 0.000000 0.000000 -7.848000 0.000000 0.000000 0.000000 0.000000 0.000000 0.000000 0.000000 0.000000 0.000000 0.000000 0.000000 0.000000 0.000000 0.000000 0.000000 0.000000 0.000000 0.000000 0.000000 0.000000 0.000000 0.000000 0.000000 0.000000
15.179989 1.000000 0.059729 0.006807 0.008509 0.069844 0.001246 0.020181 0.002684 0.063684 0.001462 0.004266 0.075249 0.001270 0.021847 -0.005393 1.184816 0.791091 0.433338 1.736751 0.187248 0.421605 0.197921 1.144132 0.001731 0.078448 1.747058 0.187246 0.457600 -0.346770 -0.522320 0.883801 0.448957 -0.006753 0.188240 -0.257616 0.200998 -0.554961 -0.054223 0.079546 0.006689 0.185541 -0.220501 -0.346271 3.099467 2.995388 -7.920558 2.516942 -0.110610 -7.995731 3.099467 2.995388 -0.072558 2.516942 -0.110610 -0.147731 0.000000 0.000000 -7.848000 0.000000 0.000000 -7.848000 0.000000 0.000000 0.000000 0.000000 0.000000 0.000000 0.000000 0.000000 0.000000 0.000000 0.000000 0.000000 0.000000 0.000000 0.000000 0.000000 0.000000 0.000000 0.000000 0.000000 0.000000 0.000000 0.000000 0.000000
15.213075 1.000000 0.059753 0.006783 0.008509 0.069844 0.001234 0.020181 0.002696 0.063696 0.001462 0.004254 0.075249 0.001282 0.021847 -0.005405 1.185304 0.788450 0.417181 1.737831 0.187276 0.422547 0.194495 1.145297 -0.001848 0.074768 1.747837 0.187308 0.456117 -0.347683 -0.521790 0.881125 0.432757 -0.005667 0.188272 -0.256672 0.197561 -0.553775 -0.057828 0.075865 0.007471 0.185599 -0.221983 -0.347182 3.088664 2.951051 -7.923789 2.516729 -0.126796 -7.996480 3.088664 2.951051 -0.075789 2.516729 -0.126796 -0.148480 0.000000 0.000000 -7.848000 0.000000 0.000000 -7.848000 0.000000 0.000000 0.000000 0.000000 0.000000 0.000000 0.000000 0.000000 0.000000 0.000000 0.000000 0.000000 0.000000 0.000000 0.000000 0.000000 0.000000 0.000000 0.000000 0.000000 0.000000 0.000000 0.000000 0.000000
15.268166 1.000000 0.059753 0.006783 0.008497 0.069844 0.001246 0.020181 0.002684 0.063684 0.001462 0.004254 0.075249 0.001258 0.021847 -0.005405 1.178071 0.786319 0.414450 1.734037 0.187334 0.418438 0.194617 1.144932 -0.003684 0.073583 1.747913 0.187316 0.462486 -0.347723 -0.529024 0.878967 0.430024 -0.009460 0.188327 -0.260782 0.197686 -0.554160 -0.059665 0.074680 0.007544 0.185608 -0.215615 -0.347229 3.098417 2.940021 -7.904343 2.532780 -0.133800 -8.009709 3.098417 2.940021 -0.056343 2.532780 -0.133800 -0.161709 0.000000 0.000000 -7.848000 0.000000 0.000000 -7.848000 0.000000 0.000000 0.000000 0.000000 0.000000 0.000000 0.000000 0.000000 0.000000 0.000000 0.000000 0.000000 0.000000 0.000000 0.000000 0.000000 0.000000 0.000000 0.000000 0.000000 0.000000 0.000000 0.000000 0.000000
15.302032 1.000000 0.059753 0.006795 0.008509 0.069844 0.001234 0.020193 0.002672 0.063684 0.001462 0.004254 0.075249 0.001282 0.021871 -0.005405 1.199237 0.786276 0.422296 1.746574 0.187358 0.422342 0.193751 1.152920 0.009684 0.074200 1.754522 0.187368 0.468210 -0.347805 -0.507855 0.878963 0.437894 0.003078 0.188347 -0.256877 0.196820 -0.546170 -0.046296 0.075297 0.014156 0.185660 -0.209888 -0.347304 3.057125 2.958217 -7.952298 2.522469 -0.105486 -8.043396 3.057125 2.958217 -0.104298 2.522469 -0.105486 -0.195396 0.000000 0.000000 -7.848000 0.000000 0.000000 -7.848000 0.000000 0.000000 0.000000 0.000000 0.000000 0.000000 0.000000 0.000000 0.000000 0.000000 0.000000 0.000000 0.000000 0.000000 0.000000 0.000000 0.000000 0.000000 0.000000 0.000000 0.000000 0.000000 0.000000 0.000000
15.330924 1.000000 0.059753 0.006819 0.008509 0.069844 0.001246 0.020193 0.002672 0.063684 0.001462 0.004254 0.075237 0.001246 0.021847 -0.005417 1.184317 0.788567 0.421712 1.738656 0.187335 0.420317 0.192552 1.137736 0.001955 0.070063 1.744899 0.187382 0.466039 -0.346788 -0.522775 0.881294 0.437355 -0.004840 0.188325 -0.258901 0.195633 -0.561360 -0.054030 0.071160 0.004525 0.185669 -0.212063 -0.346298 3.096495 2.961421 -7.925014 2.562884 -0.130644 -8.009740 3.096495 2.961421 -0.077014 2.562884 -0.130644 -0.161740 0.000000 0.000000 -7.848000 0.000000 0.000000 -7.848000 0.000000 0.000000 0.000000 0.000000 0.000000 0.000000 0.000000 0.000000 0.000000 0.000000 0.000000 0.000000 0.000000 0.000000 0.000000 0.000000 0.000000 0.000000 0.000000 0.000000 0.000000 0.000000 0.000000 0.000000
15.386972 1.000000 0.059753 0.006807 0.008497 0.069844 0.001246 0.020193 0.002672 0.063684 0.001462 0.004266 0.075249 0.001258 0.021859 -0.005393 1.193501 0.785696 0.397499 1.744036 0.187367 0.424106 0.192383 1.144671 -0.002615 0.068276 1.746745 0.187349 0.464682 -0.347397 -0.513592 0.878380 0.413118 0.000540 0.188355 -0.255112 0.195460 -0.554421 -0.058569 0.069375 0.006377 0.185644 -0.213417 -0.346903 3.059108 2.899149 -7.944194 2.536744 -0.143698 -8.009821 3.059108 2.899149 -0.096194 2.536744 -0.143698 -0.161821 0.000000 0.000000 -7.848000 0.000000 0.000000 -7.848000 0.000000 0.000000 0.000000 0.000000 0.000000 0.000000 0.000000 0.000000 0.000000 0.000000 0.000000 0.000000 0.000000 0.000000 0.000000 0.000000 0.000000 0.000000 0.000000 0.000000 0.000000 0.000000 0.000000 0.000000
15.432613 1.000000 0.059753 0.006819 0.008521 0.069844 0.001222 0.020181 0.002684 0.063696 0.001462 0.004254 0.075249 0.001270 0.021847 -0.005393 1.180634 0.778141 0.379125 1.739375 0.187321 0.420099 0.191546 1.149704 -0.009382 0.062367 1.748178 0.187379 0.468237 -0.349077 -0.526458 0.870894 0.394769 -0.004122 0.188314 -0.259120 0.194620 -0.549367 -0.065359 0.063464 0.007812 0.185675 -0.209862 -0.348579 3.078918 2.841123 -7.922857 2.532392 -0.171887 -8.020205 3.078918 2.841123 -0.074857 2.532392 -0.171887 -0.172205 0.000000 0.000000 -7.848000 0.000000 0.000000 -7.848000 0.000000 0.000000 0.000000 0.000000 0.000000 0.000000 0.000000 0.000000 0.000000 0.000000 0.000000 0.000000 0.000000 0.000000 0.000000 0.000000 0.000000 0.000000 0.000000 0.000000 0.000000 0.000000 0.000000 0.000000
15.475930 1.000000 0.059753 0.006783 0.008521 0.069844 0.001234 0.020193 0.002672 0.063684 0.001462 0.004254 0.075249 0.001258 0.021847 -0.005393 1.197353 0.788545 0.392967 1.732136 0.187266 0.421439 0.190917 1.140097 -0.007969 0.066024 1.742666 0.187234 0.464362 -0.348457 -0.509739 0.881234 0.408544 -0.011360 0.188255 -0.257779 0.193982 -0.558995 -0.063946 0.067121 0.002297 0.185530 -0.213739 -0.347962 2.980303 2.890118 -7.879388 2.547191 -0.160270 -7.995192 2.980303 2.890118 -0.031388 2.547191 -0.160270 -0.147192 0.000000 0.000000 -7.848000 0.000000 0.000000 -7.848000 0.000000 0.000000 0.000000 0.000000 0.000000 0.000000 0.000000 0.000000 0.000000 0.000000 0.000000 0.000000 0.000000 0.000000 0.000000 0.000000 0.000000 0.000000 0.000000 0.000000 0.000000 0.000000 0.000000 0.000000
15.505811 1.000000 0.059729 0.006783 0.008509 0.069856 0.001246 0.020193 0.002684 0.063708 0.001462 0.004266 0.075249 0.001282 0.021847 -0.005405 1.199644 0.786248 0.393235 1.731399 0.187277 0.421475 0.191156 1.162815 -0.010997 0.061769 1.760716 0.187367 0.466495 -0.349788 -0.507487 0.878919 0.408810 -0.012101 0.188269 -0.257744 0.194226 -0.536235 -0.066955 0.062866 0.020354 0.185659 -0.211603 -0.349286 2.964340 2.885525 -7.873899 2.517370 -0.177071 -8.063482 2.964340 2.885525 -0.025899 2.517370 -0.177071 -0.215482 0.000000 0.000000 -7.848000 0.000000 0.000000 -7.848000 0.000000 0.000000 0.000000 0.000000 0.000000 0.000000 0.000000 0.000000 0.000000 0.000000 0.000000 0.000000 0.000000 0.000000 0.000000 0.000000 0.000000 0.000000 0.000000 0.000000 0.000000 0.000000 0.000000 0.000000
15.532571 1.000000 0.059753 0.006795 0.008497 0.069844 0.001246 0.020193 0.002672 0.063684 0.001474 0.004266 0.075237 0.001258 0.021835 -0.005393 1.194832 0.781066 0.398029 1.730388 0.187346 0.419368 0.191816 1.135936 0.000949 0.075179 1.750080 0.187269 0.462145 -0.346575 -0.512261 0.873730 0.413625 -0.013108 0.188335 -0.259850 0.194889 -0.563162 -0.054985 0.076300 0.009706 0.185565 -0.215958 -0.346077 2.981334 2.886613 -7.870385 2.583988 -0.121284 -8.027305 2.981334 2.886613 -0.022385 2.583988 -0.121284 -0.179305 0.000000 0.000000 -7.848000 0.000000 0.000000 -7.848000 0.000000 0.000000 0.000000 0.000000 0.000000 0.000000 0.000000 0.000000 0.000000 0.000000 0.000000 0.000000 0.000000 0.000000 0.000000 0.000000 0.000000 0.000000 0.000000 0.000000 0.000000 0.000000 0.000000 0.000000
15.567982 1.000000 0.059753 0.006783 0.008509 0.069844 0.001246 0.020181 0.002672 0.063684 0.001462 0.004266 0.075237 0.001282 0.021847 -0.005405 1.190803 0.789737 0.394433 1.733032 0.187370 0.421261 0.190901 1.151036 -0.008081 0.066877 1.753520 0.187269 0.468982 -0.348717 -0.516291 0.882405 0.410009 -0.010466 0.188359 -0.257959 0.193970 -0.548060 -0.064038 0.067975 0.013147 0.185561 -0.209120 -0.348216 3.019524 2.897088 -7.889482 2.545732 -0.159256 -8.044349 3.019524 2.897088 -0.041482 2.545732 -0.159256 -0.196349 0.000000 0.000000 -7.848000 0.000000 0.000000 -7.848000 0.000000 0.000000 0.000000 0.000000 0.000000 0.000000 0.000000 0.000000 0.000000 0.000000 0.000000 0.000000 0.000000 0.000000 0.000000 0.000000 0.000000 0.000000 0.000000 0.000000 0.000000 0.000000 0.000000 0.000000
15.601962 1.000000 0.059753 0.006807 0.008497 0.069868 0.001246 0.020193 0.002649 0.063684 0.001462 0.004254 0.075249 0.001270 0.021847 -0.005393 1.210320 0.793382 0.411126 1.738471 0.187304 0.423722 0.192349 1.154335 0.000975 0.063979 1.757099 0.187407 0.469361 -0.349500 -0.496766 0.886058 0.426745 -0.005017 0.188285 -0.255493 0.195425 -0.544758 -0.055001 0.065076 0.016729 0.185702 -0.208740 -0.349002 2.962345 2.942750 -7.905059 2.542157 -0.147967 -8.059060 2.962345 2.942750 -0.057059 2.542157 -0.147967 -0.211060 0.000000 0.000000 -7.848000 0.000000 0.000000 -7.848000 0.000000 0.000000 0.000000 0.000000 0.000000 0.000000 0.000000 0.000000 0.000000 0.000000 0.000000 0.000000 0.000000 0.000000 0.000000 0.000000 0.000000 0.000000 0.000000 0.000000 0.000000 0.000000 0.000000 0.000000
15.650908 1.000000 0.059729 0.006807 0.008521 0.069844 0.001246 0.020169 0.002672 0.063684 0.001486 0.004254 0.075237 0.001282 0.021835 -0.005405 1.187980 0.776120 0.382996 1.729884 0.187267 0.417239 0.190615 1.156908 -0.002187 0.064773 1.747626 0.187327 0.468760 -0.349410 -0.519156 0.868849 0.398616 -0.013621 0.188256 -0.261984 0.193692 -0.542190 -0.058127 0.065915 0.007251 0.185619 -0.209344 -0.348901 2.996005 2.841827 -7.867061 2.487552 -0.150669 -8.010664 2.996005 2.841827 -0.019061 2.487552 -0.150669 -0.162664 0.000000 0.000000 -7.848000 0.000000 0.000000 -7.848000 0.000000 0.000000 0.000000 0.000000 0.000000 0.000000 0.000000 0.000000 0.000000 0.000000 0.000000 0.000000 0.000000 0.000000 0.000000 0.000000 0.000000 0.000000 0.000000 0.000000 0.000000 0.000000 0.000000 0.000000
15.681834 1.000000 0.059753 0.006783 0.008497 0.069844 0.001234 0.020193 0.002684 0.063684 0.001486 0.004254 0.075237 0.001258 0.021847 -0.005393 1.189056 0.785805 0.394231 1.734722 0.187154 0.418765 0.194854 1.145976 -0.000545 0.068083 1.743756 0.187233 0.465896 -0.348561 -0.518037 0.878454 0.409806 -0.008774 0.188147 -0.260453 0.197919 -0.553121 -0.056482 0.069224 0.003382 0.185529 -0.212206 -0.348059 3.029380 2.890473 -7.894270 2.518264 -0.139751 -7.996719 3.029380 2.890473 -0.046270 2.518264 -0.139751 -0.148719 0.000000 0.000000 -7.848000 0.000000 0.000000 -7.848000 0.000000 0.000000 0.000000 0.000000 0.000000 0.000000 0.000000 0.000000 0.000000 0.000000 0.000000 0.000000 0.000000 0.000000 0.000000 0.000000 0.000000 0.000000 0.000000 0.000000 0.000000 0.000000 0.000000 0.000000
15.715197 1.000000 0.059753 0.006783 0.008509 0.069844 0.001246 0.020181 0.002684 0.063696 0.001486 0.004266 0.075249 0.001246 0.021835 -0.005381 1.202624 0.784299 0.396667 1.741421 0.187232 0.422067 0.195026 1.167584 -0.008597 0.061274 1.752897 0.187290 0.471169 -0.350050 -0.504469 0.876970 0.412243 -0.002076 0.188225 -0.257152 0.198096 -0.531490 -0.064507 0.062417 0.012531 0.185589 -0.206932 -0.349551 2.995735 2.893090 -7.919754 2.466248 -0.171822 -8.030922 2.995735 2.893090 -0.071754 2.466248 -0.171822 -0.182922 0.000000 0.000000 -7.848000 0.000000 0.000000 -7.848000 0.000000 0.000000 0.000000 0.000000 0.000000 0.000000 0.000000 0.000000 0.000000 0.000000 0.000000 0.000000 0.000000 0.000000 0.000000 0.000000 0.000000 0.000000 0.000000 0.000000 0.000000 0.000000 0.000000 0.000000
15.746212 1.000000 0.059753 0.006795 0.008497 0.069844 0.001234 0.020193 0.002672 0.063684 0.001486 0.004254 0.075249 0.001270 0.021835 -0.005393 1.182171 0.784246 0.386574 1.733366 0.187229 0.419934 0.194211 1.158609 -0.010906 0.060933 1.746563 0.187392 0.466975 -0.352225 -0.524922 0.876911 0.402171 -0.010130 0.188217 -0.259284 0.197279 -0.540486 -0.066842 0.062075 0.006192 0.185688 -0.211128 -0.351719 3.054186 2.870089 -7.894899 2.479476 -0.178071 -8.002001 3.054186 2.870089 -0.046899 2.479476 -0.178071 -0.154001 0.000000 0.000000 -7.848000 0.000000 0.000000 -7.848000 0.000000 0.000000 0.000000 0.000000 0.000000 0.000000 0.000000 0.000000 0.000000 0.000000 0.000000 0.000000 0.000000 0.000000 0.000000 0.000000 0.000000 0.000000 0.000000 0.000000 0.000000 0.000000 0.000000 0.000000
15.778320 1.000000 0.059765 0.006747 0.008509 0.069844 0.001246 0.020181 0.002672 0.063684 0.001462 0.004254 0.075237 0.001258 0.021835 -0.005393 1.201504 0.786743 0.392985 1.743658 0.187338 0.424330 0.190694 1.156527 -0.005993 0.065646 1.748778 0.187352 0.469899 -0.350839 -0.505569 0.879351 0.408493 0.000164 0.188326 -0.254889 0.193752 -0.542570 -0.061970 0.066742 0.008403 0.185648 -0.208204 -0.350345 3.013433 2.888439 -7.934832 2.498397 -0.157488 -8.018682 3.013433 2.888439 -0.086832 2.498397 -0.157488 -0.170682 0.000000 0.000000 -7.848000 0.000000 0.000000 -7.848000 0.000000 0.000000 0.000000 0.000000 0.000000 0.000000 0.000000 0.000000 0.000000 0.000000 0.000000 0.000000 0.000000 0.000000 0.000000 0.000000 0.000000 0.000000 0.000000 0.000000 0.000000 0.000000 0.000000 0.000000
15.817353 1.000000 0.059753 0.006783 0.008497 0.069844 0.001246 0.020181 0.002672 0.063684 0.001486 0.004266 0.075249 0.001270 0.021847 -0.005405 1.191647 0.790926 0.399431 1.739530 0.187304 0.423457 0.194619 1.139226 -0.007033 0.065111 1.739741 0.187340 0.468218 -0.353448 -0.515447 0.883571 0.415005 -0.003967 0.188292 -0.255763 0.197687 -0.559867 -0.062951 0.066254 -0.000628 0.185632 -0.209883 -0.352943 3.052751 2.914255 -7.924291 2.546933 -0.162159 -7.990023 3.052751 2.914255 -0.076291 2.546933 -0.162159 -0.142023 0.000000 0.000000 -7.848000 0.000000 0.000000 -7.848000 0.000000 0.000000 0.000000 0.000000 0.000000 0.000000 0.000000 0.000000 0.000000 0.000000 0.000000 0.000000 0.000000 0.000000 0.000000 0.000000 0.000000 0.000000 0.000000 0.000000 0.000000 0.000000 0.000000 0.000000
15.858350 1.000000 0.059753 0.006807 0.008509 0.069844 0.001246 0.020181 0.002660 0.063684 0.001462 0.004242 0.075249 0.001246 0.021859 -0.005405 1.196703 0.811791 0.419017 1.740615 0.187387 0.424515 0.192777 1.154734 -0.010955 0.063269 1.750040 0.187321 0.470180 -0.352790 -0.510390 0.904494 0.434637 -0.002882 0.188372 -0.254705 0.195854 -0.544357 -0.066958 0.064364 0.009672 0.185612 -0.207919 -0.352300 3.060744 3.001865 -7.930853 2.518861 -0.174426 -8.027838 3.060744 3.001865 -0.082853 2.518861 -0.174426 -0.179838 0.000000 0.000000 -7.848000 0.000000 0.000000 -7.848000 0.000000 0.000000 0.000000 0.000000 0.000000 0.000000 0.000000 0.000000 0.000000 0.000000 0.000000 0.000000 0.000000 0.000000 0.000000 0.000000 0.000000 0.000000 0.000000 0.000000 0.000000 0.000000 0.000000 0.000000
15.892870 1.000000 0.059753 0.006783 0.008497 0.069844 0.001246 0.020193 0.002660 0.063696 0.001486 0.004254 0.075249 0.001270 0.021835 -0.005393 1.192245 0.794034 0.408040 1.740859 0.187351 0.425068 0.191259 1.152134 -0.015104 0.072036 1.758914 0.187197 0.467338 -0.352520 -0.514849 0.886675 0.423614 -0.002637 0.188335 -0.254150 0.194328 -0.546940 -0.071041 0.073177 0.018547 0.185493 -0.210763 -0.352014 3.066515 2.939734 -7.934624 2.560858 -0.163659 -8.064916 3.066515 2.939734 -0.086624 2.560858 -0.163659 -0.216916 0.000000 0.000000 -7.848000 0.000000 0.000000 -7.848000 0.000000 0.000000 0.000000 0.000000 0.000000 0.000000 0.000000 0.000000 0.000000 0.000000 0.000000 0.000000 0.000000 0.000000 0.000000 0.000000 0.000000 0.000000 0.000000 0.000000 0.000000 0.000000 0.000000 0.000000
15.923445 1.000000 0.059753 0.006771 0.008509 0.069868 0.001246 0.020193 0.002684 0.063696 0.001486 0.004254 0.075249 0.001270 0.021835 -0.005393 1.196608 0.785131 0.400077 1.739308 0.187288 0.422623 0.190347 1.154221 -0.007754 0.076782 1.754484 0.187245 0.465134 -0.348942 -0.510477 0.877783 0.415630 -0.004181 0.188280 -0.256593 0.193413 -0.544852 -0.063691 0.077924 0.014117 0.185541 -0.212967 -0.348436 3.021075 2.901227 -7.917128 2.517980 -0.135134 -8.036253 3.021075 2.901227 -0.069128 2.517980 -0.135134 -0.188253 0.000000 0.000000 -7.848000 0.000000 0.000000 -7.848000 0.000000 0.000000 0.000000 0.000000 0.000000 0.000000 0.000000 0.000000 0.000000 0.000000 0.000000 0.000000 0.000000 0.000000 0.000000 0.000000 0.000000 0.000000 0.000000 0.000000 0.000000 0.000000 0.000000 0.000000
15.964629 1.000000 0.059753 0.006783 0.008509 0.069844 0.001246 0.020193 0.002660 0.063684 0.001486 0.004254 0.075249 0.001282 0.021835 -0.005393 1.198794 0.792585 0.421602 1.742018 0.187153 0.424680 0.192483 1.150444 -0.011056 0.071293 1.762004 0.187326 0.462679 -0.352451 -0.508299 0.885249 0.437177 -0.001479 0.188138 -0.254538 0.195551 -0.548650 -0.066993 0.072435 0.021633 0.185622 -0.215423 -0.351941 3.046874 2.968177 -7.935912 2.572857 -0.157370 -8.072144 3.046874 2.968177 -0.087912 2.572857 -0.157370 -0.224144 0.000000 0.000000 -7.848000 0.000000 0.000000 -7.848000 0.000000 0.000000 0.000000 0.000000 0.000000 0.000000 0.000000 0.000000 0.000000 0.000000 0.000000 0.000000 0.000000 0.000000 0.000000 0.000000 0.000000 0.000000 0.000000 0.000000 0.000000 0.000000 0.000000 0.000000
16.003270 1.000000 0.059729 0.006783 0.008521 0.069844 0.001222 0.020181 0.002684 0.063684 0.001486 0.004254 0.075225 0.001246 0.021835 -0.005393 1.191243 0.792594 0.418947 1.739248 0.187309 0.421424 0.195320 1.149697 -0.014600 0.068097 1.758352 0.187180 0.461498 -0.352133 -0.515892 0.885287 0.434522 -0.004257 0.188301 -0.257797 0.198382 -0.549406 -0.070537 0.069239 0.017974 0.185476 -0.216607 -0.351635 3.066323 2.963367 -7.923246 2.563263 -0.171370 -8.054152 3.066323 2.963367 -0.075246 2.563263 -0.171370 -0.206152 0.000000 0.000000 -7.848000 0.000000 0.000000 -7.848000 0.000000 0.000000 0.000000 0.000000 0.000000 0.000000 0.000000 0.000000 0.000000 0.000000 0.000000 0.000000 0.000000 0.000000 0.000000 0.000000 0.000000 0.000000 0.000000 0.000000 0.000000 0.000000 0.000000 0.000000
16.035936 1.000000 0.059753 0.006771 0.008521 0.069844 0.001246 0.020193 0.002660 0.063696 0.001486 0.004254 0.075249 0.001270 0.021847 -0.005381 1.184083 0.781551 0.396539 1.737621 0.187393 0.421835 0.192706 1.155550 -0.010251 0.070509 1.770044 0.187404 0.462756 -0.350922 -0.523010 0.874217 0.412093 -0.005875 0.188378 -0.257383 0.195771 -0.543522 -0.066184 0.071651 0.029679 0.185704 -0.215343 -0.350415 3.072410 2.888047 -7.918459 2.581465 -0.157531 -8.105347 3.072410 2.888047 -0.070459 2.581465 -0.157531 -0.257347 0.000000 0.000000 -7.848000 0.000000 0.000000 -7.848000 0.000000 0.000000 0.000000 0.000000 0.000000 0.000000 0.000000 0.000000 0.000000 0.000000 0.000000 0.000000 0.000000 0.000000 0.000000 0.000000 0.000000 0.000000 0.000000 0.000000 0.000000 0.000000 0.000000 0.000000
16.073845 1.000000 0.059753 0.006783 0.008521 0.069844 0.001222 0.020181 0.002672 0.063708 0.001486 0.004254 0.075249 0.001282 0.021847 -0.005393 1.188902 0.782937 0.412953 1.738539 0.187260 0.422638 0.193687 1.157122 -0.015591 0.077176 1.780570 0.187295 0.467102 -0.354062 -0.518191 0.875627 0.428529 -0.004959 0.188248 -0.256581 0.196749 -0.541929 -0.071528 0.078317 0.040209 0.185591 -0.210996 -0.353552 3.066681 2.929227 -7.923011 2.625239 -0.155984 -8.160657 3.066681 2.929227 -0.075011 2.625239 -0.155984 -0.312657 0.000000 0.000000 -7.848000 0.000000 0.000000 -7.848000 0.000000 0.000000 0.000000 0.000000 0.000000 0.000000 0.000000 0.000000 0.000000 0.000000 0.000000 0.000000 0.000000 0.000000 0.000000 0.000000 0.000000 0.000000 0.000000 0.000000 0.000000 0.000000 0.000000 0.000000
16.105747 1.000000 0.059753 0.006783 0.008509 0.069844 0.001246 0.020181 0.002660 0.063684 0.001486 0.004254 0.075225 0.001258 0.021847 -0.005393 1.200800 0.782328 0.411246 1.745342 0.187340 0.425822 0.193603 1.149410 -0.011041 0.077965 1.772310 0.187278 0.464664 -0.352848 -0.506294 0.874991 0.426821 0.001845 0.188325 -0.253397 0.196672 -0.549691 -0.066977 0.079107 0.031933 0.185574 -0.213440 -0.352346 3.039152 2.924035 -7.949519 2.621394 -0.143811 -8.123951 3.039152 2.924035 -0.101519 2.621394 -0.143811 -0.275951 0.000000 0.000000 -7.848000 0.000000 0.000000 -7.848000 0.000000 0.000000 0.000000 0.000000 0.000000 0.000000 0.000000 0.000000 0.000000 0.000000 0.000000 0.000000 0.000000 0.000000 0.000000 0.000000 0.000000 0.000000 0.000000 0.000000 0.000000 0.000000 0.000000 0.000000
16.131883 1.000000 0.059753 0.006783 0.008497 0.069844 0.001234 0.020181 0.002672 0.063684 0.001486 0.004266 0.075237 0.001270 0.021847 -0.005381 1.196315 0.774948 0.412705 1.744400 0.187326 0.424178 0.192603 1.149891 -0.008260 0.080025 1.769393 0.187277 0.466583 -0.351348 -0.510780 0.867593 0.428279 0.000903 0.188314 -0.255041 0.195668 -0.549207 -0.064170 0.081169 0.029020 0.185577 -0.211519 -0.350841 3.051693 2.912093 -7.946167 2.606177 -0.132312 -8.112825 3.051693 2.912093 -0.098167 2.606177 -0.132312 -0.264825 0.000000 0.000000 -7.848000 0.000000 0.000000 -7.848000 0.000000 0.000000 0.000000 0.000000 0.000000 0.000000 0.000000 0.000000 0.000000 0.000000 0.000000 0.000000 0.000000 0.000000 0.000000 0.000000 0.000000 0.000000 0.000000 0.000000 0.000000 0.000000 0.000000 0.000000
16.156363 1.000000 0.059753 0.006771 0.008497 0.069844 0.001234 0.020181 0.002672 0.063708 0.001486 0.004266 0.075225 0.001282 0.021835 -0.005393 1.199579 0.777900 0.419187 1.742367 0.187351 0.425420 0.192443 1.151389 -0.011879 0.074705 1.767956 0.187314 0.464660 -0.350527 -0.507516 0.870525 0.434739 -0.001130 0.188340 -0.253799 0.195504 -0.547671 -0.067793 0.075847 0.027585 0.185610 -0.213442 -0.350017 3.035022 2.932270 -7.937412 2.594757 -0.151234 -8.102214 3.035022 2.932270 -0.089412 2.594757 -0.151234 -0.254214 0.000000 0.000000 -7.848000 0.000000 0.000000 -7.848000 0.000000 0.000000 0.000000 0.000000 0.000000 0.000000 0.000000 0.000000 0.000000 0.000000 0.000000 0.000000 0.000000 0.000000 0.000000 0.000000 0.000000 0.000000 0.000000 0.000000 0.000000 0.000000 0.000000 0.000000
16.185962 1.000000 0.059753 0.006783 0.008497 0.069844 0.001246 0.020157 0.002672 0.063672 0.001486 0.004278 0.075237 0.001234 0.021835 -0.005381 1.222132 0.774064 0.415439 1.747628 0.187241 0.427451 0.194440 1.141151 -0.009244 0.076125 1.758982 0.187331 0.464335 -0.349659 -0.484965 0.866708 0.431013 0.004128 0.188229 -0.251770 0.197509 -0.557969 -0.065132 0.077270 0.018604 0.185630 -0.213770 -0.349164 2.940353 2.914607 -7.944316 2.605501 -0.141903 -8.068719 2.940353 2.914607 -0.096316 2.605501 -0.141903 -0.220719 0.000000 0.000000 -7.848000 0.000000 0.000000 -7.848000 0.000000 0.000000 0.000000 0.000000 0.000000 0.000000 0.000000 0.000000 0.000000 0.000000 0.000000 0.000000 0.000000 0.000000 0.000000 0.000000 0.000000 0.000000 0.000000 0.000000 0.000000 0.000000 0.000000 0.000000
16.219999 1.000000 0.059741 0.006783 0.008521 0.069844 0.001234 0.020193 0.002672 0.063672 0.001486 0.004266 0.075249 0.001222 0.021823 -0.005393 1.201473 0.787697 0.421264 1.740541 0.187341 0.425558 0.193608 1.144385 -0.016785 0.067735 1.755355 0.187265 0.462641 -0.353302 -0.505640 0.880387 0.436840 -0.002959 0.188330 -0.253661 0.196673 -0.554733 -0.072699 0.068879 0.014979 0.185561 -0.215464 -0.352811 3.025305 2.957227 -7.928081 2.581620 -0.177314 -8.047634 3.025305 2.957227 -0.080081 2.581620 -0.177314 -0.199634 0.000000 0.000000 -7.848000 0.000000 0.000000 -7.848000 0.000000 0.000000 0.000000 0.000000 0.000000 0.000000 0.000000 0.000000 0.000000 0.000000 0.000000 0.000000 0.000000 0.000000 0.000000 0.000000 0.000000 0.000000 0.000000 0.000000 0.000000 0.000000 0.000000 0.000000
16.257442 1.000000 0.059753 0.006783 0.008497 0.069844 0.001246 0.020181 0.002660 0.063708 0.001486 0.004266 0.075249 0.001294 0.021847 -0.005381 1.191862 0.780356 0.412053 1.738922 0.187266 0.424993 0.192112 1.145462 -0.008569 0.073951 1.757949 0.187369 0.464116 -0.350915 -0.515233 0.872997 0.427627 -0.004575 0.188251 -0.254226 0.195180 -0.553589 -0.064479 0.075094 0.017588 0.185669 -0.213983 -0.350400 3.054888 2.920931 -7.926242 2.579597 -0.145501 -8.059948 3.054888 2.920931 -0.078242 2.579597 -0.145501 -0.211948 0.000000 0.000000 -7.848000 0.000000 0.000000 -7.848000 0.000000 0.000000 0.000000 0.000000 0.000000 0.000000 0.000000 0.000000 0.000000 0.000000 0.000000 0.000000 0.000000 0.000000 0.000000 0.000000 0.000000 0.000000 0.000000 0.000000 0.000000 0.000000 0.000000 0.000000
16.305144 1.000000 0.059741 0.006783 0.008509 0.069844 0.001246 0.020181 0.002660 0.063684 0.001486 0.004254 0.075237 0.001270 0.021847 -0.005369 1.201387 0.782205 0.411731 1.745370 0.187289 0.427990 0.192887 1.159262 -0.014574 0.065164 1.758123 0.187385 0.463969 -0.352264 -0.505728 0.874868 0.427306 0.001869 0.188273 -0.251230 0.195956 -0.539836 -0.070503 0.066306 0.017750 0.185689 -0.214133 -0.351757 3.040549 2.924766 -7.953251 2.519682 -0.177198 -8.049277 3.040549 2.924766 -0.105251 2.519682 -0.177198 -0.201277 0.000000 0.000000 -7.848000 0.000000 0.000000 -7.848000 0.000000 0.000000 0.000000 0.000000 0.000000 0.000000 0.000000 0.000000 0.000000 0.000000 0.000000 0.000000 0.000000 0.000000 0.000000 0.000000 0.000000 0.000000 0.000000 0.000000 0.000000 0.000000 0.000000 0.000000
16.346342 1.000000 0.059753 0.006771 0.008509 0.069844 0.001246 0.020181 0.002684 0.063696 0.001486 0.004254 0.075237 0.001282 0.021835 -0.005381 1.190806 0.784571 0.425900 1.739384 0.187336 0.425649 0.196674 1.167092 -0.012267 0.080529 1.761162 0.187372 0.468914 -0.350966 -0.516288 0.877222 0.441453 -0.004113 0.188329 -0.253570 0.199740 -0.531986 -0.068200 0.081671 0.020791 0.185672 -0.209189 -0.350456 3.077532 2.964056 -7.933578 2.487241 -0.136296 -8.061879 3.077532 2.964056 -0.085578 2.487241 -0.136296 -0.213879 0.000000 0.000000 -7.848000 0.000000 0.000000 -7.848000 0.000000 0.000000 0.000000 0.000000 0.000000 0.000000 0.000000 0.000000 0.000000 0.000000 0.000000 0.000000 0.000000 0.000000 0.000000 0.000000 0.000000 0.000000 0.000000 0.000000 0.000000 0.000000 0.000000 0.000000
16.381753 1.000000 0.059753 0.006771 0.008497 0.069844 0.001234 0.020193 0.002660 0.063672 0.001486 0.004266 0.075237 0.001258 0.021847 -0.005393 1.189875 0.785780 0.421931 1.738783 0.187305 0.423274 0.193341 1.139581 -0.013478 0.076523 1.749653 0.187332 0.467335 -0.351149 -0.517219 0.878401 0.437483 -0.004713 0.188289 -0.255944 0.196402 -0.559538 -0.069392 0.077667 0.009276 0.185628 -0.210768 -0.350647 3.072484 2.955585 -7.926297 2.580864 -0.149344 -8.032239 3.072484 2.955585 -0.078297 2.580864 -0.149344 -0.184239 0.000000 0.000000 -7.848000 0.000000 0.000000 -7.848000 0.000000 0.000000 0.000000 0.000000 0.000000 0.000000 0.000000 0.000000 0.000000 0.000000 0.000000 0.000000 0.000000 0.000000 0.000000 0.000000 0.000000 0.000000 0.000000 0.000000 0.000000 0.000000 0.000000 0.000000
16.417363 1.000000 0.059729 0.006759 0.008485 0.069844 0.001246 0.020181 0.002672 0.063708 0.001486 0.004254 0.075249 0.001258 0.021847 -0.005393 1.188849 0.770531 0.407229 1.740203 0.187292 0.424182 0.193456 1.156829 -0.017476 0.071785 1.755117 0.187324 0.468199 -0.348999 -0.518289 0.863113 0.422756 -0.003302 0.188280 -0.255040 0.196516 -0.542222 -0.073413 0.072926 0.014755 0.185620 -0.209899 -0.348497 3.065334 2.890460 -7.932311 2.522538 -0.166663 -8.044181 3.065334 2.890460 -0.084311 2.522538 -0.166663 -0.196181 0.000000 0.000000 -7.848000 0.000000 0.000000 -7.848000 0.000000 0.000000 0.000000 0.000000 0.000000 0.000000 0.000000 0.000000 0.000000 0.000000 0.000000 0.000000 0.000000 0.000000 0.000000 0.000000 0.000000 0.000000 0.000000 0.000000 0.000000 0.000000 0.000000 0.000000
16.449394 1.000000 0.059753 0.006783 0.008509 0.069868 0.001246 0.020193 0.002660 0.063708 0.001486 0.004254 0.075249 0.001282 0.021847 -0.005381 1.197311 0.789193 0.428207 1.744686 0.187334 0.426615 0.195465 1.157388 -0.009499 0.075012 1.755552 0.187354 0.470583 -0.348302 -0.509775 0.881857 0.443782 0.001198 0.188318 -0.252601 0.198533 -0.541662 -0.065432 0.076153 0.015190 0.185654 -0.207516 -0.347791 3.073293 2.978871 -7.954786 2.518531 -0.142722 -8.049160 3.073293 2.978871 -0.106786 2.518531 -0.142722 -0.201160 0.000000 0.000000 -7.848000 0.000000 0.000000 -7.848000 0.000000 0.000000 0.000000 0.000000 0.000000 0.000000 0.000000 0.000000 0.000000 0.000000 0.000000 0.000000 0.000000 0.000000 0.000000 0.000000 0.000000 0.000000 0.000000 0.000000 0.000000 0.000000 0.000000 0.000000
16.490519 1.000000 0.059753 0.006759 0.008509 0.069844 0.001258 0.020181 0.002672 0.063684 0.001510 0.004254 0.075249 0.001270 0.021859 -0.005393 1.186541 0.779809 0.415674 1.737985 0.187409 0.424025 0.188255 1.144614 -0.013709 0.069916 1.747998 0.187321 0.466073 -0.349314 -0.520554 0.872436 0.431205 -0.005512 0.188397 -0.255194 0.191321 -0.554479 -0.069605 0.071103 0.007630 0.185618 -0.212027 -0.348800 3.078455 2.927069 -7.925507 2.550415 -0.163372 -8.018651 3.078455 2.927069 -0.077507 2.550415 -0.163372 -0.170651 0.000000 0.000000 -7.848000 0.000000 0.000000 -7.848000 0.000000 0.000000 0.000000 0.000000 0.000000 0.000000 0.000000 0.000000 0.000000 0.000000 0.000000 0.000000 0.000000 0.000000 0.000000 0.000000 0.000000 0.000000 0.000000 0.000000 0.000000 0.000000 0.000000 0.000000
16.526050 1.000000 0.059741 0.006783 0.008497 0.069844 0.001234 0.020181 0.002660 0.063696 0.001486 0.004266 0.075249 0.001270 0.021847 -0.005381 1.201351 0.776813 0.411873 1.740222 0.187335 0.422951 0.186816 1.136941 -0.007879 0.076505 1.745538 0.187261 0.467318 -0.347355 -0.505764 0.869453 0.427446 -0.003279 0.188319 -0.256270 0.189881 -0.562131 -0.063790 0.077648 0.005173 0.185561 -0.210782 -0.346849 3.004870 2.909738 -7.919389 2.572571 -0.136093 -8.015085 3.004870 2.909738 -0.071389 2.572571 -0.136093 -0.167085 0.000000 0.000000 -7.848000 0.000000 0.000000 -7.848000 0.000000 0.000000 0.000000 0.000000 0.000000 0.000000 0.000000 0.000000 0.000000 0.000000 0.000000 0.000000 0.000000 0.000000 0.000000 0.000000 0.000000 0.000000 0.000000 0.000000 0.000000 0.000000 0.000000 0.000000
16.553710 1.000000 0.059753 0.006771 0.008521 0.069844 0.001246 0.020181 0.002672 0.063684 0.001486 0.004266 0.075249 0.001222 0.021859 -0.005393 1.189340 0.773391 0.398903 1.737189 0.187287 0.420606 0.187211 1.159566 -0.017566 0.064138 1.753866 0.187360 0.472142 -0.350405 -0.517753 0.866061 0.414457 -0.006309 0.188275 -0.258613 0.190276 -0.539526 -0.073480 0.065281 0.013498 0.185656 -0.205958 -0.349914 3.037220 2.873555 -7.909309 2.516837 -0.184816 -8.044919 3.037220 2.873555 -0.061309 2.516837 -0.184816 -0.196919 0.000000 0.000000 -7.848000 0.000000 0.000000 -7.848000 0.000000 0.000000 0.000000 0.000000 0.000000 0.000000 0.000000 0.000000 0.000000 0.000000 0.000000 0.000000 0.000000 0.000000 0.000000 0.000000 0.000000 0.000000 0.000000 0.000000 0.000000 0.000000 0.000000 0.000000
16.585621 1.000000 0.059753 0.006783 0.008497 0.069844 0.001258 0.020193 0.002660 0.063696 0.001498 0.004266 0.075249 0.001234 0.021847 -0.005393 1.187887 0.780764 0.403538 1.737214 0.187346 0.421604 0.188832 1.132405 -0.008626 0.073013 1.743800 0.187202 0.466677 -0.348200 -0.519206 0.873405 0.419112 -0.006282 0.188331 -0.257614 0.191904 -0.566668 -0.064521 0.074178 0.003435 0.185498 -0.211423 -0.347701 3.054863 2.900427 -7.913758 2.590700 -0.146177 -8.010904 3.054863 2.900427 -0.065758 2.590700 -0.146177 -0.162904 0.000000 0.000000 -7.848000 0.000000 0.000000 -7.848000 0.000000 0.000000 0.000000 0.000000 0.000000 0.000000 0.000000 0.000000 0.000000 0.000000 0.000000 0.000000 0.000000 0.000000 0.000000 0.000000 0.000000 0.000000 0.000000 0.000000 0.000000 0.000000 0.000000 0.000000
16.625210 1.000000 0.059753 0.006771 0.008497 0.069844 0.001234 0.020181 0.002672 0.063672 0.001510 0.004266 0.075237 0.001222 0.021847 -0.005393 1.194094 0.773381 0.384717 1.740675 0.187313 0.423443 0.191004 1.146584 -0.010546 0.068911 1.746365 0.187222 0.465855 -0.346664 -0.513001 0.866006 0.400269 -0.002823 0.188301 -0.255777 0.194065 -0.552536 -0.066420 0.070100 0.005988 0.185518 -0.212248 -0.346165 3.022682 2.842273 -7.924014 2.531328 -0.157606 -8.008479 3.022682 2.842273 -0.076014 2.531328 -0.157606 -0.160479 0.000000 0.000000 -7.848000 0.000000 0.000000 -7.848000 0.000000 0.000000 0.000000 0.000000 0.000000 0.000000 0.000000 0.000000 0.000000 0.000000 0.000000 0.000000 0.000000 0.000000 0.000000 0.000000 0.000000 0.000000 0.000000 0.000000 0.000000 0.000000 0.000000 0.000000
16.662874 1.000000 0.059753 0.006771 0.008509 0.069844 0.001246 0.020181 0.002684 0.063696 0.001486 0.004266 0.075237 0.001234 0.021847 -0.005393 1.207078 0.779046 0.393122 1.740473 0.187155 0.423948 0.187859 1.148112 0.002453 0.068032 1.748927 0.187461 0.469248 -0.347364 -0.500016 0.871697 0.408675 -0.003024 0.188147 -0.255271 0.190925 -0.550964 -0.053462 0.069175 0.008557 0.185756 -0.208853 -0.346869 2.965149 2.870355 -7.913783 2.533908 -0.133935 -8.025280 2.965149 2.870355 -0.065783 2.533908 -0.133935 -0.177280 0.000000 0.000000 -7.848000 0.000000 0.000000 -7.848000 0.000000 0.000000 0.000000 0.000000 0.000000 0.000000 0.000000 0.000000 0.000000 0.000000 0.000000 0.000000 0.000000 0.000000 0.000000 0.000000 0.000000 0.000000 0.000000 0.000000 0.000000 0.000000 0.000000 0.000000
16.692246 1.000000 0.059741 0.006759 0.008509 0.069844 0.001222 0.020181 0.002684 0.063696 0.001498 0.004254 0.075249 0.001234 0.021859 -0.005393 1.193902 0.775119 0.380373 1.737618 0.187227 0.421289 0.187629 1.151492 -0.005317 0.063930 1.749679 0.187335 0.468325 -0.348314 -0.513213 0.867749 0.395903 -0.005883 0.188218 -0.257931 0.190683 -0.547579 -0.061234 0.065094 0.009314 0.185630 -0.209773 -0.347816 3.003657 2.833407 -7.904947 2.526008 -0.159373 -8.025150 3.003657 2.833407 -0.056947 2.526008 -0.159373 -0.177150 0.000000 0.000000 -7.848000 0.000000 0.000000 -7.848000 0.000000 0.000000 0.000000 0.000000 0.000000 0.000000 0.000000 0.000000 0.000000 0.000000 0.000000 0.000000 0.000000 0.000000 0.000000 0.000000 0.000000 0.000000 0.000000 0.000000 0.000000 0.000000 0.000000 0.000000
16.725388 1.000000 0.059753 0.006771 0.008509 0.069844 0.001246 0.020181 0.002672 0.063696 0.001498 0.004254 0.075249 0.001258 0.021847 -0.005381 1.199380 0.783436 0.402094 1.740346 0.187239 0.423244 0.190246 1.149565 -0.005628 0.066422 1.749911 0.187281 0.470213 -0.345571 -0.507714 0.876083 0.417646 -0.003152 0.188227 -0.255975 0.193311 -0.549508 -0.061541 0.067586 0.009546 0.185581 -0.207887 -0.345065 3.012969 2.902292 -7.920814 2.538212 -0.153511 -8.031056 3.012969 2.902292 -0.072814 2.538212 -0.153511 -0.183056 0.000000 0.000000 -7.848000 0.000000 0.000000 -7.848000 0.000000 0.000000 0.000000 0.000000 0.000000 0.000000 0.000000 0.000000 0.000000 0.000000 0.000000 0.000000 0.000000 0.000000 0.000000 0.000000 0.000000 0.000000 0.000000 0.000000 0.000000 0.000000 0.000000 0.000000
16.759105 1.000000 0.059753 0.006759 0.008497 0.069844 0.001246 0.020193 0.002649 0.063660 0.001498 0.004254 0.075225 0.001258 0.021847 -0.005393 1.188864 0.794150 0.398124 1.738407 0.187302 0.423155 0.189093 1.139359 0.004493 0.064421 1.742936 0.187380 0.469080 -0.347138 -0.518230 0.886747 0.413653 -0.005089 0.188282 -0.256064 0.192153 -0.559785 -0.051423 0.065586 0.002551 0.185676 -0.209026 -0.346631 3.061824 2.915506 -7.920753 2.554825 -0.138066 -8.005799 3.061824 2.915506 -0.072753 2.554825 -0.138066 -0.157799 0.000000 0.000000 -7.848000 0.000000 0.000000 -7.848000 0.000000 0.000000 0.000000 0.000000 0.000000 0.000000 0.000000 0.000000 0.000000 0.000000 0.000000 0.000000 0.000000 0.000000 0.000000 0.000000 0.000000 0.000000 0.000000 0.000000 0.000000 0.000000 0.000000 0.000000
16.792733 1.000000 0.059753 0.006759 0.008497 0.069844 0.001234 0.020181 0.002672 0.063672 0.001510 0.004266 0.075237 0.001270 0.021835 -0.005381 1.210737 0.787128 0.397248 1.743315 0.187313 0.425432 0.192274 1.153334 0.004709 0.068018 1.748684 0.187353 0.469098 -0.348712 -0.496358 0.879733 0.412777 -0.000182 0.188301 -0.253788 0.195331 -0.545787 -0.051161 0.069207 0.008306 0.185653 -0.209007 -0.348197 2.970109 2.898461 -7.927698 2.504570 -0.129040 -8.018666 2.970109 2.898461 -0.079698 2.504570 -0.129040 -0.170666 0.000000 0.000000 -7.848000 0.000000 0.000000 -7.848000 0.000000 0.000000 0.000000 0.000000 0.000000 0.000000 0.000000 0.000000 0.000000 0.000000 0.000000 0.000000 0.000000 0.000000 0.000000 0.000000 0.000000 0.000000 0.000000 0.000000 0.000000 0.000000 0.000000 0.000000
16.831953 1.000000 0.059753 0.006759 0.008497 0.069844 0.001246 0.020181 0.002660 0.063672 0.001498 0.004254 0.075237 0.001246 0.021823 -0.005381 1.202849 0.796752 0.399357 1.741545 0.187211 0.427657 0.190241 1.139459 -0.003390 0.064063 1.741965 0.187326 0.468452 -0.351819 -0.504246 0.889353 0.414886 -0.001953 0.188195 -0.251562 0.193302 -0.559662 -0.059303 0.065228 0.001585 0.185625 -0.209654 -0.351316 3.014322 2.923317 -7.931442 2.554398 -0.156726 -8.000585 3.014322 2.923317 -0.083442 2.554398 -0.156726 -0.152585 0.000000 0.000000 -7.848000 0.000000 0.000000 -7.848000 0.000000 0.000000 0.000000 0.000000 0.000000 0.000000 0.000000 0.000000 0.000000 0.000000 0.000000 0.000000 0.000000 0.000000 0.000000 0.000000 0.000000 0.000000 0.000000 0.000000 0.000000 0.000000 0.000000 0.000000
16.872226 1.000000 0.059753 0.006771 0.008497 0.069844 0.001258 0.020193 0.002672 0.063696 0.001498 0.004266 0.075225 0.001270 0.021835 -0.005393 1.204208 0.789851 0.395130 1.744245 0.187322 0.426161 0.184542 1.150340 -0.003993 0.076805 1.747546 0.187409 0.468538 -0.349062 -0.502886 0.882476 0.410681 0.000749 0.188311 -0.253057 0.187611 -0.548742 -0.059887 0.077971 0.007171 0.185705 -0.209566 -0.348552 3.008104 2.897365 -7.938728 2.511861 -0.126907 -8.013586 3.008104 2.897365 -0.090728 2.511861 -0.126907 -0.165586 0.000000 0.000000 -7.848000 0.000000 0.000000 -7.848000 0.000000 0.000000 0.000000 0.000000 0.000000 0.000000 0.000000 0.000000 0.000000 0.000000 0.000000 0.000000 0.000000 0.000000 0.000000 0.000000 0.000000 0.000000 0.000000 0.000000 0.000000 0.000000 0.000000 0.000000
16.926147 1.000000 0.059753 0.006771 0.008497 0.069844 0.001246 0.020181 0.002660 0.063672 0.001510 0.004254 0.075237 0.001282 0.021823 -0.005405 1.187018 0.781178 0.392288 1.737771 0.187290 0.424070 0.186115 1.130524 -0.013414 0.067997 1.736893 0.187236 0.457925 -0.350443 -0.520077 0.873798 0.407839 -0.005726 0.188275 -0.255149 0.189179 -0.568598 -0.069314 0.069184 -0.003486 0.185529 -0.220181 -0.349925 3.057502 2.874389 -7.919591 2.561650 -0.167061 -7.964702 3.057502 2.874389 -0.071591 2.561650 -0.167061 -0.116702 0.000000 0.000000 -7.848000 0.000000 0.000000 -7.848000 0.000000 0.000000 0.000000 0.000000 0.000000 0.000000 0.000000 0.000000 0.000000 0.000000 0.000000 0.000000 0.000000 0.000000 0.000000 0.000000 0.000000 0.000000 0.000000 0.000000 0.000000 0.000000 0.000000 0.000000
16.969157 1.000000 0.059753 0.006759 0.008509 0.069844 0.001246 0.020181 0.002660 0.063672 0.001498 0.004266 0.075249 0.001270 0.021835 -0.005393 1.200027 0.792924 0.403205 1.742841 0.187282 0.426360 0.191971 1.140012 -0.008883 0.071949 1.744064 0.187245 0.465078 -0.349097 -0.507068 0.885547 0.418735 -0.000657 0.188267 -0.252860 0.195032 -0.559105 -0.064776 0.073116 0.003689 0.185541 -0.213026 -0.348586 3.033127 2.925790 -7.938317 2.550843 -0.148582 -8.001914 3.033127 2.925790 -0.090317 2.550843 -0.148582 -0.153914 0.000000 0.000000 -7.848000 0.000000 0.000000 -7.848000 0.000000 0.000000 0.000000 0.000000 0.000000 0.000000 0.000000 0.000000 0.000000 0.000000 0.000000 0.000000 0.000000 0.000000 0.000000 0.000000 0.000000 0.000000 0.000000 0.000000 0.000000 0.000000 0.000000 0.000000
17.016769 1.000000 0.059753 0.006759 0.008509 0.069844 0.001234 0.020169 0.002672 0.063696 0.001510 0.004266 0.075249 0.001246 0.021835 -0.005381 1.197112 0.786972 0.416181 1.742854 0.187311 0.426471 0.192151 1.151599 -0.007346 0.071839 1.750752 0.187347 0.466149 -0.348823 -0.509983 0.879599 0.431711 -0.000644 0.188299 -0.252750 0.195209 -0.547476 -0.063217 0.073027 0.010385 0.185647 -0.211952 -0.348316 3.054940 2.944353 -7.943580 2.520890 -0.145244 -8.024228 3.054940 2.944353 -0.095580 2.520890 -0.145244 -0.176228 0.000000 0.000000 -7.848000 0.000000 0.000000 -7.848000 0.000000 0.000000 0.000000 0.000000 0.000000 0.000000 0.000000 0.000000 0.000000 0.000000 0.000000 0.000000 0.000000 0.000000 0.000000 0.000000 0.000000 0.000000 0.000000 0.000000 0.000000 0.000000 0.000000 0.000000
17.068790 1.000000 0.059753 0.006747 0.008473 0.069844 0.001246 0.020193 0.002660 0.063672 0.001498 0.004266 0.075249 0.001270 0.021847 -0.005381 1.190521 0.775200 0.403933 1.743107 0.187327 0.424037 0.190513 1.142098 -0.002736 0.075375 1.761886 0.187264 0.462794 -0.347798 -0.516575 0.867736 0.419436 -0.000389 0.188311 -0.255182 0.193569 -0.557017 -0.058626 0.076541 0.021513 0.185564 -0.215308 -0.347287 3.068767 2.891435 -7.943544 2.606978 -0.129750 -8.078409 3.068767 2.891435 -0.095544 2.606978 -0.129750 -0.230409 0.000000 0.000000 -7.848000 0.000000 0.000000 -7.848000 0.000000 0.000000 0.000000 0.000000 0.000000 0.000000 0.000000 0.000000 0.000000 0.000000 0.000000 0.000000 0.000000 0.000000 0.000000 0.000000 0.000000 0.000000 0.000000 0.000000 0.000000 0.000000 0.000000 0.000000
17.101970 1.000000 0.059753 0.006771 0.008521 0.069844 0.001234 0.020181 0.002660 0.063672 0.001498 0.004254 0.075225 0.001246 0.021859 -0.005357 1.204575 0.784700 0.422121 1.742476 0.187282 0.421993 0.192722 1.147920 -0.013934 0.064761 1.759238 0.187271 0.462219 -0.351949 -0.502519 0.877366 0.437675 -0.001022 0.188267 -0.257226 0.195782 -0.551201 -0.069839 0.065926 0.018858 0.185579 -0.215885 -0.351445 3.009806 2.952217 -7.927600 2.580070 -0.177894 -8.062166 3.009806 2.952217 -0.079600 2.580070 -0.177894 -0.214166 0.000000 0.000000 -7.848000 0.000000 0.000000 -7.848000 0.000000 0.000000 0.000000 0.000000 0.000000 0.000000 0.000000 0.000000 0.000000 0.000000 0.000000 0.000000 0.000000 0.000000 0.000000 0.000000 0.000000 0.000000 0.000000 0.000000 0.000000 0.000000 0.000000 0.000000
17.156164 1.000000 0.059729 0.006759 0.008509 0.069844 0.001258 0.020169 0.002672 0.063696 0.001510 0.004266 0.075249 0.001258 0.021835 -0.005381 1.181571 0.780410 0.412699 1.733804 0.187298 0.420016 0.191923 1.147539 -0.006668 0.069866 1.774377 0.187325 0.458481 -0.350496 -0.525567 0.873037 0.428228 -0.009702 0.188286 -0.259207 0.194988 -0.551535 -0.062539 0.071054 0.034010 0.185625 -0.219620 -0.349985 3.077192 2.922157 -7.902443 2.632306 -0.152493 -8.125264 3.077192 2.922157 -0.054443 2.632306 -0.152493 -0.277264 0.000000 0.000000 -7.848000 0.000000 0.000000 -7.848000 0.000000 0.000000 0.000000 0.000000 0.000000 0.000000 0.000000 0.000000 0.000000 0.000000 0.000000 0.000000 0.000000 0.000000 0.000000 0.000000 0.000000 0.000000 0.000000 0.000000 0.000000 0.000000 0.000000 0.000000
17.204386 1.000000 0.059753 0.006759 0.008521 0.069844 0.001246 0.020181 0.002672 0.063696 0.001510 0.004254 0.075237 0.001258 0.021835 -0.005381 1.198899 0.782747 0.411424 1.743916 0.187325 0.428169 0.189555 1.153574 -0.017446 0.060689 1.767581 0.187355 0.458673 -0.348894 -0.508194 0.875397 0.426956 0.000418 0.188313 -0.251050 0.192616 -0.545503 -0.073339 0.061876 0.027210 0.185655 -0.219429 -0.348383 3.046931 2.923777 -7.949030 2.585329 -0.193584 -8.090176 3.046931 2.923777 -0.101030 2.585329 -0.193584 -0.242176 0.000000 0.000000 -7.848000 0.000000 0.000000 -7.848000 0.000000 0.000000 0.000000 0.000000 0.000000 0.000000 0.000000 0.000000 0.000000 0.000000 0.000000 0.000000 0.000000 0.000000 0.000000 0.000000 0.000000 0.000000 0.000000 0.000000 0.000000 0.000000 0.000000 0.000000
17.252283 1.000000 0.059753 0.006771 0.008509 0.069844 0.001246 0.020181 0.002672 0.063672 0.001498 0.004254 0.075249 0.001270 0.021835 -0.005393 1.185203 0.780274 0.406487 1.738693 0.187319 0.423127 0.189643 1.139407 -0.015871 0.062017 1.757868 0.187372 0.461697 -0.349045 -0.521891 0.872922 0.422040 -0.004805 0.188307 -0.256093 0.192708 -0.559709 -0.071788 0.063182 0.017493 0.185668 -0.216406 -0.348535 3.080155 2.907535 -7.926597 2.620153 -0.187807 -8.063588 3.080155 2.907535 -0.078597 2.620153 -0.187807 -0.215588 0.000000 0.000000 -7.848000 0.000000 0.000000 -7.848000 0.000000 0.000000 0.000000 0.000000 0.000000 0.000000 0.000000 0.000000 0.000000 0.000000 0.000000 0.000000 0.000000 0.000000 0.000000 0.000000 0.000000 0.000000 0.000000 0.000000 0.000000 0.000000 0.000000 0.000000
17.293978 1.000000 0.059753 0.006783 0.008509 0.069844 0.001246 0.020181 0.002660 0.063696 0.001510 0.004254 0.075237 0.001270 0.021847 -0.005381 1.193225 0.778815 0.404814 1.741153 0.187314 0.424573 0.190135 1.149089 -0.012112 0.065179 1.759691 0.187314 0.462928 -0.351135 -0.513869 0.871478 0.420389 -0.002344 0.188298 -0.254646 0.193203 -0.549987 -0.068005 0.066366 0.019322 0.185614 -0.215173 -0.350621 3.050045 2.900442 -7.933100 2.575549 -0.172796 -8.064399 3.050045 2.900442 -0.085100 2.575549 -0.172796 -0.216399 0.000000 0.000000 -7.848000 0.000000 0.000000 -7.848000 0.000000 0.000000 0.000000 0.000000 0.000000 0.000000 0.000000 0.000000 0.000000 0.000000 0.000000 0.000000 0.000000 0.000000 0.000000 0.000000 0.000000 0.000000 0.000000 0.000000 0.000000 0.000000 0.000000 0.000000
17.340267 1.000000 0.059753 0.006759 0.008497 0.069844 0.001246 0.020181 0.002672 0.063672 0.001510 0.004266 0.075237 0.001282 0.021847 -0.005393 1.198246 0.773037 0.384689 1.746825 0.187324 0.427410 0.189991 1.143259 -0.008717 0.068315 1.755844 0.187318 0.461783 -0.350121 -0.508849 0.865642 0.400218 0.003328 0.188312 -0.251810 0.193052 -0.555860 -0.064590 0.069504 0.015467 0.185614 -0.216320 -0.349603 3.035120 2.842254 -7.956387 2.582354 -0.158111 -8.048779 3.035120 2.842254 -0.108387 2.582354 -0.158111 -0.200779 0.000000 0.000000 -7.848000 0.000000 0.000000 -7.848000 0.000000 0.000000 0.000000 0.000000 0.000000 0.000000 0.000000 0.000000 0.000000 0.000000 0.000000 0.000000 0.000000 0.000000 0.000000 0.000000 0.000000 0.000000 0.000000 0.000000 0.000000 0.000000 0.000000 0.000000
17.393313 1.000000 0.059741 0.006759 0.008509 0.069844 0.001234 0.020181 0.002660 0.063672 0.001510 0.004266 0.075249 0.001270 0.021847 -0.005381 1.212965 0.778328 0.392396 1.744913 0.187233 0.427103 0.191372 1.143375 0.015245 0.074271 1.755007 0.187350 0.461836 -0.345028 -0.494151 0.870951 0.407925 0.001411 0.188217 -0.252117 0.194429 -0.555741 -0.040625 0.075460 0.014634 0.185650 -0.216266 -0.344513 2.959642 2.868983 -7.935071 2.558590 -0.093042 -8.042248 2.959642 2.868983 -0.087071 2.558590 -0.093042 -0.194248 0.000000 0.000000 -7.848000 0.000000 0.000000 -7.848000 0.000000 0.000000 0.000000 0.000000 0.000000 0.000000 0.000000 0.000000 0.000000 0.000000 0.000000 0.000000 0.000000 0.000000 0.000000 0.000000 0.000000 0.000000 0.000000 0.000000 0.000000 0.000000 0.000000 0.000000
17.433369 1.000000 0.059753 0.006759 0.008509 0.069844 0.001246 0.020181 0.002660 0.063672 0.001498 0.004266 0.075249 0.001270 0.021835 -0.005393 1.206380 0.778098 0.393176 1.743221 0.187260 0.426686 0.191433 1.133314 0.000697 0.064838 1.743866 0.187341 0.454940 -0.347700 -0.500715 0.870721 0.408706 -0.000276 0.188244 -0.252533 0.194493 -0.565803 -0.055197 0.066004 0.003492 0.185638 -0.223164 -0.347190 2.985847 2.870913 -7.932593 2.566075 -0.144890 -7.989156 2.985847 2.870913 -0.084593 2.566075 -0.144890 -0.141156 0.000000 0.000000 -7.848000 0.000000 0.000000 -7.848000 0.000000 0.000000 0.000000 0.000000 0.000000 0.000000 0.000000 0.000000 0.000000 0.000000 0.000000 0.000000 0.000000 0.000000 0.000000 0.000000 0.000000 0.000000 0.000000 0.000000 0.000000 0.000000 0.000000 0.000000
17.472660 1.000000 0.059753 0.006771 0.008509 0.069844 0.001246 0.020169 0.002696 0.063696 0.001510 0.004254 0.075237 0.001246 0.021847 -0.005369 1.193702 0.783596 0.410446 1.737870 0.187318 0.427187 0.192628 1.162808 -0.001591 0.075234 1.757137 0.187303 0.460837 -0.348455 -0.513393 0.876251 0.426000 -0.005629 0.188314 -0.252034 0.195694 -0.536268 -0.057480 0.076421 0.016767 0.185607 -0.217264 -0.347948 3.045644 2.923780 -7.923615 2.474732 -0.124812 -8.032202 3.045644 2.923780 -0.075615 2.474732 -0.124812 -0.184202 0.000000 0.000000 -7.848000 0.000000 0.000000 -7.848000 0.000000 0.000000 0.000000 0.000000 0.000000 0.000000 0.000000 0.000000 0.000000 0.000000 0.000000 0.000000 0.000000 0.000000 0.000000 0.000000 0.000000 0.000000 0.000000 0.000000 0.000000 0.000000 0.000000 0.000000
17.507203 1.000000 0.059753 0.006783 0.008533 0.069844 0.001246 0.020181 0.002660 0.063696 0.001510 0.004254 0.075249 0.001294 0.021835 -0.005381 1.188487 0.781858 0.396474 1.737192 0.187285 0.424615 0.191964 1.134934 -0.002428 0.086129 1.743579 0.187333 0.456064 -0.348287 -0.518605 0.874567 0.412052 -0.006305 0.188270 -0.254605 0.195033 -0.564140 -0.058320 0.087316 0.003213 0.185634 -0.222037 -0.347765 3.052943 2.887923 -7.917611 2.542810 -0.102051 -7.983858 3.052943 2.887923 -0.069611 2.542810 -0.102051 -0.135858 0.000000 0.000000 -7.848000 0.000000 0.000000 -7.848000 0.000000 0.000000 0.000000 0.000000 0.000000 0.000000 0.000000 0.000000 0.000000 0.000000 0.000000 0.000000 0.000000 0.000000 0.000000 0.000000 0.000000 0.000000 0.000000 0.000000 0.000000 0.000000 0.000000 0.000000
17.553106 1.000000 0.059753 0.006759 0.008497 0.069844 0.001234 0.020181 0.002660 0.063696 0.001522 0.004254 0.075249 0.001270 0.021835 -0.005381 1.192425 0.788022 0.403936 1.739078 0.187348 0.422650 0.193661 1.150407 -0.005258 0.093723 1.749984 0.187256 0.458849 -0.349098 -0.514670 0.880623 0.419465 -0.004419 0.188332 -0.256569 0.196718 -0.548667 -0.061131 0.094932 0.009617 0.185556 -0.219252 -0.348579 3.046918 2.917898 -7.920782 2.491227 -0.089890 -8.002806 3.046918 2.917898 -0.072782 2.491227 -0.089890 -0.154806 0.000000 0.000000 -7.848000 0.000000 0.000000 -7.848000 0.000000 0.000000 0.000000 0.000000 0.000000 0.000000 0.000000 0.000000 0.000000 0.000000 0.000000 0.000000 0.000000 0.000000 0.000000 0.000000 0.000000 0.000000 0.000000 0.000000 0.000000 0.000000 0.000000 0.000000
17.589111 1.000000 0.059753 0.006759 0.008509 0.069820 0.001246 0.020193 0.002660 0.063672 0.001522 0.004254 0.075237 0.001282 0.021847 -0.005381 1.191549 0.777295 0.406405 1.741118 0.187311 0.424267 0.191763 1.142291 -0.002654 0.104273 1.745927 0.187384 0.457792 -0.348099 -0.515552 0.869918 0.421935 -0.002386 0.188295 -0.254954 0.194823 -0.556828 -0.058526 0.105484 0.005550 0.185685 -0.220312 -0.347577 3.058593 2.901724 -7.934217 2.503542 -0.059942 -7.986947 3.058593 2.901724 -0.086217 2.503542 -0.059942 -0.138947 0.000000 0.000000 -7.848000 0.000000 0.000000 -7.848000 0.000000 0.000000 0.000000 0.000000 0.000000 0.000000 0.000000 0.000000 0.000000 0.000000 0.000000 0.000000 0.000000 0.000000 0.000000 0.000000 0.000000 0.000000 0.000000 0.000000 0.000000 0.000000 0.000000 0.000000
17.619944 1.000000 0.059729 0.006759 0.008497 0.069844 0.001258 0.020181 0.002660 0.063672 0.001510 0.004254 0.075237 0.001258 0.021823 -0.005393 1.174832 0.769499 0.398049 1.734305 0.187321 0.421736 0.190223 1.141556 0.003756 0.096942 1.745599 0.187380 0.457720 -0.343736 -0.532305 0.862100 0.413576 -0.009200 0.188305 -0.257485 0.193287 -0.557566 -0.052141 0.098130 0.005219 0.185676 -0.220386 -0.343226 3.099215 2.866152 -7.911090 2.507382 -0.062173 -7.987081 3.099215 2.866152 -0.063090 2.507382 -0.062173 -0.139081 0.000000 0.000000 -7.848000 0.000000 0.000000 -7.848000 0.000000 0.000000 0.000000 0.000000 0.000000 0.000000 0.000000 0.000000 0.000000 0.000000 0.000000 0.000000 0.000000 0.000000 0.000000 0.000000 0.000000 0.000000 0.000000 0.000000 0.000000 0.000000 0.000000 0.000000
17.660391 1.000000 0.059753 0.006771 0.008509 0.069844 0.001258 0.020181 0.002660 0.063672 0.001522 0.004254 0.075237 0.001270 0.021823 -0.005381 1.189212 0.777865 0.416613 1.741262 0.187409 0.425079 0.191975 1.151525 -0.001017 0.088272 1.761465 0.187354 0.462978 -0.345446 -0.517882 0.870509 0.432165 -0.002235 0.188393 -0.254140 0.195043 -0.547597 -0.056889 0.089483 0.021086 0.185654 -0.215128 -0.344928 3.081026 2.927334 -7.940578 2.544693 -0.094182 -8.064465 3.081026 2.927334 -0.092578 2.544693 -0.094182 -0.216465 0.000000 0.000000 -7.848000 0.000000 0.000000 -7.848000 0.000000 0.000000 0.000000 0.000000 0.000000 0.000000 0.000000 0.000000 0.000000 0.000000 0.000000 0.000000 0.000000 0.000000 0.000000 0.000000 0.000000 0.000000 0.000000 0.000000 0.000000 0.000000 0.000000 0.000000
17.690200 1.000000 0.059753 0.006771 0.008497 0.069844 0.001246 0.020169 0.002660 0.063708 0.001510 0.004266 0.075249 0.001246 0.021835 -0.005393 1.188148 0.785983 0.422841 1.736456 0.187280 0.423058 0.192247 1.147491 0.004454 0.082984 1.756569 0.187286 0.461465 -0.346566 -0.518948 0.878604 0.438392 -0.007042 0.188264 -0.256163 0.195311 -0.551562 -0.051421 0.084171 0.016206 0.185582 -0.216634 -0.346060 3.071458 2.957364 -7.916692 2.542494 -0.095370 -8.043554 3.071458 2.957364 -0.068692 2.542494 -0.095370 -0.195554 0.000000 0.000000 -7.848000 0.000000 0.000000 -7.848000 0.000000 0.000000 0.000000 0.000000 0.000000 0.000000 0.000000 0.000000 0.000000 0.000000 0.000000 0.000000 0.000000 0.000000 0.000000 0.000000 0.000000 0.000000 0.000000 0.000000 0.000000 0.000000 0.000000 0.000000
17.728767 1.000000 0.059753 0.006759 0.008521 0.069844 0.001246 0.020181 0.002660 0.063684 0.001522 0.004266 0.075237 0.001246 0.021847 -0.005357 1.192236 0.790382 0.411918 1.743662 0.187251 0.424280 0.190819 1.144338 0.006591 0.085781 1.766978 0.187313 0.461414 -0.345364 -0.514858 0.883028 0.427449 0.000164 0.188236 -0.254939 0.193880 -0.554760 -0.049251 0.086993 0.026605 0.185621 -0.216689 -0.344852 3.078190 2.941630 -7.946893 2.600588 -0.085758 -8.094703 3.078190 2.941630 -0.098893 2.600588 -0.085758 -0.246703 0.000000 0.000000 -7.848000 0.000000 0.000000 -7.848000 0.000000 0.000000 0.000000 0.000000 0.000000 0.000000 0.000000 0.000000 0.000000 0.000000 0.000000 0.000000 0.000000 0.000000 0.000000 0.000000 0.000000 0.000000 0.000000 0.000000 0.000000 0.000000 0.000000 0.000000
17.778989 1.000000 0.059753 0.006759 0.008497 0.069844 0.001246 0.020193 0.002672 0.063672 0.001522 0.004254 0.075237 0.001234 0.021835 -0.005369 1.193650 0.778187 0.401034 1.745757 0.187351 0.423050 0.189708 1.143018 -0.001669 0.076312 1.761560 0.187279 0.460766 -0.347424 -0.513444 0.870792 0.416563 0.002260 0.188339 -0.256168 0.192769 -0.556103 -0.057538 0.077523 0.021181 0.185583 -0.217338 -0.346917 3.061840 2.890785 -7.950616 2.595574 -0.124816 -8.071731 3.061840 2.890785 -0.102616 2.595574 -0.124816 -0.223731 0.000000 0.000000 -7.848000 0.000000 0.000000 -7.848000 0.000000 0.000000 0.000000 0.000000 0.000000 0.000000 0.000000 0.000000 0.000000 0.000000 0.000000 0.000000 0.000000 0.000000 0.000000 0.000000 0.000000 0.000000 0.000000 0.000000 0.000000 0.000000 0.000000 0.000000
17.823073 1.000000 0.059753 0.006759 0.008497 0.069844 0.001234 0.020181 0.002672 0.063696 0.001534 0.004254 0.075249 0.001270 0.021835 -0.005393 1.195610 0.786474 0.409650 1.744969 0.187200 0.423895 0.192398 1.143682 0.000809 0.078194 1.758599 0.187396 0.464736 -0.347052 -0.511485 0.879079 0.425179 0.001471 0.188188 -0.255324 0.195455 -0.555392 -0.055048 0.079425 0.018233 0.185693 -0.213365 -0.346530 3.061857 2.928582 -7.948691 2.583273 -0.114942 -8.064312 3.061857 2.928582 -0.100691 2.583273 -0.114942 -0.216312 0.000000 0.000000 -7.848000 0.000000 0.000000 -7.848000 0.000000 0.000000 0.000000 0.000000 0.000000 0.000000 0.000000 0.000000 0.000000 0.000000 0.000000 0.000000 0.000000 0.000000 0.000000 0.000000 0.000000 0.000000 0.000000 0.000000 0.000000 0.000000 0.000000 0.000000
17.867813 1.000000 0.059729 0.006735 0.008521 0.069844 0.001246 0.020205 0.002660 0.063672 0.001522 0.004254 0.075237 0.001282 0.021835 -0.005357 1.183194 0.782565 0.390744 1.740141 0.187216 0.420457 0.191748 1.135780 -0.004284 0.072617 1.750712 0.187317 0.461307 -0.348107 -0.523940 0.875171 0.406229 -0.003362 0.188200 -0.258762 0.194801 -0.563341 -0.060148 0.073828 0.010333 0.185625 -0.216798 -0.347584 3.081731 2.876515 -7.927348 2.591433 -0.138250 -8.029673 3.081731 2.876515 -0.079348 2.591433 -0.138250 -0.181673 0.000000 0.000000 -7.848000 0.000000 0.000000 -7.848000 0.000000 0.000000 0.000000 0.000000 0.000000 0.000000 0.000000 0.000000 0.000000 0.000000 0.000000 0.000000 0.000000 0.000000 0.000000 0.000000 0.000000 0.000000 0.000000 0.000000 0.000000 0.000000 0.000000 0.000000
17.900758 1.000000 0.059753 0.006759 0.008485 0.069844 0.001246 0.020181 0.002660 0.063672 0.001522 0.004266 0.075237 0.001270 0.021859 -0.005369 1.186203 0.778501 0.386935 1.740554 0.187339 0.421260 0.190454 1.143407 -0.007386 0.071573 1.763068 0.187264 0.462070 -0.350208 -0.520892 0.871080 0.402463 -0.002943 0.188323 -0.257959 0.193514 -0.555711 -0.063232 0.072785 0.022692 0.185568 -0.216032 -0.349689 3.063567 2.858484 -7.927085 2.610175 -0.148819 -8.082458 3.063567 2.858484 -0.079085 2.610175 -0.148819 -0.234458 0.000000 0.000000 -7.848000 0.000000 0.000000 -7.848000 0.000000 0.000000 0.000000 0.000000 0.000000 0.000000 0.000000 0.000000 0.000000 0.000000 0.000000 0.000000 0.000000 0.000000 0.000000 0.000000 0.000000 0.000000 0.000000 0.000000 0.000000 0.000000 0.000000 0.000000
17.934067 1.000000 0.059741 0.006747 0.008509 0.069844 0.001258 0.020169 0.002660 0.063672 0.001522 0.004266 0.075249 0.001282 0.021847 -0.005405 1.196830 0.766117 0.370521 1.742108 0.187337 0.424741 0.189458 1.145892 -0.008022 0.068892 1.764346 0.187286 0.466851 -0.350866 -0.510287 0.858721 0.386028 -0.001394 0.188321 -0.254481 0.192518 -0.553223 -0.063879 0.070103 0.023973 0.185579 -0.211251 -0.350345 3.001785 2.793569 -7.927700 2.614302 -0.156872 -8.095907 3.001785 2.793569 -0.079700 2.614302 -0.156872 -0.247907 0.000000 0.000000 -7.848000 0.000000 0.000000 -7.848000 0.000000 0.000000 0.000000 0.000000 0.000000 0.000000 0.000000 0.000000 0.000000 0.000000 0.000000 0.000000 0.000000 0.000000 0.000000 0.000000 0.000000 0.000000 0.000000 0.000000 0.000000 0.000000 0.000000 0.000000
17.962473 1.000000 0.059729 0.006747 0.008521 0.069844 0.001234 0.020181 0.002660 0.063696 0.001522 0.004254 0.075237 0.001270 0.021835 -0.005381 1.207305 0.775937 0.391119 1.742937 0.187279 0.427425 0.191550 1.164754 -0.008906 0.067280 1.766185 0.187437 0.466973 -0.348975 -0.499831 0.868563 0.406627 -0.000568 0.188263 -0.251796 0.194603 -0.534324 -0.064779 0.068489 0.025814 0.185737 -0.211130 -0.348456 2.978569 2.861563 -7.931364 2.526197 -0.159875 -8.086804 2.978569 2.861563 -0.083364 2.526197 -0.159875 -0.238804 0.000000 0.000000 -7.848000 0.000000 0.000000 -7.848000 0.000000 0.000000 0.000000 0.000000 0.000000 0.000000 0.000000 0.000000 0.000000 0.000000 0.000000 0.000000 0.000000 0.000000 0.000000 0.000000 0.000000 0.000000 0.000000 0.000000 0.000000 0.000000 0.000000 0.000000
17.998727 1.000000 0.059753 0.006759 0.008509 0.069844 0.001246 0.020181 0.002672 0.063684 0.001522 0.004254 0.075249 0.001234 0.021859 -0.005393 1.197580 0.777699 0.393051 1.740955 0.187320 0.426672 0.189552 1.152088 -0.012667 0.063793 1.761858 0.175915 0.463627 -0.350035 -0.509515 0.870327 0.408581 -0.002543 0.188309 -0.252547 0.192613 -0.547005 -0.068544 0.065003 0.021490 0.174211 -0.214472 -0.349529 3.020743 2.869848 -7.929943 2.572134 -0.176849 -8.073319 3.020743 2.869848 -0.081943 2.572134 -0.176849 -0.225319 0.000000 0.000000 -7.848000 0.000000 0.000000 -7.848000 0.000000 0.000000 0.000000 0.000000 0.000000 0.000000 0.000000 0.000000 0.000000 0.000000 0.000000 0.000000 0.000000 0.000000 0.000000 0.000000 0.000000 0.000000 0.000000 0.000000 0.000000 0.000000 0.000000 0.000000
18.038668 1.000000 0.059753 0.006747 0.008497 0.069844 0.001222 0.020193 0.002660 0.063684 0.001522 0.004266 0.075249 0.001258 0.021835 -0.005381 1.213309 0.780091 0.383491 1.749116 0.187212 0.430051 0.190331 1.140655 -0.008992 0.067726 1.751692 0.178151 0.459617 -0.348966 -0.493785 0.872672 0.398997 0.005620 0.188196 -0.249167 0.193380 -0.558440 -0.064843 0.068937 0.011322 0.176451 -0.218485 -0.348451 2.975627 2.852532 -7.958338 2.574128 -0.159181 -8.027708 2.975627 2.852532 -0.110338 2.574128 -0.159181 -0.179708 0.000000 0.000000 -7.848000 0.000000 0.000000 -7.848000 0.000000 0.000000 0.000000 0.000000 0.000000 0.000000 0.000000 0.000000 0.000000 0.000000 0.000000 0.000000 0.000000 0.000000 0.000000 0.000000 0.000000 0.000000 0.000000 0.000000 0.000000 0.000000 0.000000 0.000000
18.085253 1.000000 0.059741 0.006735 0.008509 0.069820 0.001234 0.020181 0.002649 0.063684 0.001522 0.004254 0.075237 0.001258 0.021847 -0.005381 1.180201 0.780813 0.372373 1.732887 0.187319 0.423494 0.190606 1.143120 0.013307 0.073194 1.753002 0.180392 0.457775 -0.347794 -0.526922 0.873393 0.387857 -0.010622 0.188299 -0.255729 0.193654 -0.555978 -0.042565 0.074403 0.012629 0.178692 -0.220327 -0.347279 3.055474 2.828632 -7.898299 2.546043 -0.100179 -8.025668 3.055474 2.828632 -0.050299 2.546043 -0.100179 -0.177668 0.000000 0.000000 -7.848000 0.000000 0.000000 -7.848000 0.000000 0.000000 0.000000 0.000000 0.000000 0.000000 0.000000 0.000000 0.000000 0.000000 0.000000 0.000000 0.000000 0.000000 0.000000 0.000000 0.000000 0.000000 0.000000 0.000000 0.000000 0.000000 0.000000 0.000000
18.124169 1.000000 0.059753 0.006747 0.008497 0.069844 0.001246 0.020181 0.002672 0.063696 0.001510 0.004254 0.075249 0.001234 0.021835 -0.005393 1.197077 0.781443 0.379298 1.741648 0.187347 0.421977 0.189262 1.148456 -0.002925 0.062083 1.753439 0.181842 0.458715 -0.350276 -0.510019 0.874029 0.394804 -0.001850 0.188335 -0.257242 0.192319 -0.550617 -0.058822 0.063269 0.013072 0.180138 -0.219386 -0.349774 3.009245 2.844929 -7.922197 2.540859 -0.159780 -8.027718 3.009245 2.844929 -0.074197 2.540859 -0.159780 -0.179718 0.000000 0.000000 -7.848000 0.000000 0.000000 -7.848000 0.000000 0.000000 0.000000 0.000000 0.000000 0.000000 0.000000 0.000000 0.000000 0.000000 0.000000 0.000000 0.000000 0.000000 0.000000 0.000000 0.000000 0.000000 0.000000 0.000000 0.000000 0.000000 0.000000 0.000000
18.160231 1.000000 0.059753 0.006735 0.008509 0.069844 0.001258 0.020145 0.002660 0.063672 0.001522 0.004242 0.075249 0.001270 0.021847 -0.005369 1.196069 0.775499 0.367191 1.741428 0.187325 0.420216 0.186482 1.140267 -0.005163 0.063022 1.747938 0.182796 0.455005 -0.349695 -0.511029 0.868083 0.382676 -0.002073 0.188308 -0.259007 0.189539 -0.558848 -0.061054 0.064231 0.007565 0.181101 -0.223098 -0.349176 2.996886 2.803248 -7.916127 2.553138 -0.161725 -8.002488 2.996886 2.803248 -0.068127 2.553138 -0.161725 -0.154488 0.000000 0.000000 -7.848000 0.000000 0.000000 -7.848000 0.000000 0.000000 0.000000 0.000000 0.000000 0.000000 0.000000 0.000000 0.000000 0.000000 0.000000 0.000000 0.000000 0.000000 0.000000 0.000000 0.000000 0.000000 0.000000 0.000000 0.000000 0.000000 0.000000 0.000000
18.204730 1.000000 0.059753 0.006735 0.008497 0.069844 0.001246 0.020169 0.002684 0.063672 0.001522 0.004266 0.075249 0.001222 0.021847 -0.005381 1.194512 0.789894 0.401745 1.741824 0.187199 0.422288 0.188173 1.142106 -0.007423 0.063544 1.761342 0.183740 0.460074 -0.349822 -0.512584 0.882463 0.417229 -0.001675 0.188191 -0.256933 0.191226 -0.557010 -0.063273 0.064755 0.020969 0.182040 -0.218029 -0.349319 3.046134 2.914546 -7.930427 2.612236 -0.167168 -8.073538 3.046134 2.914546 -0.082427 2.612236 -0.167168 -0.225538 0.000000 0.000000 -7.848000 0.000000 0.000000 -7.848000 0.000000 0.000000 0.000000 0.000000 0.000000 0.000000 0.000000 0.000000 0.000000 0.000000 0.000000 0.000000 0.000000 0.000000 0.000000 0.000000 0.000000 0.000000 0.000000 0.000000 0.000000 0.000000 0.000000 0.000000
18.248832 1.000000 0.059729 0.006747 0.008497 0.069844 0.001246 0.020193 0.002660 0.063684 0.001522 0.004254 0.075249 0.001234 0.021835 -0.005369 1.193056 0.779578 0.391736 1.742705 0.187378 0.423961 0.183825 1.141972 -0.014194 0.059248 1.753946 0.184422 0.455139 -0.353252 -0.514080 0.872159 0.407240 -0.000799 0.188362 -0.255260 0.186882 -0.557124 -0.070064 0.060458 0.013575 0.182726 -0.222963 -0.352745 3.046236 2.868932 -7.936654 2.579508 -0.191007 -8.030795 3.046236 2.868932 -0.088654 2.579508 -0.191007 -0.182795 0.000000 0.000000 -7.848000 0.000000 0.000000 -7.848000 0.000000 0.000000 0.000000 0.000000 0.000000 0.000000 0.000000 0.000000 0.000000 0.000000 0.000000 0.000000 0.000000 0.000000 0.000000 0.000000 0.000000 0.000000 0.000000 0.000000 0.000000 0.000000 0.000000 0.000000
18.283680 1.000000 0.059753 0.006735 0.008509 0.069844 0.001234 0.020169 0.002660 0.063684 0.001546 0.004266 0.075237 0.001294 0.021835 -0.005381 1.183550 0.773717 0.390225 1.738005 0.187266 0.420160 0.182941 1.142824 -0.000338 0.070604 1.757870 0.185079 0.463815 -0.350608 -0.523546 0.866301 0.405711 -0.005494 0.188250 -0.259061 0.185990 -0.556277 -0.056148 0.071861 0.017495 0.183380 -0.214288 -0.350074 3.062750 2.852929 -7.915825 2.590337 -0.136080 -8.061770 3.062750 2.852929 -0.067825 2.590337 -0.136080 -0.213770 0.000000 0.000000 -7.848000 0.000000 0.000000 -7.848000 0.000000 0.000000 0.000000 0.000000 0.000000 0.000000 0.000000 0.000000 0.000000 0.000000 0.000000 0.000000 0.000000 0.000000 0.000000 0.000000 0.000000 0.000000 0.000000 0.000000 0.000000 0.000000 0.000000 0.000000
18.327741 1.000000 0.059753 0.006723 0.008509 0.069844 0.001246 0.020169 0.002649 0.063684 0.001522 0.004266 0.075237 0.001258 0.021847 -0.005381 1.186741 0.786761 0.415928 1.738639 0.187328 0.419081 0.189767 1.156237 -0.008240 0.064100 1.758448 0.185559 0.464013 -0.348778 -0.520356 0.879321 0.431390 -0.004860 0.188308 -0.260140 0.192815 -0.542862 -0.064091 0.065311 0.018074 0.183859 -0.214089 -0.348263 3.075785 2.941834 -7.919365 2.533427 -0.165369 -8.053606 3.075785 2.941834 -0.071365 2.533427 -0.165369 -0.205606 0.000000 0.000000 -7.848000 0.000000 0.000000 -7.848000 0.000000 0.000000 0.000000 0.000000 0.000000 0.000000 0.000000 0.000000 0.000000 0.000000 0.000000 0.000000 0.000000 0.000000 0.000000 0.000000 0.000000 0.000000 0.000000 0.000000 0.000000 0.000000 0.000000 0.000000
18.363980 1.000000 0.059729 0.006735 0.008497 0.069844 0.001234 0.020193 0.002660 0.063684 0.001522 0.004266 0.075237 0.001234 0.021847 -0.005369 1.174192 0.769595 0.398953 1.737876 0.187285 0.420343 0.184910 1.147004 0.004875 0.079281 1.764413 0.185810 0.461943 -0.347907 -0.532945 0.862156 0.414436 -0.005628 0.188269 -0.258878 0.187959 -0.552095 -0.050971 0.080492 0.024040 0.184114 -0.216160 -0.347399 3.115627 2.866915 -7.925763 2.583261 -0.104748 -8.082677 3.115627 2.866915 -0.077763 2.583261 -0.104748 -0.234677 0.000000 0.000000 -7.848000 0.000000 0.000000 -7.848000 0.000000 0.000000 0.000000 0.000000 0.000000 0.000000 0.000000 0.000000 0.000000 0.000000 0.000000 0.000000 0.000000 0.000000 0.000000 0.000000 0.000000 0.000000 0.000000 0.000000 0.000000 0.000000 0.000000 0.000000
18.403765 1.000000 0.059741 0.006747 0.008521 0.069844 0.001246 0.020181 0.002672 0.063708 0.001510 0.004254 0.075249 0.001270 0.021835 -0.005369 1.191274 0.783200 0.409787 1.742499 0.187303 0.422947 0.188961 1.162940 -0.010296 0.066881 1.765686 0.186024 0.466786 -0.350141 -0.515841 0.875830 0.425295 -0.001002 0.188291 -0.256274 0.192019 -0.536113 -0.066185 0.068068 0.025323 0.184328 -0.211314 -0.349626 3.069502 2.920800 -7.939168 2.534321 -0.164348 -8.086138 3.069502 2.920800 -0.091168 2.534321 -0.164348 -0.238138 0.000000 0.000000 -7.848000 0.000000 0.000000 -7.848000 0.000000 0.000000 0.000000 0.000000 0.000000 0.000000 0.000000 0.000000 0.000000 0.000000 0.000000 0.000000 0.000000 0.000000 0.000000 0.000000 0.000000 0.000000 0.000000 0.000000 0.000000 0.000000 0.000000 0.000000
18.445264 1.000000 0.059753 0.006747 0.008521 0.069844 0.001222 0.020181 0.002660 0.063696 0.001522 0.004266 0.075237 0.001258 0.021847 -0.005369 1.192905 0.780095 0.392232 1.744550 0.187174 0.422125 0.189035 1.147359 0.007783 0.069298 1.770248 0.186440 0.467569 -0.352226 -0.514189 0.872721 0.407741 0.001052 0.188158 -0.257095 0.192084 -0.551718 -0.048063 0.070509 0.029878 0.184744 -0.210532 -0.351711 3.052998 2.873679 -7.942285 2.624220 -0.124847 -8.122932 3.052998 2.873679 -0.094285 2.624220 -0.124847 -0.274932 0.000000 0.000000 -7.848000 0.000000 0.000000 -7.848000 0.000000 0.000000 0.000000 0.000000 0.000000 0.000000 0.000000 0.000000 0.000000 0.000000 0.000000 0.000000 0.000000 0.000000 0.000000 0.000000 0.000000 0.000000 0.000000 0.000000 0.000000 0.000000 0.000000 0.000000
18.483843 1.000000 0.059753 0.006747 0.008497 0.069844 0.001246 0.020169 0.002649 0.063672 0.001522 0.004254 0.075225 0.001282 0.021835 -0.005381 1.187665 0.775129 0.377289 1.740277 0.187339 0.426432 0.188680 1.147622 0.003598 0.067974 1.764034 0.186590 0.465178 -0.351889 -0.519431 0.867706 0.392795 -0.003222 0.188319 -0.252789 0.191736 -0.551502 -0.052275 0.069184 0.023651 0.184890 -0.212928 -0.351366 3.054642 2.828595 -7.932284 2.595038 -0.135303 -8.089161 3.054642 2.828595 -0.084284 2.595038 -0.135303 -0.241161 0.000000 0.000000 -7.848000 0.000000 0.000000 -7.848000 0.000000 0.000000 0.000000 0.000000 0.000000 0.000000 0.000000 0.000000 0.000000 0.000000 0.000000 0.000000 0.000000 0.000000 0.000000 0.000000 0.000000 0.000000 0.000000 0.000000 0.000000 0.000000 0.000000 0.000000
18.522695 1.000000 0.059753 0.006747 0.008509 0.069844 0.001234 0.020181 0.002660 0.063696 0.001522 0.004254 0.075249 0.001246 0.021847 -0.005381 1.188737 0.775865 0.370289 1.740161 0.187342 0.426373 0.187260 1.149218 0.001665 0.068811 1.764634 0.186718 0.466136 -0.351070 -0.518358 0.868469 0.385797 -0.003336 0.188326 -0.252846 0.190313 -0.549855 -0.054208 0.070020 0.024268 0.185018 -0.211964 -0.350559 3.043355 2.813110 -7.929314 2.591278 -0.136986 -8.092311 3.043355 2.813110 -0.081314 2.591278 -0.136986 -0.244311 0.000000 0.000000 -7.848000 0.000000 0.000000 -7.848000 0.000000 0.000000 0.000000 0.000000 0.000000 0.000000 0.000000 0.000000 0.000000 0.000000 0.000000 0.000000 0.000000 0.000000 0.000000 0.000000 0.000000 0.000000 0.000000 0.000000 0.000000 0.000000 0.000000 0.000000
18.572598 1.000000 0.059753 0.006759 0.008521 0.069844 0.001246 0.020193 0.002660 0.063672 0.001522 0.004266 0.075249 0.001258 0.021811 -0.005369 1.190548 0.783608 0.383079 1.744329 0.187337 0.428324 0.189780 1.133336 0.000674 0.071096 1.768134 0.186900 0.457545 -0.349807 -0.516544 0.876254 0.398610 0.000833 0.188321 -0.250894 0.192841 -0.565784 -0.055172 0.072308 0.027757 0.185204 -0.220561 -0.349292 3.070769 2.860930 -7.953516 2.671708 -0.134825 -8.107089 3.070769 2.860930 -0.105516 2.671708 -0.134825 -0.259089 0.000000 0.000000 -7.848000 0.000000 0.000000 -7.848000 0.000000 0.000000 0.000000 0.000000 0.000000 0.000000 0.000000 0.000000 0.000000 0.000000 0.000000 0.000000 0.000000 0.000000 0.000000 0.000000 0.000000 0.000000 0.000000 0.000000 0.000000 0.000000 0.000000 0.000000
18.607401 1.000000 0.059753 0.006735 0.008509 0.069832 0.001246 0.020169 0.002660 0.063672 0.001522 0.004254 0.075237 0.001270 0.021835 -0.005369 1.186452 0.778210 0.383518 1.739420 0.187254 0.428216 0.189997 1.149560 -0.002520 0.069481 1.770030 0.186940 0.460477 -0.349825 -0.520648 0.870794 0.399003 -0.004083 0.188238 -0.251006 0.193050 -0.549560 -0.058389 0.070692 0.029652 0.185244 -0.217627 -0.349306 3.067365 2.850146 -7.934091 2.604534 -0.143839 -8.106418 3.067365 2.850146 -0.086091 2.604534 -0.143839 -0.258418 0.000000 0.000000 -7.848000 0.000000 0.000000 -7.848000 0.000000 0.000000 0.000000 0.000000 0.000000 0.000000 0.000000 0.000000 0.000000 0.000000 0.000000 0.000000 0.000000 0.000000 0.000000 0.000000 0.000000 0.000000 0.000000 0.000000 0.000000 0.000000 0.000000 0.000000
18.674617 1.000000 0.059753 0.006723 0.008509 0.069844 0.001234 0.020181 0.002660 0.063696 0.001546 0.004266 0.075249 0.001246 0.021835 -0.005369 1.181698 0.773773 0.386739 1.740102 0.187207 0.423809 0.190536 1.152867 -0.007648 0.064617 1.763173 0.187119 0.460396 -0.354795 -0.525397 0.866337 0.402201 -0.003396 0.188190 -0.255411 0.193581 -0.546208 -0.063455 0.065873 0.022807 0.185423 -0.217705 -0.354276 3.086700 2.849066 -7.933912 2.564827 -0.165978 -8.072378 3.086700 2.849066 -0.085912 2.564827 -0.165978 -0.224378 0.000000 0.000000 -7.848000 0.000000 0.000000 -7.848000 0.000000 0.000000 0.000000 0.000000 0.000000 0.000000 0.000000 0.000000 0.000000 0.000000 0.000000 0.000000 0.000000 0.000000 0.000000 0.000000 0.000000 0.000000 0.000000 0.000000 0.000000 0.000000 0.000000 0.000000
18.748719 1.000000 0.059729 0.006735 0.008509 0.069844 0.001246 0.020181 0.002660 0.063684 0.001522 0.004266 0.075237 0.001246 0.021835 -0.005369 1.188399 0.782806 0.395063 1.740971 0.187300 0.425105 0.191729 1.137903 -0.005393 0.068839 1.751904 0.187136 0.458174 -0.351911 -0.518738 0.875390 0.410547 -0.002534 0.188284 -0.254117 0.194781 -0.561197 -0.061239 0.070050 0.011529 0.185440 -0.219930 -0.351399 3.070507 2.886910 -7.936045 2.584064 -0.150474 -8.028300 3.070507 2.886910 -0.088045 2.584064 -0.150474 -0.180300 0.000000 0.000000 -7.848000 0.000000 0.000000 -7.848000 0.000000 0.000000 0.000000 0.000000 0.000000 0.000000 0.000000 0.000000 0.000000 0.000000 0.000000 0.000000 0.000000 0.000000 0.000000 0.000000 0.000000 0.000000 0.000000 0.000000 0.000000 0.000000 0.000000 0.000000
18.822349 1.000000 0.059753 0.006735 0.008509 0.069844 0.001246 0.020169 0.002649 0.063696 0.001546 0.004254 0.075225 0.001258 0.021835 -0.005381 1.215532 0.778930 0.370204 1.742181 0.187420 0.425672 0.186324 1.135339 -0.006751 0.067520 1.746725 0.187266 0.457368 -0.346493 -0.491564 0.871510 0.385689 -0.001318 0.188400 -0.253549 0.189376 -0.563743 -0.062585 0.068775 0.006350 0.185566 -0.220736 -0.345971 2.914149 2.815077 -7.912912 2.574221 -0.153503 -8.004940 2.914149 2.815077 -0.064912 2.574221 -0.153503 -0.156940 0.000000 0.000000 -7.848000 0.000000 0.000000 -7.848000 0.000000 0.000000 0.000000 0.000000 0.000000 0.000000 0.000000 0.000000 0.000000 0.000000 0.000000 0.000000 0.000000 0.000000 0.000000 0.000000 0.000000 0.000000 0.000000 0.000000 0.000000 0.000000 0.000000 0.000000
18.870311 1.000000 0.059729 0.006735 0.008521 0.069844 0.001246 0.020169 0.002660 0.063684 0.001546 0.004254 0.075249 0.001270 0.021847 -0.005369 1.219963 0.777238 0.375713 1.740562 0.187407 0.422638 0.184631 1.147749 -0.011757 0.063712 1.753802 0.187310 0.460777 -0.347920 -0.487175 0.869844 0.391197 -0.002944 0.188391 -0.256585 0.187684 -0.551346 -0.067586 0.064967 0.013433 0.185615 -0.217324 -0.347393 2.881806 2.822442 -7.896443 2.553415 -0.173012 -8.034017 2.881806 2.822442 -0.048443 2.553415 -0.173012 -0.186017 0.000000 0.000000 -7.848000 0.000000 0.000000 -7.848000 0.000000 0.000000 0.000000 0.000000 0.000000 0.000000 0.000000 0.000000 0.000000 0.000000 0.000000 0.000000 0.000000 0.000000 0.000000 0.000000 0.000000 0.000000 0.000000 0.000000 0.000000 0.000000 0.000000 0.000000
18.917390 1.000000 0.059753 0.006735 0.008509 0.069844 0.001246 0.020169 0.002672 0.063684 0.001522 0.004266 0.075249 0.001282 0.021835 -0.005369 1.206561 0.769912 0.362454 1.740561 0.187317 0.420733 0.186035 1.158598 -0.017307 0.061492 1.749622 0.187177 0.459585 -0.348519 -0.500535 0.862499 0.377939 -0.002938 0.188304 -0.258488 0.189088 -0.540498 -0.073153 0.062704 0.009251 0.185481 -0.218517 -0.347996 2.932809 2.778834 -7.902471 2.481965 -0.187974 -8.002265 2.932809 2.778834 -0.054471 2.481965 -0.187974 -0.154265 0.000000 0.000000 -7.848000 0.000000 0.000000 -7.848000 0.000000 0.000000 0.000000 0.000000 0.000000 0.000000 0.000000 0.000000 0.000000 0.000000 0.000000 0.000000 0.000000 0.000000 0.000000 0.000000 0.000000 0.000000 0.000000 0.000000 0.000000 0.000000 0.000000 0.000000
18.974797 1.000000 0.059753 0.006759 0.008521 0.069820 0.001258 0.020193 0.002660 0.063672 0.001522 0.004254 0.075237 0.001258 0.021835 -0.005369 1.192427 0.775590 0.356441 1.735065 0.187390 0.416848 0.187985 1.161237 -0.021368 0.057683 1.747895 0.187269 0.458873 -0.349799 -0.514673 0.868236 0.371973 -0.008439 0.188375 -0.262372 0.191050 -0.537884 -0.077237 0.058893 0.007517 0.185573 -0.219232 -0.349284 2.973629 2.777939 -7.881358 2.465228 -0.205086 -7.991212 2.973629 2.777939 -0.033358 2.465228 -0.205086 -0.143212 0.000000 0.000000 -7.848000 0.000000 0.000000 -7.848000 0.000000 0.000000 0.000000 0.000000 0.000000 0.000000 0.000000 0.000000 0.000000 0.000000 0.000000 0.000000 0.000000 0.000000 0.000000 0.000000 0.000000 0.000000 0.000000 0.000000 0.000000 0.000000 0.000000 0.000000
19.033421 1.000000 0.059753 0.006747 0.008497 0.069832 0.001234 0.020181 0.002660 0.063684 0.001546 0.004266 0.075237 0.001282 0.021823 -0.005369 1.198481 0.779786 0.353216 1.742456 0.187283 0.422009 0.186090 1.144083 -0.004682 0.069565 1.741545 0.187345 0.456466 -0.351590 -0.508618 0.872367 0.368722 -0.001045 0.188267 -0.257212 0.189143 -0.555019 -0.060489 0.070821 0.001169 0.185650 -0.221638 -0.351059 2.983946 2.779420 -7.919533 2.502654 -0.144687 -7.970005 2.983946 2.779420 -0.071533 2.502654 -0.144687 -0.122005 0.000000 0.000000 -7.848000 0.000000 0.000000 -7.848000 0.000000 0.000000 0.000000 0.000000 0.000000 0.000000 0.000000 0.000000 0.000000 0.000000 0.000000 0.000000 0.000000 0.000000 0.000000 0.000000 0.000000 0.000000 0.000000 0.000000 0.000000 0.000000 0.000000 0.000000
19.069296 1.000000 0.059753 0.006723 0.008485 0.069844 0.001246 0.020181 0.002672 0.063708 0.001546 0.004254 0.075225 0.001294 0.021835 -0.005369 1.214774 0.777609 0.373065 1.743617 0.187242 0.421167 0.187593 1.150094 -0.013295 0.063596 1.745003 0.187214 0.458306 -0.352166 -0.492322 0.870132 0.388526 0.000119 0.188230 -0.258052 0.190642 -0.548967 -0.069124 0.064850 0.004632 0.185519 -0.219796 -0.351632 2.917607 2.819301 -7.912364 2.499800 -0.176427 -7.985773 2.917607 2.819301 -0.064364 2.499800 -0.176427 -0.137773 0.000000 0.000000 -7.848000 0.000000 0.000000 -7.848000 0.000000 0.000000 0.000000 0.000000 0.000000 0.000000 0.000000 0.000000 0.000000 0.000000 0.000000 0.000000 0.000000 0.000000 0.000000 0.000000 0.000000 0.000000 0.000000 0.000000 0.000000 0.000000 0.000000 0.000000
19.100036 1.000000 0.059753 0.006735 0.008497 0.069820 0.001246 0.020181 0.002672 0.063684 0.001558 0.004242 0.075249 0.001282 0.021847 -0.005381 1.192520 0.782941 0.370160 1.739707 0.187336 0.420835 0.188729 1.161402 -0.017325 0.058195 1.751244 0.187440 0.463833 -0.353184 -0.514583 0.875506 0.385644 -0.003799 0.188324 -0.258387 0.191783 -0.537693 -0.073160 0.059471 0.010875 0.185741 -0.214268 -0.352651 3.015940 2.826511 -7.913344 2.485688 -0.197590 -8.016291 3.015940 2.826511 -0.065344 2.485688 -0.197590 -0.168291 0.000000 0.000000 -7.848000 0.000000 0.000000 -7.848000 0.000000 0.000000 0.000000 0.000000 0.000000 0.000000 0.000000 0.000000 0.000000 0.000000 0.000000 0.000000 0.000000 0.000000 0.000000 0.000000 0.000000 0.000000 0.000000 0.000000 0.000000 0.000000 0.000000 0.000000
19.130139 1.000000 0.059753 0.006723 0.008509 0.069844 0.001246 0.020169 0.002660 0.063684 0.001546 0.004266 0.075249 0.001282 0.021811 -0.005357 1.194513 0.779441 0.364221 1.739878 0.187257 0.417331 0.191401 1.145224 -0.006722 0.069712 1.755620 0.187326 0.461267 -0.348200 -0.512583 0.872006 0.379684 -0.003621 0.188241 -0.261889 0.194450 -0.553875 -0.062524 0.070969 0.015247 0.185634 -0.216837 -0.347669 2.993638 2.805879 -7.904673 2.567484 -0.149420 -8.044341 2.993638 2.805879 -0.056673 2.567484 -0.149420 -0.196341 0.000000 0.000000 -7.848000 0.000000 0.000000 -7.848000 0.000000 0.000000 0.000000 0.000000 0.000000 0.000000 0.000000 0.000000 0.000000 0.000000 0.000000 0.000000 0.000000 0.000000 0.000000 0.000000 0.000000 0.000000 0.000000 0.000000 0.000000 0.000000 0.000000 0.000000
19.158082 1.000000 0.059753 0.006723 0.008509 0.069844 0.001258 0.020181 0.002660 0.063684 0.001546 0.004242 0.075237 0.001282 0.021847 -0.005369 1.198825 0.785013 0.374572 1.743112 0.187268 0.418541 0.192412 1.165638 -0.015096 0.061075 1.763019 0.187336 0.464736 -0.350186 -0.508270 0.877577 0.390034 -0.000386 0.188252 -0.260678 0.195465 -0.533461 -0.070947 0.062328 0.022646 0.185640 -0.213366 -0.349655 2.999265 2.842101 -7.920280 2.512660 -0.186550 -8.068465 2.999265 2.842101 -0.072280 2.512660 -0.186550 -0.220465 0.000000 0.000000 -7.848000 0.000000 0.000000 -7.848000 0.000000 0.000000 0.000000 0.000000 0.000000 0.000000 0.000000 0.000000 0.000000 0.000000 0.000000 0.000000 0.000000 0.000000 0.000000 0.000000 0.000000 0.000000 0.000000 0.000000 0.000000 0.000000 0.000000 0.000000
19.183472 1.000000 0.059753 0.006723 0.008485 0.069856 0.001246 0.020169 0.002649 0.063684 0.001522 0.004254 0.075237 0.001270 0.021835 -0.005369 1.194019 0.774938 0.370086 1.743072 0.187235 0.418027 0.190667 1.146607 0.000614 0.067973 1.753874 0.187346 0.461053 -0.348832 -0.513075 0.867453 0.385546 -0.000424 0.188215 -0.261193 0.193715 -0.552492 -0.055255 0.069183 0.013499 0.185651 -0.217050 -0.348313 3.013123 2.810746 -7.922357 2.549610 -0.138513 -8.034455 3.013123 2.810746 -0.074357 2.549610 -0.138513 -0.186455 0.000000 0.000000 -7.848000 0.000000 0.000000 -7.848000 0.000000 0.000000 0.000000 0.000000 0.000000 0.000000 0.000000 0.000000 0.000000 0.000000 0.000000 0.000000 0.000000 0.000000 0.000000 0.000000 0.000000 0.000000 0.000000 0.000000 0.000000 0.000000 0.000000 0.000000
19.206989 1.000000 0.059741 0.006735 0.008497 0.069844 0.001234 0.020181 0.002672 0.063660 0.001558 0.004266 0.075249 0.001270 0.021835 -0.005369 1.183943 0.778816 0.374147 1.738438 0.187323 0.416011 0.189443 1.136466 0.002369 0.070230 1.747897 0.187390 0.458941 -0.348395 -0.523173 0.871381 0.389631 -0.005064 0.188311 -0.263209 0.192492 -0.562673 -0.053417 0.071510 0.007518 0.185695 -0.219164 -0.347864 3.046587 2.828079 -7.906890 2.569386 -0.129263 -8.011463 3.046587 2.828079 -0.058890 2.569386 -0.129263 -0.163463 0.000000 0.000000 -7.848000 0.000000 0.000000 -7.848000 0.000000 0.000000 0.000000 0.000000 0.000000 0.000000 0.000000 0.000000 0.000000 0.000000 0.000000 0.000000 0.000000 0.000000 0.000000 0.000000 0.000000 0.000000 0.000000 0.000000 0.000000 0.000000 0.000000 0.000000
19.236702 1.000000 0.059753 0.006723 0.008533 0.069844 0.001234 0.020193 0.002660 0.063684 0.001558 0.004266 0.075225 0.001270 0.021823 -0.005381 1.200253 0.773461 0.376296 1.749081 0.187228 0.420125 0.187981 1.155900 -0.003363 0.066429 1.762658 0.187322 0.460899 -0.349295 -0.506840 0.866070 0.391761 0.005584 0.188212 -0.259094 0.191026 -0.543205 -0.059154 0.067708 0.022278 0.185623 -0.217207 -0.348765 3.014774 2.822117 -7.949728 2.543050 -0.150316 -8.066983 3.014774 2.822117 -0.101728 2.543050 -0.150316 -0.218983 0.000000 0.000000 -7.848000 0.000000 0.000000 -7.848000 0.000000 0.000000 0.000000 0.000000 0.000000 0.000000 0.000000 0.000000 0.000000 0.000000 0.000000 0.000000 0.000000 0.000000 0.000000 0.000000 0.000000 0.000000 0.000000 0.000000 0.000000 0.000000 0.000000 0.000000
19.262563 1.000000 0.059753 0.006747 0.008485 0.069832 0.001234 0.020181 0.002649 0.063660 0.001570 0.004254 0.075249 0.001246 0.021835 -0.005369 1.208649 0.779662 0.383647 1.745018 0.187254 0.417856 0.189306 1.130704 -0.002312 0.068676 1.748487 0.187295 0.456366 -0.348658 -0.498451 0.872216 0.399152 0.001517 0.188234 -0.261364 0.192357 -0.568435 -0.058101 0.069977 0.008109 0.185600 -0.221739 -0.348131 2.958903 2.849934 -7.920248 2.601106 -0.143087 -8.015459 2.958903 2.849934 -0.072248 2.601106 -0.143087 -0.167459 0.000000 0.000000 -7.848000 0.000000 0.000000 -7.848000 0.000000 0.000000 0.000000 0.000000 0.000000 0.000000 0.000000 0.000000 0.000000 0.000000 0.000000 0.000000 0.000000 0.000000 0.000000 0.000000 0.000000 0.000000 0.000000 0.000000 0.000000 0.000000 0.000000 0.000000
19.286582 1.000000 0.059729 0.006723 0.008521 0.069844 0.001234 0.020169 0.002660 0.063672 0.001546 0.004266 0.075249 0.001246 0.021835 -0.005381 1.201628 0.783126 0.380570 1.745011 0.187358 0.420691 0.190365 1.171416 0.002022 0.065890 1.765115 0.187306 0.465348 -0.349330 -0.505510 0.875711 0.396032 0.001504 0.188342 -0.258532 0.193410 -0.527701 -0.053788 0.067147 0.024740 0.185607 -0.212755 -0.348812 3.000517 2.851690 -7.931593 2.478976 -0.139560 -8.071999 3.000517 2.851690 -0.083593 2.478976 -0.139560 -0.223999 0.000000 0.000000 -7.848000 0.000000 0.000000 -7.848000 0.000000 0.000000 0.000000 0.000000 0.000000 0.000000 0.000000 0.000000 0.000000 0.000000 0.000000 0.000000 0.000000 0.000000 0.000000 0.000000 0.000000 0.000000 0.000000 0.000000 0.000000 0.000000 0.000000 0.000000
19.316912 1.000000 0.059753 0.006723 0.008509 0.069844 0.001222 0.020169 0.002660 0.063660 0.001546 0.004266 0.075249 0.001234 0.021847 -0.005357 1.204498 0.793343 0.384602 1.745617 0.187258 0.422047 0.190910 1.139463 0.013403 0.069195 1.752095 0.187220 0.460916 -0.348549 -0.502599 0.885907 0.400065 0.002117 0.188241 -0.257174 0.193952 -0.559674 -0.042400 0.070452 0.011718 0.185528 -0.217187 -0.348033 2.999964 2.882097 -7.935479 2.570246 -0.109621 -8.031882 2.999964 2.882097 -0.087479 2.570246 -0.109621 -0.183882 0.000000 0.000000 -7.848000 0.000000 0.000000 -7.848000 0.000000 0.000000 0.000000 0.000000 0.000000 0.000000 0.000000 0.000000 0.000000 0.000000 0.000000 0.000000 0.000000 0.000000 0.000000 0.000000 0.000000 0.000000 0.000000 0.000000 0.000000 0.000000 0.000000 0.000000
19.348869 1.000000 0.059741 0.006735 0.008497 0.069844 0.001246 0.020157 0.002660 0.063672 0.001558 0.004266 0.075237 0.001246 0.021835 -0.005369 1.181640 0.782726 0.381280 1.734909 0.187222 0.416878 0.192191 1.154796 0.009698 0.068018 1.755456 0.187374 0.462010 -0.348934 -0.525479 0.875287 0.396763 -0.008595 0.188205 -0.262346 0.195244 -0.544326 -0.046088 0.069297 0.015078 0.185678 -0.216094 -0.348411 3.052878 2.853436 -7.895703 2.510542 -0.118860 -8.035341 3.052878 2.853436 -0.047703 2.510542 -0.118860 -0.187341 0.000000 0.000000 -7.848000 0.000000 0.000000 -7.848000 0.000000 0.000000 0.000000 0.000000 0.000000 0.000000 0.000000 0.000000 0.000000 0.000000 0.000000 0.000000 0.000000 0.000000 0.000000 0.000000 0.000000 0.000000 0.000000 0.000000 0.000000 0.000000 0.000000 0.000000
19.378312 1.000000 0.059753 0.006723 0.008509 0.069844 0.001222 0.020181 0.002696 0.063672 0.001522 0.004254 0.075249 0.001246 0.021823 -0.005369 1.194180 0.798524 0.389073 1.743266 0.187345 0.421566 0.193156 1.148774 -0.002998 0.061252 1.750718 0.187348 0.460121 -0.348233 -0.512915 0.891100 0.404536 -0.000232 0.188340 -0.257653 0.196199 -0.550344 -0.058867 0.062462 0.010342 0.185652 -0.217984 -0.347722 3.048989 2.905058 -7.934145 2.530498 -0.160459 -8.017318 3.048989 2.905058 -0.086145 2.530498 -0.160459 -0.169318 0.000000 0.000000 -7.848000 0.000000 0.000000 -7.848000 0.000000 0.000000 0.000000 0.000000 0.000000 0.000000 0.000000 0.000000 0.000000 0.000000 0.000000 0.000000 0.000000 0.000000 0.000000 0.000000 0.000000 0.000000 0.000000 0.000000 0.000000 0.000000 0.000000 0.000000
19.412663 1.000000 0.059753 0.006735 0.008497 0.069844 0.001234 0.020169 0.002672 0.063696 0.001546 0.004254 0.075225 0.001246 0.021835 -0.005369 1.192784 0.789676 0.375968 1.741971 0.187286 0.421953 0.192366 1.153568 -0.007018 0.060192 1.751172 0.187320 0.463809 -0.348758 -0.514313 0.882242 0.391452 -0.001528 0.188273 -0.257268 0.195415 -0.545515 -0.062848 0.061447 0.010797 0.185624 -0.214295 -0.348239 3.035609 2.855959 -7.927282 2.517498 -0.170967 -8.022298 3.035609 2.855959 -0.079282 2.517498 -0.170967 -0.174298 0.000000 0.000000 -7.848000 0.000000 0.000000 -7.848000 0.000000 0.000000 0.000000 0.000000 0.000000 0.000000 0.000000 0.000000 0.000000 0.000000 0.000000 0.000000 0.000000 0.000000 0.000000 0.000000 0.000000 0.000000 0.000000 0.000000 0.000000 0.000000 0.000000 0.000000
19.442121 1.000000 0.059753 0.006723 0.008485 0.069844 0.001246 0.020193 0.002660 0.063684 0.001546 0.004266 0.075237 0.001258 0.021835 -0.005369 1.187100 0.795543 0.385154 1.739543 0.187334 0.422120 0.191552 1.148769 0.012264 0.074548 1.753582 0.187395 0.467250 -0.346395 -0.519995 0.888062 0.400614 -0.003954 0.188318 -0.257098 0.194601 -0.550331 -0.043542 0.075804 0.013208 0.185700 -0.210854 -0.345872 3.065172 2.889217 -7.923444 2.535927 -0.098325 -8.040747 3.065172 2.889217 -0.075444 2.535927 -0.098325 -0.192747 0.000000 0.000000 -7.848000 0.000000 0.000000 -7.848000 0.000000 0.000000 0.000000 0.000000 0.000000 0.000000 0.000000 0.000000 0.000000 0.000000 0.000000 0.000000 0.000000 0.000000 0.000000 0.000000 0.000000 0.000000 0.000000 0.000000 0.000000 0.000000 0.000000 0.000000
19.487308 1.000000 0.059753 0.006723 0.008497 0.069844 0.001246 0.020169 0.002672 0.063684 0.001546 0.004266 0.075237 0.001234 0.021835 -0.005369 1.209333 0.784947 0.386129 1.741891 0.187179 0.423466 0.188908 1.154567 -0.004479 0.064653 1.749498 0.187351 0.464303 -0.348503 -0.497764 0.877492 0.401591 -0.001608 0.188167 -0.255754 0.191957 -0.544533 -0.060286 0.065909 0.009124 0.185655 -0.213801 -0.347987 2.957131 2.866085 -7.916375 2.500843 -0.154934 -8.013282 2.957131 2.866085 -0.068375 2.500843 -0.154934 -0.165282 0.000000 0.000000 -7.848000 0.000000 0.000000 -7.848000 0.000000 0.000000 0.000000 0.000000 0.000000 0.000000 0.000000 0.000000 0.000000 0.000000 0.000000 0.000000 0.000000 0.000000 0.000000 0.000000 0.000000 0.000000 0.000000 0.000000 0.000000 0.000000 0.000000 0.000000
19.514716 1.000000 0.059753 0.006711 0.008497 0.069844 0.001246 0.020181 0.002672 0.063684 0.001558 0.004254 0.075249 0.001282 0.021823 -0.005381 1.192362 0.783116 0.385202 1.738420 0.187301 0.421171 0.188650 1.145106 -0.010791 0.059743 1.753824 0.187391 0.461920 -0.349856 -0.514734 0.875642 0.400640 -0.005078 0.188288 -0.258049 0.191695 -0.553992 -0.066604 0.061021 0.013452 0.185692 -0.216183 -0.349322 3.023520 2.861464 -7.911196 2.572237 -0.181295 -8.039752 3.023520 2.861464 -0.063196 2.572237 -0.181295 -0.191752 0.000000 0.000000 -7.848000 0.000000 0.000000 -7.848000 0.000000 0.000000 0.000000 0.000000 0.000000 0.000000 0.000000 0.000000 0.000000 0.000000 0.000000 0.000000 0.000000 0.000000 0.000000 0.000000 0.000000 0.000000 0.000000 0.000000 0.000000 0.000000 0.000000 0.000000
19.562224 1.000000 0.059753 0.006735 0.008509 0.069844 0.001246 0.020169 0.002660 0.063684 0.001546 0.004266 0.075237 0.001282 0.021835 -0.005369 1.194219 0.788153 0.390637 1.739029 0.187317 0.422480 0.189503 1.135465 -0.004741 0.066680 1.750423 0.187219 0.465524 -0.348437 -0.512877 0.880737 0.406122 -0.004470 0.188301 -0.256741 0.192556 -0.563635 -0.060547 0.067937 0.010049 0.185523 -0.212579 -0.347906 3.026348 2.885071 -7.915926 2.604578 -0.153116 -8.038085 3.026348 2.885071 -0.067926 2.604578 -0.153116 -0.190085 0.000000 0.000000 -7.848000 0.000000 0.000000 -7.848000 0.000000 0.000000 0.000000 0.000000 0.000000 0.000000 0.000000 0.000000 0.000000 0.000000 0.000000 0.000000 0.000000 0.000000 0.000000 0.000000 0.000000 0.000000 0.000000 0.000000 0.000000 0.000000 0.000000 0.000000
19.611670 1.000000 0.059753 0.006711 0.008509 0.069844 0.001246 0.020169 0.002660 0.063684 0.001546 0.004254 0.075249 0.001270 0.021835 -0.005381 1.196409 0.794429 0.372256 1.739993 0.187372 0.420346 0.189327 1.149953 -0.002282 0.067468 1.755766 0.187389 0.466477 -0.348952 -0.510688 0.886973 0.387696 -0.003507 0.188356 -0.258875 0.192373 -0.549143 -0.058115 0.068722 0.015395 0.185690 -0.211625 -0.348426 3.004855 2.854526 -7.911060 2.552566 -0.145763 -8.050803 3.004855 2.854526 -0.063060 2.552566 -0.145763 -0.202803 0.000000 0.000000 -7.848000 0.000000 0.000000 -7.848000 0.000000 0.000000 0.000000 0.000000 0.000000 0.000000 0.000000 0.000000 0.000000 0.000000 0.000000 0.000000 0.000000 0.000000 0.000000 0.000000 0.000000 0.000000 0.000000 0.000000 0.000000 0.000000 0.000000 0.000000
19.645978 1.000000 0.059753 0.006723 0.008485 0.069844 0.001246 0.020181 0.002660 0.063660 0.001558 0.004254 0.075249 0.001258 0.021835 -0.005369 1.201542 0.788553 0.373584 1.745932 0.187371 0.423986 0.188951 1.159376 0.010291 0.070416 1.757735 0.187479 0.469861 -0.348017 -0.505554 0.881072 0.389044 0.002434 0.188355 -0.255234 0.192000 -0.539763 -0.045517 0.071694 0.017357 0.185784 -0.208243 -0.347491 3.008447 2.846371 -7.941030 2.508833 -0.112141 -8.056098 3.008447 2.846371 -0.093030 2.508833 -0.112141 -0.208098 0.000000 0.000000 -7.848000 0.000000 0.000000 -7.848000 0.000000 0.000000 0.000000 0.000000 0.000000 0.000000 0.000000 0.000000 0.000000 0.000000 0.000000 0.000000 0.000000 0.000000 0.000000 0.000000 0.000000 0.000000 0.000000 0.000000 0.000000 0.000000 0.000000 0.000000
19.687167 1.000000 0.059753 0.006723 0.008533 0.069856 0.001246 0.020169 0.002660 0.063696 0.001558 0.004242 0.075249 0.001282 0.021835 -0.005369 1.195819 0.817430 0.398181 1.741499 0.187085 0.423205 0.194260 1.134598 -0.004139 0.061326 1.745009 0.187357 0.463658 -0.347459 -0.511273 0.910040 0.413646 -0.001997 0.188069 -0.256015 0.197309 -0.564477 -0.059970 0.062601 0.004642 0.185662 -0.214443 -0.346925 3.054402 2.965172 -7.929805 2.585825 -0.163111 -8.011048 3.054402 2.965172 -0.081805 2.585825 -0.163111 -0.163048 0.000000 0.000000 -7.848000 0.000000 0.000000 -7.848000 0.000000 0.000000 0.000000 0.000000 0.000000 0.000000 0.000000 0.000000 0.000000 0.000000 0.000000 0.000000 0.000000 0.000000 0.000000 0.000000 0.000000 0.000000 0.000000 0.000000 0.000000 0.000000 0.000000 0.000000
19.739139 1.000000 0.059753 0.006723 0.008497 0.069820 0.001234 0.020181 0.002660 0.063684 0.001546 0.004266 0.075249 0.001234 0.021835 -0.005369 1.193391 0.798119 0.388592 1.741498 0.187289 0.420980 0.188209 1.161632 0.015470 0.066678 1.756437 0.187323 0.466771 -0.350312 -0.513712 0.890661 0.404054 -0.002008 0.188273 -0.258242 0.191253 -0.537465 -0.040337 0.067934 0.016067 0.185627 -0.211331 -0.349796 3.042877 2.900638 -7.925103 2.486008 -0.110502 -8.042630 3.042877 2.900638 -0.077103 2.486008 -0.110502 -0.194630 0.000000 0.000000 -7.848000 0.000000 0.000000 -7.848000 0.000000 0.000000 0.000000 0.000000 0.000000 0.000000 0.000000 0.000000 0.000000 0.000000 0.000000 0.000000 0.000000 0.000000 0.000000 0.000000 0.000000 0.000000 0.000000 0.000000 0.000000 0.000000 0.000000 0.000000
19.785001 1.000000 0.059753 0.006711 0.008509 0.069820 0.001246 0.020169 0.002672 0.063696 0.001558 0.004266 0.075225 0.001270 0.021823 -0.005381 1.186243 0.789815 0.389261 1.738089 0.187344 0.415081 0.189200 1.148686 0.002787 0.077009 1.747890 0.187251 0.462421 -0.347820 -0.520860 0.882363 0.404702 -0.005418 0.188331 -0.264142 0.192246 -0.550399 -0.053003 0.078287 0.007514 0.185552 -0.215684 -0.347290 3.049682 2.885173 -7.904529 2.506278 -0.111382 -8.004646 3.049682 2.885173 -0.056529 2.506278 -0.111382 -0.156646 0.000000 0.000000 -7.848000 0.000000 0.000000 -7.848000 0.000000 0.000000 0.000000 0.000000 0.000000 0.000000 0.000000 0.000000 0.000000 0.000000 0.000000 0.000000 0.000000 0.000000 0.000000 0.000000 0.000000 0.000000 0.000000 0.000000 0.000000 0.000000 0.000000 0.000000
19.823534 1.000000 0.059729 0.006711 0.008497 0.069844 0.001222 0.020169 0.002660 0.063696 0.001558 0.004266 0.075237 0.001282 0.021835 -0.005369 1.178117 0.779130 0.394394 1.736748 0.187357 0.414146 0.185157 1.145001 -0.000395 0.073798 1.744035 0.187320 0.460535 -0.345928 -0.529023 0.871651 0.409831 -0.006759 0.188340 -0.265078 0.188194 -0.554079 -0.056182 0.075077 0.003664 0.185625 -0.217567 -0.345393 3.081212 2.874257 -7.904543 2.509317 -0.124283 -7.987306 3.081212 2.874257 -0.056543 2.509317 -0.124283 -0.139306 0.000000 0.000000 -7.848000 0.000000 0.000000 -7.848000 0.000000 0.000000 0.000000 0.000000 0.000000 0.000000 0.000000 0.000000 0.000000 0.000000 0.000000 0.000000 0.000000 0.000000 0.000000 0.000000 0.000000 0.000000 0.000000 0.000000 0.000000 0.000000 0.000000 0.000000
19.864610 1.000000 0.059753 0.006699 0.008509 0.069844 0.001234 0.020169 0.002672 0.063672 0.001558 0.004254 0.075249 0.001270 0.021835 -0.005381 1.184294 0.784796 0.413483 1.741110 0.187297 0.421074 0.185333 1.137696 0.005022 0.077023 1.744550 0.187359 0.460360 -0.345921 -0.522802 0.877324 0.428900 -0.002389 0.188284 -0.258147 0.188370 -0.561421 -0.050790 0.078301 0.004176 0.185660 -0.217743 -0.345391 3.099246 2.931316 -7.936287 2.543470 -0.106660 -7.995505 3.099246 2.931316 -0.088287 2.543470 -0.106660 -0.147505 0.000000 0.000000 -7.848000 0.000000 0.000000 -7.848000 0.000000 0.000000 0.000000 0.000000 0.000000 0.000000 0.000000 0.000000 0.000000 0.000000 0.000000 0.000000 0.000000 0.000000 0.000000 0.000000 0.000000 0.000000 0.000000 0.000000 0.000000 0.000000 0.000000 0.000000
19.896747 1.000000 0.059753 0.006711 0.008497 0.069844 0.001222 0.020169 0.002684 0.063684 0.001558 0.004254 0.075237 0.001246 0.021847 -0.005381 1.186972 0.778752 0.397232 1.741618 0.187269 0.422049 0.185696 1.132234 -0.004307 0.071543 1.738696 0.187261 0.457896 -0.347092 -0.520125 0.871281 0.412671 -0.001881 0.188260 -0.257172 0.188735 -0.566865 -0.060120 0.072820 -0.001677 0.185562 -0.220206 -0.346569 3.073245 2.881024 -7.934763 2.551729 -0.138526 -7.970196 3.073245 2.881024 -0.086763 2.551729 -0.138526 -0.122196 0.000000 0.000000 -7.848000 0.000000 0.000000 -7.848000 0.000000 0.000000 0.000000 0.000000 0.000000 0.000000 0.000000 0.000000 0.000000 0.000000 0.000000 0.000000 0.000000 0.000000 0.000000 0.000000 0.000000 0.000000 0.000000 0.000000 0.000000 0.000000 0.000000 0.000000
19.932404 1.000000 0.059753 0.006711 0.008509 0.069856 0.001246 0.020169 0.002660 0.063684 0.001558 0.004266 0.075249 0.001270 0.021835 -0.005369 1.187323 0.804501 0.408149 1.741845 0.187334 0.420923 0.188882 1.145966 -0.005084 0.070751 1.748085 0.187243 0.461299 -0.347234 -0.519770 0.897045 0.423589 -0.001651 0.188318 -0.258297 0.191927 -0.553131 -0.060871 0.072030 0.007715 0.185548 -0.216803 -0.346703 3.094721 2.960561 -7.936266 2.528892 -0.142002 -8.007879 3.094721 2.960561 -0.088266 2.528892 -0.142002 -0.159879 0.000000 0.000000 -7.848000 0.000000 0.000000 -7.848000 0.000000 0.000000 0.000000 0.000000 0.000000 0.000000 0.000000 0.000000 0.000000 0.000000 0.000000 0.000000 0.000000 0.000000 0.000000 0.000000 0.000000 0.000000 0.000000 0.000000 0.000000 0.000000 0.000000 0.000000
19.982183 1.000000 0.059753 0.006711 0.008497 0.069844 0.001246 0.020169 0.002660 0.063684 0.001558 0.004266 0.075249 0.001282 0.021835 -0.005369 1.190155 0.783726 0.397444 1.742097 0.187314 0.422429 0.188422 1.144606 -0.011020 0.065288 1.744101 0.187399 0.456119 -0.348677 -0.516943 0.876248 0.412883 -0.001402 0.188297 -0.256792 0.191467 -0.554491 -0.066807 0.066567 0.003731 0.185704 -0.221984 -0.348142 3.063137 2.892484 -7.935069 2.517205 -0.166603 -7.982058 3.063137 2.892484 -0.087069 2.517205 -0.166603 -0.134058 0.000000 0.000000 -7.848000 0.000000 0.000000 -7.848000 0.000000 0.000000 0.000000 0.000000 0.000000 0.000000 0.000000 0.000000 0.000000 0.000000 0.000000 0.000000 0.000000 0.000000 0.000000 0.000000 0.000000 0.000000 0.000000 0.000000 0.000000 0.000000 0.000000 0.000000
# 记录总帧数: 506
