# 双臂GMO外力矩与触觉传感器标定对比实验 (v5: 含手自重补偿)
# 时间: 2026-09-03 19:30:11
# 左臂目标: [0.5, 0.2, -0.2, -0.5, 0.1, 0.0, -0.1]
# 右臂目标: [0.5, -0.2, 0.2, -0.5, -0.1, 0.0, 0.1]
# 手质量: 0.9kg
# 列说明:
#   1: time, 2: phase(0=move,1=hold)
#   3-9: left_q, 10-16: right_q
#   17-23: left_r_raw (GMO原始残差, Nm)
#   24-30: right_r_raw
#   31-37: left_r_comp (补偿手自重后残差, Nm)
#   38-44: right_r_comp
#   45-47: left_F_raw (GMO原始末端力, N)
#   48-50: right_F_raw
#   51-53: left_F_comp (补偿后末端力, N)
#   54-56: right_F_comp
#   57-59: left_F_hand (手自重末端力, N)
#   60-62: right_F_hand
#   63-67: left_nf1 (5指法向力), 68-72: right_nf1
#   73-77: left_tangential(5指), 78-82: right_tangential
#   83: left_n_sum, 84: right_n_sum, 85: left_t_sum, 86: right_t_sum
#================================================================================
0.003751 0.000000 0.028127 0.069005 -0.168199 1.112388 0.041981 -0.132426 0.055044 0.055307 0.059861 0.098966 1.128830 -0.017868 -0.163273 -0.054816 -0.019407 0.012148 -0.001035 -0.019712 -0.000019 -0.008887 0.001933 -0.025827 0.008112 -0.000711 -0.025721 0.000795 -0.010888 -0.000556 -0.907665 0.161636 0.065702 -0.840128 -0.000092 -0.410884 0.048554 -0.826839 0.220746 0.063204 -0.820283 -0.014131 -0.419664 0.003444 -0.011001 0.017333 0.239068 0.008070 0.002479 0.254300 -0.011001 0.017333 9.068068 0.008070 0.002479 9.083300 0.000000 0.000000 -8.829000 0.000000 0.000000 -8.829000 0.000000 0.000000 0.000000 0.000000 0.000000 0.000000 0.000000 0.000000 0.000000 0.000000 0.000000 0.000000 0.000000 0.000000 0.000000 0.000000 0.000000 0.000000 0.000000 0.000000 0.000000 0.000000 0.000000 0.000000
0.049591 0.000000 0.028139 0.069005 -0.168199 1.112388 0.041969 -0.132414 0.055032 0.055295 0.059849 0.098966 1.128806 -0.017880 -0.163273 -0.054816 -0.300782 0.126662 -0.009228 -0.237119 -0.000034 -0.114612 0.020114 -0.258367 0.106775 0.004905 -0.276596 0.011201 -0.117324 -0.004464 -1.188991 0.276149 0.057506 -1.057507 -0.000108 -0.516594 0.066730 -1.059459 0.319374 0.068811 -1.071221 -0.003724 -0.526123 -0.000470 0.198905 0.191711 2.237757 -0.018366 0.069553 2.953361 0.198905 0.191711 11.066757 -0.018366 0.069553 11.782361 0.000000 0.000000 -8.829000 0.000000 0.000000 -8.829000 0.000000 0.000000 0.000000 0.000000 0.000000 0.000000 0.000000 0.000000 0.000000 0.000000 0.000000 0.000000 0.000000 0.000000 0.000000 0.000000 0.000000 0.000000 0.000000 0.000000 0.000000 0.000000 0.000000 0.000000
0.090618 0.000000 0.028115 0.069005 -0.168187 1.112376 0.041945 -0.132438 0.055044 0.055295 0.059873 0.098978 1.128806 -0.017892 -0.163273 -0.054816 -0.499931 0.198237 -0.017994 -0.401075 0.000254 -0.182926 0.034617 -0.449868 0.189018 0.012376 -0.467371 0.004700 -0.197657 -0.005890 -1.388257 0.347734 0.048746 -1.221542 0.000181 -0.584949 0.081234 -1.250960 0.401712 0.076307 -1.262000 -0.010227 -0.606458 -0.001889 0.330420 0.287701 3.723591 0.034407 0.150348 4.848110 0.330420 0.287701 12.552591 0.034407 0.150348 13.677110 0.000000 0.000000 -8.829000 0.000000 0.000000 -8.829000 0.000000 0.000000 0.000000 0.000000 0.000000 0.000000 0.000000 0.000000 0.000000 0.000000 0.000000 0.000000 0.000000 0.000000 0.000000 0.000000 0.000000 0.000000 0.000000 0.000000 0.000000 0.000000 0.000000 0.000000
0.143193 0.000000 0.028127 0.069005 -0.168199 1.112388 0.041981 -0.132414 0.055032 0.055283 0.059861 0.098966 1.128830 -0.017880 -0.163273 -0.054852 -0.625353 0.311716 -0.018385 -0.512212 -0.000686 -0.251460 0.052795 -0.604691 0.248665 -0.003950 -0.645318 -0.000688 -0.273677 -0.010646 -1.513603 0.461202 0.048350 -1.332621 -0.000760 -0.653449 0.099413 -1.405781 0.461289 0.059964 -1.439921 -0.015619 -0.682468 -0.006660 0.278459 0.491698 5.196756 -0.029773 0.154074 6.862434 0.278459 0.491698 14.025756 -0.029773 0.154074 15.691434 0.000000 0.000000 -8.829000 0.000000 0.000000 -8.829000 0.000000 0.000000 0.000000 0.000000 0.000000 0.000000 0.000000 0.000000 0.000000 0.000000 0.000000 0.000000 0.000000 0.000000 0.000000 0.000000 0.000000 0.000000 0.000000 0.000000 0.000000 0.000000 0.000000 0.000000
0.193248 0.000000 0.028103 0.068993 -0.168199 1.112388 0.041945 -0.132426 0.055032 0.055283 0.059873 0.099014 1.128818 -0.017868 -0.163273 -0.054828 -0.803745 0.375522 -0.005641 -0.642006 -0.000537 -0.305560 0.065076 -0.747529 0.303145 0.004015 -0.786501 0.010631 -0.332873 -0.012057 -1.692081 0.524968 0.061086 -1.462468 -0.000609 -0.707576 0.111685 -1.548637 0.515867 0.067945 -1.581133 -0.004299 -0.741674 -0.008056 0.495886 0.608230 6.155668 0.017044 0.199858 8.247506 0.495886 0.608230 14.984668 0.017044 0.199858 17.076506 0.000000 0.000000 -8.829000 0.000000 0.000000 -8.829000 0.000000 0.000000 0.000000 0.000000 0.000000 0.000000 0.000000 0.000000 0.000000 0.000000 0.000000 0.000000 0.000000 0.000000 0.000000 0.000000 0.000000 0.000000 0.000000 0.000000 0.000000 0.000000 0.000000 0.000000
0.233147 0.000000 0.028127 0.068981 -0.168175 1.112400 0.041933 -0.132426 0.055044 0.055319 0.059873 0.098990 1.128830 -0.017892 -0.163273 -0.054840 -0.870871 0.439641 -0.007689 -0.701787 0.011487 -0.334014 0.071176 -0.825093 0.351150 0.012156 -0.868799 0.017251 -0.367774 -0.008085 -1.759112 0.589081 0.059023 -1.522193 0.011418 -0.736012 0.117782 -1.626066 0.563842 0.076085 -1.663344 0.002321 -0.776545 -0.004091 0.492476 0.726036 6.858479 0.012125 0.265130 9.120000 0.492476 0.726036 15.687479 0.012125 0.265130 17.949000 0.000000 0.000000 -8.829000 0.000000 0.000000 -8.829000 0.000000 0.000000 0.000000 0.000000 0.000000 0.000000 0.000000 0.000000 0.000000 0.000000 0.000000 0.000000 0.000000 0.000000 0.000000 0.000000 0.000000 0.000000 0.000000 0.000000 0.000000 0.000000 0.000000 0.000000
0.271481 0.000000 0.028127 0.069005 -0.168199 1.112376 0.041489 -0.132414 0.055044 0.055295 0.059885 0.098990 1.128806 -0.017928 -0.163273 -0.054828 -0.937639 0.460144 -0.001217 -0.755721 0.021445 -0.362388 0.076538 -0.893936 0.348577 0.011929 -0.923731 0.023190 -0.392079 -0.010910 -1.825911 0.609680 0.065521 -1.576144 0.021394 -0.764415 0.123087 -1.695029 0.561324 0.075872 -1.718363 0.008261 -0.800882 -0.006914 0.526152 0.754288 7.394523 0.096650 0.230720 9.533236 0.526152 0.754288 16.223523 0.096650 0.230720 18.362236 0.000000 0.000000 -8.829000 0.000000 0.000000 -8.829000 0.000000 0.000000 0.000000 0.000000 0.000000 0.000000 0.000000 0.000000 0.000000 0.000000 0.000000 0.000000 0.000000 0.000000 0.000000 0.000000 0.000000 0.000000 0.000000 0.000000 0.000000 0.000000 0.000000 0.000000
0.313615 0.000000 0.028139 0.069005 -0.168175 1.112364 0.041465 -0.132426 0.055032 0.055283 0.059849 0.099014 1.128830 -0.017940 -0.163261 -0.054828 -1.001022 0.489118 -0.006663 -0.792188 0.030417 -0.384972 0.084942 -0.948692 0.395848 0.021022 -0.984635 0.027327 -0.413576 -0.012666 -1.889284 0.638671 0.060076 -1.612622 0.030365 -0.787011 0.131484 -1.749771 0.608496 0.084926 -1.779235 0.012404 -0.822363 -0.008684 0.623335 0.808014 7.644884 0.090225 0.309363 10.157882 0.623335 0.808014 16.473884 0.090225 0.309363 18.986882 0.000000 0.000000 -8.829000 0.000000 0.000000 -8.829000 0.000000 0.000000 0.000000 0.000000 0.000000 0.000000 0.000000 0.000000 0.000000 0.000000 0.000000 0.000000 0.000000 0.000000 0.000000 0.000000 0.000000 0.000000 0.000000 0.000000 0.000000 0.000000 0.000000 0.000000
0.351790 0.000000 0.028115 0.068981 -0.168187 1.112376 0.041346 -0.132438 0.055044 0.055319 0.059861 0.098990 1.128830 -0.018048 -0.163273 -0.054816 -1.057984 0.500969 -0.012521 -0.836283 0.037242 -0.403160 0.088012 -1.000054 0.410953 0.022238 -1.016568 0.031129 -0.433147 -0.016003 -1.946312 0.650447 0.054197 -1.656750 0.037198 -0.805224 0.134531 -1.801026 0.623633 0.086156 -1.811114 0.016211 -0.841924 -0.012028 0.677117 0.815352 7.999445 0.177117 0.331889 10.345671 0.677117 0.815352 16.828445 0.177117 0.331889 19.174671 0.000000 0.000000 -8.829000 0.000000 0.000000 -8.829000 0.000000 0.000000 0.000000 0.000000 0.000000 0.000000 0.000000 0.000000 0.000000 0.000000 0.000000 0.000000 0.000000 0.000000 0.000000 0.000000 0.000000 0.000000 0.000000 0.000000 0.000000 0.000000 0.000000 0.000000
0.379867 0.000000 0.028103 0.069005 -0.168199 1.112364 0.041334 -0.132426 0.055044 0.055331 0.059873 0.099026 1.128830 -0.017988 -0.163273 -0.054816 -1.052911 0.518649 -0.013867 -0.847969 0.040836 -0.408234 0.090521 -1.039975 0.415619 0.022032 -1.049199 0.042448 -0.446479 -0.018613 -1.941291 0.668195 0.052877 -1.668460 0.040790 -0.810301 0.137048 -1.840907 0.628368 0.085964 -1.843729 0.027526 -0.855248 -0.014625 0.581208 0.841582 8.328817 0.226321 0.325372 10.584893 0.581208 0.841582 17.157817 0.226321 0.325372 19.413893 0.000000 0.000000 -8.829000 0.000000 0.000000 -8.829000 0.000000 0.000000 0.000000 0.000000 0.000000 0.000000 0.000000 0.000000 0.000000 0.000000 0.000000 0.000000 0.000000 0.000000 0.000000 0.000000 0.000000 0.000000 0.000000 0.000000 0.000000 0.000000 0.000000 0.000000
0.423264 0.000000 0.028127 0.068981 -0.168199 1.112340 0.041250 -0.132426 0.055032 0.055319 0.059837 0.099050 1.128794 -0.018132 -0.163273 -0.054828 -1.097473 0.527914 -0.004710 -0.880866 0.032489 -0.421636 0.095665 -1.083603 0.440248 0.026672 -1.072510 0.043092 -0.464401 -0.017107 -1.985814 0.677375 0.062010 -1.701367 0.032448 -0.823713 0.142166 -1.884634 0.652918 0.090573 -1.867126 0.028179 -0.873207 -0.013155 0.638907 0.860967 8.558044 0.305998 0.379196 10.702154 0.638907 0.860967 17.387044 0.305998 0.379196 19.531154 0.000000 0.000000 -8.829000 0.000000 0.000000 -8.829000 0.000000 0.000000 0.000000 0.000000 0.000000 0.000000 0.000000 0.000000 0.000000 0.000000 0.000000 0.000000 0.000000 0.000000 0.000000 0.000000 0.000000 0.000000 0.000000 0.000000 0.000000 0.000000 0.000000 0.000000
0.455528 0.000000 0.028127 0.069005 -0.168175 1.112340 0.041262 -0.132414 0.055020 0.055295 0.059873 0.098990 1.128818 -0.018072 -0.163261 -0.054816 -1.120555 0.535091 0.000650 -0.888658 0.037815 -0.429008 0.096397 -1.073348 0.434916 0.023576 -1.074130 0.044706 -0.468115 -0.022838 -2.008890 0.684654 0.067394 -1.709145 0.037771 -0.831074 0.142905 -1.874412 0.647642 0.087507 -1.868733 0.029788 -0.876909 -0.018862 0.702844 0.881739 8.540026 0.237549 0.352108 10.884134 0.702844 0.881739 17.369026 0.237549 0.352108 19.713134 0.000000 0.000000 -8.829000 0.000000 0.000000 -8.829000 0.000000 0.000000 0.000000 0.000000 0.000000 0.000000 0.000000 0.000000 0.000000 0.000000 0.000000 0.000000 0.000000 0.000000 0.000000 0.000000 0.000000 0.000000 0.000000 0.000000 0.000000 0.000000 0.000000 0.000000
0.487116 0.000000 0.028115 0.068981 -0.168175 1.112352 0.041274 -0.132426 0.055020 0.055319 0.059837 0.098966 1.128806 -0.018120 -0.163273 -0.054816 -1.139861 0.534471 0.004100 -0.906312 0.042276 -0.435914 0.094907 -1.108813 0.437646 0.003244 -1.092345 0.055396 -0.478042 -0.024484 -2.028224 0.683954 0.070820 -1.726815 0.042233 -0.837991 0.141409 -1.909827 0.650233 0.067140 -1.886930 0.040484 -0.886836 -0.020528 0.711533 0.874734 8.698974 0.331947 0.341960 10.885026 0.711533 0.874734 17.527974 0.331947 0.341960 19.714026 0.000000 0.000000 -8.829000 0.000000 0.000000 -8.829000 0.000000 0.000000 0.000000 0.000000 0.000000 0.000000 0.000000 0.000000 0.000000 0.000000 0.000000 0.000000 0.000000 0.000000 0.000000 0.000000 0.000000 0.000000 0.000000 0.000000 0.000000 0.000000 0.000000 0.000000
0.519901 0.000000 0.028127 0.068981 -0.168175 1.112316 0.041274 -0.132426 0.055008 0.055355 0.059849 0.099002 1.128806 -0.018144 -0.163261 -0.054828 -1.136416 0.568447 0.001774 -0.900438 0.045668 -0.437641 0.097303 -1.140823 0.456220 -0.000001 -1.102225 0.053814 -0.484057 -0.024335 -2.024799 0.717912 0.068497 -1.720985 0.045623 -0.839734 0.143801 -1.941713 0.668879 0.063910 -1.896745 0.038901 -0.892824 -0.020380 0.700271 0.952860 8.718989 0.440568 0.389616 10.765227 0.700271 0.952860 17.547989 0.440568 0.389616 19.594227 0.000000 0.000000 -8.829000 0.000000 0.000000 -8.829000 0.000000 0.000000 0.000000 0.000000 0.000000 0.000000 0.000000 0.000000 0.000000 0.000000 0.000000 0.000000 0.000000 0.000000 0.000000 0.000000 0.000000 0.000000 0.000000 0.000000 0.000000 0.000000 0.000000 0.000000
0.553351 0.000000 0.028127 0.069005 -0.168187 1.112304 0.041250 -0.132414 0.055044 0.055391 0.059837 0.099002 1.128806 -0.018168 -0.163261 -0.054816 -1.186831 0.561950 0.005401 -0.920220 0.049421 -0.448059 0.097806 -1.127031 0.474004 -0.015740 -1.097993 0.063651 -0.484830 -0.027098 -2.075227 0.711498 0.072149 -1.740771 0.049381 -0.850149 0.144319 -1.927803 0.686628 0.048161 -1.892450 0.048742 -0.893574 -0.023147 0.851795 0.943175 8.624758 0.387924 0.415143 10.836252 0.851795 0.943175 17.453758 0.387924 0.415143 19.665252 0.000000 0.000000 -8.829000 0.000000 0.000000 -8.829000 0.000000 0.000000 0.000000 0.000000 0.000000 0.000000 0.000000 0.000000 0.000000 0.000000 0.000000 0.000000 0.000000 0.000000 0.000000 0.000000 0.000000 0.000000 0.000000 0.000000 0.000000 0.000000 0.000000 0.000000
0.587529 0.000000 0.028127 0.068993 -0.168199 1.112292 0.041250 -0.132426 0.054996 0.055367 0.059837 0.099086 1.128794 -0.018156 -0.163273 -0.054816 -1.146447 0.565881 0.009602 -0.904498 0.052080 -0.445598 0.097832 -1.167726 0.474372 -0.008255 -1.118770 0.071810 -0.496976 -0.027495 -2.034867 0.715352 0.076338 -1.725080 0.052034 -0.847705 0.144326 -1.968601 0.687084 0.055651 -1.913307 0.056900 -0.905754 -0.023540 0.712783 0.949831 8.765806 0.481932 0.416556 10.878195 0.712783 0.949831 17.594806 0.481932 0.416556 19.707195 0.000000 0.000000 -8.829000 0.000000 0.000000 -8.829000 0.000000 0.000000 0.000000 0.000000 0.000000 0.000000 0.000000 0.000000 0.000000 0.000000 0.000000 0.000000 0.000000 0.000000 0.000000 0.000000 0.000000 0.000000 0.000000 0.000000 0.000000 0.000000 0.000000 0.000000
0.622843 0.000000 0.028139 0.069005 -0.168199 1.112280 0.041250 -0.132414 0.055020 0.055391 0.059849 0.099050 1.128782 -0.018228 -0.163273 -0.054828 -1.143063 0.569875 0.002951 -0.904448 0.043287 -0.447842 0.101643 -1.172807 0.465786 -0.005019 -1.121903 0.068454 -0.501537 -0.027284 -2.031457 0.719394 0.069699 -1.725020 0.043244 -0.849940 0.148148 -1.973628 0.678507 0.058900 -1.916419 0.053544 -0.910310 -0.023339 0.684324 0.952823 8.838616 0.481817 0.395401 10.934760 0.684324 0.952823 17.667616 0.481817 0.395401 19.763760 0.000000 0.000000 -8.829000 0.000000 0.000000 -8.829000 0.000000 0.000000 0.000000 0.000000 0.000000 0.000000 0.000000 0.000000 0.000000 0.000000 0.000000 0.000000 0.000000 0.000000 0.000000 0.000000 0.000000 0.000000 0.000000 0.000000 0.000000 0.000000 0.000000 0.000000
0.656934 0.000000 0.028115 0.069005 -0.168175 1.112280 0.041238 -0.132414 0.055020 0.055391 0.059825 0.099098 1.128770 -0.018240 -0.163273 -0.054816 -1.159528 0.591964 0.011077 -0.913794 0.046724 -0.453436 0.102925 -1.184326 0.468540 0.001397 -1.110336 0.064993 -0.503797 -0.027210 -2.048005 0.741508 0.077829 -1.734409 0.046681 -0.855550 0.149431 -1.985164 0.681235 0.065296 -1.904877 0.050087 -0.912579 -0.023271 0.710649 1.007107 8.913146 0.568542 0.422427 10.669849 0.710649 1.007107 17.742146 0.568542 0.422427 19.498849 0.000000 0.000000 -8.829000 0.000000 0.000000 -8.829000 0.000000 0.000000 0.000000 0.000000 0.000000 0.000000 0.000000 0.000000 0.000000 0.000000 0.000000 0.000000 0.000000 0.000000 0.000000 0.000000 0.000000 0.000000 0.000000 0.000000 0.000000 0.000000 0.000000 0.000000
0.687393 0.000000 0.028127 0.069005 -0.168223 1.112256 0.041250 -0.132414 0.055008 0.055391 0.059837 0.099074 1.128770 -0.018216 -0.163273 -0.054816 -1.193090 0.582358 0.012626 -0.925501 0.050005 -0.459154 0.102107 -1.221079 0.462670 -0.006716 -1.116591 0.062887 -0.511320 -0.028903 -2.081561 0.731839 0.079377 -1.746134 0.049960 -0.861274 0.148609 -2.021919 0.675378 0.057193 -1.911129 0.047979 -0.920101 -0.024957 0.822704 0.989582 8.804449 0.712105 0.413751 10.462092 0.822704 0.989582 17.633449 0.712105 0.413751 19.291092 0.000000 0.000000 -8.829000 0.000000 0.000000 -8.829000 0.000000 0.000000 0.000000 0.000000 0.000000 0.000000 0.000000 0.000000 0.000000 0.000000 0.000000 0.000000 0.000000 0.000000 0.000000 0.000000 0.000000 0.000000 0.000000 0.000000 0.000000 0.000000 0.000000 0.000000
0.723409 0.000000 0.028139 0.069005 -0.168175 1.112256 0.041238 -0.132414 0.055032 0.055403 0.059825 0.099098 1.128758 -0.018216 -0.163273 -0.054816 -1.178783 0.584526 0.005130 -0.915474 0.052714 -0.457166 0.102276 -1.207556 0.468630 -0.010971 -1.103402 0.071764 -0.511666 -0.031036 -2.067222 0.734066 0.071882 -1.736091 0.052673 -0.859281 0.148784 -2.008376 0.681323 0.052929 -1.897943 0.056857 -0.920447 -0.027093 0.791043 0.990507 8.779231 0.688835 0.427661 10.400853 0.791043 0.990507 17.608231 0.688835 0.427661 19.229853 0.000000 0.000000 -8.829000 0.000000 0.000000 -8.829000 0.000000 0.000000 0.000000 0.000000 0.000000 0.000000 0.000000 0.000000 0.000000 0.000000 0.000000 0.000000 0.000000 0.000000 0.000000 0.000000 0.000000 0.000000 0.000000 0.000000 0.000000 0.000000 0.000000 0.000000
0.758924 0.000000 0.028163 0.068993 -0.168199 1.112136 0.041238 -0.132414 0.054996 0.055403 0.059837 0.099145 1.128734 -0.018240 -0.163261 -0.054828 -1.188079 0.579763 -0.002069 -0.889975 0.055053 -0.460772 0.106451 -1.207825 0.477402 -0.013730 -1.085972 0.078904 -0.515690 -0.032604 -2.076638 0.729183 0.064680 -1.710769 0.055010 -0.862952 0.152942 -2.008677 0.690185 0.050187 -1.880556 0.063995 -0.924482 -0.028664 0.925967 0.995965 8.322134 0.736556 0.458730 10.174783 0.925967 0.995965 17.151134 0.736556 0.458730 19.003783 0.000000 0.000000 -8.829000 0.000000 0.000000 -8.829000 0.000000 0.000000 0.000000 0.000000 0.000000 0.000000 0.000000 0.000000 0.000000 0.000000 0.000000 0.000000 0.000000 0.000000 0.000000 0.000000 0.000000 0.000000 0.000000 0.000000 0.000000 0.000000 0.000000 0.000000
0.789886 0.000000 0.028151 0.068993 -0.168199 1.112100 0.041214 -0.132426 0.054996 0.055415 0.059837 0.099157 1.128686 -0.018180 -0.163261 -0.054828 -1.219333 0.579011 0.004148 -0.885888 0.056617 -0.468724 0.110380 -1.218832 0.489078 -0.016842 -1.074461 0.064519 -0.517406 -0.032251 -2.108000 0.728419 0.070903 -1.706775 0.056575 -0.870944 0.156868 -2.019729 0.701872 0.047081 -1.869111 0.049606 -0.926220 -0.028301 1.079717 1.012453 8.026106 0.824065 0.501461 9.901040 1.079717 1.012453 16.855106 0.824065 0.501461 18.730040 0.000000 0.000000 -8.829000 0.000000 0.000000 -8.829000 0.000000 0.000000 0.000000 0.000000 0.000000 0.000000 0.000000 0.000000 0.000000 0.000000 0.000000 0.000000 0.000000 0.000000 0.000000 0.000000 0.000000 0.000000 0.000000 0.000000 0.000000 0.000000 0.000000 0.000000
0.823878 0.000000 0.028199 0.068993 -0.168211 1.112076 0.041238 -0.132414 0.054984 0.055475 0.059837 0.099181 1.128602 -0.018252 -0.163237 -0.054828 -1.204853 0.576012 -0.003205 -0.861708 0.058466 -0.465014 0.110333 -1.239356 0.495212 -0.018441 -1.068247 0.061614 -0.522902 -0.031340 -2.093393 0.725395 0.063545 -1.682547 0.058423 -0.867211 0.156818 -2.040189 0.708044 0.045496 -1.862933 0.046704 -0.931722 -0.027398 1.110670 1.012859 7.749646 0.931229 0.529456 9.652178 1.110670 1.012859 16.578646 0.931229 0.529456 18.481178 0.000000 0.000000 -8.829000 0.000000 0.000000 -8.829000 0.000000 0.000000 0.000000 0.000000 0.000000 0.000000 0.000000 0.000000 0.000000 0.000000 0.000000 0.000000 0.000000 0.000000 0.000000 0.000000 0.000000 0.000000 0.000000 0.000000 0.000000 0.000000 0.000000 0.000000
0.857675 0.000000 0.028163 0.069005 -0.168199 1.112040 0.041226 -0.132414 0.054948 0.055475 0.059849 0.099217 1.128602 -0.018168 -0.163237 -0.054816 -1.219600 0.554304 -0.010417 -0.854515 0.060115 -0.472557 0.110060 -1.234306 0.512435 -0.019178 -1.052993 0.048368 -0.523799 -0.032311 -2.108319 0.703714 0.056355 -1.675477 0.060066 -0.874800 0.156539 -2.035136 0.725338 0.044772 -1.847683 0.033455 -0.932617 -0.028349 1.193290 0.965399 7.544458 0.951277 0.580557 9.484973 1.193290 0.965399 16.373458 0.951277 0.580557 18.313973 0.000000 0.000000 -8.829000 0.000000 0.000000 -8.829000 0.000000 0.000000 0.000000 0.000000 0.000000 0.000000 0.000000 0.000000 0.000000 0.000000 0.000000 0.000000 0.000000 0.000000 0.000000 0.000000 0.000000 0.000000 0.000000 0.000000 0.000000 0.000000 0.000000 0.000000
0.887409 0.000000 0.028211 0.069005 -0.168175 1.111932 0.041226 -0.132402 0.054960 0.055523 0.059801 0.099205 1.128567 -0.018276 -0.163177 -0.054816 -1.218102 0.566907 -0.011343 -0.828156 0.060673 -0.471433 0.115563 -1.239418 0.510105 -0.023702 -1.044292 0.057930 -0.524694 -0.034743 -2.106843 0.716311 0.055435 -1.649226 0.060628 -0.873710 0.162044 -2.040117 0.722846 0.040203 -1.838919 0.043030 -0.933468 -0.030812 1.289177 1.013682 7.152074 1.006413 0.581606 9.301865 1.289177 1.013682 15.981074 1.006413 0.581606 18.130865 0.000000 0.000000 -8.829000 0.000000 0.000000 -8.829000 0.000000 0.000000 0.000000 0.000000 0.000000 0.000000 0.000000 0.000000 0.000000 0.000000 0.000000 0.000000 0.000000 0.000000 0.000000 0.000000 0.000000 0.000000 0.000000 0.000000 0.000000 0.000000 0.000000 0.000000
0.920621 0.000000 0.028223 0.069005 -0.168175 1.111896 0.041226 -0.132402 0.054948 0.055523 0.059813 0.099241 1.128519 -0.018228 -0.163189 -0.054816 -1.205094 0.573145 -0.014330 -0.788582 0.061543 -0.469577 0.117498 -1.246113 0.509799 -0.027182 -1.027966 0.056401 -0.525354 -0.040945 -2.093855 0.722531 0.052450 -1.609696 0.061497 -0.871870 0.163974 -2.046901 0.722617 0.036743 -1.822692 0.041496 -0.934168 -0.037003 1.381213 1.049747 6.650542 1.093487 0.595359 8.987464 1.381213 1.049747 15.479542 1.093487 0.595359 17.816464 0.000000 0.000000 -8.829000 0.000000 0.000000 -8.829000 0.000000 0.000000 0.000000 0.000000 0.000000 0.000000 0.000000 0.000000 0.000000 0.000000 0.000000 0.000000 0.000000 0.000000 0.000000 0.000000 0.000000 0.000000 0.000000 0.000000 0.000000 0.000000 0.000000 0.000000
0.952131 0.000000 0.028271 0.069005 -0.168199 1.111789 0.041214 -0.132390 0.054912 0.055523 0.059813 0.099241 1.128411 -0.018216 -0.163129 -0.054816 -1.221644 0.582178 -0.007096 -0.768331 0.062239 -0.471885 0.119367 -1.260291 0.536627 -0.023468 -1.007460 0.054366 -0.528001 -0.041291 -2.110418 0.731493 0.059688 -1.589547 0.062191 -0.874211 0.165828 -2.061230 0.749453 0.040467 -1.802342 0.039462 -0.936845 -0.037347 1.539965 1.097092 6.195388 1.220970 0.686924 8.554956 1.539965 1.097092 15.024388 1.220970 0.686924 17.383956 0.000000 0.000000 -8.829000 0.000000 0.000000 -8.829000 0.000000 0.000000 0.000000 0.000000 0.000000 0.000000 0.000000 0.000000 0.000000 0.000000 0.000000 0.000000 0.000000 0.000000 0.000000 0.000000 0.000000 0.000000 0.000000 0.000000 0.000000 0.000000 0.000000 0.000000
0.987876 0.000000 0.028343 0.069005 -0.168223 1.111549 0.041226 -0.132354 0.054924 0.055679 0.059789 0.099241 1.128111 -0.018252 -0.163021 -0.054828 -1.233787 0.610770 0.005108 -0.735727 0.062322 -0.476310 0.123171 -1.251696 0.501381 -0.035193 -0.965441 0.054386 -0.527200 -0.048138 -2.122705 0.759986 0.071908 -1.557226 0.062281 -0.878723 0.169634 -2.052582 0.714149 0.028755 -1.760521 0.039484 -0.936072 -0.044208 1.714135 1.199263 5.641695 1.329875 0.628083 7.983940 1.714135 1.199263 14.470695 1.329875 0.628083 16.812940 0.000000 0.000000 -8.829000 0.000000 0.000000 -8.829000 0.000000 0.000000 0.000000 0.000000 0.000000 0.000000 0.000000 0.000000 0.000000 0.000000 0.000000 0.000000 0.000000 0.000000 0.000000 0.000000 0.000000 0.000000 0.000000 0.000000 0.000000 0.000000 0.000000 0.000000
1.023577 0.000000 0.028343 0.068993 -0.168175 1.111549 0.041214 -0.132354 0.054852 0.055703 0.059789 0.099301 1.128087 -0.018180 -0.162961 -0.054804 -1.244807 0.580730 -0.007781 -0.710673 0.063838 -0.480814 0.118738 -1.269642 0.524134 -0.031366 -0.943601 0.052417 -0.533647 -0.047625 -2.133728 0.729929 0.059008 -1.532181 0.063787 -0.883233 0.165173 -2.070451 0.736960 0.032585 -1.738649 0.037518 -0.942480 -0.043676 1.859356 1.140405 5.144689 1.469433 0.710848 7.539596 1.859356 1.140405 13.973689 1.469433 0.710848 16.368596 0.000000 0.000000 -8.829000 0.000000 0.000000 -8.829000 0.000000 0.000000 0.000000 0.000000 0.000000 0.000000 0.000000 0.000000 0.000000 0.000000 0.000000 0.000000 0.000000 0.000000 0.000000 0.000000 0.000000 0.000000 0.000000 0.000000 0.000000 0.000000 0.000000 0.000000
1.059195 0.000000 0.028367 0.069029 -0.168199 1.111357 0.041214 -0.132282 0.054852 0.055751 0.059777 0.099265 1.127847 -0.018300 -0.162722 -0.054744 -1.248015 0.592334 0.006262 -0.672253 0.063309 -0.483893 0.123499 -1.260347 0.531217 -0.031434 -0.901527 0.051452 -0.529467 -0.050965 -2.137135 0.741575 0.073101 -1.494003 0.063262 -0.886369 0.169947 -2.061268 0.744018 0.032525 -1.696765 0.036576 -0.938274 -0.047020 2.019528 1.205933 4.548843 1.576559 0.762983 6.940136 2.019528 1.205933 13.377843 1.576559 0.762983 15.769136 0.000000 0.000000 -8.829000 0.000000 0.000000 -8.829000 0.000000 0.000000 0.000000 0.000000 0.000000 0.000000 0.000000 0.000000 0.000000 0.000000 0.000000 0.000000 0.000000 0.000000 0.000000 0.000000 0.000000 0.000000 0.000000 0.000000 0.000000 0.000000 0.000000 0.000000
1.097429 0.000000 0.028439 0.069041 -0.168211 1.111117 0.041238 -0.132210 0.054804 0.055894 0.059753 0.099313 1.127452 -0.018300 -0.162386 -0.054732 -1.251102 0.576434 0.008435 -0.616504 0.051921 -0.485717 0.128182 -1.285206 0.535438 -0.032474 -0.850156 0.062843 -0.527460 -0.057496 -2.140343 0.725612 0.075301 -1.438510 0.051873 -0.888255 0.174620 -2.086134 0.748234 0.031501 -1.645643 0.047980 -0.936217 -0.053553 2.255968 1.213730 3.628240 1.882657 0.833493 5.856406 2.255968 1.213730 12.457240 1.882657 0.833493 14.685406 0.000000 0.000000 -8.829000 0.000000 0.000000 -8.829000 0.000000 0.000000 0.000000 0.000000 0.000000 0.000000 0.000000 0.000000 0.000000 0.000000 0.000000 0.000000 0.000000 0.000000 0.000000 0.000000 0.000000 0.000000 0.000000 0.000000 0.000000 0.000000 0.000000 0.000000
1.132683 0.000000 0.028630 0.069041 -0.168199 1.110638 0.041274 -0.132006 0.054720 0.056146 0.059741 0.099313 1.126649 -0.018348 -0.161787 -0.054672 -1.286551 0.578687 0.002666 -0.571833 0.043034 -0.489780 0.130575 -1.274067 0.505848 -0.052290 -0.797797 0.072593 -0.515562 -0.065023 -2.175844 0.727710 0.069552 -1.394245 0.042991 -0.892381 0.176985 -2.075199 0.718684 0.011752 -1.593906 0.057757 -0.924296 -0.061070 2.602026 1.261863 2.608292 2.053423 0.797882 4.999517 2.602026 1.261863 11.437292 2.053423 0.797882 13.828517 0.000000 0.000000 -8.829000 0.000000 0.000000 -8.829000 0.000000 0.000000 0.000000 0.000000 0.000000 0.000000 0.000000 0.000000 0.000000 0.000000 0.000000 0.000000 0.000000 0.000000 0.000000 0.000000 0.000000 0.000000 0.000000 0.000000 0.000000 0.000000 0.000000 0.000000
1.174018 0.000000 0.028714 0.069053 -0.168199 1.110494 0.041262 -0.131862 0.054708 0.056254 0.059717 0.099289 1.126277 -0.018444 -0.161451 -0.054600 -1.253774 0.576016 0.007637 -0.484730 0.034253 -0.476702 0.137347 -1.308653 0.545584 -0.043808 -0.745244 0.066658 -0.501689 -0.068837 -2.142945 0.725051 0.074534 -1.307159 0.034219 -0.879249 0.183752 -2.109870 0.758375 0.020244 -1.541615 0.051848 -0.910381 -0.064883 2.822737 1.316374 1.406537 2.442005 0.976340 3.656767 2.822737 1.316374 10.235537 2.442005 0.976340 12.485767 0.000000 0.000000 -8.829000 0.000000 0.000000 -8.829000 0.000000 0.000000 0.000000 0.000000 0.000000 0.000000 0.000000 0.000000 0.000000 0.000000 0.000000 0.000000 0.000000 0.000000 0.000000 0.000000 0.000000 0.000000 0.000000 0.000000 0.000000 0.000000 0.000000 0.000000
1.199187 0.000000 0.028846 0.069077 -0.168187 1.110099 0.041262 -0.131671 0.054648 0.056613 0.059657 0.099313 1.125295 -0.018480 -0.160708 -0.054564 -1.305398 0.571578 0.002708 -0.474007 0.030303 -0.482593 0.139478 -1.316122 0.578879 -0.039059 -0.726773 0.071991 -0.486773 -0.070945 -2.194684 0.720579 0.069649 -1.296790 0.030275 -0.885190 0.185869 -2.117412 0.791570 0.025032 -1.523806 0.057214 -0.895395 -0.067001 3.113740 1.331066 0.770729 2.586903 1.089887 3.100821 3.113740 1.331066 9.599729 2.586903 1.089887 11.929821 0.000000 0.000000 -8.829000 0.000000 0.000000 -8.829000 0.000000 0.000000 0.000000 0.000000 0.000000 0.000000 0.000000 0.000000 0.000000 0.000000 0.000000 0.000000 0.000000 0.000000 0.000000 0.000000 0.000000 0.000000 0.000000 0.000000 0.000000 0.000000 0.000000 0.000000
1.223724 0.000000 0.028954 0.069053 -0.168199 1.109895 0.041262 -0.131563 0.054636 0.056721 0.059598 0.099301 1.124947 -0.018420 -0.160481 -0.054528 -1.291189 0.551215 -0.006685 -0.438501 0.026926 -0.479552 0.139214 -1.338564 0.561610 -0.046300 -0.719729 0.077770 -0.482344 -0.078832 -2.180397 0.700066 0.060236 -1.261404 0.026909 -0.882149 0.185588 -2.139962 0.774116 0.017764 -1.517045 0.063007 -0.890971 -0.074889 3.193236 1.298456 0.292463 2.742827 1.064887 2.693833 3.193236 1.298456 9.121463 2.742827 1.064887 11.522833 0.000000 0.000000 -8.829000 0.000000 0.000000 -8.829000 0.000000 0.000000 0.000000 0.000000 0.000000 0.000000 0.000000 0.000000 0.000000 0.000000 0.000000 0.000000 0.000000 0.000000 0.000000 0.000000 0.000000 0.000000 0.000000 0.000000 0.000000 0.000000 0.000000 0.000000
1.248407 0.000000 0.029194 0.069101 -0.168199 1.109128 0.041274 -0.131239 0.054612 0.057273 0.059574 0.099361 1.123449 -0.018564 -0.159414 -0.054444 -1.323389 0.572591 0.004154 -0.416191 0.022930 -0.478927 0.145250 -1.301369 0.565885 -0.050764 -0.692541 0.073968 -0.460669 -0.079905 -2.212908 0.721379 0.071166 -1.239838 0.022935 -0.881659 0.191627 -2.102912 0.778516 0.013433 -1.490916 0.059252 -0.869241 -0.075956 3.449973 1.387896 -0.373556 2.719908 1.090319 2.389656 3.449973 1.387896 8.455444 2.719908 1.090319 11.218656 0.000000 0.000000 -8.829000 0.000000 0.000000 -8.829000 0.000000 0.000000 0.000000 0.000000 0.000000 0.000000 0.000000 0.000000 0.000000 0.000000 0.000000 0.000000 0.000000 0.000000 0.000000 0.000000 0.000000 0.000000 0.000000 0.000000 0.000000 0.000000 0.000000 0.000000
1.270549 0.000000 0.029301 0.069125 -0.168199 1.108888 0.041262 -0.131131 0.054576 0.057452 0.059574 0.099373 1.123018 -0.018588 -0.159198 -0.054468 -1.301722 0.559319 -0.001628 -0.380004 0.020370 -0.473449 0.147991 -1.341070 0.576826 -0.054971 -0.687441 0.077841 -0.451510 -0.081568 -2.191223 0.708112 0.065417 -1.203819 0.020378 -0.876198 0.194359 -2.142646 0.789493 0.009274 -1.486144 0.063126 -0.860110 -0.077625 3.500329 1.373180 -0.803296 2.968127 1.147724 1.767944 3.500329 1.373180 8.025704 2.968127 1.147724 10.596944 0.000000 0.000000 -8.829000 0.000000 0.000000 -8.829000 0.000000 0.000000 0.000000 0.000000 0.000000 0.000000 0.000000 0.000000 0.000000 0.000000 0.000000 0.000000 0.000000 0.000000 0.000000 0.000000 0.000000 0.000000 0.000000 0.000000 0.000000 0.000000 0.000000 0.000000
1.295446 0.000000 0.029709 0.069197 -0.168223 1.107342 0.041238 -0.130544 0.054564 0.058112 0.059514 0.099481 1.121448 -0.018647 -0.158635 -0.054396 -1.313902 0.576449 0.007421 -0.357992 0.017170 -0.467032 0.152386 -1.299214 0.589100 -0.060038 -0.661107 0.090064 -0.428809 -0.083033 -2.204318 0.725015 0.074637 -1.183483 0.017230 -0.870147 0.198759 -2.101022 0.801831 0.004339 -1.461140 0.075372 -0.837659 -0.079080 3.673142 1.444916 -1.333699 2.922131 1.187330 1.511081 3.673142 1.444916 7.495301 2.922131 1.187330 10.340081 0.000000 0.000000 -8.829000 0.000000 0.000000 -8.829000 0.000000 0.000000 0.000000 0.000000 0.000000 0.000000 0.000000 0.000000 0.000000 0.000000 0.000000 0.000000 0.000000 0.000000 0.000000 0.000000 0.000000 0.000000 0.000000 0.000000 0.000000 0.000000 0.000000 0.000000
1.322810 0.000000 0.029973 0.069293 -0.168211 1.106012 0.041274 -0.130161 0.054528 0.058759 0.059418 0.099517 1.120190 -0.018683 -0.158348 -0.054360 -1.364534 0.557044 0.015990 -0.375211 0.015395 -0.467205 0.151280 -1.310335 0.585870 -0.069733 -0.669460 0.093707 -0.415902 -0.088537 -2.256102 0.705525 0.083403 -1.202364 0.015482 -0.870759 0.197674 -2.112046 0.798430 -0.005290 -1.470447 0.079029 -0.824977 -0.084594 3.878293 1.416782 -1.617543 2.996373 1.179232 1.350280 3.878293 1.416782 7.211457 2.996373 1.179232 10.179280 0.000000 0.000000 -8.829000 0.000000 0.000000 -8.829000 0.000000 0.000000 0.000000 0.000000 0.000000 0.000000 0.000000 0.000000 0.000000 0.000000 0.000000 0.000000 0.000000 0.000000 0.000000 0.000000 0.000000 0.000000 0.000000 0.000000 0.000000 0.000000 0.000000 0.000000
1.346602 0.000000 0.030284 0.069544 -0.168175 1.101554 0.041334 -0.129705 0.054468 0.059466 0.059406 0.099517 1.118955 -0.018743 -0.158156 -0.054301 -1.330188 0.556821 0.009505 -0.366513 0.013347 -0.452326 0.153991 -1.300732 0.606935 -0.071159 -0.647649 0.103451 -0.400111 -0.090020 -2.228019 0.704652 0.077621 -1.200764 0.013489 -0.858261 0.200467 -2.102177 0.819580 -0.006562 -1.449512 0.088779 -0.809426 -0.086051 3.787094 1.409306 -1.564351 3.071875 1.251883 0.915433 3.787094 1.409306 7.264649 3.071875 1.251883 9.744433 0.000000 0.000000 -8.829000 0.000000 0.000000 -8.829000 0.000000 0.000000 0.000000 0.000000 0.000000 0.000000 0.000000 0.000000 0.000000 0.000000 0.000000 0.000000 0.000000 0.000000 0.000000 0.000000 0.000000 0.000000 0.000000 0.000000 0.000000 0.000000 0.000000 0.000000
1.368517 0.000000 0.030548 0.069580 -0.168199 1.100871 0.041286 -0.129693 0.054432 0.059490 0.059394 0.099517 1.118871 -0.018803 -0.158036 -0.054277 -1.342471 0.557934 0.005633 -0.363108 0.011774 -0.449897 0.159125 -1.301217 0.614838 -0.074422 -0.625640 0.111674 -0.390046 -0.092101 -2.240576 0.705618 0.073827 -1.198114 0.011920 -0.856106 0.205582 -2.102654 0.827460 -0.009831 -1.427534 0.097013 -0.799325 -0.088138 3.869965 1.419089 -1.760309 3.181186 1.294855 0.444824 3.869965 1.419089 7.068691 3.181186 1.294855 9.273824 0.000000 0.000000 -8.829000 0.000000 0.000000 -8.829000 0.000000 0.000000 0.000000 0.000000 0.000000 0.000000 0.000000 0.000000 0.000000 0.000000 0.000000 0.000000 0.000000 0.000000 0.000000 0.000000 0.000000 0.000000 0.000000 0.000000 0.000000 0.000000 0.000000 0.000000
1.390801 0.000000 0.030692 0.069664 -0.168187 1.100272 0.041298 -0.129370 0.054360 0.059574 0.059334 0.099529 1.118739 -0.018803 -0.157641 -0.054133 -1.315652 0.555261 0.001539 -0.334281 0.010243 -0.433160 0.163143 -1.320860 0.626339 -0.076057 -0.608207 0.111686 -0.381687 -0.095739 -2.214096 0.703057 0.069855 -1.169878 0.010398 -0.839447 0.209606 -2.121998 0.838815 -0.011522 -1.409930 0.097069 -0.790740 -0.091754 3.899501 1.427998 -2.131255 3.364577 1.353551 -0.134443 3.899501 1.427998 6.697745 3.364577 1.353551 8.694557 0.000000 0.000000 -8.829000 0.000000 0.000000 -8.829000 0.000000 0.000000 0.000000 0.000000 0.000000 0.000000 0.000000 0.000000 0.000000 0.000000 0.000000 0.000000 0.000000 0.000000 0.000000 0.000000 0.000000 0.000000 0.000000 0.000000 0.000000 0.000000 0.000000 0.000000
1.417536 0.000000 0.030728 0.069664 -0.168163 1.099996 0.041274 -0.129082 0.054289 0.059610 0.059286 0.099529 1.118656 -0.018875 -0.157557 -0.054073 -1.331187 0.556225 0.006671 -0.333945 0.008501 -0.422336 0.168312 -1.297145 0.616921 -0.082990 -0.569283 0.112539 -0.365583 -0.101285 -2.229803 0.703973 0.075002 -1.169791 0.008667 -0.828596 0.214752 -2.098256 0.829268 -0.018495 -1.371035 0.097942 -0.774615 -0.097309 4.018816 1.447838 -2.418483 3.430022 1.357904 -0.679303 4.018816 1.447838 6.410517 3.430022 1.357904 8.149697 0.000000 0.000000 -8.829000 0.000000 0.000000 -8.829000 0.000000 0.000000 0.000000 0.000000 0.000000 0.000000 0.000000 0.000000 0.000000 0.000000 0.000000 0.000000 0.000000 0.000000 0.000000 0.000000 0.000000 0.000000 0.000000 0.000000 0.000000 0.000000 0.000000 0.000000
1.443535 0.000000 0.031039 0.069760 -0.168175 1.099145 0.041310 -0.128651 0.054253 0.059993 0.059274 0.099541 1.117685 -0.018887 -0.157269 -0.053953 -1.343545 0.540026 0.008462 -0.307841 0.007261 -0.413213 0.173420 -1.304405 0.639890 -0.083727 -0.538760 0.120902 -0.356267 -0.104553 -2.242304 0.687844 0.076928 -1.144368 0.007451 -0.819537 0.219877 -2.105776 0.852334 -0.019126 -1.341412 0.106323 -0.765505 -0.100535 4.221244 1.441864 -3.078360 3.597420 1.448508 -1.339782 4.221244 1.441864 5.750640 3.597420 1.448508 7.489218 0.000000 0.000000 -8.829000 0.000000 0.000000 -8.829000 0.000000 0.000000 0.000000 0.000000 0.000000 0.000000 0.000000 0.000000 0.000000 0.000000 0.000000 0.000000 0.000000 0.000000 0.000000 0.000000 0.000000 0.000000 0.000000 0.000000 0.000000 0.000000 0.000000 0.000000
1.472516 0.000000 0.031303 0.069784 -0.168175 1.098846 0.041310 -0.128555 0.054181 0.060125 0.059226 0.099541 1.117373 -0.018947 -0.157245 -0.053929 -1.302627 0.564182 0.007306 -0.264021 0.005403 -0.398490 0.180574 -1.309175 0.674200 -0.081339 -0.490993 0.128756 -0.348480 -0.105961 -2.200958 0.711971 0.075792 -1.100567 0.005590 -0.804783 0.227003 -2.110643 0.886526 -0.016746 -1.293959 0.114186 -0.757824 -0.101958 4.222358 1.518585 -3.475209 3.802472 1.581939 -2.216096 4.222358 1.518585 5.353791 3.802472 1.581939 6.612904 0.000000 0.000000 -8.829000 0.000000 0.000000 -8.829000 0.000000 0.000000 0.000000 0.000000 0.000000 0.000000 0.000000 0.000000 0.000000 0.000000 0.000000 0.000000 0.000000 0.000000 0.000000 0.000000 0.000000 0.000000 0.000000 0.000000 0.000000 0.000000 0.000000 0.000000
1.497430 0.000000 0.031722 0.069820 -0.168199 1.098150 0.041310 -0.128375 0.054061 0.060448 0.059142 0.099529 1.116618 -0.018995 -0.156909 -0.053845 -1.339771 0.559914 0.010718 -0.240250 0.004566 -0.395542 0.184727 -1.320565 0.651941 -0.091489 -0.446348 0.135935 -0.339950 -0.113595 -2.237772 0.707548 0.079254 -1.077198 0.004753 -0.801909 0.231112 -2.122080 0.864062 -0.026894 -1.249886 0.121394 -0.749363 -0.109596 4.519607 1.546736 -4.258166 4.042797 1.572480 -3.125861 4.519607 1.546736 4.570834 4.042797 1.572480 5.703139 0.000000 0.000000 -8.829000 0.000000 0.000000 -8.829000 0.000000 0.000000 0.000000 0.000000 0.000000 0.000000 0.000000 0.000000 0.000000 0.000000 0.000000 0.000000 0.000000 0.000000 0.000000 0.000000 0.000000 0.000000 0.000000 0.000000 0.000000 0.000000 0.000000 0.000000
1.525762 0.000000 0.033196 0.069940 -0.168175 1.096988 0.041322 -0.128171 0.053929 0.060904 0.059046 0.099553 1.115456 -0.018935 -0.156670 -0.053689 -1.295468 0.548262 0.011930 -0.178088 0.003685 -0.380815 0.187384 -1.334425 0.678178 -0.089282 -0.399074 0.132584 -0.333737 -0.116390 -2.190429 0.695932 0.080517 -1.014445 0.003872 -0.786888 0.233691 -2.136324 0.890149 -0.024640 -1.203754 0.118068 -0.743462 -0.112355 4.581465 1.554685 -4.963613 4.286400 1.689700 -4.059885 4.581465 1.554685 3.865387 4.286400 1.689700 4.769115 0.000000 0.000000 -8.829000 0.000000 0.000000 -8.829000 0.000000 0.000000 0.000000 0.000000 0.000000 0.000000 0.000000 0.000000 0.000000 0.000000 0.000000 0.000000 0.000000 0.000000 0.000000 0.000000 0.000000 0.000000 0.000000 0.000000 0.000000 0.000000 0.000000 0.000000
1.552937 0.000000 0.034287 0.070000 -0.168199 1.096065 0.041310 -0.127980 0.053869 0.061323 0.059010 0.099553 1.114389 -0.019019 -0.156442 -0.053617 -1.282260 0.544697 0.015845 -0.148966 0.002768 -0.375006 0.193193 -1.336450 0.689909 -0.093033 -0.354356 0.130803 -0.323582 -0.120966 -2.175052 0.692254 0.084445 -0.984978 0.002967 -0.780879 0.239442 -2.138697 0.901886 -0.028296 -1.160081 0.116302 -0.733594 -0.116922 4.643875 1.569204 -5.352467 4.477664 1.761520 -4.879893 4.643875 1.569204 3.476533 4.477664 1.761520 3.949107 0.000000 0.000000 -8.829000 0.000000 0.000000 -8.829000 0.000000 0.000000 0.000000 0.000000 0.000000 0.000000 0.000000 0.000000 0.000000 0.000000 0.000000 0.000000 0.000000 0.000000 0.000000 0.000000 0.000000 0.000000 0.000000 0.000000 0.000000 0.000000 0.000000 0.000000
1.576686 0.000000 0.035965 0.070204 -0.168211 1.093021 0.041298 -0.127740 0.053737 0.062989 0.058855 0.099577 1.111129 -0.019007 -0.155927 -0.053462 -1.293520 0.534761 0.025928 -0.136952 0.002127 -0.369812 0.197193 -1.309442 0.699972 -0.094440 -0.340353 0.136558 -0.312401 -0.123861 -2.185762 0.681943 0.094847 -0.975347 0.002347 -0.776456 0.243385 -2.111619 0.911762 -0.029437 -1.148716 0.122077 -0.723152 -0.119776 4.766466 1.570580 -5.707404 4.420294 1.783545 -4.923334 4.766466 1.570580 3.121596 4.420294 1.783545 3.905666 0.000000 0.000000 -8.829000 0.000000 0.000000 -8.829000 0.000000 0.000000 0.000000 0.000000 0.000000 0.000000 0.000000 0.000000 0.000000 0.000000 0.000000 0.000000 0.000000 0.000000 0.000000 0.000000 0.000000 0.000000 0.000000 0.000000 0.000000 0.000000 0.000000 0.000000
1.599828 0.000000 0.036504 0.070323 -0.168199 1.091727 0.041286 -0.127680 0.053677 0.063912 0.058747 0.099577 1.109176 -0.019043 -0.155699 -0.053402 -1.293400 0.542447 0.028217 -0.138794 0.001682 -0.367402 0.200810 -1.300332 0.704900 -0.097366 -0.340393 0.141817 -0.306484 -0.128456 -2.186011 0.689588 0.097333 -0.978514 0.001904 -0.774503 0.246997 -2.102762 0.916514 -0.032221 -1.150518 0.127344 -0.717778 -0.124369 4.763360 1.590370 -5.680881 4.391447 1.787647 -4.885132 4.763360 1.590370 3.148119 4.391447 1.787647 3.943868 0.000000 0.000000 -8.829000 0.000000 0.000000 -8.829000 0.000000 0.000000 0.000000 0.000000 0.000000 0.000000 0.000000 0.000000 0.000000 0.000000 0.000000 0.000000 0.000000 0.000000 0.000000 0.000000 0.000000 0.000000 0.000000 0.000000 0.000000 0.000000 0.000000 0.000000
1.623054 0.000000 0.037654 0.070503 -0.168223 1.089965 0.041322 -0.127524 0.053558 0.064547 0.058639 0.099553 1.106863 -0.019091 -0.155543 -0.053270 -1.283727 0.548951 0.030604 -0.117451 0.001079 -0.362392 0.204118 -1.321911 0.713348 -0.098163 -0.337258 0.138717 -0.300662 -0.128476 -2.175408 0.696053 0.099942 -0.958210 0.001301 -0.769805 0.250277 -2.126193 0.924856 -0.032847 -1.150335 0.124253 -0.712961 -0.124372 4.807037 1.621283 -5.946207 4.526201 1.823725 -5.202255 4.807037 1.621283 2.882793 4.526201 1.823725 3.626745 0.000000 0.000000 -8.829000 0.000000 0.000000 -8.829000 0.000000 0.000000 0.000000 0.000000 0.000000 0.000000 0.000000 0.000000 0.000000 0.000000 0.000000 0.000000 0.000000 0.000000 0.000000 0.000000 0.000000 0.000000 0.000000 0.000000 0.000000 0.000000 0.000000 0.000000
1.647218 0.000000 0.038014 0.070563 -0.168211 1.089558 0.041310 -0.127344 0.053450 0.064739 0.058555 0.099577 1.106108 -0.019151 -0.155340 -0.053198 -1.246850 0.527297 0.026918 -0.084572 0.000939 -0.355176 0.206466 -1.301395 0.733731 -0.096520 -0.316942 0.143619 -0.290632 -0.131240 -2.137916 0.674471 0.096310 -0.925314 0.001156 -0.762509 0.252594 -2.106230 0.945082 -0.031204 -1.130908 0.129176 -0.703170 -0.127147 4.771300 1.580415 -6.195241 4.519580 1.884262 -5.409050 4.771300 1.580415 2.633759 4.519580 1.884262 3.419950 0.000000 0.000000 -8.829000 0.000000 0.000000 -8.829000 0.000000 0.000000 0.000000 0.000000 0.000000 0.000000 0.000000 0.000000 0.000000 0.000000 0.000000 0.000000 0.000000 0.000000 0.000000 0.000000 0.000000 0.000000 0.000000 0.000000 0.000000 0.000000 0.000000 0.000000
1.673457 0.000000 0.038433 0.070695 -0.168235 1.088863 0.041310 -0.126961 0.053306 0.064978 0.058471 0.099649 1.104538 -0.019247 -0.155064 -0.052958 -1.303605 0.534884 0.033254 -0.078751 0.000249 -0.358380 0.213097 -1.334162 0.739680 -0.106321 -0.317028 0.140001 -0.291405 -0.134954 -2.194212 0.682253 0.102788 -0.919726 0.000466 -0.765638 0.259209 -2.140757 0.951083 -0.040907 -1.133228 0.125596 -0.704641 -0.130821 5.072818 1.631943 -6.799623 4.684277 1.907596 -5.729605 5.072818 1.631943 2.029377 4.684277 1.907596 3.099395 0.000000 0.000000 -8.829000 0.000000 0.000000 -8.829000 0.000000 0.000000 0.000000 0.000000 0.000000 0.000000 0.000000 0.000000 0.000000 0.000000 0.000000 0.000000 0.000000 0.000000 0.000000 0.000000 0.000000 0.000000 0.000000 0.000000 0.000000 0.000000 0.000000 0.000000
1.695627 0.000000 0.038493 0.070719 -0.168235 1.088635 0.041322 -0.126937 0.053270 0.065014 0.058411 0.099697 1.103627 -0.019259 -0.154992 -0.052862 -1.276973 0.521318 0.030197 -0.031551 0.000410 -0.351101 0.215646 -1.337430 0.753542 -0.111027 -0.302198 0.144047 -0.287747 -0.136670 -2.167750 0.668678 0.099772 -0.872809 0.000623 -0.758451 0.261754 -2.145433 0.964935 -0.045570 -1.119927 0.129652 -0.701507 -0.132526 5.144108 1.624035 -7.356431 4.762698 1.953077 -6.024121 5.144108 1.624035 1.472569 4.762698 1.953077 2.804879 0.000000 0.000000 -8.829000 0.000000 0.000000 -8.829000 0.000000 0.000000 0.000000 0.000000 0.000000 0.000000 0.000000 0.000000 0.000000 0.000000 0.000000 0.000000 0.000000 0.000000 0.000000 0.000000 0.000000 0.000000 0.000000 0.000000 0.000000 0.000000 0.000000 0.000000
1.723371 0.000000 0.038829 0.070983 -0.168223 1.084800 0.041310 -0.126098 0.053078 0.065494 0.058207 0.099685 1.100056 -0.019450 -0.154728 -0.052431 -1.377363 0.536734 0.037943 -0.096615 -0.000397 -0.359698 0.222661 -1.319234 0.776282 -0.116427 -0.283465 0.148772 -0.281531 -0.135016 -2.273001 0.683704 0.108145 -0.943534 -0.000133 -0.768754 0.268805 -2.131683 0.987540 -0.050767 -1.106597 0.134432 -0.697142 -0.130820 5.382308 1.657882 -7.192830 4.754852 2.009769 -6.155995 5.382308 1.657882 1.636170 4.754852 2.009769 2.673005 0.000000 0.000000 -8.829000 0.000000 0.000000 -8.829000 0.000000 0.000000 0.000000 0.000000 0.000000 0.000000 0.000000 0.000000 0.000000 0.000000 0.000000 0.000000 0.000000 0.000000 0.000000 0.000000 0.000000 0.000000 0.000000 0.000000 0.000000 0.000000 0.000000 0.000000
1.750352 0.000000 0.039620 0.071318 -0.168223 1.081564 0.041358 -0.126026 0.052970 0.065590 0.058171 0.099757 1.098894 -0.019546 -0.154716 -0.052263 -1.298692 0.537797 0.038251 -0.098115 -0.000656 -0.345469 0.226368 -1.332208 0.769498 -0.127981 -0.277648 0.153541 -0.279551 -0.139912 -2.197132 0.684728 0.109060 -0.949317 -0.000393 -0.756041 0.272571 -2.146341 0.980917 -0.062216 -1.102702 0.139217 -0.695855 -0.135683 5.016990 1.632034 -6.510193 4.851172 1.996866 -6.392214 5.016990 1.632034 2.318807 4.851172 1.996866 2.436786 0.000000 0.000000 -8.829000 0.000000 0.000000 -8.829000 0.000000 0.000000 0.000000 0.000000 0.000000 0.000000 0.000000 0.000000 0.000000 0.000000 0.000000 0.000000 0.000000 0.000000 0.000000 0.000000 0.000000 0.000000 0.000000 0.000000 0.000000 0.000000 0.000000 0.000000
1.776428 0.000000 0.041262 0.071809 -0.168259 1.077370 0.041417 -0.125583 0.052695 0.066045 0.057944 0.099745 1.096593 -0.019642 -0.154393 -0.051892 -1.235969 0.549564 0.041704 -0.066592 -0.001606 -0.318921 0.230275 -1.326417 0.797331 -0.128850 -0.249854 0.156795 -0.275222 -0.136823 -2.135768 0.696624 0.113262 -0.922045 -0.001348 -0.730845 0.276499 -2.142832 1.008347 -0.063056 -1.078018 0.142538 -0.692520 -0.132561 4.894083 1.669807 -6.605637 4.926615 2.083432 -6.774938 4.894083 1.669807 2.223363 4.926615 2.083432 2.054062 0.000000 0.000000 -8.829000 0.000000 0.000000 -8.829000 0.000000 0.000000 0.000000 0.000000 0.000000 0.000000 0.000000 0.000000 0.000000 0.000000 0.000000 0.000000 0.000000 0.000000 0.000000 0.000000 0.000000 0.000000 0.000000 0.000000 0.000000 0.000000 0.000000 0.000000
1.802472 0.000000 0.041837 0.072049 -0.168259 1.076183 0.041405 -0.125151 0.052575 0.066177 0.057848 0.099769 1.095981 -0.019738 -0.154153 -0.051676 -1.195012 0.544691 0.038917 -0.053569 -0.009739 -0.304122 0.231984 -1.330814 0.784379 -0.147770 -0.220535 0.160552 -0.271125 -0.138449 -2.094639 0.692179 0.110769 -0.909801 -0.009477 -0.716147 0.278230 -2.147697 0.995241 -0.082008 -1.049407 0.146345 -0.688585 -0.134166 4.780557 1.657047 -6.564062 5.068721 2.069017 -7.314955 4.780557 1.657047 2.264938 5.068721 2.069017 1.514045 0.000000 0.000000 -8.829000 0.000000 0.000000 -8.829000 0.000000 0.000000 0.000000 0.000000 0.000000 0.000000 0.000000 0.000000 0.000000 0.000000 0.000000 0.000000 0.000000 0.000000 0.000000 0.000000 0.000000 0.000000 0.000000 0.000000 0.000000 0.000000 0.000000 0.000000
1.827515 0.000000 0.043455 0.072816 -0.168282 1.073307 0.041525 -0.124552 0.052263 0.066824 0.057800 0.099853 1.093333 -0.019774 -0.153602 -0.051364 -1.199761 0.541165 0.037953 -0.073873 -0.008586 -0.302482 0.232368 -1.312169 0.811540 -0.145410 -0.214145 0.162624 -0.265264 -0.135470 -2.098490 0.690199 0.110704 -0.931840 -0.008374 -0.714865 0.278732 -2.131179 1.022692 -0.079385 -1.046300 0.148457 -0.683685 -0.131093 4.725445 1.639980 -6.301399 5.011554 2.132081 -7.260122 4.725445 1.639980 2.527601 5.011554 2.132081 1.568878 0.000000 0.000000 -8.829000 0.000000 0.000000 -8.829000 0.000000 0.000000 0.000000 0.000000 0.000000 0.000000 0.000000 0.000000 0.000000 0.000000 0.000000 0.000000 0.000000 0.000000 0.000000 0.000000 0.000000 0.000000 0.000000 0.000000 0.000000 0.000000 0.000000 0.000000
1.850525 0.000000 0.044198 0.073020 -0.168282 1.071869 0.041525 -0.124432 0.052095 0.067531 0.057752 0.099972 1.091379 -0.019810 -0.153194 -0.051269 -1.186388 0.512450 0.031047 -0.069516 -0.014715 -0.295752 0.229301 -1.334747 0.818793 -0.155334 -0.227753 0.164716 -0.263598 -0.138226 -2.085002 0.661634 0.104071 -0.928643 -0.014520 -0.708507 0.275649 -2.154582 1.030113 -0.089117 -1.061936 0.150561 -0.682585 -0.133820 4.697413 1.569336 -6.336178 5.085487 2.140698 -7.294094 4.697413 1.569336 2.492822 5.085487 2.140698 1.534906 0.000000 0.000000 -8.829000 0.000000 0.000000 -8.829000 0.000000 0.000000 0.000000 0.000000 0.000000 0.000000 0.000000 0.000000 0.000000 0.000000 0.000000 0.000000 0.000000 0.000000 0.000000 0.000000 0.000000 0.000000 0.000000 0.000000 0.000000 0.000000 0.000000 0.000000
1.878937 0.000000 0.045492 0.073343 -0.168294 1.069652 0.041537 -0.124324 0.051772 0.068897 0.057548 0.100116 1.087592 -0.019798 -0.153003 -0.051113 -1.146732 0.559114 0.040186 -0.049511 -0.022859 -0.282282 0.236978 -1.346131 0.829510 -0.166834 -0.215701 0.167000 -0.257271 -0.139004 -2.044716 0.708517 0.113623 -0.910220 -0.022707 -0.695565 0.283276 -2.167945 1.040700 -0.100349 -1.054182 0.152850 -0.677729 -0.134575 4.599275 1.689308 -6.312322 5.200152 2.171972 -7.614869 4.599275 1.689308 2.516678 5.200152 2.171972 1.214131 0.000000 0.000000 -8.829000 0.000000 0.000000 -8.829000 0.000000 0.000000 0.000000 0.000000 0.000000 0.000000 0.000000 0.000000 0.000000 0.000000 0.000000 0.000000 0.000000 0.000000 0.000000 0.000000 0.000000 0.000000 0.000000 0.000000 0.000000 0.000000 0.000000 0.000000
1.901832 0.000000 0.046115 0.073499 -0.168282 1.068466 0.041573 -0.124109 0.051592 0.069233 0.057500 0.100152 1.086694 -0.019798 -0.152667 -0.050993 -1.141571 0.580519 0.044404 -0.051632 -0.020969 -0.279619 0.237448 -1.324051 0.841110 -0.173855 -0.197816 0.168679 -0.246857 -0.140438 -2.039354 0.730020 0.118047 -0.913210 -0.020831 -0.693126 0.283723 -2.146115 1.052287 -0.107314 -1.037111 0.154555 -0.667470 -0.135981 4.567010 1.739298 -6.221341 5.181820 2.202848 -7.773250 4.567010 1.739298 2.607659 5.181820 2.202848 1.055750 0.000000 0.000000 -8.829000 0.000000 0.000000 -8.829000 0.000000 0.000000 0.000000 0.000000 0.000000 0.000000 0.000000 0.000000 0.000000 0.000000 0.000000 0.000000 0.000000 0.000000 0.000000 0.000000 0.000000 0.000000 0.000000 0.000000 0.000000 0.000000 0.000000 0.000000
1.928319 0.000000 0.048596 0.073907 -0.168282 1.063528 0.041609 -0.123953 0.051101 0.071306 0.057225 0.100260 1.082319 -0.019810 -0.152020 -0.050717 -1.098936 0.571867 0.040774 -0.086511 -0.018432 -0.280204 0.235050 -1.275095 0.850539 -0.182343 -0.216571 0.170597 -0.242795 -0.143161 -1.996718 0.720888 0.115061 -0.952455 -0.018331 -0.695234 0.281199 -2.097574 1.061344 -0.115534 -1.059686 0.156521 -0.664522 -0.138661 4.210422 1.671892 -5.258597 4.882431 2.170155 -7.016046 4.210422 1.671892 3.570403 4.882431 2.170155 1.812954 0.000000 0.000000 -8.829000 0.000000 0.000000 -8.829000 0.000000 0.000000 0.000000 0.000000 0.000000 0.000000 0.000000 0.000000 0.000000 0.000000 0.000000 0.000000 0.000000 0.000000 0.000000 0.000000 0.000000 0.000000 0.000000 0.000000 0.000000 0.000000 0.000000 0.000000
1.958935 0.000000 0.050106 0.074290 -0.168294 1.060388 0.041561 -0.123773 0.050573 0.072648 0.057021 0.100272 1.079743 -0.019870 -0.151840 -0.050442 -1.058218 0.585695 0.042680 -0.054042 -0.026313 -0.265868 0.233860 -1.268749 0.865135 -0.191912 -0.171131 0.172740 -0.231212 -0.149428 -1.956151 0.734755 0.117515 -0.922773 -0.026275 -0.681841 0.279902 -2.091203 1.075573 -0.124977 -1.016406 0.158709 -0.653648 -0.144887 4.164022 1.716895 -5.461011 5.031366 2.233193 -7.715716 4.164022 1.716895 3.367989 5.031366 2.233193 1.113284 0.000000 0.000000 -8.829000 0.000000 0.000000 -8.829000 0.000000 0.000000 0.000000 0.000000 0.000000 0.000000 0.000000 0.000000 0.000000 0.000000 0.000000 0.000000 0.000000 0.000000 0.000000 0.000000 0.000000 0.000000 0.000000 0.000000 0.000000 0.000000 0.000000 0.000000
1.990053 0.000000 0.050561 0.074422 -0.168306 1.059417 0.041525 -0.123701 0.050310 0.072816 0.056961 0.100296 1.079335 -0.019942 -0.151660 -0.050334 -1.032188 0.586854 0.050905 -0.026678 -0.032593 -0.267343 0.231628 -1.301913 0.909406 -0.194069 -0.134630 0.173297 -0.238510 -0.150749 -1.930188 0.735930 0.125922 -0.896272 -0.032590 -0.683602 0.277609 -2.124408 1.119743 -0.127149 -0.980227 0.159295 -0.660991 -0.146204 4.134389 1.733207 -5.604510 5.291037 2.379157 -8.493738 4.134389 1.733207 3.224490 5.291037 2.379157 0.335262 0.000000 0.000000 -8.829000 0.000000 0.000000 -8.829000 0.000000 0.000000 0.000000 0.000000 0.000000 0.000000 0.000000 0.000000 0.000000 0.000000 0.000000 0.000000 0.000000 0.000000 0.000000 0.000000 0.000000 0.000000 0.000000 0.000000 0.000000 0.000000 0.000000 0.000000
2.016656 0.000000 0.051928 0.074746 -0.168366 1.056721 0.041597 -0.123390 0.049651 0.073511 0.056817 0.100380 1.077921 -0.019930 -0.151133 -0.049986 -1.028526 0.600259 0.061356 -0.020768 -0.037467 -0.272566 0.225910 -1.275233 0.927839 -0.208052 -0.090741 0.174565 -0.228754 -0.153391 -1.926310 0.749239 0.136813 -0.892532 -0.037544 -0.689483 0.271748 -2.097569 1.138000 -0.141109 -0.937323 0.160636 -0.651374 -0.148772 4.120563 1.771130 -5.576319 5.333869 2.438531 -8.976789 4.120563 1.771130 3.252681 5.333869 2.438531 -0.147789 0.000000 0.000000 -8.829000 0.000000 0.000000 -8.829000 0.000000 0.000000 0.000000 0.000000 0.000000 0.000000 0.000000 0.000000 0.000000 0.000000 0.000000 0.000000 0.000000 0.000000 0.000000 0.000000 0.000000 0.000000 0.000000 0.000000 0.000000 0.000000 0.000000 0.000000
2.042578 0.000000 0.052407 0.074913 -0.168390 1.055762 0.041621 -0.123390 0.049387 0.073739 0.056745 0.100404 1.077322 -0.019954 -0.151037 -0.049890 -0.996907 0.598934 0.066395 -0.004572 -0.041514 -0.268247 0.219590 -1.281372 0.920507 -0.223632 -0.051885 0.175833 -0.226409 -0.155201 -1.894698 0.748024 0.142072 -0.877170 -0.041637 -0.685465 0.265387 -2.103938 1.130539 -0.156691 -0.899079 0.161925 -0.649212 -0.150576 4.037205 1.770834 -5.564178 5.505648 2.445737 -9.630542 4.037205 1.770834 3.264822 5.505648 2.445737 -0.801542 0.000000 0.000000 -8.829000 0.000000 0.000000 -8.829000 0.000000 0.000000 0.000000 0.000000 0.000000 0.000000 0.000000 0.000000 0.000000 0.000000 0.000000 0.000000 0.000000 0.000000 0.000000 0.000000 0.000000 0.000000 0.000000 0.000000 0.000000 0.000000 0.000000 0.000000
2.070449 0.000000 0.053258 0.075273 -0.168390 1.054120 0.041729 -0.123150 0.049015 0.074997 0.056470 0.100464 1.074841 -0.019942 -0.150474 -0.049579 -1.018308 0.601322 0.063008 0.025515 -0.045031 -0.272304 0.216177 -1.262165 0.943575 -0.223389 -0.006270 0.176347 -0.222893 -0.156273 -1.915874 0.750949 0.139132 -0.848285 -0.045215 -0.689848 0.261964 -2.084560 1.153031 -0.156430 -0.855344 0.162511 -0.646143 -0.151617 4.240293 1.801721 -6.145386 5.562738 2.524434 -10.108265 4.240293 1.801721 2.683614 5.562738 2.524434 -1.279265 0.000000 0.000000 -8.829000 0.000000 0.000000 -8.829000 0.000000 0.000000 0.000000 0.000000 0.000000 0.000000 0.000000 0.000000 0.000000 0.000000 0.000000 0.000000 0.000000 0.000000 0.000000 0.000000 0.000000 0.000000 0.000000 0.000000 0.000000 0.000000 0.000000 0.000000
2.101017 0.000000 0.054816 0.075800 -0.168402 1.051568 0.041777 -0.122982 0.048644 0.077622 0.056182 0.100476 1.070143 -0.020062 -0.149887 -0.049315 -0.963943 0.600217 0.068745 0.078429 -0.048939 -0.271527 0.212937 -1.251910 0.976702 -0.223458 0.034952 0.176957 -0.219576 -0.159360 -1.860518 0.750620 0.145510 -0.796985 -0.049187 -0.689578 0.258727 -2.073530 1.185634 -0.156197 -0.817592 0.163172 -0.643841 -0.154675 4.164580 1.818625 -6.406809 5.637346 2.621272 -10.562467 4.164580 1.818625 2.422191 5.637346 2.621272 -1.733467 0.000000 0.000000 -8.829000 0.000000 0.000000 -8.829000 0.000000 0.000000 0.000000 0.000000 0.000000 0.000000 0.000000 0.000000 0.000000 0.000000 0.000000 0.000000 0.000000 0.000000 0.000000 0.000000 0.000000 0.000000 0.000000 0.000000 0.000000 0.000000 0.000000 0.000000
2.130347 0.000000 0.055667 0.075932 -0.168402 1.050118 0.041789 -0.122862 0.048488 0.078257 0.056086 0.100679 1.068825 -0.020181 -0.149599 -0.049183 -0.953253 0.622387 0.080792 0.123473 -0.052572 -0.279493 0.213001 -1.254478 0.968537 -0.233081 0.070384 0.187680 -0.219600 -0.169558 -1.849374 0.772703 0.157740 -0.752960 -0.052831 -0.697866 0.258750 -2.076118 1.177526 -0.165744 -0.783249 0.173927 -0.644144 -0.164865 4.251407 1.902137 -6.848563 5.768034 2.620040 -11.084197 4.251407 1.902137 1.980437 5.768034 2.620040 -2.255197 0.000000 0.000000 -8.829000 0.000000 0.000000 -8.829000 0.000000 0.000000 0.000000 0.000000 0.000000 0.000000 0.000000 0.000000 0.000000 0.000000 0.000000 0.000000 0.000000 0.000000 0.000000 0.000000 0.000000 0.000000 0.000000 0.000000 0.000000 0.000000 0.000000 0.000000
2.155795 0.000000 0.057812 0.076375 -0.168414 1.045720 0.041753 -0.122263 0.048225 0.079947 0.055715 0.100955 1.065613 -0.020301 -0.148988 -0.048968 -0.870906 0.624683 0.083410 0.148251 -0.054713 -0.274648 0.210121 -1.184328 0.989180 -0.232587 0.121490 0.195174 -0.207378 -0.174250 -1.766948 0.774970 0.161021 -0.731835 -0.054956 -0.694101 0.255839 -2.005613 1.197536 -0.165231 -0.734565 0.181488 -0.632549 -0.169594 3.941986 1.893102 -6.464748 5.613082 2.672838 -11.220834 3.941986 1.893102 2.364252 5.613082 2.672838 -2.391834 0.000000 0.000000 -8.829000 0.000000 0.000000 -8.829000 0.000000 0.000000 0.000000 0.000000 0.000000 0.000000 0.000000 0.000000 0.000000 0.000000 0.000000 0.000000 0.000000 0.000000 0.000000 0.000000 0.000000 0.000000 0.000000 0.000000 0.000000 0.000000 0.000000 0.000000
2.185291 0.000000 0.060532 0.076615 -0.168462 1.040039 0.041801 -0.122059 0.047937 0.084045 0.055331 0.101063 1.058015 -0.020265 -0.148580 -0.048704 -0.870532 0.612512 0.085362 0.157004 -0.056575 -0.281496 0.214806 -1.102837 1.015868 -0.239100 0.136102 0.202475 -0.207201 -0.178059 -1.766989 0.761529 0.163481 -0.728364 -0.056799 -0.702789 0.260396 -1.923664 1.223682 -0.171162 -0.726167 0.188803 -0.634446 -0.173339 3.946734 1.867912 -6.482686 5.235380 2.682322 -10.523557 3.946734 1.867912 2.346314 5.235380 2.682322 -1.694557 0.000000 0.000000 -8.829000 0.000000 0.000000 -8.829000 0.000000 0.000000 0.000000 0.000000 0.000000 0.000000 0.000000 0.000000 0.000000 0.000000 0.000000 0.000000 0.000000 0.000000 0.000000 0.000000 0.000000 0.000000 0.000000 0.000000 0.000000 0.000000 0.000000 0.000000
2.215671 0.000000 0.061551 0.076807 -0.168474 1.038014 0.041789 -0.121748 0.047793 0.085148 0.055115 0.101231 1.056290 -0.020397 -0.148532 -0.048548 -0.855979 0.624764 0.093128 0.169453 -0.058882 -0.282334 0.217016 -1.128521 1.037501 -0.246858 0.123619 0.208831 -0.212878 -0.184253 -1.752271 0.773718 0.171530 -0.717522 -0.059099 -0.704083 0.262580 -1.948697 1.244961 -0.178908 -0.739797 0.195196 -0.640521 -0.179550 3.914929 1.904928 -6.493496 5.298472 2.719540 -10.512544 3.914929 1.904928 2.335504 5.298472 2.719540 -1.683544 0.000000 0.000000 -8.829000 0.000000 0.000000 -8.829000 0.000000 0.000000 0.000000 0.000000 0.000000 0.000000 0.000000 0.000000 0.000000 0.000000 0.000000 0.000000 0.000000 0.000000 0.000000 0.000000 0.000000 0.000000 0.000000 0.000000 0.000000 0.000000 0.000000 0.000000
2.241768 0.000000 0.063385 0.076999 -0.168486 1.033723 0.041849 -0.120981 0.047422 0.087868 0.054600 0.101446 1.050897 -0.020397 -0.148101 -0.048201 -0.781598 0.611824 0.084882 0.191305 -0.068401 -0.271813 0.217859 -0.997336 1.011021 -0.254936 0.130116 0.215215 -0.201910 -0.192474 -1.678549 0.759921 0.163682 -0.699626 -0.068593 -0.694687 0.263306 -1.817663 1.217508 -0.186855 -0.737921 0.201648 -0.631042 -0.187772 3.654623 1.856042 -6.222663 4.703006 2.583181 -9.403910 3.654623 1.856042 2.606337 4.703006 2.583181 -0.574910 0.000000 0.000000 -8.829000 0.000000 0.000000 -8.829000 0.000000 0.000000 0.000000 0.000000 0.000000 0.000000 0.000000 0.000000 0.000000 0.000000 0.000000 0.000000 0.000000 0.000000 0.000000 0.000000 0.000000 0.000000 0.000000 0.000000 0.000000 0.000000 0.000000 0.000000
2.266815 0.000000 0.064020 0.077023 -0.168534 1.032537 0.041825 -0.120837 0.047314 0.089342 0.054372 0.101614 1.048236 -0.020529 -0.148101 -0.048045 -0.782396 0.610418 0.090808 0.213491 -0.069016 -0.266777 0.220911 -0.947434 1.062058 -0.241500 0.123962 0.225671 -0.202244 -0.189831 -1.679143 0.758127 0.169665 -0.678368 -0.069201 -0.689934 0.266298 -1.767541 1.268229 -0.173306 -0.746274 0.212131 -0.632173 -0.185139 3.753056 1.875351 -6.587323 4.422825 2.678818 -8.803354 3.753056 1.875351 2.241677 4.422825 2.678818 0.025646 0.000000 0.000000 -8.829000 0.000000 0.000000 -8.829000 0.000000 0.000000 0.000000 0.000000 0.000000 0.000000 0.000000 0.000000 0.000000 0.000000 0.000000 0.000000 0.000000 0.000000 0.000000 0.000000 0.000000 0.000000 0.000000 0.000000 0.000000 0.000000 0.000000 0.000000
2.294352 0.000000 0.065446 0.077178 -0.168534 1.029972 0.041837 -0.119794 0.046978 0.092914 0.053833 0.101938 1.042016 -0.020637 -0.147789 -0.047805 -0.749721 0.590983 0.090313 0.251417 -0.069030 -0.250141 0.221266 -0.890513 1.062651 -0.255018 0.091071 0.238394 -0.210180 -0.199621 -1.645415 0.738402 0.169382 -0.641863 -0.069183 -0.673391 0.266547 -1.709506 1.267881 -0.186590 -0.783878 0.224901 -0.641682 -0.194964 3.776726 1.849848 -7.007222 4.011901 2.596077 -7.676610 3.776726 1.849848 1.821778 4.011901 2.596077 1.152390 0.000000 0.000000 -8.829000 0.000000 0.000000 -8.829000 0.000000 0.000000 0.000000 0.000000 0.000000 0.000000 0.000000 0.000000 0.000000 0.000000 0.000000 0.000000 0.000000 0.000000 0.000000 0.000000 0.000000 0.000000 0.000000 0.000000 0.000000 0.000000 0.000000 0.000000
2.327956 0.000000 0.067843 0.077502 -0.168522 1.025047 0.041837 -0.118632 0.046715 0.094364 0.053138 0.102178 1.039404 -0.020685 -0.147706 -0.047589 -0.671618 0.614644 0.102470 0.259618 -0.070006 -0.226578 0.230672 -0.903524 1.042561 -0.259006 0.093343 0.251347 -0.216816 -0.210966 -1.566942 0.761581 0.182066 -0.637492 -0.070093 -0.650748 0.275881 -1.722182 1.246019 -0.191012 -0.783654 0.237942 -0.649020 -0.206457 3.479848 1.899270 -6.591313 4.062628 2.537475 -7.734723 3.479848 1.899270 2.237687 4.062628 2.537475 1.094277 0.000000 0.000000 -8.829000 0.000000 0.000000 -8.829000 0.000000 0.000000 0.000000 0.000000 0.000000 0.000000 0.000000 0.000000 0.000000 0.000000 0.000000 0.000000 0.000000 0.000000 0.000000 0.000000 0.000000 0.000000 0.000000 0.000000 0.000000 0.000000 0.000000 0.000000
2.355408 0.000000 0.069173 0.077526 -0.168522 1.022314 0.041837 -0.118404 0.046547 0.094759 0.052671 0.102297 1.038625 -0.020697 -0.147454 -0.047529 -0.642858 0.593947 0.100580 0.277563 -0.069743 -0.216511 0.231375 -0.853355 1.059925 -0.261144 0.138743 0.259601 -0.214458 -0.217794 -1.538228 0.740017 0.180301 -0.621992 -0.069810 -0.641483 0.276479 -1.671862 1.262043 -0.193586 -0.738757 0.246260 -0.646738 -0.213426 3.430490 1.853248 -6.686280 3.968473 2.583727 -7.920872 3.430490 1.853248 2.142720 3.968473 2.583727 0.908128 0.000000 0.000000 -8.829000 0.000000 0.000000 -8.829000 0.000000 0.000000 0.000000 0.000000 0.000000 0.000000 0.000000 0.000000 0.000000 0.000000 0.000000 0.000000 0.000000 0.000000 0.000000 0.000000 0.000000 0.000000 0.000000 0.000000 0.000000 0.000000 0.000000 0.000000
2.386560 0.000000 0.071198 0.077574 -0.168546 1.017808 0.041933 -0.117553 0.046283 0.095682 0.050813 0.102621 1.037031 -0.020697 -0.147022 -0.047206 -0.629072 0.588930 0.107053 0.285590 -0.080022 -0.205032 0.237328 -0.803369 1.019780 -0.277099 0.200368 0.269183 -0.219133 -0.228851 -1.524782 0.733642 0.186991 -0.617965 -0.080028 -0.631114 0.282294 -1.621154 1.216343 -0.211462 -0.677917 0.256100 -0.651506 -0.225029 3.421065 1.851298 -6.759682 3.917733 2.480130 -8.269409 3.421065 1.851298 2.069318 3.917733 2.480130 0.559591 0.000000 0.000000 -8.829000 0.000000 0.000000 -8.829000 0.000000 0.000000 0.000000 0.000000 0.000000 0.000000 0.000000 0.000000 0.000000 0.000000 0.000000 0.000000 0.000000 0.000000 0.000000 0.000000 0.000000 0.000000 0.000000 0.000000 0.000000 0.000000 0.000000 0.000000
2.412348 0.000000 0.072325 0.077622 -0.168522 1.015339 0.042029 -0.117110 0.046175 0.096365 0.050106 0.102705 1.035821 -0.020745 -0.146795 -0.047002 -0.577958 0.559212 0.102697 0.310563 -0.078352 -0.190369 0.238013 -0.771351 1.055793 -0.269455 0.256298 0.273894 -0.224373 -0.230290 -1.473816 0.703301 0.182780 -0.595165 -0.078323 -0.617057 0.282929 -1.588785 1.250269 -0.204478 -0.622746 0.260920 -0.656924 -0.226651 3.302241 1.780384 -6.813357 3.916760 2.588005 -8.679160 3.302241 1.780384 2.015643 3.916760 2.588005 0.149840 0.000000 0.000000 -8.829000 0.000000 0.000000 -8.829000 0.000000 0.000000 0.000000 0.000000 0.000000 0.000000 0.000000 0.000000 0.000000 0.000000 0.000000 0.000000 0.000000 0.000000 0.000000 0.000000 0.000000 0.000000 0.000000 0.000000 0.000000 0.000000 0.000000 0.000000
2.441768 0.000000 0.074146 0.077706 -0.168522 1.011696 0.042292 -0.116750 0.045876 0.098954 0.048956 0.102885 1.031530 -0.020900 -0.146351 -0.046774 -0.549990 0.566283 0.109804 0.358175 -0.077690 -0.180677 0.244659 -0.706056 1.045749 -0.275963 0.280088 0.280237 -0.232364 -0.240644 -1.445706 0.709356 0.190095 -0.550673 -0.077660 -0.608343 0.289473 -1.522082 1.236984 -0.211770 -0.601741 0.267407 -0.665735 -0.237308 3.354305 1.825567 -7.276424 3.650596 2.527172 -8.293365 3.354305 1.825567 1.552576 3.650596 2.527172 0.535635 0.000000 0.000000 -8.829000 0.000000 0.000000 -8.829000 0.000000 0.000000 0.000000 0.000000 0.000000 0.000000 0.000000 0.000000 0.000000 0.000000 0.000000 0.000000 0.000000 0.000000 0.000000 0.000000 0.000000 0.000000 0.000000 0.000000 0.000000 0.000000 0.000000 0.000000
2.466674 0.000000 0.074925 0.077862 -0.168546 1.010366 0.042340 -0.116391 0.045624 0.101363 0.048153 0.102909 1.027216 -0.020948 -0.146279 -0.046655 -0.522344 0.557885 0.110546 0.425659 -0.084795 -0.171405 0.249373 -0.654322 1.049122 -0.276938 0.314359 0.284539 -0.237598 -0.249756 -1.417479 0.700971 0.191028 -0.483942 -0.084783 -0.599196 0.294138 -1.469824 1.238067 -0.213150 -0.570864 0.271778 -0.672158 -0.246618 3.482202 1.845138 -8.052894 3.486222 2.519739 -8.189494 3.482202 1.845138 0.776106 3.486222 2.519739 0.639506 0.000000 0.000000 -8.829000 0.000000 0.000000 -8.829000 0.000000 0.000000 0.000000 0.000000 0.000000 0.000000 0.000000 0.000000 0.000000 0.000000 0.000000 0.000000 0.000000 0.000000 0.000000 0.000000 0.000000 0.000000 0.000000 0.000000 0.000000 0.000000 0.000000 0.000000
2.490400 0.000000 0.075105 0.077862 -0.168522 1.009863 0.042376 -0.116319 0.045444 0.102525 0.047865 0.102968 1.025346 -0.020984 -0.146279 -0.046559 -0.555588 0.554223 0.114035 0.491331 -0.090879 -0.173755 0.254823 -0.645796 1.019629 -0.287431 0.344782 0.288915 -0.252776 -0.262432 -1.450922 0.697109 0.194538 -0.418813 -0.090887 -0.601714 0.299533 -1.460710 1.207845 -0.223737 -0.541740 0.276185 -0.687803 -0.259342 3.870255 1.895424 -9.221629 3.502636 2.444066 -8.362252 3.870255 1.895424 -0.392629 3.502636 2.444066 0.466748 0.000000 0.000000 -8.829000 0.000000 0.000000 -8.829000 0.000000 0.000000 0.000000 0.000000 0.000000 0.000000 0.000000 0.000000 0.000000 0.000000 0.000000 0.000000 0.000000 0.000000 0.000000 0.000000 0.000000 0.000000 0.000000 0.000000 0.000000 0.000000 0.000000 0.000000
2.513541 0.000000 0.078101 0.078029 -0.168534 1.004674 0.042448 -0.115660 0.045025 0.106168 0.047098 0.103088 1.018108 -0.021140 -0.145932 -0.046235 -0.410138 0.542884 0.110208 0.543178 -0.088549 -0.163698 0.259065 -0.620329 1.043456 -0.281262 0.362964 0.291008 -0.262245 -0.264832 -1.303857 0.684550 0.190995 -0.370619 -0.088537 -0.592723 0.303577 -1.435546 1.229909 -0.217604 -0.529857 0.278358 -0.699400 -0.261848 3.361225 1.843561 -8.732927 3.396274 2.487152 -8.203839 3.361225 1.843561 0.096073 3.396274 2.487152 0.625161 0.000000 0.000000 -8.829000 0.000000 0.000000 -8.829000 0.000000 0.000000 0.000000 0.000000 0.000000 0.000000 0.000000 0.000000 0.000000 0.000000 0.000000 0.000000 0.000000 0.000000 0.000000 0.000000 0.000000 0.000000 0.000000 0.000000 0.000000 0.000000 0.000000 0.000000
2.539227 0.000000 0.080354 0.078161 -0.168534 1.000443 0.042532 -0.115504 0.044797 0.107139 0.046966 0.103352 1.016418 -0.021128 -0.145848 -0.046115 -0.420718 0.537416 0.113444 0.521102 -0.094508 -0.166375 0.263164 -0.540496 1.070026 -0.276083 0.393858 0.301711 -0.265554 -0.271207 -1.313975 0.678050 0.194498 -0.396231 -0.094487 -0.596624 0.307560 -1.355385 1.256499 -0.212344 -0.500253 0.289077 -0.703139 -0.268199 3.318527 1.821384 -8.455961 3.097760 2.538279 -7.864214 3.318527 1.821384 0.373039 3.097760 2.538279 0.964786 0.000000 0.000000 -8.829000 0.000000 0.000000 -8.829000 0.000000 0.000000 0.000000 0.000000 0.000000 0.000000 0.000000 0.000000 0.000000 0.000000 0.000000 0.000000 0.000000 0.000000 0.000000 0.000000 0.000000 0.000000 0.000000 0.000000 0.000000 0.000000 0.000000 0.000000
2.564183 0.000000 0.083470 0.078185 -0.168714 0.993396 0.042688 -0.115049 0.044222 0.109380 0.046211 0.103640 1.012403 -0.021404 -0.145572 -0.045816 -0.358037 0.524852 0.111748 0.509969 -0.099353 -0.157929 0.264731 -0.489939 1.015916 -0.292914 0.401538 0.304803 -0.277967 -0.283785 -1.252462 0.662840 0.193066 -0.414230 -0.099321 -0.590497 0.308840 -1.304180 1.200632 -0.229558 -0.495615 0.292281 -0.716540 -0.280938 2.990448 1.756879 -7.790899 2.857684 2.365476 -7.383033 2.990448 1.756879 1.038101 2.857684 2.365476 1.445967 0.000000 0.000000 -8.829000 0.000000 0.000000 -8.829000 0.000000 0.000000 0.000000 0.000000 0.000000 0.000000 0.000000 0.000000 0.000000 0.000000 0.000000 0.000000 0.000000 0.000000 0.000000 0.000000 0.000000 0.000000 0.000000 0.000000 0.000000 0.000000 0.000000 0.000000
2.589521 0.000000 0.084489 0.078185 -0.168750 0.991203 0.042700 -0.114989 0.043814 0.110638 0.046079 0.103915 1.010042 -0.021679 -0.145297 -0.045672 -0.361315 0.513830 0.114776 0.505911 -0.104041 -0.160289 0.263146 -0.428577 1.055257 -0.283909 0.417145 0.305376 -0.289633 -0.291088 -1.255981 0.650906 0.196155 -0.420396 -0.104048 -0.593606 0.307087 -1.242588 1.240090 -0.220399 -0.481875 0.292888 -0.728774 -0.288250 2.986001 1.729885 -7.737613 2.577559 2.443582 -6.924568 2.986001 1.729885 1.091387 2.577559 2.443582 1.904432 0.000000 0.000000 -8.829000 0.000000 0.000000 -8.829000 0.000000 0.000000 0.000000 0.000000 0.000000 0.000000 0.000000 0.000000 0.000000 0.000000 0.000000 0.000000 0.000000 0.000000 0.000000 0.000000 0.000000 0.000000 0.000000 0.000000 0.000000 0.000000 0.000000 0.000000
2.616236 0.000000 0.085711 0.078305 -0.168762 0.989034 0.042832 -0.114941 0.042880 0.112580 0.045768 0.104455 1.004686 -0.022015 -0.144781 -0.045324 -0.310489 0.507135 0.116788 0.584642 -0.108628 -0.150227 0.256009 -0.413667 1.061780 -0.286909 0.409779 0.306743 -0.299560 -0.301584 -1.204660 0.643542 0.198322 -0.343357 -0.108780 -0.584142 0.299674 -1.230150 1.246823 -0.223122 -0.495079 0.294316 -0.740601 -0.298739 3.036210 1.745929 -8.445652 2.461834 2.433423 -6.570717 3.036210 1.745929 0.383348 2.461834 2.433423 2.258283 0.000000 0.000000 -8.829000 0.000000 0.000000 -8.829000 0.000000 0.000000 0.000000 0.000000 0.000000 0.000000 0.000000 0.000000 0.000000 0.000000 0.000000 0.000000 0.000000 0.000000 0.000000 0.000000 0.000000 0.000000 0.000000 0.000000 0.000000 0.000000 0.000000 0.000000
2.639416 0.000000 0.086191 0.078353 -0.168786 0.988219 0.042808 -0.114773 0.042496 0.113299 0.045672 0.104778 1.002037 -0.022063 -0.144722 -0.045169 -0.278980 0.485338 0.112825 0.642664 -0.111422 -0.151077 0.250532 -0.450144 1.078766 -0.278729 0.393493 0.307306 -0.318643 -0.310015 -1.172805 0.621502 0.194409 -0.285839 -0.111621 -0.585112 0.294072 -1.268739 1.264192 -0.214735 -0.514788 0.294886 -0.760893 -0.307133 3.084652 1.713959 -8.973293 2.533978 2.469702 -6.470458 3.084652 1.713959 -0.144293 2.533978 2.469702 2.358542 0.000000 0.000000 -8.829000 0.000000 0.000000 -8.829000 0.000000 0.000000 0.000000 0.000000 0.000000 0.000000 0.000000 0.000000 0.000000 0.000000 0.000000 0.000000 0.000000 0.000000 0.000000 0.000000 0.000000 0.000000 0.000000 0.000000 0.000000 0.000000 0.000000 0.000000
2.666253 0.000000 0.088863 0.078509 -0.168798 0.983330 0.042892 -0.114617 0.041214 0.113395 0.044965 0.106959 0.998226 -0.022339 -0.144626 -0.044953 -0.278655 0.484923 0.126651 0.651972 -0.115091 -0.167599 0.236691 -0.404881 1.055241 -0.250738 0.447964 0.308397 -0.322772 -0.321791 -1.171664 0.619543 0.208484 -0.280493 -0.115458 -0.603024 0.279789 -1.229354 1.241598 -0.186966 -0.466902 0.296034 -0.767354 -0.319052 3.066189 1.717015 -8.911882 2.478571 2.451465 -6.708777 3.066189 1.717015 -0.082882 2.478571 2.451465 2.120223 0.000000 0.000000 -8.829000 0.000000 0.000000 -8.829000 0.000000 0.000000 0.000000 0.000000 0.000000 0.000000 0.000000 0.000000 0.000000 0.000000 0.000000 0.000000 0.000000 0.000000 0.000000 0.000000 0.000000 0.000000 0.000000 0.000000 0.000000 0.000000 0.000000 0.000000
2.690877 0.000000 0.089582 0.078461 -0.168846 0.981652 0.042975 -0.114605 0.040531 0.113371 0.044485 0.107642 0.997351 -0.022482 -0.144626 -0.044713 -0.224842 0.470285 0.122507 0.717429 -0.125235 -0.167647 0.217916 -0.400785 1.059123 -0.228006 0.513571 0.309864 -0.334935 -0.330444 -1.118227 0.603880 0.204317 -0.216780 -0.125698 -0.603707 0.260773 -1.226714 1.244975 -0.164643 -0.402873 0.297582 -0.780085 -0.327804 3.033403 1.691946 -9.340312 2.622261 2.511966 -7.393459 3.033403 1.691946 -0.511312 2.622261 2.511966 1.435541 0.000000 0.000000 -8.829000 0.000000 0.000000 -8.829000 0.000000 0.000000 0.000000 0.000000 0.000000 0.000000 0.000000 0.000000 0.000000 0.000000 0.000000 0.000000 0.000000 0.000000 0.000000 0.000000 0.000000 0.000000 0.000000 0.000000 0.000000 0.000000 0.000000 0.000000
2.717070 0.000000 0.092638 0.078629 -0.168990 0.975037 0.043251 -0.113946 0.038529 0.113874 0.042700 0.108541 0.993229 -0.023956 -0.144014 -0.044210 -0.168330 0.450164 0.121707 0.738248 -0.127031 -0.172830 0.196272 -0.396949 0.973014 -0.234340 0.544977 0.296223 -0.351564 -0.345111 -1.062133 0.581311 0.203829 -0.201955 -0.127747 -0.610808 0.238498 -1.227585 1.154959 -0.172641 -0.377326 0.284256 -0.798597 -0.343165 2.815529 1.622344 -9.071242 2.678134 2.302052 -7.590205 2.815529 1.622344 -0.242242 2.678134 2.302052 1.238795 0.000000 0.000000 -8.829000 0.000000 0.000000 -8.829000 0.000000 0.000000 0.000000 0.000000 0.000000 0.000000 0.000000 0.000000 0.000000 0.000000 0.000000 0.000000 0.000000 0.000000 0.000000 0.000000 0.000000 0.000000 0.000000 0.000000 0.000000 0.000000 0.000000 0.000000
2.747679 0.000000 0.095778 0.078940 -0.169002 0.968505 0.043527 -0.113646 0.037523 0.114473 0.039069 0.108769 0.986230 -0.025898 -0.143547 -0.043419 -0.130157 0.453371 0.138624 0.774876 -0.129442 -0.178028 0.178205 -0.404181 0.941070 -0.214863 0.596664 0.279681 -0.365378 -0.348619 -1.024236 0.583035 0.221270 -0.171219 -0.130281 -0.618016 0.220148 -1.243942 1.112861 -0.156960 -0.336138 0.268276 -0.815999 -0.348052 2.737177 1.641810 -9.134175 2.843226 2.243089 -8.112747 2.737177 1.641810 -0.305175 2.843226 2.243089 0.716253 0.000000 0.000000 -8.829000 0.000000 0.000000 -8.829000 0.000000 0.000000 0.000000 0.000000 0.000000 0.000000 0.000000 0.000000 0.000000 0.000000 0.000000 0.000000 0.000000 0.000000 0.000000 0.000000 0.000000 0.000000 0.000000 0.000000 0.000000 0.000000 0.000000 0.000000
2.772559 0.000000 0.097000 0.078976 -0.169073 0.966468 0.043539 -0.113610 0.037403 0.114845 0.038086 0.108829 0.983473 -0.026174 -0.143451 -0.043083 -0.073812 0.449903 0.139779 0.802581 -0.130862 -0.181587 0.166989 -0.397673 0.939252 -0.196143 0.604125 0.260015 -0.374122 -0.348756 -0.967222 0.578905 0.222475 -0.145000 -0.131699 -0.622105 0.208851 -1.240690 1.108413 -0.139200 -0.332679 0.248761 -0.826135 -0.348479 2.551056 1.624978 -8.999344 2.810007 2.246732 -8.033327 2.551056 1.624978 -0.170344 2.810007 2.246732 0.795673 0.000000 0.000000 -8.829000 0.000000 0.000000 -8.829000 0.000000 0.000000 0.000000 0.000000 0.000000 0.000000 0.000000 0.000000 0.000000 0.000000 0.000000 0.000000 0.000000 0.000000 0.000000 0.000000 0.000000 0.000000 0.000000 0.000000 0.000000 0.000000 0.000000 0.000000
2.800836 0.000000 0.099960 0.079276 -0.169145 0.960464 0.043790 -0.112999 0.036875 0.116690 0.036720 0.109009 0.973479 -0.026557 -0.142349 -0.042496 -0.062774 0.438169 0.146174 0.822441 -0.140847 -0.194177 0.154256 -0.397998 0.954143 -0.171367 0.583176 0.248471 -0.375088 -0.350202 -0.956002 0.565984 0.229346 -0.130202 -0.141709 -0.636275 0.195980 -1.251012 1.120447 -0.115233 -0.367088 0.237407 -0.831478 -0.350262 2.527907 1.601148 -9.026288 2.745162 2.276124 -7.656761 2.527907 1.601148 -0.197288 2.745162 2.276124 1.172239 0.000000 0.000000 -8.829000 0.000000 0.000000 -8.829000 0.000000 0.000000 0.000000 0.000000 0.000000 0.000000 0.000000 0.000000 0.000000 0.000000 0.000000 0.000000 0.000000 0.000000 0.000000 0.000000 0.000000 0.000000 0.000000 0.000000 0.000000 0.000000 0.000000 0.000000
2.827215 0.000000 0.100967 0.079324 -0.169157 0.957851 0.043862 -0.112951 0.036768 0.117170 0.036252 0.108985 0.970291 -0.026581 -0.142061 -0.042328 -0.044947 0.392213 0.138518 0.854500 -0.156951 -0.205530 0.147365 -0.409351 0.920455 -0.165659 0.599442 0.240436 -0.381579 -0.360770 -0.939156 0.519258 0.221850 -0.100976 -0.157809 -0.648634 0.189044 -1.265929 1.085646 -0.109850 -0.355314 0.229428 -0.839457 -0.360944 2.528003 1.493971 -9.229567 2.836451 2.204753 -7.856445 2.528003 1.493971 -0.400567 2.836451 2.204753 0.972555 0.000000 0.000000 -8.829000 0.000000 0.000000 -8.829000 0.000000 0.000000 0.000000 0.000000 0.000000 0.000000 0.000000 0.000000 0.000000 0.000000 0.000000 0.000000 0.000000 0.000000 0.000000 0.000000 0.000000 0.000000 0.000000 0.000000 0.000000 0.000000 0.000000 0.000000
2.863071 0.000000 0.102178 0.079995 -0.169193 0.951679 0.044162 -0.112340 0.036252 0.118404 0.035294 0.109224 0.962118 -0.026605 -0.139700 -0.041358 -0.055058 0.418713 0.160976 0.887611 -0.166329 -0.212400 0.143467 -0.418862 0.890334 -0.166382 0.561065 0.230359 -0.360768 -0.355131 -0.955021 0.545624 0.245547 -0.075946 -0.167252 -0.658148 0.185256 -1.283566 1.053917 -0.111104 -0.404220 0.219596 -0.821471 -0.355346 2.674589 1.593353 -9.586213 2.831570 2.115500 -7.578768 2.674589 1.593353 -0.757213 2.831570 2.115500 1.250232 0.000000 0.000000 -8.829000 0.000000 0.000000 -8.829000 0.000000 0.000000 0.000000 0.000000 0.000000 0.000000 0.000000 0.000000 0.000000 0.000000 0.000000 0.000000 0.000000 0.000000 0.000000 0.000000 0.000000 0.000000 0.000000 0.000000 0.000000 0.000000 0.000000 0.000000
2.898938 0.000000 0.102213 0.080174 -0.169193 0.950073 0.044174 -0.112268 0.036180 0.118548 0.035042 0.109248 0.960212 -0.026725 -0.139293 -0.040830 -0.044580 0.382544 0.159211 0.922563 -0.149681 -0.219946 0.133038 -0.428082 0.860523 -0.166470 0.575060 0.221685 -0.337499 -0.344613 -0.947000 0.509440 0.244163 -0.043605 -0.150615 -0.666602 0.174881 -1.295209 1.023750 -0.111351 -0.392998 0.211037 -0.799035 -0.344784 2.733155 1.518267 -9.909466 2.978529 2.064795 -7.997497 2.733155 1.518267 -1.080466 2.978529 2.064795 0.831503 0.000000 0.000000 -8.829000 0.000000 0.000000 -8.829000 0.000000 0.000000 0.000000 0.000000 0.000000 0.000000 0.000000 0.000000 0.000000 0.000000 0.000000 0.000000 0.000000 0.000000 0.000000 0.000000 0.000000 0.000000 0.000000 0.000000 0.000000 0.000000 0.000000 0.000000
2.938691 0.000000 0.102621 0.081085 -0.169217 0.944788 0.044378 -0.111657 0.035833 0.119135 0.034718 0.109536 0.956509 -0.026761 -0.137902 -0.039476 -0.084720 0.414289 0.162974 0.978682 -0.173576 -0.231169 0.134886 -0.442408 0.870772 -0.175828 0.650335 0.213664 -0.315562 -0.329365 -0.994018 0.542157 0.249526 0.004765 -0.174574 -0.680338 0.177000 -1.312902 1.034170 -0.120760 -0.322263 0.203285 -0.778179 -0.329247 3.084620 1.639051 -10.735429 3.338831 2.134469 -9.209861 3.084620 1.639051 -1.906429 3.338831 2.134469 -0.380861 0.000000 0.000000 -8.829000 0.000000 0.000000 -8.829000 0.000000 0.000000 0.000000 0.000000 0.000000 0.000000 0.000000 0.000000 0.000000 0.000000 0.000000 0.000000 0.000000 0.000000 0.000000 0.000000 0.000000 0.000000 0.000000 0.000000 0.000000 0.000000 0.000000 0.000000
2.989577 0.000000 0.103268 0.082224 -0.169193 0.938101 0.044641 -0.110602 0.035461 0.122479 0.034527 0.109907 0.950457 -0.026869 -0.136668 -0.037654 -0.014058 0.397994 0.147990 1.011008 -0.181272 -0.193347 0.133364 -0.374502 0.867969 -0.179870 0.731444 0.206481 -0.277940 -0.292612 -0.931452 0.527188 0.236544 0.027693 -0.182319 -0.645435 0.175835 -1.243578 1.032243 -0.124305 -0.245288 0.196424 -0.741567 -0.291960 2.956566 1.597185 -10.816231 3.346908 2.167806 -9.929962 2.956566 1.597185 -1.987231 3.346908 2.167806 -1.100962 0.000000 0.000000 -8.829000 0.000000 0.000000 -8.829000 0.000000 0.000000 0.000000 0.000000 0.000000 0.000000 0.000000 0.000000 0.000000 0.000000 0.000000 0.000000 0.000000 0.000000 0.000000 0.000000 0.000000 0.000000 0.000000 0.000000 0.000000 0.000000 0.000000 0.000000
3.033772 0.000000 0.104275 0.082583 -0.169217 0.934158 0.044677 -0.110339 0.035270 0.123869 0.034491 0.109895 0.949139 -0.026965 -0.136548 -0.037067 -0.027422 0.421410 0.166766 0.959636 -0.201345 -0.201096 0.134326 -0.328109 0.863476 -0.197071 0.778248 0.201555 -0.261136 -0.270684 -0.947778 0.550337 0.256012 -0.028519 -0.202406 -0.654819 0.176844 -1.194860 1.027843 -0.141349 -0.198374 0.191604 -0.724684 -0.269856 2.832763 1.642010 -10.152988 3.308790 2.164073 -10.275601 2.832763 1.642010 -1.323988 3.308790 2.164073 -1.446601 0.000000 0.000000 -8.829000 0.000000 0.000000 -8.829000 0.000000 0.000000 0.000000 0.000000 0.000000 0.000000 0.000000 0.000000 0.000000 0.000000 0.000000 0.000000 0.000000 0.000000 0.000000 0.000000 0.000000 0.000000 0.000000 0.000000 0.000000 0.000000 0.000000 0.000000
3.085707 0.000000 0.105965 0.082979 -0.169337 0.926812 0.044749 -0.109392 0.034850 0.129502 0.034215 0.110363 0.943027 -0.027132 -0.135062 -0.036156 0.017796 0.410508 0.169977 0.974263 -0.202395 -0.154648 0.137163 -0.187403 0.910288 -0.202101 0.782607 0.212739 -0.220796 -0.247229 -0.908402 0.537999 0.260162 -0.023002 -0.203439 -0.611278 0.179664 -1.045415 1.074748 -0.145869 -0.194293 0.202972 -0.683868 -0.246116 2.778842 1.624301 -10.266466 2.725533 2.245104 -9.520587 2.778842 1.624301 -1.437466 2.725533 2.245104 -0.691587 0.000000 0.000000 -8.829000 0.000000 0.000000 -8.829000 0.000000 0.000000 0.000000 0.000000 0.000000 0.000000 0.000000 0.000000 0.000000 0.000000 0.000000 0.000000 0.000000 0.000000 0.000000 0.000000 0.000000 0.000000 0.000000 0.000000 0.000000 0.000000 0.000000 0.000000
3.132747 0.000000 0.107415 0.083218 -0.169373 0.923097 0.044725 -0.109176 0.034670 0.132785 0.034011 0.110566 0.939120 -0.027228 -0.134799 -0.035881 0.061458 0.408201 0.174518 0.947614 -0.218227 -0.159773 0.142493 -0.088278 0.910479 -0.201197 0.751885 0.221010 -0.217696 -0.230970 -0.865913 0.535141 0.265145 -0.053433 -0.219273 -0.617684 0.184962 -0.942127 1.074749 -0.144708 -0.226131 0.211292 -0.681068 -0.229781 2.472303 1.593263 -9.539776 2.165506 2.204527 -8.370308 2.472303 1.593263 -0.710776 2.165506 2.204527 0.458692 0.000000 0.000000 -8.829000 0.000000 0.000000 -8.829000 0.000000 0.000000 0.000000 0.000000 0.000000 0.000000 0.000000 0.000000 0.000000 0.000000 0.000000 0.000000 0.000000 0.000000 0.000000 0.000000 0.000000 0.000000 0.000000 0.000000 0.000000 0.000000 0.000000 0.000000
3.181476 0.000000 0.108038 0.083362 -0.169337 0.921455 0.044725 -0.109152 0.034658 0.134247 0.033879 0.110542 0.937514 -0.027240 -0.134763 -0.035773 0.056408 0.409485 0.182025 0.910426 -0.215673 -0.167281 0.153288 -0.048647 0.915818 -0.214911 0.726857 0.227610 -0.214326 -0.223765 -0.871588 0.536379 0.272914 -0.092354 -0.216716 -0.625806 0.195782 -0.900471 1.079698 -0.158387 -0.251463 0.217915 -0.677793 -0.222560 2.356146 1.584949 -9.048978 1.914404 2.180866 -7.787720 2.356146 1.584949 -0.219978 1.914404 2.180866 1.041280 0.000000 0.000000 -8.829000 0.000000 0.000000 -8.829000 0.000000 0.000000 0.000000 0.000000 0.000000 0.000000 0.000000 0.000000 0.000000 0.000000 0.000000 0.000000 0.000000 0.000000 0.000000 0.000000 0.000000 0.000000 0.000000 0.000000 0.000000 0.000000 0.000000 0.000000
3.231246 0.000000 0.112172 0.084405 -0.169457 0.912335 0.044809 -0.107007 0.033975 0.141090 0.032082 0.111238 0.927831 -0.027528 -0.131647 -0.034970 0.064894 0.417760 0.188130 0.988308 -0.229459 -0.118875 0.160820 0.031204 0.912017 -0.209899 0.750353 0.232545 -0.142244 -0.223649 -0.863115 0.544932 0.280538 -0.021636 -0.230484 -0.579122 0.203332 -0.812757 1.071608 -0.154563 -0.231191 0.223183 -0.605625 -0.222741 2.662907 1.669566 -10.189163 1.749031 2.172182 -7.961137 2.662907 1.669566 -1.360163 1.749031 2.172182 0.867863 0.000000 0.000000 -8.829000 0.000000 0.000000 -8.829000 0.000000 0.000000 0.000000 0.000000 0.000000 0.000000 0.000000 0.000000 0.000000 0.000000 0.000000 0.000000 0.000000 0.000000 0.000000 0.000000 0.000000 0.000000 0.000000 0.000000 0.000000 0.000000 0.000000 0.000000
3.292284 0.000000 0.118524 0.085723 -0.169445 0.899572 0.044881 -0.105641 0.033340 0.144098 0.028091 0.113862 0.918747 -0.027827 -0.129789 -0.033808 0.145057 0.419087 0.193098 0.962357 -0.242139 -0.114188 0.176154 0.015555 0.881186 -0.177373 0.824525 0.256520 -0.110041 -0.213903 -0.782117 0.546310 0.287460 -0.057744 -0.243177 -0.577548 0.218694 -0.832011 1.032827 -0.126056 -0.166131 0.247714 -0.575911 -0.213970 2.186403 1.643922 -9.193791 2.098550 2.152105 -9.128610 2.186403 1.643922 -0.364791 2.098550 2.152105 -0.299610 0.000000 0.000000 -8.829000 0.000000 0.000000 -8.829000 0.000000 0.000000 0.000000 0.000000 0.000000 0.000000 0.000000 0.000000 0.000000 0.000000 0.000000 0.000000 0.000000 0.000000 0.000000 0.000000 0.000000 0.000000 0.000000 0.000000 0.000000 0.000000 0.000000 0.000000
3.352400 0.000000 0.118919 0.085975 -0.169469 0.898661 0.044893 -0.105605 0.033316 0.144026 0.027660 0.113970 0.917428 -0.027803 -0.129657 -0.033736 0.129443 0.417482 0.196702 1.088392 -0.250924 -0.127509 0.206148 -0.000520 0.815350 -0.168604 0.974016 0.274586 -0.113242 -0.232443 -0.797875 0.545166 0.291423 0.067497 -0.251976 -0.591133 0.248755 -0.850342 0.965991 -0.117765 -0.018883 0.265824 -0.579857 -0.232639 2.634792 1.722772 -10.690673 2.602653 2.067788 -10.961348 2.634792 1.722772 -1.861673 2.602653 2.067788 -2.132348 0.000000 0.000000 -8.829000 0.000000 0.000000 -8.829000 0.000000 0.000000 0.000000 0.000000 0.000000 0.000000 0.000000 0.000000 0.000000 0.000000 0.000000 0.000000 0.000000 0.000000 0.000000 0.000000 0.000000 0.000000 0.000000 0.000000 0.000000 0.000000 0.000000 0.000000
3.402984 0.000000 0.125247 0.087617 -0.169445 0.882195 0.045013 -0.102813 0.032214 0.147286 0.026497 0.114989 0.896804 -0.028139 -0.128027 -0.031806 0.195760 0.427353 0.198862 0.993171 -0.256148 -0.114772 0.221548 0.006344 0.908712 -0.116902 0.839285 0.282706 -0.114454 -0.213266 -0.735825 0.554824 0.296311 -0.043149 -0.257207 -0.582838 0.264212 -0.865772 1.060242 -0.065888 -0.182383 0.274289 -0.590733 -0.213291 2.028683 1.682307 -9.014648 2.169105 2.261048 -9.050635 2.028683 1.682307 -0.185648 2.169105 2.261048 -0.221635 0.000000 0.000000 -8.829000 0.000000 0.000000 -8.829000 0.000000 0.000000 0.000000 0.000000 0.000000 0.000000 0.000000 0.000000 0.000000 0.000000 0.000000 0.000000 0.000000 0.000000 0.000000 0.000000 0.000000 0.000000 0.000000 0.000000 0.000000 0.000000 0.000000 0.000000
3.457620 0.000000 0.132210 0.087772 -0.169505 0.858754 0.045085 -0.101243 0.030056 0.149228 0.026054 0.117865 0.876095 -0.028750 -0.127057 -0.029253 0.271828 0.391220 0.196377 0.916521 -0.260101 -0.094884 0.232015 0.014795 0.923174 -0.090063 0.859671 0.293043 -0.107744 -0.203771 -0.673749 0.510626 0.295076 -0.147089 -0.261296 -0.572221 0.273904 -0.883946 1.080963 -0.037598 -0.193362 0.285015 -0.594873 -0.203190 1.472286 1.523215 -7.565872 2.219426 2.332380 -9.018865 1.472286 1.523215 1.263128 2.219426 2.332380 -0.189865 0.000000 0.000000 -8.829000 0.000000 0.000000 -8.829000 0.000000 0.000000 0.000000 0.000000 0.000000 0.000000 0.000000 0.000000 0.000000 0.000000 0.000000 0.000000 0.000000 0.000000 0.000000 0.000000 0.000000 0.000000 0.000000 0.000000 0.000000 0.000000 0.000000 0.000000
3.509797 0.000000 0.132534 0.087737 -0.169601 0.856584 0.045145 -0.101147 0.029301 0.149575 0.025730 0.117925 0.873674 -0.028798 -0.126937 -0.029014 0.217219 0.361307 0.205122 1.040588 -0.279970 -0.075477 0.224458 -0.101361 0.949775 -0.072318 0.980563 0.316629 -0.120253 -0.203960 -0.730651 0.479446 0.303871 -0.026077 -0.281290 -0.553883 0.266124 -1.002791 1.107032 -0.020113 -0.075859 0.308666 -0.608542 -0.203430 2.162211 1.545336 -9.465752 3.073104 2.481205 -11.054319 2.162211 1.545336 -0.636752 3.073104 2.481205 -2.225319 0.000000 0.000000 -8.829000 0.000000 0.000000 -8.829000 0.000000 0.000000 0.000000 0.000000 0.000000 0.000000 0.000000 0.000000 0.000000 0.000000 0.000000 0.000000 0.000000 0.000000 0.000000 0.000000 0.000000 0.000000 0.000000 0.000000 0.000000 0.000000 0.000000 0.000000
3.549268 0.000000 0.140419 0.089235 -0.169781 0.835624 0.045288 -0.099349 0.026545 0.158180 0.023058 0.118596 0.850568 -0.029325 -0.125715 -0.027935 0.225935 0.330823 0.207789 1.011173 -0.291318 -0.076019 0.217979 -0.042879 0.970267 -0.069630 0.938669 0.329948 -0.126407 -0.204610 -0.728513 0.445746 0.309123 -0.076276 -0.293020 -0.561209 0.259131 -0.953290 1.122702 -0.019060 -0.141456 0.322340 -0.622646 -0.204633 2.005974 1.453941 -8.897849 2.640101 2.461464 -9.868970 2.005974 1.453941 -0.068849 2.640101 2.461464 -1.039970 0.000000 0.000000 -8.829000 0.000000 0.000000 -8.829000 0.000000 0.000000 0.000000 0.000000 0.000000 0.000000 0.000000 0.000000 0.000000 0.000000 0.000000 0.000000 0.000000 0.000000 0.000000 0.000000 0.000000 0.000000 0.000000 0.000000 0.000000 0.000000 0.000000 0.000000
3.576258 0.000000 0.143607 0.091128 -0.169793 0.815107 0.045612 -0.096845 0.025335 0.162003 0.017473 0.119483 0.830770 -0.030200 -0.123989 -0.026425 0.273897 0.347892 0.223053 0.971436 -0.306512 -0.088571 0.224546 -0.065260 0.928245 -0.093970 0.894792 0.347124 -0.166049 -0.220492 -0.700838 0.461359 0.328435 -0.142673 -0.308318 -0.582313 0.266085 -0.993299 1.067789 -0.049902 -0.210218 0.340288 -0.670398 -0.222187 1.656756 1.473976 -7.890452 2.565702 2.256501 -9.111058 1.656756 1.473976 0.938548 2.565702 2.256501 -0.282058 0.000000 0.000000 -8.829000 0.000000 0.000000 -8.829000 0.000000 0.000000 0.000000 0.000000 0.000000 0.000000 0.000000 0.000000 0.000000 0.000000 0.000000 0.000000 0.000000 0.000000 0.000000 0.000000 0.000000 0.000000 0.000000 0.000000 0.000000 0.000000 0.000000 0.000000
3.611919 0.000000 0.148604 0.093753 -0.169984 0.794135 0.045900 -0.096377 0.024568 0.172105 0.014057 0.119399 0.805855 -0.030476 -0.123701 -0.025526 0.231251 0.360776 0.236005 0.926577 -0.335115 -0.085055 0.239674 0.113216 0.958579 -0.093705 0.804669 0.364662 -0.183464 -0.230952 -0.759515 0.474496 0.346316 -0.212753 -0.337123 -0.587570 0.281858 -0.821960 1.090230 -0.052744 -0.324578 0.358204 -0.696249 -0.233485 1.714143 1.519333 -7.499934 1.435947 2.227075 -6.715342 1.714143 1.519333 1.329066 1.435947 2.227075 2.113658 0.000000 0.000000 -8.829000 0.000000 0.000000 -8.829000 0.000000 0.000000 0.000000 0.000000 0.000000 0.000000 0.000000 0.000000 0.000000 0.000000 0.000000 0.000000 0.000000 0.000000 0.000000 0.000000 0.000000 0.000000 0.000000 0.000000 0.000000 0.000000 0.000000 0.000000
3.646462 0.000000 0.148988 0.094232 -0.169984 0.791211 0.046067 -0.095934 0.024316 0.173951 0.013231 0.119483 0.801457 -0.030752 -0.123198 -0.025167 0.230363 0.425807 0.286523 0.990607 -0.358931 -0.090480 0.265259 0.116531 0.906637 -0.122659 0.795059 0.380032 -0.219641 -0.248816 -0.763380 0.539908 0.397738 -0.152438 -0.360986 -0.594132 0.307582 -0.819384 1.036427 -0.082569 -0.338053 0.373718 -0.733598 -0.251566 1.918321 1.763193 -8.071303 1.340541 2.052798 -6.371019 1.918321 1.763193 0.757697 1.340541 2.052798 2.457981 0.000000 0.000000 -8.829000 0.000000 0.000000 -8.829000 0.000000 0.000000 0.000000 0.000000 0.000000 0.000000 0.000000 0.000000 0.000000 0.000000 0.000000 0.000000 0.000000 0.000000 0.000000 0.000000 0.000000 0.000000 0.000000 0.000000 0.000000 0.000000 0.000000 0.000000
3.677877 0.000000 0.151157 0.095658 -0.170092 0.782354 0.046535 -0.095358 0.023537 0.175988 0.011457 0.120070 0.796184 -0.031710 -0.122239 -0.024100 0.198824 0.358754 0.286135 1.040379 -0.375324 -0.088808 0.270739 0.082339 0.942530 -0.130929 0.846449 0.380254 -0.220165 -0.263681 -0.801131 0.473722 0.399872 -0.112780 -0.377573 -0.595791 0.313396 -0.854614 1.068775 -0.092917 -0.291256 0.374350 -0.735372 -0.266908 2.228502 1.651149 -8.759918 1.641971 2.129742 -7.094324 2.228502 1.651149 0.069082 1.641971 2.129742 1.734676 0.000000 0.000000 -8.829000 0.000000 0.000000 -8.829000 0.000000 0.000000 0.000000 0.000000 0.000000 0.000000 0.000000 0.000000 0.000000 0.000000 0.000000 0.000000 0.000000 0.000000 0.000000 0.000000 0.000000 0.000000 0.000000 0.000000 0.000000 0.000000 0.000000 0.000000
3.714831 0.000000 0.156610 0.096054 -0.170020 0.769291 0.047122 -0.094735 0.022458 0.179476 0.009120 0.120334 0.784787 -0.034335 -0.120633 -0.022818 0.291469 0.368389 0.306962 1.078268 -0.369216 -0.097504 0.281303 0.043886 0.901647 -0.167012 0.803247 0.359093 -0.241303 -0.278064 -0.710867 0.480075 0.421511 -0.087086 -0.371619 -0.608595 0.323736 -0.898706 1.023118 -0.131667 -0.346234 0.353762 -0.760053 -0.282274 1.896103 1.685019 -8.433608 1.673441 1.961037 -6.721102 1.896103 1.685019 0.395392 1.673441 1.961037 2.107898 0.000000 0.000000 -8.829000 0.000000 0.000000 -8.829000 0.000000 0.000000 0.000000 0.000000 0.000000 0.000000 0.000000 0.000000 0.000000 0.000000 0.000000 0.000000 0.000000 0.000000 0.000000 0.000000 0.000000 0.000000 0.000000 0.000000 0.000000 0.000000 0.000000 0.000000
3.748464 0.000000 0.158923 0.096161 -0.170116 0.764630 0.047326 -0.094723 0.021691 0.181597 0.008041 0.120406 0.778280 -0.034934 -0.119639 -0.022422 0.273371 0.368440 0.327024 1.085676 -0.364722 -0.113012 0.283890 0.121884 0.874757 -0.201123 0.814221 0.332464 -0.251968 -0.295723 -0.728725 0.478546 0.441688 -0.083574 -0.367273 -0.625491 0.326099 -0.823514 0.993934 -0.166984 -0.341745 0.327318 -0.772626 -0.300311 1.967977 1.711294 -8.492645 1.351888 1.842821 -6.283118 1.967977 1.711294 0.336355 1.351888 1.842821 2.545882 0.000000 0.000000 -8.829000 0.000000 0.000000 -8.829000 0.000000 0.000000 0.000000 0.000000 0.000000 0.000000 0.000000 0.000000 0.000000 0.000000 0.000000 0.000000 0.000000 0.000000 0.000000 0.000000 0.000000 0.000000 0.000000 0.000000 0.000000 0.000000 0.000000 0.000000
3.783687 0.000000 0.163165 0.096173 -0.170176 0.755593 0.048069 -0.094220 0.019343 0.184545 0.006160 0.120334 0.766343 -0.035617 -0.117865 -0.021620 0.282075 0.380739 0.325776 1.045868 -0.349777 -0.126202 0.260411 0.050500 0.882928 -0.215392 0.704375 0.318651 -0.268072 -0.300725 -0.720033 0.487131 0.440354 -0.131084 -0.352775 -0.641232 0.301988 -0.902954 0.998051 -0.183495 -0.464926 0.313835 -0.792755 -0.305906 1.761469 1.700049 -7.890155 1.343863 1.801488 -5.479929 1.761469 1.700049 0.938845 1.343863 1.801488 3.349071 0.000000 0.000000 -8.829000 0.000000 0.000000 -8.829000 0.000000 0.000000 0.000000 0.000000 0.000000 0.000000 0.000000 0.000000 0.000000 0.000000 0.000000 0.000000 0.000000 0.000000 0.000000 0.000000 0.000000 0.000000 0.000000 0.000000 0.000000 0.000000 0.000000 0.000000
3.812425 0.000000 0.165802 0.096293 -0.170368 0.749661 0.050525 -0.093681 0.016994 0.184545 0.004314 0.120370 0.759380 -0.035965 -0.116738 -0.020841 0.294648 0.342892 0.336649 1.026069 -0.321306 -0.142895 0.234356 0.058421 0.866956 -0.232043 0.700131 0.309864 -0.266110 -0.304330 -0.707704 0.446549 0.451235 -0.155969 -0.324855 -0.659382 0.275775 -0.904791 0.978038 -0.202737 -0.479377 0.305373 -0.793945 -0.310077 1.614892 1.598353 -7.528562 1.320947 1.731272 -5.382286 1.614892 1.598353 1.300438 1.320947 1.731272 3.446714 0.000000 0.000000 -8.829000 0.000000 0.000000 -8.829000 0.000000 0.000000 0.000000 0.000000 0.000000 0.000000 0.000000 0.000000 0.000000 0.000000 0.000000 0.000000 0.000000 0.000000 0.000000 0.000000 0.000000 0.000000 0.000000 0.000000 0.000000 0.000000 0.000000 0.000000
3.847631 0.000000 0.167144 0.096329 -0.170571 0.746126 0.051376 -0.093429 0.016370 0.185300 0.003475 0.120429 0.754647 -0.036336 -0.115732 -0.020265 0.332034 0.345202 0.351379 1.095333 -0.291553 -0.158412 0.218456 0.078663 0.841304 -0.252423 0.723687 0.289309 -0.260686 -0.308417 -0.671246 0.447268 0.465988 -0.090124 -0.295239 -0.675974 0.259854 -0.888773 0.950812 -0.224178 -0.461511 0.285018 -0.790146 -0.314397 1.628802 1.629275 -7.895789 1.322149 1.647172 -5.514262 1.628802 1.629275 0.933211 1.322149 1.647172 3.314738 0.000000 0.000000 -8.829000 0.000000 0.000000 -8.829000 0.000000 0.000000 0.000000 0.000000 0.000000 0.000000 0.000000 0.000000 0.000000 0.000000 0.000000 0.000000 0.000000 0.000000 0.000000 0.000000 0.000000 0.000000 0.000000 0.000000 0.000000 0.000000 0.000000 0.000000
3.879429 0.000000 0.170955 0.096904 -0.170691 0.736263 0.052191 -0.092602 0.015699 0.187122 0.002169 0.120525 0.745251 -0.036756 -0.114497 -0.018851 0.322005 0.315589 0.351936 1.072871 -0.268483 -0.184365 0.207902 0.099910 0.832740 -0.268451 0.702775 0.284243 -0.260514 -0.306025 -0.683669 0.415820 0.467527 -0.121804 -0.272280 -0.704853 0.249382 -0.875342 0.940237 -0.241733 -0.493662 0.280360 -0.793470 -0.312189 1.552808 1.545487 -7.549779 1.182528 1.592568 -5.159478 1.552808 1.545487 1.279221 1.182528 1.592568 3.669522 0.000000 0.000000 -8.829000 0.000000 0.000000 -8.829000 0.000000 0.000000 0.000000 0.000000 0.000000 0.000000 0.000000 0.000000 0.000000 0.000000 0.000000 0.000000 0.000000 0.000000 0.000000 0.000000 0.000000 0.000000 0.000000 0.000000 0.000000 0.000000 0.000000 0.000000
3.910812 0.000000 0.171542 0.096988 -0.170715 0.733650 0.052383 -0.092350 0.015568 0.187925 0.001690 0.120573 0.741776 -0.036899 -0.114162 -0.018420 0.279037 0.305952 0.368271 1.155152 -0.249061 -0.174390 0.205118 0.060326 0.828757 -0.288927 0.762603 0.279300 -0.230537 -0.306473 -0.728571 0.405482 0.484102 -0.042598 -0.252873 -0.695868 0.246628 -0.917474 0.935501 -0.262766 -0.437849 0.275548 -0.764779 -0.312722 2.016210 1.589184 -8.632301 1.595146 1.571415 -6.115247 2.016210 1.589184 0.196699 1.595146 1.571415 2.713753 0.000000 0.000000 -8.829000 0.000000 0.000000 -8.829000 0.000000 0.000000 0.000000 0.000000 0.000000 0.000000 0.000000 0.000000 0.000000 0.000000 0.000000 0.000000 0.000000 0.000000 0.000000 0.000000 0.000000 0.000000 0.000000 0.000000 0.000000 0.000000 0.000000 0.000000
3.947059 0.000000 0.176516 0.098187 -0.170775 0.717795 0.053581 -0.091116 0.014872 0.192227 0.000324 0.120885 0.726436 -0.037283 -0.111405 -0.016682 0.391979 0.285118 0.376814 1.118008 -0.218273 -0.196440 0.203334 0.075907 0.844652 -0.303542 0.701897 0.286208 -0.223362 -0.294933 -0.623011 0.382687 0.494928 -0.096133 -0.222215 -0.723197 0.245237 -0.910184 0.950119 -0.278629 -0.514459 0.282914 -0.762201 -0.301258 1.361704 1.505142 -7.443965 1.376237 1.563881 -5.429991 1.361704 1.505142 1.385035 1.376237 1.563881 3.399009 0.000000 0.000000 -8.829000 0.000000 0.000000 -8.829000 0.000000 0.000000 0.000000 0.000000 0.000000 0.000000 0.000000 0.000000 0.000000 0.000000 0.000000 0.000000 0.000000 0.000000 0.000000 0.000000 0.000000 0.000000 0.000000 0.000000 0.000000 0.000000 0.000000 0.000000
3.978953 0.000000 0.177990 0.098738 -0.171051 0.707057 0.054133 -0.090361 0.013974 0.193413 -0.001342 0.120981 0.719389 -0.037463 -0.109440 -0.014944 0.281474 0.266120 0.387795 1.063759 -0.205822 -0.216657 0.200257 0.043505 0.799726 -0.345792 0.745247 0.292175 -0.183656 -0.281564 -0.744286 0.360845 0.507319 -0.164316 -0.209940 -0.748050 0.242264 -0.948189 0.901958 -0.323147 -0.478997 0.289392 -0.724539 -0.288083 1.671484 1.472885 -7.360430 1.744728 1.412464 -6.216929 1.671484 1.472885 1.468570 1.744728 1.412464 2.612071 0.000000 0.000000 -8.829000 0.000000 0.000000 -8.829000 0.000000 0.000000 0.000000 0.000000 0.000000 0.000000 0.000000 0.000000 0.000000 0.000000 0.000000 0.000000 0.000000 0.000000 0.000000 0.000000 0.000000 0.000000 0.000000 0.000000 0.000000 0.000000 0.000000 0.000000
4.007415 0.000000 0.178277 0.098858 -0.171231 0.703079 0.054205 -0.090037 0.013614 0.194540 -0.002025 0.120993 0.715818 -0.037463 -0.108457 -0.014237 0.241643 0.264646 0.400840 1.068866 -0.187838 -0.221909 0.205652 0.026224 0.787509 -0.369914 0.772273 0.296494 -0.169361 -0.268430 -0.788852 0.357924 0.520776 -0.164726 -0.192014 -0.755143 0.247643 -0.966742 0.888359 -0.348149 -0.455202 0.293911 -0.711021 -0.275002 1.865451 1.495414 -7.568081 1.936183 1.357985 -6.636258 1.865451 1.495414 1.260919 1.936183 1.357985 2.192742 0.000000 0.000000 -8.829000 0.000000 0.000000 -8.829000 0.000000 0.000000 0.000000 0.000000 0.000000 0.000000 0.000000 0.000000 0.000000 0.000000 0.000000 0.000000 0.000000 0.000000 0.000000 0.000000 0.000000 0.000000 0.000000 0.000000 0.000000 0.000000 0.000000 0.000000
4.032740 0.000000 0.179212 0.099157 -0.171338 0.691993 0.054432 -0.088779 0.012595 0.197320 -0.003416 0.121184 0.705427 -0.037750 -0.107522 -0.012559 0.245202 0.268217 0.408978 1.078474 -0.173615 -0.211030 0.203204 -0.048996 0.810510 -0.375820 0.750805 0.299027 -0.172671 -0.251926 -0.797892 0.358059 0.530088 -0.170068 -0.177935 -0.749111 0.245160 -1.048248 0.909464 -0.355676 -0.487941 0.296921 -0.717946 -0.258604 1.914478 1.515023 -7.611983 2.209134 1.389165 -6.769837 1.914478 1.515023 1.217017 2.209134 1.389165 2.059163 0.000000 0.000000 -8.829000 0.000000 0.000000 -8.829000 0.000000 0.000000 0.000000 0.000000 0.000000 0.000000 0.000000 0.000000 0.000000 0.000000 0.000000 0.000000 0.000000 0.000000 0.000000 0.000000 0.000000 0.000000 0.000000 0.000000 0.000000 0.000000 0.000000 0.000000
4.058001 0.000000 0.179751 0.099349 -0.171530 0.687907 0.054468 -0.088444 0.012176 0.198447 -0.003739 0.121161 0.701365 -0.037750 -0.107487 -0.012080 0.212607 0.226863 0.400594 1.110071 -0.168198 -0.216911 0.202041 -0.045934 0.826507 -0.397558 0.812214 0.310103 -0.164668 -0.242588 -0.834530 0.315417 0.522179 -0.143696 -0.172593 -0.756725 0.243970 -1.047731 0.925146 -0.377739 -0.431078 0.308125 -0.711527 -0.249256 2.151878 1.427860 -8.044966 2.392028 1.405484 -7.346879 2.151878 1.427860 0.784034 2.392028 1.405484 1.482121 0.000000 0.000000 -8.829000 0.000000 0.000000 -8.829000 0.000000 0.000000 0.000000 0.000000 0.000000 0.000000 0.000000 0.000000 0.000000 0.000000 0.000000 0.000000 0.000000 0.000000 0.000000 0.000000 0.000000 0.000000 0.000000 0.000000 0.000000 0.000000 0.000000 0.000000
4.089418 0.000000 0.182160 0.099733 -0.172153 0.672866 0.054900 -0.086706 0.010954 0.203984 -0.005345 0.121640 0.684611 -0.037990 -0.106696 -0.010582 0.191537 0.230192 0.401625 1.085375 -0.154210 -0.214033 0.209762 -0.040561 0.818645 -0.430857 0.776707 0.322503 -0.167677 -0.228329 -0.868888 0.313441 0.524372 -0.186743 -0.158757 -0.759723 0.251614 -1.049637 0.915801 -0.412622 -0.483527 0.320962 -0.720190 -0.235170 2.187298 1.428233 -7.824075 2.272593 1.317484 -6.878007 2.187298 1.428233 1.004925 2.272593 1.317484 1.950993 0.000000 0.000000 -8.829000 0.000000 0.000000 -8.829000 0.000000 0.000000 0.000000 0.000000 0.000000 0.000000 0.000000 0.000000 0.000000 0.000000 0.000000 0.000000 0.000000 0.000000 0.000000 0.000000 0.000000 0.000000 0.000000 0.000000 0.000000 0.000000 0.000000 0.000000
4.117685 0.000000 0.184713 0.100164 -0.172633 0.661194 0.055319 -0.085579 0.009887 0.206428 -0.006747 0.122023 0.676426 -0.038134 -0.106060 -0.009839 0.195923 0.185569 0.375748 1.044606 -0.141759 -0.210552 0.201958 0.022547 0.808214 -0.451666 0.806826 0.340661 -0.161998 -0.222900 -0.872708 0.265083 0.499449 -0.240723 -0.146483 -0.760505 0.243750 -0.990563 0.903199 -0.435209 -0.461776 0.339386 -0.717199 -0.230050 2.050077 1.273524 -7.396090 2.095930 1.257329 -6.808905 2.050077 1.273524 1.432910 2.095930 1.257329 2.020095 0.000000 0.000000 -8.829000 0.000000 0.000000 -8.829000 0.000000 0.000000 0.000000 0.000000 0.000000 0.000000 0.000000 0.000000 0.000000 0.000000 0.000000 0.000000 0.000000 0.000000 0.000000 0.000000 0.000000 0.000000 0.000000 0.000000 0.000000 0.000000 0.000000 0.000000
4.143876 0.000000 0.185480 0.100260 -0.172825 0.657982 0.055559 -0.085615 0.009420 0.207986 -0.007574 0.122059 0.672711 -0.038158 -0.106036 -0.009635 0.153034 0.170132 0.380340 1.105315 -0.132833 -0.204956 0.201829 0.033501 0.779224 -0.487051 0.854691 0.355767 -0.169228 -0.226092 -0.917794 0.248332 0.504224 -0.183725 -0.137679 -0.756221 0.243575 -0.980195 0.872362 -0.471736 -0.417148 0.354598 -0.725538 -0.233469 2.437436 1.273977 -8.164669 2.184662 1.140579 -7.139024 2.437436 1.273977 0.664331 2.184662 1.140579 1.689976 0.000000 0.000000 -8.829000 0.000000 0.000000 -8.829000 0.000000 0.000000 0.000000 0.000000 0.000000 0.000000 0.000000 0.000000 0.000000 0.000000 0.000000 0.000000 0.000000 0.000000 0.000000 0.000000 0.000000 0.000000 0.000000 0.000000 0.000000 0.000000 0.000000 0.000000
4.175457 0.000000 0.190477 0.101027 -0.173088 0.648071 0.055954 -0.084273 0.008101 0.213942 -0.009444 0.122431 0.660331 -0.038350 -0.105126 -0.008605 0.241919 0.202645 0.384094 1.086368 -0.123867 -0.202534 0.202783 0.077845 0.805083 -0.492916 0.823203 0.381301 -0.184722 -0.218945 -0.826990 0.279319 0.508847 -0.209428 -0.128939 -0.755702 0.244370 -0.935164 0.894932 -0.479809 -0.457969 0.380486 -0.743955 -0.226667 1.964743 1.330479 -7.483938 1.861108 1.163635 -6.495800 1.964743 1.330479 1.345062 1.861108 1.163635 2.333200 0.000000 0.000000 -8.829000 0.000000 0.000000 -8.829000 0.000000 0.000000 0.000000 0.000000 0.000000 0.000000 0.000000 0.000000 0.000000 0.000000 0.000000 0.000000 0.000000 0.000000 0.000000 0.000000 0.000000 0.000000 0.000000 0.000000 0.000000 0.000000 0.000000 0.000000
4.214575 0.000000 0.193258 0.101698 -0.173208 0.642211 0.056062 -0.083938 0.007430 0.216112 -0.010163 0.122515 0.655585 -0.038397 -0.104850 -0.008425 0.247249 0.199672 0.390580 1.023893 -0.113824 -0.187207 0.194517 0.090570 0.815029 -0.523406 0.819066 0.408648 -0.188327 -0.225104 -0.821255 0.276051 0.516270 -0.276299 -0.119053 -0.741799 0.236097 -0.922553 0.903473 -0.511206 -0.465877 0.407920 -0.748770 -0.233015 1.773789 1.313477 -6.941218 1.797989 1.131176 -6.372475 1.773789 1.313477 1.887782 1.797989 1.131176 2.456525 0.000000 0.000000 -8.829000 0.000000 0.000000 -8.829000 0.000000 0.000000 0.000000 0.000000 0.000000 0.000000 0.000000 0.000000 0.000000 0.000000 0.000000 0.000000 0.000000 0.000000 0.000000 0.000000 0.000000 0.000000 0.000000 0.000000 0.000000 0.000000 0.000000 0.000000
4.246964 0.000000 0.198471 0.102801 -0.173484 0.634828 0.056290 -0.083458 0.006100 0.220510 -0.011888 0.122563 0.645926 -0.038553 -0.104419 -0.008065 0.276881 0.174604 0.370248 1.109925 -0.106151 -0.166913 0.178154 0.136670 0.783985 -0.563815 0.826096 0.427226 -0.202089 -0.232561 -0.785819 0.251178 0.497102 -0.193226 -0.111693 -0.722361 0.219603 -0.876735 0.868676 -0.553966 -0.466541 0.426701 -0.765040 -0.240978 1.898810 1.258084 -7.615716 1.603139 0.983063 -6.106044 1.898810 1.258084 1.213284 1.603139 0.983063 2.722956 0.000000 0.000000 -8.829000 0.000000 0.000000 -8.829000 0.000000 0.000000 0.000000 0.000000 0.000000 0.000000 0.000000 0.000000 0.000000 0.000000 0.000000 0.000000 0.000000 0.000000 0.000000 0.000000 0.000000 0.000000 0.000000 0.000000 0.000000 0.000000 0.000000 0.000000
4.305922 0.000000 0.202845 0.104874 -0.173807 0.627386 0.056578 -0.081325 0.005057 0.221876 -0.013734 0.123390 0.640557 -0.038877 -0.103220 -0.007514 0.295965 0.195798 0.365015 1.081457 -0.114771 -0.151157 0.172966 0.121911 0.832206 -0.565396 0.889681 0.454634 -0.227964 -0.238872 -0.762595 0.275418 0.494801 -0.224684 -0.120486 -0.706846 0.214761 -0.894130 0.913984 -0.558134 -0.408117 0.454364 -0.792266 -0.247826 1.732552 1.298361 -7.290679 1.806281 1.079044 -6.607435 1.732552 1.298361 1.538321 1.806281 1.079044 2.221565 0.000000 0.000000 -8.829000 0.000000 0.000000 -8.829000 0.000000 0.000000 0.000000 0.000000 0.000000 0.000000 0.000000 0.000000 0.000000 0.000000 0.000000 0.000000 0.000000 0.000000 0.000000 0.000000 0.000000 0.000000 0.000000 0.000000 0.000000 0.000000 0.000000 0.000000
4.350712 0.000000 0.205637 0.106000 -0.173999 0.621490 0.056793 -0.079695 0.004638 0.223050 -0.014765 0.124121 0.636051 -0.039009 -0.102561 -0.007143 0.370140 0.196484 0.353253 1.085377 -0.119027 -0.113172 0.174538 0.098610 0.792082 -0.576843 0.930712 0.470662 -0.259611 -0.251091 -0.687300 0.277216 0.484704 -0.224309 -0.124760 -0.669509 0.216573 -0.919816 0.872910 -0.570879 -0.371636 0.470541 -0.825257 -0.260297 1.465137 1.284610 -7.107279 1.982391 0.962769 -6.912374 1.465137 1.284610 1.721721 1.982391 0.962769 1.916626 0.000000 0.000000 -8.829000 0.000000 0.000000 -8.829000 0.000000 0.000000 0.000000 0.000000 0.000000 0.000000 0.000000 0.000000 0.000000 0.000000 0.000000 0.000000 0.000000 0.000000 0.000000 0.000000 0.000000 0.000000 0.000000 0.000000 0.000000 0.000000 0.000000 0.000000
4.391744 0.000000 0.209352 0.107463 -0.174299 0.612861 0.057117 -0.078892 0.004087 0.225244 -0.016598 0.125870 0.625541 -0.039093 -0.101842 -0.006663 0.378293 0.213135 0.349869 1.113112 -0.122420 -0.096856 0.179507 0.093074 0.808829 -0.535601 0.895395 0.481178 -0.282066 -0.262417 -0.679410 0.294606 0.483558 -0.203168 -0.128291 -0.655187 0.221864 -0.933014 0.889166 -0.531781 -0.418825 0.481269 -0.851586 -0.272061 1.518178 1.336943 -7.310601 1.864186 1.034758 -6.459104 1.518178 1.336943 1.518399 1.864186 1.034758 2.369896 0.000000 0.000000 -8.829000 0.000000 0.000000 -8.829000 0.000000 0.000000 0.000000 0.000000 0.000000 0.000000 0.000000 0.000000 0.000000 0.000000 0.000000 0.000000 0.000000 0.000000 0.000000 0.000000 0.000000 0.000000 0.000000 0.000000 0.000000 0.000000 0.000000 0.000000
4.424430 0.000000 0.210503 0.107930 -0.174251 0.609674 0.057392 -0.078664 0.004087 0.225603 -0.017353 0.128231 0.621957 -0.039140 -0.101866 -0.006651 0.411766 0.236910 0.347769 1.098163 -0.114103 -0.089535 0.184682 0.060182 0.852913 -0.421461 0.879020 0.485580 -0.284306 -0.261700 -0.646782 0.318732 0.482286 -0.220936 -0.119986 -0.648747 0.227249 -0.969597 0.935784 -0.417975 -0.439905 0.485694 -0.855472 -0.271454 1.331058 1.379594 -7.017072 1.913524 1.293496 -6.400013 1.331058 1.379594 1.811928 1.913524 1.293496 2.428987 0.000000 0.000000 -8.829000 0.000000 0.000000 -8.829000 0.000000 0.000000 0.000000 0.000000 0.000000 0.000000 0.000000 0.000000 0.000000 0.000000 0.000000 0.000000 0.000000 0.000000 0.000000 0.000000 0.000000 0.000000 0.000000 0.000000 0.000000 0.000000 0.000000 0.000000
4.458575 0.000000 0.213882 0.109200 -0.174382 0.594969 0.058771 -0.077406 0.003068 0.226969 -0.019271 0.130892 0.605311 -0.039656 -0.101195 -0.005776 0.327981 0.238281 0.344790 1.118415 -0.106610 -0.096953 0.195263 -0.001096 0.826317 -0.441533 0.861796 0.496260 -0.312319 -0.294626 -0.740056 0.318092 0.481828 -0.216479 -0.112753 -0.661177 0.238356 -1.049408 0.911636 -0.440023 -0.479069 0.496707 -0.890877 -0.304864 1.743825 1.406421 -7.446122 2.132412 1.175300 -6.333507 1.743825 1.406421 1.382878 2.132412 1.175300 2.495493 0.000000 0.000000 -8.829000 0.000000 0.000000 -8.829000 0.000000 0.000000 0.000000 0.000000 0.000000 0.000000 0.000000 0.000000 0.000000 0.000000 0.000000 0.000000 0.000000 0.000000 0.000000 0.000000 0.000000 0.000000 0.000000 0.000000 0.000000 0.000000 0.000000 0.000000
4.490407 0.000000 0.214326 0.109284 -0.174430 0.591613 0.058879 -0.077262 0.002936 0.227005 -0.019259 0.131119 0.601309 -0.039716 -0.101207 -0.005549 0.328992 0.201256 0.327534 1.116858 -0.100597 -0.099596 0.198820 -0.014081 0.816978 -0.427401 0.866496 0.501550 -0.320763 -0.310222 -0.742270 0.279990 0.464874 -0.222223 -0.106770 -0.665243 0.241955 -1.067882 0.903545 -0.425747 -0.480184 0.502055 -0.901354 -0.320432 1.733198 1.298234 -7.418895 2.190790 1.167664 -6.360828 1.733198 1.298234 1.410105 2.190790 1.167664 2.468172 0.000000 0.000000 -8.829000 0.000000 0.000000 -8.829000 0.000000 0.000000 0.000000 0.000000 0.000000 0.000000 0.000000 0.000000 0.000000 0.000000 0.000000 0.000000 0.000000 0.000000 0.000000 0.000000 0.000000 0.000000 0.000000 0.000000 0.000000 0.000000 0.000000 0.000000
4.521341 0.000000 0.216303 0.109164 -0.174742 0.576705 0.059346 -0.076531 0.001558 0.228036 -0.019378 0.132617 0.587886 -0.040111 -0.100787 -0.004806 0.328424 0.198286 0.314892 1.098318 -0.095908 -0.092919 0.197702 -0.026140 0.839836 -0.393134 0.846542 0.514770 -0.332373 -0.317334 -0.756978 0.270494 0.452604 -0.259345 -0.102379 -0.664876 0.240654 -1.095199 0.931222 -0.390887 -0.517965 0.515464 -0.919031 -0.327478 1.698258 1.259262 -7.193203 2.172795 1.257626 -6.108017 1.698258 1.259262 1.635797 2.172795 1.257626 2.720983 0.000000 0.000000 -8.829000 0.000000 0.000000 -8.829000 0.000000 0.000000 0.000000 0.000000 0.000000 0.000000 0.000000 0.000000 0.000000 0.000000 0.000000 0.000000 0.000000 0.000000 0.000000 0.000000 0.000000 0.000000 0.000000 0.000000 0.000000 0.000000 0.000000 0.000000
4.549810 0.000000 0.220318 0.109967 -0.175042 0.559460 0.060209 -0.075225 -0.001606 0.234783 -0.021116 0.138190 0.566782 -0.040686 -0.097456 -0.003020 0.298295 0.215584 0.319475 1.113646 -0.092797 -0.091279 0.186445 0.034192 0.861124 -0.327780 0.879744 0.516307 -0.311870 -0.330083 -0.797669 0.282664 0.458695 -0.262304 -0.100031 -0.669185 0.229126 -1.041587 0.960641 -0.325369 -0.503784 0.517438 -0.904046 -0.340079 1.875091 1.307775 -7.336824 2.010518 1.398843 -6.086858 1.875091 1.307775 1.492176 2.010518 1.398843 2.742142 0.000000 0.000000 -8.829000 0.000000 0.000000 -8.829000 0.000000 0.000000 0.000000 0.000000 0.000000 0.000000 0.000000 0.000000 0.000000 0.000000 0.000000 0.000000 0.000000 0.000000 0.000000 0.000000 0.000000 0.000000 0.000000 0.000000 0.000000 0.000000 0.000000 0.000000
4.575806 0.000000 0.221600 0.110219 -0.175054 0.554606 0.060365 -0.075045 -0.002457 0.236005 -0.021356 0.139197 0.562731 -0.041022 -0.096749 -0.002289 0.308359 0.195119 0.309483 1.113630 -0.089527 -0.099698 0.171275 -0.020535 0.901346 -0.286045 0.856678 0.526673 -0.319719 -0.332760 -0.790194 0.260957 0.449169 -0.267312 -0.096984 -0.679289 0.213878 -1.097762 1.002746 -0.283423 -0.530553 0.527992 -0.912950 -0.342669 1.814626 1.239315 -7.241947 2.159441 1.545956 -6.084475 1.814626 1.239315 1.587053 2.159441 1.545956 2.744525 0.000000 0.000000 -8.829000 0.000000 0.000000 -8.829000 0.000000 0.000000 0.000000 0.000000 0.000000 0.000000 0.000000 0.000000 0.000000 0.000000 0.000000 0.000000 0.000000 0.000000 0.000000 0.000000 0.000000 0.000000 0.000000 0.000000 0.000000 0.000000 0.000000 0.000000
4.603050 0.000000 0.227377 0.112148 -0.176264 0.533202 0.060724 -0.073811 -0.004746 0.243975 -0.021907 0.139520 0.543616 -0.044042 -0.093273 0.000060 0.308106 0.224244 0.317858 1.093634 -0.087820 -0.117321 0.167011 0.043569 0.911986 -0.274498 0.860007 0.502382 -0.307732 -0.345987 -0.800827 0.285333 0.460606 -0.308368 -0.095867 -0.703855 0.209718 -1.034601 1.015300 -0.271481 -0.541629 0.504408 -0.904799 -0.356210 1.720606 1.305972 -6.861272 1.889795 1.572908 -5.798678 1.720606 1.305972 1.967728 1.889795 1.572908 3.030322 0.000000 0.000000 -8.829000 0.000000 0.000000 -8.829000 0.000000 0.000000 0.000000 0.000000 0.000000 0.000000 0.000000 0.000000 0.000000 0.000000 0.000000 0.000000 0.000000 0.000000 0.000000 0.000000 0.000000 0.000000 0.000000 0.000000 0.000000 0.000000 0.000000 0.000000
4.630197 0.000000 0.228479 0.112927 -0.176767 0.528768 0.060760 -0.073823 -0.004914 0.246204 -0.022231 0.139532 0.538188 -0.045672 -0.092446 0.000300 0.269009 0.232195 0.318328 1.091358 -0.085761 -0.122210 0.162335 0.018115 0.985214 -0.236668 0.789975 0.462673 -0.303813 -0.349065 -0.842337 0.292875 0.462314 -0.315066 -0.093894 -0.710272 0.205241 -1.060461 1.088413 -0.233896 -0.615821 0.464844 -0.902022 -0.359750 1.874967 1.328762 -6.951487 1.793903 1.780663 -5.346438 1.874967 1.328762 1.877513 1.793903 1.780663 3.482562 0.000000 0.000000 -8.829000 0.000000 0.000000 -8.829000 0.000000 0.000000 0.000000 0.000000 0.000000 0.000000 0.000000 0.000000 0.000000 0.000000 0.000000 0.000000 0.000000 0.000000 0.000000 0.000000 0.000000 0.000000 0.000000 0.000000 0.000000 0.000000 0.000000 0.000000
4.657192 0.000000 0.231080 0.114737 -0.177103 0.518270 0.060928 -0.072433 -0.005597 0.250267 -0.023633 0.139820 0.526599 -0.047709 -0.089834 0.001162 0.268027 0.234839 0.312570 1.140629 -0.083893 -0.122294 0.158857 0.057173 0.991759 -0.239489 0.848755 0.446333 -0.262731 -0.361607 -0.848537 0.296082 0.459753 -0.275599 -0.092183 -0.713271 0.202252 -1.023668 1.093420 -0.238485 -0.566266 0.448859 -0.863232 -0.373081 2.015584 1.347146 -7.279012 1.849047 1.784990 -5.768659 2.015584 1.347146 1.549988 1.849047 1.784990 3.060341 0.000000 0.000000 -8.829000 0.000000 0.000000 -8.829000 0.000000 0.000000 0.000000 0.000000 0.000000 0.000000 0.000000 0.000000 0.000000 0.000000 0.000000 0.000000 0.000000 0.000000 0.000000 0.000000 0.000000 0.000000 0.000000 0.000000 0.000000 0.000000 0.000000 0.000000
4.682320 0.000000 0.232614 0.115336 -0.177163 0.513764 0.061000 -0.071618 -0.005884 0.251597 -0.024508 0.139964 0.523327 -0.047997 -0.088767 0.001558 0.289525 0.220254 0.302498 1.138946 -0.090501 -0.123255 0.161334 0.077721 0.999125 -0.228867 0.862263 0.432968 -0.241135 -0.364980 -0.827991 0.281521 0.450680 -0.280887 -0.098824 -0.715215 0.204860 -1.002960 1.099206 -0.229163 -0.554853 0.435641 -0.841994 -0.376722 1.910276 1.299199 -7.159555 1.822883 1.814634 -5.861271 1.910276 1.299199 1.669445 1.822883 1.814634 2.967729 0.000000 0.000000 -8.829000 0.000000 0.000000 -8.829000 0.000000 0.000000 0.000000 0.000000 0.000000 0.000000 0.000000 0.000000 0.000000 0.000000 0.000000 0.000000 0.000000 0.000000 0.000000 0.000000 0.000000 0.000000 0.000000 0.000000 0.000000 0.000000 0.000000 0.000000
4.708705 0.000000 0.237515 0.116451 -0.177211 0.501899 0.061203 -0.071198 -0.006424 0.255252 -0.028115 0.140455 0.515070 -0.048189 -0.087461 0.002864 0.264073 0.224260 0.297892 1.119357 -0.096441 -0.132597 0.165216 0.082628 0.954705 -0.232413 0.888711 0.420857 -0.227796 -0.372940 -0.854287 0.284466 0.447776 -0.309818 -0.104924 -0.727662 0.208941 -0.997104 1.047648 -0.238378 -0.533669 0.424071 -0.829956 -0.385617 1.932969 1.302480 -7.000295 1.894599 1.689887 -6.067379 1.932969 1.302480 1.828705 1.894599 1.689887 2.761621 0.000000 0.000000 -8.829000 0.000000 0.000000 -8.829000 0.000000 0.000000 0.000000 0.000000 0.000000 0.000000 0.000000 0.000000 0.000000 0.000000 0.000000 0.000000 0.000000 0.000000 0.000000 0.000000 0.000000 0.000000 0.000000 0.000000 0.000000 0.000000 0.000000 0.000000
4.740568 0.000000 0.240763 0.117110 -0.177151 0.492360 0.061479 -0.069509 -0.007442 0.258703 -0.033148 0.140827 0.504812 -0.048416 -0.086227 0.004326 0.238040 0.202043 0.287306 1.090252 -0.103025 -0.138638 0.170905 0.046605 0.925852 -0.221865 0.879716 0.407176 -0.236376 -0.362602 -0.882377 0.260896 0.438263 -0.346719 -0.111666 -0.735873 0.214658 -1.035135 1.008440 -0.236164 -0.550665 0.411071 -0.840756 -0.376731 1.950262 1.234824 -6.824248 2.012526 1.613361 -6.069157 1.950262 1.234824 2.004752 2.012526 1.613361 2.759843 0.000000 0.000000 -8.829000 0.000000 0.000000 -8.829000 0.000000 0.000000 0.000000 0.000000 0.000000 0.000000 0.000000 0.000000 0.000000 0.000000 0.000000 0.000000 0.000000 0.000000 0.000000 0.000000 0.000000 0.000000 0.000000 0.000000 0.000000 0.000000 0.000000 0.000000
4.766779 0.000000 0.242932 0.117469 -0.177211 0.486655 0.061575 -0.069305 -0.007862 0.260741 -0.035174 0.140839 0.499095 -0.048500 -0.086083 0.005153 0.288686 0.213622 0.286208 1.139526 -0.099078 -0.139656 0.175164 0.077983 0.894144 -0.218867 0.922156 0.405712 -0.233715 -0.357999 -0.832640 0.271362 0.437672 -0.302187 -0.107832 -0.738479 0.218926 -1.004953 0.972683 -0.236511 -0.512918 0.409958 -0.839611 -0.372665 1.857298 1.267463 -6.957679 1.989402 1.540062 -6.241624 1.857298 1.267463 1.871321 1.989402 1.540062 2.587376 0.000000 0.000000 -8.829000 0.000000 0.000000 -8.829000 0.000000 0.000000 0.000000 0.000000 0.000000 0.000000 0.000000 0.000000 0.000000 0.000000 0.000000 0.000000 0.000000 0.000000 0.000000 0.000000 0.000000 0.000000 0.000000 0.000000 0.000000 0.000000 0.000000 0.000000
4.790088 0.000000 0.247702 0.117733 -0.177271 0.474036 0.061922 -0.068346 -0.009036 0.263293 -0.040075 0.141162 0.486859 -0.048848 -0.085603 0.008005 0.299920 0.206171 0.288816 1.144878 -0.096037 -0.126064 0.176712 -0.020109 0.903208 -0.197582 0.931776 0.403771 -0.230544 -0.329647 -0.823306 0.260247 0.440445 -0.307257 -0.105043 -0.728232 0.220304 -1.110430 0.973056 -0.223441 -0.515406 0.409108 -0.840315 -0.345510 1.834372 1.256429 -6.943012 2.450402 1.567420 -6.660300 1.834372 1.256429 1.885988 2.450402 1.567420 2.168700 0.000000 0.000000 -8.829000 0.000000 0.000000 -8.829000 0.000000 0.000000 0.000000 0.000000 0.000000 0.000000 0.000000 0.000000 0.000000 0.000000 0.000000 0.000000 0.000000 0.000000 0.000000 0.000000 0.000000 0.000000 0.000000 0.000000 0.000000 0.000000 0.000000 0.000000
4.821463 0.000000 0.248960 0.117745 -0.177331 0.469290 0.061946 -0.067915 -0.009863 0.263353 -0.041465 0.140875 0.483552 -0.049027 -0.085591 0.008976 0.281918 0.193581 0.282884 1.091802 -0.102640 -0.134976 0.167946 0.006093 0.866857 -0.204427 0.959247 0.402769 -0.227742 -0.303578 -0.843489 0.245801 0.434481 -0.364900 -0.111835 -0.738620 0.211360 -1.088080 0.933760 -0.232878 -0.492044 0.408480 -0.838872 -0.319828 1.749121 1.200390 -6.563291 2.418685 1.477495 -6.745252 1.749121 1.200390 2.265709 2.418685 1.477495 2.083748 0.000000 0.000000 -8.829000 0.000000 0.000000 -8.829000 0.000000 0.000000 0.000000 0.000000 0.000000 0.000000 0.000000 0.000000 0.000000 0.000000 0.000000 0.000000 0.000000 0.000000 0.000000 0.000000 0.000000 0.000000 0.000000 0.000000 0.000000 0.000000 0.000000 0.000000
4.845149 0.000000 0.250219 0.117745 -0.177510 0.461345 0.062378 -0.067172 -0.010966 0.264132 -0.042796 0.140946 0.475774 -0.049303 -0.085076 0.010019 0.231617 0.190190 0.287578 1.084824 -0.107142 -0.137648 0.167602 0.022300 0.854288 -0.200625 0.964244 0.401770 -0.230559 -0.287740 -0.899820 0.239064 0.439254 -0.380558 -0.116603 -0.744075 0.210931 -1.079187 0.919855 -0.231358 -0.496022 0.407866 -0.844581 -0.304372 1.954049 1.201505 -6.654670 2.362103 1.452788 -6.657860 1.954049 1.201505 2.174330 2.362103 1.452788 2.171140 0.000000 0.000000 -8.829000 0.000000 0.000000 -8.829000 0.000000 0.000000 0.000000 0.000000 0.000000 0.000000 0.000000 0.000000 0.000000 0.000000 0.000000 0.000000 0.000000 0.000000 0.000000 0.000000 0.000000 0.000000 0.000000 0.000000 0.000000 0.000000 0.000000 0.000000
4.888211 0.000000 0.250410 0.117757 -0.177606 0.458229 0.062474 -0.066500 -0.011361 0.264791 -0.043323 0.141054 0.469949 -0.049603 -0.084393 0.010510 0.232007 0.159550 0.304081 1.111144 -0.114458 -0.120861 0.162383 -0.034753 0.829975 -0.205424 0.904748 0.400407 -0.246023 -0.255127 -0.902471 0.207136 0.455866 -0.357823 -0.123977 -0.728331 0.205687 -1.141428 0.895670 -0.237013 -0.562065 0.406676 -0.862071 -0.271964 2.070917 1.169893 -6.918447 2.434298 1.392952 -6.341151 2.070917 1.169893 1.910553 2.434298 1.392952 2.487849 0.000000 0.000000 -8.829000 0.000000 0.000000 -8.829000 0.000000 0.000000 0.000000 0.000000 0.000000 0.000000 0.000000 0.000000 0.000000 0.000000 0.000000 0.000000 0.000000 0.000000 0.000000 0.000000 0.000000 0.000000 0.000000 0.000000 0.000000 0.000000 0.000000 0.000000
4.925928 0.000000 0.253958 0.118117 -0.177750 0.446652 0.062761 -0.065242 -0.012164 0.266733 -0.043167 0.142456 0.457845 -0.050130 -0.083674 0.011613 0.294629 0.141571 0.316817 1.032393 -0.119867 -0.128520 0.167864 -0.031928 0.874124 -0.169366 0.840555 0.398965 -0.254901 -0.229209 -0.843582 0.186003 0.469080 -0.446746 -0.129528 -0.739149 0.211162 -1.148059 0.945307 -0.199788 -0.639595 0.405539 -0.875344 -0.245865 1.568582 1.123073 -6.030868 2.223964 1.558796 -5.755257 1.568582 1.123073 2.798132 2.223964 1.558796 3.073743 0.000000 0.000000 -8.829000 0.000000 0.000000 -8.829000 0.000000 0.000000 0.000000 0.000000 0.000000 0.000000 0.000000 0.000000 0.000000 0.000000 0.000000 0.000000 0.000000 0.000000 0.000000 0.000000 0.000000 0.000000 0.000000 0.000000 0.000000 0.000000 0.000000 0.000000
4.972089 0.000000 0.255144 0.118188 -0.177750 0.441798 0.062965 -0.065122 -0.012428 0.267847 -0.043119 0.142924 0.451745 -0.050382 -0.083326 0.011852 0.222802 0.101513 0.320736 1.065835 -0.124455 -0.127660 0.173204 -0.029438 0.838185 -0.194571 0.805960 0.399135 -0.238449 -0.227831 -0.918009 0.144441 0.473160 -0.418140 -0.134198 -0.739927 0.216538 -1.149943 0.911481 -0.224582 -0.680694 0.405782 -0.861030 -0.244491 1.991589 1.062745 -6.550279 2.158860 1.435756 -5.518905 1.991589 1.062745 2.278721 2.158860 1.435756 3.310095 0.000000 0.000000 -8.829000 0.000000 0.000000 -8.829000 0.000000 0.000000 0.000000 0.000000 0.000000 0.000000 0.000000 0.000000 0.000000 0.000000 0.000000 0.000000 0.000000 0.000000 0.000000 0.000000 0.000000 0.000000 0.000000 0.000000 0.000000 0.000000 0.000000 0.000000
5.008254 0.000000 0.256462 0.118308 -0.177954 0.434356 0.063277 -0.063972 -0.013231 0.268830 -0.043251 0.143655 0.441319 -0.050969 -0.082487 0.012583 0.248939 0.084478 0.323652 1.096166 -0.127651 -0.123731 0.176845 -0.119630 0.852030 -0.206490 0.805939 0.399142 -0.249725 -0.226442 -0.896753 0.124716 0.476301 -0.395338 -0.137542 -0.738261 0.220162 -1.249965 0.928567 -0.236306 -0.692741 0.406026 -0.876180 -0.243203 1.977904 1.036187 -6.665875 2.562766 1.439164 -5.774836 1.977904 1.036187 2.163125 2.562766 1.439164 3.054164 0.000000 0.000000 -8.829000 0.000000 0.000000 -8.829000 0.000000 0.000000 0.000000 0.000000 0.000000 0.000000 0.000000 0.000000 0.000000 0.000000 0.000000 0.000000 0.000000 0.000000 0.000000 0.000000 0.000000 0.000000 0.000000 0.000000 0.000000 0.000000 0.000000 0.000000
5.052089 0.000000 0.259387 0.118860 -0.178014 0.421437 0.063456 -0.063025 -0.014141 0.269909 -0.043730 0.143955 0.431408 -0.052024 -0.081529 0.013279 0.129501 0.056734 0.336062 1.139701 -0.159189 -0.133582 0.191223 -0.155986 0.827523 -0.247281 0.876721 0.385307 -0.228419 -0.237249 -1.023256 0.093779 0.489771 -0.364358 -0.169306 -0.752189 0.234627 -1.295058 0.905537 -0.277733 -0.632952 0.392460 -0.858318 -0.254405 2.628535 1.027745 -7.328456 2.985904 1.308192 -6.451351 2.628535 1.027745 1.500544 2.985904 1.308192 2.377649 0.000000 0.000000 -8.829000 0.000000 0.000000 -8.829000 0.000000 0.000000 0.000000 0.000000 0.000000 0.000000 0.000000 0.000000 0.000000 0.000000 0.000000 0.000000 0.000000 0.000000 0.000000 0.000000 0.000000 0.000000 0.000000 0.000000 0.000000 0.000000 0.000000 0.000000
5.082215 0.000000 0.259890 0.119027 -0.177990 0.417878 0.063600 -0.062833 -0.014681 0.271251 -0.044378 0.144362 0.426255 -0.052802 -0.080882 0.013590 0.164746 0.029140 0.329382 1.188107 -0.156721 -0.120081 0.189955 -0.156079 0.856370 -0.222862 0.895547 0.357604 -0.238110 -0.233940 -0.990800 0.065253 0.483473 -0.319777 -0.166996 -0.739947 0.233379 -1.297301 0.934488 -0.254150 -0.618683 0.364900 -0.869336 -0.251459 2.635514 0.966895 -7.592138 3.013561 1.412620 -6.527277 2.635514 0.966895 1.236862 3.013561 1.412620 2.301723 0.000000 0.000000 -8.829000 0.000000 0.000000 -8.829000 0.000000 0.000000 0.000000 0.000000 0.000000 0.000000 0.000000 0.000000 0.000000 0.000000 0.000000 0.000000 0.000000 0.000000 0.000000 0.000000 0.000000 0.000000 0.000000 0.000000 0.000000 0.000000 0.000000 0.000000
5.121875 0.000000 0.266517 0.121496 -0.178205 0.397481 0.064044 -0.061431 -0.016670 0.275625 -0.050130 0.150630 0.405606 -0.056050 -0.079791 0.015064 0.165530 0.058185 0.352924 1.210715 -0.180235 -0.119189 0.197934 -0.213809 0.769516 -0.206555 0.901164 0.328648 -0.270379 -0.245538 -0.994944 0.092962 0.510997 -0.313668 -0.191090 -0.744269 0.241841 -1.365525 0.849801 -0.244773 -0.632235 0.336765 -0.907570 -0.265201 2.689733 1.091994 -7.613285 3.249301 1.236886 -6.535762 2.689733 1.091994 1.215715 3.249301 1.236886 2.293238 0.000000 0.000000 -8.829000 0.000000 0.000000 -8.829000 0.000000 0.000000 0.000000 0.000000 0.000000 0.000000 0.000000 0.000000 0.000000 0.000000 0.000000 0.000000 0.000000 0.000000 0.000000 0.000000 0.000000 0.000000 0.000000 0.000000 0.000000 0.000000 0.000000 0.000000
5.167272 0.000000 0.267128 0.122623 -0.178229 0.394461 0.064164 -0.061239 -0.016934 0.276452 -0.050849 0.150654 0.402406 -0.056314 -0.079779 0.015520 0.151967 0.098527 0.359369 1.215548 -0.187375 -0.124952 0.199236 -0.258043 0.816044 -0.136029 0.880401 0.299466 -0.289670 -0.248340 -1.010127 0.134853 0.519533 -0.311426 -0.198347 -0.750810 0.243521 -1.411167 0.895400 -0.175452 -0.655867 0.307775 -0.927801 -0.268249 2.748528 1.199043 -7.628482 3.325297 1.456481 -6.453789 2.748528 1.199043 1.200518 3.325297 1.456481 2.375211 0.000000 0.000000 -8.829000 0.000000 0.000000 -8.829000 0.000000 0.000000 0.000000 0.000000 0.000000 0.000000 0.000000 0.000000 0.000000 0.000000 0.000000 0.000000 0.000000 0.000000 0.000000 0.000000 0.000000 0.000000 0.000000 0.000000 0.000000 0.000000 0.000000 0.000000
5.217944 0.000000 0.272330 0.127057 -0.178733 0.377491 0.064787 -0.057273 -0.019031 0.285189 -0.052395 0.151001 0.384778 -0.056578 -0.077526 0.017533 0.210592 0.165653 0.360842 1.296288 -0.210113 -0.091315 0.209338 -0.128843 0.857311 -0.098252 0.911660 0.273964 -0.291953 -0.233477 -0.954597 0.206011 0.528562 -0.242403 -0.221514 -0.719857 0.254794 -1.277723 0.936300 -0.139156 -0.634899 0.282845 -0.932923 -0.253448 2.741933 1.394711 -7.966347 2.795912 1.611248 -6.139481 2.741933 1.394711 0.862653 2.795912 1.611248 2.689519 0.000000 0.000000 -8.829000 0.000000 0.000000 -8.829000 0.000000 0.000000 0.000000 0.000000 0.000000 0.000000 0.000000 0.000000 0.000000 0.000000 0.000000 0.000000 0.000000 0.000000 0.000000 0.000000 0.000000 0.000000 0.000000 0.000000 0.000000 0.000000 0.000000 0.000000
5.264221 0.000000 0.280994 0.129585 -0.178913 0.359659 0.065242 -0.056817 -0.020002 0.294704 -0.053282 0.151804 0.367161 -0.056865 -0.076639 0.019546 0.230255 0.208507 0.358512 1.202130 -0.226214 -0.097657 0.212706 -0.070070 0.856753 -0.098226 0.908140 0.272021 -0.315382 -0.235464 -0.931214 0.248906 0.529774 -0.347402 -0.237969 -0.729723 0.258725 -1.213097 0.937749 -0.138996 -0.648385 0.281496 -0.959501 -0.255214 2.336076 1.469794 -7.094604 2.471967 1.602581 -5.764613 2.336076 1.469794 1.734396 2.471967 1.602581 3.064387 0.000000 0.000000 -8.829000 0.000000 0.000000 -8.829000 0.000000 0.000000 0.000000 0.000000 0.000000 0.000000 0.000000 0.000000 0.000000 0.000000 0.000000 0.000000 0.000000 0.000000 0.000000 0.000000 0.000000 0.000000 0.000000 0.000000 0.000000 0.000000 0.000000 0.000000
5.313972 0.000000 0.281845 0.130125 -0.179008 0.356195 0.065290 -0.056733 -0.020397 0.295735 -0.053905 0.151888 0.364848 -0.056985 -0.076196 0.019810 0.168887 0.252294 0.359055 1.278031 -0.239468 -0.108466 0.209126 -0.055447 0.855663 -0.101047 1.050626 0.285894 -0.311392 -0.239088 -0.994100 0.292476 0.531239 -0.274535 -0.251361 -0.741536 0.255264 -1.198061 0.935738 -0.142798 -0.507206 0.295466 -0.955807 -0.259017 2.789274 1.591068 -7.734854 2.797745 1.594509 -6.697531 2.789274 1.591068 1.094146 2.797745 1.594509 2.131469 0.000000 0.000000 -8.829000 0.000000 0.000000 -8.829000 0.000000 0.000000 0.000000 0.000000 0.000000 0.000000 0.000000 0.000000 0.000000 0.000000 0.000000 0.000000 0.000000 0.000000 0.000000 0.000000 0.000000 0.000000 0.000000 0.000000 0.000000 0.000000 0.000000 0.000000
5.373806 0.000000 0.286219 0.130748 -0.179344 0.341574 0.066021 -0.056158 -0.022291 0.301116 -0.057428 0.152967 0.350766 -0.057416 -0.072301 0.021068 0.239274 0.270325 0.378139 1.212163 -0.252409 -0.132486 0.203330 0.056611 0.844552 -0.090874 0.942300 0.299539 -0.304616 -0.251379 -0.928069 0.306011 0.550919 -0.352724 -0.264876 -0.769600 0.249483 -1.085390 0.920702 -0.137951 -0.624050 0.309496 -0.950719 -0.272266 2.261144 1.633022 -6.885362 2.015433 1.569062 -5.560610 2.261144 1.633022 1.943638 2.015433 1.569062 3.268390 0.000000 0.000000 -8.829000 0.000000 0.000000 -8.829000 0.000000 0.000000 0.000000 0.000000 0.000000 0.000000 0.000000 0.000000 0.000000 0.000000 0.000000 0.000000 0.000000 0.000000 0.000000 0.000000 0.000000 0.000000 0.000000 0.000000 0.000000 0.000000 0.000000 0.000000
5.430534 0.000000 0.287418 0.130928 -0.179356 0.337308 0.066057 -0.056146 -0.022638 0.302554 -0.058735 0.153314 0.346524 -0.057476 -0.072049 0.021344 0.288221 0.301685 0.380812 1.142118 -0.242747 -0.140869 0.199878 0.112491 0.837044 -0.053801 0.892238 0.307860 -0.277599 -0.243381 -0.880676 0.336251 0.553848 -0.426501 -0.255335 -0.779268 0.246043 -1.030119 0.911647 -0.102965 -0.677203 0.317961 -0.924639 -0.264653 1.831393 1.678989 -6.183955 1.648719 1.619797 -5.093023 1.831393 1.678989 2.645045 1.648719 1.619797 3.735977 0.000000 0.000000 -8.829000 0.000000 0.000000 -8.829000 0.000000 0.000000 0.000000 0.000000 0.000000 0.000000 0.000000 0.000000 0.000000 0.000000 0.000000 0.000000 0.000000 0.000000 0.000000 0.000000 0.000000 0.000000 0.000000 0.000000 0.000000 0.000000 0.000000 0.000000
5.485636 0.000000 0.290066 0.131994 -0.179596 0.323346 0.066453 -0.055870 -0.024016 0.305070 -0.061156 0.153254 0.330669 -0.057704 -0.069197 0.021811 0.213598 0.317482 0.398084 1.100730 -0.253324 -0.159172 0.199796 -0.003071 0.879756 -0.057750 0.822984 0.314495 -0.262460 -0.261373 -0.963497 0.348815 0.573005 -0.481136 -0.266398 -0.802004 0.246256 -1.155585 0.951791 -0.111391 -0.761006 0.324785 -0.913581 -0.283621 2.028505 1.741535 -6.010198 2.020768 1.674143 -5.021433 2.028505 1.741535 2.818802 2.020768 1.674143 3.807567 0.000000 0.000000 -8.829000 0.000000 0.000000 -8.829000 0.000000 0.000000 0.000000 0.000000 0.000000 0.000000 0.000000 0.000000 0.000000 0.000000 0.000000 0.000000 0.000000 0.000000 0.000000 0.000000 0.000000 0.000000 0.000000 0.000000 0.000000 0.000000 0.000000 0.000000
5.531114 0.000000 0.290246 0.132390 -0.179656 0.320063 0.066572 -0.055151 -0.024688 0.305094 -0.061323 0.153242 0.327229 -0.057800 -0.067867 0.022099 0.161442 0.313288 0.408703 1.171897 -0.260050 -0.171191 0.192397 -0.026981 0.881266 -0.071553 0.885668 0.318344 -0.215144 -0.282055 -1.018454 0.344099 0.584403 -0.413222 -0.273282 -0.814920 0.238941 -1.182810 0.953635 -0.125554 -0.701831 0.328679 -0.867092 -0.304389 2.449618 1.772340 -6.601648 2.379194 1.639114 -5.659509 2.449618 1.772340 2.227352 2.379194 1.639114 3.169491 0.000000 0.000000 -8.829000 0.000000 0.000000 -8.829000 0.000000 0.000000 0.000000 0.000000 0.000000 0.000000 0.000000 0.000000 0.000000 0.000000 0.000000 0.000000 0.000000 0.000000 0.000000 0.000000 0.000000 0.000000 0.000000 0.000000 0.000000 0.000000 0.000000 0.000000
5.608038 0.000000 0.296214 0.134487 -0.180147 0.296729 0.066788 -0.054073 -0.027324 0.308534 -0.062306 0.157473 0.306652 -0.058279 -0.065278 0.023921 0.221095 0.334012 0.426246 1.122270 -0.269720 -0.206961 0.179808 -0.041113 0.984646 0.070445 0.860257 0.322574 -0.184990 -0.266890 -0.967544 0.360178 0.605155 -0.482403 -0.283786 -0.857059 0.226660 -1.209073 1.067255 0.017491 -0.746350 0.333406 -0.842775 -0.289106 1.997867 1.830982 -5.857220 2.365219 2.143651 -5.540923 1.997867 1.830982 2.971780 2.365219 2.143651 3.288077 0.000000 0.000000 -8.829000 0.000000 0.000000 -8.829000 0.000000 0.000000 0.000000 0.000000 0.000000 0.000000 0.000000 0.000000 0.000000 0.000000 0.000000 0.000000 0.000000 0.000000 0.000000 0.000000 0.000000 0.000000 0.000000 0.000000 0.000000 0.000000 0.000000 0.000000
5.689538 0.000000 0.301990 0.135350 -0.180710 0.270736 0.067016 -0.051496 -0.030608 0.311698 -0.062450 0.159330 0.281318 -0.059298 -0.062965 0.030104 0.138936 0.271488 0.402788 1.000421 -0.276535 -0.245773 0.147671 -0.276759 1.077558 0.011362 0.948592 0.355996 -0.182996 -0.195008 -1.060979 0.289221 0.582541 -0.626427 -0.291454 -0.902807 0.194375 -1.462784 1.170397 -0.039927 -0.682686 0.368727 -0.848550 -0.216559 1.977541 1.615340 -5.137933 3.734643 2.252633 -6.760652 1.977541 1.615340 3.691067 3.734643 2.252633 2.068348 0.000000 0.000000 -8.829000 0.000000 0.000000 -8.829000 0.000000 0.000000 0.000000 0.000000 0.000000 0.000000 0.000000 0.000000 0.000000 0.000000 0.000000 0.000000 0.000000 0.000000 0.000000 0.000000 0.000000 0.000000 0.000000 0.000000 0.000000 0.000000 0.000000 0.000000
5.749321 0.000000 0.303081 0.135422 -0.180794 0.266601 0.067016 -0.051520 -0.030979 0.311949 -0.062402 0.159318 0.278609 -0.059370 -0.062953 0.030416 0.089046 0.252534 0.395822 0.965986 -0.279094 -0.244738 0.125374 -0.291579 1.167095 0.023717 0.950081 0.369547 -0.172114 -0.161829 -1.112335 0.268807 0.575550 -0.664347 -0.294149 -0.902980 0.172045 -1.479873 1.260680 -0.027450 -0.684000 0.382391 -0.838615 -0.183376 2.103721 1.549503 -5.061361 3.823395 2.476807 -6.852553 2.103721 1.549503 3.767639 3.823395 2.476807 1.976447 0.000000 0.000000 -8.829000 0.000000 0.000000 -8.829000 0.000000 0.000000 0.000000 0.000000 0.000000 0.000000 0.000000 0.000000 0.000000 0.000000 0.000000 0.000000 0.000000 0.000000 0.000000 0.000000 0.000000 0.000000 0.000000 0.000000 0.000000 0.000000 0.000000 0.000000
5.815381 0.000000 0.312357 0.136129 -0.184737 0.242057 0.067327 -0.048500 -0.032957 0.320171 -0.064176 0.160121 0.249248 -0.059825 -0.060065 0.031794 0.273319 0.188412 0.282213 1.160570 -0.301416 -0.203755 0.118467 -0.209632 1.206691 -0.025819 0.957507 0.402618 -0.180536 -0.178110 -0.927136 0.191221 0.459340 -0.485781 -0.316801 -0.866799 0.164561 -1.406178 1.303053 -0.078811 -0.699077 0.415933 -0.853878 -0.200252 1.817735 1.215295 -5.837257 3.513476 2.438698 -6.508543 1.817735 1.215295 2.991743 3.513476 2.438698 2.320457 0.000000 0.000000 -8.829000 0.000000 0.000000 -8.829000 0.000000 0.000000 0.000000 0.000000 0.000000 0.000000 0.000000 0.000000 0.000000 0.000000 0.000000 0.000000 0.000000 0.000000 0.000000 0.000000 0.000000 0.000000 0.000000 0.000000 0.000000 0.000000 0.000000 0.000000
5.887309 0.000000 0.315257 0.136297 -0.185288 0.236461 0.067363 -0.048248 -0.033232 0.322735 -0.065614 0.160912 0.243304 -0.059873 -0.060065 0.032214 0.302056 0.176867 0.258933 1.052187 -0.320550 -0.231767 0.138933 -0.214855 1.237696 -0.018710 0.853689 0.450373 -0.203827 -0.182300 -0.896352 0.177419 0.435487 -0.597144 -0.336001 -0.895789 0.184910 -1.410523 1.333537 -0.073574 -0.806390 0.463884 -0.878305 -0.204778 1.337744 1.124549 -4.984154 3.222626 2.503731 -5.791279 1.337744 1.124549 3.844846 3.222626 2.503731 3.037721 0.000000 0.000000 -8.829000 0.000000 0.000000 -8.829000 0.000000 0.000000 0.000000 0.000000 0.000000 0.000000 0.000000 0.000000 0.000000 0.000000 0.000000 0.000000 0.000000 0.000000 0.000000 0.000000 0.000000 0.000000 0.000000 0.000000 0.000000 0.000000 0.000000 0.000000
5.960190 0.000000 0.322591 0.137579 -0.186355 0.216447 0.067975 -0.046403 -0.034802 0.334935 -0.079755 0.161344 0.221265 -0.060928 -0.058064 0.033604 0.241450 0.143590 0.240698 1.226881 -0.332696 -0.190205 0.167394 -0.229523 0.951398 -0.090346 1.013735 0.460041 -0.185366 -0.231127 -0.957171 0.138624 0.417753 -0.435529 -0.348539 -0.858189 0.213527 -1.412653 1.022129 -0.170351 -0.653551 0.474489 -0.861117 -0.258247 2.131181 1.070363 -6.308269 3.738895 1.659607 -6.757716 2.131181 1.070363 2.520731 3.738895 1.659607 2.071284 0.000000 0.000000 -8.829000 0.000000 0.000000 -8.829000 0.000000 0.000000 0.000000 0.000000 0.000000 0.000000 0.000000 0.000000 0.000000 0.000000 0.000000 0.000000 0.000000 0.000000 0.000000 0.000000 0.000000 0.000000 0.000000 0.000000 0.000000 0.000000 0.000000 0.000000
6.010893 0.000000 0.324928 0.137986 -0.186391 0.211378 0.068178 -0.045756 -0.035282 0.336110 -0.081589 0.161236 0.216759 -0.061623 -0.057716 0.033688 0.347243 0.161349 0.238084 1.231520 -0.338424 -0.197652 0.169997 -0.144543 0.854042 -0.103605 0.954303 0.447815 -0.217207 -0.253238 -0.850140 0.155697 0.415436 -0.433591 -0.354374 -0.866375 0.216192 -1.328781 0.921762 -0.187089 -0.716056 0.462386 -0.893780 -0.281225 1.649817 1.101883 -5.998234 3.152522 1.418514 -6.014156 1.649817 1.101883 2.830766 3.152522 1.418514 2.814844 0.000000 0.000000 -8.829000 0.000000 0.000000 -8.829000 0.000000 0.000000 0.000000 0.000000 0.000000 0.000000 0.000000 0.000000 0.000000 0.000000 0.000000 0.000000 0.000000 0.000000 0.000000 0.000000 0.000000 0.000000 0.000000 0.000000 0.000000 0.000000 0.000000 0.000000
6.066764 0.000000 0.331256 0.139329 -0.186439 0.190477 0.070599 -0.042604 -0.039212 0.344594 -0.084800 0.161439 0.197416 -0.065949 -0.056362 0.035389 0.280571 0.077413 0.223541 1.217786 -0.289153 -0.190372 0.142082 0.070689 0.923456 -0.053221 1.019241 0.382084 -0.249258 -0.248166 -0.919863 0.067224 0.402103 -0.461521 -0.306168 -0.862892 0.188818 -1.110189 0.988763 -0.141408 -0.661793 0.397421 -0.928679 -0.278242 1.927975 0.886784 -6.095342 2.289344 1.663258 -5.682816 1.927975 0.886784 2.733658 2.289344 1.663258 3.146184 0.000000 0.000000 -8.829000 0.000000 0.000000 -8.829000 0.000000 0.000000 0.000000 0.000000 0.000000 0.000000 0.000000 0.000000 0.000000 0.000000 0.000000 0.000000 0.000000 0.000000 0.000000 0.000000 0.000000 0.000000 0.000000 0.000000 0.000000 0.000000 0.000000 0.000000
6.113040 0.000000 0.332730 0.139353 -0.186463 0.185803 0.071294 -0.042604 -0.039476 0.346308 -0.084693 0.161775 0.193521 -0.066285 -0.056386 0.035785 0.310659 0.064458 0.223483 1.166059 -0.244870 -0.188739 0.132641 0.166743 0.880913 -0.085205 0.984606 0.343421 -0.263092 -0.258283 -0.890592 0.052771 0.401820 -0.516689 -0.262007 -0.862369 0.179569 -1.013642 0.947832 -0.172668 -0.698842 0.358899 -0.943327 -0.288321 1.656548 0.844926 -5.697751 1.759361 1.512004 -5.151708 1.656548 0.844926 3.131249 1.759361 1.512004 3.677292 0.000000 0.000000 -8.829000 0.000000 0.000000 -8.829000 0.000000 0.000000 0.000000 0.000000 0.000000 0.000000 0.000000 0.000000 0.000000 0.000000 0.000000 0.000000 0.000000 0.000000 0.000000 0.000000 0.000000 0.000000 0.000000 0.000000 0.000000 0.000000 0.000000 0.000000
6.172429 0.000000 0.338291 0.140683 -0.187158 0.150066 0.073943 -0.037031 -0.042041 0.350886 -0.087449 0.162578 0.158767 -0.068070 -0.051580 0.039608 0.163302 0.017098 0.209988 1.190016 -0.218827 -0.139171 0.142686 -0.041002 0.852847 -0.177200 1.035811 0.324493 -0.270139 -0.272307 -1.055879 -0.004868 0.389840 -0.521518 -0.236457 -0.821015 0.190837 -1.241519 0.924374 -0.268786 -0.676591 0.341186 -0.958744 -0.303636 2.480402 0.728536 -6.248324 2.917350 1.218699 -5.868538 2.480402 0.728536 2.580676 2.917350 1.218699 2.960462 0.000000 0.000000 -8.829000 0.000000 0.000000 -8.829000 0.000000 0.000000 0.000000 0.000000 0.000000 0.000000 0.000000 0.000000 0.000000 0.000000 0.000000 0.000000 0.000000 0.000000 0.000000 0.000000 0.000000 0.000000 0.000000 0.000000 0.000000 0.000000 0.000000 0.000000
6.232456 0.000000 0.338950 0.140994 -0.187158 0.145441 0.073967 -0.037055 -0.042328 0.351282 -0.088240 0.162734 0.154608 -0.068250 -0.051005 0.040003 0.065289 -0.010964 0.226811 1.160567 -0.199723 -0.114675 0.151594 -0.087400 0.830326 -0.225320 1.069380 0.309726 -0.256314 -0.278083 -1.156506 -0.033936 0.407194 -0.554864 -0.217485 -0.797835 0.199884 -1.290512 0.901670 -0.318281 -0.646427 0.326559 -0.945879 -0.309725 2.896425 0.708807 -6.376191 3.269338 1.056134 -6.205040 2.896425 0.708807 2.452809 3.269338 1.056134 2.623960 0.000000 0.000000 -8.829000 0.000000 0.000000 -8.829000 0.000000 0.000000 0.000000 0.000000 0.000000 0.000000 0.000000 0.000000 0.000000 0.000000 0.000000 0.000000 0.000000 0.000000 0.000000 0.000000 0.000000 0.000000 0.000000 0.000000 0.000000 0.000000 0.000000 0.000000
6.279606 0.000000 0.347758 0.146747 -0.187086 0.113011 0.075189 -0.035078 -0.044737 0.354721 -0.092818 0.164975 0.124660 -0.069425 -0.046019 0.041933 0.153043 0.058787 0.239220 1.310916 -0.188491 -0.096069 0.155980 -0.130633 0.848098 -0.204418 1.184152 0.300971 -0.232505 -0.292876 -1.074734 0.036497 0.429044 -0.425379 -0.207110 -0.785453 0.206385 -1.350211 0.922019 -0.304306 -0.555029 0.318375 -0.928519 -0.326330 2.918585 0.933904 -6.898925 3.849589 1.103636 -6.912643 2.918585 0.933904 1.930075 3.849589 1.103636 1.916357 0.000000 0.000000 -8.829000 0.000000 0.000000 -8.829000 0.000000 0.000000 0.000000 0.000000 0.000000 0.000000 0.000000 0.000000 0.000000 0.000000 0.000000 0.000000 0.000000 0.000000 0.000000 0.000000 0.000000 0.000000 0.000000 0.000000 0.000000 0.000000 0.000000 0.000000
6.354837 0.000000 0.349987 0.147298 -0.187098 0.108289 0.075345 -0.035090 -0.045240 0.356639 -0.093729 0.165802 0.119674 -0.069592 -0.045816 0.042328 0.180002 0.104224 0.243565 1.270235 -0.175669 -0.109864 0.168985 -0.167991 0.852052 -0.206354 1.200332 0.291588 -0.218767 -0.318781 -1.046379 0.081513 0.433905 -0.468371 -0.194481 -0.799999 0.219509 -1.386982 0.926865 -0.307075 -0.541571 0.309145 -0.915610 -0.352442 2.648745 1.035345 -6.521666 4.088325 1.091787 -7.112497 2.648745 1.035345 2.307334 4.088325 1.091787 1.716503 0.000000 0.000000 -8.829000 0.000000 0.000000 -8.829000 0.000000 0.000000 0.000000 0.000000 0.000000 0.000000 0.000000 0.000000 0.000000 0.000000 0.000000 0.000000 0.000000 0.000000 0.000000 0.000000 0.000000 0.000000 0.000000 0.000000 0.000000 0.000000 0.000000 0.000000
6.421265 0.000000 0.363577 0.149323 -0.187158 0.081349 0.076196 -0.033017 -0.049147 0.372685 -0.099361 0.171398 0.089294 -0.070156 -0.042868 0.044593 0.264729 0.058973 0.242601 1.367135 -0.168642 -0.105855 0.165141 -0.049036 0.900983 -0.101544 1.407174 0.306873 -0.154925 -0.347644 -0.950949 0.032065 0.433317 -0.383384 -0.188597 -0.799450 0.215730 -1.252943 0.981141 -0.206086 -0.346568 0.325097 -0.854939 -0.382096 2.505025 0.968622 -6.818905 4.107049 1.391388 -8.067578 2.505025 0.968622 2.010095 4.107049 1.391388 0.761422 0.000000 0.000000 -8.829000 0.000000 0.000000 -8.829000 0.000000 0.000000 0.000000 0.000000 0.000000 0.000000 0.000000 0.000000 0.000000 0.000000 0.000000 0.000000 0.000000 0.000000 0.000000 0.000000 0.000000 0.000000 0.000000 0.000000 0.000000 0.000000 0.000000 0.000000
6.490016 0.000000 0.366286 0.150198 -0.187206 0.074925 0.076411 -0.032825 -0.049711 0.374171 -0.099745 0.172249 0.085519 -0.070252 -0.042388 0.045204 0.324066 0.125168 0.267503 1.288457 -0.164271 -0.131338 0.153766 0.023791 0.915161 -0.072303 1.417228 0.319297 -0.178725 -0.358446 -0.890345 0.097847 0.459204 -0.465287 -0.184431 -0.825924 0.204601 -1.179440 0.997069 -0.176611 -0.338450 0.337697 -0.879280 -0.392855 1.973087 1.144986 -6.115025 3.757692 1.487314 -7.882333 1.973087 1.144986 2.713975 3.757692 1.487314 0.946667 0.000000 0.000000 -8.829000 0.000000 0.000000 -8.829000 0.000000 0.000000 0.000000 0.000000 0.000000 0.000000 0.000000 0.000000 0.000000 0.000000 0.000000 0.000000 0.000000 0.000000 0.000000 0.000000 0.000000 0.000000 0.000000 0.000000 0.000000 0.000000 0.000000 0.000000
6.535043 0.000000 0.370133 0.154477 -0.187565 0.046343 0.077418 -0.030416 -0.052503 0.382501 -0.101698 0.174275 0.055799 -0.072397 -0.039284 0.051628 0.209077 0.121602 0.251726 1.225542 -0.176930 -0.151970 0.146934 -0.020890 0.919425 -0.074723 1.300972 0.311548 -0.209245 -0.311570 -1.018455 0.091269 0.450510 -0.548488 -0.197996 -0.852536 0.199527 -1.227820 1.009318 -0.179040 -0.473015 0.332024 -0.915030 -0.346370 2.307264 1.095927 -5.861240 3.628950 1.510536 -7.122321 2.307264 1.095927 2.967760 3.628950 1.510536 1.706679 0.000000 0.000000 -8.829000 0.000000 0.000000 -8.829000 0.000000 0.000000 0.000000 0.000000 0.000000 0.000000 0.000000 0.000000 0.000000 0.000000 0.000000 0.000000 0.000000 0.000000 0.000000 0.000000 0.000000 0.000000 0.000000 0.000000 0.000000 0.000000 0.000000 0.000000
6.597847 0.000000 0.371283 0.154608 -0.187613 0.041525 0.077514 -0.030368 -0.052743 0.382800 -0.102285 0.174670 0.052095 -0.072696 -0.039284 0.052083 0.258950 0.132599 0.268159 1.135472 -0.150268 -0.151080 0.145683 -0.000550 0.951047 -0.012208 1.282494 0.321842 -0.193058 -0.258212 -0.969741 0.100876 0.466888 -0.641789 -0.171439 -0.852711 0.198365 -1.209669 1.041738 -0.117254 -0.494385 0.342514 -0.899754 -0.293270 1.842647 1.144617 -5.236911 3.473004 1.743691 -6.998931 1.842647 1.144617 3.592089 3.473004 1.743691 1.830069 0.000000 0.000000 -8.829000 0.000000 0.000000 -8.829000 0.000000 0.000000 0.000000 0.000000 0.000000 0.000000 0.000000 0.000000 0.000000 0.000000 0.000000 0.000000 0.000000 0.000000 0.000000 0.000000 0.000000 0.000000 0.000000 0.000000 0.000000 0.000000 0.000000 0.000000
6.674699 0.000000 0.376736 0.155687 -0.187781 0.014920 0.078209 -0.027036 -0.054600 0.387234 -0.107762 0.179883 0.021979 -0.074830 -0.037019 0.054756 0.219874 0.168256 0.301105 1.189614 -0.177271 -0.130192 0.165083 0.070134 0.966402 0.087375 1.165904 0.307191 -0.223113 -0.212996 -1.016062 0.129893 0.500436 -0.604764 -0.198827 -0.836803 0.218384 -1.150287 1.065333 -0.023043 -0.631364 0.328881 -0.935753 -0.250009 2.212775 1.317437 -5.557276 2.776817 2.037836 -6.018238 2.212775 1.317437 3.271724 2.776817 2.037836 2.810762 0.000000 0.000000 -8.829000 0.000000 0.000000 -8.829000 0.000000 0.000000 0.000000 0.000000 0.000000 0.000000 0.000000 0.000000 0.000000 0.000000 0.000000 0.000000 0.000000 0.000000 0.000000 0.000000 0.000000 0.000000 0.000000 0.000000 0.000000 0.000000 0.000000 0.000000
6.758258 0.000000 0.384011 0.156107 -0.188128 -0.007658 0.078557 -0.026449 -0.056338 0.390027 -0.113670 0.180399 -0.002145 -0.076064 -0.036660 0.056326 0.151878 0.141809 0.317067 1.162121 -0.168836 -0.127391 0.169789 -0.079382 0.794618 0.064766 1.031114 0.269240 -0.246821 -0.201099 -1.084159 0.096782 0.514905 -0.644992 -0.191019 -0.838136 0.223186 -1.310671 0.891081 -0.055931 -0.782341 0.291750 -0.964270 -0.240690 2.467071 1.301861 -5.491812 3.068533 1.638089 -5.388583 2.467071 1.301861 3.337188 3.068533 1.638089 3.440417 0.000000 0.000000 -8.829000 0.000000 0.000000 -8.829000 0.000000 0.000000 0.000000 0.000000 0.000000 0.000000 0.000000 0.000000 0.000000 0.000000 0.000000 0.000000 0.000000 0.000000 0.000000 0.000000 0.000000 0.000000 0.000000 0.000000 0.000000 0.000000 0.000000 0.000000
6.812271 0.000000 0.384706 0.156178 -0.188236 -0.010270 0.078736 -0.025478 -0.057261 0.390758 -0.115132 0.180494 -0.005321 -0.076352 -0.035389 0.057129 0.145751 0.108647 0.323094 1.326190 -0.200694 -0.137560 0.160720 -0.102032 0.760906 0.078029 1.164028 0.272313 -0.253574 -0.186601 -1.090316 0.062661 0.520700 -0.482205 -0.223078 -0.848529 0.214071 -1.333367 0.855978 -0.045178 -0.650699 0.295023 -0.971096 -0.226668 2.945032 1.268503 -6.364296 3.505994 1.607567 -6.107385 2.945032 1.268503 2.464704 3.505994 1.607567 2.721615 0.000000 0.000000 -8.829000 0.000000 0.000000 -8.829000 0.000000 0.000000 0.000000 0.000000 0.000000 0.000000 0.000000 0.000000 0.000000 0.000000 0.000000 0.000000 0.000000 0.000000 0.000000 0.000000 0.000000 0.000000 0.000000 0.000000 0.000000 0.000000 0.000000 0.000000
6.868872 0.000000 0.397529 0.157760 -0.188440 -0.039812 0.080079 -0.024016 -0.060820 0.401771 -0.120705 0.181022 -0.035222 -0.076819 -0.033939 0.059598 0.156694 0.066904 0.327570 1.295062 -0.189975 -0.162474 0.155248 -0.094695 0.800684 0.118152 1.123396 0.293180 -0.289267 -0.181136 -1.071003 0.014852 0.524193 -0.526339 -0.213519 -0.877321 0.208995 -1.321495 0.894097 -0.012640 -0.704907 0.316828 -1.010651 -0.222927 2.767642 1.201925 -6.046179 3.304200 1.771468 -5.713564 2.767642 1.201925 2.782821 3.304200 1.771468 3.115436 0.000000 0.000000 -8.829000 0.000000 0.000000 -8.829000 0.000000 0.000000 0.000000 0.000000 0.000000 0.000000 0.000000 0.000000 0.000000 0.000000 0.000000 0.000000 0.000000 0.000000 0.000000 0.000000 0.000000 0.000000 0.000000 0.000000 0.000000 0.000000 0.000000 0.000000
6.918282 0.000000 0.397972 0.157760 -0.188548 -0.043011 0.080426 -0.022710 -0.061323 0.403197 -0.120753 0.181249 -0.038925 -0.076963 -0.031830 0.060185 0.168741 0.036776 0.333110 1.393511 -0.183279 -0.146196 0.157701 -0.022184 0.802229 0.080217 1.212480 0.307139 -0.263977 -0.186274 -1.059904 -0.016382 0.529484 -0.429710 -0.206850 -0.861376 0.211526 -1.247885 0.896547 -0.050128 -0.617089 0.330786 -0.985404 -0.228001 3.019110 1.173265 -6.581496 3.266956 1.665978 -6.093135 3.019110 1.173265 2.247504 3.266956 1.665978 2.735865 0.000000 0.000000 -8.829000 0.000000 0.000000 -8.829000 0.000000 0.000000 0.000000 0.000000 0.000000 0.000000 0.000000 0.000000 0.000000 0.000000 0.000000 0.000000 0.000000 0.000000 0.000000 0.000000 0.000000 0.000000 0.000000 0.000000 0.000000 0.000000 0.000000 0.000000
6.980561 0.000000 0.405079 0.159055 -0.189063 -0.071498 0.080882 -0.019678 -0.062450 0.414091 -0.122838 0.182292 -0.064955 -0.077310 -0.027779 0.061851 0.061273 -0.031148 0.335407 1.468210 -0.217022 -0.107084 0.186350 -0.145778 0.808101 0.019580 1.339890 0.341063 -0.226786 -0.221394 -1.170392 -0.091017 0.531738 -0.370426 -0.240762 -0.826783 0.240830 -1.364040 0.905610 -0.111270 -0.500099 0.364995 -0.950855 -0.263551 3.812286 1.072860 -7.165440 4.277519 1.495360 -6.980900 3.812286 1.072860 1.663560 4.277519 1.495360 1.848100 0.000000 0.000000 -8.829000 0.000000 0.000000 -8.829000 0.000000 0.000000 0.000000 0.000000 0.000000 0.000000 0.000000 0.000000 0.000000 0.000000 0.000000 0.000000 0.000000 0.000000 0.000000 0.000000 0.000000 0.000000 0.000000 0.000000 0.000000 0.000000 0.000000 0.000000
7.030274 0.000000 0.405510 0.159258 -0.189171 -0.075033 0.081109 -0.018839 -0.062785 0.414774 -0.123893 0.182508 -0.067639 -0.077334 -0.026797 0.062234 0.098411 -0.041740 0.336345 1.455714 -0.235949 -0.105196 0.199232 -0.049021 0.797188 0.000411 1.370723 0.359919 -0.207759 -0.226473 -1.134444 -0.102529 0.532809 -0.384957 -0.259722 -0.825391 0.253860 -1.267128 0.894086 -0.132074 -0.470270 0.383908 -0.931933 -0.268915 3.618928 1.064161 -7.027870 3.944301 1.408346 -6.993267 3.618928 1.064161 1.801130 3.944301 1.408346 1.835733 0.000000 0.000000 -8.829000 0.000000 0.000000 -8.829000 0.000000 0.000000 0.000000 0.000000 0.000000 0.000000 0.000000 0.000000 0.000000 0.000000 0.000000 0.000000 0.000000 0.000000 0.000000 0.000000 0.000000 0.000000 0.000000 0.000000 0.000000 0.000000 0.000000 0.000000
7.077208 0.000000 0.412785 0.162494 -0.189902 -0.105449 0.081565 -0.017856 -0.064751 0.422048 -0.128291 0.182987 -0.098127 -0.077622 -0.023669 0.063720 0.198769 0.015742 0.347625 1.352314 -0.234065 -0.103671 0.212429 -0.060986 0.843510 -0.012066 1.139743 0.389986 -0.221893 -0.250046 -1.037097 -0.050479 0.547095 -0.503990 -0.258577 -0.828650 0.268297 -1.282086 0.941325 -0.150571 -0.716533 0.414386 -0.950296 -0.294143 2.862535 1.230152 -6.177053 3.419845 1.436342 -5.701766 2.862535 1.230152 2.651947 3.419845 1.436342 3.127234 0.000000 0.000000 -8.829000 0.000000 0.000000 -8.829000 0.000000 0.000000 0.000000 0.000000 0.000000 0.000000 0.000000 0.000000 0.000000 0.000000 0.000000 0.000000 0.000000 0.000000 0.000000 0.000000 0.000000 0.000000 0.000000 0.000000 0.000000 0.000000 0.000000 0.000000
7.118891 0.000000 0.413096 0.162938 -0.190010 -0.107055 0.081577 -0.017880 -0.064883 0.422072 -0.128255 0.182987 -0.100164 -0.077610 -0.023561 0.063660 0.198534 0.033083 0.346691 1.267652 -0.246200 -0.104380 0.217855 0.020112 0.850102 -0.032719 1.101864 0.408810 -0.178679 -0.271218 -1.037563 -0.033210 0.546780 -0.589429 -0.270773 -0.829590 0.273865 -1.202279 0.948456 -0.171146 -0.755822 0.433193 -0.907528 -0.315366 2.624691 1.256081 -5.734100 3.013622 1.372162 -5.454345 2.624691 1.256081 3.094900 3.013622 1.372162 3.374655 0.000000 0.000000 -8.829000 0.000000 0.000000 -8.829000 0.000000 0.000000 0.000000 0.000000 0.000000 0.000000 0.000000 0.000000 0.000000 0.000000 0.000000 0.000000 0.000000 0.000000 0.000000 0.000000 0.000000 0.000000 0.000000 0.000000 0.000000 0.000000 0.000000 0.000000
7.162039 0.000000 0.421078 0.168894 -0.190130 -0.128363 0.081924 -0.015747 -0.070168 0.430821 -0.138801 0.181118 -0.116235 -0.078341 -0.019103 0.064295 0.224322 0.095228 0.353126 1.236741 -0.258038 -0.133918 0.189107 0.190026 0.589655 -0.143048 1.136784 0.439366 -0.164710 -0.313681 -1.005908 0.030474 0.561131 -0.627295 -0.284266 -0.860647 0.246546 -1.021041 0.671723 -0.301021 -0.722539 0.463642 -0.892672 -0.361457 2.336896 1.404148 -5.381673 2.291937 0.483572 -5.244088 2.336896 1.404148 3.447327 2.291937 0.483572 3.584912 0.000000 0.000000 -8.829000 0.000000 0.000000 -8.829000 0.000000 0.000000 0.000000 0.000000 0.000000 0.000000 0.000000 0.000000 0.000000 0.000000 0.000000 0.000000 0.000000 0.000000 0.000000 0.000000 0.000000 0.000000 0.000000 0.000000 0.000000 0.000000 0.000000 0.000000
7.207126 0.000000 0.421797 0.169493 -0.190118 -0.131000 0.081924 -0.015747 -0.070587 0.432403 -0.140443 0.181393 -0.120441 -0.078473 -0.019115 0.064655 0.226801 0.155611 0.349597 1.242131 -0.266837 -0.139428 0.156450 0.228886 0.552739 -0.113137 1.162771 0.464424 -0.145195 -0.321766 -1.003365 0.090862 0.558432 -0.623021 -0.293227 -0.866481 0.214066 -0.981051 0.634007 -0.273495 -0.697988 0.488857 -0.873526 -0.370048 2.296954 1.496414 -5.356814 2.167411 0.478193 -5.326273 2.296954 1.496414 3.472186 2.167411 0.478193 3.502727 0.000000 0.000000 -8.829000 0.000000 0.000000 -8.829000 0.000000 0.000000 0.000000 0.000000 0.000000 0.000000 0.000000 0.000000 0.000000 0.000000 0.000000 0.000000 0.000000 0.000000 0.000000 0.000000 0.000000 0.000000 0.000000 0.000000 0.000000 0.000000 0.000000 0.000000
7.246432 0.000000 0.424601 0.171434 -0.190753 -0.152140 0.082152 -0.014693 -0.072553 0.434932 -0.140275 0.187254 -0.148029 -0.078832 -0.018540 0.068969 0.129764 0.180920 0.353899 1.231821 -0.273984 -0.165299 0.145261 0.097640 0.626686 -0.044466 1.090233 0.483320 -0.170679 -0.320614 -1.106228 0.110955 0.564344 -0.644535 -0.301054 -0.895699 0.203726 -1.122451 0.727375 -0.197582 -0.787286 0.509334 -0.904471 -0.368286 2.699626 1.539419 -5.320652 2.586792 0.850031 -5.068082 2.699626 1.539419 3.508348 2.586792 0.850031 3.760918 0.000000 0.000000 -8.829000 0.000000 0.000000 -8.829000 0.000000 0.000000 0.000000 0.000000 0.000000 0.000000 0.000000 0.000000 0.000000 0.000000 0.000000 0.000000 0.000000 0.000000 0.000000 0.000000 0.000000 0.000000 0.000000 0.000000 0.000000 0.000000 0.000000 0.000000
7.286223 0.000000 0.425308 0.171626 -0.190813 -0.154968 0.082152 -0.014681 -0.072744 0.435183 -0.139760 0.186882 -0.149623 -0.078832 -0.017845 0.068754 0.148327 0.201245 0.346150 1.218253 -0.279179 -0.180843 0.135888 0.191003 0.606673 -0.123265 1.218253 0.497280 -0.111645 -0.336898 -1.087749 0.130606 0.556613 -0.659415 -0.306330 -0.911659 0.194426 -1.029603 0.707539 -0.275724 -0.660136 0.523147 -0.845644 -0.384505 2.539041 1.552033 -5.177889 2.610094 0.560433 -5.652156 2.539041 1.552033 3.651111 2.610094 0.560433 3.176844 0.000000 0.000000 -8.829000 0.000000 0.000000 -8.829000 0.000000 0.000000 0.000000 0.000000 0.000000 0.000000 0.000000 0.000000 0.000000 0.000000 0.000000 0.000000 0.000000 0.000000 0.000000 0.000000 0.000000 0.000000 0.000000 0.000000 0.000000 0.000000 0.000000 0.000000
7.341574 0.000000 0.433326 0.173592 -0.191172 -0.172022 0.082439 -0.013267 -0.074626 0.442973 -0.144362 0.189147 -0.167635 -0.079443 -0.016910 0.072349 0.228775 0.232794 0.350726 1.395845 -0.302171 -0.179958 0.125578 0.174321 0.612544 -0.049317 1.124663 0.515410 -0.184025 -0.297450 -0.999361 0.159918 0.561680 -0.486901 -0.329847 -0.912106 0.184504 -1.038608 0.715718 -0.205606 -0.759067 0.542511 -0.919332 -0.346010 2.606073 1.662866 -5.866836 2.288262 0.799103 -5.041582 2.606073 1.662866 2.962164 2.288262 0.799103 3.787418 0.000000 0.000000 -8.829000 0.000000 0.000000 -8.829000 0.000000 0.000000 0.000000 0.000000 0.000000 0.000000 0.000000 0.000000 0.000000 0.000000 0.000000 0.000000 0.000000 0.000000 0.000000 0.000000 0.000000 0.000000 0.000000 0.000000 0.000000 0.000000 0.000000 0.000000
7.395330 0.000000 0.434776 0.173819 -0.191160 -0.174814 0.082463 -0.013147 -0.074925 0.444087 -0.144386 0.189626 -0.172153 -0.079575 -0.016898 0.072756 0.229447 0.254423 0.351400 1.370304 -0.320184 -0.214282 0.116618 0.204997 0.613749 -0.011164 1.090872 0.527551 -0.208265 -0.273030 -0.997151 0.181201 0.562275 -0.513235 -0.347958 -0.946660 0.175575 -1.008079 0.718862 -0.166636 -0.795017 0.554816 -0.944264 -0.321596 2.474218 1.695962 -5.655126 1.992653 0.922336 -4.773686 2.474218 1.695962 3.173874 1.992653 0.922336 4.055314 0.000000 0.000000 -8.829000 0.000000 0.000000 -8.829000 0.000000 0.000000 0.000000 0.000000 0.000000 0.000000 0.000000 0.000000 0.000000 0.000000 0.000000 0.000000 0.000000 0.000000 0.000000 0.000000 0.000000 0.000000 0.000000 0.000000 0.000000 0.000000 0.000000 0.000000
7.460376 0.000000 0.441343 0.174107 -0.191688 -0.193641 0.082859 -0.011721 -0.076399 0.446736 -0.145357 0.190190 -0.190333 -0.080462 -0.016550 0.073811 0.175692 0.228582 0.358882 1.394968 -0.336478 -0.236464 0.109749 0.203069 0.615775 -0.084509 1.210295 0.538008 -0.225929 -0.280899 -1.047142 0.149992 0.567304 -0.495878 -0.364654 -0.970986 0.168807 -1.014305 0.725171 -0.240078 -0.684781 0.565724 -0.964667 -0.330299 2.777882 1.659641 -5.766487 2.370207 0.701183 -5.254669 2.777882 1.659641 3.062513 2.370207 0.701183 3.574331 0.000000 0.000000 -8.829000 0.000000 0.000000 -8.829000 0.000000 0.000000 0.000000 0.000000 0.000000 0.000000 0.000000 0.000000 0.000000 0.000000 0.000000 0.000000 0.000000 0.000000 0.000000 0.000000 0.000000 0.000000 0.000000 0.000000 0.000000 0.000000 0.000000 0.000000
7.540560 0.000000 0.444099 0.175173 -0.191616 -0.208418 0.083374 -0.010426 -0.077850 0.452896 -0.148844 0.189303 -0.197164 -0.085316 -0.014237 0.073883 0.157933 0.214906 0.355049 1.485860 -0.349946 -0.229271 0.101033 0.361673 0.564816 -0.153045 1.539238 0.416370 -0.195354 -0.322242 -1.066594 0.133553 0.564105 -0.411477 -0.378534 -0.965560 0.160742 -0.845811 0.668413 -0.314310 -0.355082 0.443887 -0.932766 -0.374280 3.129566 1.630681 -6.196424 2.542613 0.331114 -6.646711 3.129566 1.630681 2.632576 2.542613 0.331114 2.182289 0.000000 0.000000 -8.829000 0.000000 0.000000 -8.829000 0.000000 0.000000 0.000000 0.000000 0.000000 0.000000 0.000000 0.000000 0.000000 0.000000 0.000000 0.000000 0.000000 0.000000 0.000000 0.000000 0.000000 0.000000 0.000000 0.000000 0.000000 0.000000 0.000000 0.000000
7.592830 0.000000 0.444315 0.175233 -0.191604 -0.210803 0.083590 -0.009707 -0.078257 0.454622 -0.149815 0.189411 -0.199465 -0.086238 -0.013099 0.073955 0.165351 0.210005 0.361298 1.491391 -0.338839 -0.222543 0.100095 0.428609 0.570578 -0.148266 1.599515 0.368541 -0.181629 -0.336866 -1.059823 0.128057 0.570302 -0.407024 -0.367485 -0.959048 0.159910 -0.776153 0.673270 -0.310784 -0.294738 0.395954 -0.918711 -0.389425 3.127594 1.642246 -6.219972 2.396704 0.330307 -6.873067 3.127594 1.642246 2.609028 2.396704 0.330307 1.955933 0.000000 0.000000 -8.829000 0.000000 0.000000 -8.829000 0.000000 0.000000 0.000000 0.000000 0.000000 0.000000 0.000000 0.000000 0.000000 0.000000 0.000000 0.000000 0.000000 0.000000 0.000000 0.000000 0.000000 0.000000 0.000000 0.000000 0.000000 0.000000 0.000000 0.000000
7.656575 0.000000 0.449061 0.175377 -0.191700 -0.225711 0.084141 -0.007550 -0.080534 0.462447 -0.151660 0.189375 -0.211869 -0.086958 -0.007946 0.074302 0.291962 0.178322 0.353743 1.380160 -0.349830 -0.230826 0.082782 0.384298 0.574803 -0.182399 1.609004 0.345700 -0.134092 -0.369582 -0.930633 0.092483 0.560843 -0.523638 -0.379038 -0.968708 0.142709 -0.809928 0.676092 -0.346318 -0.286794 0.372623 -0.870847 -0.422662 2.208018 1.571242 -5.486492 2.700944 0.202853 -7.057247 2.208018 1.571242 3.342508 2.700944 0.202853 1.771753 0.000000 0.000000 -8.829000 0.000000 0.000000 -8.829000 0.000000 0.000000 0.000000 0.000000 0.000000 0.000000 0.000000 0.000000 0.000000 0.000000 0.000000 0.000000 0.000000 0.000000 0.000000 0.000000 0.000000 0.000000 0.000000 0.000000 0.000000 0.000000 0.000000 0.000000
7.709336 0.000000 0.451434 0.175677 -0.193665 -0.242201 0.084465 -0.007226 -0.081409 0.462220 -0.158923 0.191436 -0.229989 -0.087844 -0.007886 0.077778 0.160331 0.131114 0.338717 1.466742 -0.354990 -0.238021 0.094541 0.324761 0.502906 -0.168446 1.786400 0.347909 -0.127845 -0.341954 -1.064866 0.037415 0.543127 -0.444623 -0.384554 -0.978273 0.154668 -0.877214 0.605326 -0.342627 -0.117885 0.376160 -0.866724 -0.397559 3.101216 1.417825 -6.018453 3.462735 0.104737 -7.893820 3.101216 1.417825 2.810547 3.462735 0.104737 0.935180 0.000000 0.000000 -8.829000 0.000000 0.000000 -8.829000 0.000000 0.000000 0.000000 0.000000 0.000000 0.000000 0.000000 0.000000 0.000000 0.000000 0.000000 0.000000 0.000000 0.000000 0.000000 0.000000 0.000000 0.000000 0.000000 0.000000 0.000000 0.000000 0.000000 0.000000
7.764640 0.000000 0.452093 0.175880 -0.194204 -0.245605 0.084585 -0.006795 -0.081613 0.462471 -0.159606 0.192359 -0.232842 -0.088396 -0.007718 0.078629 0.140703 0.123697 0.323123 1.475310 -0.359407 -0.240051 0.104455 0.310958 0.468732 -0.093642 1.812662 0.315039 -0.128360 -0.320292 -1.084533 0.028397 0.527070 -0.437394 -0.388999 -0.980667 0.164638 -0.891503 0.572989 -0.267902 -0.092859 0.343582 -0.867516 -0.376147 3.214597 1.356215 -6.074915 3.534134 0.286058 -8.028553 3.214597 1.356215 2.754085 3.534134 0.286058 0.800447 0.000000 0.000000 -8.829000 0.000000 0.000000 -8.829000 0.000000 0.000000 0.000000 0.000000 0.000000 0.000000 0.000000 0.000000 0.000000 0.000000 0.000000 0.000000 0.000000 0.000000 0.000000 0.000000 0.000000 0.000000 0.000000 0.000000 0.000000 0.000000 0.000000 0.000000
7.810596 0.000000 0.455460 0.176947 -0.195127 -0.260609 0.084860 -0.005645 -0.082200 0.463466 -0.159918 0.196326 -0.251813 -0.091799 -0.006759 0.080450 0.063190 0.099879 0.298507 1.411040 -0.377251 -0.246361 0.116502 0.198487 0.469642 -0.090521 1.695872 0.267033 -0.146391 -0.314653 -1.161654 0.000458 0.501942 -0.507240 -0.406960 -0.988541 0.177144 -1.010010 0.585997 -0.260424 -0.219142 0.296205 -0.888099 -0.371552 3.412485 1.222986 -5.823779 3.784292 0.356819 -7.508116 3.412485 1.222986 3.005221 3.784292 0.356819 1.320884 0.000000 0.000000 -8.829000 0.000000 0.000000 -8.829000 0.000000 0.000000 0.000000 0.000000 0.000000 0.000000 0.000000 0.000000 0.000000 0.000000 0.000000 0.000000 0.000000 0.000000 0.000000 0.000000 0.000000 0.000000 0.000000 0.000000 0.000000 0.000000 0.000000 0.000000
7.843768 0.000000 0.460614 0.177187 -0.196098 -0.283751 0.085088 -0.004914 -0.083171 0.464317 -0.160385 0.197009 -0.270388 -0.093165 -0.006172 0.081469 0.137131 0.089723 0.293268 1.396806 -0.397496 -0.248178 0.136932 0.204823 0.472163 -0.080794 1.747903 0.237899 -0.144417 -0.320812 -1.087279 -0.016879 0.493649 -0.530159 -0.427554 -0.992996 0.197887 -1.010167 0.594078 -0.249860 -0.175844 0.267462 -0.888590 -0.378724 3.024978 1.217621 -5.598519 3.931518 0.389464 -7.658775 3.024978 1.217621 3.230481 3.931518 0.389464 1.170225 0.000000 0.000000 -8.829000 0.000000 0.000000 -8.829000 0.000000 0.000000 0.000000 0.000000 0.000000 0.000000 0.000000 0.000000 0.000000 0.000000 0.000000 0.000000 0.000000 0.000000 0.000000 0.000000 0.000000 0.000000 0.000000 0.000000 0.000000 0.000000 0.000000 0.000000
7.879304 0.000000 0.461524 0.177223 -0.196110 -0.285284 0.085088 -0.004914 -0.083194 0.464832 -0.160601 0.196937 -0.271503 -0.093489 -0.006124 0.081457 0.139901 0.069605 0.280657 1.381077 -0.415500 -0.252761 0.155564 0.157157 0.479241 -0.068605 1.746487 0.201324 -0.161363 -0.324960 -1.083385 -0.037229 0.480767 -0.546205 -0.445570 -0.997682 0.216508 -1.057293 0.600951 -0.237958 -0.177506 0.230879 -0.905550 -0.383064 2.964632 1.153258 -5.521175 4.136810 0.448725 -7.680355 2.964632 1.153258 3.307825 4.136810 0.448725 1.148645 0.000000 0.000000 -8.829000 0.000000 0.000000 -8.829000 0.000000 0.000000 0.000000 0.000000 0.000000 0.000000 0.000000 0.000000 0.000000 0.000000 0.000000 0.000000 0.000000 0.000000 0.000000 0.000000 0.000000 0.000000 0.000000 0.000000 0.000000 0.000000 0.000000 0.000000
7.916319 0.000000 0.465995 0.177858 -0.196122 -0.290869 0.085172 -0.003631 -0.083758 0.467481 -0.161595 0.197536 -0.278585 -0.093896 -0.005657 0.082535 0.172380 0.032693 0.258258 1.371812 -0.431858 -0.262753 0.174501 0.080907 0.535951 -0.035820 1.751094 0.170094 -0.193271 -0.319982 -1.044315 -0.074090 0.457991 -0.555799 -0.461953 -1.007629 0.235432 -1.131022 0.659144 -0.205281 -0.174801 0.199990 -0.937901 -0.378388 2.759167 1.040438 -5.437977 4.490781 0.674588 -7.735417 2.759167 1.040438 3.391023 4.490781 0.674588 1.093583 0.000000 0.000000 -8.829000 0.000000 0.000000 -8.829000 0.000000 0.000000 0.000000 0.000000 0.000000 0.000000 0.000000 0.000000 0.000000 0.000000 0.000000 0.000000 0.000000 0.000000 0.000000 0.000000 0.000000 0.000000 0.000000 0.000000 0.000000 0.000000 0.000000 0.000000
7.954430 0.000000 0.467277 0.178026 -0.196098 -0.294105 0.085268 -0.003128 -0.083902 0.467864 -0.161811 0.197644 -0.280754 -0.093920 -0.005381 0.082835 0.162678 0.000018 0.250292 1.368942 -0.446294 -0.256473 0.196522 0.013712 0.569740 -0.031495 1.808238 0.155336 -0.215006 -0.322411 -1.052800 -0.107143 0.449846 -0.559495 -0.476380 -1.001538 0.257532 -1.198291 0.693410 -0.201020 -0.118422 0.185311 -0.959827 -0.380892 2.821270 0.969659 -5.452812 4.969360 0.765476 -8.038227 2.821270 0.969659 3.376188 4.969360 0.765476 0.790773 0.000000 0.000000 -8.829000 0.000000 0.000000 -8.829000 0.000000 0.000000 0.000000 0.000000 0.000000 0.000000 0.000000 0.000000 0.000000 0.000000 0.000000 0.000000 0.000000 0.000000 0.000000 0.000000 0.000000 0.000000 0.000000 0.000000 0.000000 0.000000 0.000000 0.000000
7.998889 0.000000 0.472107 0.178313 -0.196218 -0.306497 0.085364 -0.002613 -0.084249 0.469842 -0.163621 0.197536 -0.292643 -0.093980 -0.004482 0.083302 0.131626 -0.017689 0.262178 1.387123 -0.459034 -0.259451 0.224643 -0.087565 0.574403 -0.042418 1.802047 0.140940 -0.238039 -0.336511 -1.079495 -0.127206 0.460182 -0.544762 -0.489214 -1.005537 0.285774 -1.300330 0.698529 -0.214263 -0.128704 0.171011 -0.983892 -0.395799 3.038100 0.990147 -5.532881 5.456468 0.749236 -8.019554 3.038100 0.990147 3.296119 5.456468 0.749236 0.809446 0.000000 0.000000 -8.829000 0.000000 0.000000 -8.829000 0.000000 0.000000 0.000000 0.000000 0.000000 0.000000 0.000000 0.000000 0.000000 0.000000 0.000000 0.000000 0.000000 0.000000 0.000000 0.000000 0.000000 0.000000 0.000000 0.000000 0.000000 0.000000 0.000000 0.000000
8.050412 0.000000 0.472274 0.178409 -0.196194 -0.308642 0.085436 -0.001929 -0.084513 0.469830 -0.164388 0.197560 -0.295998 -0.093992 -0.003967 0.083338 0.166510 -0.036958 0.265522 1.383078 -0.470993 -0.244171 0.240873 -0.185050 0.590890 -0.025708 1.754843 0.128098 -0.252359 -0.347981 -1.045035 -0.146857 0.463557 -0.549556 -0.501180 -0.990400 0.302088 -1.398997 0.715029 -0.198784 -0.177172 0.158128 -0.998489 -0.407607 2.891865 0.987851 -5.504382 5.801536 0.848221 -7.876010 2.891865 0.987851 3.324618 5.801536 0.848221 0.952990 0.000000 0.000000 -8.829000 0.000000 0.000000 -8.829000 0.000000 0.000000 0.000000 0.000000 0.000000 0.000000 0.000000 0.000000 0.000000 0.000000 0.000000 0.000000 0.000000 0.000000 0.000000 0.000000 0.000000 0.000000 0.000000 0.000000 0.000000 0.000000 0.000000 0.000000
8.122412 0.000000 0.473413 0.178733 -0.196278 -0.317103 0.085543 -0.000623 -0.085567 0.470417 -0.167060 0.197716 -0.305346 -0.094028 -0.002637 0.083602 0.184235 -0.072420 0.262943 1.260897 -0.484432 -0.243546 0.248920 -0.272045 0.548127 -0.058942 1.644459 0.114130 -0.256014 -0.364331 -1.028144 -0.184314 0.460615 -0.674655 -0.514846 -0.990502 0.310359 -1.487879 0.671856 -0.236101 -0.290610 0.144107 -1.002751 -0.424990 2.496788 0.926094 -4.926780 5.954410 0.672617 -7.388057 2.496788 0.926094 3.902220 5.954410 0.672617 1.440943 0.000000 0.000000 -8.829000 0.000000 0.000000 -8.829000 0.000000 0.000000 0.000000 0.000000 0.000000 0.000000 0.000000 0.000000 0.000000 0.000000 0.000000 0.000000 0.000000 0.000000 0.000000 0.000000 0.000000 0.000000 0.000000 0.000000 0.000000 0.000000 0.000000 0.000000
8.183129 0.000000 0.473581 0.178913 -0.196541 -0.323274 0.085651 0.000024 -0.087041 0.471292 -0.168294 0.198159 -0.310859 -0.094412 -0.001342 0.085400 0.124471 -0.099971 0.263756 1.354390 -0.490657 -0.220366 0.240093 -0.291897 0.573979 -0.032393 1.756381 0.125637 -0.223197 -0.339372 -1.089637 -0.214121 0.460899 -0.583521 -0.521532 -0.967937 0.301671 -1.507585 0.698774 -0.210608 -0.180201 0.156087 -0.970121 -0.400436 3.103498 0.863565 -5.438222 6.403314 0.822265 -7.964172 3.103498 0.863565 3.390778 6.403314 0.822265 0.864828 0.000000 0.000000 -8.829000 0.000000 0.000000 -8.829000 0.000000 0.000000 0.000000 0.000000 0.000000 0.000000 0.000000 0.000000 0.000000 0.000000 0.000000 0.000000 0.000000 0.000000 0.000000 0.000000 0.000000 0.000000 0.000000 0.000000 0.000000 0.000000 0.000000 0.000000
8.228673 0.000000 0.473629 0.178924 -0.196529 -0.323754 0.085651 0.000264 -0.087389 0.471939 -0.168294 0.198411 -0.312728 -0.094400 -0.000827 0.085879 0.125200 -0.117893 0.251843 1.420172 -0.494138 -0.203791 0.229691 -0.326508 0.559966 -0.032993 1.738865 0.132621 -0.208579 -0.329378 -1.088945 -0.232196 0.448933 -0.517873 -0.525104 -0.951374 0.291258 -1.541544 0.685612 -0.210656 -0.198193 0.163175 -0.955610 -0.390364 3.301816 0.791193 -5.770755 6.537701 0.812020 -7.935500 3.301816 0.791193 3.058245 6.537701 0.812020 0.893500 0.000000 0.000000 -8.829000 0.000000 0.000000 -8.829000 0.000000 0.000000 0.000000 0.000000 0.000000 0.000000 0.000000 0.000000 0.000000 0.000000 0.000000 0.000000 0.000000 0.000000 0.000000 0.000000 0.000000 0.000000 0.000000 0.000000 0.000000 0.000000 0.000000 0.000000
8.287481 0.000000 0.473641 0.178924 -0.196529 -0.323934 0.085675 0.000372 -0.087665 0.472622 -0.168282 0.198519 -0.314154 -0.094412 -0.000623 0.086167 0.093280 -0.115322 0.258088 1.474892 -0.498005 -0.197282 0.210991 -0.323966 0.553197 -0.020246 1.690174 0.139670 -0.200653 -0.315623 -1.120876 -0.229737 0.455124 -0.463199 -0.529054 -0.944860 0.272551 -1.538198 0.679319 -0.197500 -0.247200 0.170303 -0.947767 -0.376564 3.618983 0.797635 -6.056325 6.385004 0.847989 -7.724293 3.618983 0.797635 2.772675 6.385004 0.847989 1.104707 0.000000 0.000000 -8.829000 0.000000 0.000000 -8.829000 0.000000 0.000000 0.000000 0.000000 0.000000 0.000000 0.000000 0.000000 0.000000 0.000000 0.000000 0.000000 0.000000 0.000000 0.000000 0.000000 0.000000 0.000000 0.000000 0.000000 0.000000 0.000000 0.000000 0.000000
8.355005 0.000000 0.478099 0.179356 -0.196637 -0.331328 0.086035 0.002085 -0.090014 0.480927 -0.168438 0.199094 -0.328128 -0.094891 0.000300 0.087245 0.207486 -0.131810 0.267239 1.395844 -0.502333 -0.197516 0.169146 -0.141483 0.602875 -0.005471 1.506152 0.146578 -0.198322 -0.300782 -1.000600 -0.247483 0.463026 -0.543228 -0.533986 -0.945163 0.230654 -1.345112 0.731764 -0.179474 -0.433758 0.177498 -0.946136 -0.361601 2.827582 0.809751 -5.583629 4.975746 0.933843 -6.696273 2.827582 0.809751 3.245371 4.975746 0.933843 2.132727 0.000000 0.000000 -8.829000 0.000000 0.000000 -8.829000 0.000000 0.000000 0.000000 0.000000 0.000000 0.000000 0.000000 0.000000 0.000000 0.000000 0.000000 0.000000 0.000000 0.000000 0.000000 0.000000 0.000000 0.000000 0.000000 0.000000 0.000000 0.000000 0.000000 0.000000
8.408343 0.000000 0.479357 0.179620 -0.196697 -0.333665 0.086071 0.002085 -0.090325 0.482629 -0.168474 0.199118 -0.331088 -0.094915 0.000372 0.087365 0.258195 -0.123213 0.266553 1.372374 -0.503482 -0.182806 0.140531 -0.009068 0.618684 -0.005181 1.391730 0.149776 -0.185536 -0.293339 -0.948309 -0.239184 0.462226 -0.567111 -0.535250 -0.930564 0.202086 -1.210604 0.747971 -0.178621 -0.548746 0.180737 -0.933525 -0.354139 2.513410 0.824039 -5.449180 4.022372 0.924067 -6.072404 2.513410 0.824039 3.379820 4.022372 0.924067 2.756596 0.000000 0.000000 -8.829000 0.000000 0.000000 -8.829000 0.000000 0.000000 0.000000 0.000000 0.000000 0.000000 0.000000 0.000000 0.000000 0.000000 0.000000 0.000000 0.000000 0.000000 0.000000 0.000000 0.000000 0.000000 0.000000 0.000000 0.000000 0.000000 0.000000 0.000000
8.480499 0.000000 0.482473 0.182244 -0.197093 -0.344534 0.086406 0.002373 -0.091308 0.486308 -0.168786 0.200005 -0.338279 -0.095167 0.000587 0.088156 0.206733 -0.097507 0.275776 1.490761 -0.504187 -0.165052 0.130942 -0.050064 0.679576 0.015723 1.526757 0.175868 -0.187993 -0.284745 -0.997146 -0.214078 0.474056 -0.451210 -0.536284 -0.913329 0.193421 -1.247049 0.811289 -0.155965 -0.415207 0.207099 -0.936415 -0.345492 3.105725 0.894613 -6.014436 4.606264 1.118803 -6.714880 3.105725 0.894613 2.814564 4.606264 1.118803 2.114120 0.000000 0.000000 -8.829000 0.000000 0.000000 -8.829000 0.000000 0.000000 0.000000 0.000000 0.000000 0.000000 0.000000 0.000000 0.000000 0.000000 0.000000 0.000000 0.000000 0.000000 0.000000 0.000000 0.000000 0.000000 0.000000 0.000000 0.000000 0.000000 0.000000 0.000000
8.553897 0.000000 0.484546 0.185156 -0.197164 -0.348262 0.086742 0.003200 -0.091991 0.488010 -0.169661 0.200544 -0.341658 -0.095311 0.001582 0.089342 0.233111 -0.014132 0.242684 1.524695 -0.506066 -0.178149 0.121559 0.049991 0.700689 -0.019808 1.599080 0.171941 -0.210989 -0.277553 -0.967502 -0.128641 0.445128 -0.417113 -0.538270 -0.926060 0.184920 -1.144559 0.833154 -0.191738 -0.343275 0.203458 -0.959374 -0.338404 2.968750 0.941907 -6.090874 4.311155 1.017310 -6.890321 2.968750 0.941907 2.738126 4.311155 1.017310 1.938679 0.000000 0.000000 -8.829000 0.000000 0.000000 -8.829000 0.000000 0.000000 0.000000 0.000000 0.000000 0.000000 0.000000 0.000000 0.000000 0.000000 0.000000 0.000000 0.000000 0.000000 0.000000 0.000000 0.000000 0.000000 0.000000 0.000000 0.000000 0.000000 0.000000 0.000000
8.606682 0.000000 0.485361 0.185360 -0.197164 -0.350682 0.086754 0.003248 -0.092039 0.488717 -0.169924 0.200544 -0.343756 -0.095299 0.001654 0.089522 0.263275 0.014046 0.252929 1.508183 -0.506482 -0.185871 0.122748 0.074811 0.715143 -0.010893 1.593848 0.169860 -0.220876 -0.275100 -0.936631 -0.100756 0.455356 -0.434223 -0.538703 -0.933950 0.186195 -1.119117 0.847753 -0.182965 -0.349014 0.201436 -0.969393 -0.336034 2.752636 1.034595 -5.955606 4.162810 1.064717 -6.825137 2.752636 1.034595 2.873394 4.162810 1.064717 2.003863 0.000000 0.000000 -8.829000 0.000000 0.000000 -8.829000 0.000000 0.000000 0.000000 0.000000 0.000000 0.000000 0.000000 0.000000 0.000000 0.000000 0.000000 0.000000 0.000000 0.000000 0.000000 0.000000 0.000000 0.000000 0.000000 0.000000 0.000000 0.000000 0.000000 0.000000
8.702224 0.000000 0.487686 0.185935 -0.197296 -0.366861 0.087137 0.003416 -0.092638 0.489747 -0.171135 0.200892 -0.366849 -0.095874 0.002025 0.090804 0.210902 0.063190 0.268620 1.532631 -0.505184 -0.189141 0.135381 -0.067368 0.784609 -0.055964 1.191430 0.199258 -0.268569 -0.265904 -0.989952 -0.055266 0.470177 -0.414887 -0.537654 -0.938651 0.199494 -1.266851 0.922314 -0.228100 -0.759501 0.231331 -1.019278 -0.328041 3.077078 1.166269 -6.029942 3.838824 1.065679 -4.998682 3.077078 1.166269 2.799058 3.838824 1.065679 3.830318 0.000000 0.000000 -8.829000 0.000000 0.000000 -8.829000 0.000000 0.000000 0.000000 0.000000 0.000000 0.000000 0.000000 0.000000 0.000000 0.000000 0.000000 0.000000 0.000000 0.000000 0.000000 0.000000 0.000000 0.000000 0.000000 0.000000 0.000000 0.000000 0.000000 0.000000
8.759288 0.000000 0.487806 0.185959 -0.197308 -0.367161 0.087173 0.003427 -0.092686 0.489747 -0.171135 0.200868 -0.369042 -0.095850 0.002073 0.090816 0.187428 0.070788 0.272374 1.584133 -0.523800 -0.211396 0.147838 -0.059640 0.794149 -0.076848 1.149330 0.207978 -0.277139 -0.274736 -1.013292 -0.047732 0.473902 -0.363446 -0.556286 -0.960916 0.211966 -1.259828 0.932325 -0.248886 -0.802377 0.240059 -1.028072 -0.336948 3.309570 1.189897 -6.229890 3.700588 1.001433 -4.778738 3.309570 1.189897 2.599110 3.700588 1.001433 4.050262 0.000000 0.000000 -8.829000 0.000000 0.000000 -8.829000 0.000000 0.000000 0.000000 0.000000 0.000000 0.000000 0.000000 0.000000 0.000000 0.000000 0.000000 0.000000 0.000000 0.000000 0.000000 0.000000 0.000000 0.000000 0.000000 0.000000 0.000000 0.000000 0.000000 0.000000
8.824769 0.000000 0.491976 0.186702 -0.197488 -0.380691 0.088168 0.004482 -0.094100 0.490766 -0.173460 0.200089 -0.380811 -0.095838 0.002061 0.090733 0.163221 0.045818 0.264081 1.392099 -0.519214 -0.237780 0.143766 -0.038919 0.772808 -0.111082 1.152122 0.214375 -0.282843 -0.302844 -1.033814 -0.075255 0.464523 -0.558606 -0.552080 -0.987961 0.208496 -1.240633 0.910016 -0.286968 -0.802746 0.246453 -1.034484 -0.366248 2.878074 1.107195 -5.343463 3.632015 0.808045 -4.699594 2.878074 1.107195 3.485537 3.632015 0.808045 4.129406 0.000000 0.000000 -8.829000 0.000000 0.000000 -8.829000 0.000000 0.000000 0.000000 0.000000 0.000000 0.000000 0.000000 0.000000 0.000000 0.000000 0.000000 0.000000 0.000000 0.000000 0.000000 0.000000 0.000000 0.000000 0.000000 0.000000 0.000000 0.000000 0.000000 0.000000
8.896062 0.000000 0.491940 0.186750 -0.197512 -0.382548 0.088432 0.004446 -0.094184 0.491042 -0.174095 0.200113 -0.381134 -0.095850 0.002145 0.090757 0.139660 0.044605 0.271438 1.371020 -0.514455 -0.239848 0.147379 -0.074553 0.755079 -0.145500 1.189080 0.220530 -0.304136 -0.331455 -1.057981 -0.076979 0.471807 -0.580321 -0.547361 -0.990174 0.212284 -1.275725 0.891762 -0.322368 -0.765658 0.252601 -1.055686 -0.395034 2.947010 1.124061 -5.259149 3.908979 0.657000 -4.833960 2.947010 1.124061 3.569851 3.908979 0.657000 3.995040 0.000000 0.000000 -8.829000 0.000000 0.000000 -8.829000 0.000000 0.000000 0.000000 0.000000 0.000000 0.000000 0.000000 0.000000 0.000000 0.000000 0.000000 0.000000 0.000000 0.000000 0.000000 0.000000 0.000000 0.000000 0.000000 0.000000 0.000000 0.000000 0.000000 0.000000
8.987374 0.000000 0.493247 0.186978 -0.197584 -0.385820 0.089187 0.005501 -0.095490 0.498280 -0.178361 0.201167 -0.383627 -0.096197 0.003080 0.094400 0.184442 0.022313 0.278374 1.619579 -0.508809 -0.186510 0.125757 0.009195 0.717141 -0.156966 1.336429 0.227525 -0.326241 -0.259510 -1.011590 -0.099988 0.478329 -0.332271 -0.542025 -0.936770 0.190898 -1.178262 0.851775 -0.337500 -0.615773 0.260711 -1.076661 -0.323586 3.483561 1.121164 -6.394772 3.806633 0.568929 -5.380599 3.483561 1.121164 2.434228 3.806633 0.568929 3.448401 0.000000 0.000000 -8.829000 0.000000 0.000000 -8.829000 0.000000 0.000000 0.000000 0.000000 0.000000 0.000000 0.000000 0.000000 0.000000 0.000000 0.000000 0.000000 0.000000 0.000000 0.000000 0.000000 0.000000 0.000000 0.000000 0.000000 0.000000 0.000000 0.000000 0.000000
9.036377 0.000000 0.493367 0.187182 -0.197584 -0.386192 0.089211 0.005920 -0.095658 0.498436 -0.178361 0.201143 -0.383879 -0.096197 0.003427 0.094591 0.142661 0.012690 0.278752 1.716487 -0.507829 -0.175488 0.122258 0.021352 0.708682 -0.167107 1.450235 0.229674 -0.325452 -0.238477 -1.053181 -0.109484 0.478996 -0.235352 -0.541042 -0.925694 0.187450 -1.165867 0.843308 -0.347595 -0.501962 0.262879 -1.075842 -0.302532 3.982254 1.092718 -6.871615 4.054899 0.531414 -5.862855 3.982254 1.092718 1.957385 4.054899 0.531414 2.966145 0.000000 0.000000 -8.829000 0.000000 0.000000 -8.829000 0.000000 0.000000 0.000000 0.000000 0.000000 0.000000 0.000000 0.000000 0.000000 0.000000 0.000000 0.000000 0.000000 0.000000 0.000000 0.000000 0.000000 0.000000 0.000000 0.000000 0.000000 0.000000 0.000000 0.000000
9.099149 0.000000 0.494002 0.188991 -0.197680 -0.401412 0.089282 0.007334 -0.096976 0.500521 -0.179128 0.200760 -0.395923 -0.096293 0.005669 0.094783 0.044720 0.033672 0.281151 1.493978 -0.507942 -0.190557 0.111311 0.032255 0.699781 -0.175881 1.377260 0.231940 -0.314056 -0.232148 -1.153737 -0.090984 0.483012 -0.461982 -0.541453 -0.941688 0.177467 -1.154629 0.835240 -0.356862 -0.577947 0.264922 -1.065086 -0.296742 3.860526 1.095850 -5.892607 3.830182 0.469389 -5.510396 3.860526 1.095850 2.936393 3.830182 0.469389 3.318604 0.000000 0.000000 -8.829000 0.000000 0.000000 -8.829000 0.000000 0.000000 0.000000 0.000000 0.000000 0.000000 0.000000 0.000000 0.000000 0.000000 0.000000 0.000000 0.000000 0.000000 0.000000 0.000000 0.000000 0.000000 0.000000 0.000000 0.000000 0.000000 0.000000 0.000000
9.174355 0.000000 0.495260 0.190777 -0.198243 -0.405139 0.089390 0.007682 -0.097695 0.501756 -0.179739 0.200928 -0.406062 -0.096880 0.006531 0.095838 0.038409 0.093485 0.257991 1.589227 -0.505550 -0.169960 0.099239 0.041798 0.696614 -0.207792 1.304440 0.233651 -0.296024 -0.222227 -1.158252 -0.031417 0.461627 -0.367075 -0.539258 -0.921036 0.165855 -1.145474 0.834144 -0.388536 -0.653414 0.266907 -1.047618 -0.287388 4.124364 1.110413 -6.320872 3.639648 0.344106 -5.172037 4.124364 1.110413 2.508128 3.639648 0.344106 3.656963 0.000000 0.000000 -8.829000 0.000000 0.000000 -8.829000 0.000000 0.000000 0.000000 0.000000 0.000000 0.000000 0.000000 0.000000 0.000000 0.000000 0.000000 0.000000 0.000000 0.000000 0.000000 0.000000 0.000000 0.000000 0.000000 0.000000 0.000000 0.000000 0.000000 0.000000
9.237325 0.000000 0.498616 0.193294 -0.198375 -0.413899 0.089486 0.008101 -0.098259 0.503002 -0.180339 0.200963 -0.414103 -0.097228 0.006867 0.096341 0.083148 0.151839 0.237123 1.513373 -0.505471 -0.177673 0.092542 0.035169 0.702016 -0.228847 1.282007 0.234030 -0.289772 -0.216240 -1.109338 0.027234 0.443262 -0.444010 -0.539312 -0.928851 0.159934 -1.151899 0.840807 -0.409642 -0.677787 0.267432 -1.041797 -0.281869 3.616568 1.154523 -5.914784 3.648398 0.274901 -5.057676 3.616568 1.154523 2.914216 3.648398 0.274901 3.771324 0.000000 0.000000 -8.829000 0.000000 0.000000 -8.829000 0.000000 0.000000 0.000000 0.000000 0.000000 0.000000 0.000000 0.000000 0.000000 0.000000 0.000000 0.000000 0.000000 0.000000 0.000000 0.000000 0.000000 0.000000 0.000000 0.000000 0.000000 0.000000 0.000000 0.000000
9.283870 0.000000 0.499598 0.193413 -0.198387 -0.415960 0.089510 0.008221 -0.098295 0.502990 -0.180351 0.200940 -0.414427 -0.097228 0.006855 0.096353 0.087979 0.188384 0.253225 1.443666 -0.505275 -0.181341 0.096397 0.008105 0.722369 -0.232742 1.271923 0.234959 -0.295214 -0.216644 -1.103289 0.063539 0.459132 -0.514036 -0.539114 -0.932600 0.163823 -1.179073 0.861192 -0.413560 -0.687968 0.268368 -1.047265 -0.282294 3.380967 1.275138 -5.584876 3.769390 0.303907 -5.028016 3.380967 1.275138 3.244124 3.769390 0.303907 3.800984 0.000000 0.000000 -8.829000 0.000000 0.000000 -8.829000 0.000000 0.000000 0.000000 0.000000 0.000000 0.000000 0.000000 0.000000 0.000000 0.000000 0.000000 0.000000 0.000000 0.000000 0.000000 0.000000 0.000000 0.000000 0.000000 0.000000 0.000000 0.000000 0.000000 0.000000
9.334524 0.000000 0.502439 0.193749 -0.198447 -0.421701 0.089534 0.008293 -0.098486 0.503625 -0.180494 0.200940 -0.416524 -0.097504 0.007023 0.096617 0.090305 0.229281 0.264905 1.499010 -0.503580 -0.167499 0.103727 0.000615 0.723468 -0.243481 1.307954 0.235686 -0.310492 -0.220738 -1.097382 0.103687 0.470079 -0.459560 -0.537488 -0.918999 0.171225 -1.185946 0.862574 -0.424199 -0.652336 0.269166 -1.062594 -0.286540 3.516957 1.393232 -5.812334 3.899821 0.268511 -5.151328 3.516957 1.393232 3.016666 3.899821 0.268511 3.677672 0.000000 0.000000 -8.829000 0.000000 0.000000 -8.829000 0.000000 0.000000 0.000000 0.000000 0.000000 0.000000 0.000000 0.000000 0.000000 0.000000 0.000000 0.000000 0.000000 0.000000 0.000000 0.000000 0.000000 0.000000 0.000000 0.000000 0.000000 0.000000 0.000000 0.000000
9.379056 0.000000 0.502558 0.193761 -0.198495 -0.421737 0.089546 0.008317 -0.098630 0.503973 -0.180542 0.200963 -0.417291 -0.097540 0.007059 0.096773 0.106614 0.238778 0.245200 1.502234 -0.503543 -0.175432 0.101347 -0.007007 0.728700 -0.246533 1.323319 0.235979 -0.312987 -0.216987 -1.080847 0.113089 0.450287 -0.456310 -0.537498 -0.926920 0.168828 -1.193132 0.867951 -0.427140 -0.637089 0.269510 -1.065112 -0.282805 3.411003 1.342838 -5.806499 3.983296 0.271392 -5.216927 3.411003 1.342838 3.022501 3.983296 0.271392 3.612073 0.000000 0.000000 -8.829000 0.000000 0.000000 -8.829000 0.000000 0.000000 0.000000 0.000000 0.000000 0.000000 0.000000 0.000000 0.000000 0.000000 0.000000 0.000000 0.000000 0.000000 0.000000 0.000000 0.000000 0.000000 0.000000 0.000000 0.000000 0.000000 0.000000 0.000000
9.438724 0.000000 0.502870 0.193929 -0.198770 -0.422720 0.089678 0.008473 -0.098990 0.504740 -0.181873 0.201059 -0.421929 -0.097959 0.007238 0.097971 0.096144 0.234642 0.254251 1.508701 -0.503755 -0.193581 0.105970 -0.045396 0.704091 -0.259435 1.332973 0.236057 -0.310309 -0.200941 -1.090876 0.108364 0.459133 -0.450001 -0.537815 -0.945079 0.173488 -1.230971 0.843615 -0.441469 -0.628230 0.269983 -1.062459 -0.267340 3.470030 1.363262 -5.805783 4.208388 0.204155 -5.262698 3.470030 1.363262 3.023217 4.208388 0.204155 3.566302 0.000000 0.000000 -8.829000 0.000000 0.000000 -8.829000 0.000000 0.000000 0.000000 0.000000 0.000000 0.000000 0.000000 0.000000 0.000000 0.000000 0.000000 0.000000 0.000000 0.000000 0.000000 0.000000 0.000000 0.000000 0.000000 0.000000 0.000000 0.000000 0.000000 0.000000
9.500421 0.000000 0.502906 0.193917 -0.198794 -0.423079 0.089666 0.008485 -0.099002 0.504752 -0.182196 0.201095 -0.422072 -0.098019 0.007238 0.098103 0.121738 0.244219 0.250126 1.518386 -0.503087 -0.192538 0.114588 -0.060994 0.702604 -0.259653 1.328812 0.256660 -0.313011 -0.184447 -1.065303 0.117805 0.454925 -0.440415 -0.537151 -0.944067 0.182104 -1.246497 0.841984 -0.442161 -0.632351 0.290630 -1.065113 -0.250956 3.359733 1.379718 -5.827730 4.268555 0.217319 -5.250167 3.359733 1.379718 3.001270 4.268555 0.217319 3.578833 0.000000 0.000000 -8.829000 0.000000 0.000000 -8.829000 0.000000 0.000000 0.000000 0.000000 0.000000 0.000000 0.000000 0.000000 0.000000 0.000000 0.000000 0.000000 0.000000 0.000000 0.000000 0.000000 0.000000 0.000000 0.000000 0.000000 0.000000 0.000000 0.000000 0.000000
9.544470 0.000000 0.503553 0.194109 -0.198842 -0.426698 0.089750 0.008844 -0.099074 0.504740 -0.182771 0.201467 -0.422396 -0.098019 0.007238 0.098654 0.108194 0.260103 0.245398 1.441675 -0.503599 -0.205496 0.115872 -0.072953 0.699741 -0.259785 1.335032 0.253094 -0.319481 -0.170468 -1.078545 0.133022 0.450026 -0.517927 -0.537643 -0.957206 0.183537 -1.258296 0.839502 -0.442776 -0.626098 0.287257 -1.071531 -0.237068 3.190374 1.382537 -5.475624 4.336445 0.227997 -5.273793 3.190374 1.382537 3.353376 4.336445 0.227997 3.555207 0.000000 0.000000 -8.829000 0.000000 0.000000 -8.829000 0.000000 0.000000 0.000000 0.000000 0.000000 0.000000 0.000000 0.000000 0.000000 0.000000 0.000000 0.000000 0.000000 0.000000 0.000000 0.000000 0.000000 0.000000 0.000000 0.000000 0.000000 0.000000 0.000000 0.000000
9.594356 0.000000 0.503697 0.194132 -0.198890 -0.427801 0.089738 0.008832 -0.099134 0.504752 -0.182855 0.201503 -0.422468 -0.098055 0.007238 0.098702 0.113298 0.243597 0.234574 1.394226 -0.503019 -0.205235 0.114531 -0.077367 0.693214 -0.261322 1.380962 0.249629 -0.325030 -0.164124 -1.073439 0.116187 0.439056 -0.565648 -0.537090 -0.957024 0.182219 -1.262676 0.832993 -0.444401 -0.580166 0.283808 -1.077068 -0.230754 3.036412 1.317972 -5.277288 4.475238 0.219874 -5.461173 3.036412 1.317972 3.551712 4.475238 0.219874 3.367827 0.000000 0.000000 -8.829000 0.000000 0.000000 -8.829000 0.000000 0.000000 0.000000 0.000000 0.000000 0.000000 0.000000 0.000000 0.000000 0.000000 0.000000 0.000000 0.000000 0.000000 0.000000 0.000000 0.000000 0.000000 0.000000 0.000000 0.000000 0.000000 0.000000 0.000000
9.653143 0.000000 0.503745 0.194252 -0.198962 -0.429694 0.089786 0.008844 -0.099253 0.504764 -0.183898 0.201611 -0.423211 -0.098079 0.007250 0.098870 0.128604 0.271289 0.239775 1.443576 -0.501656 -0.189437 0.121175 -0.087602 0.666945 -0.263020 1.432438 0.246663 -0.337474 -0.158398 -1.058453 0.143362 0.444205 -0.516787 -0.535772 -0.941345 0.188966 -1.272818 0.806245 -0.447664 -0.528658 0.280891 -1.089414 -0.225345 3.103816 1.393326 -5.485697 4.639680 0.179576 -5.656052 3.103816 1.393326 3.343303 4.639680 0.179576 3.172948 0.000000 0.000000 -8.829000 0.000000 0.000000 -8.829000 0.000000 0.000000 0.000000 0.000000 0.000000 0.000000 0.000000 0.000000 0.000000 0.000000 0.000000 0.000000 0.000000 0.000000 0.000000 0.000000 0.000000 0.000000 0.000000 0.000000 0.000000 0.000000 0.000000 0.000000
9.706980 0.000000 0.503769 0.194300 -0.199010 -0.429670 0.089810 0.008880 -0.099289 0.504764 -0.184317 0.201635 -0.423343 -0.098091 0.007238 0.098858 0.111282 0.259895 0.226101 1.441684 -0.501495 -0.193731 0.121636 -0.092783 0.630758 -0.286209 1.452742 0.244904 -0.344458 -0.152734 -1.075701 0.131933 0.430555 -0.518654 -0.535618 -0.945625 0.189435 -1.277941 0.769774 -0.471528 -0.508296 0.279125 -1.096348 -0.219810 3.180144 1.319008 -5.491265 4.706656 0.044595 -5.715502 3.180144 1.319008 3.337735 4.706656 0.044595 3.113498 0.000000 0.000000 -8.829000 0.000000 0.000000 -8.829000 0.000000 0.000000 0.000000 0.000000 0.000000 0.000000 0.000000 0.000000 0.000000 0.000000 0.000000 0.000000 0.000000 0.000000 0.000000 0.000000 0.000000 0.000000 0.000000 0.000000 0.000000 0.000000 0.000000 0.000000
9.743878 0.000000 0.503865 0.194444 -0.199022 -0.429802 0.089834 0.008916 -0.099397 0.505111 -0.185863 0.201539 -0.423558 -0.098151 0.007406 0.098882 0.100074 0.259080 0.225127 1.460144 -0.501490 -0.199789 0.123425 -0.082320 0.615697 -0.281411 1.508046 0.243700 -0.341384 -0.153236 -1.086733 0.131178 0.429757 -0.500165 -0.535644 -0.951657 0.191263 -1.266626 0.753211 -0.469325 -0.452582 0.277885 -1.093014 -0.220779 3.281494 1.310591 -5.567145 4.793652 0.028975 -5.948245 3.281494 1.310591 3.261855 4.793652 0.028975 2.880755 0.000000 0.000000 -8.829000 0.000000 0.000000 -8.829000 0.000000 0.000000 0.000000 0.000000 0.000000 0.000000 0.000000 0.000000 0.000000 0.000000 0.000000 0.000000 0.000000 0.000000 0.000000 0.000000 0.000000 0.000000 0.000000 0.000000 0.000000 0.000000 0.000000 0.000000
9.782879 0.000000 0.503865 0.194456 -0.199034 -0.429814 0.089858 0.008928 -0.099409 0.505207 -0.186175 0.201539 -0.423582 -0.098163 0.007502 0.098870 0.091407 0.237554 0.217282 1.480628 -0.501364 -0.203391 0.123807 -0.084437 0.583670 -0.282413 1.534437 0.242794 -0.342242 -0.152466 -1.095395 0.109638 0.421918 -0.479681 -0.535520 -0.955254 0.191655 -1.268514 0.720889 -0.470832 -0.426092 0.276957 -1.093813 -0.220096 3.387072 1.244040 -5.663398 4.855701 -0.025625 -6.051777 3.387072 1.244040 3.165602 4.855701 -0.025625 2.777223 0.000000 0.000000 -8.829000 0.000000 0.000000 -8.829000 0.000000 0.000000 0.000000 0.000000 0.000000 0.000000 0.000000 0.000000 0.000000 0.000000 0.000000 0.000000 0.000000 0.000000 0.000000 0.000000 0.000000 0.000000 0.000000 0.000000 0.000000 0.000000 0.000000 0.000000
9.821474 0.000000 0.503913 0.194516 -0.199106 -0.430066 0.090049 0.009012 -0.099529 0.505375 -0.187146 0.201539 -0.423690 -0.098199 0.007730 0.098918 0.101772 0.235735 0.223769 1.502232 -0.500969 -0.203842 0.123721 -0.100586 0.558092 -0.276730 1.547601 0.242403 -0.349616 -0.150968 -1.084962 0.107674 0.428387 -0.458115 -0.535153 -0.955678 0.191640 -1.284183 0.694464 -0.466736 -0.412665 0.276536 -1.101017 -0.218876 3.398821 1.267595 -5.744691 4.943921 -0.041667 -6.102957 3.398821 1.267595 3.084309 4.943921 -0.041667 2.726043 0.000000 0.000000 -8.829000 0.000000 0.000000 -8.829000 0.000000 0.000000 0.000000 0.000000 0.000000 0.000000 0.000000 0.000000 0.000000 0.000000 0.000000 0.000000 0.000000 0.000000 0.000000 0.000000 0.000000 0.000000 0.000000 0.000000 0.000000 0.000000 0.000000 0.000000
9.868386 0.000000 0.503913 0.194492 -0.199106 -0.430126 0.090025 0.009012 -0.099541 0.505387 -0.187170 0.201563 -0.423798 -0.098199 0.007742 0.098930 0.097707 0.235675 0.219060 1.531241 -0.500911 -0.208036 0.124774 -0.093496 0.533240 -0.280250 1.587173 0.241675 -0.348453 -0.154261 -1.089045 0.107576 0.423631 -0.429128 -0.535099 -0.959882 0.192678 -1.277086 0.669658 -0.470261 -0.373116 0.275811 -1.099859 -0.222174 3.492256 1.249283 -5.864919 5.005627 -0.098585 -6.259101 3.492256 1.249283 2.964081 5.005627 -0.098585 2.569899 0.000000 0.000000 -8.829000 0.000000 0.000000 -8.829000 0.000000 0.000000 0.000000 0.000000 0.000000 0.000000 0.000000 0.000000 0.000000 0.000000 0.000000 0.000000 0.000000 0.000000 0.000000 0.000000 0.000000 0.000000 0.000000 0.000000 0.000000 0.000000 0.000000 0.000000
9.910405 0.000000 0.504488 0.194516 -0.199130 -0.431372 0.090145 0.009120 -0.099637 0.505339 -0.187289 0.202509 -0.431432 -0.098211 0.007742 0.099337 0.102433 0.223184 0.220143 1.557654 -0.500656 -0.207855 0.129235 -0.150025 0.533889 -0.269743 1.431508 0.242502 -0.370882 -0.147014 -1.083602 0.094857 0.424466 -0.402907 -0.534864 -0.959734 0.197177 -1.335255 0.673740 -0.458398 -0.530970 0.276812 -1.122911 -0.215080 3.550122 1.237432 -5.974430 4.852326 -0.033038 -5.562164 3.550122 1.237432 2.854570 4.852326 -0.033038 3.266836 0.000000 0.000000 -8.829000 0.000000 0.000000 -8.829000 0.000000 0.000000 0.000000 0.000000 0.000000 0.000000 0.000000 0.000000 0.000000 0.000000 0.000000 0.000000 0.000000 0.000000 0.000000 0.000000 0.000000 0.000000 0.000000 0.000000 0.000000 0.000000 0.000000 0.000000
9.957698 0.000000 0.504560 0.194552 -0.199142 -0.431456 0.090145 0.009120 -0.099637 0.505339 -0.187289 0.202617 -0.433745 -0.098223 0.007754 0.099349 0.100314 0.231883 0.222007 1.575866 -0.500479 -0.210331 0.127508 -0.131365 0.510841 -0.261918 1.335284 0.241587 -0.362388 -0.145559 -1.085607 0.103560 0.426352 -0.384693 -0.534687 -0.962209 0.195456 -1.317110 0.651417 -0.450293 -0.627831 0.275907 -1.114592 -0.213699 3.603575 1.256097 -6.045484 4.484336 -0.054092 -5.141530 3.603575 1.256097 2.783516 4.484336 -0.054092 3.687470 0.000000 0.000000 -8.829000 0.000000 0.000000 -8.829000 0.000000 0.000000 0.000000 0.000000 0.000000 0.000000 0.000000 0.000000 0.000000 0.000000 0.000000 0.000000 0.000000 0.000000 0.000000 0.000000 0.000000 0.000000 0.000000 0.000000 0.000000 0.000000 0.000000 0.000000
10.016592 1.000000 0.504859 0.194612 -0.199214 -0.431564 0.090157 0.009156 -0.099673 0.505207 -0.187289 0.203097 -0.437975 -0.098247 0.007742 0.099433 0.091171 0.257454 0.219758 1.593881 -0.500084 -0.212630 0.127795 -0.089792 0.495287 -0.242020 1.252357 0.239947 -0.355818 -0.140579 -1.094224 0.129088 0.424040 -0.366623 -0.534298 -0.964490 0.195729 -1.276596 0.637706 -0.429627 -0.711946 0.274315 -1.108357 -0.208815 3.678107 1.285966 -6.117960 4.032113 -0.025183 -4.759043 3.678107 1.285966 2.711040 4.032113 -0.025183 4.069957 0.000000 0.000000 -8.829000 0.000000 0.000000 -8.829000 0.000000 0.000000 0.000000 0.000000 0.000000 0.000000 0.000000 0.000000 0.000000 0.000000 0.000000 0.000000 0.000000 0.000000 0.000000 0.000000 0.000000 0.000000 0.000000 0.000000 0.000000 0.000000 0.000000 0.000000
10.079219 1.000000 0.505039 0.194624 -0.199202 -0.431576 0.090181 0.009168 -0.099661 0.505219 -0.187289 0.203264 -0.438251 -0.098247 0.007742 0.099433 0.104129 0.254472 0.218949 1.595229 -0.499651 -0.210930 0.133115 -0.095329 0.487350 -0.230772 1.121206 0.239961 -0.359046 -0.139299 -1.080961 0.126174 0.423216 -0.365231 -0.533858 -0.962774 0.201048 -1.282130 0.630111 -0.418189 -0.843179 0.274331 -1.111615 -0.207514 3.618487 1.287297 -6.119285 3.678891 0.000974 -4.205378 3.618487 1.287297 2.709715 3.678891 0.000974 4.623622 0.000000 0.000000 -8.829000 0.000000 0.000000 -8.829000 0.000000 0.000000 0.000000 0.000000 0.000000 0.000000 0.000000 0.000000 0.000000 0.000000 0.000000 0.000000 0.000000 0.000000 0.000000 0.000000 0.000000 0.000000 0.000000 0.000000 0.000000 0.000000 0.000000 0.000000
10.136034 1.000000 0.505662 0.194648 -0.199274 -0.431636 0.090373 0.009228 -0.099697 0.505219 -0.187301 0.203456 -0.438707 -0.098307 0.007742 0.099457 0.111951 0.231570 0.215724 1.604699 -0.499480 -0.213928 0.128489 -0.102731 0.498943 -0.223986 1.040478 0.239920 -0.356197 -0.138227 -1.072051 0.103282 0.419786 -0.355623 -0.533688 -0.965710 0.196432 -1.289578 0.642126 -0.411197 -0.924036 0.274300 -1.108799 -0.206448 3.608347 1.238390 -6.159887 3.499736 0.044676 -3.878877 3.608347 1.238390 2.669113 3.499736 0.044676 4.950123 0.000000 0.000000 -8.829000 0.000000 0.000000 -8.829000 0.000000 0.000000 0.000000 0.000000 0.000000 0.000000 0.000000 0.000000 0.000000 0.000000 0.000000 0.000000 0.000000 0.000000 0.000000 0.000000 0.000000 0.000000 0.000000 0.000000 0.000000 0.000000 0.000000 0.000000
10.191078 1.000000 0.507304 0.194660 -0.199310 -0.431864 0.095227 0.009252 -0.099745 0.505231 -0.187289 0.203552 -0.438898 -0.098307 0.007742 0.099493 0.175048 0.218353 0.217516 1.634585 -0.374986 -0.213541 0.130250 -0.094627 0.508303 -0.219121 1.013274 0.239651 -0.352510 -0.137673 -1.006161 0.090339 0.421127 -0.325385 -0.409137 -0.964505 0.199785 -1.281469 0.651708 -0.406193 -0.951295 0.274046 -1.105132 -0.205879 3.372556 1.248830 -6.262626 3.389570 0.073054 -3.769236 3.372556 1.248830 2.566374 3.389570 0.073054 5.059764 0.000000 0.000000 -8.829000 0.000000 0.000000 -8.829000 0.000000 0.000000 0.000000 0.000000 0.000000 0.000000 0.000000 0.000000 0.000000 0.000000 0.000000 0.000000 0.000000 0.000000 0.000000 0.000000 0.000000 0.000000 0.000000 0.000000 0.000000 0.000000 0.000000 0.000000
10.229793 1.000000 0.507592 0.194672 -0.199310 -0.431864 0.095922 0.009252 -0.099745 0.505231 -0.187313 0.203552 -0.438910 -0.098307 0.007754 0.099493 0.190407 0.213664 0.224138 1.633525 -0.323401 -0.212356 0.130604 -0.119966 0.497814 -0.218042 0.969604 0.239630 -0.359931 -0.137663 -0.990303 0.085727 0.427696 -0.326369 -0.357542 -0.963195 0.200366 -1.306806 0.641201 -0.405154 -0.994963 0.274022 -1.112549 -0.205876 3.300727 1.271870 -6.253377 3.382452 0.069204 -3.586211 3.300727 1.271870 2.575623 3.382452 0.069204 5.242789 0.000000 0.000000 -8.829000 0.000000 0.000000 -8.829000 0.000000 0.000000 0.000000 0.000000 0.000000 0.000000 0.000000 0.000000 0.000000 0.000000 0.000000 0.000000 0.000000 0.000000 0.000000 0.000000 0.000000 0.000000 0.000000 0.000000 0.000000 0.000000 0.000000 0.000000
10.304591 1.000000 0.509354 0.194636 -0.199358 -0.431935 0.097887 0.009276 -0.099769 0.505243 -0.187325 0.203552 -0.438922 -0.098307 0.007742 0.099493 0.290165 0.255354 0.221861 1.642240 -0.215146 -0.201169 0.131621 -0.110258 0.489415 -0.211971 0.938793 0.239887 -0.361325 -0.132506 -0.887516 0.127666 0.424843 -0.317248 -0.249263 -0.951616 0.201916 -1.297078 0.632795 -0.399098 -1.025772 0.274281 -1.113942 -0.200722 2.790149 1.374214 -6.242330 3.233430 0.075528 -3.448242 2.790149 1.374214 2.586670 3.233430 0.075528 5.380758 0.000000 0.000000 -8.829000 0.000000 0.000000 -8.829000 0.000000 0.000000 0.000000 0.000000 0.000000 0.000000 0.000000 0.000000 0.000000 0.000000 0.000000 0.000000 0.000000 0.000000 0.000000 0.000000 0.000000 0.000000 0.000000 0.000000 0.000000 0.000000 0.000000 0.000000
10.367070 1.000000 0.509593 0.194660 -0.199346 -0.431947 0.098007 0.009276 -0.099769 0.505231 -0.187325 0.203552 -0.438934 -0.098307 0.007742 0.099505 0.309457 0.227266 0.214359 1.636212 -0.157155 -0.204365 0.131533 -0.133536 0.485799 -0.205983 0.900900 0.240008 -0.362378 -0.133064 -0.867812 0.099665 0.417328 -0.323212 -0.191269 -0.954777 0.201860 -1.320378 0.629187 -0.393110 -1.063671 0.274406 -1.114996 -0.201281 2.684965 1.310309 -6.214668 3.240635 0.098766 -3.302584 2.684965 1.310309 2.614332 3.240635 0.098766 5.526416 0.000000 0.000000 -8.829000 0.000000 0.000000 -8.829000 0.000000 0.000000 0.000000 0.000000 0.000000 0.000000 0.000000 0.000000 0.000000 0.000000 0.000000 0.000000 0.000000 0.000000 0.000000 0.000000 0.000000 0.000000 0.000000 0.000000 0.000000 0.000000 0.000000 0.000000
10.445844 1.000000 0.509917 0.194660 -0.199358 -0.431959 0.098163 0.009300 -0.099769 0.505231 -0.187349 0.204187 -0.439090 -0.098295 0.007742 0.099529 0.340704 0.258701 0.215053 1.628777 -0.105321 -0.212294 0.133161 -0.112635 0.480746 -0.174265 0.903824 0.239807 -0.359055 -0.133512 -0.836006 0.131148 0.417925 -0.330570 -0.139429 -0.962662 0.203514 -1.299333 0.625219 -0.360791 -1.060828 0.274218 -1.111725 -0.201622 2.475067 1.377145 -6.142745 3.119047 0.197795 -3.317617 2.475067 1.377145 2.686255 3.119047 0.197795 5.511383 0.000000 0.000000 -8.829000 0.000000 0.000000 -8.829000 0.000000 0.000000 0.000000 0.000000 0.000000 0.000000 0.000000 0.000000 0.000000 0.000000 0.000000 0.000000 0.000000 0.000000 0.000000 0.000000 0.000000 0.000000 0.000000 0.000000 0.000000 0.000000 0.000000 0.000000
10.515180 1.000000 0.509953 0.194660 -0.199346 -0.431959 0.098199 0.009300 -0.099781 0.505231 -0.187349 0.204583 -0.439138 -0.098307 0.007754 0.099553 0.400278 0.252793 0.187632 1.643080 -0.054125 -0.209128 0.132695 -0.132296 0.480788 -0.154789 0.875359 0.239888 -0.360415 -0.137849 -0.776372 0.125264 0.390504 -0.316256 -0.088236 -0.959487 0.203059 -1.318896 0.625938 -0.340919 -1.089334 0.274309 -1.113112 -0.205892 2.198150 1.294462 -6.184377 3.127211 0.273430 -3.214809 2.198150 1.294462 2.644623 3.127211 0.273430 5.614191 0.000000 0.000000 -8.829000 0.000000 0.000000 -8.829000 0.000000 0.000000 0.000000 0.000000 0.000000 0.000000 0.000000 0.000000 0.000000 0.000000 0.000000 0.000000 0.000000 0.000000 0.000000 0.000000 0.000000 0.000000 0.000000 0.000000 0.000000 0.000000 0.000000 0.000000
10.573004 1.000000 0.509953 0.194660 -0.199346 -0.431971 0.098211 0.009312 -0.099793 0.505231 -0.187349 0.205230 -0.439246 -0.098307 0.007742 0.099613 0.400401 0.248275 0.196575 1.637383 -0.026038 -0.212518 0.130185 -0.151711 0.471536 -0.123829 0.855648 0.240224 -0.362106 -0.137028 -0.776250 0.120741 0.399445 -0.321955 -0.060151 -0.962875 0.200553 -1.338154 0.617811 -0.309303 -1.109119 0.274672 -1.114854 -0.204955 2.188125 1.317437 -6.154530 3.142521 0.379897 -3.150067 2.188125 1.317437 2.674470 3.142521 0.379897 5.678933 0.000000 0.000000 -8.829000 0.000000 0.000000 -8.829000 0.000000 0.000000 0.000000 0.000000 0.000000 0.000000 0.000000 0.000000 0.000000 0.000000 0.000000 0.000000 0.000000 0.000000 0.000000 0.000000 0.000000 0.000000 0.000000 0.000000 0.000000 0.000000 0.000000 0.000000
10.624077 1.000000 0.509965 0.194696 -0.199334 -0.431983 0.098379 0.009300 -0.099793 0.505219 -0.187373 0.205242 -0.439306 -0.098319 0.007754 0.099637 0.406024 0.233391 0.210269 1.635350 -0.024618 -0.210712 0.130883 -0.133626 0.473160 -0.091959 0.857415 0.239928 -0.357580 -0.133663 -0.770606 0.105906 0.413207 -0.323979 -0.058730 -0.961038 0.201323 -1.320092 0.619458 -0.277456 -1.107364 0.274382 -1.110327 -0.201601 2.175151 1.344952 -6.144104 3.036008 0.491073 -3.166222 2.175151 1.344952 2.684896 3.036008 0.491073 5.662778 0.000000 0.000000 -8.829000 0.000000 0.000000 -8.829000 0.000000 0.000000 0.000000 0.000000 0.000000 0.000000 0.000000 0.000000 0.000000 0.000000 0.000000 0.000000 0.000000 0.000000 0.000000 0.000000 0.000000 0.000000 0.000000 0.000000 0.000000 0.000000 0.000000 0.000000
10.667367 1.000000 0.509965 0.194684 -0.199346 -0.431983 0.098390 0.009300 -0.099793 0.505231 -0.187373 0.205254 -0.439306 -0.098307 0.007742 0.099637 0.428945 0.220938 0.207014 1.640362 -0.023558 -0.207305 0.127763 -0.135686 0.473200 -0.086997 0.851544 0.240022 -0.355065 -0.134972 -0.747684 0.093424 0.409921 -0.318970 -0.057670 -0.957631 0.198202 -1.322129 0.619517 -0.272478 -1.113234 0.274478 -1.107815 -0.202904 2.080026 1.320443 -6.160736 3.030030 0.508382 -3.148764 2.080026 1.320443 2.668264 3.030030 0.508382 5.680236 0.000000 0.000000 -8.829000 0.000000 0.000000 -8.829000 0.000000 0.000000 0.000000 0.000000 0.000000 0.000000 0.000000 0.000000 0.000000 0.000000 0.000000 0.000000 0.000000 0.000000 0.000000 0.000000 0.000000 0.000000 0.000000 0.000000 0.000000 0.000000 0.000000 0.000000
10.713780 1.000000 0.509953 0.194672 -0.199346 -0.432007 0.098510 0.009336 -0.099805 0.505243 -0.187361 0.205218 -0.439366 -0.098295 0.007730 0.099649 0.426153 0.230611 0.212230 1.637897 -0.022955 -0.209330 0.126794 -0.164033 0.476894 -0.078505 0.839801 0.240168 -0.358915 -0.131998 -0.750501 0.103082 0.415119 -0.321445 -0.057065 -0.959638 0.197272 -1.350480 0.623178 -0.263991 -1.124990 0.274630 -1.111670 -0.199929 2.082534 1.352581 -6.143843 3.134928 0.558125 -3.114871 2.082534 1.352581 2.685157 3.134928 0.558125 5.714129 0.000000 0.000000 -8.829000 0.000000 0.000000 -8.829000 0.000000 0.000000 0.000000 0.000000 0.000000 0.000000 0.000000 0.000000 0.000000 0.000000 0.000000 0.000000 0.000000 0.000000 0.000000 0.000000 0.000000 0.000000 0.000000 0.000000 0.000000 0.000000 0.000000 0.000000
10.744797 1.000000 0.509965 0.194720 -0.199429 -0.432007 0.098726 0.009324 -0.099829 0.505387 -0.187685 0.205254 -0.439450 -0.098307 0.007754 0.099673 0.436104 0.216759 0.194765 1.638672 -0.012889 -0.208443 0.122388 -0.155781 0.478832 -0.064748 0.839005 0.240188 -0.358192 -0.132621 -0.740496 0.089126 0.397643 -0.320660 -0.047006 -0.958716 0.192939 -1.341923 0.624903 -0.250691 -1.125702 0.274652 -1.110897 -0.200634 2.030507 1.268877 -6.154216 3.081734 0.606338 -3.113738 2.030507 1.268877 2.674784 3.081734 0.606338 5.715262 0.000000 0.000000 -8.829000 0.000000 0.000000 -8.829000 0.000000 0.000000 0.000000 0.000000 0.000000 0.000000 0.000000 0.000000 0.000000 0.000000 0.000000 0.000000 0.000000 0.000000 0.000000 0.000000 0.000000 0.000000 0.000000 0.000000 0.000000 0.000000 0.000000 0.000000
10.780716 1.000000 0.509977 0.194732 -0.199465 -0.432043 0.098726 0.009324 -0.099853 0.505363 -0.187673 0.205290 -0.439450 -0.098295 0.007742 0.099685 0.425396 0.208564 0.200139 1.632021 -0.014575 -0.209833 0.122847 -0.148716 0.465380 -0.053656 0.837810 0.240290 -0.358126 -0.135890 -0.751178 0.080867 0.402991 -0.327318 -0.048701 -0.960108 0.193395 -1.334892 0.611532 -0.239547 -1.126908 0.274761 -1.110839 -0.203891 2.074799 1.270392 -6.131200 3.025441 0.619398 -3.104378 2.074799 1.270392 2.697800 3.025441 0.619398 5.724622 0.000000 0.000000 -8.829000 0.000000 0.000000 -8.829000 0.000000 0.000000 0.000000 0.000000 0.000000 0.000000 0.000000 0.000000 0.000000 0.000000 0.000000 0.000000 0.000000 0.000000 0.000000 0.000000 0.000000 0.000000 0.000000 0.000000 0.000000 0.000000 0.000000 0.000000
10.815256 1.000000 0.510025 0.194744 -0.199418 -0.432043 0.098738 0.009324 -0.099817 0.505279 -0.187685 0.205290 -0.439474 -0.098331 0.007742 0.099697 0.449770 0.209658 0.193009 1.641793 -0.004635 -0.204824 0.122659 -0.135649 0.454440 -0.042828 0.838459 0.240121 -0.357463 -0.133511 -0.726736 0.082071 0.395923 -0.317529 -0.038748 -0.955091 0.193221 -1.321968 0.600608 -0.228758 -1.126280 0.274595 -1.110173 -0.201536 1.976588 1.257450 -6.167589 2.944711 0.636674 -3.100902 1.976588 1.257450 2.661411 2.944711 0.636674 5.728098 0.000000 0.000000 -8.829000 0.000000 0.000000 -8.829000 0.000000 0.000000 0.000000 0.000000 0.000000 0.000000 0.000000 0.000000 0.000000 0.000000 0.000000 0.000000 0.000000 0.000000 0.000000 0.000000 0.000000 0.000000 0.000000 0.000000 0.000000 0.000000 0.000000 0.000000
10.852787 1.000000 0.510073 0.194732 -0.199418 -0.432043 0.098750 0.009324 -0.099841 0.505291 -0.187673 0.205302 -0.439486 -0.098307 0.007742 0.099697 0.434206 0.225499 0.196127 1.633672 0.003961 -0.207226 0.122265 -0.128791 0.446671 -0.036435 0.836235 0.240171 -0.357780 -0.132763 -0.742217 0.097905 0.399004 -0.325640 -0.030160 -0.957489 0.192822 -1.315092 0.592870 -0.222328 -1.128509 0.274646 -1.110497 -0.200774 2.023644 1.287721 -6.134515 2.892465 0.644613 -3.086941 2.023644 1.287721 2.694485 2.892465 0.644613 5.742059 0.000000 0.000000 -8.829000 0.000000 0.000000 -8.829000 0.000000 0.000000 0.000000 0.000000 0.000000 0.000000 0.000000 0.000000 0.000000 0.000000 0.000000 0.000000 0.000000 0.000000 0.000000 0.000000 0.000000 0.000000 0.000000 0.000000 0.000000 0.000000 0.000000 0.000000
10.882702 1.000000 0.510073 0.194756 -0.199465 -0.432043 0.098750 0.009336 -0.099817 0.505279 -0.187685 0.205326 -0.439521 -0.098319 0.007742 0.099697 0.438265 0.231378 0.207329 1.634783 0.009615 -0.205638 0.124578 -0.140620 0.440637 -0.041485 0.835350 0.240227 -0.357738 -0.132048 -0.738141 0.103733 0.410203 -0.324527 -0.024495 -0.955901 0.195134 -1.326940 0.586877 -0.227376 -1.129404 0.274702 -1.110456 -0.200065 2.012562 1.340384 -6.133064 2.951031 0.622181 -3.087041 2.012562 1.340384 2.695936 2.951031 0.622181 5.741959 0.000000 0.000000 -8.829000 0.000000 0.000000 -8.829000 0.000000 0.000000 0.000000 0.000000 0.000000 0.000000 0.000000 0.000000 0.000000 0.000000 0.000000 0.000000 0.000000 0.000000 0.000000 0.000000 0.000000 0.000000 0.000000 0.000000 0.000000 0.000000 0.000000 0.000000
10.921727 1.000000 0.510073 0.194744 -0.199465 -0.432067 0.098762 0.009348 -0.099817 0.505303 -0.187685 0.205350 -0.439545 -0.098307 0.007718 0.099721 0.447945 0.215205 0.197749 1.637905 0.016031 -0.206572 0.121525 -0.147898 0.452435 -0.028034 0.825760 0.240508 -0.361837 -0.127422 -0.728469 0.087546 0.400602 -0.321414 -0.018077 -0.956836 0.192082 -1.334175 0.598725 -0.213887 -1.138998 0.274996 -1.114560 -0.195428 1.973624 1.281796 -6.147583 2.953772 0.695533 -3.053007 1.973624 1.281796 2.681417 2.953772 0.695533 5.775993 0.000000 0.000000 -8.829000 0.000000 0.000000 -8.829000 0.000000 0.000000 0.000000 0.000000 0.000000 0.000000 0.000000 0.000000 0.000000 0.000000 0.000000 0.000000 0.000000 0.000000 0.000000 0.000000 0.000000 0.000000 0.000000 0.000000 0.000000 0.000000 0.000000 0.000000
10.955642 1.000000 0.510085 0.194732 -0.199501 -0.432067 0.098786 0.009348 -0.099841 0.505279 -0.187697 0.205350 -0.439545 -0.098319 0.007742 0.099721 0.451584 0.224643 0.202853 1.640232 0.020552 -0.206628 0.121580 -0.130779 0.439296 -0.027062 0.837434 0.240246 -0.354139 -0.127674 -0.724801 0.096910 0.405642 -0.319089 -0.013565 -0.956891 0.192134 -1.317094 0.585578 -0.212943 -1.127325 0.274729 -1.106858 -0.195689 1.958835 1.316546 -6.150317 2.897711 0.670277 -3.101000 1.958835 1.316546 2.678683 2.897711 0.670277 5.728000 0.000000 0.000000 -8.829000 0.000000 0.000000 -8.829000 0.000000 0.000000 0.000000 0.000000 0.000000 0.000000 0.000000 0.000000 0.000000 0.000000 0.000000 0.000000 0.000000 0.000000 0.000000 0.000000 0.000000 0.000000 0.000000 0.000000 0.000000 0.000000 0.000000 0.000000
10.988743 1.000000 0.510073 0.194744 -0.199429 -0.432067 0.098798 0.009348 -0.099829 0.505279 -0.187697 0.205350 -0.439557 -0.098307 0.007742 0.099745 0.440732 0.217156 0.210181 1.635146 0.023877 -0.207467 0.123174 -0.130305 0.431252 -0.036751 0.834304 0.240298 -0.355584 -0.128122 -0.735691 0.089554 0.413067 -0.324169 -0.010234 -0.957722 0.193750 -1.316620 0.577544 -0.222627 -1.130457 0.274790 -1.108305 -0.196133 2.010503 1.327602 -6.134211 2.886744 0.622048 -3.079119 2.010503 1.327602 2.694789 2.886744 0.622048 5.749881 0.000000 0.000000 -8.829000 0.000000 0.000000 -8.829000 0.000000 0.000000 0.000000 0.000000 0.000000 0.000000 0.000000 0.000000 0.000000 0.000000 0.000000 0.000000 0.000000 0.000000 0.000000 0.000000 0.000000 0.000000 0.000000 0.000000 0.000000 0.000000 0.000000 0.000000
11.020289 1.000000 0.510049 0.194768 -0.199477 -0.432067 0.098810 0.009336 -0.099829 0.505279 -0.187685 0.205362 -0.439557 -0.098331 0.007742 0.099733 0.440354 0.203882 0.188805 1.634365 0.016652 -0.209469 0.122134 -0.126429 0.444842 -0.025199 0.831844 0.240433 -0.354986 -0.125020 -0.736093 0.076214 0.391690 -0.324955 -0.017462 -0.959724 0.192716 -1.312745 0.591160 -0.211045 -1.132921 0.274920 -1.107707 -0.193034 2.000834 1.228603 -6.139932 2.860323 0.685717 -3.075719 2.000834 1.228603 2.689068 2.860323 0.685717 5.753281 0.000000 0.000000 -8.829000 0.000000 0.000000 -8.829000 0.000000 0.000000 0.000000 0.000000 0.000000 0.000000 0.000000 0.000000 0.000000 0.000000 0.000000 0.000000 0.000000 0.000000 0.000000 0.000000 0.000000 0.000000 0.000000 0.000000 0.000000 0.000000 0.000000 0.000000
11.053668 1.000000 0.510073 0.194732 -0.199453 -0.432067 0.098810 0.009348 -0.099841 0.505279 -0.187673 0.205410 -0.439569 -0.098343 0.007742 0.099733 0.447851 0.218401 0.204274 1.637819 0.020738 -0.208358 0.124556 -0.122881 0.437950 -0.020826 0.833762 0.240417 -0.354699 -0.125084 -0.728567 0.090746 0.407115 -0.321501 -0.013378 -0.958614 0.195129 -1.309189 0.584360 -0.206604 -1.131012 0.274905 -1.107423 -0.193090 1.975162 1.311913 -6.140787 2.839836 0.689006 -3.081712 1.975162 1.311913 2.688213 2.839836 0.689006 5.747288 0.000000 0.000000 -8.829000 0.000000 0.000000 -8.829000 0.000000 0.000000 0.000000 0.000000 0.000000 0.000000 0.000000 0.000000 0.000000 0.000000 0.000000 0.000000 0.000000 0.000000 0.000000 0.000000 0.000000 0.000000 0.000000 0.000000 0.000000 0.000000 0.000000 0.000000
11.090744 1.000000 0.510085 0.194732 -0.199465 -0.432079 0.098810 0.009348 -0.099829 0.505279 -0.187685 0.205410 -0.439557 -0.098307 0.007742 0.099745 0.457051 0.236584 0.206267 1.638261 0.024346 -0.206691 0.124039 -0.115049 0.431271 -0.015787 0.835588 0.240363 -0.354374 -0.124697 -0.719347 0.108912 0.409094 -0.321060 -0.009766 -0.956948 0.194609 -1.301351 0.577673 -0.201584 -1.129180 0.274855 -1.107100 -0.192693 1.920553 1.352071 -6.133002 2.796413 0.693286 -3.085123 1.920553 1.352071 2.695998 2.796413 0.693286 5.743877 0.000000 0.000000 -8.829000 0.000000 0.000000 -8.829000 0.000000 0.000000 0.000000 0.000000 0.000000 0.000000 0.000000 0.000000 0.000000 0.000000 0.000000 0.000000 0.000000 0.000000 0.000000 0.000000 0.000000 0.000000 0.000000 0.000000 0.000000 0.000000 0.000000 0.000000
11.127362 1.000000 0.510073 0.194732 -0.199477 -0.432079 0.098846 0.009348 -0.099841 0.505291 -0.187685 0.205398 -0.439581 -0.098307 0.007742 0.099757 0.445810 0.231313 0.205701 1.632793 0.015413 -0.207776 0.125963 -0.113434 0.429926 -0.010907 0.833180 0.240418 -0.355919 -0.122280 -0.730604 0.103616 0.408517 -0.326532 -0.018703 -0.958029 0.196544 -1.299723 0.576314 -0.196708 -1.131591 0.274915 -1.108645 -0.190278 1.965135 1.337890 -6.116739 2.774341 0.709495 -3.072974 1.965135 1.337890 2.712261 2.774341 0.709495 5.756026 0.000000 0.000000 -8.829000 0.000000 0.000000 -8.829000 0.000000 0.000000 0.000000 0.000000 0.000000 0.000000 0.000000 0.000000 0.000000 0.000000 0.000000 0.000000 0.000000 0.000000 0.000000 0.000000 0.000000 0.000000 0.000000 0.000000 0.000000 0.000000 0.000000 0.000000
11.163637 1.000000 0.510085 0.194756 -0.199477 -0.432079 0.098846 0.009348 -0.099853 0.505279 -0.187685 0.205410 -0.439581 -0.098343 0.007742 0.099757 0.451720 0.225924 0.195866 1.636677 0.008164 -0.207670 0.124849 -0.112874 0.439343 -0.009120 0.833168 0.240534 -0.356249 -0.123261 -0.724667 0.098246 0.398717 -0.322639 -0.025956 -0.957918 0.195436 -1.299180 0.585753 -0.194913 -1.131606 0.275030 -1.108971 -0.191270 1.941255 1.295732 -6.134462 2.776214 0.730381 -3.075236 1.941255 1.295732 2.694538 2.776214 0.730381 5.753764 0.000000 0.000000 -8.829000 0.000000 0.000000 -8.829000 0.000000 0.000000 0.000000 0.000000 0.000000 0.000000 0.000000 0.000000 0.000000 0.000000 0.000000 0.000000 0.000000 0.000000 0.000000 0.000000 0.000000 0.000000 0.000000 0.000000 0.000000 0.000000 0.000000 0.000000
11.195541 1.000000 0.510097 0.194732 -0.199465 -0.432091 0.098894 0.009348 -0.099829 0.505579 -0.187577 0.205122 -0.439569 -0.098307 0.008089 0.099337 0.448536 0.218694 0.203691 1.633000 0.012748 -0.207701 0.128032 -0.056806 0.429773 -0.065133 0.862020 0.239929 -0.316322 -0.154509 -0.727844 0.091023 0.406514 -0.326321 -0.021362 -0.957945 0.198632 -1.242720 0.575553 -0.251048 -1.102680 0.274223 -1.069022 -0.222505 1.958668 1.312633 -6.120172 2.656671 0.466254 -3.203561 1.958668 1.312633 2.708828 2.656671 0.466254 5.625439 0.000000 0.000000 -8.829000 0.000000 0.000000 -8.829000 0.000000 0.000000 0.000000 0.000000 0.000000 0.000000 0.000000 0.000000 0.000000 0.000000 0.000000 0.000000 0.000000 0.000000 0.000000 0.000000 0.000000 0.000000 0.000000 0.000000 0.000000 0.000000 0.000000 0.000000
11.230458 1.000000 0.510336 0.194720 -0.199441 -0.432151 0.098858 0.009348 -0.099793 0.507041 -0.187709 0.203780 -0.439498 -0.098331 0.009659 0.099277 0.457073 0.203677 0.196550 1.635542 0.017053 -0.205956 0.125034 0.001938 0.385516 -0.109409 0.860513 0.239600 -0.290430 -0.156211 -0.718920 0.076079 0.399314 -0.323740 -0.017045 -0.956199 0.195606 -1.181739 0.528382 -0.296597 -1.103599 0.273624 -1.042832 -0.224320 1.926706 1.264821 -6.136331 2.378952 0.202170 -3.180488 1.926706 1.264821 2.692669 2.378952 0.202170 5.648512 0.000000 0.000000 -8.829000 0.000000 0.000000 -8.829000 0.000000 0.000000 0.000000 0.000000 0.000000 0.000000 0.000000 0.000000 0.000000 0.000000 0.000000 0.000000 0.000000 0.000000 0.000000 0.000000 0.000000 0.000000 0.000000 0.000000 0.000000 0.000000 0.000000 0.000000
11.256975 1.000000 0.510612 0.194756 -0.199322 -0.432139 0.098882 0.009432 -0.099793 0.510300 -0.191400 0.201287 -0.439486 -0.098343 0.010127 0.099289 0.449475 0.227673 0.209764 1.629288 0.019948 -0.203505 0.126760 -0.025014 0.361218 -0.136800 0.839982 0.240007 -0.287601 -0.153799 -0.726061 0.100377 0.412641 -0.329897 -0.014135 -0.953707 0.197346 -1.203016 0.496172 -0.331767 -1.122277 0.273894 -1.039083 -0.223162 1.944368 1.350267 -6.107109 2.454970 0.059895 -3.107917 1.944368 1.350267 2.721891 2.454970 0.059895 5.721083 0.000000 0.000000 -8.829000 0.000000 0.000000 -8.829000 0.000000 0.000000 0.000000 0.000000 0.000000 0.000000 0.000000 0.000000 0.000000 0.000000 0.000000 0.000000 0.000000 0.000000 0.000000 0.000000 0.000000 0.000000 0.000000 0.000000 0.000000 0.000000 0.000000 0.000000
11.282379 1.000000 0.510624 0.194756 -0.199334 -0.432139 0.098894 0.009420 -0.099793 0.510828 -0.191700 0.201287 -0.439474 -0.098355 0.010139 0.099301 0.452316 0.237886 0.209887 1.631622 0.022219 -0.202838 0.127517 -0.007139 0.371355 -0.124417 0.835629 0.240338 -0.279966 -0.146799 -0.723196 0.110571 0.412748 -0.327562 -0.011866 -0.953040 0.198105 -1.184173 0.505956 -0.319742 -1.126430 0.274223 -1.031371 -0.216209 1.930584 1.368963 -6.113100 2.354229 0.116279 -3.100294 1.930584 1.368963 2.715900 2.354229 0.116279 5.728706 0.000000 0.000000 -8.829000 0.000000 0.000000 -8.829000 0.000000 0.000000 0.000000 0.000000 0.000000 0.000000 0.000000 0.000000 0.000000 0.000000 0.000000 0.000000 0.000000 0.000000 0.000000 0.000000 0.000000 0.000000 0.000000 0.000000 0.000000 0.000000 0.000000 0.000000
11.315535 1.000000 0.510576 0.194696 -0.199813 -0.432163 0.098906 0.009420 -0.099924 0.511031 -0.191448 0.201970 -0.439545 -0.098331 0.010103 0.099325 0.449670 0.218732 0.191093 1.615850 0.024432 -0.207512 0.122858 -0.008084 0.348400 -0.146842 0.823519 0.240731 -0.274924 -0.146130 -0.725802 0.090513 0.393362 -0.343400 -0.009704 -0.957755 0.193343 -1.184655 0.484333 -0.341001 -1.138627 0.274638 -1.026416 -0.215318 1.893476 1.263385 -6.054403 2.333163 0.001478 -3.043064 1.893476 1.263385 2.774597 2.333163 0.001478 5.785936 0.000000 0.000000 -8.829000 0.000000 0.000000 -8.829000 0.000000 0.000000 0.000000 0.000000 0.000000 0.000000 0.000000 0.000000 0.000000 0.000000 0.000000 0.000000 0.000000 0.000000 0.000000 0.000000 0.000000 0.000000 0.000000 0.000000 0.000000 0.000000 0.000000 0.000000
11.340245 1.000000 0.510504 0.194720 -0.200041 -0.432223 0.098954 0.009420 -0.099960 0.510840 -0.191424 0.203672 -0.439617 -0.098343 0.010091 0.099625 0.448450 0.218551 0.192624 1.617968 0.026062 -0.206128 0.124090 0.022933 0.346279 -0.127692 0.826044 0.240530 -0.265085 -0.137808 -0.727093 0.089931 0.394715 -0.341328 -0.008087 -0.956383 0.194564 -1.153503 0.485211 -0.320108 -1.136294 0.274558 -1.016705 -0.206687 1.909155 1.267838 -6.065997 2.177188 0.064792 -3.057382 1.909155 1.267838 2.763003 2.177188 0.064792 5.771618 0.000000 0.000000 -8.829000 0.000000 0.000000 -8.829000 0.000000 0.000000 0.000000 0.000000 0.000000 0.000000 0.000000 0.000000 0.000000 0.000000 0.000000 0.000000 0.000000 0.000000 0.000000 0.000000 0.000000 0.000000 0.000000 0.000000 0.000000 0.000000 0.000000 0.000000
11.367600 1.000000 0.510540 0.194720 -0.200005 -0.432247 0.098942 0.009432 -0.099936 0.510756 -0.191412 0.204343 -0.439617 -0.098343 0.010091 0.099685 0.452600 0.208587 0.184825 1.622076 0.027457 -0.202861 0.124012 0.045691 0.332871 -0.115691 0.830484 0.240446 -0.257149 -0.137337 -0.722897 0.080037 0.386946 -0.337215 -0.006682 -0.953115 0.194487 -1.130703 0.472964 -0.307432 -1.131925 0.274501 -1.008820 -0.206094 1.903933 1.226155 -6.092385 2.064561 0.078753 -3.075276 1.903933 1.226155 2.736615 2.064561 0.078753 5.753724 0.000000 0.000000 -8.829000 0.000000 0.000000 -8.829000 0.000000 0.000000 0.000000 0.000000 0.000000 0.000000 0.000000 0.000000 0.000000 0.000000 0.000000 0.000000 0.000000 0.000000 0.000000 0.000000 0.000000 0.000000 0.000000 0.000000 0.000000 0.000000 0.000000 0.000000
11.392775 1.000000 0.510600 0.194768 -0.199957 -0.432247 0.098942 0.009432 -0.099924 0.509737 -0.191208 0.204571 -0.439737 -0.098355 0.010079 0.099673 0.447683 0.216267 0.179593 1.622782 0.028643 -0.201136 0.122968 0.024052 0.311864 -0.142077 0.821341 0.240756 -0.254015 -0.138444 -0.727716 0.087853 0.381827 -0.336479 -0.005491 -0.951377 0.193462 -1.154092 0.452740 -0.333523 -1.141407 0.274814 -1.005793 -0.207196 1.924118 1.218181 -6.101663 2.164056 -0.040618 -3.037363 1.924118 1.218181 2.727337 2.164056 -0.040618 5.791637 0.000000 0.000000 -8.829000 0.000000 0.000000 -8.829000 0.000000 0.000000 0.000000 0.000000 0.000000 0.000000 0.000000 0.000000 0.000000 0.000000 0.000000 0.000000 0.000000 0.000000 0.000000 0.000000 0.000000 0.000000 0.000000 0.000000 0.000000 0.000000 0.000000 0.000000
11.422377 1.000000 0.510588 0.194768 -0.199969 -0.432247 0.098954 0.009432 -0.099924 0.509162 -0.191184 0.204583 -0.439821 -0.098331 0.010091 0.099673 0.438778 0.208870 0.182893 1.624737 0.029788 -0.201073 0.122437 0.019905 0.300057 -0.145225 0.828809 0.240496 -0.244096 -0.137537 -0.736638 0.080433 0.385119 -0.334528 -0.004346 -0.951314 0.192934 -1.159241 0.441110 -0.336771 -1.134101 0.274554 -0.995915 -0.206323 1.982696 1.213999 -6.117378 2.214377 -0.069206 -3.082342 1.982696 1.213999 2.711622 2.214377 -0.069206 5.746658 0.000000 0.000000 -8.829000 0.000000 0.000000 -8.829000 0.000000 0.000000 0.000000 0.000000 0.000000 0.000000 0.000000 0.000000 0.000000 0.000000 0.000000 0.000000 0.000000 0.000000 0.000000 0.000000 0.000000 0.000000 0.000000 0.000000 0.000000 0.000000 0.000000 0.000000
11.448029 1.000000 0.510612 0.194756 -0.199993 -0.432271 0.098978 0.009444 -0.099936 0.508359 -0.191148 0.204643 -0.440001 -0.098355 0.010079 0.099697 0.437216 0.203336 0.188241 1.616126 0.022381 -0.199715 0.122963 0.021856 0.299271 -0.140910 0.830555 0.240625 -0.238709 -0.135724 -0.738159 0.074847 0.390414 -0.343143 -0.011755 -0.949954 0.193458 -1.158690 0.440670 -0.332538 -1.132602 0.274695 -0.990588 -0.204571 1.975657 1.223597 -6.083140 2.214301 -0.054502 -3.096899 1.975657 1.223597 2.745860 2.214301 -0.054502 5.732101 0.000000 0.000000 -8.829000 0.000000 0.000000 -8.829000 0.000000 0.000000 0.000000 0.000000 0.000000 0.000000 0.000000 0.000000 0.000000 0.000000 0.000000 0.000000 0.000000 0.000000 0.000000 0.000000 0.000000 0.000000 0.000000 0.000000 0.000000 0.000000 0.000000 0.000000
11.477524 1.000000 0.510636 0.194756 -0.199969 -0.432271 0.098954 0.009432 -0.099912 0.508275 -0.191124 0.204798 -0.440037 -0.098390 0.010079 0.099697 0.439036 0.195322 0.179685 1.617123 0.024102 -0.196798 0.120534 0.031088 0.289608 -0.143098 0.837295 0.240394 -0.229020 -0.133110 -0.736306 0.066883 0.381878 -0.342140 -0.010027 -0.947040 0.191024 -1.149572 0.431312 -0.334552 -1.125908 0.274465 -0.980915 -0.201942 1.971189 1.179872 -6.097265 2.192094 -0.080318 -3.132015 1.971189 1.179872 2.731735 2.192094 -0.080318 5.696985 0.000000 0.000000 -8.829000 0.000000 0.000000 -8.829000 0.000000 0.000000 0.000000 0.000000 0.000000 0.000000 0.000000 0.000000 0.000000 0.000000 0.000000 0.000000 0.000000 0.000000 0.000000 0.000000 0.000000 0.000000 0.000000 0.000000 0.000000 0.000000 0.000000 0.000000
11.509384 1.000000 0.510648 0.194768 -0.199897 -0.432271 0.099002 0.009444 -0.099900 0.508275 -0.191124 0.205446 -0.440037 -0.098355 0.010079 0.099757 0.449274 0.211663 0.181536 1.623705 0.026015 -0.195395 0.119705 0.024414 0.287906 -0.114747 0.839290 0.240270 -0.224262 -0.127862 -0.726065 0.083363 0.383821 -0.335546 -0.008107 -0.945621 0.190228 -1.156063 0.430706 -0.305548 -1.123961 0.274367 -0.976205 -0.196561 1.928745 1.217145 -6.114884 2.215477 0.026542 -3.163918 1.928745 1.217145 2.714116 2.215477 0.026542 5.665082 0.000000 0.000000 -8.829000 0.000000 0.000000 -8.829000 0.000000 0.000000 0.000000 0.000000 0.000000 0.000000 0.000000 0.000000 0.000000 0.000000 0.000000 0.000000 0.000000 0.000000 0.000000 0.000000 0.000000 0.000000 0.000000 0.000000 0.000000 0.000000 0.000000 0.000000
11.541362 1.000000 0.510660 0.194756 -0.199921 -0.432283 0.099002 0.009432 -0.099912 0.508275 -0.191065 0.205721 -0.440061 -0.098343 0.010079 0.099793 0.444899 0.225152 0.171745 1.622367 0.027351 -0.195391 0.120818 0.011970 0.272224 -0.106951 0.834663 0.240513 -0.220077 -0.130515 -0.730418 0.096795 0.373979 -0.336890 -0.006778 -0.945621 0.191332 -1.168446 0.415549 -0.297371 -1.128627 0.274626 -0.972051 -0.199141 1.932160 1.203066 -6.112041 2.256774 0.032991 -3.157719 1.932160 1.203066 2.716959 2.256774 0.032991 5.671281 0.000000 0.000000 -8.829000 0.000000 0.000000 -8.829000 0.000000 0.000000 0.000000 0.000000 0.000000 0.000000 0.000000 0.000000 0.000000 0.000000 0.000000 0.000000 0.000000 0.000000 0.000000 0.000000 0.000000 0.000000 0.000000 0.000000 0.000000 0.000000 0.000000 0.000000
11.571796 1.000000 0.510660 0.194744 -0.199885 -0.432295 0.099014 0.009444 -0.099900 0.508299 -0.191065 0.205733 -0.440073 -0.098343 0.010067 0.099781 0.442069 0.221695 0.165388 1.622974 0.028280 -0.194499 0.124597 0.007797 0.270310 -0.104413 0.834112 0.240530 -0.217855 -0.129000 -0.733264 0.093391 0.367640 -0.336286 -0.005843 -0.944727 0.195120 -1.172579 0.413651 -0.294815 -1.129179 0.274641 -0.969831 -0.197623 1.948216 1.176411 -6.121446 2.276016 0.041448 -3.162370 1.948216 1.176411 2.707554 2.276016 0.041448 5.666630 0.000000 0.000000 -8.829000 0.000000 0.000000 -8.829000 0.000000 0.000000 0.000000 0.000000 0.000000 0.000000 0.000000 0.000000 0.000000 0.000000 0.000000 0.000000 0.000000 0.000000 0.000000 0.000000 0.000000 0.000000 0.000000 0.000000 0.000000 0.000000 0.000000 0.000000
11.602094 1.000000 0.510660 0.194756 -0.199885 -0.432307 0.099014 0.009432 -0.099889 0.508299 -0.191041 0.205745 -0.440061 -0.098343 0.010079 0.099805 0.426376 0.214326 0.175910 1.615363 0.028902 -0.197003 0.127392 0.012713 0.269715 -0.087725 0.845496 0.240270 -0.208891 -0.125973 -0.748958 0.086031 0.378182 -0.343899 -0.005218 -0.947232 0.197920 -1.167659 0.413098 -0.278073 -1.117795 0.274388 -0.960869 -0.194585 2.018060 1.197258 -6.093603 2.279743 0.099755 -3.228865 2.018060 1.197258 2.735397 2.279743 0.099755 5.600135 0.000000 0.000000 -8.829000 0.000000 0.000000 -8.829000 0.000000 0.000000 0.000000 0.000000 0.000000 0.000000 0.000000 0.000000 0.000000 0.000000 0.000000 0.000000 0.000000 0.000000 0.000000 0.000000 0.000000 0.000000 0.000000 0.000000 0.000000 0.000000 0.000000 0.000000
11.633647 1.000000 0.510672 0.194756 -0.199921 -0.432307 0.099002 0.009432 -0.099924 0.508299 -0.191053 0.205769 -0.440085 -0.098343 0.010079 0.099805 0.450283 0.222084 0.172174 1.614505 0.029754 -0.194883 0.128318 0.000145 0.258543 -0.076855 0.833735 0.240565 -0.216173 -0.124785 -0.725019 0.093721 0.374400 -0.344755 -0.004379 -0.945114 0.198833 -1.180224 0.401962 -0.267197 -1.129562 0.274683 -0.968152 -0.193396 1.887369 1.206643 -6.076012 2.287525 0.126997 -3.176079 1.887369 1.206643 2.752988 2.287525 0.126997 5.652921 0.000000 0.000000 -8.829000 0.000000 0.000000 -8.829000 0.000000 0.000000 0.000000 0.000000 0.000000 0.000000 0.000000 0.000000 0.000000 0.000000 0.000000 0.000000 0.000000 0.000000 0.000000 0.000000 0.000000 0.000000 0.000000 0.000000 0.000000 0.000000 0.000000 0.000000
11.666871 1.000000 0.510648 0.194756 -0.199993 -0.432307 0.099014 0.009456 -0.099924 0.508347 -0.191065 0.205769 -0.440073 -0.098355 0.010079 0.099793 0.438158 0.227958 0.173281 1.615595 0.030326 -0.193902 0.126392 -0.002506 0.260636 -0.065048 0.824130 0.240617 -0.213641 -0.123174 -0.737164 0.099473 0.375444 -0.343675 -0.003804 -0.944136 0.196898 -1.182790 0.404028 -0.255400 -1.139151 0.274731 -0.965614 -0.191790 1.950813 1.213859 -6.088785 2.269920 0.174090 -3.146880 1.950813 1.213859 2.740215 2.269920 0.174090 5.682120 0.000000 0.000000 -8.829000 0.000000 0.000000 -8.829000 0.000000 0.000000 0.000000 0.000000 0.000000 0.000000 0.000000 0.000000 0.000000 0.000000 0.000000 0.000000 0.000000 0.000000 0.000000 0.000000 0.000000 0.000000 0.000000 0.000000 0.000000 0.000000 0.000000 0.000000
11.700486 1.000000 0.510660 0.194756 -0.199969 -0.432331 0.099026 0.009456 -0.099924 0.508335 -0.191053 0.205769 -0.440061 -0.098319 0.010091 0.099805 0.442070 0.218202 0.165777 1.619368 0.030855 -0.194420 0.126897 0.004374 0.248917 -0.054396 0.837024 0.240309 -0.207086 -0.121303 -0.733244 0.089754 0.367959 -0.339903 -0.003275 -0.944651 0.197412 -1.175928 0.392321 -0.244731 -1.126258 0.274425 -0.959064 -0.189902 1.941559 1.173224 -6.107183 2.261952 0.191431 -3.208767 1.941559 1.173224 2.721817 2.261952 0.191431 5.620233 0.000000 0.000000 -8.829000 0.000000 0.000000 -8.829000 0.000000 0.000000 0.000000 0.000000 0.000000 0.000000 0.000000 0.000000 0.000000 0.000000 0.000000 0.000000 0.000000 0.000000 0.000000 0.000000 0.000000 0.000000 0.000000 0.000000 0.000000 0.000000 0.000000 0.000000
11.728521 1.000000 0.510660 0.194744 -0.199957 -0.432307 0.099002 0.009456 -0.099924 0.508311 -0.191053 0.205757 -0.440085 -0.098331 0.010079 0.099805 0.446467 0.219988 0.160272 1.622982 0.022216 -0.194485 0.125558 -0.014031 0.245592 -0.050043 0.814192 0.240715 -0.210403 -0.125254 -0.728846 0.091556 0.362448 -0.336285 -0.011914 -0.944720 0.196062 -1.194383 0.388989 -0.240394 -1.149102 0.274833 -0.962383 -0.193863 1.922865 1.157266 -6.120522 2.285390 0.206153 -3.118910 1.922865 1.157266 2.708478 2.285390 0.206153 5.710090 0.000000 0.000000 -8.829000 0.000000 0.000000 -8.829000 0.000000 0.000000 0.000000 0.000000 0.000000 0.000000 0.000000 0.000000 0.000000 0.000000 0.000000 0.000000 0.000000 0.000000 0.000000 0.000000 0.000000 0.000000 0.000000 0.000000 0.000000 0.000000 0.000000 0.000000
11.760206 1.000000 0.510660 0.194756 -0.199969 -0.432307 0.099038 0.009420 -0.099924 0.508311 -0.191076 0.205769 -0.440085 -0.098343 0.010079 0.099829 0.438805 0.225370 0.187010 1.618160 0.023460 -0.195836 0.127307 0.004803 0.231975 -0.041779 0.830949 0.240369 -0.203786 -0.122370 -0.736504 0.096922 0.389192 -0.341107 -0.010674 -0.946067 0.197827 -1.175539 0.375378 -0.232154 -1.132339 0.274496 -0.955760 -0.190987 1.963244 1.259072 -6.090596 2.226554 0.207689 -3.188085 1.963244 1.259072 2.738404 2.226554 0.207689 5.640915 0.000000 0.000000 -8.829000 0.000000 0.000000 -8.829000 0.000000 0.000000 0.000000 0.000000 0.000000 0.000000 0.000000 0.000000 0.000000 0.000000 0.000000 0.000000 0.000000 0.000000 0.000000 0.000000 0.000000 0.000000 0.000000 0.000000 0.000000 0.000000 0.000000 0.000000
11.795056 1.000000 0.510660 0.194768 -0.199969 -0.432331 0.099038 0.009456 -0.099936 0.508311 -0.191053 0.205769 -0.440097 -0.098355 0.010091 0.099841 0.442305 0.212629 0.187494 1.622672 0.013785 -0.193050 0.127932 -0.024682 0.244407 -0.034467 0.827986 0.240621 -0.205150 -0.121335 -0.733006 0.084188 0.389693 -0.336596 -0.020348 -0.943277 0.198455 -1.205029 0.387834 -0.224800 -1.135309 0.274750 -0.957125 -0.189949 1.969263 1.242067 -6.114978 2.372059 0.267107 -3.198871 1.969263 1.242067 2.714022 2.372059 0.267107 5.630129 0.000000 0.000000 -8.829000 0.000000 0.000000 -8.829000 0.000000 0.000000 0.000000 0.000000 0.000000 0.000000 0.000000 0.000000 0.000000 0.000000 0.000000 0.000000 0.000000 0.000000 0.000000 0.000000 0.000000 0.000000 0.000000 0.000000 0.000000 0.000000 0.000000 0.000000
11.826883 1.000000 0.510648 0.194756 -0.199981 -0.432331 0.099074 0.009456 -0.099924 0.508299 -0.191041 0.205769 -0.440073 -0.098367 0.010091 0.099829 0.443740 0.218021 0.189401 1.623510 0.006402 -0.194565 0.126208 -0.010211 0.234358 -0.031026 0.838496 0.240378 -0.200970 -0.120489 -0.731591 0.089551 0.391574 -0.335765 -0.027727 -0.944791 0.196739 -1.190577 0.377789 -0.221346 -1.124799 0.274503 -0.952945 -0.189104 1.959405 1.256600 -6.112124 2.321920 0.257655 -3.239416 1.959405 1.256600 2.716876 2.321920 0.257655 5.589584 0.000000 0.000000 -8.829000 0.000000 0.000000 -8.829000 0.000000 0.000000 0.000000 0.000000 0.000000 0.000000 0.000000 0.000000 0.000000 0.000000 0.000000 0.000000 0.000000 0.000000 0.000000 0.000000 0.000000 0.000000 0.000000 0.000000 0.000000 0.000000 0.000000 0.000000
11.860591 1.000000 0.510672 0.194756 -0.199981 -0.432331 0.099074 0.009444 -0.099936 0.508311 -0.191041 0.205769 -0.440097 -0.098355 0.010079 0.099841 0.448301 0.215054 0.199391 1.624504 -0.000602 -0.195492 0.126908 -0.019014 0.231657 -0.023725 0.830169 0.240658 -0.204817 -0.119058 -0.726989 0.086584 0.401555 -0.334766 -0.034737 -0.945717 0.197437 -1.199365 0.375097 -0.214036 -1.133130 0.274789 -0.956795 -0.187669 1.946034 1.289313 -6.107935 2.332162 0.284112 -3.205553 1.946034 1.289313 2.721065 2.332162 0.284112 5.623447 0.000000 0.000000 -8.829000 0.000000 0.000000 -8.829000 0.000000 0.000000 0.000000 0.000000 0.000000 0.000000 0.000000 0.000000 0.000000 0.000000 0.000000 0.000000 0.000000 0.000000 0.000000 0.000000 0.000000 0.000000 0.000000 0.000000 0.000000 0.000000 0.000000 0.000000
11.890195 1.000000 0.510672 0.194744 -0.199969 -0.432331 0.099074 0.009456 -0.099912 0.508299 -0.191041 0.205769 -0.440109 -0.098367 0.010091 0.099841 0.444459 0.218343 0.188266 1.626668 0.003835 -0.191677 0.125089 -0.012963 0.224744 -0.024363 0.836101 0.240584 -0.202325 -0.119303 -0.730838 0.089891 0.390427 -0.332605 -0.030290 -0.941902 0.195617 -1.193336 0.368187 -0.214678 -1.127203 0.274713 -0.954302 -0.187919 1.966367 1.253000 -6.130221 2.316257 0.267930 -3.228567 1.966367 1.253000 2.698779 2.316257 0.267930 5.600433 0.000000 0.000000 -8.829000 0.000000 0.000000 -8.829000 0.000000 0.000000 0.000000 0.000000 0.000000 0.000000 0.000000 0.000000 0.000000 0.000000 0.000000 0.000000 0.000000 0.000000 0.000000 0.000000 0.000000 0.000000 0.000000 0.000000 0.000000 0.000000 0.000000 0.000000
11.926476 1.000000 0.510660 0.194768 -0.199969 -0.432331 0.099086 0.009492 -0.099936 0.508299 -0.191053 0.205793 -0.440109 -0.098355 0.010091 0.099829 0.449183 0.207908 0.181320 1.629453 0.008337 -0.192137 0.127084 -0.013480 0.221808 -0.019900 0.840753 0.240432 -0.200730 -0.118502 -0.726125 0.079472 0.383522 -0.329812 -0.025790 -0.942354 0.197622 -1.193845 0.365277 -0.210213 -1.122551 0.274557 -0.952709 -0.187113 1.951784 1.214555 -6.144207 2.328345 0.279969 -3.252181 1.951784 1.214555 2.684793 2.328345 0.279969 5.576819 0.000000 0.000000 -8.829000 0.000000 0.000000 -8.829000 0.000000 0.000000 0.000000 0.000000 0.000000 0.000000 0.000000 0.000000 0.000000 0.000000 0.000000 0.000000 0.000000 0.000000 0.000000 0.000000 0.000000 0.000000 0.000000 0.000000 0.000000 0.000000 0.000000 0.000000
11.959186 1.000000 0.510660 0.194756 -0.199957 -0.432331 0.099110 0.009480 -0.099936 0.508311 -0.191041 0.205793 -0.440109 -0.098343 0.010091 0.099829 0.468484 0.205049 0.190213 1.632054 0.011621 -0.192209 0.127127 -0.019107 0.229668 -0.015589 0.836800 0.240635 -0.204961 -0.117492 -0.706831 0.076622 0.392407 -0.327214 -0.022508 -0.942424 0.197672 -1.199455 0.373145 -0.205878 -1.126504 0.274761 -0.956943 -0.186095 1.867621 1.249207 -6.139219 2.343183 0.311463 -3.236053 1.867621 1.249207 2.689781 2.343183 0.311463 5.592947 0.000000 0.000000 -8.829000 0.000000 0.000000 -8.829000 0.000000 0.000000 0.000000 0.000000 0.000000 0.000000 0.000000 0.000000 0.000000 0.000000 0.000000 0.000000 0.000000 0.000000 0.000000 0.000000 0.000000 0.000000 0.000000 0.000000 0.000000 0.000000 0.000000 0.000000
11.995549 1.000000 0.510648 0.194756 -0.199969 -0.432343 0.099110 0.009468 -0.099912 0.508299 -0.191029 0.205805 -0.440121 -0.098343 0.010079 0.099841 0.450290 0.195616 0.191394 1.623838 0.014378 -0.197176 0.123510 -0.023064 0.238337 -0.014688 0.833568 0.240805 -0.206116 -0.115300 -0.725048 0.067169 0.393582 -0.335440 -0.019744 -0.947396 0.194057 -1.203433 0.381854 -0.204946 -1.129746 0.274937 -0.958102 -0.183898 1.939302 1.227983 -6.111466 2.358029 0.331876 -3.225973 1.939302 1.227983 2.717534 2.358029 0.331876 5.603027 0.000000 0.000000 -8.829000 0.000000 0.000000 -8.829000 0.000000 0.000000 0.000000 0.000000 0.000000 0.000000 0.000000 0.000000 0.000000 0.000000 0.000000 0.000000 0.000000 0.000000 0.000000 0.000000 0.000000 0.000000 0.000000 0.000000 0.000000 0.000000 0.000000 0.000000
12.027296 1.000000 0.510660 0.194768 -0.199957 -0.432331 0.099098 0.009456 -0.099936 0.508311 -0.191029 0.205805 -0.440109 -0.098343 0.010091 0.099853 0.461918 0.206825 0.185466 1.631420 0.016873 -0.194983 0.122957 -0.013712 0.230413 -0.012397 0.839621 0.240652 -0.203447 -0.112691 -0.713395 0.078404 0.387678 -0.327848 -0.017260 -0.945200 0.193503 -1.194056 0.373926 -0.202651 -1.123685 0.274786 -0.955431 -0.181287 1.891254 1.229756 -6.138472 2.322022 0.324987 -3.248839 1.891254 1.229756 2.690528 2.322022 0.324987 5.580161 0.000000 0.000000 -8.829000 0.000000 0.000000 -8.829000 0.000000 0.000000 0.000000 0.000000 0.000000 0.000000 0.000000 0.000000 0.000000 0.000000 0.000000 0.000000 0.000000 0.000000 0.000000 0.000000 0.000000 0.000000 0.000000 0.000000 0.000000 0.000000 0.000000 0.000000
12.057588 1.000000 0.510672 0.194756 -0.199993 -0.432331 0.099134 0.009444 -0.099912 0.508311 -0.191029 0.205829 -0.440121 -0.098367 0.010079 0.099829 0.448866 0.212467 0.192489 1.625263 0.018441 -0.198269 0.123619 -0.018218 0.236093 -0.025134 0.841193 0.240692 -0.202750 -0.112702 -0.726422 0.083984 0.394646 -0.334009 -0.015685 -0.948487 0.194168 -1.198562 0.379644 -0.215367 -1.122120 0.274820 -0.954734 -0.181304 1.939066 1.258582 -6.111401 2.363796 0.290512 -3.256281 1.939066 1.258582 2.717599 2.363796 0.290512 5.572719 0.000000 0.000000 -8.829000 0.000000 0.000000 -8.829000 0.000000 0.000000 0.000000 0.000000 0.000000 0.000000 0.000000 0.000000 0.000000 0.000000 0.000000 0.000000 0.000000 0.000000 0.000000 0.000000 0.000000 0.000000 0.000000 0.000000 0.000000 0.000000 0.000000 0.000000
12.087714 1.000000 0.510660 0.194756 -0.199981 -0.432343 0.099110 0.009432 -0.099924 0.508299 -0.191029 0.205841 -0.440121 -0.098367 0.010079 0.099877 0.445523 0.203762 0.184705 1.623525 0.019748 -0.197687 0.123234 -0.018975 0.241736 -0.026121 0.841004 0.240614 -0.205153 -0.111092 -0.729791 0.075288 0.386873 -0.335753 -0.014384 -0.947910 0.193778 -1.199331 0.385324 -0.216336 -1.122312 0.274758 -0.957137 -0.179691 1.952505 1.215337 -6.113180 2.368466 0.297827 -3.253316 1.952505 1.215337 2.715820 2.368466 0.297827 5.575684 0.000000 0.000000 -8.829000 0.000000 0.000000 -8.829000 0.000000 0.000000 0.000000 0.000000 0.000000 0.000000 0.000000 0.000000 0.000000 0.000000 0.000000 0.000000 0.000000 0.000000 0.000000 0.000000 0.000000 0.000000 0.000000 0.000000 0.000000 0.000000 0.000000 0.000000
12.117505 1.000000 0.510660 0.194756 -0.199945 -0.432343 0.099134 0.009468 -0.099936 0.508311 -0.191029 0.205841 -0.440133 -0.098331 0.010091 0.099853 0.449171 0.206930 0.176638 1.627763 0.021041 -0.194616 0.124272 -0.024729 0.236837 -0.024693 0.840257 0.240833 -0.206916 -0.112329 -0.726150 0.078519 0.378843 -0.331508 -0.013089 -0.944828 0.194829 -1.205069 0.380417 -0.214908 -1.123059 0.274967 -0.958906 -0.180915 1.941686 1.194461 -6.136161 2.389920 0.296739 -3.249957 1.941686 1.194461 2.692839 2.389920 0.296739 5.579043 0.000000 0.000000 -8.829000 0.000000 0.000000 -8.829000 0.000000 0.000000 0.000000 0.000000 0.000000 0.000000 0.000000 0.000000 0.000000 0.000000 0.000000 0.000000 0.000000 0.000000 0.000000 0.000000 0.000000 0.000000 0.000000 0.000000 0.000000 0.000000 0.000000 0.000000
12.152425 1.000000 0.510660 0.194756 -0.199969 -0.432343 0.099145 0.009456 -0.099936 0.508311 -0.191029 0.205841 -0.440133 -0.098343 0.010091 0.099853 0.447174 0.198705 0.182707 1.628019 0.022216 -0.193331 0.126303 -0.013803 0.243077 -0.020772 0.845163 0.240606 -0.204432 -0.112750 -0.728141 0.070252 0.384887 -0.331256 -0.011915 -0.943544 0.196860 -1.194143 0.386657 -0.210988 -1.118153 0.274740 -0.956420 -0.181340 1.964377 1.203246 -6.140837 2.351405 0.315987 -3.271057 1.964377 1.203246 2.688163 2.351405 0.315987 5.557943 0.000000 0.000000 -8.829000 0.000000 0.000000 -8.829000 0.000000 0.000000 0.000000 0.000000 0.000000 0.000000 0.000000 0.000000 0.000000 0.000000 0.000000 0.000000 0.000000 0.000000 0.000000 0.000000 0.000000 0.000000 0.000000 0.000000 0.000000 0.000000 0.000000 0.000000
12.185620 1.000000 0.510660 0.194756 -0.199981 -0.432343 0.099145 0.009456 -0.099924 0.508311 -0.191029 0.205853 -0.440121 -0.098343 0.010091 0.099841 0.443374 0.210287 0.179616 1.626695 0.023120 -0.192962 0.125800 -0.010477 0.246146 -0.031233 0.846764 0.240687 -0.203363 -0.113928 -0.731939 0.081818 0.381786 -0.332581 -0.011007 -0.943177 0.196356 -1.190812 0.389739 -0.221440 -1.116550 0.274817 -0.955352 -0.182516 1.970988 1.209272 -6.136272 2.349964 0.281317 -3.274264 1.970988 1.209272 2.692728 2.349964 0.281317 5.554736 0.000000 0.000000 -8.829000 0.000000 0.000000 -8.829000 0.000000 0.000000 0.000000 0.000000 0.000000 0.000000 0.000000 0.000000 0.000000 0.000000 0.000000 0.000000 0.000000 0.000000 0.000000 0.000000 0.000000 0.000000 0.000000 0.000000 0.000000 0.000000 0.000000 0.000000
12.216799 1.000000 0.510660 0.194756 -0.199981 -0.432331 0.099145 0.009456 -0.099912 0.508311 -0.191029 0.205877 -0.440145 -0.098355 0.010079 0.099841 0.447649 0.216407 0.188891 1.629331 0.023727 -0.190957 0.126277 -0.017095 0.241848 -0.027257 0.844056 0.240819 -0.206451 -0.114400 -0.727662 0.087944 0.391064 -0.329942 -0.010396 -0.941172 0.196833 -1.197429 0.385488 -0.217438 -1.119267 0.274951 -0.958442 -0.182989 1.961310 1.254486 -6.142312 2.367236 0.291383 -3.262093 1.961310 1.254486 2.686688 2.367236 0.291383 5.566907 0.000000 0.000000 -8.829000 0.000000 0.000000 -8.829000 0.000000 0.000000 0.000000 0.000000 0.000000 0.000000 0.000000 0.000000 0.000000 0.000000 0.000000 0.000000 0.000000 0.000000 0.000000 0.000000 0.000000 0.000000 0.000000 0.000000 0.000000 0.000000 0.000000 0.000000
12.244625 1.000000 0.510672 0.194756 -0.199981 -0.432343 0.099134 0.009468 -0.099912 0.508311 -0.191029 0.205889 -0.440121 -0.098379 0.010091 0.099853 0.436079 0.210922 0.195991 1.625153 0.024158 -0.191769 0.126740 -0.016743 0.237176 -0.032029 0.846915 0.240618 -0.202869 -0.114081 -0.739214 0.082461 0.398161 -0.334120 -0.009964 -0.941985 0.197290 -1.197067 0.380832 -0.222199 -1.116401 0.274753 -0.954854 -0.182675 2.017204 1.266506 -6.130102 2.378023 0.266570 -3.276902 2.017204 1.266506 2.698898 2.378023 0.266570 5.552098 0.000000 0.000000 -8.829000 0.000000 0.000000 -8.829000 0.000000 0.000000 0.000000 0.000000 0.000000 0.000000 0.000000 0.000000 0.000000 0.000000 0.000000 0.000000 0.000000 0.000000 0.000000 0.000000 0.000000 0.000000 0.000000 0.000000 0.000000 0.000000 0.000000 0.000000
12.279708 1.000000 0.510660 0.194768 -0.199957 -0.432343 0.099145 0.009456 -0.099912 0.508335 -0.191029 0.205889 -0.440145 -0.098343 0.010091 0.099853 0.449750 0.201899 0.179446 1.627763 0.024687 -0.192965 0.123792 -0.007572 0.228778 -0.028926 0.849579 0.240586 -0.201719 -0.114498 -0.725569 0.073483 0.381662 -0.331508 -0.009436 -0.943177 0.194356 -1.187861 0.372435 -0.219087 -1.113738 0.274721 -0.953710 -0.183078 1.946058 1.196475 -6.139264 2.331447 0.259925 -3.282846 1.946058 1.196475 2.689736 2.331447 0.259925 5.546154 0.000000 0.000000 -8.829000 0.000000 0.000000 -8.829000 0.000000 0.000000 0.000000 0.000000 0.000000 0.000000 0.000000 0.000000 0.000000 0.000000 0.000000 0.000000 0.000000 0.000000 0.000000 0.000000 0.000000 0.000000 0.000000 0.000000 0.000000 0.000000 0.000000 0.000000
12.309040 1.000000 0.510660 0.194756 -0.199933 -0.432343 0.099145 0.009456 -0.099912 0.508311 -0.191029 0.205877 -0.440133 -0.098367 0.010091 0.099853 0.468581 0.200958 0.179315 1.632542 0.025007 -0.189933 0.126558 -0.018750 0.228833 -0.024788 0.833512 0.240774 -0.204485 -0.114806 -0.706746 0.072572 0.381535 -0.326731 -0.009116 -0.940145 0.197124 -1.199081 0.372472 -0.214968 -1.129806 0.274909 -0.956472 -0.183398 1.866885 1.204121 -6.151690 2.338503 0.278916 -3.219127 1.866885 1.204121 2.677310 2.338503 0.278916 5.609873 0.000000 0.000000 -8.829000 0.000000 0.000000 -8.829000 0.000000 0.000000 0.000000 0.000000 0.000000 0.000000 0.000000 0.000000 0.000000 0.000000 0.000000 0.000000 0.000000 0.000000 0.000000 0.000000 0.000000 0.000000 0.000000 0.000000 0.000000 0.000000 0.000000 0.000000
12.341551 1.000000 0.510672 0.194744 -0.199969 -0.432343 0.099181 0.009468 -0.099936 0.508299 -0.191029 0.205877 -0.440133 -0.098367 0.010079 0.099853 0.448497 0.220274 0.187409 1.626838 0.025210 -0.193464 0.125848 -0.020547 0.235601 -0.024362 0.838302 0.240785 -0.203097 -0.115685 -0.726799 0.091816 0.389566 -0.332435 -0.008920 -0.943672 0.196413 -1.200898 0.379244 -0.214545 -1.125020 0.274921 -0.955085 -0.184278 1.943414 1.255233 -6.126464 2.367238 0.291647 -3.244859 1.943414 1.255233 2.702536 2.367238 0.291647 5.584141 0.000000 0.000000 -8.829000 0.000000 0.000000 -8.829000 0.000000 0.000000 0.000000 0.000000 0.000000 0.000000 0.000000 0.000000 0.000000 0.000000 0.000000 0.000000 0.000000 0.000000 0.000000 0.000000 0.000000 0.000000 0.000000 0.000000 0.000000 0.000000 0.000000 0.000000
12.369336 1.000000 0.510660 0.194744 -0.199945 -0.432343 0.099181 0.009468 -0.099912 0.508311 -0.191029 0.205889 -0.440133 -0.098402 0.010079 0.099853 0.450498 0.217175 0.177243 1.627412 0.025282 -0.194390 0.122936 -0.013156 0.230963 -0.018759 0.842803 0.249540 -0.201822 -0.114763 -0.724828 0.088761 0.379432 -0.331863 -0.008839 -0.944598 0.193508 -1.193484 0.374623 -0.208927 -1.120517 0.283675 -0.953805 -0.183366 1.927863 1.212972 -6.131170 2.334981 0.301987 -3.261462 1.927863 1.212972 2.697830 2.334981 0.301987 5.567538 0.000000 0.000000 -8.829000 0.000000 0.000000 -8.829000 0.000000 0.000000 0.000000 0.000000 0.000000 0.000000 0.000000 0.000000 0.000000 0.000000 0.000000 0.000000 0.000000 0.000000 0.000000 0.000000 0.000000 0.000000 0.000000 0.000000 0.000000 0.000000 0.000000 0.000000
12.404246 1.000000 0.510660 0.194756 -0.199969 -0.432367 0.099205 0.009456 -0.099912 0.508311 -0.191029 0.205889 -0.440133 -0.098379 0.010091 0.099865 0.440799 0.207718 0.171501 1.622976 0.014140 -0.197578 0.122882 -0.015034 0.228114 -0.014773 0.843983 0.248133 -0.201814 -0.114585 -0.734524 0.079267 0.373683 -0.336306 -0.019982 -0.947785 0.193463 -1.195360 0.371776 -0.204940 -1.119336 0.282271 -0.953800 -0.183179 1.963231 1.172610 -6.117977 2.343174 0.312573 -3.268521 1.963231 1.172610 2.711023 2.343174 0.312573 5.560479 0.000000 0.000000 -8.829000 0.000000 0.000000 -8.829000 0.000000 0.000000 0.000000 0.000000 0.000000 0.000000 0.000000 0.000000 0.000000 0.000000 0.000000 0.000000 0.000000 0.000000 0.000000 0.000000 0.000000 0.000000 0.000000 0.000000 0.000000 0.000000 0.000000 0.000000
12.443614 1.000000 0.510660 0.194744 -0.199933 -0.432355 0.099181 0.009468 -0.099924 0.508311 -0.191005 0.205889 -0.440121 -0.098355 0.010091 0.099853 0.446122 0.221420 0.190601 1.627169 0.016273 -0.196055 0.124950 -0.010525 0.225586 -0.013144 0.832704 0.246816 -0.201773 -0.112625 -0.729209 0.093020 0.392799 -0.332108 -0.017852 -0.946262 0.195524 -1.190854 0.369262 -0.203274 -1.130618 0.280951 -0.953765 -0.181203 1.954326 1.266640 -6.122811 2.285374 0.313189 -3.218183 1.954326 1.266640 2.706189 2.285374 0.313189 5.610817 0.000000 0.000000 -8.829000 0.000000 0.000000 -8.829000 0.000000 0.000000 0.000000 0.000000 0.000000 0.000000 0.000000 0.000000 0.000000 0.000000 0.000000 0.000000 0.000000 0.000000 0.000000 0.000000 0.000000 0.000000 0.000000 0.000000 0.000000 0.000000 0.000000 0.000000
12.490314 1.000000 0.510648 0.194756 -0.199957 -0.432343 0.099205 0.009456 -0.099912 0.508311 -0.191005 0.205901 -0.440133 -0.098355 0.010079 0.099853 0.438565 0.222843 0.194054 1.624204 0.018157 -0.198575 0.127228 -0.051623 0.239149 -0.011406 0.809870 0.245845 -0.213015 -0.113671 -0.736777 0.094416 0.396253 -0.335073 -0.015965 -0.948780 0.197811 -1.231952 0.382849 -0.201522 -1.153457 0.279982 -0.965010 -0.182248 1.984216 1.279357 -6.109345 2.429242 0.358191 -3.134067 1.984216 1.279357 2.719655 2.429242 0.358191 5.694933 0.000000 0.000000 -8.829000 0.000000 0.000000 -8.829000 0.000000 0.000000 0.000000 0.000000 0.000000 0.000000 0.000000 0.000000 0.000000 0.000000 0.000000 0.000000 0.000000 0.000000 0.000000 0.000000 0.000000 0.000000 0.000000 0.000000 0.000000 0.000000 0.000000 0.000000
12.557037 1.000000 0.510660 0.194744 -0.199981 -0.432343 0.099217 0.009468 -0.099912 0.508311 -0.191005 0.205901 -0.440157 -0.098355 0.010091 0.099853 0.449009 0.231146 0.201502 1.629358 0.020365 -0.197301 0.120763 -0.034927 0.252765 -0.007108 0.823879 0.244220 -0.209043 -0.114022 -0.726306 0.102672 0.403655 -0.329920 -0.013756 -0.947506 0.191341 -1.215261 0.396469 -0.197223 -1.139454 0.278355 -0.961039 -0.182600 1.944583 1.319329 -6.121371 2.392702 0.388570 -3.194725 1.944583 1.319329 2.707629 2.392702 0.388570 5.634275 0.000000 0.000000 -8.829000 0.000000 0.000000 -8.829000 0.000000 0.000000 0.000000 0.000000 0.000000 0.000000 0.000000 0.000000 0.000000 0.000000 0.000000 0.000000 0.000000 0.000000 0.000000 0.000000 0.000000 0.000000 0.000000 0.000000 0.000000 0.000000 0.000000 0.000000
12.607428 1.000000 0.510648 0.194744 -0.199981 -0.432367 0.099205 0.009468 -0.099912 0.508311 -0.191029 0.205877 -0.440133 -0.098355 0.010091 0.099853 0.446054 0.215212 0.206044 1.625746 0.021001 -0.199309 0.121923 -0.016000 0.256556 -0.010101 0.839240 0.259451 -0.207068 -0.115553 -0.729288 0.086730 0.408198 -0.333542 -0.013120 -0.949518 0.192499 -1.196330 0.400196 -0.200281 -1.124079 0.293585 -0.959057 -0.184141 1.961451 1.308932 -6.107642 2.343826 0.375691 -3.249379 1.961451 1.308932 2.721358 2.343826 0.375691 5.579621 0.000000 0.000000 -8.829000 0.000000 0.000000 -8.829000 0.000000 0.000000 0.000000 0.000000 0.000000 0.000000 0.000000 0.000000 0.000000 0.000000 0.000000 0.000000 0.000000 0.000000 0.000000 0.000000 0.000000 0.000000 0.000000 0.000000 0.000000 0.000000 0.000000 0.000000
12.666529 1.000000 0.510660 0.194756 -0.199933 -0.432367 0.099205 0.009456 -0.099912 0.508299 -0.191029 0.205901 -0.440133 -0.098390 0.010091 0.099853 0.438221 0.199998 0.187866 1.623657 0.021733 -0.197046 0.117873 -0.018835 0.239826 -0.011025 0.842507 0.273236 -0.205921 -0.116114 -0.737112 0.071607 0.390084 -0.335622 -0.012389 -0.947251 0.188461 -1.199179 0.383507 -0.201185 -1.120816 0.307370 -0.957907 -0.184711 1.995077 1.214470 -6.120365 2.357696 0.346499 -3.260619 1.995077 1.214470 2.708635 2.357696 0.346499 5.568381 0.000000 0.000000 -8.829000 0.000000 0.000000 -8.829000 0.000000 0.000000 0.000000 0.000000 0.000000 0.000000 0.000000 0.000000 0.000000 0.000000 0.000000 0.000000 0.000000 0.000000 0.000000 0.000000 0.000000 0.000000 0.000000 0.000000 0.000000 0.000000 0.000000 0.000000
12.731112 1.000000 0.510660 0.194732 -0.199969 -0.432367 0.099217 0.009468 -0.099900 0.508311 -0.191029 0.205877 -0.440145 -0.098390 0.010091 0.099865 0.442955 0.237328 0.201433 1.628100 0.022354 -0.196295 0.124437 -0.020284 0.233127 -0.005551 0.846759 0.263396 -0.204607 -0.115129 -0.732373 0.108863 0.403579 -0.331188 -0.011763 -0.946503 0.195015 -1.200616 0.376772 -0.195729 -1.116562 0.297534 -0.956591 -0.183730 1.970458 1.329297 -6.119854 2.370388 0.356262 -3.282710 1.970458 1.329297 2.709146 2.370388 0.356262 5.546290 0.000000 0.000000 -8.829000 0.000000 0.000000 -8.829000 0.000000 0.000000 0.000000 0.000000 0.000000 0.000000 0.000000 0.000000 0.000000 0.000000 0.000000 0.000000 0.000000 0.000000 0.000000 0.000000 0.000000 0.000000 0.000000 0.000000 0.000000 0.000000 0.000000 0.000000
12.779147 1.000000 0.510672 0.194756 -0.199981 -0.432367 0.099217 0.009456 -0.099912 0.508299 -0.191005 0.205889 -0.440133 -0.098379 0.010079 0.099853 0.447827 0.236055 0.199807 1.628318 0.022505 -0.191272 0.119424 -0.020031 0.245682 -0.006336 0.844798 0.258548 -0.208933 -0.116388 -0.727472 0.107586 0.401975 -0.330962 -0.011617 -0.941477 0.190005 -1.200384 0.389364 -0.196467 -1.118531 0.292685 -0.960924 -0.184977 1.950533 1.320827 -6.127336 2.367975 0.373239 -3.270580 1.950533 1.320827 2.701664 2.367975 0.373239 5.558420 0.000000 0.000000 -8.829000 0.000000 0.000000 -8.829000 0.000000 0.000000 0.000000 0.000000 0.000000 0.000000 0.000000 0.000000 0.000000 0.000000 0.000000 0.000000 0.000000 0.000000 0.000000 0.000000 0.000000 0.000000 0.000000 0.000000 0.000000 0.000000 0.000000 0.000000
12.852160 1.000000 0.510648 0.194744 -0.199945 -0.432367 0.099205 0.009456 -0.099924 0.508311 -0.191005 0.205877 -0.440145 -0.098355 0.010067 0.099865 0.435301 0.210585 0.207076 1.623095 0.022232 -0.196391 0.116352 -0.018439 0.227891 -0.011777 0.848001 0.252270 -0.201925 -0.117491 -0.740051 0.082158 0.409263 -0.336191 -0.011895 -0.946598 0.186935 -1.198777 0.371559 -0.201913 -1.115328 0.286413 -0.953919 -0.186073 2.015843 1.297864 -6.110324 2.369820 0.322731 -3.287950 2.015843 1.297864 2.718676 2.369820 0.322731 5.541050 0.000000 0.000000 -8.829000 0.000000 0.000000 -8.829000 0.000000 0.000000 0.000000 0.000000 0.000000 0.000000 0.000000 0.000000 0.000000 0.000000 0.000000 0.000000 0.000000 0.000000 0.000000 0.000000 0.000000 0.000000 0.000000 0.000000 0.000000 0.000000 0.000000 0.000000
12.923597 1.000000 0.510648 0.194744 -0.199933 -0.432367 0.099205 0.009468 -0.099924 0.508311 -0.191029 0.205901 -0.440133 -0.098355 0.010091 0.099865 0.444641 0.197808 0.188772 1.627481 0.022267 -0.196236 0.123453 -0.016424 0.222714 -0.007780 0.828569 0.248346 -0.201531 -0.116842 -0.730713 0.069402 0.390972 -0.331803 -0.011858 -0.946441 0.194037 -1.196747 0.366396 -0.197935 -1.134751 0.282485 -0.953521 -0.185425 1.976846 1.220271 -6.133416 2.299708 0.327330 -3.205702 1.976846 1.220271 2.695584 2.299708 0.327330 5.623298 0.000000 0.000000 -8.829000 0.000000 0.000000 -8.829000 0.000000 0.000000 0.000000 0.000000 0.000000 0.000000 0.000000 0.000000 0.000000 0.000000 0.000000 0.000000 0.000000 0.000000 0.000000 0.000000 0.000000 0.000000 0.000000 0.000000 0.000000 0.000000 0.000000 0.000000
12.974936 1.000000 0.510648 0.194744 -0.199981 -0.432367 0.099217 0.009468 -0.099924 0.508311 -0.191005 0.205889 -0.440145 -0.098379 0.010091 0.099865 0.425410 0.230398 0.199746 1.619949 0.005633 -0.200005 0.127256 -0.012338 0.221273 -0.009281 0.835262 0.246408 -0.201547 -0.117557 -0.749931 0.101913 0.401899 -0.339338 -0.028492 -0.950212 0.197836 -1.192672 0.364958 -0.199407 -1.128065 0.280547 -0.953537 -0.186144 2.037021 1.306115 -6.092434 2.297504 0.317712 -3.230352 2.037021 1.306115 2.736566 2.297504 0.317712 5.598648 0.000000 0.000000 -8.829000 0.000000 0.000000 -8.829000 0.000000 0.000000 0.000000 0.000000 0.000000 0.000000 0.000000 0.000000 0.000000 0.000000 0.000000 0.000000 0.000000 0.000000 0.000000 0.000000 0.000000 0.000000 0.000000 0.000000 0.000000 0.000000 0.000000 0.000000
13.045496 1.000000 0.510660 0.194756 -0.199981 -0.432367 0.099229 0.009468 -0.099948 0.508311 -0.191005 0.205901 -0.440133 -0.098379 0.010091 0.099853 0.439410 0.254400 0.201627 1.625344 0.010876 -0.199018 0.119904 0.012280 0.219480 -0.006677 0.844265 0.267513 -0.196850 -0.117178 -0.735906 0.125920 0.403792 -0.333937 -0.023257 -0.949220 0.190489 -1.168049 0.363178 -0.196794 -1.119061 0.301647 -0.948841 -0.185763 1.965150 1.352861 -6.100162 2.196251 0.314383 -3.259209 1.965150 1.352861 2.728838 2.196251 0.314383 5.569791 0.000000 0.000000 -8.829000 0.000000 0.000000 -8.829000 0.000000 0.000000 0.000000 0.000000 0.000000 0.000000 0.000000 0.000000 0.000000 0.000000 0.000000 0.000000 0.000000 0.000000 0.000000 0.000000 0.000000 0.000000 0.000000 0.000000 0.000000 0.000000 0.000000 0.000000
13.119909 1.000000 0.510672 0.194756 -0.199981 -0.432367 0.099265 0.009468 -0.099924 0.508311 -0.191005 0.205901 -0.440145 -0.098355 0.010079 0.099865 0.450332 0.226447 0.185753 1.630211 0.014356 -0.192648 0.121656 -0.003651 0.218932 -0.006199 0.843371 0.258149 -0.196517 -0.122071 -0.724966 0.097977 0.387919 -0.329068 -0.019768 -0.942845 0.192254 -1.183982 0.362639 -0.196312 -1.119959 0.292290 -0.948512 -0.190648 1.937471 1.257234 -6.139120 2.277585 0.318448 -3.266621 1.937471 1.257234 2.689880 2.277585 0.318448 5.562379 0.000000 0.000000 -8.829000 0.000000 0.000000 -8.829000 0.000000 0.000000 0.000000 0.000000 0.000000 0.000000 0.000000 0.000000 0.000000 0.000000 0.000000 0.000000 0.000000 0.000000 0.000000 0.000000 0.000000 0.000000 0.000000 0.000000 0.000000 0.000000 0.000000 0.000000
13.197502 1.000000 0.510672 0.194756 -0.199993 -0.432367 0.099277 0.009468 -0.099924 0.508311 -0.191005 0.205889 -0.440145 -0.098367 0.010091 0.099865 0.470255 0.233673 0.202331 1.626506 0.016516 -0.196117 0.118126 -0.007666 0.245493 -0.005004 0.847639 0.251805 -0.199314 -0.120346 -0.705039 0.105183 0.404485 -0.332773 -0.017608 -0.946312 0.188726 -1.188000 0.389178 -0.195130 -1.115689 0.285944 -0.951306 -0.188928 1.826615 1.333072 -6.095199 2.323779 0.368894 -3.291365 1.826615 1.333072 2.733801 2.323779 0.368894 5.537635 0.000000 0.000000 -8.829000 0.000000 0.000000 -8.829000 0.000000 0.000000 0.000000 0.000000 0.000000 0.000000 0.000000 0.000000 0.000000 0.000000 0.000000 0.000000 0.000000 0.000000 0.000000 0.000000 0.000000 0.000000 0.000000 0.000000 0.000000 0.000000 0.000000 0.000000
13.245575 1.000000 0.510672 0.194744 -0.199945 -0.432367 0.099277 0.009468 -0.099924 0.508311 -0.190993 0.205889 -0.440145 -0.098367 0.010079 0.099865 0.458396 0.228162 0.182258 1.623968 0.017157 -0.195307 0.114306 -0.032035 0.236077 -0.007922 0.849671 0.249189 -0.200445 -0.120114 -0.716913 0.099742 0.384441 -0.335311 -0.016967 -0.945501 0.184911 -1.212371 0.379773 -0.198027 -1.113661 0.283330 -0.952439 -0.188694 1.870498 1.245899 -6.104134 2.450085 0.353717 -3.310202 1.870498 1.245899 2.724866 2.450085 0.353717 5.518798 0.000000 0.000000 -8.829000 0.000000 0.000000 -8.829000 0.000000 0.000000 0.000000 0.000000 0.000000 0.000000 0.000000 0.000000 0.000000 0.000000 0.000000 0.000000 0.000000 0.000000 0.000000 0.000000 0.000000 0.000000 0.000000 0.000000 0.000000 0.000000 0.000000 0.000000
13.279942 1.000000 0.510660 0.194756 -0.199933 -0.432367 0.099301 0.009468 -0.099924 0.508299 -0.191005 0.205889 -0.440145 -0.098438 0.010079 0.099865 0.449054 0.243584 0.178897 1.622233 0.017737 -0.194659 0.115947 -0.020513 0.245017 -0.006059 0.852857 0.247774 -0.200099 -0.119424 -0.726278 0.115193 0.381115 -0.337045 -0.016387 -0.944847 0.186567 -1.200868 0.388705 -0.196188 -1.110475 0.281914 -0.952081 -0.188034 1.902739 1.256577 -6.100833 2.404301 0.370600 -3.320229 1.902739 1.256577 2.728167 2.404301 0.370600 5.508771 0.000000 0.000000 -8.829000 0.000000 0.000000 -8.829000 0.000000 0.000000 0.000000 0.000000 0.000000 0.000000 0.000000 0.000000 0.000000 0.000000 0.000000 0.000000 0.000000 0.000000 0.000000 0.000000 0.000000 0.000000 0.000000 0.000000 0.000000 0.000000 0.000000 0.000000
13.306091 1.000000 0.510648 0.194768 -0.199933 -0.432367 0.099301 0.009456 -0.099924 0.508311 -0.190993 0.205877 -0.440145 -0.098355 0.010079 0.099853 0.456872 0.247347 0.187678 1.626290 0.017977 -0.192213 0.117623 -0.025915 0.239795 -0.009444 0.849966 0.247010 -0.201930 -0.118556 -0.718478 0.118961 0.389918 -0.332988 -0.016148 -0.942401 0.188248 -1.206256 0.383468 -0.199563 -1.113365 0.281147 -0.953925 -0.187134 1.880704 1.298444 -6.111905 2.420818 0.352809 -3.305768 1.880704 1.298444 2.717095 2.420818 0.352809 5.523232 0.000000 0.000000 -8.829000 0.000000 0.000000 -8.829000 0.000000 0.000000 0.000000 0.000000 0.000000 0.000000 0.000000 0.000000 0.000000 0.000000 0.000000 0.000000 0.000000 0.000000 0.000000 0.000000 0.000000 0.000000 0.000000 0.000000 0.000000 0.000000 0.000000 0.000000
13.333744 1.000000 0.510684 0.194768 -0.199981 -0.432367 0.099289 0.009456 -0.099924 0.508299 -0.190993 0.205901 -0.440169 -0.098402 0.010079 0.099865 0.446905 0.234129 0.179853 1.621849 0.018022 -0.193407 0.115900 -0.025548 0.237609 -0.005608 0.849490 0.246214 -0.202931 -0.117317 -0.728371 0.105670 0.382035 -0.337425 -0.016104 -0.943598 0.186509 -1.205907 0.381333 -0.195703 -1.113852 0.280354 -0.954923 -0.185910 1.920934 1.243715 -6.105427 2.411917 0.363872 -3.302763 1.920934 1.243715 2.723573 2.411917 0.363872 5.526237 0.000000 0.000000 -8.829000 0.000000 0.000000 -8.829000 0.000000 0.000000 0.000000 0.000000 0.000000 0.000000 0.000000 0.000000 0.000000 0.000000 0.000000 0.000000 0.000000 0.000000 0.000000 0.000000 0.000000 0.000000 0.000000 0.000000 0.000000 0.000000 0.000000 0.000000
13.364468 1.000000 0.510672 0.194756 -0.199981 -0.432379 0.099289 0.009456 -0.099924 0.508311 -0.191005 0.205889 -0.440145 -0.098379 0.010091 0.099865 0.448110 0.249164 0.198719 1.622418 0.018221 -0.192178 0.115506 -0.024780 0.231738 -0.009634 0.851853 0.245392 -0.202259 -0.116237 -0.727191 0.120690 0.400884 -0.336865 -0.015905 -0.942373 0.186113 -1.205113 0.375423 -0.199760 -1.111475 0.279531 -0.954249 -0.184825 1.921319 1.335605 -6.096890 2.414075 0.340242 -3.310392 1.921319 1.335605 2.732110 2.414075 0.340242 5.518608 0.000000 0.000000 -8.829000 0.000000 0.000000 -8.829000 0.000000 0.000000 0.000000 0.000000 0.000000 0.000000 0.000000 0.000000 0.000000 0.000000 0.000000 0.000000 0.000000 0.000000 0.000000 0.000000 0.000000 0.000000 0.000000 0.000000 0.000000 0.000000 0.000000 0.000000
13.394294 1.000000 0.510672 0.194744 -0.199945 -0.432367 0.099301 0.009468 -0.099936 0.508299 -0.191005 0.205901 -0.440157 -0.098367 0.010079 0.099877 0.456659 0.257884 0.200160 1.626680 0.018507 -0.189757 0.116106 -0.032705 0.242052 -0.007826 0.835761 0.244935 -0.205711 -0.116306 -0.718650 0.129461 0.402340 -0.332598 -0.015621 -0.939947 0.186719 -1.213058 0.385767 -0.197939 -1.127574 0.279080 -0.957706 -0.184888 1.887396 1.359080 -6.109883 2.412000 0.366429 -3.245400 1.887396 1.359080 2.719117 2.412000 0.366429 5.583600 0.000000 0.000000 -8.829000 0.000000 0.000000 -8.829000 0.000000 0.000000 0.000000 0.000000 0.000000 0.000000 0.000000 0.000000 0.000000 0.000000 0.000000 0.000000 0.000000 0.000000 0.000000 0.000000 0.000000 0.000000 0.000000 0.000000 0.000000 0.000000 0.000000 0.000000
13.421288 1.000000 0.510648 0.194756 -0.199933 -0.432367 0.099289 0.009468 -0.099936 0.508311 -0.190993 0.205889 -0.440169 -0.098390 0.010079 0.099865 0.449305 0.265503 0.195816 1.627600 0.018712 -0.190558 0.117158 -0.010560 0.245889 -0.008385 0.850086 0.252760 -0.200817 -0.116656 -0.726046 0.137105 0.398035 -0.331680 -0.015416 -0.940748 0.187775 -1.190902 0.389591 -0.198488 -1.113252 0.286901 -0.952809 -0.185246 1.919249 1.353809 -6.116826 2.345614 0.361350 -3.300014 1.919249 1.353809 2.712174 2.345614 0.361350 5.528986 0.000000 0.000000 -8.829000 0.000000 0.000000 -8.829000 0.000000 0.000000 0.000000 0.000000 0.000000 0.000000 0.000000 0.000000 0.000000 0.000000 0.000000 0.000000 0.000000 0.000000 0.000000 0.000000 0.000000 0.000000 0.000000 0.000000 0.000000 0.000000 0.000000 0.000000
13.444555 1.000000 0.510672 0.194768 -0.199981 -0.432367 0.099301 0.009468 -0.099924 0.508311 -0.190993 0.205901 -0.440157 -0.098367 0.010091 0.099877 0.436999 0.245527 0.183267 1.620549 0.018391 -0.194701 0.116855 -0.022687 0.252705 -0.004744 0.844556 0.251524 -0.203757 -0.115874 -0.738296 0.117068 0.385453 -0.338727 -0.015732 -0.944890 0.187469 -1.203021 0.396426 -0.194834 -1.118779 0.285668 -0.955751 -0.184451 1.962178 1.270937 -6.099693 2.391275 0.391120 -3.283172 1.962178 1.270937 2.729307 2.391275 0.391120 5.545828 0.000000 0.000000 -8.829000 0.000000 0.000000 -8.829000 0.000000 0.000000 0.000000 0.000000 0.000000 0.000000 0.000000 0.000000 0.000000 0.000000 0.000000 0.000000 0.000000 0.000000 0.000000 0.000000 0.000000 0.000000 0.000000 0.000000 0.000000 0.000000 0.000000 0.000000
13.474144 1.000000 0.510660 0.194756 -0.199969 -0.432367 0.099325 0.009468 -0.099924 0.508299 -0.190993 0.205877 -0.440145 -0.098414 0.010091 0.099877 0.433901 0.260982 0.200131 1.619086 0.018391 -0.194146 0.120529 -0.024711 0.260049 -0.006166 0.836889 0.259468 -0.201855 -0.116738 -0.741421 0.132530 0.402313 -0.340194 -0.015732 -0.944332 0.191152 -1.205070 0.403729 -0.196285 -1.126442 0.293611 -0.953841 -0.185337 1.977523 1.357256 -6.084724 2.388554 0.397758 -3.256198 1.977523 1.357256 2.744276 2.388554 0.397758 5.572802 0.000000 0.000000 -8.829000 0.000000 0.000000 -8.829000 0.000000 0.000000 0.000000 0.000000 0.000000 0.000000 0.000000 0.000000 0.000000 0.000000 0.000000 0.000000 0.000000 0.000000 0.000000 0.000000 0.000000 0.000000 0.000000 0.000000 0.000000 0.000000 0.000000 0.000000
13.503877 1.000000 0.510660 0.194756 -0.199945 -0.432367 0.099325 0.009468 -0.099924 0.508311 -0.191005 0.205889 -0.440157 -0.098402 0.010091 0.099865 0.438507 0.254599 0.184289 1.623284 0.018613 -0.191909 0.118421 -0.022236 0.261602 -0.007083 0.841375 0.256805 -0.203501 -0.117030 -0.736821 0.126187 0.386495 -0.335995 -0.015510 -0.942094 0.189048 -1.202573 0.405290 -0.197208 -1.121955 0.290943 -0.955488 -0.185627 1.960588 1.291386 -6.111629 2.388086 0.396098 -3.271066 1.960588 1.291386 2.717371 2.388086 0.396098 5.557934 0.000000 0.000000 -8.829000 0.000000 0.000000 -8.829000 0.000000 0.000000 0.000000 0.000000 0.000000 0.000000 0.000000 0.000000 0.000000 0.000000 0.000000 0.000000 0.000000 0.000000 0.000000 0.000000 0.000000 0.000000 0.000000 0.000000 0.000000 0.000000 0.000000 0.000000
13.530636 1.000000 0.510660 0.194756 -0.199933 -0.432379 0.099325 0.009456 -0.099912 0.508311 -0.190993 0.205901 -0.440157 -0.098426 0.010091 0.099865 0.437082 0.245513 0.182784 1.623721 0.010087 -0.192936 0.123372 -0.040850 0.253658 -0.010532 0.839967 0.254801 -0.206715 -0.117834 -0.738254 0.117120 0.385003 -0.335562 -0.024034 -0.943123 0.194002 -1.221185 0.397375 -0.200625 -1.123368 0.288939 -0.958701 -0.186433 1.973310 1.273657 -6.115005 2.474099 0.378479 -3.268259 1.973310 1.273657 2.713995 2.474099 0.378479 5.560741 0.000000 0.000000 -8.829000 0.000000 0.000000 -8.829000 0.000000 0.000000 0.000000 0.000000 0.000000 0.000000 0.000000 0.000000 0.000000 0.000000 0.000000 0.000000 0.000000 0.000000 0.000000 0.000000 0.000000 0.000000 0.000000 0.000000 0.000000 0.000000 0.000000 0.000000
13.556805 1.000000 0.510660 0.194756 -0.199945 -0.432391 0.099313 0.009468 -0.099924 0.508311 -0.190993 0.205901 -0.440145 -0.098390 0.010079 0.099877 0.443058 0.237179 0.179915 1.622475 0.011047 -0.194139 0.123474 -0.029164 0.258165 -0.007496 0.842568 0.253087 -0.208212 -0.117078 -0.732276 0.108762 0.382119 -0.336810 -0.023076 -0.944328 0.194097 -1.209496 0.401885 -0.197587 -1.120763 0.287232 -0.960203 -0.185664 1.941089 1.252116 -6.107298 2.419693 0.392483 -3.271827 1.941089 1.252116 2.721702 2.419693 0.392483 5.557173 0.000000 0.000000 -8.829000 0.000000 0.000000 -8.829000 0.000000 0.000000 0.000000 0.000000 0.000000 0.000000 0.000000 0.000000 0.000000 0.000000 0.000000 0.000000 0.000000 0.000000 0.000000 0.000000 0.000000 0.000000 0.000000 0.000000 0.000000 0.000000 0.000000 0.000000
13.582841 1.000000 0.510672 0.194744 -0.199969 -0.432367 0.099325 0.009468 -0.099924 0.508311 -0.190981 0.205877 -0.440145 -0.098402 0.010079 0.099865 0.435431 0.220846 0.179339 1.622255 0.003675 -0.193640 0.122614 -0.027705 0.254743 -0.008911 0.843927 0.251699 -0.207833 -0.117913 -0.739872 0.092387 0.381498 -0.337025 -0.030448 -0.943828 0.193232 -1.208048 0.398428 -0.199008 -1.119406 0.285840 -0.959823 -0.186504 1.989957 1.219705 -6.117412 2.415367 0.380637 -3.275745 1.989957 1.219705 2.711588 2.415367 0.380637 5.553255 0.000000 0.000000 -8.829000 0.000000 0.000000 -8.829000 0.000000 0.000000 0.000000 0.000000 0.000000 0.000000 0.000000 0.000000 0.000000 0.000000 0.000000 0.000000 0.000000 0.000000 0.000000 0.000000 0.000000 0.000000 0.000000 0.000000 0.000000 0.000000 0.000000 0.000000
13.611420 1.000000 0.510660 0.194732 -0.199981 -0.432379 0.099325 0.009468 -0.099924 0.508311 -0.190993 0.205889 -0.440133 -0.098402 0.010043 0.099877 0.441209 0.243990 0.201397 1.623925 -0.003378 -0.193691 0.122046 -0.023941 0.247738 -0.009451 0.836877 0.250112 -0.207707 -0.119673 -0.734117 0.115496 0.403526 -0.335365 -0.037501 -0.943883 0.192660 -1.204276 0.391440 -0.199553 -1.126454 0.284262 -0.959697 -0.188266 1.964701 1.337453 -6.103889 2.372638 0.364314 -3.241455 1.964701 1.337453 2.725111 2.372638 0.364314 5.587545 0.000000 0.000000 -8.829000 0.000000 0.000000 -8.829000 0.000000 0.000000 0.000000 0.000000 0.000000 0.000000 0.000000 0.000000 0.000000 0.000000 0.000000 0.000000 0.000000 0.000000 0.000000 0.000000 0.000000 0.000000 0.000000 0.000000 0.000000 0.000000 0.000000 0.000000
13.641052 1.000000 0.510672 0.194756 -0.199957 -0.432379 0.099325 0.009468 -0.099912 0.508311 -0.190993 0.205889 -0.440145 -0.098414 0.010091 0.099877 0.433632 0.256266 0.205846 1.620522 -0.000484 -0.196171 0.122615 -0.026130 0.255754 -0.007506 0.841703 0.248849 -0.206062 -0.117241 -0.741676 0.127837 0.408038 -0.338758 -0.034603 -0.946358 0.193240 -1.206465 0.399452 -0.197609 -1.121627 0.282991 -0.958048 -0.185837 1.986768 1.370619 -6.085094 2.402902 0.386783 -3.269445 1.986768 1.370619 2.743906 2.402902 0.386783 5.559555 0.000000 0.000000 -8.829000 0.000000 0.000000 -8.829000 0.000000 0.000000 0.000000 0.000000 0.000000 0.000000 0.000000 0.000000 0.000000 0.000000 0.000000 0.000000 0.000000 0.000000 0.000000 0.000000 0.000000 0.000000 0.000000 0.000000 0.000000 0.000000 0.000000 0.000000
13.666499 1.000000 0.510660 0.194744 -0.199957 -0.432379 0.099325 0.009480 -0.099912 0.508335 -0.190969 0.205877 -0.440145 -0.098450 0.010079 0.099877 0.461002 0.257139 0.202596 1.628583 -0.006280 -0.191716 0.117626 -0.013343 0.246870 -0.010320 0.847892 0.247616 -0.204214 -0.116123 -0.714328 0.128701 0.404772 -0.330702 -0.040397 -0.941904 0.188247 -1.193646 0.390563 -0.200389 -1.115438 0.281761 -0.956196 -0.184725 1.868961 1.368430 -6.108812 2.351958 0.357715 -3.286941 1.868961 1.368430 2.720188 2.351958 0.357715 5.542059 0.000000 0.000000 -8.829000 0.000000 0.000000 -8.829000 0.000000 0.000000 0.000000 0.000000 0.000000 0.000000 0.000000 0.000000 0.000000 0.000000 0.000000 0.000000 0.000000 0.000000 0.000000 0.000000 0.000000 0.000000 0.000000 0.000000 0.000000 0.000000 0.000000 0.000000
13.692214 1.000000 0.510684 0.194744 -0.199981 -0.432391 0.099325 0.009480 -0.099912 0.508299 -0.190993 0.205889 -0.440145 -0.098379 0.010091 0.099877 0.446183 0.264509 0.195959 1.625629 -0.003465 -0.193831 0.118057 -0.018728 0.253157 -0.008925 0.849218 0.246809 -0.202422 -0.116221 -0.729102 0.136032 0.398104 -0.333655 -0.037583 -0.944021 0.188673 -1.199084 0.396857 -0.199032 -1.114115 0.280952 -0.954414 -0.184805 1.925332 1.350914 -6.103629 2.389102 0.374924 -3.301401 1.925332 1.350914 2.725371 2.389102 0.374924 5.527599 0.000000 0.000000 -8.829000 0.000000 0.000000 -8.829000 0.000000 0.000000 0.000000 0.000000 0.000000 0.000000 0.000000 0.000000 0.000000 0.000000 0.000000 0.000000 0.000000 0.000000 0.000000 0.000000 0.000000 0.000000 0.000000 0.000000 0.000000 0.000000 0.000000 0.000000
13.718076 1.000000 0.510648 0.194756 -0.199969 -0.432391 0.099325 0.009468 -0.099924 0.508311 -0.190993 0.205889 -0.440157 -0.098390 0.010079 0.099865 0.439060 0.254646 0.191514 1.619984 -0.001227 -0.196980 0.119579 -0.023145 0.258645 -0.008941 0.845013 0.246308 -0.205177 -0.116842 -0.736288 0.126186 0.393697 -0.339306 -0.035350 -0.947169 0.190204 -1.203484 0.402344 -0.199045 -1.118322 0.280449 -0.957169 -0.185431 1.946687 1.316974 -6.084036 2.400787 0.385306 -3.283429 1.946687 1.316974 2.744964 2.400787 0.385306 5.545571 0.000000 0.000000 -8.829000 0.000000 0.000000 -8.829000 0.000000 0.000000 0.000000 0.000000 0.000000 0.000000 0.000000 0.000000 0.000000 0.000000 0.000000 0.000000 0.000000 0.000000 0.000000 0.000000 0.000000 0.000000 0.000000 0.000000 0.000000 0.000000 0.000000 0.000000
13.742920 1.000000 0.510660 0.194756 -0.199969 -0.432379 0.099325 0.009468 -0.099912 0.508299 -0.190993 0.205889 -0.440157 -0.098414 0.010091 0.099865 0.444475 0.254826 0.192592 1.623801 0.001044 -0.196117 0.119230 -0.022304 0.252474 -0.010566 0.848704 0.245631 -0.205616 -0.117318 -0.730850 0.126376 0.394775 -0.335483 -0.033075 -0.946305 0.189854 -1.202663 0.396173 -0.200674 -1.114632 0.279770 -0.957603 -0.185916 1.930914 1.323175 -6.097711 2.403350 0.369049 -3.295339 1.930914 1.323175 2.731289 2.403350 0.369049 5.533661 0.000000 0.000000 -8.829000 0.000000 0.000000 -8.829000 0.000000 0.000000 0.000000 0.000000 0.000000 0.000000 0.000000 0.000000 0.000000 0.000000 0.000000 0.000000 0.000000 0.000000 0.000000 0.000000 0.000000 0.000000 0.000000 0.000000 0.000000 0.000000 0.000000 0.000000
13.770201 1.000000 0.510660 0.194744 -0.199945 -0.432379 0.099325 0.009468 -0.099877 0.508299 -0.190969 0.205889 -0.440157 -0.098390 0.010091 0.099877 0.440571 0.252310 0.188119 1.623982 0.003117 -0.194853 0.120192 -0.024291 0.249283 -0.009176 0.846406 0.245019 -0.208854 -0.117133 -0.734766 0.123900 0.390313 -0.335305 -0.030990 -0.945043 0.190818 -1.204654 0.393006 -0.199242 -1.116935 0.279163 -0.960848 -0.185715 1.951946 1.302565 -6.105966 2.400132 0.370092 -3.281140 1.951946 1.302565 2.723034 2.400132 0.370092 5.547860 0.000000 0.000000 -8.829000 0.000000 0.000000 -8.829000 0.000000 0.000000 0.000000 0.000000 0.000000 0.000000 0.000000 0.000000 0.000000 0.000000 0.000000 0.000000 0.000000 0.000000 0.000000 0.000000 0.000000 0.000000 0.000000 0.000000 0.000000 0.000000 0.000000 0.000000
13.796665 1.000000 0.510672 0.194744 -0.199933 -0.432391 0.099325 0.009468 -0.099912 0.508299 -0.190981 0.205901 -0.440145 -0.098414 0.010079 0.099877 0.428831 0.250940 0.184210 1.615247 0.004684 -0.199298 0.122259 -0.017669 0.242170 -0.010644 0.862117 0.244292 -0.207829 -0.117340 -0.746489 0.122539 0.386405 -0.344038 -0.029435 -0.949485 0.192885 -1.198024 0.385901 -0.200718 -1.101221 0.278437 -0.959819 -0.185932 1.981696 1.282642 -6.071439 2.406990 0.350996 -3.342369 1.981696 1.282642 2.757561 2.406990 0.350996 5.486631 0.000000 0.000000 -8.829000 0.000000 0.000000 -8.829000 0.000000 0.000000 0.000000 0.000000 0.000000 0.000000 0.000000 0.000000 0.000000 0.000000 0.000000 0.000000 0.000000 0.000000 0.000000 0.000000 0.000000 0.000000 0.000000 0.000000 0.000000 0.000000 0.000000 0.000000
13.822724 1.000000 0.510648 0.194756 -0.199945 -0.432391 0.099337 0.009480 -0.099912 0.508311 -0.190993 0.205901 -0.440157 -0.098402 0.010091 0.099877 0.440123 0.245500 0.193173 1.624975 -0.001758 -0.193660 0.124921 -0.020985 0.250426 -0.007036 0.858039 0.243792 -0.210495 -0.116805 -0.735231 0.117086 0.395383 -0.334313 -0.035875 -0.943845 0.195555 -1.201319 0.394147 -0.197127 -1.105295 0.277935 -0.962485 -0.185395 1.967255 1.312390 -6.111787 2.412390 0.379108 -3.326707 1.967255 1.312390 2.717213 2.412390 0.379108 5.502293 0.000000 0.000000 -8.829000 0.000000 0.000000 -8.829000 0.000000 0.000000 0.000000 0.000000 0.000000 0.000000 0.000000 0.000000 0.000000 0.000000 0.000000 0.000000 0.000000 0.000000 0.000000 0.000000 0.000000 0.000000 0.000000 0.000000 0.000000 0.000000 0.000000 0.000000
13.851697 1.000000 0.510648 0.194756 -0.199957 -0.432391 0.099325 0.009468 -0.099924 0.508311 -0.190969 0.205889 -0.440145 -0.098402 0.010079 0.099853 0.428959 0.229862 0.190938 1.618296 0.000569 -0.197694 0.123472 -0.023190 0.244772 -0.012315 0.853636 0.243637 -0.211537 -0.116746 -0.746392 0.101422 0.393133 -0.340993 -0.033555 -0.947883 0.194099 -1.203533 0.388484 -0.202383 -1.109702 0.277773 -0.963530 -0.185332 2.010005 1.273169 -6.090370 2.410393 0.351891 -3.304128 2.010005 1.273169 2.738630 2.410393 0.351891 5.524872 0.000000 0.000000 -8.829000 0.000000 0.000000 -8.829000 0.000000 0.000000 0.000000 0.000000 0.000000 0.000000 0.000000 0.000000 0.000000 0.000000 0.000000 0.000000 0.000000 0.000000 0.000000 0.000000 0.000000 0.000000 0.000000 0.000000 0.000000 0.000000 0.000000 0.000000
13.881661 1.000000 0.510648 0.194744 -0.199969 -0.432391 0.099325 0.009468 -0.099912 0.508311 -0.190981 0.205889 -0.440157 -0.098379 0.010091 0.099877 0.443208 0.246709 0.198901 1.624181 0.003059 -0.193907 0.124092 -0.016237 0.240465 -0.011535 0.858026 0.243128 -0.209094 -0.118661 -0.732144 0.118243 0.401066 -0.335112 -0.031060 -0.944098 0.194713 -1.196578 0.384175 -0.201617 -1.105310 0.277272 -0.961088 -0.187241 1.952204 1.335306 -6.103628 2.386556 0.343461 -3.321194 1.952204 1.335306 2.725372 2.386556 0.343461 5.507806 0.000000 0.000000 -8.829000 0.000000 0.000000 -8.829000 0.000000 0.000000 0.000000 0.000000 0.000000 0.000000 0.000000 0.000000 0.000000 0.000000 0.000000 0.000000 0.000000 0.000000 0.000000 0.000000 0.000000 0.000000 0.000000 0.000000 0.000000 0.000000 0.000000 0.000000
13.912266 1.000000 0.510660 0.194744 -0.199957 -0.432379 0.099301 0.009468 -0.099924 0.508299 -0.190981 0.205901 -0.440157 -0.098390 0.010079 0.099877 0.438355 0.238403 0.199235 1.622079 0.004792 -0.193837 0.122035 -0.021422 0.236997 -0.008154 0.857503 0.242676 -0.211119 -0.117666 -0.736975 0.109958 0.401408 -0.337207 -0.029332 -0.944029 0.192648 -1.201780 0.380731 -0.198228 -1.105838 0.276821 -0.963113 -0.186249 1.976790 1.319889 -6.100967 2.404473 0.353017 -3.319311 1.976790 1.319889 2.728033 2.404473 0.353017 5.509689 0.000000 0.000000 -8.829000 0.000000 0.000000 -8.829000 0.000000 0.000000 0.000000 0.000000 0.000000 0.000000 0.000000 0.000000 0.000000 0.000000 0.000000 0.000000 0.000000 0.000000 0.000000 0.000000 0.000000 0.000000 0.000000 0.000000 0.000000 0.000000 0.000000 0.000000
13.953329 1.000000 0.510684 0.194756 -0.199981 -0.432391 0.099313 0.009468 -0.099900 0.508311 -0.190993 0.205901 -0.440157 -0.098414 0.010091 0.099877 0.436093 0.260228 0.205397 1.621054 0.007199 -0.195613 0.122249 -0.016285 0.232607 -0.009331 0.861139 0.242159 -0.208433 -0.115277 -0.739192 0.131762 0.407563 -0.338229 -0.026916 -0.945803 0.192865 -1.196620 0.376327 -0.199422 -1.102195 0.276302 -0.960421 -0.183871 1.973618 1.376314 -6.086179 2.388631 0.340923 -3.334419 1.973618 1.376314 2.742821 2.388631 0.340923 5.494581 0.000000 0.000000 -8.829000 0.000000 0.000000 -8.829000 0.000000 0.000000 0.000000 0.000000 0.000000 0.000000 0.000000 0.000000 0.000000 0.000000 0.000000 0.000000 0.000000 0.000000 0.000000 0.000000 0.000000 0.000000 0.000000 0.000000 0.000000 0.000000 0.000000 0.000000
13.988754 1.000000 0.510672 0.194744 -0.199969 -0.432391 0.099325 0.009468 -0.099912 0.508335 -0.190993 0.205877 -0.440157 -0.098402 0.010091 0.099877 0.430558 0.238393 0.205864 1.618290 0.008585 -0.195530 0.120227 -0.034720 0.232104 -0.010530 0.860506 0.242031 -0.208060 -0.114128 -0.744752 0.109932 0.408023 -0.340997 -0.025534 -0.945720 0.190846 -1.215020 0.375779 -0.200638 -1.102821 0.276174 -0.960046 -0.182720 2.008998 1.339030 -6.085230 2.482980 0.344089 -3.343871 2.008998 1.339030 2.743770 2.482980 0.344089 5.485129 0.000000 0.000000 -8.829000 0.000000 0.000000 -8.829000 0.000000 0.000000 0.000000 0.000000 0.000000 0.000000 0.000000 0.000000 0.000000 0.000000 0.000000 0.000000 0.000000 0.000000 0.000000 0.000000 0.000000 0.000000 0.000000 0.000000 0.000000 0.000000 0.000000 0.000000
14.034012 1.000000 0.510660 0.194768 -0.199981 -0.432379 0.099337 0.009468 -0.099924 0.508299 -0.190981 0.205889 -0.440145 -0.098402 0.010079 0.099877 0.445889 0.262598 0.215442 1.627548 0.010681 -0.190069 0.124695 -0.036568 0.247916 -0.007821 0.849946 0.242006 -0.211995 -0.115000 -0.729430 0.134134 0.417631 -0.331733 -0.023442 -0.940254 0.195324 -1.216926 0.391628 -0.197908 -1.113390 0.276151 -0.963986 -0.183590 1.954085 1.422094 -6.111614 2.467412 0.379678 -3.299337 1.954085 1.422094 2.717386 2.467412 0.379678 5.529663 0.000000 0.000000 -8.829000 0.000000 0.000000 -8.829000 0.000000 0.000000 0.000000 0.000000 0.000000 0.000000 0.000000 0.000000 0.000000 0.000000 0.000000 0.000000 0.000000 0.000000 0.000000 0.000000 0.000000 0.000000 0.000000 0.000000 0.000000 0.000000 0.000000 0.000000
14.070844 1.000000 0.510660 0.194768 -0.199933 -0.432379 0.099325 0.009468 -0.099936 0.508335 -0.190969 0.205901 -0.440145 -0.098379 0.010067 0.099877 0.431135 0.240074 0.196429 1.623042 0.011582 -0.191439 0.120123 -0.022342 0.239723 -0.010039 0.859863 0.241506 -0.207601 -0.118230 -0.744195 0.111687 0.398664 -0.336235 -0.022545 -0.941621 0.190755 -1.202639 0.383459 -0.200082 -1.103470 0.275653 -0.959597 -0.186803 2.016538 1.309199 -6.115412 2.423379 0.350377 -3.335977 2.016538 1.309199 2.713588 2.423379 0.350377 5.493023 0.000000 0.000000 -8.829000 0.000000 0.000000 -8.829000 0.000000 0.000000 0.000000 0.000000 0.000000 0.000000 0.000000 0.000000 0.000000 0.000000 0.000000 0.000000 0.000000 0.000000 0.000000 0.000000 0.000000 0.000000 0.000000 0.000000 0.000000 0.000000 0.000000 0.000000
14.113782 1.000000 0.510672 0.194756 -0.199981 -0.432391 0.099325 0.009468 -0.099912 0.508311 -0.190969 0.205889 -0.440133 -0.098379 0.010091 0.099877 0.438229 0.240705 0.218159 1.622279 0.012540 -0.190667 0.121877 -0.023446 0.237172 -0.008951 0.858080 0.241476 -0.210423 -0.111250 -0.737075 0.112233 0.420326 -0.337007 -0.021579 -0.940856 0.192498 -1.203783 0.380886 -0.199016 -1.105253 0.275620 -0.962417 -0.179826 1.994060 1.391292 -6.099581 2.416706 0.355329 -3.324687 1.994060 1.391292 2.729419 2.416706 0.355329 5.504313 0.000000 0.000000 -8.829000 0.000000 0.000000 -8.829000 0.000000 0.000000 0.000000 0.000000 0.000000 0.000000 0.000000 0.000000 0.000000 0.000000 0.000000 0.000000 0.000000 0.000000 0.000000 0.000000 0.000000 0.000000 0.000000 0.000000 0.000000 0.000000 0.000000 0.000000
14.144363 1.000000 0.510672 0.194768 -0.199945 -0.432391 0.099325 0.009468 -0.099924 0.508299 -0.190969 0.205889 -0.440145 -0.098426 0.010079 0.099900 0.430520 0.236497 0.203505 1.619137 0.012912 -0.191711 0.121026 -0.025544 0.248254 -0.006669 0.857784 0.241315 -0.211980 -0.113934 -0.744791 0.108092 0.405726 -0.340143 -0.021211 -0.941895 0.191657 -1.205903 0.391983 -0.196731 -1.105555 0.275468 -0.963968 -0.182528 2.016173 1.328848 -6.097065 2.431263 0.380809 -3.325996 2.016173 1.328848 2.731935 2.431263 0.380809 5.503004 0.000000 0.000000 -8.829000 0.000000 0.000000 -8.829000 0.000000 0.000000 0.000000 0.000000 0.000000 0.000000 0.000000 0.000000 0.000000 0.000000 0.000000 0.000000 0.000000 0.000000 0.000000 0.000000 0.000000 0.000000 0.000000 0.000000 0.000000 0.000000 0.000000 0.000000
14.173050 1.000000 0.510696 0.194756 -0.199969 -0.432379 0.099325 0.009468 -0.099924 0.508299 -0.190981 0.205889 -0.440145 -0.098390 0.010091 0.099889 0.438990 0.228122 0.206627 1.626047 0.013490 -0.188414 0.121462 -0.019606 0.237772 -0.011377 0.861014 0.241118 -0.211589 -0.115289 -0.736272 0.099675 0.408799 -0.333227 -0.020633 -0.938599 0.192082 -1.199963 0.381485 -0.201462 -1.102321 0.275265 -0.963581 -0.183873 2.003121 1.330205 -6.127562 2.406687 0.343646 -3.331530 2.003121 1.330205 2.701438 2.406687 0.343646 5.497470 0.000000 0.000000 -8.829000 0.000000 0.000000 -8.829000 0.000000 0.000000 0.000000 0.000000 0.000000 0.000000 0.000000 0.000000 0.000000 0.000000 0.000000 0.000000 0.000000 0.000000 0.000000 0.000000 0.000000 0.000000 0.000000 0.000000 0.000000 0.000000 0.000000 0.000000
14.197516 1.000000 0.510660 0.194744 -0.199993 -0.432391 0.099325 0.009468 -0.099900 0.508299 -0.190969 0.205901 -0.440157 -0.098426 0.010079 0.099889 0.439885 0.243577 0.212612 1.624662 0.013809 -0.190048 0.122558 -0.023588 0.240472 -0.009186 0.856715 0.249050 -0.212805 -0.115576 -0.735440 0.115077 0.414753 -0.334631 -0.020306 -0.940241 0.193174 -1.203948 0.384219 -0.199238 -1.106628 0.283199 -0.964795 -0.184169 1.987331 1.377297 -6.110983 2.413691 0.357532 -3.314848 1.987331 1.377297 2.718017 2.413691 0.357532 5.514152 0.000000 0.000000 -8.829000 0.000000 0.000000 -8.829000 0.000000 0.000000 0.000000 0.000000 0.000000 0.000000 0.000000 0.000000 0.000000 0.000000 0.000000 0.000000 0.000000 0.000000 0.000000 0.000000 0.000000 0.000000 0.000000 0.000000 0.000000 0.000000 0.000000 0.000000
14.228786 1.000000 0.510648 0.194768 -0.199981 -0.432391 0.099325 0.009480 -0.099900 0.508311 -0.190981 0.205901 -0.440145 -0.098379 0.010067 0.099889 0.437887 0.228256 0.212509 1.622653 0.014065 -0.192130 0.122780 -0.017589 0.235760 -0.008126 0.857876 0.247776 -0.211722 -0.117629 -0.737457 0.099795 0.414706 -0.336635 -0.020048 -0.942318 0.193406 -1.197923 0.379494 -0.198193 -1.105459 0.281927 -0.963717 -0.186207 1.999645 1.351293 -6.105043 2.383694 0.349706 -3.316690 1.999645 1.351293 2.723957 2.383694 0.349706 5.512310 0.000000 0.000000 -8.829000 0.000000 0.000000 -8.829000 0.000000 0.000000 0.000000 0.000000 0.000000 0.000000 0.000000 0.000000 0.000000 0.000000 0.000000 0.000000 0.000000 0.000000 0.000000 0.000000 0.000000 0.000000 0.000000 0.000000 0.000000 0.000000 0.000000 0.000000
14.262754 1.000000 0.510672 0.194756 -0.199969 -0.432379 0.099325 0.009468 -0.099912 0.508299 -0.190969 0.205889 -0.440145 -0.098390 0.010091 0.099900 0.437278 0.217601 0.199353 1.624539 0.014413 -0.190914 0.121746 -0.022838 0.234055 -0.013589 0.848017 0.246660 -0.212102 -0.121548 -0.738027 0.089153 0.401533 -0.334743 -0.019706 -0.941101 0.192369 -1.203197 0.377782 -0.203651 -1.115321 0.280811 -0.964095 -0.190129 2.006755 1.286428 -6.124274 2.386953 0.326629 -3.274995 2.006755 1.286428 2.704726 2.386953 0.326629 5.554005 0.000000 0.000000 -8.829000 0.000000 0.000000 -8.829000 0.000000 0.000000 0.000000 0.000000 0.000000 0.000000 0.000000 0.000000 0.000000 0.000000 0.000000 0.000000 0.000000 0.000000 0.000000 0.000000 0.000000 0.000000 0.000000 0.000000 0.000000 0.000000 0.000000 0.000000
14.296363 1.000000 0.510660 0.194768 -0.199945 -0.432379 0.099325 0.009480 -0.099900 0.508311 -0.190969 0.205889 -0.440145 -0.098402 0.010091 0.099900 0.450073 0.223338 0.192835 1.631522 0.014761 -0.187096 0.120033 -0.024173 0.232888 -0.007549 0.850402 0.245640 -0.211258 -0.119338 -0.725257 0.094943 0.395066 -0.327757 -0.019351 -0.937280 0.190664 -1.204511 0.376612 -0.197608 -1.112933 0.279792 -0.963248 -0.187922 1.956003 1.277174 -6.152469 2.395797 0.348353 -3.289621 1.956003 1.277174 2.676531 2.395797 0.348353 5.539379 0.000000 0.000000 -8.829000 0.000000 0.000000 -8.829000 0.000000 0.000000 0.000000 0.000000 0.000000 0.000000 0.000000 0.000000 0.000000 0.000000 0.000000 0.000000 0.000000 0.000000 0.000000 0.000000 0.000000 0.000000 0.000000 0.000000 0.000000 0.000000 0.000000 0.000000
14.322087 1.000000 0.510660 0.194768 -0.199957 -0.432391 0.099337 0.009468 -0.099924 0.508347 -0.190981 0.205889 -0.440157 -0.098438 0.010091 0.099900 0.428323 0.217913 0.188765 1.616183 0.014642 -0.194735 0.120458 -0.014565 0.229627 -0.006678 0.855443 0.253096 -0.208965 -0.117312 -0.747005 0.089486 0.390978 -0.343100 -0.019481 -0.944919 0.191092 -1.194842 0.373336 -0.196747 -1.107883 0.287247 -0.960948 -0.185910 2.017459 1.244533 -6.092742 2.358996 0.343568 -3.307574 2.017459 1.244533 2.736258 2.358996 0.343568 5.521426 0.000000 0.000000 -8.829000 0.000000 0.000000 -8.829000 0.000000 0.000000 0.000000 0.000000 0.000000 0.000000 0.000000 0.000000 0.000000 0.000000 0.000000 0.000000 0.000000 0.000000 0.000000 0.000000 0.000000 0.000000 0.000000 0.000000 0.000000 0.000000 0.000000 0.000000
14.346726 1.000000 0.510672 0.194756 -0.199981 -0.432391 0.099325 0.009468 -0.099900 0.508323 -0.190969 0.205901 -0.440145 -0.098390 0.010079 0.099912 0.436047 0.218201 0.194379 1.622754 0.014841 -0.191350 0.121782 -0.015810 0.227224 -0.010429 0.856049 0.251623 -0.210179 -0.118274 -0.739259 0.089733 0.396549 -0.336533 -0.019274 -0.941540 0.192403 -1.196124 0.370971 -0.200470 -1.107285 0.285781 -0.962171 -0.186851 2.003801 1.269147 -6.118622 2.367146 0.326327 -3.306747 2.003801 1.269147 2.710378 2.367146 0.326327 5.522253 0.000000 0.000000 -8.829000 0.000000 0.000000 -8.829000 0.000000 0.000000 0.000000 0.000000 0.000000 0.000000 0.000000 0.000000 0.000000 0.000000 0.000000 0.000000 0.000000 0.000000 0.000000 0.000000 0.000000 0.000000 0.000000 0.000000 0.000000 0.000000 0.000000 0.000000
14.374948 1.000000 0.510660 0.194756 -0.199981 -0.432391 0.099325 0.009468 -0.099912 0.508323 -0.190969 0.205901 -0.440157 -0.098355 0.010079 0.099912 0.453957 0.209401 0.190624 1.624251 0.014907 -0.190451 0.121965 -0.021045 0.228076 -0.011936 0.852002 0.250433 -0.211341 -0.119129 -0.721368 0.080927 0.392794 -0.335038 -0.019212 -0.940641 0.192586 -1.201362 0.371827 -0.201976 -1.111335 0.284591 -0.963340 -0.187693 1.919802 1.248738 -6.118198 2.383580 0.323858 -3.290752 1.919802 1.248738 2.710802 2.383580 0.323858 5.538248 0.000000 0.000000 -8.829000 0.000000 0.000000 -8.829000 0.000000 0.000000 0.000000 0.000000 0.000000 0.000000 0.000000 0.000000 0.000000 0.000000 0.000000 0.000000 0.000000 0.000000 0.000000 0.000000 0.000000 0.000000 0.000000 0.000000 0.000000 0.000000 0.000000 0.000000
14.402434 1.000000 0.510648 0.194768 -0.199945 -0.432391 0.099325 0.009468 -0.099912 0.508323 -0.190981 0.205889 -0.440157 -0.098450 0.010091 0.099912 0.444529 0.216480 0.199233 1.622210 0.014945 -0.192426 0.121462 -0.015661 0.235903 -0.012382 0.853200 0.249214 -0.208511 -0.121136 -0.730824 0.088074 0.401462 -0.337076 -0.019173 -0.942613 0.192095 -1.195978 0.379620 -0.202455 -1.110132 0.283369 -0.960492 -0.189739 1.961879 1.286838 -6.107104 2.368601 0.331093 -3.299138 1.961879 1.286838 2.721896 2.368601 0.331093 5.529862 0.000000 0.000000 -8.829000 0.000000 0.000000 -8.829000 0.000000 0.000000 0.000000 0.000000 0.000000 0.000000 0.000000 0.000000 0.000000 0.000000 0.000000 0.000000 0.000000 0.000000 0.000000 0.000000 0.000000 0.000000 0.000000 0.000000 0.000000 0.000000 0.000000 0.000000
14.448059 1.000000 0.510648 0.194756 -0.199921 -0.432391 0.099325 0.009468 -0.099912 0.508323 -0.190969 0.205889 -0.440157 -0.098390 0.010091 0.099900 0.432666 0.207743 0.191378 1.618785 0.000429 -0.192535 0.122411 -0.025378 0.231229 -0.012404 0.853229 0.247352 -0.208783 -0.117910 -0.742696 0.079367 0.393612 -0.340502 -0.033689 -0.942721 0.193045 -1.205698 0.374954 -0.202459 -1.110106 0.281504 -0.960775 -0.186488 2.013047 1.240422 -6.105261 2.414930 0.329572 -3.304132 2.013047 1.240422 2.723739 2.414930 0.329572 5.524868 0.000000 0.000000 -8.829000 0.000000 0.000000 -8.829000 0.000000 0.000000 0.000000 0.000000 0.000000 0.000000 0.000000 0.000000 0.000000 0.000000 0.000000 0.000000 0.000000 0.000000 0.000000 0.000000 0.000000 0.000000 0.000000 0.000000 0.000000 0.000000 0.000000 0.000000
14.492213 1.000000 0.510648 0.194744 -0.199969 -0.432391 0.099325 0.009468 -0.099900 0.508335 -0.190993 0.205901 -0.440157 -0.098438 0.010091 0.099912 0.437073 0.216212 0.197432 1.621894 0.003486 -0.193265 0.122523 -0.020675 0.245721 -0.010594 0.854628 0.246026 -0.211196 -0.115175 -0.738279 0.087749 0.399600 -0.337400 -0.030629 -0.943457 0.193145 -1.200965 0.389447 -0.200672 -1.108699 0.280182 -0.963177 -0.183774 1.996905 1.277192 -6.109416 2.399366 0.359671 -3.308218 1.996905 1.277192 2.719584 2.399366 0.359671 5.520782 0.000000 0.000000 -8.829000 0.000000 0.000000 -8.829000 0.000000 0.000000 0.000000 0.000000 0.000000 0.000000 0.000000 0.000000 0.000000 0.000000 0.000000 0.000000 0.000000 0.000000 0.000000 0.000000 0.000000 0.000000 0.000000 0.000000 0.000000 0.000000 0.000000 0.000000
14.536067 1.000000 0.510672 0.194768 -0.199957 -0.432391 0.099337 0.009468 -0.099912 0.508335 -0.190969 0.205889 -0.440157 -0.098402 0.010091 0.099936 0.439440 0.215526 0.182657 1.622704 0.005946 -0.191885 0.121683 -0.022989 0.236246 -0.012731 0.854999 0.258992 -0.210455 -0.116027 -0.735868 0.087104 0.384868 -0.336576 -0.028172 -0.942068 0.192316 -1.203285 0.379979 -0.202777 -1.108332 0.293156 -0.962444 -0.184608 1.978415 1.224284 -6.119957 2.407874 0.337258 -3.307870 1.978415 1.224284 2.709043 2.407874 0.337258 5.521130 0.000000 0.000000 -8.829000 0.000000 0.000000 -8.829000 0.000000 0.000000 0.000000 0.000000 0.000000 0.000000 0.000000 0.000000 0.000000 0.000000 0.000000 0.000000 0.000000 0.000000 0.000000 0.000000 0.000000 0.000000 0.000000 0.000000 0.000000 0.000000 0.000000 0.000000
14.604570 1.000000 0.510672 0.194756 -0.199981 -0.432391 0.099337 0.009468 -0.099900 0.508335 -0.190969 0.205901 -0.440169 -0.098402 0.010091 0.099948 0.434857 0.202239 0.200653 1.621293 0.008723 -0.195034 0.123941 -0.016864 0.261569 -0.008581 0.857620 0.253065 -0.213324 -0.116910 -0.740448 0.073771 0.402822 -0.337993 -0.025391 -0.945221 0.194566 -1.197159 0.405328 -0.198612 -1.105715 0.287234 -0.965314 -0.185489 2.016372 1.265843 -6.108767 2.394486 0.390385 -3.319444 2.016372 1.265843 2.720233 2.394486 0.390385 5.509556 0.000000 0.000000 -8.829000 0.000000 0.000000 -8.829000 0.000000 0.000000 0.000000 0.000000 0.000000 0.000000 0.000000 0.000000 0.000000 0.000000 0.000000 0.000000 0.000000 0.000000 0.000000 0.000000 0.000000 0.000000 0.000000 0.000000 0.000000 0.000000 0.000000 0.000000
14.657317 1.000000 0.510660 0.194756 -0.199981 -0.432379 0.099325 0.009468 -0.099912 0.508311 -0.190969 0.205901 -0.440169 -0.098402 0.010079 0.099948 0.437482 0.212846 0.206241 1.625557 0.010264 -0.191420 0.123640 -0.021352 0.249594 -0.009469 0.858049 0.250049 -0.215128 -0.120609 -0.737840 0.084376 0.408412 -0.333728 -0.023855 -0.941609 0.194261 -1.201688 0.393359 -0.199505 -1.105292 0.284220 -0.967120 -0.189190 2.016075 1.304285 -6.125817 2.410346 0.367465 -3.317182 2.016075 1.304285 2.703183 2.410346 0.367465 5.511818 0.000000 0.000000 -8.829000 0.000000 0.000000 -8.829000 0.000000 0.000000 0.000000 0.000000 0.000000 0.000000 0.000000 0.000000 0.000000 0.000000 0.000000 0.000000 0.000000 0.000000 0.000000 0.000000 0.000000 0.000000 0.000000 0.000000 0.000000 0.000000 0.000000 0.000000
14.703356 1.000000 0.510672 0.194768 -0.199969 -0.432379 0.099325 0.009480 -0.099912 0.508335 -0.190969 0.205889 -0.440169 -0.098390 0.010079 0.099936 0.428771 0.201188 0.190542 1.621512 0.011123 -0.191841 0.122818 -0.016737 0.243112 -0.008587 0.858721 0.248052 -0.213425 -0.120198 -0.746530 0.072752 0.392743 -0.337766 -0.022994 -0.942026 0.193444 -1.197037 0.386850 -0.198630 -1.104614 0.282218 -0.965417 -0.188775 2.045710 1.225617 -6.124032 2.385342 0.358184 -3.318583 2.045710 1.225617 2.704968 2.385342 0.358184 5.510417 0.000000 0.000000 -8.829000 0.000000 0.000000 -8.829000 0.000000 0.000000 0.000000 0.000000 0.000000 0.000000 0.000000 0.000000 0.000000 0.000000 0.000000 0.000000 0.000000 0.000000 0.000000 0.000000 0.000000 0.000000 0.000000 0.000000 0.000000 0.000000 0.000000 0.000000
14.749836 1.000000 0.510648 0.194768 -0.199981 -0.432391 0.099337 0.009468 -0.099912 0.508323 -0.190981 0.205901 -0.440145 -0.098379 0.010079 0.099936 0.424496 0.230068 0.198313 1.616011 -0.002901 -0.193254 0.119751 -0.017384 0.253291 -0.010266 0.861767 0.246392 -0.210594 -0.120526 -0.750848 0.101602 0.400507 -0.343277 -0.037020 -0.943441 0.190382 -1.197693 0.397035 -0.200322 -1.101563 0.280559 -0.962586 -0.189100 2.036202 1.296038 -6.088301 2.408877 0.368529 -3.339071 2.036202 1.296038 2.740699 2.408877 0.368529 5.489929 0.000000 0.000000 -8.829000 0.000000 0.000000 -8.829000 0.000000 0.000000 0.000000 0.000000 0.000000 0.000000 0.000000 0.000000 0.000000 0.000000 0.000000 0.000000 0.000000 0.000000 0.000000 0.000000 0.000000 0.000000 0.000000 0.000000 0.000000 0.000000 0.000000 0.000000
14.790010 1.000000 0.510684 0.194756 -0.199981 -0.432391 0.099325 0.009468 -0.099912 0.508335 -0.190981 0.205889 -0.440157 -0.098379 0.010079 0.099924 0.438896 0.227349 0.200522 1.622875 0.000322 -0.189692 0.120444 -0.017847 0.244914 -0.014633 0.875019 0.245335 -0.209390 -0.121300 -0.736387 0.098880 0.402686 -0.336408 -0.033797 -0.939881 0.191064 -1.198143 0.388636 -0.204699 -1.088311 0.279497 -0.961382 -0.189877 1.988580 1.306069 -6.113680 2.447249 0.339369 -3.393278 1.988580 1.306069 2.715320 2.447249 0.339369 5.435722 0.000000 0.000000 -8.829000 0.000000 0.000000 -8.829000 0.000000 0.000000 0.000000 0.000000 0.000000 0.000000 0.000000 0.000000 0.000000 0.000000 0.000000 0.000000 0.000000 0.000000 0.000000 0.000000 0.000000 0.000000 0.000000 0.000000 0.000000 0.000000 0.000000 0.000000
14.834163 1.000000 0.510672 0.194768 -0.199957 -0.432391 0.099325 0.009468 -0.099912 0.508311 -0.190981 0.205901 -0.440157 -0.098355 0.010091 0.099948 0.437586 0.215330 0.190111 1.619469 0.003037 -0.193694 0.118170 -0.022329 0.244317 -0.006950 0.867799 0.244466 -0.210657 -0.119072 -0.737723 0.086909 0.392322 -0.339812 -0.031081 -0.943879 0.188799 -1.202660 0.388069 -0.197008 -1.095535 0.278636 -0.962653 -0.187638 1.981351 1.247235 -6.101575 2.442481 0.369121 -3.366552 1.981351 1.247235 2.727425 2.442481 0.369121 5.462448 0.000000 0.000000 -8.829000 0.000000 0.000000 -8.829000 0.000000 0.000000 0.000000 0.000000 0.000000 0.000000 0.000000 0.000000 0.000000 0.000000 0.000000 0.000000 0.000000 0.000000 0.000000 0.000000 0.000000 0.000000 0.000000 0.000000 0.000000 0.000000 0.000000 0.000000
14.890217 1.000000 0.510660 0.194744 -0.199969 -0.432391 0.099313 0.009468 -0.099912 0.508311 -0.190969 0.205889 -0.440157 -0.098379 0.010079 0.099948 0.423916 0.243419 0.206591 1.618941 0.005940 -0.195545 0.121653 -0.021265 0.238239 -0.010123 0.865289 0.243584 -0.209867 -0.116192 -0.751414 0.114955 0.408753 -0.340349 -0.028179 -0.945738 0.192269 -1.201603 0.381982 -0.200172 -1.098048 0.277755 -0.961861 -0.184766 2.042500 1.348039 -6.090420 2.428642 0.349098 -3.353875 2.042500 1.348039 2.738580 2.428642 0.349098 5.475125 0.000000 0.000000 -8.829000 0.000000 0.000000 -8.829000 0.000000 0.000000 0.000000 0.000000 0.000000 0.000000 0.000000 0.000000 0.000000 0.000000 0.000000 0.000000 0.000000 0.000000 0.000000 0.000000 0.000000 0.000000 0.000000 0.000000 0.000000 0.000000 0.000000 0.000000
14.948547 1.000000 0.510672 0.194756 -0.199933 -0.432379 0.099337 0.009468 -0.099900 0.508323 -0.190969 0.205889 -0.440169 -0.098390 0.010079 0.099948 0.434435 0.237039 0.183104 1.620861 0.008186 -0.193014 0.123885 -0.014069 0.232356 -0.012749 0.889054 0.242593 -0.202373 -0.113830 -0.740880 0.108655 0.385322 -0.338417 -0.025928 -0.943197 0.194519 -1.194388 0.376099 -0.202794 -1.074283 0.276764 -0.954365 -0.182407 1.984694 1.260277 -6.106899 2.463900 0.328864 -3.459723 1.984694 1.260277 2.722101 2.463900 0.328864 5.369277 0.000000 0.000000 -8.829000 0.000000 0.000000 -8.829000 0.000000 0.000000 0.000000 0.000000 0.000000 0.000000 0.000000 0.000000 0.000000 0.000000 0.000000 0.000000 0.000000 0.000000 0.000000 0.000000 0.000000 0.000000 0.000000 0.000000 0.000000 0.000000 0.000000 0.000000
15.001998 1.000000 0.510660 0.194768 -0.199945 -0.432391 0.099349 0.009468 -0.099924 0.508335 -0.190981 0.205901 -0.440145 -0.098402 0.010091 0.099948 0.434357 0.224253 0.198024 1.620504 0.026875 -0.195154 0.125068 -0.011883 0.233040 -0.009366 0.881933 0.242130 -0.200141 -0.114739 -0.740974 0.095846 0.400248 -0.338778 -0.007248 -0.945335 0.195708 -1.192171 0.376784 -0.199418 -1.081393 0.276298 -0.952128 -0.183320 2.001837 1.293339 -6.101084 2.433722 0.340049 -3.433555 2.001837 1.293339 2.727916 2.433722 0.340049 5.395445 0.000000 0.000000 -8.829000 0.000000 0.000000 -8.829000 0.000000 0.000000 0.000000 0.000000 0.000000 0.000000 0.000000 0.000000 0.000000 0.000000 0.000000 0.000000 0.000000 0.000000 0.000000 0.000000 0.000000 0.000000 0.000000 0.000000 0.000000 0.000000 0.000000 0.000000
15.062616 1.000000 0.510672 0.194756 -0.199969 -0.432379 0.099337 0.009480 -0.099900 0.508323 -0.190981 0.205901 -0.440157 -0.098426 0.010091 0.099948 0.443595 0.248611 0.203135 1.626799 0.042880 -0.190098 0.124465 -0.014157 0.231299 -0.005866 0.877096 0.241707 -0.201914 -0.115033 -0.731710 0.120169 0.405319 -0.332482 0.008767 -0.940283 0.195092 -1.194467 0.375047 -0.195921 -1.086236 0.275876 -0.953899 -0.183624 1.966115 1.355169 -6.121781 2.426304 0.350526 -3.412412 1.966115 1.355169 2.707219 2.426304 0.350526 5.416588 0.000000 0.000000 -8.829000 0.000000 0.000000 -8.829000 0.000000 0.000000 0.000000 0.000000 0.000000 0.000000 0.000000 0.000000 0.000000 0.000000 0.000000 0.000000 0.000000 0.000000 0.000000 0.000000 0.000000 0.000000 0.000000 0.000000 0.000000 0.000000 0.000000 0.000000
15.127694 1.000000 0.510660 0.194768 -0.199981 -0.432391 0.099325 0.009480 -0.099912 0.508335 -0.190981 0.205901 -0.440157 -0.098426 0.010091 0.099960 0.432649 0.225576 0.208155 1.621225 0.033941 -0.195163 0.123874 0.002600 0.226188 -0.010583 0.866858 0.241454 -0.205425 -0.112813 -0.742673 0.097114 0.410346 -0.338060 -0.000176 -0.945350 0.194499 -1.177689 0.369938 -0.200632 -1.096470 0.275627 -0.957408 -0.181403 2.019078 1.330068 -6.101551 2.306433 0.319710 -3.349344 2.019078 1.330068 2.727449 2.306433 0.319710 5.479656 0.000000 0.000000 -8.829000 0.000000 0.000000 -8.829000 0.000000 0.000000 0.000000 0.000000 0.000000 0.000000 0.000000 0.000000 0.000000 0.000000 0.000000 0.000000 0.000000 0.000000 0.000000 0.000000 0.000000 0.000000 0.000000 0.000000 0.000000 0.000000 0.000000 0.000000
15.201802 1.000000 0.510672 0.194768 -0.199969 -0.432379 0.099325 0.009468 -0.099900 0.508323 -0.190981 0.205901 -0.440157 -0.098390 0.010091 0.099948 0.435883 0.231007 0.187605 1.619276 0.026777 -0.198225 0.123641 -0.011910 0.251979 -0.010435 0.861261 0.241335 -0.207296 -0.115519 -0.739420 0.102572 0.389807 -0.340002 -0.007337 -0.948411 0.194268 -1.192221 0.395728 -0.200490 -1.102071 0.275504 -0.959286 -0.184097 1.974660 1.266459 -6.091879 2.381652 0.366282 -3.339258 1.974660 1.266459 2.737121 2.381652 0.366282 5.489742 0.000000 0.000000 -8.829000 0.000000 0.000000 -8.829000 0.000000 0.000000 0.000000 0.000000 0.000000 0.000000 0.000000 0.000000 0.000000 0.000000 0.000000 0.000000 0.000000 0.000000 0.000000 0.000000 0.000000 0.000000 0.000000 0.000000 0.000000 0.000000 0.000000 0.000000
15.285569 1.000000 0.510672 0.194744 -0.199969 -0.432391 0.099337 0.009468 -0.099924 0.508335 -0.190969 0.205901 -0.440157 -0.098450 0.010079 0.099948 0.424630 0.256178 0.172816 1.616566 0.021288 -0.200778 0.118161 -0.002848 0.236798 -0.016922 0.864634 0.241048 -0.211185 -0.118795 -0.750679 0.127713 0.374973 -0.342721 -0.012835 -0.950965 0.188784 -1.183142 0.380555 -0.206952 -1.098698 0.275218 -0.963168 -0.187391 1.993823 1.246244 -6.082103 2.334577 0.313155 -3.333984 1.993823 1.246244 2.746897 2.334577 0.313155 5.495016 0.000000 0.000000 -8.829000 0.000000 0.000000 -8.829000 0.000000 0.000000 0.000000 0.000000 0.000000 0.000000 0.000000 0.000000 0.000000 0.000000 0.000000 0.000000 0.000000 0.000000 0.000000 0.000000 0.000000 0.000000 0.000000 0.000000 0.000000 0.000000 0.000000 0.000000
15.371521 1.000000 0.510672 0.194756 -0.199981 -0.432379 0.099337 0.009503 -0.099924 0.508323 -0.190981 0.205925 -0.440169 -0.098414 0.010091 0.099960 0.440256 0.246492 0.186986 1.626402 0.018017 -0.197333 0.119280 -0.023253 0.232505 -0.014853 0.859024 0.241109 -0.210961 -0.119166 -0.735043 0.118026 0.389155 -0.332877 -0.016100 -0.947516 0.189903 -1.203559 0.376300 -0.204881 -1.104312 0.275282 -0.962949 -0.187748 1.960831 1.288143 -6.115895 2.420667 0.321717 -3.323383 1.960831 1.288143 2.713105 2.420667 0.321717 5.505617 0.000000 0.000000 -8.829000 0.000000 0.000000 -8.829000 0.000000 0.000000 0.000000 0.000000 0.000000 0.000000 0.000000 0.000000 0.000000 0.000000 0.000000 0.000000 0.000000 0.000000 0.000000 0.000000 0.000000 0.000000 0.000000 0.000000 0.000000 0.000000 0.000000 0.000000
15.440860 1.000000 0.510648 0.194756 -0.199957 -0.432391 0.099325 0.009468 -0.099900 0.508311 -0.190993 0.205925 -0.440169 -0.098426 0.010079 0.099972 0.463396 0.224435 0.179029 1.622168 0.016335 -0.199759 0.121485 -0.017005 0.257204 -0.007936 0.860876 0.241037 -0.205045 -0.118231 -0.711958 0.096002 0.381229 -0.337122 -0.017779 -0.949948 0.192113 -1.197328 0.400997 -0.197984 -1.102461 0.275216 -0.957031 -0.186822 1.836109 1.234298 -6.087145 2.412060 0.383922 -3.346931 1.836109 1.234298 2.741855 2.412060 0.383922 5.482069 0.000000 0.000000 -8.829000 0.000000 0.000000 -8.829000 0.000000 0.000000 0.000000 0.000000 0.000000 0.000000 0.000000 0.000000 0.000000 0.000000 0.000000 0.000000 0.000000 0.000000 0.000000 0.000000 0.000000 0.000000 0.000000 0.000000 0.000000 0.000000 0.000000 0.000000
15.502211 1.000000 0.510672 0.194756 -0.199969 -0.432391 0.099349 0.009480 -0.099924 0.508311 -0.190969 0.205925 -0.440169 -0.098426 0.010091 0.099972 0.450219 0.225430 0.168458 1.622199 0.035110 -0.196125 0.125499 -0.023421 0.245394 -0.013419 0.857755 0.241193 -0.206711 -0.115834 -0.725087 0.096978 0.370636 -0.337084 0.000989 -0.946309 0.196130 -1.203748 0.389205 -0.203428 -1.105586 0.275370 -0.958699 -0.184418 1.902331 1.196421 -6.107753 2.430153 0.349478 -3.329779 1.902331 1.196421 2.721247 2.430153 0.349478 5.499221 0.000000 0.000000 -8.829000 0.000000 0.000000 -8.829000 0.000000 0.000000 0.000000 0.000000 0.000000 0.000000 0.000000 0.000000 0.000000 0.000000 0.000000 0.000000 0.000000 0.000000 0.000000 0.000000 0.000000 0.000000 0.000000 0.000000 0.000000 0.000000 0.000000 0.000000
15.577029 1.000000 0.510672 0.194756 -0.199945 -0.432415 0.099337 0.009468 -0.099900 0.508323 -0.190969 0.205913 -0.440157 -0.098379 0.010079 0.099984 0.435901 0.235624 0.192413 1.616057 0.027062 -0.200062 0.121145 -0.021926 0.239835 -0.010024 0.862215 0.240866 -0.205857 -0.116492 -0.739420 0.107210 0.394617 -0.343233 -0.007053 -0.950249 0.191778 -1.202234 0.383627 -0.200039 -1.101120 0.275050 -0.957851 -0.185059 1.963421 1.289317 -6.071855 2.429669 0.351604 -3.348771 1.963421 1.289317 2.757145 2.429669 0.351604 5.480229 0.000000 0.000000 -8.829000 0.000000 0.000000 -8.829000 0.000000 0.000000 0.000000 0.000000 0.000000 0.000000 0.000000 0.000000 0.000000 0.000000 0.000000 0.000000 0.000000 0.000000 0.000000 0.000000 0.000000 0.000000 0.000000 0.000000 0.000000 0.000000 0.000000 0.000000
15.653610 1.000000 0.510660 0.194768 -0.199969 -0.432391 0.099337 0.009468 -0.099900 0.508299 -0.190969 0.205925 -0.440169 -0.098426 0.010055 0.099984 0.437401 0.261927 0.174536 1.619270 0.021959 -0.195037 0.121079 -0.019259 0.260175 -0.011266 0.860585 0.240936 -0.202069 -0.118081 -0.737926 0.133487 0.376741 -0.340015 -0.012156 -0.945223 0.191711 -1.199607 0.403997 -0.201274 -1.102761 0.275123 -0.954060 -0.186667 1.940532 1.269476 -6.091679 2.431030 0.377553 -3.351675 1.940532 1.269476 2.737321 2.431030 0.377553 5.477325 0.000000 0.000000 -8.829000 0.000000 0.000000 -8.829000 0.000000 0.000000 0.000000 0.000000 0.000000 0.000000 0.000000 0.000000 0.000000 0.000000 0.000000 0.000000 0.000000 0.000000 0.000000 0.000000 0.000000 0.000000 0.000000 0.000000 0.000000 0.000000 0.000000 0.000000
15.705506 1.000000 0.510672 0.194756 -0.199945 -0.432379 0.099325 0.009480 -0.099912 0.508299 -0.190945 0.205913 -0.440169 -0.098390 0.010079 0.099996 0.438811 0.274333 0.169953 1.622374 0.019678 -0.191811 0.124970 -0.016994 0.248787 -0.012017 0.865592 0.240819 -0.197761 -0.121427 -0.736500 0.145927 0.372158 -0.336904 -0.014439 -0.941996 0.195596 -1.197349 0.392609 -0.201996 -1.097757 0.275008 -0.949758 -0.189993 1.935044 1.276828 -6.106925 2.432095 0.353028 -3.374750 1.935044 1.276828 2.722075 2.432095 0.353028 5.454250 0.000000 0.000000 -8.829000 0.000000 0.000000 -8.829000 0.000000 0.000000 0.000000 0.000000 0.000000 0.000000 0.000000 0.000000 0.000000 0.000000 0.000000 0.000000 0.000000 0.000000 0.000000 0.000000 0.000000 0.000000 0.000000 0.000000 0.000000 0.000000 0.000000 0.000000
15.754612 1.000000 0.510660 0.194744 -0.199945 -0.432415 0.099325 0.009492 -0.099912 0.508335 -0.190969 0.205901 -0.440157 -0.098426 0.010079 0.099984 0.430606 0.258943 0.179975 1.618094 0.017708 -0.195363 0.124963 -0.009281 0.243213 -0.013323 0.867286 0.240850 -0.201919 -0.121816 -0.744735 0.130517 0.382161 -0.341200 -0.016407 -0.945552 0.195588 -1.189571 0.386981 -0.203347 -1.096045 0.275033 -0.953905 -0.190401 1.978426 1.283688 -6.088944 2.388919 0.336274 -3.367912 1.978426 1.283688 2.740056 2.388919 0.336274 5.461088 0.000000 0.000000 -8.829000 0.000000 0.000000 -8.829000 0.000000 0.000000 0.000000 0.000000 0.000000 0.000000 0.000000 0.000000 0.000000 0.000000 0.000000 0.000000 0.000000 0.000000 0.000000 0.000000 0.000000 0.000000 0.000000 0.000000 0.000000 0.000000 0.000000 0.000000
15.793020 1.000000 0.510660 0.194756 -0.199969 -0.432391 0.099337 0.009480 -0.099912 0.508311 -0.190969 0.205925 -0.440169 -0.098402 0.010079 0.099984 0.433351 0.257400 0.191487 1.620419 0.029005 -0.193158 0.125738 -0.020478 0.252720 -0.015474 0.860185 0.241017 -0.205274 -0.122419 -0.741977 0.128949 0.393670 -0.338867 -0.005112 -0.943345 0.196365 -1.200805 0.396536 -0.205480 -1.103157 0.275200 -0.957267 -0.190994 1.983253 1.324130 -6.097361 2.431317 0.348428 -3.341331 1.983253 1.324130 2.731639 2.431317 0.348428 5.487669 0.000000 0.000000 -8.829000 0.000000 0.000000 -8.829000 0.000000 0.000000 0.000000 0.000000 0.000000 0.000000 0.000000 0.000000 0.000000 0.000000 0.000000 0.000000 0.000000 0.000000 0.000000 0.000000 0.000000 0.000000 0.000000 0.000000 0.000000 0.000000 0.000000 0.000000
15.824685 1.000000 0.510660 0.194756 -0.199933 -0.432391 0.099349 0.009492 -0.099924 0.508311 -0.190945 0.205901 -0.440181 -0.098379 0.010079 0.099984 0.432887 0.264500 0.179481 1.621298 0.026735 -0.194229 0.125376 -0.006226 0.261473 -0.011361 0.852505 0.241042 -0.204789 -0.121350 -0.742449 0.136107 0.381699 -0.337984 -0.007383 -0.944409 0.196013 -1.186567 0.405272 -0.201350 -1.110844 0.275227 -0.956788 -0.189914 1.973479 1.292531 -6.102089 2.339493 0.371611 -3.304600 1.973479 1.292531 2.726911 2.339493 0.371611 5.524400 0.000000 0.000000 -8.829000 0.000000 0.000000 -8.829000 0.000000 0.000000 0.000000 0.000000 0.000000 0.000000 0.000000 0.000000 0.000000 0.000000 0.000000 0.000000 0.000000 0.000000 0.000000 0.000000 0.000000 0.000000 0.000000 0.000000 0.000000 0.000000 0.000000 0.000000
15.860058 1.000000 0.510648 0.194744 -0.199969 -0.432403 0.099349 0.009456 -0.099912 0.508311 -0.190945 0.205925 -0.440169 -0.098390 0.010091 0.099972 0.420425 0.275473 0.192848 1.613686 0.024034 -0.198365 0.126916 -0.012638 0.253366 -0.011882 0.856425 0.240851 -0.206385 -0.118757 -0.754930 0.147002 0.395012 -0.345612 -0.010087 -0.948554 0.197547 -1.192970 0.397196 -0.201851 -1.106921 0.275029 -0.958383 -0.187320 2.014273 1.353197 -6.062268 2.375955 0.361409 -3.320379 2.014273 1.353197 2.766732 2.375955 0.361409 5.508621 0.000000 0.000000 -8.829000 0.000000 0.000000 -8.829000 0.000000 0.000000 0.000000 0.000000 0.000000 0.000000 0.000000 0.000000 0.000000 0.000000 0.000000 0.000000 0.000000 0.000000 0.000000 0.000000 0.000000 0.000000 0.000000 0.000000 0.000000 0.000000 0.000000 0.000000
15.891790 1.000000 0.510672 0.194756 -0.199969 -0.432403 0.099325 0.009503 -0.099912 0.508311 -0.190969 0.205925 -0.440169 -0.098426 0.010067 0.099984 0.435720 0.268747 0.197221 1.622525 0.022452 -0.193107 0.124480 -0.022771 0.248259 -0.014994 0.851384 0.241044 -0.207076 -0.117693 -0.739588 0.140299 0.399402 -0.336760 -0.011661 -0.943293 0.195102 -1.203098 0.392076 -0.204999 -1.111958 0.275230 -0.959066 -0.186277 1.972839 1.363000 -6.098586 2.412186 0.346763 -3.301874 1.972839 1.363000 2.730414 2.412186 0.346763 5.527126 0.000000 0.000000 -8.829000 0.000000 0.000000 -8.829000 0.000000 0.000000 0.000000 0.000000 0.000000 0.000000 0.000000 0.000000 0.000000 0.000000 0.000000 0.000000 0.000000 0.000000 0.000000 0.000000 0.000000 0.000000 0.000000 0.000000 0.000000 0.000000 0.000000 0.000000
15.923340 1.000000 0.510672 0.194756 -0.199981 -0.432391 0.099313 0.009480 -0.099912 0.508311 -0.190945 0.205913 -0.440169 -0.098379 0.010091 0.099996 0.436282 0.263757 0.199328 1.612685 0.020861 -0.192318 0.126149 -0.019943 0.258262 -0.011031 0.856580 0.240984 -0.205484 -0.115101 -0.739021 0.135288 0.401496 -0.346600 -0.013257 -0.942508 0.196765 -1.200277 0.402080 -0.201007 -1.106765 0.275171 -0.957482 -0.183661 1.948772 1.363706 -6.058106 2.417160 0.377690 -3.329308 1.948772 1.363706 2.770894 2.417160 0.377690 5.499692 0.000000 0.000000 -8.829000 0.000000 0.000000 -8.829000 0.000000 0.000000 0.000000 0.000000 0.000000 0.000000 0.000000 0.000000 0.000000 0.000000 0.000000 0.000000 0.000000 0.000000 0.000000 0.000000 0.000000 0.000000 0.000000 0.000000 0.000000 0.000000 0.000000 0.000000
15.975733 1.000000 0.510660 0.194756 -0.199945 -0.432403 0.099361 0.009480 -0.099912 0.508311 -0.190969 0.205925 -0.440169 -0.098414 0.010079 0.099996 0.431272 0.254186 0.204641 1.610927 0.018578 -0.192545 0.129264 -0.015941 0.248238 -0.009471 0.858342 0.240936 -0.205933 -0.115816 -0.744065 0.125772 0.406847 -0.348361 -0.015538 -0.942727 0.199906 -1.196267 0.392057 -0.199474 -1.104999 0.275123 -0.957924 -0.184395 1.980154 1.367156 -6.054045 2.393017 0.365052 -3.331049 1.980154 1.367156 2.774955 2.393017 0.365052 5.497951 0.000000 0.000000 -8.829000 0.000000 0.000000 -8.829000 0.000000 0.000000 0.000000 0.000000 0.000000 0.000000 0.000000 0.000000 0.000000 0.000000 0.000000 0.000000 0.000000 0.000000 0.000000 0.000000 0.000000 0.000000 0.000000 0.000000 0.000000 0.000000 0.000000 0.000000
16.005569 1.000000 0.510672 0.194768 -0.199945 -0.432403 0.099325 0.009468 -0.099924 0.508323 -0.190945 0.205925 -0.440157 -0.098379 0.010091 0.099984 0.430161 0.264755 0.194000 1.610346 0.017643 -0.192971 0.124988 -0.019148 0.244582 -0.010234 0.858915 0.240888 -0.206009 -0.116304 -0.745153 0.136347 0.396220 -0.348937 -0.016480 -0.943157 0.195618 -1.199456 0.388411 -0.200198 -1.104425 0.275070 -0.958007 -0.184861 1.968294 1.343300 -6.052915 2.409282 0.357460 -3.334090 1.968294 1.343300 2.776085 2.409282 0.357460 5.494910 0.000000 0.000000 -8.829000 0.000000 0.000000 -8.829000 0.000000 0.000000 0.000000 0.000000 0.000000 0.000000 0.000000 0.000000 0.000000 0.000000 0.000000 0.000000 0.000000 0.000000 0.000000 0.000000 0.000000 0.000000 0.000000 0.000000 0.000000 0.000000 0.000000 0.000000
16.050502 1.000000 0.510660 0.194756 -0.199969 -0.432379 0.099325 0.009468 -0.099912 0.508311 -0.190945 0.205925 -0.440157 -0.098414 0.010079 0.099984 0.449180 0.257081 0.200135 1.613166 0.016440 -0.191515 0.125286 -0.022067 0.242250 -0.011847 0.856956 0.241080 -0.213348 -0.117798 -0.726145 0.128630 0.402318 -0.346118 -0.017679 -0.941703 0.195909 -1.202396 0.386083 -0.201814 -1.106388 0.275264 -0.965341 -0.186370 1.889054 1.360310 -6.053949 2.409940 0.348914 -3.313925 1.889054 1.360310 2.775051 2.409940 0.348914 5.515075 0.000000 0.000000 -8.829000 0.000000 0.000000 -8.829000 0.000000 0.000000 0.000000 0.000000 0.000000 0.000000 0.000000 0.000000 0.000000 0.000000 0.000000 0.000000 0.000000 0.000000 0.000000 0.000000 0.000000 0.000000 0.000000 0.000000 0.000000 0.000000 0.000000 0.000000
16.082865 1.000000 0.510672 0.194768 -0.199957 -0.432403 0.099325 0.009492 -0.099912 0.508335 -0.190969 0.205925 -0.440169 -0.098414 0.010079 0.099984 0.445398 0.244093 0.203737 1.617569 0.015793 -0.189052 0.125155 -0.008464 0.234739 -0.016102 0.864991 0.240841 -0.209115 -0.116820 -0.729912 0.115672 0.405949 -0.341714 -0.018322 -0.939236 0.195783 -1.188750 0.378550 -0.206101 -1.098345 0.275024 -0.961104 -0.185397 1.934621 1.350866 -6.081974 2.364786 0.316267 -3.342471 1.934621 1.350866 2.747026 2.364786 0.316267 5.486529 0.000000 0.000000 -8.829000 0.000000 0.000000 -8.829000 0.000000 0.000000 0.000000 0.000000 0.000000 0.000000 0.000000 0.000000 0.000000 0.000000 0.000000 0.000000 0.000000 0.000000 0.000000 0.000000 0.000000 0.000000 0.000000 0.000000 0.000000 0.000000 0.000000 0.000000
16.108331 1.000000 0.510660 0.194756 -0.199969 -0.432403 0.099337 0.009480 -0.099912 0.508323 -0.190969 0.205925 -0.440169 -0.098390 0.010079 0.099984 0.434040 0.243409 0.206122 1.613237 0.015137 -0.195895 0.124860 -0.020947 0.236644 -0.011849 0.858632 0.240976 -0.211565 -0.114786 -0.741291 0.114955 0.408304 -0.346053 -0.018980 -0.946082 0.195489 -1.201254 0.380458 -0.201851 -1.104707 0.275160 -0.963558 -0.183356 1.975068 1.352567 -6.059127 2.406515 0.341122 -3.321902 1.975068 1.352567 2.769873 2.406515 0.341122 5.507098 0.000000 0.000000 -8.829000 0.000000 0.000000 -8.829000 0.000000 0.000000 0.000000 0.000000 0.000000 0.000000 0.000000 0.000000 0.000000 0.000000 0.000000 0.000000 0.000000 0.000000 0.000000 0.000000 0.000000 0.000000 0.000000 0.000000 0.000000 0.000000 0.000000 0.000000
16.136573 1.000000 0.510648 0.194756 -0.199945 -0.432415 0.099361 0.009480 -0.099912 0.508335 -0.190945 0.205913 -0.440169 -0.098379 0.010091 0.099984 0.432889 0.228688 0.196767 1.611796 0.014588 -0.197597 0.126489 -0.011737 0.234794 -0.014124 0.873132 0.240942 -0.208654 -0.114319 -0.742472 0.100268 0.398975 -0.347499 -0.019529 -0.947780 0.197131 -1.192031 0.378603 -0.204095 -1.090208 0.275125 -0.960650 -0.182878 1.978381 1.295816 -6.058961 2.402880 0.326717 -3.380725 1.978381 1.295816 2.770039 2.402880 0.326717 5.448275 0.000000 0.000000 -8.829000 0.000000 0.000000 -8.829000 0.000000 0.000000 0.000000 0.000000 0.000000 0.000000 0.000000 0.000000 0.000000 0.000000 0.000000 0.000000 0.000000 0.000000 0.000000 0.000000 0.000000 0.000000 0.000000 0.000000 0.000000 0.000000 0.000000 0.000000
16.164214 1.000000 0.510660 0.194744 -0.199945 -0.432403 0.099313 0.009503 -0.099924 0.508323 -0.190945 0.205937 -0.440169 -0.098390 0.010079 0.099984 0.436542 0.223495 0.193739 1.618126 0.014275 -0.195432 0.126660 -0.017329 0.236502 -0.009606 0.871140 0.240884 -0.208934 -0.112306 -0.738795 0.095070 0.395925 -0.341163 -0.019842 -0.945621 0.197279 -1.197637 0.380355 -0.199556 -1.092206 0.275068 -0.960932 -0.180866 1.980809 1.278393 -6.089872 2.423375 0.349359 -3.377821 1.980809 1.278393 2.739128 2.423375 0.349359 5.451179 0.000000 0.000000 -8.829000 0.000000 0.000000 -8.829000 0.000000 0.000000 0.000000 0.000000 0.000000 0.000000 0.000000 0.000000 0.000000 0.000000 0.000000 0.000000 0.000000 0.000000 0.000000 0.000000 0.000000 0.000000 0.000000 0.000000 0.000000 0.000000 0.000000 0.000000
16.189228 1.000000 0.510660 0.194768 -0.199969 -0.432403 0.099337 0.009480 -0.099948 0.508299 -0.190945 0.205913 -0.440169 -0.098414 0.010091 0.099996 0.431679 0.233061 0.205158 1.616999 0.014024 -0.195132 0.129206 -0.016559 0.234485 -0.009100 0.868260 0.240945 -0.209657 -0.111224 -0.743646 0.104606 0.407354 -0.342287 -0.020106 -0.945316 0.199836 -1.196913 0.378305 -0.199079 -1.095088 0.275132 -0.961650 -0.179799 2.005444 1.334260 -6.081186 2.408622 0.348187 -3.363598 2.005444 1.334260 2.747814 2.408622 0.348187 5.465402 0.000000 0.000000 -8.829000 0.000000 0.000000 -8.829000 0.000000 0.000000 0.000000 0.000000 0.000000 0.000000 0.000000 0.000000 0.000000 0.000000 0.000000 0.000000 0.000000 0.000000 0.000000 0.000000 0.000000 0.000000 0.000000 0.000000 0.000000 0.000000 0.000000 0.000000
16.215233 1.000000 0.510648 0.194756 -0.199969 -0.432403 0.099349 0.009492 -0.099924 0.508311 -0.190945 0.205901 -0.440169 -0.098462 0.010079 0.099984 0.430779 0.225261 0.188681 1.615389 0.013626 -0.198615 0.126650 -0.027068 0.232722 -0.015252 0.861595 0.249449 -0.211706 -0.112434 -0.744570 0.096802 0.390866 -0.343903 -0.020494 -0.948800 0.197282 -1.207406 0.376517 -0.205242 -1.101750 0.283632 -0.963691 -0.181027 1.994395 1.260466 -6.078280 2.445097 0.326966 -3.335210 1.994395 1.260466 2.750720 2.445097 0.326966 5.493790 0.000000 0.000000 -8.829000 0.000000 0.000000 -8.829000 0.000000 0.000000 0.000000 0.000000 0.000000 0.000000 0.000000 0.000000 0.000000 0.000000 0.000000 0.000000 0.000000 0.000000 0.000000 0.000000 0.000000 0.000000 0.000000 0.000000 0.000000 0.000000 0.000000 0.000000
16.262661 1.000000 0.510648 0.194768 -0.199969 -0.432415 0.099361 0.009492 -0.099912 0.508311 -0.190969 0.205913 -0.440181 -0.098414 0.010067 0.099984 0.431982 0.226090 0.194776 1.614311 0.028303 -0.200058 0.125919 -0.025315 0.234434 -0.008507 0.858446 0.247694 -0.212655 -0.112894 -0.743369 0.097642 0.396982 -0.344982 -0.005811 -0.950240 0.196560 -1.205649 0.378234 -0.198523 -1.104899 0.281880 -0.964647 -0.181477 1.987968 1.283656 -6.068876 2.422531 0.352782 -3.322316 1.987968 1.283656 2.760124 2.422531 0.352782 5.506684 0.000000 0.000000 -8.829000 0.000000 0.000000 -8.829000 0.000000 0.000000 0.000000 0.000000 0.000000 0.000000 0.000000 0.000000 0.000000 0.000000 0.000000 0.000000 0.000000 0.000000 0.000000 0.000000 0.000000 0.000000 0.000000 0.000000 0.000000 0.000000 0.000000 0.000000
16.305498 1.000000 0.510672 0.194744 -0.199957 -0.432403 0.099337 0.009492 -0.099900 0.508299 -0.190969 0.205913 -0.440157 -0.098402 0.010067 0.099996 0.433373 0.228359 0.184468 1.619373 0.038681 -0.193315 0.124920 -0.024479 0.227818 -0.015519 0.862719 0.246281 -0.212617 -0.115419 -0.741942 0.099922 0.386642 -0.339916 0.004570 -0.943502 0.195546 -1.204827 0.371619 -0.205538 -1.100621 0.280471 -0.964609 -0.183997 1.994446 1.251628 -6.105225 2.431459 0.315124 -3.335223 1.994446 1.251628 2.723775 2.431459 0.315124 5.493777 0.000000 0.000000 -8.829000 0.000000 0.000000 -8.829000 0.000000 0.000000 0.000000 0.000000 0.000000 0.000000 0.000000 0.000000 0.000000 0.000000 0.000000 0.000000 0.000000 0.000000 0.000000 0.000000 0.000000 0.000000 0.000000 0.000000 0.000000 0.000000 0.000000 0.000000
16.347797 1.000000 0.510660 0.194744 -0.199945 -0.432403 0.099373 0.009492 -0.099936 0.508311 -0.190945 0.205901 -0.440169 -0.098426 0.010079 0.099984 0.437454 0.233552 0.193910 1.621607 0.033354 -0.191217 0.124786 -0.023458 0.231232 -0.010596 0.864937 0.245118 -0.213543 -0.115518 -0.737883 0.105122 0.396093 -0.337682 -0.000769 -0.941397 0.195426 -1.203797 0.375027 -0.200586 -1.098408 0.279301 -0.965534 -0.184099 1.985102 1.295340 -6.109622 2.429923 0.337972 -3.345337 1.985102 1.295340 2.719378 2.429923 0.337972 5.483663 0.000000 0.000000 -8.829000 0.000000 0.000000 -8.829000 0.000000 0.000000 0.000000 0.000000 0.000000 0.000000 0.000000 0.000000 0.000000 0.000000 0.000000 0.000000 0.000000 0.000000 0.000000 0.000000 0.000000 0.000000 0.000000 0.000000 0.000000 0.000000 0.000000 0.000000
16.402771 1.000000 0.510648 0.194756 -0.199945 -0.432403 0.099337 0.009480 -0.099924 0.508311 -0.190945 0.205913 -0.440157 -0.098390 0.010079 0.099984 0.436553 0.233310 0.182474 1.617405 0.027531 -0.195529 0.124474 -0.017299 0.228797 -0.014734 0.844986 0.261966 -0.212523 -0.117827 -0.738804 0.104889 0.384681 -0.341885 -0.006590 -0.945714 0.195107 -1.197631 0.372611 -0.204713 -1.118357 0.296150 -0.964519 -0.186392 1.964655 1.253131 -6.089267 2.344909 0.314490 -3.255030 1.964655 1.253131 2.739733 2.344909 0.314490 5.573970 0.000000 0.000000 -8.829000 0.000000 0.000000 -8.829000 0.000000 0.000000 0.000000 0.000000 0.000000 0.000000 0.000000 0.000000 0.000000 0.000000 0.000000 0.000000 0.000000 0.000000 0.000000 0.000000 0.000000 0.000000 0.000000 0.000000 0.000000 0.000000 0.000000 0.000000
16.446121 1.000000 0.510684 0.194756 -0.199981 -0.432403 0.099337 0.009492 -0.099912 0.508299 -0.190945 0.205901 -0.440169 -0.098402 0.010103 0.099972 0.437872 0.248773 0.189602 1.620976 0.024412 -0.192477 0.124191 -0.014300 0.227914 -0.012509 0.850779 0.257604 -0.215980 -0.118037 -0.737414 0.120304 0.391766 -0.338308 -0.009703 -0.942663 0.194815 -1.194659 0.371705 -0.202505 -1.112567 0.291780 -0.967973 -0.186610 1.965846 1.304132 -6.100960 2.339334 0.320160 -3.272655 1.965846 1.304132 2.728040 2.339334 0.320160 5.556345 0.000000 0.000000 -8.829000 0.000000 0.000000 -8.829000 0.000000 0.000000 0.000000 0.000000 0.000000 0.000000 0.000000 0.000000 0.000000 0.000000 0.000000 0.000000 0.000000 0.000000 0.000000 0.000000 0.000000 0.000000 0.000000 0.000000 0.000000 0.000000 0.000000 0.000000
16.498147 1.000000 0.510684 0.194756 -0.199957 -0.432403 0.099361 0.009480 -0.099912 0.508311 -0.190945 0.205913 -0.440169 -0.098402 0.010091 0.099984 0.437008 0.248699 0.204398 1.620436 0.021056 -0.187836 0.125837 -0.022340 0.247329 -0.009549 0.852355 0.253688 -0.217857 -0.121084 -0.738285 0.120269 0.406586 -0.338847 -0.013060 -0.938017 0.196474 -1.202674 0.391143 -0.199527 -1.110990 0.287870 -0.969851 -0.189653 1.985122 1.358015 -6.100760 2.394780 0.363855 -3.288202 1.985122 1.358015 2.728240 2.394780 0.363855 5.540798 0.000000 0.000000 -8.829000 0.000000 0.000000 -8.829000 0.000000 0.000000 0.000000 0.000000 0.000000 0.000000 0.000000 0.000000 0.000000 0.000000 0.000000 0.000000 0.000000 0.000000 0.000000 0.000000 0.000000 0.000000 0.000000 0.000000 0.000000 0.000000 0.000000 0.000000
16.549927 1.000000 0.510648 0.194756 -0.199969 -0.432379 0.099385 0.009480 -0.099912 0.508311 -0.190945 0.205901 -0.440169 -0.098414 0.010067 0.099984 0.427174 0.221679 0.203851 1.616707 0.018499 -0.192985 0.128117 -0.016586 0.241964 -0.010747 0.852860 0.250658 -0.219817 -0.117865 -0.748171 0.093229 0.406039 -0.342579 -0.015617 -0.943163 0.198762 -1.196925 0.385762 -0.200736 -1.110486 0.284844 -0.971811 -0.186442 2.037094 1.308937 -6.091230 2.360716 0.350683 -3.281748 2.037094 1.308937 2.737770 2.360716 0.350683 5.547252 0.000000 0.000000 -8.829000 0.000000 0.000000 -8.829000 0.000000 0.000000 0.000000 0.000000 0.000000 0.000000 0.000000 0.000000 0.000000 0.000000 0.000000 0.000000 0.000000 0.000000 0.000000 0.000000 0.000000 0.000000 0.000000 0.000000 0.000000 0.000000 0.000000 0.000000
16.602168 1.000000 0.510672 0.194744 -0.199945 -0.432415 0.099373 0.009492 -0.099912 0.508335 -0.190945 0.205925 -0.440169 -0.098402 0.010079 0.099996 0.435897 0.250633 0.195907 1.622226 0.033621 -0.189142 0.127493 -0.022045 0.237024 -0.011036 0.856195 0.248278 -0.216309 -0.114697 -0.739424 0.122210 0.398090 -0.337065 -0.000494 -0.939323 0.198134 -1.202336 0.380858 -0.200993 -1.107146 0.282466 -0.968303 -0.183262 1.988163 1.331632 -6.110556 2.398797 0.345772 -3.304246 1.988163 1.331632 2.718444 2.398797 0.345772 5.524754 0.000000 0.000000 -8.829000 0.000000 0.000000 -8.829000 0.000000 0.000000 0.000000 0.000000 0.000000 0.000000 0.000000 0.000000 0.000000 0.000000 0.000000 0.000000 0.000000 0.000000 0.000000 0.000000 0.000000 0.000000 0.000000 0.000000 0.000000 0.000000 0.000000 0.000000
16.652570 1.000000 0.510660 0.194756 -0.199981 -0.432415 0.099337 0.009492 -0.099912 0.508323 -0.190945 0.205901 -0.440169 -0.098426 0.010079 0.099984 0.423246 0.241645 0.213460 1.615219 0.044204 -0.191775 0.129034 -0.013714 0.232046 -0.017716 0.861957 0.246433 -0.212121 -0.117845 -0.752084 0.113169 0.415631 -0.344075 0.010089 -0.941963 0.199661 -1.194033 0.375839 -0.207703 -1.101386 0.280616 -0.964111 -0.186424 2.050231 1.375254 -6.081557 2.379170 0.307927 -3.326055 2.050231 1.375254 2.747443 2.379170 0.307927 5.502945 0.000000 0.000000 -8.829000 0.000000 0.000000 -8.829000 0.000000 0.000000 0.000000 0.000000 0.000000 0.000000 0.000000 0.000000 0.000000 0.000000 0.000000 0.000000 0.000000 0.000000 0.000000 0.000000 0.000000 0.000000 0.000000 0.000000 0.000000 0.000000 0.000000 0.000000
16.718389 1.000000 0.510672 0.194744 -0.199957 -0.432415 0.099349 0.009503 -0.099912 0.508311 -0.190945 0.205913 -0.440169 -0.098402 0.010091 0.099984 0.438008 0.220986 0.193612 1.623409 0.034049 -0.182981 0.126941 -0.014682 0.231224 -0.012563 0.863940 0.244781 -0.210085 -0.113279 -0.737309 0.092545 0.395784 -0.335881 -0.000064 -0.933166 0.197570 -1.195017 0.375038 -0.202542 -1.099405 0.278963 -0.962079 -0.181849 2.005668 1.276506 -6.134693 2.386960 0.328288 -3.340707 2.005668 1.276506 2.694307 2.386960 0.328288 5.488293 0.000000 0.000000 -8.829000 0.000000 0.000000 -8.829000 0.000000 0.000000 0.000000 0.000000 0.000000 0.000000 0.000000 0.000000 0.000000 0.000000 0.000000 0.000000 0.000000 0.000000 0.000000 0.000000 0.000000 0.000000 0.000000 0.000000 0.000000 0.000000 0.000000 0.000000
16.770525 1.000000 0.510636 0.194756 -0.199945 -0.432415 0.099373 0.009480 -0.099936 0.508299 -0.190945 0.205901 -0.440157 -0.098390 0.010091 0.099984 0.454364 0.224631 0.180347 1.621277 0.045123 -0.185094 0.125036 -0.018385 0.227474 -0.017232 0.881779 0.243725 -0.208515 -0.116260 -0.721015 0.096201 0.382554 -0.338019 0.010998 -0.935275 0.195683 -1.198740 0.371268 -0.207226 -1.081565 0.277907 -0.960510 -0.184828 1.901529 1.240437 -6.115738 2.459128 0.305651 -3.418060 1.901529 1.240437 2.713262 2.459128 0.305651 5.410940 0.000000 0.000000 -8.829000 0.000000 0.000000 -8.829000 0.000000 0.000000 0.000000 0.000000 0.000000 0.000000 0.000000 0.000000 0.000000 0.000000 0.000000 0.000000 0.000000 0.000000 0.000000 0.000000 0.000000 0.000000 0.000000 0.000000 0.000000 0.000000 0.000000 0.000000
16.823451 1.000000 0.510660 0.194756 -0.199945 -0.432403 0.099349 0.009492 -0.099912 0.508311 -0.190945 0.205901 -0.440169 -0.098402 0.010079 0.099984 0.453010 0.214270 0.197558 1.623498 0.036611 -0.187714 0.126564 -0.019391 0.248774 -0.011691 0.872388 0.243259 -0.207276 -0.116418 -0.722326 0.085857 0.399765 -0.335789 0.002496 -0.937897 0.197200 -1.199730 0.392570 -0.201680 -1.090957 0.277443 -0.959270 -0.184991 1.930025 1.284842 -6.117283 2.450128 0.359765 -3.389415 1.930025 1.284842 2.711717 2.450128 0.359765 5.439585 0.000000 0.000000 -8.829000 0.000000 0.000000 -8.829000 0.000000 0.000000 0.000000 0.000000 0.000000 0.000000 0.000000 0.000000 0.000000 0.000000 0.000000 0.000000 0.000000 0.000000 0.000000 0.000000 0.000000 0.000000 0.000000 0.000000 0.000000 0.000000 0.000000 0.000000
16.874025 1.000000 0.510684 0.194756 -0.199957 -0.432415 0.099361 0.009503 -0.099912 0.508323 -0.190969 0.205901 -0.440169 -0.098426 0.010091 0.099996 0.437582 0.218030 0.180965 1.618731 0.046668 -0.189448 0.124113 -0.016875 0.258944 -0.013515 0.871660 0.258965 -0.206474 -0.121009 -0.737712 0.089601 0.383154 -0.340554 0.012556 -0.939628 0.194750 -1.197187 0.402719 -0.203540 -1.091676 0.293150 -0.958459 -0.189595 1.980189 1.224190 -6.111382 2.444284 0.365837 -3.386792 1.980189 1.224190 2.717618 2.444284 0.365837 5.442208 0.000000 0.000000 -8.829000 0.000000 0.000000 -8.829000 0.000000 0.000000 0.000000 0.000000 0.000000 0.000000 0.000000 0.000000 0.000000 0.000000 0.000000 0.000000 0.000000 0.000000 0.000000 0.000000 0.000000 0.000000 0.000000 0.000000 0.000000 0.000000 0.000000 0.000000
16.940490 1.000000 0.510660 0.194756 -0.199969 -0.432403 0.099313 0.009492 -0.099912 0.508311 -0.190945 0.205913 -0.440169 -0.098390 0.010091 0.099984 0.442575 0.250382 0.200188 1.623994 0.056857 -0.182265 0.121303 -0.016444 0.251249 -0.008302 0.869292 0.253191 -0.202547 -0.115465 -0.732755 0.121929 0.402371 -0.335295 0.022741 -0.932455 0.191922 -1.196778 0.395063 -0.198281 -1.094054 0.287373 -0.954543 -0.184030 1.970253 1.346407 -6.125728 2.430449 0.374868 -3.383709 1.970253 1.346407 2.703272 2.430449 0.374868 5.445291 0.000000 0.000000 -8.829000 0.000000 0.000000 -8.829000 0.000000 0.000000 0.000000 0.000000 0.000000 0.000000 0.000000 0.000000 0.000000 0.000000 0.000000 0.000000 0.000000 0.000000 0.000000 0.000000 0.000000 0.000000 0.000000 0.000000 0.000000 0.000000 0.000000 0.000000
17.002122 1.000000 0.510672 0.194756 -0.199969 -0.432403 0.099325 0.009492 -0.099912 0.508323 -0.190945 0.205913 -0.440169 -0.098414 0.010067 0.099984 0.437734 0.241909 0.203591 1.619452 0.043228 -0.189205 0.121722 -0.024627 0.246415 -0.008387 0.860314 0.249983 -0.207661 -0.116792 -0.737576 0.113458 0.405771 -0.339834 0.009112 -0.939393 0.192344 -1.204942 0.390230 -0.198361 -1.103030 0.284169 -0.959655 -0.185366 1.981412 1.341962 -6.098242 2.438916 0.369413 -3.341210 1.981412 1.341962 2.730758 2.438916 0.369413 5.487790 0.000000 0.000000 -8.829000 0.000000 0.000000 -8.829000 0.000000 0.000000 0.000000 0.000000 0.000000 0.000000 0.000000 0.000000 0.000000 0.000000 0.000000 0.000000 0.000000 0.000000 0.000000 0.000000 0.000000 0.000000 0.000000 0.000000 0.000000 0.000000 0.000000 0.000000
17.065600 1.000000 0.510660 0.194756 -0.199933 -0.432403 0.099349 0.009492 -0.099912 0.508311 -0.190945 0.205913 -0.440169 -0.098390 0.010091 0.099972 0.438378 0.236442 0.183131 1.621679 0.033434 -0.183949 0.117051 -0.028255 0.240059 -0.013246 0.841733 0.247219 -0.206393 -0.114661 -0.736961 0.108049 0.385350 -0.337608 -0.000681 -0.934131 0.187690 -1.208591 0.383869 -0.203226 -1.121613 0.281397 -0.958390 -0.183227 1.978239 1.258182 -6.125611 2.406836 0.343590 -3.263890 1.978239 1.258182 2.703389 2.406836 0.343590 5.565110 0.000000 0.000000 -8.829000 0.000000 0.000000 -8.829000 0.000000 0.000000 0.000000 0.000000 0.000000 0.000000 0.000000 0.000000 0.000000 0.000000 0.000000 0.000000 0.000000 0.000000 0.000000 0.000000 0.000000 0.000000 0.000000 0.000000 0.000000 0.000000 0.000000 0.000000
17.117189 1.000000 0.510672 0.194744 -0.199945 -0.432415 0.099337 0.009492 -0.099924 0.508323 -0.190945 0.205901 -0.440169 -0.098390 0.010067 0.099984 0.432091 0.258911 0.180152 1.620426 0.027856 -0.188297 0.122531 -0.027214 0.233602 -0.016530 0.844972 0.245773 -0.207707 -0.113442 -0.743229 0.130484 0.382333 -0.338864 -0.006263 -0.938483 0.193159 -1.207533 0.377397 -0.206516 -1.118372 0.279959 -0.959704 -0.182010 1.985944 1.284370 -6.110720 2.406650 0.321928 -3.271754 1.985944 1.284370 2.718280 2.406650 0.321928 5.557246 0.000000 0.000000 -8.829000 0.000000 0.000000 -8.829000 0.000000 0.000000 0.000000 0.000000 0.000000 0.000000 0.000000 0.000000 0.000000 0.000000 0.000000 0.000000 0.000000 0.000000 0.000000 0.000000 0.000000 0.000000 0.000000 0.000000 0.000000 0.000000 0.000000 0.000000
17.162806 1.000000 0.510660 0.194744 -0.199945 -0.432403 0.099349 0.009503 -0.099924 0.508311 -0.190945 0.205901 -0.440169 -0.098438 0.010079 0.099984 0.426144 0.232323 0.183855 1.617318 0.023876 -0.186258 0.122010 -0.003258 0.233187 -0.014895 0.852842 0.259286 -0.205964 -0.114816 -0.749193 0.103899 0.386041 -0.341971 -0.010241 -0.936441 0.192642 -1.183596 0.376983 -0.204885 -1.110503 0.293469 -0.957952 -0.183401 2.030249 1.251833 -6.111574 2.304606 0.316644 -3.291746 2.030249 1.251833 2.717426 2.304606 0.316644 5.537254 0.000000 0.000000 -8.829000 0.000000 0.000000 -8.829000 0.000000 0.000000 0.000000 0.000000 0.000000 0.000000 0.000000 0.000000 0.000000 0.000000 0.000000 0.000000 0.000000 0.000000 0.000000 0.000000 0.000000 0.000000 0.000000 0.000000 0.000000 0.000000 0.000000 0.000000
17.204909 1.000000 0.510672 0.194768 -0.199945 -0.432403 0.099373 0.009492 -0.099912 0.508311 -0.190945 0.205901 -0.440157 -0.098414 0.010079 0.100020 0.429475 0.227372 0.197258 1.619580 0.021218 -0.185935 0.120643 -0.009349 0.231871 -0.013509 0.854612 0.255569 -0.203651 -0.115328 -0.745838 0.098972 0.399482 -0.339702 -0.012897 -0.936111 0.191290 -1.189682 0.375674 -0.203493 -1.108729 0.289766 -0.955642 -0.183902 2.031813 1.292002 -6.115449 2.342290 0.321460 -3.307475 2.031813 1.292002 2.713551 2.342290 0.321460 5.521525 0.000000 0.000000 -8.829000 0.000000 0.000000 -8.829000 0.000000 0.000000 0.000000 0.000000 0.000000 0.000000 0.000000 0.000000 0.000000 0.000000 0.000000 0.000000 0.000000 0.000000 0.000000 0.000000 0.000000 0.000000 0.000000 0.000000 0.000000 0.000000 0.000000 0.000000
17.238737 1.000000 0.510672 0.194780 -0.199993 -0.432415 0.099361 0.009503 -0.099912 0.508311 -0.190945 0.205913 -0.440169 -0.098414 0.010091 0.099996 0.432991 0.228809 0.203642 1.620786 0.030234 -0.185378 0.121971 -0.006664 0.234236 -0.009518 0.857907 0.253311 -0.201377 -0.115615 -0.742309 0.100337 0.405838 -0.338498 -0.003878 -0.935558 0.192609 -1.186998 0.378053 -0.199495 -1.105438 0.287498 -0.953369 -0.184188 2.022050 1.319332 -6.116676 2.339181 0.338157 -3.325825 2.022050 1.319332 2.712324 2.339181 0.338157 5.503175 0.000000 0.000000 -8.829000 0.000000 0.000000 -8.829000 0.000000 0.000000 0.000000 0.000000 0.000000 0.000000 0.000000 0.000000 0.000000 0.000000 0.000000 0.000000 0.000000 0.000000 0.000000 0.000000 0.000000 0.000000 0.000000 0.000000 0.000000 0.000000 0.000000 0.000000
17.270715 1.000000 0.510672 0.194744 -0.199969 -0.432403 0.099325 0.009503 -0.099900 0.508299 -0.190945 0.205925 -0.440169 -0.098390 0.010079 0.099984 0.436566 0.227986 0.204335 1.622330 0.027095 -0.187129 0.121952 -0.013990 0.231897 -0.011012 0.854685 0.251590 -0.204111 -0.116529 -0.738746 0.099531 0.406498 -0.336958 -0.007015 -0.937318 0.192572 -1.194342 0.375736 -0.200981 -1.108665 0.285774 -0.956109 -0.185094 2.006596 1.321579 -6.117558 2.364699 0.331649 -3.311140 2.006596 1.321579 2.711442 2.364699 0.331649 5.517860 0.000000 0.000000 -8.829000 0.000000 0.000000 -8.829000 0.000000 0.000000 0.000000 0.000000 0.000000 0.000000 0.000000 0.000000 0.000000 0.000000 0.000000 0.000000 0.000000 0.000000 0.000000 0.000000 0.000000 0.000000 0.000000 0.000000 0.000000 0.000000 0.000000 0.000000
17.302284 1.000000 0.510660 0.194756 -0.199969 -0.432415 0.099361 0.009503 -0.099924 0.508311 -0.190945 0.205901 -0.440169 -0.098402 0.010091 0.099984 0.433091 0.243099 0.204840 1.619109 0.024697 -0.188461 0.123113 -0.013573 0.229837 -0.016311 0.857066 0.250009 -0.205757 -0.116522 -0.742240 0.114641 0.407021 -0.340182 -0.009421 -0.938643 0.193748 -1.193911 0.373631 -0.206301 -1.106279 0.284191 -0.957751 -0.185094 2.004711 1.347101 -6.098838 2.369698 0.309327 -3.315701 2.004711 1.347101 2.730162 2.369698 0.309327 5.513299 0.000000 0.000000 -8.829000 0.000000 0.000000 -8.829000 0.000000 0.000000 0.000000 0.000000 0.000000 0.000000 0.000000 0.000000 0.000000 0.000000 0.000000 0.000000 0.000000 0.000000 0.000000 0.000000 0.000000 0.000000 0.000000 0.000000 0.000000 0.000000 0.000000 0.000000
17.336788 1.000000 0.510672 0.194756 -0.199945 -0.432415 0.099361 0.009503 -0.099924 0.508311 -0.190945 0.205913 -0.440181 -0.098402 0.010079 0.099984 0.429573 0.233627 0.188892 1.618607 0.022208 -0.188874 0.121898 -0.017755 0.231531 -0.011800 0.856240 0.248595 -0.207082 -0.116225 -0.745744 0.105212 0.391094 -0.340680 -0.011909 -0.939054 0.192537 -1.198093 0.375349 -0.201777 -1.107110 0.282779 -0.959078 -0.184795 2.015430 1.272832 -6.107684 2.385278 0.330300 -3.315004 2.015430 1.272832 2.721316 2.385278 0.330300 5.513996 0.000000 0.000000 -8.829000 0.000000 0.000000 -8.829000 0.000000 0.000000 0.000000 0.000000 0.000000 0.000000 0.000000 0.000000 0.000000 0.000000 0.000000 0.000000 0.000000 0.000000 0.000000 0.000000 0.000000 0.000000 0.000000 0.000000 0.000000 0.000000 0.000000 0.000000
17.370610 1.000000 0.510660 0.194780 -0.199957 -0.432415 0.099361 0.009503 -0.099900 0.508311 -0.190945 0.205913 -0.440169 -0.098390 0.010067 0.099996 0.431019 0.229979 0.202894 1.619418 0.020254 -0.188053 0.122186 -0.007947 0.230682 -0.013202 0.854608 0.247514 -0.213025 -0.117164 -0.744312 0.101568 0.405132 -0.339867 -0.013854 -0.938232 0.192833 -1.188282 0.374503 -0.203176 -1.108738 0.281704 -0.965023 -0.185729 2.023460 1.317606 -6.106800 2.323423 0.319755 -3.291017 2.023460 1.317606 2.722200 2.323423 0.319755 5.537983 0.000000 0.000000 -8.829000 0.000000 0.000000 -8.829000 0.000000 0.000000 0.000000 0.000000 0.000000 0.000000 0.000000 0.000000 0.000000 0.000000 0.000000 0.000000 0.000000 0.000000 0.000000 0.000000 0.000000 0.000000 0.000000 0.000000 0.000000 0.000000 0.000000 0.000000
17.408889 1.000000 0.510672 0.194744 -0.199945 -0.432415 0.099373 0.009480 -0.099912 0.508311 -0.190945 0.205901 -0.440181 -0.098390 0.010091 0.099984 0.419581 0.236579 0.200848 1.613377 0.030383 -0.191072 0.121392 -0.007312 0.229577 -0.014433 0.859909 0.246180 -0.209831 -0.115696 -0.755741 0.108154 0.403030 -0.345914 -0.003734 -0.941254 0.192033 -1.187653 0.373374 -0.204423 -1.103439 0.280362 -0.961827 -0.184265 2.056814 1.315746 -6.083642 2.338680 0.314041 -3.317788 2.056814 1.315746 2.745358 2.338680 0.314041 5.511212 0.000000 0.000000 -8.829000 0.000000 0.000000 -8.829000 0.000000 0.000000 0.000000 0.000000 0.000000 0.000000 0.000000 0.000000 0.000000 0.000000 0.000000 0.000000 0.000000 0.000000 0.000000 0.000000 0.000000 0.000000 0.000000 0.000000 0.000000 0.000000 0.000000 0.000000
17.440574 1.000000 0.510660 0.194744 -0.199957 -0.432415 0.099373 0.009492 -0.099924 0.508311 -0.190945 0.205901 -0.440181 -0.098402 0.010079 0.099972 0.425286 0.226744 0.191529 1.615736 0.027341 -0.189898 0.123016 -0.001334 0.226951 -0.015567 0.864091 0.245267 -0.206125 -0.114708 -0.750052 0.098295 0.393701 -0.343558 -0.006778 -0.940080 0.193655 -1.181676 0.370746 -0.205558 -1.099258 0.279447 -0.958120 -0.183281 2.035365 1.269892 -6.098083 2.322757 0.303613 -3.336728 2.035365 1.269892 2.730917 2.322757 0.303613 5.492272 0.000000 0.000000 -8.829000 0.000000 0.000000 -8.829000 0.000000 0.000000 0.000000 0.000000 0.000000 0.000000 0.000000 0.000000 0.000000 0.000000 0.000000 0.000000 0.000000 0.000000 0.000000 0.000000 0.000000 0.000000 0.000000 0.000000 0.000000 0.000000 0.000000 0.000000
17.471274 1.000000 0.510672 0.194756 -0.199957 -0.432415 0.099337 0.009492 -0.099912 0.508323 -0.190945 0.205901 -0.440169 -0.098438 0.010079 0.099984 0.432340 0.244580 0.197627 1.619916 0.034798 -0.188031 0.125045 -0.007730 0.227333 -0.015543 0.863721 0.244624 -0.204517 -0.115514 -0.742976 0.116147 0.399818 -0.339373 0.000683 -0.938217 0.195675 -1.188048 0.371126 -0.205530 -1.099622 0.278808 -0.956505 -0.184098 2.006214 1.325134 -6.106560 2.357213 0.306286 -3.342181 2.006214 1.325134 2.722440 2.357213 0.306286 5.486819 0.000000 0.000000 -8.829000 0.000000 0.000000 -8.829000 0.000000 0.000000 0.000000 0.000000 0.000000 0.000000 0.000000 0.000000 0.000000 0.000000 0.000000 0.000000 0.000000 0.000000 0.000000 0.000000 0.000000 0.000000 0.000000 0.000000 0.000000 0.000000 0.000000 0.000000
17.518289 1.000000 0.510660 0.194768 -0.199945 -0.432403 0.099361 0.009492 -0.099912 0.508311 -0.190945 0.205901 -0.440169 -0.098414 0.010079 0.099984 0.454237 0.247165 0.211008 1.622501 0.029240 -0.186616 0.129774 -0.003861 0.223838 -0.017080 0.867106 0.243717 -0.200340 -0.116974 -0.721097 0.118762 0.413235 -0.336783 -0.004875 -0.936795 0.200419 -1.184199 0.367634 -0.207070 -1.096239 0.277900 -0.952333 -0.185550 1.910553 1.388758 -6.097659 2.350874 0.292217 -3.359296 1.910553 1.388758 2.731341 2.350874 0.292217 5.469704 0.000000 0.000000 -8.829000 0.000000 0.000000 -8.829000 0.000000 0.000000 0.000000 0.000000 0.000000 0.000000 0.000000 0.000000 0.000000 0.000000 0.000000 0.000000 0.000000 0.000000 0.000000 0.000000 0.000000 0.000000 0.000000 0.000000 0.000000 0.000000 0.000000 0.000000
17.548767 1.000000 0.510684 0.194756 -0.199957 -0.432415 0.099361 0.009492 -0.099912 0.508311 -0.190945 0.205913 -0.440181 -0.098390 0.010079 0.099996 0.440519 0.227047 0.195112 1.618237 0.036034 -0.188559 0.127637 -0.008596 0.224160 -0.015147 0.864758 0.243366 -0.202490 -0.115010 -0.734775 0.098616 0.397300 -0.341049 0.001919 -0.938740 0.198274 -1.188933 0.367983 -0.205122 -1.098591 0.277554 -0.954488 -0.183576 1.968957 1.292509 -6.099138 2.364649 0.303089 -3.349831 1.968957 1.292509 2.729862 2.364649 0.303089 5.479169 0.000000 0.000000 -8.829000 0.000000 0.000000 -8.829000 0.000000 0.000000 0.000000 0.000000 0.000000 0.000000 0.000000 0.000000 0.000000 0.000000 0.000000 0.000000 0.000000 0.000000 0.000000 0.000000 0.000000 0.000000 0.000000 0.000000 0.000000 0.000000 0.000000 0.000000
17.589418 1.000000 0.510660 0.194756 -0.199945 -0.432415 0.099361 0.009480 -0.099924 0.508311 -0.190945 0.205913 -0.440169 -0.098426 0.010079 0.099984 0.434746 0.246425 0.201543 1.616312 0.044050 -0.191945 0.126662 -0.017073 0.232022 -0.009915 0.874242 0.242966 -0.202483 -0.115533 -0.740593 0.118004 0.403746 -0.342980 0.009929 -0.942127 0.197303 -1.197408 0.375838 -0.199892 -1.089104 0.277149 -0.954475 -0.184112 1.981648 1.343756 -6.081336 2.436367 0.338197 -3.399714 1.981648 1.343756 2.747664 2.436367 0.338197 5.429286 0.000000 0.000000 -8.829000 0.000000 0.000000 -8.829000 0.000000 0.000000 0.000000 0.000000 0.000000 0.000000 0.000000 0.000000 0.000000 0.000000 0.000000 0.000000 0.000000 0.000000 0.000000 0.000000 0.000000 0.000000 0.000000 0.000000 0.000000 0.000000 0.000000 0.000000
17.648498 1.000000 0.510660 0.194744 -0.199957 -0.432403 0.099337 0.009492 -0.099912 0.508323 -0.190945 0.205901 -0.440169 -0.098414 0.010079 0.099984 0.422678 0.220240 0.206754 1.616085 0.053402 -0.191170 0.126230 -0.011724 0.227979 -0.012570 0.873351 0.242371 -0.203034 -0.113360 -0.752657 0.091797 0.408929 -0.343206 0.019287 -0.941357 0.196857 -1.192042 0.371772 -0.202557 -1.089992 0.276555 -0.955026 -0.181936 2.065484 1.314902 -6.096913 2.404286 0.321251 -3.389609 2.065484 1.314902 2.732087 2.404286 0.321251 5.439391 0.000000 0.000000 -8.829000 0.000000 0.000000 -8.829000 0.000000 0.000000 0.000000 0.000000 0.000000 0.000000 0.000000 0.000000 0.000000 0.000000 0.000000 0.000000 0.000000 0.000000 0.000000 0.000000 0.000000 0.000000 0.000000 0.000000 0.000000 0.000000 0.000000 0.000000
17.688849 1.000000 0.510660 0.194756 -0.199957 -0.432415 0.099337 0.009503 -0.099912 0.508335 -0.190945 0.205913 -0.440169 -0.098438 0.010079 0.099996 0.459354 0.242469 0.212933 1.623450 0.045410 -0.192544 0.126224 -0.008355 0.242847 -0.009608 0.886211 0.242035 -0.200711 -0.114067 -0.715982 0.114035 0.415128 -0.335840 0.011297 -0.942729 0.196854 -1.188649 0.386661 -0.199577 -1.077129 0.276223 -0.952699 -0.182648 1.884224 1.387161 -6.090351 2.433289 0.354442 -3.451098 1.884224 1.387161 2.738649 2.433289 0.354442 5.377902 0.000000 0.000000 -8.829000 0.000000 0.000000 -8.829000 0.000000 0.000000 0.000000 0.000000 0.000000 0.000000 0.000000 0.000000 0.000000 0.000000 0.000000 0.000000 0.000000 0.000000 0.000000 0.000000 0.000000 0.000000 0.000000 0.000000 0.000000 0.000000 0.000000 0.000000
17.740363 1.000000 0.510648 0.194756 -0.199969 -0.432415 0.099361 0.009503 -0.099936 0.508311 -0.190945 0.205913 -0.440157 -0.098414 0.010091 0.099996 0.442547 0.255894 0.212850 1.618918 0.053172 -0.196377 0.124880 -0.023124 0.237067 -0.015279 0.858303 0.241892 -0.207898 -0.116788 -0.732804 0.127431 0.415032 -0.340375 0.019051 -0.946559 0.195516 -1.203455 0.380881 -0.205256 -1.105039 0.276078 -0.959890 -0.185361 1.945232 1.400767 -6.072942 2.424597 0.328758 -3.326663 1.945232 1.400767 2.756058 2.424597 0.328758 5.502337 0.000000 0.000000 -8.829000 0.000000 0.000000 -8.829000 0.000000 0.000000 0.000000 0.000000 0.000000 0.000000 0.000000 0.000000 0.000000 0.000000 0.000000 0.000000 0.000000 0.000000 0.000000 0.000000 0.000000 0.000000 0.000000 0.000000 0.000000 0.000000 0.000000 0.000000
17.782675 1.000000 0.510660 0.194744 -0.199945 -0.432415 0.099385 0.009503 -0.099912 0.508311 -0.190945 0.205901 -0.440169 -0.098402 0.010079 0.099984 0.447158 0.235271 0.197694 1.619219 0.044511 -0.197502 0.121469 -0.002749 0.233967 -0.015921 0.845302 0.241746 -0.208222 -0.115262 -0.728183 0.106848 0.399881 -0.340073 0.010398 -0.947680 0.192115 -1.183087 0.377763 -0.205911 -1.118043 0.275930 -0.960216 -0.183834 1.922353 1.312717 -6.081155 2.280774 0.313294 -3.256920 1.922353 1.312717 2.747845 2.280774 0.313294 5.572080 0.000000 0.000000 -8.829000 0.000000 0.000000 -8.829000 0.000000 0.000000 0.000000 0.000000 0.000000 0.000000 0.000000 0.000000 0.000000 0.000000 0.000000 0.000000 0.000000 0.000000 0.000000 0.000000 0.000000 0.000000 0.000000 0.000000 0.000000 0.000000 0.000000 0.000000
17.813094 1.000000 0.510696 0.194756 -0.199957 -0.432415 0.099373 0.009492 -0.099912 0.508311 -0.190945 0.205901 -0.440169 -0.098426 0.010079 0.099996 0.470770 0.228055 0.191520 1.625788 0.039617 -0.193437 0.119926 -0.019618 0.247080 -0.013856 0.846038 0.241605 -0.208913 -0.113797 -0.704504 0.099627 0.393705 -0.333495 0.005503 -0.943616 0.190566 -1.199956 0.390879 -0.203844 -1.117307 0.275793 -0.960903 -0.182378 1.823001 1.287750 -6.103969 2.376284 0.350070 -3.274533 1.823001 1.287750 2.725031 2.376284 0.350070 5.554467 0.000000 0.000000 -8.829000 0.000000 0.000000 -8.829000 0.000000 0.000000 0.000000 0.000000 0.000000 0.000000 0.000000 0.000000 0.000000 0.000000 0.000000 0.000000 0.000000 0.000000 0.000000 0.000000 0.000000 0.000000 0.000000 0.000000 0.000000 0.000000 0.000000 0.000000
17.843694 1.000000 0.510684 0.194756 -0.199945 -0.432403 0.099325 0.009492 -0.099912 0.508311 -0.190945 0.205901 -0.440169 -0.098390 0.010079 0.099984 0.448073 0.231520 0.202052 1.619249 0.035166 -0.194820 0.122095 -0.012439 0.240491 -0.016687 0.850169 0.241572 -0.208159 -0.113419 -0.727222 0.103111 0.404253 -0.340032 0.001051 -0.945005 0.192721 -1.192778 0.384287 -0.206676 -1.113177 0.275756 -0.960155 -0.181987 1.925898 1.323167 -6.083840 2.349060 0.326564 -3.285622 1.925898 1.323167 2.745160 2.349060 0.326564 5.543378 0.000000 0.000000 -8.829000 0.000000 0.000000 -8.829000 0.000000 0.000000 0.000000 0.000000 0.000000 0.000000 0.000000 0.000000 0.000000 0.000000 0.000000 0.000000 0.000000 0.000000 0.000000 0.000000 0.000000 0.000000 0.000000 0.000000 0.000000 0.000000 0.000000 0.000000
17.870678 1.000000 0.510672 0.194756 -0.199969 -0.432415 0.099361 0.009503 -0.099924 0.508311 -0.190945 0.205901 -0.440169 -0.098367 0.010091 0.099984 0.444302 0.242947 0.190729 1.618750 0.040644 -0.194113 0.118618 -0.006985 0.240433 -0.012126 0.855566 0.241249 -0.206353 -0.113259 -0.731009 0.114492 0.392907 -0.340538 0.006527 -0.944294 0.189253 -1.187323 0.384228 -0.202116 -1.107779 0.275431 -0.958352 -0.181818 1.929054 1.297760 -6.087283 2.334580 0.340649 -3.309702 1.929054 1.297760 2.741717 2.334580 0.340649 5.519298 0.000000 0.000000 -8.829000 0.000000 0.000000 -8.829000 0.000000 0.000000 0.000000 0.000000 0.000000 0.000000 0.000000 0.000000 0.000000 0.000000 0.000000 0.000000 0.000000 0.000000 0.000000 0.000000 0.000000 0.000000 0.000000 0.000000 0.000000 0.000000 0.000000 0.000000
17.898077 1.000000 0.510672 0.194768 -0.199957 -0.432415 0.099361 0.009492 -0.099900 0.508299 -0.190945 0.205901 -0.440169 -0.098462 0.010079 0.099984 0.442009 0.229663 0.197648 1.619440 0.036520 -0.193092 0.122626 -0.017700 0.250060 -0.014383 0.849425 0.241447 -0.211390 -0.115209 -0.733305 0.101243 0.399861 -0.339846 0.002410 -0.943272 0.193268 -1.198059 0.393858 -0.204376 -1.113923 0.275630 -0.963375 -0.183803 1.958176 1.302645 -6.094150 2.375450 0.351736 -3.283978 1.958176 1.302645 2.734850 2.375450 0.351736 5.545022 0.000000 0.000000 -8.829000 0.000000 0.000000 -8.829000 0.000000 0.000000 0.000000 0.000000 0.000000 0.000000 0.000000 0.000000 0.000000 0.000000 0.000000 0.000000 0.000000 0.000000 0.000000 0.000000 0.000000 0.000000 0.000000 0.000000 0.000000 0.000000 0.000000 0.000000
17.926341 1.000000 0.510660 0.194744 -0.199957 -0.432415 0.099325 0.009503 -0.099924 0.508299 -0.190945 0.205901 -0.440169 -0.098426 0.010091 0.099984 0.431658 0.239989 0.199508 1.616784 0.032908 -0.193478 0.122056 -0.008448 0.244832 -0.013165 0.858075 0.241241 -0.208019 -0.115359 -0.743678 0.111542 0.401681 -0.342509 -0.001210 -0.943666 0.192678 -1.188807 0.388628 -0.203159 -1.105273 0.275423 -0.960010 -0.183940 1.998160 1.321393 -6.085294 2.351286 0.343641 -3.319141 1.998160 1.321393 2.743706 2.351286 0.343641 5.509859 0.000000 0.000000 -8.829000 0.000000 0.000000 -8.829000 0.000000 0.000000 0.000000 0.000000 0.000000 0.000000 0.000000 0.000000 0.000000 0.000000 0.000000 0.000000 0.000000 0.000000 0.000000 0.000000 0.000000 0.000000 0.000000 0.000000 0.000000 0.000000 0.000000 0.000000
17.952513 1.000000 0.510660 0.194756 -0.199981 -0.432415 0.099337 0.009492 -0.099912 0.508311 -0.190945 0.205937 -0.440181 -0.098390 0.010079 0.099984 0.433806 0.240487 0.204283 1.616469 0.038283 -0.191275 0.123039 -0.010505 0.252214 -0.012204 0.858882 0.241209 -0.208084 -0.114112 -0.741524 0.112011 0.406454 -0.342825 0.004168 -0.941463 0.193666 -1.190837 0.396073 -0.202157 -1.104469 0.275393 -0.960083 -0.182674 1.992428 1.340979 -6.084428 2.368073 0.360861 -3.326368 1.992428 1.340979 2.744572 2.368073 0.360861 5.502632 0.000000 0.000000 -8.829000 0.000000 0.000000 -8.829000 0.000000 0.000000 0.000000 0.000000 0.000000 0.000000 0.000000 0.000000 0.000000 0.000000 0.000000 0.000000 0.000000 0.000000 0.000000 0.000000 0.000000 0.000000 0.000000 0.000000 0.000000 0.000000 0.000000 0.000000
17.981129 1.000000 0.510672 0.194756 -0.199969 -0.432403 0.099373 0.009492 -0.099924 0.508299 -0.190945 0.205961 -0.440241 -0.098402 0.010079 0.099996 0.438644 0.238812 0.202275 1.621296 0.034526 -0.189273 0.123447 -0.012059 0.258040 -0.012025 0.855917 0.241269 -0.211347 -0.113017 -0.736664 0.110358 0.404453 -0.337990 0.000407 -0.939452 0.194086 -1.192417 0.401959 -0.201951 -1.107454 0.275458 -0.963351 -0.181582 1.982627 1.333479 -6.106008 2.367578 0.372650 -3.311038 1.982627 1.333479 2.722992 2.367578 0.372650 5.517962 0.000000 0.000000 -8.829000 0.000000 0.000000 -8.829000 0.000000 0.000000 0.000000 0.000000 0.000000 0.000000 0.000000 0.000000 0.000000 0.000000 0.000000 0.000000 0.000000 0.000000 0.000000 0.000000 0.000000 0.000000 0.000000 0.000000 0.000000 0.000000 0.000000 0.000000
18.006321 1.000000 0.510660 0.194768 -0.199957 -0.432403 0.099325 0.009503 -0.099912 0.508299 -0.190945 0.205997 -0.440420 -0.098367 0.010067 0.099996 0.439229 0.241073 0.197600 1.619651 0.031508 -0.192910 0.123993 -0.022567 0.256891 -0.013113 0.844485 0.241377 -0.212690 -0.114827 -0.736101 0.112651 0.399816 -0.339634 -0.002605 -0.943094 0.194622 -1.202957 0.400914 -0.202988 -1.118938 0.275569 -0.964716 -0.183380 1.965907 1.320745 -6.093322 2.389325 0.369893 -3.265897 1.965907 1.320745 2.735678 2.389325 0.369893 5.563103 0.000000 0.000000 -8.829000 0.000000 0.000000 -8.829000 0.000000 0.000000 0.000000 0.000000 0.000000 0.000000 0.000000 0.000000 0.000000 0.000000 0.000000 0.000000 0.000000 0.000000 0.000000 0.000000 0.000000 0.000000 0.000000 0.000000 0.000000 0.000000 0.000000 0.000000
18.032683 1.000000 0.510672 0.194756 -0.199957 -0.432403 0.099325 0.009492 -0.099924 0.508287 -0.190945 0.205997 -0.440504 -0.098390 0.010067 0.100020 0.444194 0.242245 0.205473 1.621879 0.028856 -0.192785 0.126742 -0.013374 0.252673 -0.011752 0.844046 0.241184 -0.209881 -0.112923 -0.731118 0.113811 0.407663 -0.337406 -0.005263 -0.942971 0.197366 -1.193802 0.396725 -0.201620 -1.119401 0.275384 -0.961909 -0.181487 1.951714 1.354280 -6.095604 2.339844 0.365029 -3.262031 1.951714 1.354280 2.733396 2.339844 0.365029 5.566969 0.000000 0.000000 -8.829000 0.000000 0.000000 -8.829000 0.000000 0.000000 0.000000 0.000000 0.000000 0.000000 0.000000 0.000000 0.000000 0.000000 0.000000 0.000000 0.000000 0.000000 0.000000 0.000000 0.000000 0.000000 0.000000 0.000000 0.000000 0.000000 0.000000 0.000000
18.059134 1.000000 0.510660 0.194756 -0.199957 -0.432403 0.099373 0.009503 -0.099924 0.508287 -0.190945 0.206033 -0.440576 -0.098402 0.010067 0.100008 0.430634 0.238361 0.205576 1.619244 0.026372 -0.192849 0.126039 -0.017758 0.248363 -0.012157 0.837332 0.241110 -0.208158 -0.112450 -0.744697 0.109927 0.407770 -0.340042 -0.007745 -0.943027 0.196681 -1.198193 0.392488 -0.201986 -1.126137 0.275307 -0.960193 -0.181016 2.016745 1.342453 -6.094784 2.343448 0.358389 -3.237865 2.016745 1.342453 2.734216 2.343448 0.358389 5.591135 0.000000 0.000000 -8.829000 0.000000 0.000000 -8.829000 0.000000 0.000000 0.000000 0.000000 0.000000 0.000000 0.000000 0.000000 0.000000 0.000000 0.000000 0.000000 0.000000 0.000000 0.000000 0.000000 0.000000 0.000000 0.000000 0.000000 0.000000 0.000000 0.000000 0.000000
18.090622 1.000000 0.510660 0.194756 -0.199969 -0.432415 0.099349 0.009492 -0.099924 0.508299 -0.190945 0.206069 -0.440564 -0.098402 0.010067 0.100020 0.419904 0.227993 0.207894 1.614246 0.033659 -0.194473 0.125721 -0.017434 0.244255 -0.016064 0.828408 0.241203 -0.209445 -0.112578 -0.755428 0.099534 0.410074 -0.345046 -0.000461 -0.944658 0.196353 -1.197835 0.388439 -0.205853 -1.135058 0.275404 -0.961480 -0.181135 2.065156 1.329316 -6.081085 2.315570 0.337392 -3.195176 2.065156 1.329316 2.747915 2.315570 0.337392 5.633824 0.000000 0.000000 -8.829000 0.000000 0.000000 -8.829000 0.000000 0.000000 0.000000 0.000000 0.000000 0.000000 0.000000 0.000000 0.000000 0.000000 0.000000 0.000000 0.000000 0.000000 0.000000 0.000000 0.000000 0.000000 0.000000 0.000000 0.000000 0.000000 0.000000 0.000000
18.142123 1.000000 0.510660 0.194756 -0.199933 -0.432415 0.099349 0.009492 -0.099912 0.508311 -0.190933 0.206093 -0.440576 -0.098438 0.010067 0.099996 0.437614 0.230321 0.208258 1.619537 0.027754 -0.194770 0.124533 -0.019109 0.242460 -0.011897 0.801920 0.241130 -0.209787 -0.110615 -0.737729 0.101925 0.410476 -0.339752 -0.006361 -0.944952 0.195173 -1.199491 0.386687 -0.201643 -1.161552 0.275322 -0.961821 -0.179178 1.986128 1.340647 -6.089467 2.245704 0.350337 -3.085069 1.986128 1.340647 2.739533 2.245704 0.350337 5.743931 0.000000 0.000000 -8.829000 0.000000 0.000000 -8.829000 0.000000 0.000000 0.000000 0.000000 0.000000 0.000000 0.000000 0.000000 0.000000 0.000000 0.000000 0.000000 0.000000 0.000000 0.000000 0.000000 0.000000 0.000000 0.000000 0.000000 0.000000 0.000000 0.000000 0.000000
18.167624 1.000000 0.510672 0.194756 -0.199933 -0.432415 0.099337 0.009492 -0.099924 0.508323 -0.190921 0.206069 -0.440588 -0.098426 0.010067 0.100020 0.436110 0.219422 0.199362 1.619313 0.025544 -0.193921 0.122233 -0.016897 0.243147 -0.010253 0.803706 0.241116 -0.208564 -0.109765 -0.739211 0.091026 0.401575 -0.339973 -0.008575 -0.944104 0.192867 -1.197267 0.387350 -0.199994 -1.159766 0.275317 -0.960599 -0.178323 1.994435 1.289282 -6.097973 2.239731 0.356845 -3.094111 1.994435 1.289282 2.731027 2.239731 0.356845 5.734889 0.000000 0.000000 -8.829000 0.000000 0.000000 -8.829000 0.000000 0.000000 0.000000 0.000000 0.000000 0.000000 0.000000 0.000000 0.000000 0.000000 0.000000 0.000000 0.000000 0.000000 0.000000 0.000000 0.000000 0.000000 0.000000 0.000000 0.000000 0.000000 0.000000 0.000000
18.197283 1.000000 0.510672 0.194756 -0.199945 -0.432415 0.099337 0.009503 -0.099900 0.508311 -0.190945 0.206069 -0.440576 -0.098414 0.010055 0.100032 0.443391 0.228429 0.195380 1.622417 0.023335 -0.193414 0.122763 -0.020782 0.240971 -0.009337 0.802355 0.241116 -0.210498 -0.108698 -0.731928 0.100021 0.397586 -0.336871 -0.010774 -0.943598 0.193395 -1.201165 0.385160 -0.199119 -1.161112 0.275323 -0.962532 -0.177259 1.957320 1.292938 -6.105575 2.251363 0.359050 -3.087481 1.957320 1.292938 2.723425 2.251363 0.359050 5.741519 0.000000 0.000000 -8.829000 0.000000 0.000000 -8.829000 0.000000 0.000000 0.000000 0.000000 0.000000 0.000000 0.000000 0.000000 0.000000 0.000000 0.000000 0.000000 0.000000 0.000000 0.000000 0.000000 0.000000 0.000000 0.000000 0.000000 0.000000 0.000000 0.000000 0.000000
18.223140 1.000000 0.510672 0.194756 -0.199945 -0.432403 0.099301 0.009492 -0.099900 0.508323 -0.190945 0.206069 -0.440576 -0.098414 0.010079 0.100020 0.425019 0.219406 0.187329 1.615092 0.021234 -0.195898 0.123160 -0.020374 0.247572 -0.013286 0.802209 0.241148 -0.209634 -0.109797 -0.750298 0.090998 0.389535 -0.344192 -0.012877 -0.946088 0.193779 -1.200737 0.391751 -0.203068 -1.161254 0.275347 -0.961666 -0.178356 2.029076 1.242331 -6.088870 2.257498 0.354593 -3.088421 2.029076 1.242331 2.740130 2.257498 0.354593 5.740579 0.000000 0.000000 -8.829000 0.000000 0.000000 -8.829000 0.000000 0.000000 0.000000 0.000000 0.000000 0.000000 0.000000 0.000000 0.000000 0.000000 0.000000 0.000000 0.000000 0.000000 0.000000 0.000000 0.000000 0.000000 0.000000 0.000000 0.000000 0.000000 0.000000 0.000000
18.249383 1.000000 0.510660 0.194768 -0.199933 -0.432403 0.099349 0.009492 -0.099924 0.508323 -0.190921 0.206069 -0.440576 -0.098414 0.010067 0.100032 0.428830 0.220294 0.181266 1.619488 0.028355 -0.196959 0.119823 -0.022284 0.247404 -0.009026 0.799359 0.241128 -0.210501 -0.108323 -0.746506 0.091907 0.383503 -0.339795 -0.005764 -0.947138 0.190464 -1.202651 0.391608 -0.198766 -1.164109 0.275333 -0.962537 -0.176876 2.015133 1.221604 -6.106069 2.254840 0.371352 -3.077837 2.015133 1.221604 2.722931 2.254840 0.371352 5.751163 0.000000 0.000000 -8.829000 0.000000 0.000000 -8.829000 0.000000 0.000000 0.000000 0.000000 0.000000 0.000000 0.000000 0.000000 0.000000 0.000000 0.000000 0.000000 0.000000 0.000000 0.000000 0.000000 0.000000 0.000000 0.000000 0.000000 0.000000 0.000000 0.000000 0.000000
18.272628 1.000000 0.510660 0.194756 -0.199945 -0.432415 0.099361 0.009492 -0.099900 0.508311 -0.190945 0.206069 -0.440576 -0.098402 0.010079 0.100020 0.430608 0.212588 0.182028 1.617682 0.026042 -0.196414 0.122133 -0.006299 0.241991 -0.012048 0.804879 0.240964 -0.207532 -0.108795 -0.744732 0.084176 0.384237 -0.341609 -0.008069 -0.946596 0.192775 -1.186682 0.386173 -0.201834 -1.158586 0.275163 -0.959566 -0.177351 2.007588 1.213894 -6.099750 2.189748 0.344618 -3.093049 2.007588 1.213894 2.729250 2.189748 0.344618 5.735951 0.000000 0.000000 -8.829000 0.000000 0.000000 -8.829000 0.000000 0.000000 0.000000 0.000000 0.000000 0.000000 0.000000 0.000000 0.000000 0.000000 0.000000 0.000000 0.000000 0.000000 0.000000 0.000000 0.000000 0.000000 0.000000 0.000000 0.000000 0.000000 0.000000 0.000000
18.298634 1.000000 0.510660 0.194744 -0.199957 -0.432415 0.099361 0.009492 -0.099912 0.508299 -0.190945 0.206069 -0.440588 -0.098390 0.010067 0.100008 0.432714 0.207691 0.186528 1.611786 0.024075 -0.194411 0.122002 -0.021749 0.251640 -0.012527 0.796498 0.249498 -0.210541 -0.109151 -0.742625 0.079245 0.388702 -0.347508 -0.010040 -0.944595 0.192638 -1.202156 0.395826 -0.202317 -1.166975 0.283695 -0.962580 -0.177706 1.989167 1.222786 -6.076184 2.249288 0.364890 -3.064439 1.989167 1.222786 2.752816 2.249288 0.364890 5.764561 0.000000 0.000000 -8.829000 0.000000 0.000000 -8.829000 0.000000 0.000000 0.000000 0.000000 0.000000 0.000000 0.000000 0.000000 0.000000 0.000000 0.000000 0.000000 0.000000 0.000000 0.000000 0.000000 0.000000 0.000000 0.000000 0.000000 0.000000 0.000000 0.000000 0.000000
18.333402 1.000000 0.510660 0.194756 -0.199957 -0.432403 0.099337 0.009503 -0.099912 0.508323 -0.190945 0.206057 -0.440576 -0.098414 0.010091 0.100020 0.433906 0.217153 0.193216 1.613396 0.021647 -0.193059 0.121988 -0.015972 0.257262 -0.013204 0.800894 0.247919 -0.208293 -0.108647 -0.741426 0.088722 0.395412 -0.345891 -0.012467 -0.943243 0.192618 -1.196337 0.401420 -0.202999 -1.162567 0.282116 -0.960323 -0.177208 1.987483 1.262622 -6.078736 2.238517 0.369361 -3.084694 1.987483 1.262622 2.750264 2.238517 0.369361 5.744306 0.000000 0.000000 -8.829000 0.000000 0.000000 -8.829000 0.000000 0.000000 0.000000 0.000000 0.000000 0.000000 0.000000 0.000000 0.000000 0.000000 0.000000 0.000000 0.000000 0.000000 0.000000 0.000000 0.000000 0.000000 0.000000 0.000000 0.000000 0.000000 0.000000 0.000000
18.366690 1.000000 0.510660 0.194756 -0.199957 -0.432415 0.099361 0.009503 -0.099912 0.508323 -0.190945 0.206069 -0.440576 -0.098402 0.010079 0.100020 0.429597 0.217208 0.201490 1.613430 0.019576 -0.192396 0.123851 -0.019513 0.252167 -0.014549 0.800803 0.246820 -0.207690 -0.108702 -0.745738 0.088775 0.403685 -0.345861 -0.014537 -0.942578 0.194490 -1.199875 0.396347 -0.204331 -1.162660 0.281019 -0.959724 -0.177257 2.016709 1.291678 -6.079326 2.254971 0.357681 -3.085681 2.016709 1.291678 2.749674 2.254971 0.357681 5.743319 0.000000 0.000000 -8.829000 0.000000 0.000000 -8.829000 0.000000 0.000000 0.000000 0.000000 0.000000 0.000000 0.000000 0.000000 0.000000 0.000000 0.000000 0.000000 0.000000 0.000000 0.000000 0.000000 0.000000 0.000000 0.000000 0.000000 0.000000 0.000000 0.000000 0.000000
18.401762 1.000000 0.510672 0.194768 -0.199933 -0.432415 0.099337 0.009503 -0.099912 0.508347 -0.190945 0.206057 -0.440564 -0.098390 0.010067 0.100032 0.429145 0.218160 0.200099 1.611520 0.028848 -0.195609 0.120464 -0.022609 0.248385 -0.013257 0.798408 0.245940 -0.208605 -0.104662 -0.746173 0.089778 0.402334 -0.347762 -0.005265 -0.945790 0.191100 -1.202931 0.392542 -0.203042 -1.165046 0.280146 -0.960638 -0.173212 2.008050 1.285902 -6.067348 2.258810 0.360020 -3.075890 2.008050 1.285902 2.761652 2.258810 0.360020 5.753110 0.000000 0.000000 -8.829000 0.000000 0.000000 -8.829000 0.000000 0.000000 0.000000 0.000000 0.000000 0.000000 0.000000 0.000000 0.000000 0.000000 0.000000 0.000000 0.000000 0.000000 0.000000 0.000000 0.000000 0.000000 0.000000 0.000000 0.000000 0.000000 0.000000 0.000000
18.435996 1.000000 0.510684 0.194756 -0.199969 -0.432415 0.099361 0.009503 -0.099924 0.508635 -0.190993 0.205889 -0.440552 -0.098414 0.010103 0.100020 0.435034 0.235067 0.213691 1.617169 0.036776 -0.192112 0.118067 0.015000 0.241950 -0.014534 0.789836 0.245080 -0.209438 -0.105486 -0.740256 0.106614 0.415865 -0.342117 0.002659 -0.942293 0.188701 -1.164864 0.385717 -0.204492 -1.173522 0.279273 -0.961432 -0.174064 1.995902 1.362846 -6.083394 2.035276 0.327613 -3.012254 1.995902 1.362846 2.745606 2.035276 0.327613 5.816746 0.000000 0.000000 -8.829000 0.000000 0.000000 -8.829000 0.000000 0.000000 0.000000 0.000000 0.000000 0.000000 0.000000 0.000000 0.000000 0.000000 0.000000 0.000000 0.000000 0.000000 0.000000 0.000000 0.000000 0.000000 0.000000 0.000000 0.000000 0.000000 0.000000 0.000000
18.469147 1.000000 0.510672 0.194756 -0.199933 -0.432415 0.099337 0.009503 -0.099912 0.508814 -0.191029 0.205841 -0.440564 -0.098414 0.010103 0.100020 0.428371 0.246511 0.217389 1.614312 0.032322 -0.192653 0.119760 0.033954 0.238676 -0.026699 0.792707 0.244384 -0.210418 -0.110443 -0.746950 0.118119 0.419605 -0.344974 -0.001791 -0.942836 0.190393 -1.145612 0.382299 -0.216714 -1.170601 0.278576 -0.962395 -0.179026 2.017111 1.393143 -6.069419 1.951285 0.267479 -3.004803 2.017111 1.393143 2.759581 1.951285 0.267479 5.824197 0.000000 0.000000 -8.829000 0.000000 0.000000 -8.829000 0.000000 0.000000 0.000000 0.000000 0.000000 0.000000 0.000000 0.000000 0.000000 0.000000 0.000000 0.000000 0.000000 0.000000 0.000000 0.000000 0.000000 0.000000 0.000000 0.000000 0.000000 0.000000 0.000000 0.000000
18.501749 1.000000 0.510660 0.194744 -0.199945 -0.432415 0.099349 0.009492 -0.099900 0.508982 -0.191088 0.205793 -0.440552 -0.098450 0.010103 0.100020 0.434658 0.228787 0.211689 1.619059 0.028813 -0.190691 0.119308 0.046558 0.236953 -0.032481 0.779662 0.243869 -0.211440 -0.108985 -0.740685 0.100365 0.413878 -0.340235 -0.005298 -0.940877 0.189942 -1.132720 0.380410 -0.222598 -1.183586 0.278059 -0.963390 -0.177592 2.007413 1.346286 -6.096024 1.850965 0.238868 -2.937586 2.007413 1.346286 2.732976 1.850965 0.238868 5.891414 0.000000 0.000000 -8.829000 0.000000 0.000000 -8.829000 0.000000 0.000000 0.000000 0.000000 0.000000 0.000000 0.000000 0.000000 0.000000 0.000000 0.000000 0.000000 0.000000 0.000000 0.000000 0.000000 0.000000 0.000000 0.000000 0.000000 0.000000 0.000000 0.000000 0.000000
18.566025 1.000000 0.510660 0.194756 -0.199957 -0.432415 0.099325 0.009503 -0.099924 0.509449 -0.191160 0.205709 -0.440552 -0.098414 0.010115 0.100008 0.423680 0.233197 0.194837 1.615528 0.043397 -0.191170 0.120578 0.060733 0.236478 -0.025206 0.783120 0.263901 -0.211022 -0.108223 -0.751655 0.104759 0.397029 -0.343762 0.009279 -0.941356 0.191203 -1.117758 0.379634 -0.215401 -1.179997 0.298084 -0.962937 -0.176814 2.040124 1.290193 -6.094313 1.779257 0.258588 -2.945683 2.040124 1.290193 2.734687 1.779257 0.258588 5.883317 0.000000 0.000000 -8.829000 0.000000 0.000000 -8.829000 0.000000 0.000000 0.000000 0.000000 0.000000 0.000000 0.000000 0.000000 0.000000 0.000000 0.000000 0.000000 0.000000 0.000000 0.000000 0.000000 0.000000 0.000000 0.000000 0.000000 0.000000 0.000000 0.000000 0.000000
18.629483 1.000000 0.510648 0.194756 -0.199993 -0.432403 0.099361 0.009503 -0.099924 0.509533 -0.191184 0.205745 -0.440564 -0.098390 0.010115 0.100020 0.436114 0.217272 0.207869 1.620560 0.033105 -0.188201 0.122816 0.070339 0.232696 -0.044968 0.780206 0.257263 -0.217001 -0.108569 -0.739228 0.088775 0.410030 -0.338733 -0.001012 -0.938384 0.193448 -1.107995 0.375882 -0.235140 -1.182891 0.291450 -0.968915 -0.177145 2.012901 1.316949 -6.110790 1.726451 0.177860 -2.908997 2.012901 1.316949 2.718210 1.726451 0.177860 5.920003 0.000000 0.000000 -8.829000 0.000000 0.000000 -8.829000 0.000000 0.000000 0.000000 0.000000 0.000000 0.000000 0.000000 0.000000 0.000000 0.000000 0.000000 0.000000 0.000000 0.000000 0.000000 0.000000 0.000000 0.000000 0.000000 0.000000 0.000000 0.000000 0.000000 0.000000
18.671757 1.000000 0.510660 0.194756 -0.199969 -0.432403 0.099337 0.009515 -0.099924 0.509533 -0.191172 0.205757 -0.440540 -0.098414 0.010115 0.099984 0.428181 0.236891 0.209498 1.616033 0.028276 -0.192804 0.122620 0.080910 0.250074 -0.038941 0.785490 0.254067 -0.214234 -0.109394 -0.747147 0.108438 0.411680 -0.343254 -0.005840 -0.942987 0.193247 -1.097421 0.393273 -0.229089 -1.177606 0.288241 -0.966147 -0.177973 2.023755 1.350874 -6.082262 1.697349 0.222555 -2.936661 2.023755 1.350874 2.746738 1.697349 0.222555 5.892339 0.000000 0.000000 -8.829000 0.000000 0.000000 -8.829000 0.000000 0.000000 0.000000 0.000000 0.000000 0.000000 0.000000 0.000000 0.000000 0.000000 0.000000 0.000000 0.000000 0.000000 0.000000 0.000000 0.000000 0.000000 0.000000 0.000000 0.000000 0.000000 0.000000 0.000000
18.740942 1.000000 0.510660 0.194744 -0.199993 -0.432415 0.099361 0.009503 -0.099912 0.509509 -0.191172 0.205769 -0.440552 -0.098414 0.010103 0.100020 0.439723 0.212734 0.211806 1.621772 0.021824 -0.189088 0.122652 0.094143 0.263776 -0.051531 0.789950 0.249854 -0.212170 -0.112288 -0.735605 0.084230 0.413946 -0.337524 -0.012290 -0.939274 0.193280 -1.084226 0.407015 -0.241666 -1.173155 0.284043 -0.964085 -0.180867 2.001516 1.324532 -6.110887 1.663193 0.192168 -2.949499 2.001516 1.324532 2.718113 1.663193 0.192168 5.879501 0.000000 0.000000 -8.829000 0.000000 0.000000 -8.829000 0.000000 0.000000 0.000000 0.000000 0.000000 0.000000 0.000000 0.000000 0.000000 0.000000 0.000000 0.000000 0.000000 0.000000 0.000000 0.000000 0.000000 0.000000 0.000000 0.000000 0.000000 0.000000 0.000000 0.000000
18.804574 1.000000 0.510672 0.194756 -0.199981 -0.432427 0.099313 0.009492 -0.099900 0.509509 -0.191172 0.205781 -0.440564 -0.098390 0.010115 0.100020 0.428251 0.195271 0.214162 1.615976 0.017657 -0.190950 0.119203 0.098716 0.276006 -0.037502 0.765762 0.247370 -0.209081 -0.104103 -0.747062 0.066797 0.416330 -0.343318 -0.016454 -0.941142 0.189821 -1.079652 0.419266 -0.227625 -1.197346 0.281558 -0.961000 -0.172671 2.054509 1.297673 -6.095441 1.572680 0.264257 -2.859261 2.054509 1.297673 2.733559 1.572680 0.264257 5.969739 0.000000 0.000000 -8.829000 0.000000 0.000000 -8.829000 0.000000 0.000000 0.000000 0.000000 0.000000 0.000000 0.000000 0.000000 0.000000 0.000000 0.000000 0.000000 0.000000 0.000000 0.000000 0.000000 0.000000 0.000000 0.000000 0.000000 0.000000 0.000000 0.000000 0.000000
18.883328 1.000000 0.510660 0.194756 -0.199981 -0.432415 0.099361 0.009480 -0.099924 0.509246 -0.191065 0.206033 -0.440576 -0.098438 0.010115 0.100020 0.390724 0.237262 0.185119 1.614697 0.014297 -0.191191 0.118817 0.105823 0.255263 -0.033099 0.782656 0.244743 -0.201203 -0.106431 -0.784606 0.108781 0.387286 -0.344597 -0.019824 -0.941376 0.189452 -1.072950 0.399087 -0.222864 -1.180561 0.278934 -0.953163 -0.174962 2.196159 1.247411 -6.114252 1.576607 0.242843 -2.934512 2.196159 1.247411 2.714748 1.576607 0.242843 5.894488 0.000000 0.000000 -8.829000 0.000000 0.000000 -8.829000 0.000000 0.000000 0.000000 0.000000 0.000000 0.000000 0.000000 0.000000 0.000000 0.000000 0.000000 0.000000 0.000000 0.000000 0.000000 0.000000 0.000000 0.000000 0.000000 0.000000 0.000000 0.000000 0.000000 0.000000
18.944934 1.000000 0.510672 0.194756 -0.199981 -0.432415 0.099361 0.009480 -0.099924 0.509246 -0.191029 0.205865 -0.440564 -0.098390 0.010127 0.100020 0.411031 0.219789 0.200482 1.619004 0.012617 -0.184677 0.121463 0.120513 0.265087 -0.032765 0.792745 0.243622 -0.200314 -0.112091 -0.764277 0.091311 0.402646 -0.340287 -0.021504 -0.934861 0.192096 -1.058311 0.408657 -0.222638 -1.170463 0.277811 -0.952272 -0.180623 2.133800 1.284161 -6.128303 1.537147 0.249984 -2.971647 2.133800 1.284161 2.700697 1.537147 0.249984 5.857353 0.000000 0.000000 -8.829000 0.000000 0.000000 -8.829000 0.000000 0.000000 0.000000 0.000000 0.000000 0.000000 0.000000 0.000000 0.000000 0.000000 0.000000 0.000000 0.000000 0.000000 0.000000 0.000000 0.000000 0.000000 0.000000 0.000000 0.000000 0.000000 0.000000 0.000000
19.015895 1.000000 0.510732 0.194780 -0.199945 -0.432415 0.099361 0.009503 -0.099912 0.509018 -0.190825 0.205865 -0.440576 -0.098379 0.010115 0.099996 0.421872 0.228504 0.188135 1.622102 0.011280 -0.184114 0.123253 0.054152 0.282483 -0.042598 0.783419 0.242971 -0.212414 -0.113854 -0.753338 0.100125 0.390363 -0.337164 -0.022832 -0.934287 0.193895 -1.125107 0.426265 -0.232198 -1.179895 0.277156 -0.964419 -0.182343 2.072623 1.260202 -6.136977 1.860142 0.270826 -2.955775 2.072623 1.260202 2.692023 1.860142 0.270826 5.873225 0.000000 0.000000 -8.829000 0.000000 0.000000 -8.829000 0.000000 0.000000 0.000000 0.000000 0.000000 0.000000 0.000000 0.000000 0.000000 0.000000 0.000000 0.000000 0.000000 0.000000 0.000000 0.000000 0.000000 0.000000 0.000000 0.000000 0.000000 0.000000 0.000000 0.000000
19.065631 1.000000 0.510708 0.194756 -0.199969 -0.432415 0.099361 0.009503 -0.099912 0.508814 -0.190765 0.205673 -0.440576 -0.098295 0.010115 0.099972 0.414242 0.245965 0.195558 1.617026 0.010560 -0.186976 0.126617 0.046663 0.280085 -0.071972 0.790521 0.242356 -0.206453 -0.116352 -0.761008 0.117520 0.397728 -0.342254 -0.023553 -0.937156 0.197250 -1.133010 0.423633 -0.261722 -1.172841 0.276533 -0.958477 -0.184847 2.089216 1.313527 -6.107182 1.946975 0.162317 -2.988068 2.089216 1.313527 2.721818 1.946975 0.162317 5.840932 0.000000 0.000000 -8.829000 0.000000 0.000000 -8.829000 0.000000 0.000000 0.000000 0.000000 0.000000 0.000000 0.000000 0.000000 0.000000 0.000000 0.000000 0.000000 0.000000 0.000000 0.000000 0.000000 0.000000 0.000000 0.000000 0.000000 0.000000 0.000000 0.000000 0.000000
19.135139 1.000000 0.510744 0.194780 -0.199933 -0.432427 0.099373 0.009503 -0.099900 0.508814 -0.188476 0.201563 -0.440552 -0.097420 0.010258 0.098654 0.422164 0.219826 0.178512 1.619203 0.032441 -0.182168 0.129437 0.076442 0.321336 -0.203515 0.797694 0.286585 -0.195276 -0.144041 -0.753032 0.091470 0.380750 -0.340063 -0.001667 -0.932339 0.200086 -1.104913 0.459499 -0.393767 -1.165930 0.320285 -0.947517 -0.212354 2.066915 1.216664 -6.135373 1.950213 -0.284462 -2.971568 2.066915 1.216664 2.693627 1.950213 -0.284462 5.857432 0.000000 0.000000 -8.829000 0.000000 0.000000 -8.829000 0.000000 0.000000 0.000000 0.000000 0.000000 0.000000 0.000000 0.000000 0.000000 0.000000 0.000000 0.000000 0.000000 0.000000 0.000000 0.000000 0.000000 0.000000 0.000000 0.000000 0.000000 0.000000 0.000000 0.000000
19.179227 1.000000 0.510732 0.194768 -0.199993 -0.432427 0.099361 0.009492 -0.099912 0.508790 -0.188560 0.201095 -0.440552 -0.097480 0.010270 0.098678 0.431417 0.205927 0.188307 1.619700 0.027388 -0.183118 0.129318 0.091495 0.353275 -0.198176 0.797652 0.290987 -0.196099 -0.150466 -0.743786 0.077453 0.390465 -0.339577 -0.006727 -0.933298 0.199949 -1.090006 0.490600 -0.389035 -1.165920 0.324689 -0.948285 -0.218910 2.035067 1.231875 -6.129419 1.888580 -0.225397 -2.970373 2.035067 1.231875 2.699581 1.888580 -0.225397 5.858627 0.000000 0.000000 -8.829000 0.000000 0.000000 -8.829000 0.000000 0.000000 0.000000 0.000000 0.000000 0.000000 0.000000 0.000000 0.000000 0.000000 0.000000 0.000000 0.000000 0.000000 0.000000 0.000000 0.000000 0.000000 0.000000 0.000000 0.000000 0.000000 0.000000 0.000000
19.230070 1.000000 0.510732 0.194756 -0.199981 -0.432427 0.099373 0.009503 -0.099924 0.508814 -0.188560 0.201095 -0.440564 -0.097468 0.010270 0.098642 0.460614 0.202618 0.198995 1.626460 0.023124 -0.181206 0.127959 0.096254 0.371022 -0.238920 0.798627 0.295381 -0.195111 -0.160932 -0.714593 0.074152 0.401144 -0.332817 -0.010993 -0.931384 0.198591 -1.085211 0.508335 -0.429778 -1.164945 0.329070 -0.947300 -0.229372 1.914530 1.275285 -6.137561 1.911194 -0.351635 -2.961409 1.914530 1.275285 2.691439 1.911194 -0.351635 5.867591 0.000000 0.000000 -8.829000 0.000000 0.000000 -8.829000 0.000000 0.000000 0.000000 0.000000 0.000000 0.000000 0.000000 0.000000 0.000000 0.000000 0.000000 0.000000 0.000000 0.000000 0.000000 0.000000 0.000000 0.000000 0.000000 0.000000 0.000000 0.000000 0.000000 0.000000
19.268435 1.000000 0.510756 0.194756 -0.199945 -0.432427 0.099349 0.009503 -0.099900 0.508850 -0.188560 0.201467 -0.440552 -0.097528 0.010354 0.098726 0.450519 0.223819 0.199447 1.625062 0.020674 -0.182519 0.128422 0.078805 0.380449 -0.265998 0.781737 0.297858 -0.193963 -0.169950 -0.724658 0.095425 0.401630 -0.334208 -0.013435 -0.932698 0.199051 -1.102486 0.518383 -0.456471 -1.181842 0.331565 -0.946157 -0.238334 1.947492 1.307720 -6.129495 1.984594 -0.431594 -2.895192 1.947492 1.307720 2.699505 1.984594 -0.431594 5.933808 0.000000 0.000000 -8.829000 0.000000 0.000000 -8.829000 0.000000 0.000000 0.000000 0.000000 0.000000 0.000000 0.000000 0.000000 0.000000 0.000000 0.000000 0.000000 0.000000 0.000000 0.000000 0.000000 0.000000 0.000000 0.000000 0.000000 0.000000 0.000000 0.000000 0.000000
19.309159 1.000000 0.510732 0.194756 -0.199933 -0.432427 0.099361 0.009503 -0.099900 0.508850 -0.188548 0.201287 -0.440552 -0.097516 0.010402 0.098738 0.430535 0.221296 0.202394 1.614122 0.018064 -0.187984 0.130292 0.085870 0.392625 -0.278254 0.769056 0.300037 -0.190275 -0.175031 -0.744687 0.092918 0.404595 -0.345152 -0.016044 -0.938161 0.200930 -1.095469 0.530265 -0.468885 -1.194508 0.333740 -0.942456 -0.243437 2.017989 1.306755 -6.086874 1.934981 -0.463290 -2.841479 2.017989 1.306755 2.742126 1.934981 -0.463290 5.987521 0.000000 0.000000 -8.829000 0.000000 0.000000 -8.829000 0.000000 0.000000 0.000000 0.000000 0.000000 0.000000 0.000000 0.000000 0.000000 0.000000 0.000000 0.000000 0.000000 0.000000 0.000000 0.000000 0.000000 0.000000 0.000000 0.000000 0.000000 0.000000 0.000000 0.000000
19.357436 1.000000 0.510744 0.194756 -0.199945 -0.432451 0.099397 0.009503 -0.099912 0.508814 -0.188128 0.201095 -0.440552 -0.096880 0.010534 0.098570 0.433716 0.222997 0.190997 1.616225 0.000391 -0.190460 0.125854 0.099537 0.422318 -0.290771 0.781430 0.317513 -0.189222 -0.185180 -0.741487 0.094592 0.393179 -0.343054 -0.033721 -0.940633 0.196502 -1.082008 0.559928 -0.480937 -1.182225 0.351150 -0.941546 -0.253277 1.993113 1.266613 -6.092441 1.929633 -0.472163 -2.888311 1.993113 1.266613 2.736559 1.929633 -0.472163 5.940689 0.000000 0.000000 -8.829000 0.000000 0.000000 -8.829000 0.000000 0.000000 0.000000 0.000000 0.000000 0.000000 0.000000 0.000000 0.000000 0.000000 0.000000 0.000000 0.000000 0.000000 0.000000 0.000000 0.000000 0.000000 0.000000 0.000000 0.000000 0.000000 0.000000 0.000000
19.405423 1.000000 0.510756 0.194744 -0.199957 -0.432427 0.099361 0.009503 -0.099912 0.508838 -0.187829 0.199945 -0.440552 -0.096197 0.010702 0.098271 0.456285 0.245131 0.201258 1.620865 0.017687 -0.188097 0.126057 0.095476 0.413970 -0.343334 0.784620 0.346023 -0.187355 -0.197855 -0.718890 0.116703 0.403406 -0.338408 -0.016426 -0.938276 0.196685 -1.086408 0.549796 -0.534193 -1.179014 0.379534 -0.939743 -0.265835 1.886089 1.348650 -6.090899 1.993829 -0.684215 -2.881530 1.886089 1.348650 2.738101 1.993829 -0.684215 5.947470 0.000000 0.000000 -8.829000 0.000000 0.000000 -8.829000 0.000000 0.000000 0.000000 0.000000 0.000000 0.000000 0.000000 0.000000 0.000000 0.000000 0.000000 0.000000 0.000000 0.000000 0.000000 0.000000 0.000000 0.000000 0.000000 0.000000 0.000000 0.000000 0.000000 0.000000
19.437912 1.000000 0.510744 0.194768 -0.199969 -0.432427 0.099361 0.009503 -0.099912 0.508814 -0.187745 0.200053 -0.440552 -0.096197 0.010702 0.098223 0.448035 0.240495 0.200595 1.621640 0.026632 -0.189877 0.125002 0.092464 0.437758 -0.336577 0.769524 0.361285 -0.189499 -0.202345 -0.727153 0.112066 0.402774 -0.337631 -0.007481 -0.940054 0.195635 -1.089454 0.573823 -0.527204 -1.194144 0.394781 -0.941909 -0.270285 1.931540 1.334816 -6.099388 1.975852 -0.622715 -2.824083 1.931540 1.334816 2.729612 1.975852 -0.622715 6.004917 0.000000 0.000000 -8.829000 0.000000 0.000000 -8.829000 0.000000 0.000000 0.000000 0.000000 0.000000 0.000000 0.000000 0.000000 0.000000 0.000000 0.000000 0.000000 0.000000 0.000000 0.000000 0.000000 0.000000 0.000000 0.000000 0.000000 0.000000 0.000000 0.000000 0.000000
19.473122 1.000000 0.510744 0.194756 -0.199993 -0.432427 0.099373 0.009492 -0.099912 0.508802 -0.187745 0.200364 -0.440564 -0.096233 0.010702 0.098211 0.442226 0.242094 0.203891 1.617579 0.034851 -0.193498 0.124535 0.110254 0.430171 -0.338247 0.783006 0.363482 -0.184567 -0.206881 -0.732958 0.113613 0.406026 -0.341698 0.000736 -0.943678 0.195165 -1.071606 0.566757 -0.528570 -1.180693 0.396976 -0.936995 -0.274779 1.947586 1.346067 -6.078930 1.924912 -0.650048 -2.874630 1.947586 1.346067 2.750070 1.924912 -0.650048 5.954370 0.000000 0.000000 -8.829000 0.000000 0.000000 -8.829000 0.000000 0.000000 0.000000 0.000000 0.000000 0.000000 0.000000 0.000000 0.000000 0.000000 0.000000 0.000000 0.000000 0.000000 0.000000 0.000000 0.000000 0.000000 0.000000 0.000000 0.000000 0.000000 0.000000 0.000000
19.511115 1.000000 0.510756 0.194768 -0.199981 -0.432427 0.099373 0.009503 -0.099924 0.508790 -0.187925 0.200652 -0.440540 -0.096904 0.010702 0.098319 0.448171 0.233066 0.212555 1.623212 0.030322 -0.189904 0.128053 0.097765 0.424714 -0.348840 0.778995 0.353783 -0.186291 -0.207776 -0.726992 0.104615 0.414717 -0.336057 -0.003795 -0.940079 0.198687 -1.083988 0.561652 -0.539170 -1.184674 0.387305 -0.938606 -0.275909 1.949213 1.367291 -6.103496 1.981773 -0.691376 -2.858098 1.949213 1.367291 2.725504 1.981773 -0.691376 5.970902 0.000000 0.000000 -8.829000 0.000000 0.000000 -8.829000 0.000000 0.000000 0.000000 0.000000 0.000000 0.000000 0.000000 0.000000 0.000000 0.000000 0.000000 0.000000 0.000000 0.000000 0.000000 0.000000 0.000000 0.000000 0.000000 0.000000 0.000000 0.000000 0.000000 0.000000
19.541113 1.000000 0.510756 0.194768 -0.199993 -0.432451 0.099385 0.009492 -0.099912 0.508790 -0.188044 0.200640 -0.440576 -0.097144 0.010690 0.098379 0.437215 0.221979 0.212129 1.615744 0.027170 -0.192703 0.127386 0.117468 0.425053 -0.352117 0.788057 0.356935 -0.182971 -0.210776 -0.737953 0.093504 0.414279 -0.343534 -0.006944 -0.942880 0.198024 -1.064267 0.561899 -0.542645 -1.175590 0.390475 -0.935234 -0.279031 1.988403 1.342548 -6.077983 1.911787 -0.712485 -2.887408 1.988403 1.342548 2.751017 1.911787 -0.712485 5.941592 0.000000 0.000000 -8.829000 0.000000 0.000000 -8.829000 0.000000 0.000000 0.000000 0.000000 0.000000 0.000000 0.000000 0.000000 0.000000 0.000000 0.000000 0.000000 0.000000 0.000000 0.000000 0.000000 0.000000 0.000000 0.000000 0.000000 0.000000 0.000000 0.000000 0.000000
19.571136 1.000000 0.510756 0.194756 -0.199933 -0.432451 0.099385 0.009503 -0.099924 0.508862 -0.188871 0.200652 -0.440564 -0.097803 0.010690 0.098582 0.430945 0.220795 0.208775 1.616799 0.034165 -0.189918 0.125668 0.111817 0.407699 -0.350282 0.789099 0.350275 -0.182884 -0.209233 -0.744240 0.092409 0.410963 -0.342476 0.000048 -0.940091 0.196312 -1.069605 0.543924 -0.542127 -1.174325 0.383866 -0.934914 -0.277949 2.025580 1.325868 -6.093931 1.930529 -0.731358 -2.891762 2.025580 1.325868 2.735069 1.930529 -0.731358 5.937238 0.000000 0.000000 -8.829000 0.000000 0.000000 -8.829000 0.000000 0.000000 0.000000 0.000000 0.000000 0.000000 0.000000 0.000000 0.000000 0.000000 0.000000 0.000000 0.000000 0.000000 0.000000 0.000000 0.000000 0.000000 0.000000 0.000000 0.000000 0.000000 0.000000 0.000000
19.608250 1.000000 0.510744 0.194756 -0.200005 -0.432451 0.099409 0.009503 -0.099924 0.509138 -0.188955 0.201671 -0.440540 -0.098175 0.010690 0.099086 0.441722 0.213510 0.201045 1.622476 0.041647 -0.187219 0.125891 0.096939 0.407289 -0.324639 0.791282 0.331174 -0.182934 -0.195021 -0.733463 0.085002 0.403165 -0.336808 0.007530 -0.937394 0.196532 -1.083677 0.545225 -0.515456 -1.172110 0.364945 -0.934933 -0.263663 1.988676 1.290967 -6.121063 1.993948 -0.621510 -2.924168 1.988676 1.290967 2.707937 1.993948 -0.621510 5.904832 0.000000 0.000000 -8.829000 0.000000 0.000000 -8.829000 0.000000 0.000000 0.000000 0.000000 0.000000 0.000000 0.000000 0.000000 0.000000 0.000000 0.000000 0.000000 0.000000 0.000000 0.000000 0.000000 0.000000 0.000000 0.000000 0.000000 0.000000 0.000000 0.000000 0.000000
19.641447 1.000000 0.510744 0.194768 -0.199981 -0.432451 0.099361 0.009503 -0.099924 0.509126 -0.188943 0.201766 -0.440540 -0.098343 0.010690 0.099313 0.436909 0.205611 0.203193 1.608232 0.047075 -0.190957 0.125350 0.082472 0.397667 -0.327913 0.786616 0.317215 -0.182470 -0.192621 -0.738281 0.077152 0.405357 -0.351047 0.012958 -0.941136 0.195981 -1.098123 0.535840 -0.518578 -1.176780 0.351065 -0.934445 -0.261293 1.976679 1.283400 -6.059536 2.053231 -0.641295 -2.911917 1.976679 1.283400 2.769464 2.053231 -0.641295 5.917083 0.000000 0.000000 -8.829000 0.000000 0.000000 -8.829000 0.000000 0.000000 0.000000 0.000000 0.000000 0.000000 0.000000 0.000000 0.000000 0.000000 0.000000 0.000000 0.000000 0.000000 0.000000 0.000000 0.000000 0.000000 0.000000 0.000000 0.000000 0.000000 0.000000 0.000000
19.675193 1.000000 0.510732 0.194756 -0.199993 -0.432427 0.099361 0.009515 -0.099936 0.509102 -0.189003 0.201814 -0.440552 -0.098343 0.010702 0.099433 0.438908 0.224683 0.204541 1.613286 0.041195 -0.186781 0.121872 0.085855 0.394581 -0.320123 0.773904 0.305124 -0.183821 -0.183560 -0.736294 0.096196 0.406676 -0.345991 0.007076 -0.936960 0.192497 -1.094748 0.532827 -0.510824 -1.189484 0.339014 -0.935788 -0.252239 1.972820 1.318032 -6.080193 1.990019 -0.614098 -2.857490 1.972820 1.318032 2.748807 1.990019 -0.614098 5.971510 0.000000 0.000000 -8.829000 0.000000 0.000000 -8.829000 0.000000 0.000000 0.000000 0.000000 0.000000 0.000000 0.000000 0.000000 0.000000 0.000000 0.000000 0.000000 0.000000 0.000000 0.000000 0.000000 0.000000 0.000000 0.000000 0.000000 0.000000 0.000000 0.000000 0.000000
19.702612 1.000000 0.510744 0.194744 -0.199945 -0.432427 0.099373 0.009503 -0.099924 0.509126 -0.189039 0.202294 -0.440564 -0.098355 0.010690 0.099709 0.442524 0.213422 0.207268 1.613825 0.045672 -0.187106 0.121177 0.094010 0.399916 -0.303292 0.781007 0.296864 -0.182012 -0.174669 -0.732674 0.085009 0.409430 -0.345449 0.011555 -0.937283 0.191812 -1.086396 0.539012 -0.493520 -1.182397 0.330857 -0.933995 -0.243262 1.964603 1.310665 -6.082159 1.960321 -0.541105 -2.894903 1.964603 1.310665 2.746841 1.960321 -0.541105 5.934097 0.000000 0.000000 -8.829000 0.000000 0.000000 -8.829000 0.000000 0.000000 0.000000 0.000000 0.000000 0.000000 0.000000 0.000000 0.000000 0.000000 0.000000 0.000000 0.000000 0.000000 0.000000 0.000000 0.000000 0.000000 0.000000 0.000000 0.000000 0.000000 0.000000 0.000000
19.728714 1.000000 0.510732 0.194756 -0.199945 -0.432427 0.099373 0.009515 -0.099912 0.509114 -0.189087 0.202653 -0.440540 -0.098462 0.010690 0.099757 0.436541 0.218035 0.210257 1.614749 0.041224 -0.186868 0.123430 0.102233 0.386648 -0.298047 0.786271 0.289650 -0.180484 -0.168474 -0.738676 0.089635 0.412445 -0.344525 0.007114 -0.937043 0.194069 -1.078078 0.526313 -0.487996 -1.177144 0.323661 -0.932466 -0.237051 1.997700 1.327895 -6.087497 1.921290 -0.541920 -2.913871 1.997700 1.327895 2.741503 1.921290 -0.541920 5.915129 0.000000 0.000000 -8.829000 0.000000 0.000000 -8.829000 0.000000 0.000000 0.000000 0.000000 0.000000 0.000000 0.000000 0.000000 0.000000 0.000000 0.000000 0.000000 0.000000 0.000000 0.000000 0.000000 0.000000 0.000000 0.000000 0.000000 0.000000 0.000000 0.000000 0.000000
19.758660 1.000000 0.510744 0.194756 -0.199945 -0.432427 0.099337 0.009515 -0.099912 0.509138 -0.189207 0.202917 -0.440540 -0.098534 0.010690 0.099805 0.437304 0.218534 0.210959 1.614994 0.036633 -0.187174 0.127421 0.103926 0.385892 -0.282289 0.786702 0.282659 -0.181240 -0.159182 -0.737893 0.090135 0.413143 -0.344277 0.002521 -0.937353 0.198047 -1.076245 0.525907 -0.472162 -1.176697 0.316686 -0.933209 -0.227768 1.994743 1.333967 -6.086384 1.899444 -0.480587 -2.920613 1.994743 1.333967 2.742616 1.899444 -0.480587 5.908387 0.000000 0.000000 -8.829000 0.000000 0.000000 -8.829000 0.000000 0.000000 0.000000 0.000000 0.000000 0.000000 0.000000 0.000000 0.000000 0.000000 0.000000 0.000000 0.000000 0.000000 0.000000 0.000000 0.000000 0.000000 0.000000 0.000000 0.000000 0.000000 0.000000 0.000000
19.788034 1.000000 0.510744 0.194768 -0.199981 -0.432451 0.099373 0.009503 -0.099936 0.509138 -0.189279 0.203708 -0.440552 -0.098594 0.010690 0.099865 0.428823 0.212375 0.209358 1.600977 0.032726 -0.189770 0.127736 0.090825 0.388163 -0.267571 0.797472 0.276692 -0.179550 -0.154732 -0.746366 0.083912 0.411520 -0.358301 -0.001396 -0.939946 0.198371 -1.089116 0.529458 -0.456768 -1.165971 0.310744 -0.931553 -0.223214 1.999468 1.314551 -6.030473 1.990672 -0.413268 -2.985009 1.999468 1.314551 2.798527 1.990672 -0.413268 5.843991 0.000000 0.000000 -8.829000 0.000000 0.000000 -8.829000 0.000000 0.000000 0.000000 0.000000 0.000000 0.000000 0.000000 0.000000 0.000000 0.000000 0.000000 0.000000 0.000000 0.000000 0.000000 0.000000 0.000000 0.000000 0.000000 0.000000 0.000000 0.000000 0.000000 0.000000
19.814415 1.000000 0.510744 0.194756 -0.199945 -0.432451 0.099337 0.009492 -0.099936 0.509126 -0.189279 0.203972 -0.440540 -0.098582 0.010690 0.099877 0.442669 0.228022 0.205929 1.605416 0.029807 -0.190540 0.131119 0.095941 0.383515 -0.255411 0.797726 0.272189 -0.179685 -0.149539 -0.732533 0.099607 0.408105 -0.353863 -0.004317 -0.940722 0.201745 -1.083944 0.525252 -0.444349 -1.165736 0.306248 -0.931708 -0.217969 1.927235 1.335400 -6.034377 1.952274 -0.375066 -2.986754 1.927235 1.335400 2.794623 1.952274 -0.375066 5.842246 0.000000 0.000000 -8.829000 0.000000 0.000000 -8.829000 0.000000 0.000000 0.000000 0.000000 0.000000 0.000000 0.000000 0.000000 0.000000 0.000000 0.000000 0.000000 0.000000 0.000000 0.000000 0.000000 0.000000 0.000000 0.000000 0.000000 0.000000 0.000000 0.000000 0.000000
19.837424 1.000000 0.510744 0.194768 -0.199945 -0.432451 0.099337 0.009492 -0.099924 0.509126 -0.189327 0.204607 -0.440552 -0.098582 0.010654 0.099960 0.431271 0.225674 0.204686 1.603930 0.027463 -0.191326 0.128153 0.097248 0.379045 -0.247648 0.794760 0.268789 -0.181119 -0.147408 -0.743929 0.097273 0.406885 -0.355347 -0.006656 -0.941507 0.198784 -1.082453 0.521835 -0.436018 -1.168742 0.302887 -0.933180 -0.215734 1.980875 1.320701 -6.035958 1.927635 -0.351548 -2.973363 1.980875 1.320701 2.793042 1.927635 -0.351548 5.855637 0.000000 0.000000 -8.829000 0.000000 0.000000 -8.829000 0.000000 0.000000 0.000000 0.000000 0.000000 0.000000 0.000000 0.000000 0.000000 0.000000 0.000000 0.000000 0.000000 0.000000 0.000000 0.000000 0.000000 0.000000 0.000000 0.000000 0.000000 0.000000 0.000000 0.000000
19.863803 1.000000 0.510768 0.194756 -0.199945 -0.432427 0.099361 0.009503 -0.099900 0.509066 -0.189315 0.204846 -0.440564 -0.098570 0.010666 0.100008 0.443639 0.237811 0.198920 1.611911 0.033681 -0.188162 0.129498 0.085794 0.379068 -0.233022 0.795858 0.265104 -0.180792 -0.141873 -0.731517 0.109420 0.401100 -0.347356 -0.000428 -0.938338 0.200130 -1.093944 0.522294 -0.421142 -1.167679 0.299220 -0.932875 -0.210150 1.931378 1.326115 -6.065682 1.979221 -0.289975 -2.992298 1.931378 1.326115 2.763318 1.979221 -0.289975 5.836702 0.000000 0.000000 -8.829000 0.000000 0.000000 -8.829000 0.000000 0.000000 0.000000 0.000000 0.000000 0.000000 0.000000 0.000000 0.000000 0.000000 0.000000 0.000000 0.000000 0.000000 0.000000 0.000000 0.000000 0.000000 0.000000 0.000000 0.000000 0.000000 0.000000 0.000000
19.891169 1.000000 0.510744 0.194756 -0.199921 -0.432427 0.099361 0.009503 -0.099912 0.508838 -0.189279 0.205074 -0.440576 -0.098558 0.010666 0.100008 0.443100 0.239619 0.195653 1.614367 0.030496 -0.187491 0.129538 0.067385 0.377846 -0.223525 0.796004 0.261770 -0.180673 -0.137992 -0.732103 0.111259 0.397860 -0.344903 -0.003617 -0.937666 0.200177 -1.112690 0.521531 -0.411420 -1.167613 0.295888 -0.932790 -0.206233 1.938228 1.317365 -6.078077 2.067697 -0.246942 -3.008539 1.938228 1.317365 2.750923 2.067697 -0.246942 5.820461 0.000000 0.000000 -8.829000 0.000000 0.000000 -8.829000 0.000000 0.000000 0.000000 0.000000 0.000000 0.000000 0.000000 0.000000 0.000000 0.000000 0.000000 0.000000 0.000000 0.000000 0.000000 0.000000 0.000000 0.000000 0.000000 0.000000 0.000000 0.000000 0.000000 0.000000
19.913799 1.000000 0.510744 0.194756 -0.199945 -0.432427 0.099373 0.009503 -0.099924 0.508623 -0.189279 0.205302 -0.440576 -0.098534 0.010654 0.100032 0.441885 0.232176 0.185900 1.613075 0.035261 -0.188355 0.129412 0.085923 0.372002 -0.203031 0.798167 0.259349 -0.179931 -0.135100 -0.733311 0.103773 0.388081 -0.346197 0.001145 -0.938529 0.200050 -1.094455 0.516120 -0.390754 -1.165518 0.293480 -0.932079 -0.203308 1.938097 1.269836 -6.078584 1.959990 -0.187862 -3.013089 1.938097 1.269836 2.750416 1.959990 -0.187862 5.815911 0.000000 0.000000 -8.829000 0.000000 0.000000 -8.829000 0.000000 0.000000 0.000000 0.000000 0.000000 0.000000 0.000000 0.000000 0.000000 0.000000 0.000000 0.000000 0.000000 0.000000 0.000000 0.000000 0.000000 0.000000 0.000000 0.000000 0.000000 0.000000 0.000000 0.000000
19.943899 1.000000 0.510768 0.194744 -0.199957 -0.432427 0.099373 0.009503 -0.099924 0.508611 -0.189267 0.205326 -0.440600 -0.098534 0.010654 0.100056 0.440546 0.248954 0.194735 1.601904 0.041117 -0.189436 0.131004 0.075718 0.372642 -0.175077 0.797407 0.256465 -0.178573 -0.132841 -0.734608 0.120526 0.396878 -0.357366 0.007000 -0.939612 0.201634 -1.104681 0.516825 -0.362754 -1.166290 0.290605 -0.930726 -0.201042 1.908793 1.328927 -6.021861 1.991902 -0.081090 -3.029864 1.908793 1.328927 2.807139 1.991902 -0.081090 5.799136 0.000000 0.000000 -8.829000 0.000000 0.000000 -8.829000 0.000000 0.000000 0.000000 0.000000 0.000000 0.000000 0.000000 0.000000 0.000000 0.000000 0.000000 0.000000 0.000000 0.000000 0.000000 0.000000 0.000000 0.000000 0.000000 0.000000 0.000000 0.000000 0.000000 0.000000
19.971703 1.000000 0.510768 0.194768 -0.199969 -0.432451 0.099361 0.009503 -0.099924 0.508587 -0.189279 0.205338 -0.440600 -0.098534 0.010654 0.100044 0.430890 0.248040 0.201397 1.603646 0.045638 -0.189148 0.129159 0.076033 0.372510 -0.151956 0.783187 0.254439 -0.181271 -0.129394 -0.744262 0.119605 0.403566 -0.355626 0.011520 -0.939325 0.199791 -1.104402 0.516705 -0.339649 -1.180514 0.288575 -0.933424 -0.197599 1.968945 1.346337 -6.034539 1.929781 0.003312 -2.974183 1.968945 1.346337 2.794461 1.929781 0.003312 5.854817 0.000000 0.000000 -8.829000 0.000000 0.000000 -8.829000 0.000000 0.000000 0.000000 0.000000 0.000000 0.000000 0.000000 0.000000 0.000000 0.000000 0.000000 0.000000 0.000000 0.000000 0.000000 0.000000 0.000000 0.000000 0.000000 0.000000 0.000000 0.000000 0.000000 0.000000
19.998078 1.000000 0.510744 0.194756 -0.199981 -0.432451 0.099337 0.009492 -0.099912 0.508599 -0.189279 0.205326 -0.440588 -0.098534 0.010642 0.100056 0.432591 0.241853 0.201101 1.604624 0.040989 -0.189448 0.128597 0.085042 0.371582 -0.132461 0.790662 0.252290 -0.181007 -0.125815 -0.742603 0.113385 0.403246 -0.354659 0.006873 -0.939634 0.199217 -1.095372 0.515756 -0.320161 -1.173033 0.286431 -0.933159 -0.194020 1.966062 1.335307 -6.038668 1.888361 0.070503 -3.007958 1.966062 1.335307 2.790332 1.888361 0.070503 5.821042 0.000000 0.000000 -8.829000 0.000000 0.000000 -8.829000 0.000000 0.000000 0.000000 0.000000 0.000000 0.000000 0.000000 0.000000 0.000000 0.000000 0.000000 0.000000 0.000000 0.000000 0.000000 0.000000 0.000000 0.000000 0.000000 0.000000 0.000000 0.000000 0.000000 0.000000
20.022868 1.000000 0.510756 0.194768 -0.199957 -0.432427 0.099361 0.009515 -0.099924 0.508587 -0.189279 0.205314 -0.440588 -0.098570 0.010642 0.100044 0.454781 0.237961 0.194030 1.612958 0.037480 -0.186521 0.126817 0.080588 0.371200 -0.120038 0.788055 0.250828 -0.182314 -0.124373 -0.720388 0.109552 0.396217 -0.346308 0.003365 -0.936695 0.197450 -1.099851 0.515353 -0.307756 -1.175642 0.284965 -0.934461 -0.192595 1.874935 1.311862 -6.067567 1.892921 0.117162 -3.002433 1.874935 1.311862 2.761433 1.892921 0.117162 5.826567 0.000000 0.000000 -8.829000 0.000000 0.000000 -8.829000 0.000000 0.000000 0.000000 0.000000 0.000000 0.000000 0.000000 0.000000 0.000000 0.000000 0.000000 0.000000 0.000000 0.000000 0.000000 0.000000 0.000000 0.000000 0.000000 0.000000 0.000000 0.000000 0.000000 0.000000
20.049349 1.000000 0.510744 0.194768 -0.199933 -0.432451 0.099373 0.009503 -0.099924 0.508587 -0.189267 0.205290 -0.440588 -0.098546 0.010654 0.100056 0.439673 0.229617 0.190323 1.608726 0.033842 -0.190472 0.128480 0.080339 0.369693 -0.104141 0.791049 0.249227 -0.179713 -0.121417 -0.735530 0.101237 0.392534 -0.350549 -0.000275 -0.940645 0.199125 -1.100108 0.513818 -0.291860 -1.172648 0.283366 -0.931862 -0.189630 1.939509 1.279773 -6.056959 1.892334 0.173474 -3.025551 1.939509 1.279773 2.772041 1.892334 0.173474 5.803449 0.000000 0.000000 -8.829000 0.000000 0.000000 -8.829000 0.000000 0.000000 0.000000 0.000000 0.000000 0.000000 0.000000 0.000000 0.000000 0.000000 0.000000 0.000000 0.000000 0.000000 0.000000 0.000000 0.000000 0.000000 0.000000 0.000000 0.000000 0.000000 0.000000 0.000000
20.075437 1.000000 0.510744 0.194744 -0.199969 -0.432451 0.099361 0.009503 -0.099924 0.508599 -0.189267 0.205266 -0.440588 -0.098546 0.010654 0.100056 0.445796 0.225993 0.179655 1.607642 0.038907 -0.193028 0.126626 0.084161 0.370298 -0.089465 0.787702 0.248115 -0.181772 -0.119004 -0.729402 0.097534 0.381790 -0.351641 0.004789 -0.943210 0.197253 -1.096271 0.514381 -0.277206 -1.175990 0.282254 -0.933919 -0.187220 1.896553 1.236622 -6.049754 1.849746 0.227003 -3.011511 1.896553 1.236622 2.779246 1.849746 0.227003 5.817489 0.000000 0.000000 -8.829000 0.000000 0.000000 -8.829000 0.000000 0.000000 0.000000 0.000000 0.000000 0.000000 0.000000 0.000000 0.000000 0.000000 0.000000 0.000000 0.000000 0.000000 0.000000 0.000000 0.000000 0.000000 0.000000 0.000000 0.000000 0.000000 0.000000 0.000000
20.102600 1.000000 0.510768 0.194744 -0.199969 -0.432451 0.099373 0.009492 -0.099924 0.508563 -0.189267 0.205254 -0.440588 -0.098546 0.010642 0.100044 0.459146 0.217549 0.186296 1.610205 0.034977 -0.192134 0.126877 0.086092 0.380189 -0.079552 0.783897 0.246865 -0.178587 -0.117873 -0.716011 0.089093 0.388424 -0.349074 0.000858 -0.942314 0.197507 -1.094406 0.524257 -0.267316 -1.179804 0.281001 -0.930736 -0.186095 1.845655 1.251977 -6.052478 1.832288 0.277883 -3.006221 1.845655 1.251977 2.776522 1.832288 0.277883 5.822779 0.000000 0.000000 -8.829000 0.000000 0.000000 -8.829000 0.000000 0.000000 0.000000 0.000000 0.000000 0.000000 0.000000 0.000000 0.000000 0.000000 0.000000 0.000000 0.000000 0.000000 0.000000 0.000000 0.000000 0.000000 0.000000 0.000000 0.000000 0.000000 0.000000 0.000000
20.129822 1.000000 0.510756 0.194756 -0.199981 -0.432451 0.099361 0.009503 -0.099936 0.508575 -0.189279 0.205290 -0.440588 -0.098534 0.010654 0.100056 0.445368 0.221758 0.181705 1.611500 0.031736 -0.191326 0.125955 0.093418 0.375527 -0.070243 0.789017 0.245795 -0.179367 -0.116012 -0.729803 0.093287 0.383844 -0.347778 -0.002385 -0.941506 0.196582 -1.087047 0.519645 -0.257986 -1.174680 0.279934 -0.931516 -0.184225 1.914988 1.236496 -6.069341 1.797231 0.302283 -3.024272 1.914988 1.236496 2.759659 1.797231 0.302283 5.804728 0.000000 0.000000 -8.829000 0.000000 0.000000 -8.829000 0.000000 0.000000 0.000000 0.000000 0.000000 0.000000 0.000000 0.000000 0.000000 0.000000 0.000000 0.000000 0.000000 0.000000 0.000000 0.000000 0.000000 0.000000 0.000000 0.000000 0.000000 0.000000 0.000000 0.000000
20.157878 1.000000 0.510768 0.194756 -0.199993 -0.432451 0.099397 0.009515 -0.099912 0.508563 -0.189279 0.205338 -0.440588 -0.098486 0.010654 0.100068 0.451548 0.236310 0.192181 1.615885 0.028767 -0.190938 0.129007 0.099623 0.373687 -0.061286 0.790460 0.244940 -0.179591 -0.116457 -0.723599 0.107832 0.394309 -0.343391 -0.005344 -0.941112 0.199644 -1.080847 0.517892 -0.248982 -1.173243 0.279085 -0.931751 -0.184646 1.893931 1.301739 -6.075208 1.761194 0.328772 -3.028855 1.893931 1.301739 2.753792 1.761194 0.328772 5.800145 0.000000 0.000000 -8.829000 0.000000 0.000000 -8.829000 0.000000 0.000000 0.000000 0.000000 0.000000 0.000000 0.000000 0.000000 0.000000 0.000000 0.000000 0.000000 0.000000 0.000000 0.000000 0.000000 0.000000 0.000000 0.000000 0.000000 0.000000 0.000000 0.000000 0.000000
20.182789 1.000000 0.510744 0.194768 -0.199969 -0.432427 0.099397 0.009492 -0.099936 0.508575 -0.189279 0.205350 -0.440588 -0.098522 0.010642 0.100080 0.435503 0.231284 0.191508 1.609770 0.034071 -0.193733 0.125837 0.086438 0.374306 -0.051944 0.787860 0.244329 -0.179937 -0.112060 -0.739683 0.102846 0.393683 -0.349501 -0.000052 -0.943904 0.196482 -1.094009 0.518532 -0.239622 -1.175842 0.278480 -0.932092 -0.180257 1.959048 1.282727 -6.058127 1.814381 0.371524 -3.029951 1.959048 1.282727 2.770873 1.814381 0.371524 5.799049 0.000000 0.000000 -8.829000 0.000000 0.000000 -8.829000 0.000000 0.000000 0.000000 0.000000 0.000000 0.000000 0.000000 0.000000 0.000000 0.000000 0.000000 0.000000 0.000000 0.000000 0.000000 0.000000 0.000000 0.000000 0.000000 0.000000 0.000000 0.000000 0.000000 0.000000
20.206910 1.000000 0.510756 0.194756 -0.199981 -0.432451 0.099361 0.009503 -0.099936 0.508563 -0.189279 0.205386 -0.440576 -0.098510 0.010654 0.100080 0.457916 0.233525 0.202258 1.616712 0.039051 -0.190168 0.126883 0.084134 0.371410 -0.049045 0.793439 0.243579 -0.176523 -0.113730 -0.717255 0.105055 0.404396 -0.342566 0.004930 -0.940347 0.197509 -1.096320 0.515695 -0.236693 -1.170263 0.277728 -0.928682 -0.181917 1.873469 1.334568 -6.073326 1.842348 0.377088 -3.060955 1.873469 1.334568 2.755674 1.842348 0.377088 5.768045 0.000000 0.000000 -8.829000 0.000000 0.000000 -8.829000 0.000000 0.000000 0.000000 0.000000 0.000000 0.000000 0.000000 0.000000 0.000000 0.000000 0.000000 0.000000 0.000000 0.000000 0.000000 0.000000 0.000000 0.000000 0.000000 0.000000 0.000000 0.000000 0.000000 0.000000
20.231629 1.000000 0.510756 0.194756 -0.199981 -0.432451 0.099361 0.009503 -0.099924 0.508563 -0.189279 0.205386 -0.440588 -0.098546 0.010654 0.100092 0.452950 0.232270 0.201356 1.617197 0.035486 -0.189979 0.127543 0.091875 0.370209 -0.043925 0.796682 0.250853 -0.176039 -0.110285 -0.722222 0.103803 0.403497 -0.342081 0.001368 -0.940160 0.198171 -1.088580 0.514500 -0.231570 -1.167024 0.285005 -0.928193 -0.178484 1.900766 1.327757 -6.079586 1.806036 0.392788 -3.071740 1.900766 1.327757 2.749414 1.806036 0.392788 5.757260 0.000000 0.000000 -8.829000 0.000000 0.000000 -8.829000 0.000000 0.000000 0.000000 0.000000 0.000000 0.000000 0.000000 0.000000 0.000000 0.000000 0.000000 0.000000 0.000000 0.000000 0.000000 0.000000 0.000000 0.000000 0.000000 0.000000 0.000000 0.000000 0.000000 0.000000
20.256826 1.000000 0.510732 0.194756 -0.199981 -0.432427 0.099409 0.009503 -0.099936 0.508503 -0.189267 0.205410 -0.440600 -0.098510 0.010642 0.100092 0.443867 0.232823 0.206939 1.614980 0.032301 -0.190608 0.127912 0.085621 0.367090 -0.040217 0.799711 0.249273 -0.173655 -0.109756 -0.731338 0.104354 0.409086 -0.344297 -0.001820 -0.940780 0.198557 -1.094936 0.511448 -0.227833 -1.164017 0.283428 -0.925823 -0.177941 1.944346 1.344981 -6.072773 1.845086 0.403907 -3.093094 1.944346 1.344981 2.756227 1.845086 0.403907 5.735906 0.000000 0.000000 -8.829000 0.000000 0.000000 -8.829000 0.000000 0.000000 0.000000 0.000000 0.000000 0.000000 0.000000 0.000000 0.000000 0.000000 0.000000 0.000000 0.000000 0.000000 0.000000 0.000000 0.000000 0.000000 0.000000 0.000000 0.000000 0.000000 0.000000 0.000000
20.280711 1.000000 0.510768 0.194732 -0.199993 -0.432451 0.099373 0.009515 -0.099936 0.508479 -0.189267 0.205410 -0.440696 -0.098522 0.010642 0.100104 0.445596 0.230082 0.194735 1.615715 0.029595 -0.190276 0.126056 0.076891 0.368657 -0.033270 0.791917 0.248371 -0.178000 -0.108588 -0.729554 0.101577 0.396819 -0.343566 -0.004525 -0.940457 0.196676 -1.103728 0.513045 -0.220883 -1.171841 0.282530 -0.930174 -0.176783 1.930300 1.296458 -6.080999 1.859251 0.435823 -3.061523 1.930300 1.296458 2.748001 1.859251 0.435823 5.767477 0.000000 0.000000 -8.829000 0.000000 0.000000 -8.829000 0.000000 0.000000 0.000000 0.000000 0.000000 0.000000 0.000000 0.000000 0.000000 0.000000 0.000000 0.000000 0.000000 0.000000 0.000000 0.000000 0.000000 0.000000 0.000000 0.000000 0.000000 0.000000 0.000000 0.000000
20.313749 1.000000 0.510744 0.194744 -0.199981 -0.432451 0.099385 0.009503 -0.099936 0.508455 -0.189279 0.205410 -0.441295 -0.098534 0.010606 0.100104 0.433617 0.217893 0.201159 1.612799 0.026157 -0.191522 0.128757 0.059215 0.371306 -0.027873 0.776300 0.257716 -0.181394 -0.108538 -0.741577 0.089410 0.403280 -0.346485 -0.007965 -0.941700 0.199390 -1.121581 0.515834 -0.215465 -1.187623 0.291882 -0.933611 -0.176767 1.995569 1.296396 -6.075454 1.901255 0.466500 -3.001941 1.995569 1.296396 2.753546 1.901255 0.466500 5.827059 0.000000 0.000000 -8.829000 0.000000 0.000000 -8.829000 0.000000 0.000000 0.000000 0.000000 0.000000 0.000000 0.000000 0.000000 0.000000 0.000000 0.000000 0.000000 0.000000 0.000000 0.000000 0.000000 0.000000 0.000000 0.000000 0.000000 0.000000 0.000000 0.000000 0.000000
20.348847 1.000000 0.510768 0.194756 -0.199981 -0.432451 0.099361 0.009515 -0.099936 0.508443 -0.189255 0.205446 -0.441595 -0.098498 0.010618 0.100104 0.447287 0.222479 0.201982 1.620368 0.023435 -0.188164 0.127018 0.039907 0.370638 -0.021851 0.768933 0.254587 -0.183638 -0.107580 -0.727863 0.094013 0.404117 -0.338906 -0.010684 -0.938342 0.197643 -1.140972 0.515318 -0.209348 -1.195079 0.288754 -0.935887 -0.175795 1.946855 1.311495 -6.102015 1.973586 0.495589 -2.981189 1.946855 1.311495 2.726985 1.973586 0.495589 5.847811 0.000000 0.000000 -8.829000 0.000000 0.000000 -8.829000 0.000000 0.000000 0.000000 0.000000 0.000000 0.000000 0.000000 0.000000 0.000000 0.000000 0.000000 0.000000 0.000000 0.000000 0.000000 0.000000 0.000000 0.000000 0.000000 0.000000 0.000000 0.000000 0.000000 0.000000
20.379749 1.000000 0.510744 0.194768 -0.199993 -0.432451 0.099385 0.009503 -0.099936 0.508323 -0.189267 0.205482 -0.442026 -0.098498 0.010606 0.100104 0.435346 0.218108 0.208357 1.616500 0.021102 -0.189642 0.127317 0.035190 0.369943 -0.019912 0.767507 0.262263 -0.181676 -0.107649 -0.739839 0.089625 0.410506 -0.342779 -0.013020 -0.939818 0.197954 -1.145979 0.514800 -0.207394 -1.196647 0.296433 -0.933963 -0.175888 2.003420 1.322297 -6.089927 1.994962 0.503289 -2.980180 2.003420 1.322297 2.739073 1.994962 0.503289 5.848820 0.000000 0.000000 -8.829000 0.000000 0.000000 -8.829000 0.000000 0.000000 0.000000 0.000000 0.000000 0.000000 0.000000 0.000000 0.000000 0.000000 0.000000 0.000000 0.000000 0.000000 0.000000 0.000000 0.000000 0.000000 0.000000 0.000000 0.000000 0.000000 0.000000 0.000000
20.409022 1.000000 0.510756 0.194756 -0.199969 -0.432427 0.099385 0.009503 -0.099912 0.508299 -0.189255 0.205494 -0.442062 -0.098570 0.010606 0.100104 0.444397 0.221952 0.210199 1.620534 0.019396 -0.188085 0.124900 0.026365 0.359013 -0.016001 0.761474 0.259015 -0.182148 -0.106858 -0.730773 0.093515 0.412356 -0.338737 -0.014716 -0.938259 0.195537 -1.154852 0.503912 -0.203455 -1.202698 0.293185 -0.934431 -0.175121 1.967814 1.337378 -6.101603 2.013268 0.503651 -2.958133 1.967814 1.337378 2.727397 2.013268 0.503651 5.870867 0.000000 0.000000 -8.829000 0.000000 0.000000 -8.829000 0.000000 0.000000 0.000000 0.000000 0.000000 0.000000 0.000000 0.000000 0.000000 0.000000 0.000000 0.000000 0.000000 0.000000 0.000000 0.000000 0.000000 0.000000 0.000000 0.000000 0.000000 0.000000 0.000000 0.000000
20.443712 1.000000 0.510744 0.194768 -0.199981 -0.432451 0.099397 0.009503 -0.099912 0.508227 -0.189255 0.205494 -0.442338 -0.098510 0.010582 0.100116 0.434066 0.222507 0.211296 1.615198 0.017414 -0.192306 0.127068 0.011238 0.374371 -0.012821 0.740007 0.255854 -0.186523 -0.106651 -0.741124 0.094052 0.413462 -0.344081 -0.016699 -0.942479 0.197712 -1.170164 0.519356 -0.200269 -1.224256 0.290033 -0.938840 -0.174910 2.002136 1.338914 -6.077962 2.035348 0.545691 -2.874906 2.002136 1.338914 2.751038 2.035348 0.545691 5.954094 0.000000 0.000000 -8.829000 0.000000 0.000000 -8.829000 0.000000 0.000000 0.000000 0.000000 0.000000 0.000000 0.000000 0.000000 0.000000 0.000000 0.000000 0.000000 0.000000 0.000000 0.000000 0.000000 0.000000 0.000000 0.000000 0.000000 0.000000 0.000000 0.000000 0.000000
20.477550 1.000000 0.510744 0.194768 -0.199969 -0.432451 0.099385 0.009503 -0.099912 0.508155 -0.189255 0.205517 -0.442529 -0.098498 0.010570 0.100116 0.431142 0.226408 0.211478 1.614042 0.016022 -0.194665 0.125971 -0.006349 0.372797 -0.011034 0.727706 0.253380 -0.185923 -0.106483 -0.744052 0.097973 0.413656 -0.345236 -0.018090 -0.944840 0.196614 -1.187910 0.517884 -0.198463 -1.236625 0.287561 -0.938261 -0.174747 2.008452 1.343796 -6.069797 2.091261 0.556388 -2.835046 2.008452 1.343796 2.759203 2.091261 0.556388 5.993954 0.000000 0.000000 -8.829000 0.000000 0.000000 -8.829000 0.000000 0.000000 0.000000 0.000000 0.000000 0.000000 0.000000 0.000000 0.000000 0.000000 0.000000 0.000000 0.000000 0.000000 0.000000 0.000000 0.000000 0.000000 0.000000 0.000000 0.000000 0.000000 0.000000 0.000000
20.505344 1.000000 0.510768 0.194744 -0.199993 -0.432451 0.099361 0.009515 -0.099936 0.508095 -0.189255 0.205601 -0.442577 -0.098558 0.010582 0.100116 0.430095 0.222825 0.211533 1.615547 0.023740 -0.195072 0.129210 0.001866 0.370457 -0.009310 0.730739 0.251296 -0.180628 -0.106057 -0.745053 0.094329 0.413637 -0.343731 -0.010380 -0.945253 0.199830 -1.179784 0.515705 -0.196670 -1.233623 0.285477 -0.932968 -0.174333 2.020903 1.339699 -6.077773 2.061061 0.555508 -2.851470 2.020903 1.339699 2.751227 2.061061 0.555508 5.977530 0.000000 0.000000 -8.829000 0.000000 0.000000 -8.829000 0.000000 0.000000 0.000000 0.000000 0.000000 0.000000 0.000000 0.000000 0.000000 0.000000 0.000000 0.000000 0.000000 0.000000 0.000000 0.000000 0.000000 0.000000 0.000000 0.000000 0.000000 0.000000 0.000000 0.000000
20.533773 1.000000 0.510756 0.194756 -0.199981 -0.432451 0.099325 0.009503 -0.099924 0.508107 -0.189255 0.205649 -0.442577 -0.098546 0.010582 0.100128 0.431570 0.217675 0.212686 1.617575 0.021672 -0.193542 0.130176 -0.002588 0.367257 -0.011960 0.719893 0.249644 -0.183145 -0.106918 -0.743601 0.089208 0.414826 -0.341704 -0.012446 -0.943728 0.200790 -1.184203 0.512586 -0.199267 -1.244470 0.283829 -0.935489 -0.175181 2.025056 1.336936 -6.088758 2.051081 0.541997 -2.802528 2.025056 1.336936 2.740242 2.051081 0.541997 6.026472 0.000000 0.000000 -8.829000 0.000000 0.000000 -8.829000 0.000000 0.000000 0.000000 0.000000 0.000000 0.000000 0.000000 0.000000 0.000000 0.000000 0.000000 0.000000 0.000000 0.000000 0.000000 0.000000 0.000000 0.000000 0.000000 0.000000 0.000000 0.000000 0.000000 0.000000
20.566898 1.000000 0.510756 0.194756 -0.199933 -0.432451 0.099385 0.009503 -0.099912 0.508155 -0.189267 0.205781 -0.442565 -0.098546 0.010582 0.100164 0.438617 0.222540 0.203133 1.620868 0.019757 -0.191632 0.126659 -0.004069 0.380672 -0.006689 0.706556 0.248221 -0.185075 -0.106030 -0.736568 0.094157 0.405323 -0.338407 -0.014355 -0.941805 0.197304 -1.185559 0.526209 -0.193866 -1.257799 0.282419 -0.937422 -0.174265 1.989317 1.311791 -6.103503 2.024372 0.583744 -2.750155 1.989317 1.311791 2.725497 2.024372 0.583744 6.078845 0.000000 0.000000 -8.829000 0.000000 0.000000 -8.829000 0.000000 0.000000 0.000000 0.000000 0.000000 0.000000 0.000000 0.000000 0.000000 0.000000 0.000000 0.000000 0.000000 0.000000 0.000000 0.000000 0.000000 0.000000 0.000000 0.000000 0.000000 0.000000 0.000000 0.000000
20.608318 1.000000 0.510744 0.194756 -0.199957 -0.432451 0.099409 0.009515 -0.099924 0.508143 -0.189267 0.205805 -0.442553 -0.098534 0.010582 0.100164 0.423206 0.220709 0.190396 1.612742 0.017207 -0.196913 0.125651 -0.013126 0.376959 -0.006075 0.694326 0.246558 -0.183119 -0.106025 -0.751992 0.092282 0.392565 -0.346536 -0.016908 -0.947084 0.196300 -1.194626 0.522535 -0.193233 -1.270030 0.280756 -0.935469 -0.174252 2.031950 1.255909 -6.076372 2.036960 0.582971 -2.706931 2.031950 1.255909 2.752628 2.036960 0.582971 6.122069 0.000000 0.000000 -8.829000 0.000000 0.000000 -8.829000 0.000000 0.000000 0.000000 0.000000 0.000000 0.000000 0.000000 0.000000 0.000000 0.000000 0.000000 0.000000 0.000000 0.000000 0.000000 0.000000 0.000000 0.000000 0.000000 0.000000 0.000000 0.000000 0.000000 0.000000
20.642128 1.000000 0.510792 0.194768 -0.199993 -0.432451 0.099361 0.009539 -0.099924 0.508179 -0.189399 0.205961 -0.442553 -0.098522 0.010582 0.100188 0.437323 0.224779 0.194716 1.622901 0.026814 -0.193452 0.122786 -0.013525 0.379957 0.002728 0.698033 0.245187 -0.177657 -0.100711 -0.737779 0.096315 0.396857 -0.336363 -0.007298 -0.943626 0.193410 -1.194893 0.525685 -0.184481 -1.266296 0.279394 -0.929998 -0.168940 1.991334 1.282149 -6.113717 2.050464 0.622935 -2.736900 1.991334 1.282149 2.715283 2.050464 0.622935 6.092100 0.000000 0.000000 -8.829000 0.000000 0.000000 -8.829000 0.000000 0.000000 0.000000 0.000000 0.000000 0.000000 0.000000 0.000000 0.000000 0.000000 0.000000 0.000000 0.000000 0.000000 0.000000 0.000000 0.000000 0.000000 0.000000 0.000000 0.000000 0.000000 0.000000 0.000000
20.680935 1.000000 0.510792 0.194768 -0.199993 -0.432475 0.099397 0.009515 -0.099924 0.508179 -0.189351 0.206117 -0.442553 -0.098498 0.010582 0.100200 0.425421 0.225181 0.200857 1.613818 0.023164 -0.196044 0.121206 -0.019768 0.373632 -0.007522 0.686727 0.244336 -0.180022 -0.100367 -0.749688 0.096707 0.402995 -0.345455 -0.010951 -0.946216 0.191844 -1.201102 0.519662 -0.194495 -1.277624 0.278550 -0.932384 -0.168545 2.028121 1.298540 -6.076185 2.052040 0.578986 -2.683622 2.028121 1.298540 2.752815 2.052040 0.578986 6.145378 0.000000 0.000000 -8.829000 0.000000 0.000000 -8.829000 0.000000 0.000000 0.000000 0.000000 0.000000 0.000000 0.000000 0.000000 0.000000 0.000000 0.000000 0.000000 0.000000 0.000000 0.000000 0.000000 0.000000 0.000000 0.000000 0.000000 0.000000 0.000000 0.000000 0.000000
20.717350 1.000000 0.510828 0.194768 -0.199969 -0.432451 0.099361 0.009515 -0.099924 0.508155 -0.189351 0.206105 -0.442577 -0.098510 0.010594 0.100284 0.441185 0.230109 0.190110 1.623884 0.032496 -0.191040 0.120530 -0.020105 0.371306 -0.006892 0.683807 0.243423 -0.182074 -0.095465 -0.733862 0.101689 0.392264 -0.335372 -0.001619 -0.941213 0.191156 -1.201480 0.517350 -0.193867 -1.280551 0.277664 -0.934432 -0.163649 1.969936 1.275058 -6.120107 2.040188 0.580911 -2.668050 1.969936 1.275058 2.708893 2.040188 0.580911 6.160950 0.000000 0.000000 -8.829000 0.000000 0.000000 -8.829000 0.000000 0.000000 0.000000 0.000000 0.000000 0.000000 0.000000 0.000000 0.000000 0.000000 0.000000 0.000000 0.000000 0.000000 0.000000 0.000000 0.000000 0.000000 0.000000 0.000000 0.000000 0.000000 0.000000 0.000000
20.751700 1.000000 0.510792 0.194756 -0.199945 -0.432451 0.099349 0.009492 -0.099912 0.508167 -0.189387 0.206105 -0.442553 -0.098546 0.010594 0.100272 0.413762 0.230523 0.200803 1.612778 0.028276 -0.194884 0.122949 -0.014661 0.377975 -0.010155 0.684652 0.242503 -0.177753 -0.094790 -0.761358 0.102125 0.402971 -0.346490 -0.005839 -0.945063 0.193576 -1.196004 0.523977 -0.197191 -1.279689 0.276739 -0.930099 -0.162995 2.083982 1.304066 -6.080457 2.026393 0.577648 -2.676286 2.083982 1.304066 2.748543 2.026393 0.577648 6.152714 0.000000 0.000000 -8.829000 0.000000 0.000000 -8.829000 0.000000 0.000000 0.000000 0.000000 0.000000 0.000000 0.000000 0.000000 0.000000 0.000000 0.000000 0.000000 0.000000 0.000000 0.000000 0.000000 0.000000 0.000000 0.000000 0.000000 0.000000 0.000000 0.000000 0.000000
20.791101 1.000000 0.510804 0.194756 -0.199969 -0.432463 0.099373 0.009515 -0.099924 0.508167 -0.189375 0.206105 -0.442565 -0.098534 0.010582 0.100308 0.430710 0.234340 0.201833 1.619794 0.024800 -0.193648 0.121850 -0.023742 0.381395 0.002131 0.675854 0.242062 -0.181355 -0.090057 -0.744384 0.105902 0.403972 -0.339475 -0.009315 -0.943823 0.192479 -1.205088 0.527422 -0.184876 -1.288492 0.276313 -0.933705 -0.158254 2.015073 1.319825 -6.098847 2.036778 0.634135 -2.644920 2.015073 1.319825 2.730153 2.036778 0.634135 6.184080 0.000000 0.000000 -8.829000 0.000000 0.000000 -8.829000 0.000000 0.000000 0.000000 0.000000 0.000000 0.000000 0.000000 0.000000 0.000000 0.000000 0.000000 0.000000 0.000000 0.000000 0.000000 0.000000 0.000000 0.000000 0.000000 0.000000 0.000000 0.000000 0.000000 0.000000
20.823343 1.000000 0.510816 0.194756 -0.199981 -0.432463 0.099373 0.009515 -0.099936 0.508167 -0.189375 0.206105 -0.442565 -0.098534 0.010582 0.100308 0.437473 0.234574 0.206751 1.621841 0.022397 -0.193935 0.122835 -0.024188 0.377549 -0.003025 0.674138 0.241835 -0.179059 -0.093877 -0.737596 0.106114 0.408873 -0.337424 -0.011722 -0.944109 0.193461 -1.205534 0.523576 -0.190032 -1.290208 0.276085 -0.931409 -0.162074 1.988761 1.340840 -6.100073 2.039249 0.606775 -2.638473 1.988761 1.340840 2.728927 2.039249 0.606775 6.190527 0.000000 0.000000 -8.829000 0.000000 0.000000 -8.829000 0.000000 0.000000 0.000000 0.000000 0.000000 0.000000 0.000000 0.000000 0.000000 0.000000 0.000000 0.000000 0.000000 0.000000 0.000000 0.000000 0.000000 0.000000 0.000000 0.000000 0.000000 0.000000 0.000000 0.000000
20.855756 1.000000 0.510804 0.194756 -0.199981 -0.432451 0.099385 0.009515 -0.099912 0.508179 -0.189363 0.206093 -0.442565 -0.098510 0.010582 0.100308 0.445052 0.220169 0.207185 1.620874 0.020082 -0.193151 0.120945 -0.021418 0.375456 -0.002844 0.672092 0.241341 -0.179729 -0.092438 -0.730037 0.091718 0.409315 -0.338392 -0.014029 -0.943324 0.191576 -1.202749 0.521471 -0.189840 -1.292254 0.275593 -0.932083 -0.160624 1.957173 1.320804 -6.096238 2.016521 0.603729 -2.626594 1.957173 1.320804 2.732762 2.016521 0.603729 6.202406 0.000000 0.000000 -8.829000 0.000000 0.000000 -8.829000 0.000000 0.000000 0.000000 0.000000 0.000000 0.000000 0.000000 0.000000 0.000000 0.000000 0.000000 0.000000 0.000000 0.000000 0.000000 0.000000 0.000000 0.000000 0.000000 0.000000 0.000000 0.000000 0.000000 0.000000
20.882132 1.000000 0.510816 0.194756 -0.199969 -0.432475 0.099385 0.009515 -0.099936 0.508155 -0.189363 0.206093 -0.442553 -0.098486 0.010594 0.100308 0.439240 0.223819 0.198546 1.619307 0.018676 -0.194946 0.120440 -0.032852 0.375876 -0.004126 0.667181 0.241242 -0.183039 -0.092107 -0.735836 0.095377 0.400679 -0.339961 -0.015443 -0.945119 0.191072 -1.214221 0.521892 -0.191131 -1.297166 0.275492 -0.935396 -0.160285 1.971951 1.293178 -6.092830 2.059317 0.604936 -2.607281 1.971951 1.293178 2.736170 2.059317 0.604936 6.221719 0.000000 0.000000 -8.829000 0.000000 0.000000 -8.829000 0.000000 0.000000 0.000000 0.000000 0.000000 0.000000 0.000000 0.000000 0.000000 0.000000 0.000000 0.000000 0.000000 0.000000 0.000000 0.000000 0.000000 0.000000 0.000000 0.000000 0.000000 0.000000 0.000000 0.000000
20.916107 1.000000 0.510804 0.194768 -0.199969 -0.432463 0.099349 0.009527 -0.099900 0.508167 -0.189375 0.206105 -0.442565 -0.098558 0.010594 0.100320 0.451973 0.228541 0.206728 1.624417 0.027959 -0.191401 0.122290 -0.023871 0.373713 -0.002364 0.668741 0.240875 -0.182146 -0.090601 -0.723121 0.100121 0.408893 -0.334848 -0.006146 -0.941578 0.192915 -1.205215 0.519742 -0.189371 -1.295603 0.275128 -0.934491 -0.158805 1.928348 1.336901 -6.107488 2.015106 0.605009 -2.609868 1.928348 1.336901 2.721512 2.015106 0.605009 6.219132 0.000000 0.000000 -8.829000 0.000000 0.000000 -8.829000 0.000000 0.000000 0.000000 0.000000 0.000000 0.000000 0.000000 0.000000 0.000000 0.000000 0.000000 0.000000 0.000000 0.000000 0.000000 0.000000 0.000000 0.000000 0.000000 0.000000 0.000000 0.000000 0.000000 0.000000
20.950184 1.000000 0.510816 0.194756 -0.199957 -0.432475 0.099325 0.009515 -0.099924 0.508155 -0.189375 0.206093 -0.442565 -0.098534 0.010570 0.100308 0.436978 0.225419 0.191157 1.617150 0.024642 -0.193908 0.120786 -0.028202 0.371504 -0.003060 0.664187 0.240788 -0.183764 -0.089996 -0.738102 0.097000 0.393304 -0.342118 -0.009474 -0.944090 0.191400 -1.209572 0.517515 -0.190082 -1.300162 0.275041 -0.936115 -0.158196 1.973144 1.269195 -6.089871 2.021836 0.601038 -2.589805 1.973144 1.269195 2.739129 2.021836 0.601038 6.239195 0.000000 0.000000 -8.829000 0.000000 0.000000 -8.829000 0.000000 0.000000 0.000000 0.000000 0.000000 0.000000 0.000000 0.000000 0.000000 0.000000 0.000000 0.000000 0.000000 0.000000 0.000000 0.000000 0.000000 0.000000 0.000000 0.000000 0.000000 0.000000 0.000000 0.000000
21.002376 1.000000 0.510816 0.194768 -0.199981 -0.432463 0.099361 0.009503 -0.099924 0.508167 -0.189351 0.206105 -0.442553 -0.098558 0.010594 0.100308 0.433110 0.217209 0.206082 1.618483 0.020571 -0.191825 0.123064 -0.020349 0.370066 -0.000697 0.674537 0.240236 -0.178763 -0.088134 -0.741959 0.088761 0.408226 -0.340781 -0.013547 -0.942001 0.193690 -1.201697 0.516108 -0.187666 -1.289811 0.274484 -0.931111 -0.156332 2.015382 1.308982 -6.097826 2.012859 0.605155 -2.637578 2.015382 1.308982 2.731174 2.012859 0.605155 6.191422 0.000000 0.000000 -8.829000 0.000000 0.000000 -8.829000 0.000000 0.000000 0.000000 0.000000 0.000000 0.000000 0.000000 0.000000 0.000000 0.000000 0.000000 0.000000 0.000000 0.000000 0.000000 0.000000 0.000000 0.000000 0.000000 0.000000 0.000000 0.000000 0.000000 0.000000
21.040022 1.000000 0.510804 0.194732 -0.199969 -0.432475 0.099349 0.009503 -0.099936 0.508167 -0.189387 0.206093 -0.442553 -0.098534 0.010582 0.100308 0.451867 0.206695 0.202796 1.619614 0.018476 -0.193722 0.121554 -0.024580 0.363370 -0.007239 0.678611 0.240289 -0.179507 -0.092648 -0.723235 0.078228 0.404892 -0.339664 -0.015646 -0.943906 0.192168 -1.205924 0.509365 -0.194280 -1.285729 0.274539 -0.931854 -0.160851 1.923618 1.286215 -6.090826 2.046517 0.569881 -2.651456 1.923618 1.286215 2.738174 2.046517 0.569881 6.177544 0.000000 0.000000 -8.829000 0.000000 0.000000 -8.829000 0.000000 0.000000 0.000000 0.000000 0.000000 0.000000 0.000000 0.000000 0.000000 0.000000 0.000000 0.000000 0.000000 0.000000 0.000000 0.000000 0.000000 0.000000 0.000000 0.000000 0.000000 0.000000 0.000000 0.000000
21.069997 1.000000 0.510816 0.194756 -0.199981 -0.432475 0.099349 0.009515 -0.099912 0.508167 -0.189375 0.206093 -0.442577 -0.098534 0.010594 0.100308 0.454026 0.202754 0.207795 1.622719 0.017048 -0.193037 0.122710 -0.019362 0.367567 -0.003740 0.680110 0.240082 -0.182445 -0.094073 -0.721049 0.074299 0.409921 -0.336551 -0.017063 -0.943217 0.193329 -1.200713 0.513575 -0.190759 -1.284238 0.274330 -0.934794 -0.162272 1.928034 1.299321 -6.102708 2.020613 0.586519 -2.651914 1.928034 1.299321 2.726292 2.020613 0.586519 6.177086 0.000000 0.000000 -8.829000 0.000000 0.000000 -8.829000 0.000000 0.000000 0.000000 0.000000 0.000000 0.000000 0.000000 0.000000 0.000000 0.000000 0.000000 0.000000 0.000000 0.000000 0.000000 0.000000 0.000000 0.000000 0.000000 0.000000 0.000000 0.000000 0.000000 0.000000
21.100507 1.000000 0.510816 0.194756 -0.199981 -0.432463 0.099349 0.009515 -0.099912 0.508167 -0.189363 0.206093 -0.442553 -0.098546 0.010606 0.100296 0.445403 0.221565 0.211945 1.621126 0.015872 -0.192698 0.122968 -0.024775 0.368611 -0.003408 0.677801 0.240078 -0.182219 -0.093005 -0.729668 0.093112 0.414071 -0.338140 -0.018240 -0.942877 0.193586 -1.206124 0.514618 -0.190413 -1.286543 0.274321 -0.934566 -0.161204 1.959182 1.341460 -6.094984 2.042736 0.592239 -2.646574 1.959182 1.341460 2.734016 2.042736 0.592239 6.182426 0.000000 0.000000 -8.829000 0.000000 0.000000 -8.829000 0.000000 0.000000 0.000000 0.000000 0.000000 0.000000 0.000000 0.000000 0.000000 0.000000 0.000000 0.000000 0.000000 0.000000 0.000000 0.000000 0.000000 0.000000 0.000000 0.000000 0.000000 0.000000 0.000000 0.000000
21.132095 1.000000 0.510792 0.194732 -0.199981 -0.432463 0.099337 0.009515 -0.099924 0.508167 -0.189375 0.206093 -0.442553 -0.098546 0.010582 0.100308 0.436934 0.231696 0.208154 1.618744 0.024807 -0.193080 0.121694 -0.017690 0.368209 -0.000719 0.681079 0.239948 -0.180511 -0.094097 -0.738183 0.103215 0.410244 -0.340534 -0.009309 -0.943266 0.192303 -1.199037 0.514214 -0.187739 -1.283263 0.274199 -0.932858 -0.162300 1.987014 1.340291 -6.089300 2.015176 0.597527 -2.659554 1.987014 1.340291 2.739700 2.015176 0.597527 6.169446 0.000000 0.000000 -8.829000 0.000000 0.000000 -8.829000 0.000000 0.000000 0.000000 0.000000 0.000000 0.000000 0.000000 0.000000 0.000000 0.000000 0.000000 0.000000 0.000000 0.000000 0.000000 0.000000 0.000000 0.000000 0.000000 0.000000 0.000000 0.000000 0.000000 0.000000
21.163795 1.000000 0.510816 0.194756 -0.199945 -0.432463 0.099361 0.009515 -0.099912 0.508167 -0.189351 0.206105 -0.442565 -0.098510 0.010606 0.100284 0.427890 0.218454 0.203312 1.614898 0.022077 -0.193780 0.123398 -0.028712 0.366024 -0.003253 0.670314 0.240073 -0.184031 -0.093668 -0.747191 0.090062 0.405474 -0.344366 -0.012034 -0.943954 0.194027 -1.210064 0.512061 -0.190227 -1.294037 0.274312 -0.936387 -0.161849 2.027521 1.299246 -6.083732 2.038456 0.589682 -2.613698 2.027521 1.299246 2.745268 2.038456 0.589682 6.215302 0.000000 0.000000 -8.829000 0.000000 0.000000 -8.829000 0.000000 0.000000 0.000000 0.000000 0.000000 0.000000 0.000000 0.000000 0.000000 0.000000 0.000000 0.000000 0.000000 0.000000 0.000000 0.000000 0.000000 0.000000 0.000000 0.000000 0.000000 0.000000 0.000000 0.000000
21.193589 1.000000 0.510804 0.194768 -0.199969 -0.432475 0.099373 0.009515 -0.099912 0.508167 -0.189375 0.206105 -0.442565 -0.098546 0.010594 0.100296 0.430852 0.226310 0.209787 1.607253 0.020219 -0.192317 0.122134 -0.031642 0.369020 -0.000657 0.667375 0.240038 -0.184613 -0.091886 -0.744244 0.097882 0.411948 -0.352016 -0.013892 -0.942492 0.192768 -1.212989 0.515042 -0.187668 -1.296971 0.274283 -0.936961 -0.160088 1.992113 1.335482 -6.046529 2.044465 0.606139 -2.604188 1.992113 1.335482 2.782471 2.044465 0.606139 6.224812 0.000000 0.000000 -8.829000 0.000000 0.000000 -8.829000 0.000000 0.000000 0.000000 0.000000 0.000000 0.000000 0.000000 0.000000 0.000000 0.000000 0.000000 0.000000 0.000000 0.000000 0.000000 0.000000 0.000000 0.000000 0.000000 0.000000 0.000000 0.000000 0.000000 0.000000
21.235168 1.000000 0.510804 0.194756 -0.199981 -0.432463 0.099361 0.009503 -0.099912 0.508167 -0.189375 0.206105 -0.442565 -0.098558 0.010582 0.100296 0.412744 0.224868 0.211486 1.601826 0.017619 -0.197696 0.122842 -0.026991 0.367212 -0.002427 0.668931 0.240117 -0.183627 -0.097766 -0.762349 0.096412 0.413614 -0.357444 -0.016494 -0.947875 0.193466 -1.208338 0.513235 -0.189437 -1.295416 0.274363 -0.935974 -0.165972 2.066183 1.331676 -6.026537 2.027274 0.591067 -2.607760 2.066183 1.331676 2.802463 2.027274 0.591067 6.221240 0.000000 0.000000 -8.829000 0.000000 0.000000 -8.829000 0.000000 0.000000 0.000000 0.000000 0.000000 0.000000 0.000000 0.000000 0.000000 0.000000 0.000000 0.000000 0.000000 0.000000 0.000000 0.000000 0.000000 0.000000 0.000000 0.000000 0.000000 0.000000 0.000000 0.000000
21.266821 1.000000 0.510828 0.194756 -0.199969 -0.432475 0.099385 0.009515 -0.099924 0.508167 -0.189375 0.206105 -0.442565 -0.098558 0.010594 0.100308 0.447063 0.241169 0.208464 1.608703 0.026840 -0.189928 0.121114 -0.024958 0.369440 -0.000147 0.669412 0.239871 -0.180609 -0.098458 -0.727993 0.112733 0.410596 -0.350562 -0.007275 -0.940100 0.191746 -1.206303 0.515465 -0.187156 -1.294933 0.274119 -0.932955 -0.166663 1.904765 1.361013 -6.042025 2.021755 0.601254 -2.615029 1.904765 1.361013 2.786975 2.021755 0.601254 6.213971 0.000000 0.000000 -8.829000 0.000000 0.000000 -8.829000 0.000000 0.000000 0.000000 0.000000 0.000000 0.000000 0.000000 0.000000 0.000000 0.000000 0.000000 0.000000 0.000000 0.000000 0.000000 0.000000 0.000000 0.000000 0.000000 0.000000 0.000000 0.000000 0.000000 0.000000
21.302287 1.000000 0.510804 0.194756 -0.199981 -0.432463 0.099361 0.009503 -0.099912 0.508167 -0.189363 0.206105 -0.442577 -0.098522 0.010594 0.100308 0.442007 0.239013 0.210339 1.607497 0.023571 -0.191173 0.121758 -0.029417 0.364950 -0.005377 0.666472 0.239968 -0.182061 -0.097394 -0.733085 0.110556 0.412468 -0.351774 -0.010542 -0.941352 0.192382 -1.210767 0.510989 -0.192365 -1.297879 0.274218 -0.934415 -0.165583 1.928805 1.362341 -6.037893 2.035565 0.577791 -2.599809 1.928805 1.362341 2.791107 2.035565 0.577791 6.229191 0.000000 0.000000 -8.829000 0.000000 0.000000 -8.829000 0.000000 0.000000 0.000000 0.000000 0.000000 0.000000 0.000000 0.000000 0.000000 0.000000 0.000000 0.000000 0.000000 0.000000 0.000000 0.000000 0.000000 0.000000 0.000000 0.000000 0.000000 0.000000 0.000000 0.000000
21.334413 1.000000 0.510804 0.194768 -0.199957 -0.432463 0.099385 0.009515 -0.099924 0.508179 -0.189375 0.206105 -0.442553 -0.098546 0.010594 0.100308 0.434347 0.234729 0.199171 1.608532 0.021300 -0.190878 0.121538 -0.024424 0.366195 -0.000696 0.668290 0.239892 -0.181408 -0.097601 -0.740748 0.106321 0.401342 -0.350732 -0.012815 -0.941048 0.192178 -1.205746 0.512215 -0.187702 -1.296050 0.274141 -0.933754 -0.165800 1.966282 1.312626 -6.053779 2.012881 0.594391 -2.607605 1.966282 1.312626 2.775221 2.012881 0.594391 6.221395 0.000000 0.000000 -8.829000 0.000000 0.000000 -8.829000 0.000000 0.000000 0.000000 0.000000 0.000000 0.000000 0.000000 0.000000 0.000000 0.000000 0.000000 0.000000 0.000000 0.000000 0.000000 0.000000 0.000000 0.000000 0.000000 0.000000 0.000000 0.000000 0.000000 0.000000
21.375478 1.000000 0.510828 0.194744 -0.199981 -0.432463 0.099349 0.009503 -0.099924 0.508167 -0.189375 0.206105 -0.442565 -0.098546 0.010594 0.100308 0.438044 0.224920 0.219151 1.612640 0.018826 -0.189429 0.122617 -0.024208 0.365289 -0.003188 0.667645 0.239914 -0.181694 -0.095903 -0.737009 0.096455 0.421251 -0.346627 -0.015292 -0.939610 0.193231 -1.205553 0.511315 -0.190197 -1.296701 0.274163 -0.934041 -0.164104 1.980716 1.369864 -6.065912 2.010527 0.584996 -2.603148 1.980716 1.369864 2.763088 2.010527 0.584996 6.225852 0.000000 0.000000 -8.829000 0.000000 0.000000 -8.829000 0.000000 0.000000 0.000000 0.000000 0.000000 0.000000 0.000000 0.000000 0.000000 0.000000 0.000000 0.000000 0.000000 0.000000 0.000000 0.000000 0.000000 0.000000 0.000000 0.000000 0.000000 0.000000 0.000000 0.000000
21.420679 1.000000 0.510816 0.194768 -0.199957 -0.432463 0.099373 0.009515 -0.099936 0.508167 -0.189375 0.206105 -0.442565 -0.098510 0.010594 0.100308 0.462166 0.231637 0.204858 1.617004 0.016691 -0.187783 0.125239 -0.026991 0.363799 -0.004865 0.665614 0.240023 -0.182518 -0.098488 -0.712908 0.103227 0.407024 -0.342256 -0.017428 -0.937954 0.195872 -1.208336 0.509825 -0.191874 -1.298732 0.274273 -0.934871 -0.166676 1.856279 1.341448 -6.073640 2.019117 0.576029 -2.593692 1.856279 1.341448 2.755360 2.019117 0.576029 6.235308 0.000000 0.000000 -8.829000 0.000000 0.000000 -8.829000 0.000000 0.000000 0.000000 0.000000 0.000000 0.000000 0.000000 0.000000 0.000000 0.000000 0.000000 0.000000 0.000000 0.000000 0.000000 0.000000 0.000000 0.000000 0.000000 0.000000 0.000000 0.000000 0.000000 0.000000
21.452337 1.000000 0.510804 0.194756 -0.199981 -0.432463 0.099409 0.009515 -0.099948 0.508167 -0.189375 0.206105 -0.442565 -0.098510 0.010594 0.100308 0.444073 0.227857 0.205287 1.614089 0.015251 -0.189232 0.124875 -0.023447 0.366978 -0.001965 0.665748 0.240018 -0.182489 -0.099229 -0.731016 0.099392 0.407411 -0.345179 -0.018872 -0.939401 0.195514 -1.204793 0.513004 -0.188973 -1.298597 0.274267 -0.934842 -0.167417 1.942524 1.329047 -6.072365 2.001311 0.589616 -2.594000 1.942524 1.329047 2.756635 2.001311 0.589616 6.235000 0.000000 0.000000 -8.829000 0.000000 0.000000 -8.829000 0.000000 0.000000 0.000000 0.000000 0.000000 0.000000 0.000000 0.000000 0.000000 0.000000 0.000000 0.000000 0.000000 0.000000 0.000000 0.000000 0.000000 0.000000 0.000000 0.000000 0.000000 0.000000 0.000000 0.000000
21.488875 1.000000 0.510828 0.194756 -0.199969 -0.432463 0.099373 0.009515 -0.099924 0.508167 -0.189375 0.206105 -0.442577 -0.098534 0.010594 0.100296 0.443214 0.213842 0.207257 1.613865 0.013976 -0.189243 0.127340 -0.035158 0.366192 -0.003238 0.656497 0.251949 -0.188836 -0.097314 -0.731839 0.085409 0.409390 -0.345397 -0.020139 -0.939416 0.197967 -1.216507 0.512217 -0.190248 -1.307852 0.286193 -0.941186 -0.165511 1.957183 1.314624 -6.075237 2.027820 0.590396 -2.550318 1.957183 1.314624 2.753763 2.027820 0.590396 6.278682 0.000000 0.000000 -8.829000 0.000000 0.000000 -8.829000 0.000000 0.000000 0.000000 0.000000 0.000000 0.000000 0.000000 0.000000 0.000000 0.000000 0.000000 0.000000 0.000000 0.000000 0.000000 0.000000 0.000000 0.000000 0.000000 0.000000 0.000000 0.000000 0.000000 0.000000
21.517072 1.000000 0.510816 0.194756 -0.199957 -0.432463 0.099337 0.009515 -0.099936 0.508155 -0.189375 0.206081 -0.442577 -0.098582 0.010582 0.100308 0.449500 0.223415 0.210477 1.616618 0.013321 -0.188367 0.126594 -0.029759 0.364866 -0.005410 0.666034 0.250069 -0.186439 -0.098906 -0.725576 0.094995 0.412623 -0.342646 -0.020799 -0.938546 0.197211 -1.211134 0.510858 -0.192444 -1.298316 0.284319 -0.938781 -0.167125 1.929298 1.343804 -6.079768 2.030431 0.577300 -2.589892 1.929298 1.343804 2.749232 2.030431 0.577300 6.239108 0.000000 0.000000 -8.829000 0.000000 0.000000 -8.829000 0.000000 0.000000 0.000000 0.000000 0.000000 0.000000 0.000000 0.000000 0.000000 0.000000 0.000000 0.000000 0.000000 0.000000 0.000000 0.000000 0.000000 0.000000 0.000000 0.000000 0.000000 0.000000 0.000000 0.000000
21.546185 1.000000 0.510804 0.194744 -0.199993 -0.432463 0.099337 0.009503 -0.099924 0.508167 -0.189375 0.206093 -0.442553 -0.098534 0.010594 0.100308 0.426695 0.232025 0.211671 1.609894 0.012503 -0.191426 0.124486 -0.030027 0.365961 -0.004229 0.664883 0.258138 -0.186304 -0.099817 -0.748396 0.103535 0.413765 -0.349380 -0.021615 -0.941611 0.195095 -1.211373 0.511964 -0.191250 -1.299458 0.292386 -0.938651 -0.168016 2.019528 1.351091 -6.058913 2.028325 0.582931 -2.585591 2.019528 1.351091 2.770087 2.028325 0.582931 6.243409 0.000000 0.000000 -8.829000 0.000000 0.000000 -8.829000 0.000000 0.000000 0.000000 0.000000 0.000000 0.000000 0.000000 0.000000 0.000000 0.000000 0.000000 0.000000 0.000000 0.000000 0.000000 0.000000 0.000000 0.000000 0.000000 0.000000 0.000000 0.000000 0.000000 0.000000
21.569676 1.000000 0.510792 0.194732 -0.199969 -0.432463 0.099397 0.009515 -0.099936 0.508167 -0.189375 0.206105 -0.442565 -0.098522 0.010582 0.100308 0.435418 0.233770 0.202772 1.613145 0.019627 -0.193076 0.125080 -0.024033 0.366238 -0.002145 0.664741 0.256080 -0.186179 -0.097829 -0.739701 0.105306 0.404873 -0.346132 -0.014493 -0.943251 0.195712 -1.205378 0.512265 -0.189152 -1.299606 0.290331 -0.938531 -0.166022 1.974687 1.326001 -6.067386 1.995354 0.589601 -2.582528 1.974687 1.326001 2.761614 1.995354 0.589601 6.246472 0.000000 0.000000 -8.829000 0.000000 0.000000 -8.829000 0.000000 0.000000 0.000000 0.000000 0.000000 0.000000 0.000000 0.000000 0.000000 0.000000 0.000000 0.000000 0.000000 0.000000 0.000000 0.000000 0.000000 0.000000 0.000000 0.000000 0.000000 0.000000 0.000000 0.000000
21.596891 1.000000 0.510804 0.194780 -0.199933 -0.432463 0.099361 0.009503 -0.099936 0.508155 -0.189351 0.206105 -0.442565 -0.098546 0.010606 0.100296 0.435469 0.239112 0.210954 1.614880 0.026789 -0.193629 0.125941 -0.014093 0.366993 -0.003295 0.669573 0.262697 -0.183474 -0.094818 -0.739630 0.110748 0.413166 -0.344380 -0.007332 -0.943800 0.196580 -1.195464 0.513035 -0.190270 -1.294780 0.296940 -0.935826 -0.163013 1.981337 1.364876 -6.069266 1.960891 0.584602 -2.600621 1.981337 1.364876 2.759734 1.960891 0.584602 6.228379 0.000000 0.000000 -8.829000 0.000000 0.000000 -8.829000 0.000000 0.000000 0.000000 0.000000 0.000000 0.000000 0.000000 0.000000 0.000000 0.000000 0.000000 0.000000 0.000000 0.000000 0.000000 0.000000 0.000000 0.000000 0.000000 0.000000 0.000000 0.000000 0.000000 0.000000
21.626177 1.000000 0.510804 0.194756 -0.199969 -0.432475 0.099397 0.009503 -0.099936 0.508167 -0.189375 0.206105 -0.442565 -0.098546 0.010594 0.100308 0.436348 0.245147 0.210704 1.615130 0.024182 -0.193134 0.127583 -0.019552 0.364465 -0.005690 0.668363 0.259591 -0.183910 -0.096976 -0.738749 0.116701 0.412839 -0.344142 -0.009939 -0.943307 0.198222 -1.200898 0.510490 -0.192699 -1.295983 0.293839 -0.936257 -0.165176 1.974167 1.374877 -6.068486 1.986010 0.572700 -2.596723 1.974167 1.374877 2.760514 1.986010 0.572700 6.232277 0.000000 0.000000 -8.829000 0.000000 0.000000 -8.829000 0.000000 0.000000 0.000000 0.000000 0.000000 0.000000 0.000000 0.000000 0.000000 0.000000 0.000000 0.000000 0.000000 0.000000 0.000000 0.000000 0.000000 0.000000 0.000000 0.000000 0.000000 0.000000 0.000000 0.000000
21.652874 1.000000 0.510804 0.194744 -0.199969 -0.432475 0.099361 0.009527 -0.099924 0.508155 -0.189375 0.206105 -0.442553 -0.098546 0.010594 0.100308 0.438867 0.233755 0.210199 1.619481 0.030846 -0.190493 0.126828 -0.022204 0.366036 -0.001085 0.664975 0.257290 -0.185268 -0.094554 -0.736232 0.105306 0.412319 -0.339792 -0.003268 -0.940671 0.197450 -1.203567 0.512062 -0.188098 -1.299370 0.291539 -0.937615 -0.162755 1.983722 1.355521 -6.094036 1.985937 0.594398 -2.584419 1.983722 1.355521 2.734964 1.985937 0.594398 6.244581 0.000000 0.000000 -8.829000 0.000000 0.000000 -8.829000 0.000000 0.000000 0.000000 0.000000 0.000000 0.000000 0.000000 0.000000 0.000000 0.000000 0.000000 0.000000 0.000000 0.000000 0.000000 0.000000 0.000000 0.000000 0.000000 0.000000 0.000000 0.000000 0.000000 0.000000
21.676958 1.000000 0.510804 0.194756 -0.199957 -0.432463 0.099361 0.009515 -0.099936 0.508167 -0.189375 0.206105 -0.442553 -0.098570 0.010594 0.100296 0.429988 0.247064 0.215365 1.615631 0.028292 -0.191835 0.130083 -0.018460 0.366707 -0.001662 0.670171 0.255261 -0.182927 -0.097875 -0.745108 0.118642 0.417514 -0.343636 -0.005827 -0.942010 0.200710 -1.199803 0.512726 -0.188674 -1.294171 0.289505 -0.935270 -0.166085 2.012782 1.394021 -6.074938 1.985532 0.589646 -2.607757 2.012782 1.394021 2.754062 1.985532 0.589646 6.221243 0.000000 0.000000 -8.829000 0.000000 0.000000 -8.829000 0.000000 0.000000 0.000000 0.000000 0.000000 0.000000 0.000000 0.000000 0.000000 0.000000 0.000000 0.000000 0.000000 0.000000 0.000000 0.000000 0.000000 0.000000 0.000000 0.000000 0.000000 0.000000 0.000000 0.000000
21.700366 1.000000 0.510792 0.194732 -0.199981 -0.432463 0.099361 0.009515 -0.099924 0.508155 -0.189375 0.206105 -0.442553 -0.098510 0.010594 0.100308 0.434515 0.240092 0.212130 1.618355 0.033520 -0.190671 0.128895 -0.019069 0.363720 -0.003976 0.669774 0.261028 -0.182407 -0.095064 -0.740602 0.111611 0.414221 -0.340923 -0.000596 -0.940853 0.199512 -1.200432 0.509745 -0.190989 -1.294571 0.295278 -0.934759 -0.163253 2.000741 1.372207 -6.089301 1.986991 0.578615 -2.605364 2.000741 1.372207 2.739699 1.986991 0.578615 6.223636 0.000000 0.000000 -8.829000 0.000000 0.000000 -8.829000 0.000000 0.000000 0.000000 0.000000 0.000000 0.000000 0.000000 0.000000 0.000000 0.000000 0.000000 0.000000 0.000000 0.000000 0.000000 0.000000 0.000000 0.000000 0.000000 0.000000 0.000000 0.000000 0.000000 0.000000
21.727778 1.000000 0.510816 0.194756 -0.199969 -0.432463 0.099409 0.009515 -0.099924 0.508167 -0.189387 0.206105 -0.442553 -0.098498 0.010594 0.100320 0.414522 0.237770 0.202614 1.609998 0.030120 -0.195651 0.126050 -0.021449 0.362240 -0.004214 0.663838 0.258492 -0.185205 -0.093787 -0.760552 0.109335 0.404750 -0.349267 -0.003995 -0.945819 0.196691 -1.202788 0.508257 -0.191241 -1.300501 0.292746 -0.937557 -0.161973 2.068666 1.324342 -6.063828 1.978450 0.577137 -2.576981 2.068666 1.324342 2.765172 1.978450 0.577137 6.252019 0.000000 0.000000 -8.829000 0.000000 0.000000 -8.829000 0.000000 0.000000 0.000000 0.000000 0.000000 0.000000 0.000000 0.000000 0.000000 0.000000 0.000000 0.000000 0.000000 0.000000 0.000000 0.000000 0.000000 0.000000 0.000000 0.000000 0.000000 0.000000 0.000000 0.000000
21.753054 1.000000 0.510792 0.194768 -0.199993 -0.432463 0.099361 0.009527 -0.099912 0.508179 -0.189375 0.206093 -0.442553 -0.098510 0.010582 0.100308 0.432090 0.246001 0.211540 1.618508 0.027663 -0.192845 0.125494 -0.024476 0.365612 -0.004015 0.664158 0.256420 -0.185054 -0.095746 -0.743016 0.117536 0.413682 -0.340761 -0.006446 -0.943021 0.196120 -1.205802 0.511615 -0.191032 -1.300181 0.290671 -0.937405 -0.163935 2.005651 1.376300 -6.086210 1.997850 0.583222 -2.581539 2.005651 1.376300 2.742790 1.997850 0.583222 6.247461 0.000000 0.000000 -8.829000 0.000000 0.000000 -8.829000 0.000000 0.000000 0.000000 0.000000 0.000000 0.000000 0.000000 0.000000 0.000000 0.000000 0.000000 0.000000 0.000000 0.000000 0.000000 0.000000 0.000000 0.000000 0.000000 0.000000 0.000000 0.000000 0.000000 0.000000
21.777007 1.000000 0.510804 0.194756 -0.199981 -0.432463 0.099361 0.009527 -0.099924 0.508155 -0.189351 0.206105 -0.442553 -0.098510 0.010582 0.100308 0.457715 0.255886 0.211839 1.625742 0.025844 -0.189258 0.126300 -0.018220 0.365113 -0.003109 0.668370 0.254533 -0.184775 -0.096650 -0.717376 0.127429 0.413968 -0.333526 -0.008269 -0.939435 0.196922 -1.199588 0.511160 -0.190081 -1.295981 0.288784 -0.937132 -0.164831 1.891459 1.404445 -6.101792 1.976825 0.582676 -2.595995 1.891459 1.404445 2.727208 1.976825 0.582676 6.233005 0.000000 0.000000 -8.829000 0.000000 0.000000 -8.829000 0.000000 0.000000 0.000000 0.000000 0.000000 0.000000 0.000000 0.000000 0.000000 0.000000 0.000000 0.000000 0.000000 0.000000 0.000000 0.000000 0.000000 0.000000 0.000000 0.000000 0.000000 0.000000 0.000000 0.000000
21.802749 1.000000 0.510804 0.194756 -0.199969 -0.432475 0.099361 0.009515 -0.099924 0.508155 -0.189351 0.206105 -0.442553 -0.098546 0.010594 0.100308 0.436206 0.245237 0.206867 1.615097 0.023479 -0.193578 0.125101 -0.024154 0.367678 -0.001306 0.664223 0.252837 -0.186165 -0.097583 -0.738891 0.116795 0.409006 -0.344174 -0.010637 -0.943755 0.195726 -1.205522 0.513722 -0.188279 -1.300127 0.287086 -0.938515 -0.165777 1.970953 1.359696 -6.069374 1.995072 0.595105 -2.581449 1.970953 1.359696 2.759626 1.995072 0.595105 6.247551 0.000000 0.000000 -8.829000 0.000000 0.000000 -8.829000 0.000000 0.000000 0.000000 0.000000 0.000000 0.000000 0.000000 0.000000 0.000000 0.000000 0.000000 0.000000 0.000000 0.000000 0.000000 0.000000 0.000000 0.000000 0.000000 0.000000 0.000000 0.000000 0.000000 0.000000
21.828568 1.000000 0.510804 0.194756 -0.199969 -0.432463 0.099361 0.009515 -0.099924 0.508167 -0.189351 0.206093 -0.442553 -0.098498 0.010594 0.100308 0.443009 0.257780 0.213597 1.618938 0.021752 -0.193048 0.125825 -0.016291 0.362895 -0.005581 0.679755 0.251147 -0.182488 -0.096892 -0.732085 0.129342 0.415737 -0.340330 -0.012363 -0.943225 0.196450 -1.197642 0.508918 -0.192562 -1.284591 0.285396 -0.934844 -0.165070 1.943661 1.407201 -6.075121 2.001804 0.569461 -2.645321 1.943661 1.407201 2.753879 2.001804 0.569461 6.183679 0.000000 0.000000 -8.829000 0.000000 0.000000 -8.829000 0.000000 0.000000 0.000000 0.000000 0.000000 0.000000 0.000000 0.000000 0.000000 0.000000 0.000000 0.000000 0.000000 0.000000 0.000000 0.000000 0.000000 0.000000 0.000000 0.000000 0.000000 0.000000 0.000000 0.000000
21.853632 1.000000 0.510816 0.194756 -0.199981 -0.432463 0.099373 0.009515 -0.099936 0.508167 -0.189351 0.206093 -0.442565 -0.098510 0.010594 0.100308 0.428573 0.264008 0.217887 1.618920 0.028152 -0.191807 0.127994 -0.028673 0.366303 -0.004100 0.670614 0.250120 -0.187735 -0.095636 -0.746497 0.135549 0.420009 -0.340346 -0.005967 -0.941982 0.198619 -1.210027 0.512328 -0.191080 -1.293736 0.284369 -0.940090 -0.163819 2.019339 1.428503 -6.083937 2.035170 0.586391 -2.607546 2.019339 1.428503 2.745063 2.035170 0.586391 6.221454 0.000000 0.000000 -8.829000 0.000000 0.000000 -8.829000 0.000000 0.000000 0.000000 0.000000 0.000000 0.000000 0.000000 0.000000 0.000000 0.000000 0.000000 0.000000 0.000000 0.000000 0.000000 0.000000 0.000000 0.000000 0.000000 0.000000 0.000000 0.000000 0.000000 0.000000
21.877760 1.000000 0.510816 0.194780 -0.199993 -0.432463 0.099361 0.009527 -0.099924 0.508167 -0.189375 0.206093 -0.442553 -0.098510 0.010582 0.100332 0.459854 0.249653 0.198456 1.623358 0.033747 -0.190373 0.124485 -0.025758 0.366159 -0.004195 0.676567 0.249086 -0.189457 -0.096900 -0.715208 0.121199 0.400609 -0.335902 -0.000366 -0.940546 0.195111 -1.207103 0.512171 -0.191211 -1.287774 0.283345 -0.941808 -0.165089 1.867101 1.346432 -6.096334 2.034772 0.584228 -2.627848 1.867101 1.346432 2.732666 2.034772 0.584228 6.201152 0.000000 0.000000 -8.829000 0.000000 0.000000 -8.829000 0.000000 0.000000 0.000000 0.000000 0.000000 0.000000 0.000000 0.000000 0.000000 0.000000 0.000000 0.000000 0.000000 0.000000 0.000000 0.000000 0.000000 0.000000 0.000000 0.000000 0.000000 0.000000 0.000000 0.000000
21.911515 1.000000 0.510804 0.194768 -0.199945 -0.432475 0.099373 0.009515 -0.099912 0.508167 -0.189387 0.206093 -0.442553 -0.098558 0.010594 0.100308 0.440535 0.235427 0.196868 1.618194 0.040230 -0.191722 0.124070 -0.020765 0.361253 -0.007154 0.682506 0.247384 -0.184968 -0.095609 -0.734567 0.107039 0.399053 -0.341074 0.006120 -0.941894 0.194709 -1.202108 0.507245 -0.194196 -1.281833 0.281632 -0.937311 -0.163819 1.959530 1.309949 -6.091036 2.029587 0.564188 -2.654982 1.959530 1.309949 2.737964 2.029587 0.564188 6.174018 0.000000 0.000000 -8.829000 0.000000 0.000000 -8.829000 0.000000 0.000000 0.000000 0.000000 0.000000 0.000000 0.000000 0.000000 0.000000 0.000000 0.000000 0.000000 0.000000 0.000000 0.000000 0.000000 0.000000 0.000000 0.000000 0.000000 0.000000 0.000000 0.000000 0.000000
21.942380 1.000000 0.510804 0.194744 -0.199969 -0.432463 0.099373 0.009515 -0.099912 0.508167 -0.189375 0.206105 -0.442577 -0.098546 0.010594 0.100308 0.433207 0.235562 0.200393 1.616140 0.045438 -0.192175 0.124051 -0.024210 0.367535 -0.002878 0.678060 0.246595 -0.183763 -0.096720 -0.741891 0.107118 0.402515 -0.343131 0.011327 -0.942352 0.194677 -1.205558 0.513563 -0.189886 -1.286288 0.280844 -0.936111 -0.164921 1.993844 1.319626 -6.085683 2.037970 0.590091 -2.643756 1.993844 1.319626 2.743317 2.037970 0.590091 6.185244 0.000000 0.000000 -8.829000 0.000000 0.000000 -8.829000 0.000000 0.000000 0.000000 0.000000 0.000000 0.000000 0.000000 0.000000 0.000000 0.000000 0.000000 0.000000 0.000000 0.000000 0.000000 0.000000 0.000000 0.000000 0.000000 0.000000 0.000000 0.000000 0.000000 0.000000
21.974014 1.000000 0.510804 0.194756 -0.199957 -0.432463 0.099361 0.009527 -0.099936 0.508167 -0.189375 0.206117 -0.442553 -0.098510 0.010594 0.100320 0.440029 0.248492 0.191481 1.610096 0.040140 -0.187989 0.120913 -0.009198 0.366009 0.000485 0.679166 0.245486 -0.182932 -0.093826 -0.735066 0.120072 0.393631 -0.349170 0.006023 -0.938163 0.191539 -1.190536 0.512056 -0.186511 -1.285177 0.279740 -0.935285 -0.162011 1.931397 1.310151 -6.061735 1.960133 0.595252 -2.641473 1.931397 1.310151 2.767265 1.960133 0.595252 6.187527 0.000000 0.000000 -8.829000 0.000000 0.000000 -8.829000 0.000000 0.000000 0.000000 0.000000 0.000000 0.000000 0.000000 0.000000 0.000000 0.000000 0.000000 0.000000 0.000000 0.000000 0.000000 0.000000 0.000000 0.000000 0.000000 0.000000 0.000000 0.000000 0.000000 0.000000
22.004719 1.000000 0.510804 0.194756 -0.199981 -0.432451 0.099349 0.009515 -0.099912 0.508155 -0.189375 0.206105 -0.442565 -0.098558 0.010582 0.100320 0.442649 0.242019 0.191668 1.613448 0.035585 -0.187350 0.121058 -0.016758 0.361785 -0.005438 0.672707 0.244730 -0.184808 -0.093987 -0.732440 0.113567 0.393799 -0.345818 0.001473 -0.937528 0.191677 -1.198123 0.507818 -0.192447 -1.291641 0.278984 -0.937155 -0.162193 1.931945 1.301314 -6.076814 1.980757 0.570081 -2.612441 1.931945 1.301314 2.752186 1.980757 0.570081 6.216559 0.000000 0.000000 -8.829000 0.000000 0.000000 -8.829000 0.000000 0.000000 0.000000 0.000000 0.000000 0.000000 0.000000 0.000000 0.000000 0.000000 0.000000 0.000000 0.000000 0.000000 0.000000 0.000000 0.000000 0.000000 0.000000 0.000000 0.000000 0.000000 0.000000 0.000000
22.043606 1.000000 0.510804 0.194756 -0.199945 -0.432463 0.099409 0.009527 -0.099912 0.508167 -0.189375 0.206105 -0.442553 -0.098534 0.010582 0.100308 0.414550 0.242854 0.202610 1.604392 0.030421 -0.191200 0.122979 -0.020073 0.363925 -0.005890 0.670591 0.244032 -0.187466 -0.093121 -0.760551 0.114462 0.404776 -0.354874 -0.003687 -0.941367 0.193626 -1.201416 0.509950 -0.192899 -1.293752 0.278282 -0.939815 -0.161317 2.054672 1.331354 -6.046177 1.990398 0.574015 -2.601785 2.054672 1.331354 2.782823 1.990398 0.574015 6.227215 0.000000 0.000000 -8.829000 0.000000 0.000000 -8.829000 0.000000 0.000000 0.000000 0.000000 0.000000 0.000000 0.000000 0.000000 0.000000 0.000000 0.000000 0.000000 0.000000 0.000000 0.000000 0.000000 0.000000 0.000000 0.000000 0.000000 0.000000 0.000000 0.000000 0.000000
22.098969 1.000000 0.510780 0.194756 -0.199993 -0.432475 0.099385 0.009515 -0.099936 0.508167 -0.189375 0.206105 -0.442553 -0.098546 0.010582 0.100308 0.466101 0.225460 0.207371 1.615959 0.024769 -0.194584 0.122881 -0.016999 0.363032 -0.005158 0.674862 0.242889 -0.180708 -0.087493 -0.709031 0.096971 0.409490 -0.343320 -0.009350 -0.944760 0.193512 -1.198342 0.509056 -0.192167 -1.289481 0.277139 -0.933055 -0.155694 1.830832 1.339400 -6.056630 1.992282 0.577024 -2.629719 1.830832 1.339400 2.772370 1.992282 0.577024 6.199281 0.000000 0.000000 -8.829000 0.000000 0.000000 -8.829000 0.000000 0.000000 0.000000 0.000000 0.000000 0.000000 0.000000 0.000000 0.000000 0.000000 0.000000 0.000000 0.000000 0.000000 0.000000 0.000000 0.000000 0.000000 0.000000 0.000000 0.000000 0.000000 0.000000 0.000000
22.128645 1.000000 0.510792 0.194744 -0.199981 -0.432463 0.099349 0.009515 -0.099936 0.508167 -0.189375 0.206105 -0.442565 -0.098510 0.010582 0.100308 0.456463 0.227549 0.194820 1.616694 0.022568 -0.193610 0.123368 -0.023252 0.362181 -0.006883 0.667362 0.242785 -0.183768 -0.087916 -0.718650 0.099074 0.396928 -0.342581 -0.011552 -0.943791 0.193984 -1.204598 0.508209 -0.193891 -1.296984 0.277037 -0.936121 -0.156104 1.873447 1.294780 -6.072354 2.000953 0.571742 -2.595991 1.873447 1.294780 2.756646 2.000953 0.571742 6.233009 0.000000 0.000000 -8.829000 0.000000 0.000000 -8.829000 0.000000 0.000000 0.000000 0.000000 0.000000 0.000000 0.000000 0.000000 0.000000 0.000000 0.000000 0.000000 0.000000 0.000000 0.000000 0.000000 0.000000 0.000000 0.000000 0.000000 0.000000 0.000000 0.000000 0.000000
22.158071 1.000000 0.510804 0.194768 -0.199993 -0.432463 0.099361 0.009515 -0.099936 0.508167 -0.189375 0.206105 -0.442553 -0.098522 0.010618 0.100308 0.434394 0.215411 0.200150 1.610098 0.029741 -0.195610 0.124321 -0.012257 0.363622 -0.006228 0.677822 0.242161 -0.178971 -0.087654 -0.740691 0.086939 0.402284 -0.349168 -0.004378 -0.945786 0.194945 -1.193599 0.509641 -0.193239 -1.286518 0.276407 -0.931319 -0.155845 1.978966 1.285882 -6.058431 1.979342 0.571987 -2.641951 1.978966 1.285882 2.770569 1.979342 0.571987 6.187049 0.000000 0.000000 -8.829000 0.000000 0.000000 -8.829000 0.000000 0.000000 0.000000 0.000000 0.000000 0.000000 0.000000 0.000000 0.000000 0.000000 0.000000 0.000000 0.000000 0.000000 0.000000 0.000000 0.000000 0.000000 0.000000 0.000000 0.000000 0.000000 0.000000 0.000000
22.190503 1.000000 0.510804 0.194756 -0.199957 -0.432475 0.099385 0.009527 -0.099924 0.508191 -0.189375 0.206081 -0.442577 -0.098510 0.010594 0.100320 0.463409 0.207428 0.187929 1.607095 0.026653 -0.192183 0.120878 -0.034990 0.363866 -0.006576 0.667349 0.242075 -0.183573 -0.087649 -0.711691 0.079009 0.390081 -0.352174 -0.007460 -0.942355 0.191514 -1.216303 0.509853 -0.193598 -1.296992 0.276329 -0.935923 -0.155839 1.820873 1.239137 -6.038568 2.062825 0.580550 -2.604432 1.820873 1.239137 2.790432 2.062825 0.580550 6.224568 0.000000 0.000000 -8.829000 0.000000 0.000000 -8.829000 0.000000 0.000000 0.000000 0.000000 0.000000 0.000000 0.000000 0.000000 0.000000 0.000000 0.000000 0.000000 0.000000 0.000000 0.000000 0.000000 0.000000 0.000000 0.000000 0.000000 0.000000 0.000000 0.000000 0.000000
22.225543 1.000000 0.510804 0.194768 -0.199969 -0.432451 0.099361 0.009527 -0.099912 0.508167 -0.189375 0.206105 -0.442553 -0.098546 0.010606 0.100320 0.452635 0.218758 0.199360 1.610799 0.023690 -0.190478 0.120283 -0.033448 0.365861 -0.004380 0.681766 0.241679 -0.182137 -0.090318 -0.722454 0.090338 0.401524 -0.348463 -0.010419 -0.940651 0.190911 -1.214789 0.511886 -0.191388 -1.282575 0.275931 -0.934482 -0.158517 1.889065 1.293790 -6.056515 2.096981 0.589952 -2.667905 1.889065 1.293790 2.772485 2.096981 0.589952 6.161095 0.000000 0.000000 -8.829000 0.000000 0.000000 -8.829000 0.000000 0.000000 0.000000 0.000000 0.000000 0.000000 0.000000 0.000000 0.000000 0.000000 0.000000 0.000000 0.000000 0.000000 0.000000 0.000000 0.000000 0.000000 0.000000 0.000000 0.000000 0.000000 0.000000 0.000000
22.259334 1.000000 0.510816 0.194768 -0.199981 -0.432475 0.099313 0.009527 -0.099912 0.508167 -0.189387 0.206105 -0.442565 -0.098534 0.010594 0.100308 0.453431 0.219180 0.199394 1.613279 0.021222 -0.189624 0.120121 -0.024124 0.362328 -0.006688 0.680556 0.241411 -0.182119 -0.090249 -0.721640 0.090736 0.401540 -0.345987 -0.012887 -0.939807 0.190730 -1.205467 0.508343 -0.193717 -1.283787 0.275660 -0.934466 -0.158449 1.892342 1.294843 -6.067600 2.044663 0.571986 -2.655009 1.892342 1.294843 2.761400 2.044663 0.571986 6.173991 0.000000 0.000000 -8.829000 0.000000 0.000000 -8.829000 0.000000 0.000000 0.000000 0.000000 0.000000 0.000000 0.000000 0.000000 0.000000 0.000000 0.000000 0.000000 0.000000 0.000000 0.000000 0.000000 0.000000 0.000000 0.000000 0.000000 0.000000 0.000000 0.000000 0.000000
22.293991 1.000000 0.510816 0.194744 -0.199969 -0.432475 0.099361 0.009515 -0.099900 0.508155 -0.189375 0.206105 -0.442565 -0.098510 0.010582 0.100308 0.471185 0.234374 0.205717 1.605305 0.019190 -0.188408 0.121478 -0.029042 0.361842 -0.009387 0.678003 0.241277 -0.180253 -0.090492 -0.703896 0.105932 0.407837 -0.353967 -0.014917 -0.938588 0.192100 -1.210408 0.507872 -0.196398 -1.286346 0.275528 -0.932608 -0.158681 1.774998 1.349948 -6.015848 2.067124 0.563090 -2.649265 1.774998 1.349948 2.813152 2.067124 0.563090 6.179735 0.000000 0.000000 -8.829000 0.000000 0.000000 -8.829000 0.000000 0.000000 0.000000 0.000000 0.000000 0.000000 0.000000 0.000000 0.000000 0.000000 0.000000 0.000000 0.000000 0.000000 0.000000 0.000000 0.000000 0.000000 0.000000 0.000000 0.000000 0.000000 0.000000 0.000000
22.322398 1.000000 0.510804 0.194780 -0.199981 -0.432475 0.099361 0.009503 -0.099936 0.508167 -0.189375 0.206105 -0.442565 -0.098546 0.010606 0.100320 0.451171 0.236458 0.207329 1.601000 0.017611 -0.191199 0.123052 -0.036722 0.378647 -0.003289 0.672952 0.241295 -0.184051 -0.091697 -0.723918 0.108011 0.409493 -0.358267 -0.016510 -0.941375 0.193682 -1.218066 0.524674 -0.190296 -1.291391 0.275546 -0.936397 -0.159897 1.863063 1.351888 -6.005199 2.095300 0.614769 -2.633558 1.863063 1.351888 2.823801 2.095300 0.614769 6.195442 0.000000 0.000000 -8.829000 0.000000 0.000000 -8.829000 0.000000 0.000000 0.000000 0.000000 0.000000 0.000000 0.000000 0.000000 0.000000 0.000000 0.000000 0.000000 0.000000 0.000000 0.000000 0.000000 0.000000 0.000000 0.000000 0.000000 0.000000 0.000000 0.000000 0.000000
22.356861 1.000000 0.510816 0.194756 -0.199933 -0.432475 0.099373 0.009515 -0.099924 0.508167 -0.189375 0.206105 -0.442553 -0.098522 0.010594 0.100308 0.437137 0.235394 0.212720 1.600623 0.027022 -0.193871 0.124260 -0.023142 0.371224 -0.004995 0.678931 0.240919 -0.181334 -0.090841 -0.737949 0.107015 0.414891 -0.358642 -0.007093 -0.944043 0.194896 -1.204484 0.517247 -0.192004 -1.285411 0.275168 -0.933684 -0.159033 1.936518 1.364588 -6.007699 2.040913 0.591480 -2.652023 1.936518 1.364588 2.821301 2.040913 0.591480 6.176977 0.000000 0.000000 -8.829000 0.000000 0.000000 -8.829000 0.000000 0.000000 0.000000 0.000000 0.000000 0.000000 0.000000 0.000000 0.000000 0.000000 0.000000 0.000000 0.000000 0.000000 0.000000 0.000000 0.000000 0.000000 0.000000 0.000000 0.000000 0.000000 0.000000 0.000000
22.388313 1.000000 0.510792 0.194756 -0.199945 -0.432463 0.099385 0.009515 -0.099936 0.508167 -0.189387 0.206093 -0.442577 -0.098522 0.010594 0.100308 0.457412 0.233386 0.198919 1.606295 0.024251 -0.196156 0.124878 -0.025110 0.370273 -0.006280 0.675107 0.240906 -0.182524 -0.090651 -0.717709 0.104982 0.401084 -0.352974 -0.009868 -0.946328 0.195516 -1.206458 0.516272 -0.193319 -1.289238 0.275155 -0.934873 -0.158849 1.836365 1.320133 -6.019688 2.039333 0.586162 -2.634369 1.836365 1.320133 2.809312 2.039333 0.586162 6.194631 0.000000 0.000000 -8.829000 0.000000 0.000000 -8.829000 0.000000 0.000000 0.000000 0.000000 0.000000 0.000000 0.000000 0.000000 0.000000 0.000000 0.000000 0.000000 0.000000 0.000000 0.000000 0.000000 0.000000 0.000000 0.000000 0.000000 0.000000 0.000000 0.000000 0.000000
22.420623 1.000000 0.510816 0.194756 -0.199957 -0.432475 0.099361 0.009515 -0.099912 0.508167 -0.189387 0.206105 -0.442553 -0.098534 0.010582 0.100296 0.467651 0.225392 0.206546 1.614740 0.032232 -0.191742 0.128170 -0.025862 0.366835 -0.009543 0.673674 0.240844 -0.182800 -0.091153 -0.707430 0.096976 0.408695 -0.344528 -0.001879 -0.941919 0.198797 -1.207204 0.512846 -0.196573 -1.290667 0.275091 -0.935148 -0.159354 1.823787 1.341111 -6.055673 2.039121 0.568874 -2.626134 1.823787 1.341111 2.773327 2.039121 0.568874 6.202866 0.000000 0.000000 -8.829000 0.000000 0.000000 -8.829000 0.000000 0.000000 0.000000 0.000000 0.000000 0.000000 0.000000 0.000000 0.000000 0.000000 0.000000 0.000000 0.000000 0.000000 0.000000 0.000000 0.000000 0.000000 0.000000 0.000000 0.000000 0.000000 0.000000 0.000000
22.451657 1.000000 0.510804 0.194768 -0.199981 -0.432475 0.099337 0.009527 -0.099936 0.508167 -0.189375 0.206105 -0.442565 -0.098522 0.010582 0.100308 0.444632 0.227217 0.193603 1.611699 0.038670 -0.192995 0.125626 -0.026586 0.366798 -0.006713 0.672493 0.240796 -0.183005 -0.089643 -0.730458 0.098763 0.395748 -0.347569 0.004552 -0.943174 0.196243 -1.207932 0.512825 -0.193720 -1.291854 0.275047 -0.935357 -0.157836 1.922253 1.287223 -6.062057 2.036892 0.580233 -2.622416 1.922253 1.287223 2.766943 2.036892 0.580233 6.206584 0.000000 0.000000 -8.829000 0.000000 0.000000 -8.829000 0.000000 0.000000 0.000000 0.000000 0.000000 0.000000 0.000000 0.000000 0.000000 0.000000 0.000000 0.000000 0.000000 0.000000 0.000000 0.000000 0.000000 0.000000 0.000000 0.000000 0.000000 0.000000 0.000000 0.000000
22.481481 1.000000 0.510792 0.194756 -0.199933 -0.432475 0.099373 0.009515 -0.099924 0.508167 -0.189375 0.206105 -0.442553 -0.098546 0.010582 0.100308 0.453884 0.241334 0.190766 1.610985 0.034411 -0.194968 0.127958 -0.020479 0.369955 -0.002702 0.670521 0.240886 -0.183976 -0.088593 -0.721244 0.112951 0.392944 -0.348286 0.000296 -0.945142 0.198596 -1.201823 0.515980 -0.189710 -1.293822 0.275136 -0.936324 -0.156793 1.859269 1.305052 -6.045409 1.997472 0.597878 -2.611122 1.859269 1.305052 2.783591 1.997472 0.597878 6.217878 0.000000 0.000000 -8.829000 0.000000 0.000000 -8.829000 0.000000 0.000000 0.000000 0.000000 0.000000 0.000000 0.000000 0.000000 0.000000 0.000000 0.000000 0.000000 0.000000 0.000000 0.000000 0.000000 0.000000 0.000000 0.000000 0.000000 0.000000 0.000000 0.000000 0.000000
22.512471 1.000000 0.510804 0.194768 -0.199957 -0.432463 0.099361 0.009515 -0.099936 0.508155 -0.189375 0.206093 -0.442577 -0.098510 0.010594 0.100308 0.439602 0.233680 0.193169 1.608235 0.030492 -0.195537 0.127508 -0.020771 0.362305 -0.009600 0.675205 0.240516 -0.179479 -0.089380 -0.735492 0.105269 0.395338 -0.351029 -0.003628 -0.945711 0.198139 -1.202142 0.508317 -0.196623 -1.289145 0.274766 -0.931832 -0.157572 1.930946 1.295045 -6.043916 2.017722 0.560049 -2.633694 1.930946 1.295045 2.785084 2.017722 0.560049 6.195306 0.000000 0.000000 -8.829000 0.000000 0.000000 -8.829000 0.000000 0.000000 0.000000 0.000000 0.000000 0.000000 0.000000 0.000000 0.000000 0.000000 0.000000 0.000000 0.000000 0.000000 0.000000 0.000000 0.000000 0.000000 0.000000 0.000000 0.000000 0.000000 0.000000 0.000000
22.545996 1.000000 0.510816 0.194744 -0.199945 -0.432463 0.099385 0.009515 -0.099924 0.508167 -0.189375 0.206117 -0.442553 -0.098522 0.010594 0.100308 0.445079 0.237396 0.187434 1.610237 0.037797 -0.194177 0.126848 -0.023872 0.363769 -0.005785 0.676471 0.240344 -0.179227 -0.088100 -0.730004 0.108990 0.389574 -0.349029 0.003683 -0.944349 0.197482 -1.205211 0.509812 -0.192783 -1.287872 0.274594 -0.931578 -0.156290 1.903630 1.282672 -6.052716 2.035456 0.578353 -2.643489 1.903630 1.282672 2.776284 2.035456 0.578353 6.185511 0.000000 0.000000 -8.829000 0.000000 0.000000 -8.829000 0.000000 0.000000 0.000000 0.000000 0.000000 0.000000 0.000000 0.000000 0.000000 0.000000 0.000000 0.000000 0.000000 0.000000 0.000000 0.000000 0.000000 0.000000 0.000000 0.000000 0.000000 0.000000 0.000000 0.000000
22.583990 1.000000 0.510792 0.194756 -0.199957 -0.432463 0.099397 0.009515 -0.099924 0.508155 -0.189375 0.206093 -0.442577 -0.098558 0.010582 0.100332 0.448837 0.233874 0.191257 1.615575 0.032519 -0.191701 0.126073 -0.027594 0.362164 -0.009191 0.671190 0.252609 -0.179233 -0.088643 -0.726281 0.105453 0.393412 -0.343695 -0.001596 -0.941872 0.196714 -1.208964 0.508183 -0.196209 -1.293161 0.286868 -0.931579 -0.156851 1.906576 1.291709 -6.076140 2.040934 0.564676 -2.620745 1.906576 1.291709 2.752860 2.040934 0.564676 6.208255 0.000000 0.000000 -8.829000 0.000000 0.000000 -8.829000 0.000000 0.000000 0.000000 0.000000 0.000000 0.000000 0.000000 0.000000 0.000000 0.000000 0.000000 0.000000 0.000000 0.000000 0.000000 0.000000 0.000000 0.000000 0.000000 0.000000 0.000000 0.000000 0.000000 0.000000
22.615116 1.000000 0.510816 0.194756 -0.199969 -0.432463 0.099361 0.009515 -0.099936 0.508167 -0.189375 0.206105 -0.442553 -0.098546 0.010594 0.100308 0.441991 0.252433 0.200740 1.614214 0.029027 -0.191759 0.126290 -0.012966 0.370090 -0.000643 0.668481 0.250958 -0.179120 -0.087057 -0.733082 0.123994 0.402874 -0.345051 -0.005092 -0.941935 0.196913 -1.194309 0.516113 -0.187653 -1.295862 0.285206 -0.931466 -0.155257 1.932358 1.352961 -6.065276 1.956431 0.602902 -2.606055 1.932358 1.352961 2.763724 1.956431 0.602902 6.222945 0.000000 0.000000 -8.829000 0.000000 0.000000 -8.829000 0.000000 0.000000 0.000000 0.000000 0.000000 0.000000 0.000000 0.000000 0.000000 0.000000 0.000000 0.000000 0.000000 0.000000 0.000000 0.000000 0.000000 0.000000 0.000000 0.000000 0.000000 0.000000 0.000000 0.000000
22.646235 1.000000 0.510816 0.194756 -0.199945 -0.432463 0.099397 0.009527 -0.099936 0.508155 -0.189375 0.206105 -0.442553 -0.098570 0.010606 0.100308 0.436710 0.246569 0.204681 1.615087 0.035852 -0.192959 0.126583 -0.025946 0.367126 -0.006940 0.664596 0.249595 -0.183061 -0.091533 -0.738369 0.118172 0.406840 -0.344174 0.001735 -0.943126 0.197223 -1.207308 0.513149 -0.193954 -1.299748 0.283842 -0.935403 -0.159743 1.967665 1.355642 -6.071387 2.011889 0.578274 -2.587847 1.967665 1.355642 2.757613 2.011889 0.578274 6.241153 0.000000 0.000000 -8.829000 0.000000 0.000000 -8.829000 0.000000 0.000000 0.000000 0.000000 0.000000 0.000000 0.000000 0.000000 0.000000 0.000000 0.000000 0.000000 0.000000 0.000000 0.000000 0.000000 0.000000 0.000000 0.000000 0.000000 0.000000 0.000000 0.000000 0.000000
22.680435 1.000000 0.510816 0.194768 -0.199957 -0.432463 0.099385 0.009515 -0.099912 0.508155 -0.189363 0.206105 -0.442565 -0.098534 0.010594 0.100320 0.442731 0.242309 0.191491 1.617588 0.031460 -0.191581 0.125298 -0.014632 0.367911 -0.002948 0.675186 0.247955 -0.179360 -0.089493 -0.732345 0.113907 0.393661 -0.341674 -0.002651 -0.941751 0.195937 -1.195999 0.513953 -0.189938 -1.289165 0.282209 -0.931711 -0.157686 1.938046 1.303436 -6.086480 1.984392 0.590548 -2.633467 1.938046 1.303436 2.742520 1.984392 0.590548 6.195533 0.000000 0.000000 -8.829000 0.000000 0.000000 -8.829000 0.000000 0.000000 0.000000 0.000000 0.000000 0.000000 0.000000 0.000000 0.000000 0.000000 0.000000 0.000000 0.000000 0.000000 0.000000 0.000000 0.000000 0.000000 0.000000 0.000000 0.000000 0.000000 0.000000 0.000000
22.716311 1.000000 0.510816 0.194756 -0.199981 -0.432463 0.099409 0.009515 -0.099924 0.508155 -0.189375 0.206105 -0.442553 -0.098522 0.010582 0.100320 0.440767 0.232456 0.208630 1.618868 0.027619 -0.190541 0.122542 -0.012470 0.365346 -0.005746 0.677473 0.246598 -0.176141 -0.089619 -0.734304 0.104001 0.410755 -0.340398 -0.006496 -0.940710 0.193181 -1.193832 0.511377 -0.192756 -1.286872 0.280854 -0.928493 -0.157812 1.970674 1.345714 -6.091192 1.983926 0.575084 -2.645446 1.970674 1.345714 2.737808 1.983926 0.575084 6.183554 0.000000 0.000000 -8.829000 0.000000 0.000000 -8.829000 0.000000 0.000000 0.000000 0.000000 0.000000 0.000000 0.000000 0.000000 0.000000 0.000000 0.000000 0.000000 0.000000 0.000000 0.000000 0.000000 0.000000 0.000000 0.000000 0.000000 0.000000 0.000000 0.000000 0.000000
22.752056 1.000000 0.510828 0.194756 -0.199969 -0.432463 0.099361 0.009515 -0.099924 0.508167 -0.189387 0.206105 -0.442565 -0.098546 0.010594 0.100308 0.439904 0.230245 0.211053 1.608766 0.035773 -0.189558 0.120937 -0.022364 0.380201 -0.002487 0.669027 0.245760 -0.180587 -0.092217 -0.735149 0.101812 0.413185 -0.350496 0.001658 -0.939734 0.191560 -1.203707 0.526217 -0.189516 -1.295316 0.280008 -0.932933 -0.160421 1.951781 1.349777 -6.050980 2.014523 0.613286 -2.614022 1.951781 1.349777 2.778020 2.014523 0.613286 6.214978 0.000000 0.000000 -8.829000 0.000000 0.000000 -8.829000 0.000000 0.000000 0.000000 0.000000 0.000000 0.000000 0.000000 0.000000 0.000000 0.000000 0.000000 0.000000 0.000000 0.000000 0.000000 0.000000 0.000000 0.000000 0.000000 0.000000 0.000000 0.000000 0.000000 0.000000
22.784217 1.000000 0.510804 0.194768 -0.199969 -0.432475 0.099385 0.009515 -0.099924 0.508155 -0.189375 0.206105 -0.442553 -0.098534 0.010594 0.100308 0.432339 0.223562 0.200263 1.604827 0.031548 -0.193813 0.120399 -0.022082 0.374574 -0.007047 0.670807 0.245014 -0.180189 -0.092235 -0.742756 0.095131 0.402421 -0.354442 -0.002567 -0.943985 0.191036 -1.203445 0.520600 -0.194059 -1.293538 0.279262 -0.932538 -0.160432 1.971321 1.296601 -6.038342 2.018156 0.587741 -2.618737 1.971321 1.296601 2.790658 2.018156 0.587741 6.210263 0.000000 0.000000 -8.829000 0.000000 0.000000 -8.829000 0.000000 0.000000 0.000000 0.000000 0.000000 0.000000 0.000000 0.000000 0.000000 0.000000 0.000000 0.000000 0.000000 0.000000 0.000000 0.000000 0.000000 0.000000 0.000000 0.000000 0.000000 0.000000 0.000000 0.000000
22.814711 1.000000 0.510804 0.194756 -0.199993 -0.432463 0.099409 0.009527 -0.099924 0.508167 -0.189375 0.206105 -0.442553 -0.098546 0.010618 0.100308 0.436244 0.230732 0.221218 1.611009 0.028341 -0.190735 0.122890 -0.024343 0.385200 -0.005676 0.670215 0.244341 -0.180586 -0.091402 -0.738843 0.102256 0.423335 -0.348260 -0.005772 -0.940905 0.193528 -1.205685 0.531220 -0.192688 -1.294126 0.278586 -0.932931 -0.159601 1.982369 1.386080 -6.056123 2.033729 0.611331 -2.620735 1.982369 1.386080 2.772877 2.033729 0.611331 6.208265 0.000000 0.000000 -8.829000 0.000000 0.000000 -8.829000 0.000000 0.000000 0.000000 0.000000 0.000000 0.000000 0.000000 0.000000 0.000000 0.000000 0.000000 0.000000 0.000000 0.000000 0.000000 0.000000 0.000000 0.000000 0.000000 0.000000 0.000000 0.000000 0.000000 0.000000
22.852367 1.000000 0.510792 0.194744 -0.199945 -0.432475 0.099361 0.009515 -0.099936 0.508155 -0.189375 0.206093 -0.442553 -0.098510 0.010582 0.100320 0.435601 0.238406 0.200205 1.612098 0.024663 -0.190863 0.120839 -0.019070 0.375123 -0.008369 0.670525 0.243600 -0.181221 -0.090747 -0.739525 0.109989 0.402349 -0.347177 -0.009457 -0.941041 0.191466 -1.200436 0.521134 -0.195390 -1.293820 0.277855 -0.933573 -0.158938 1.968149 1.322347 -6.066826 2.001592 0.583610 -2.613761 1.968149 1.322347 2.762174 2.001592 0.583610 6.215239 0.000000 0.000000 -8.829000 0.000000 0.000000 -8.829000 0.000000 0.000000 0.000000 0.000000 0.000000 0.000000 0.000000 0.000000 0.000000 0.000000 0.000000 0.000000 0.000000 0.000000 0.000000 0.000000 0.000000 0.000000 0.000000 0.000000 0.000000 0.000000 0.000000 0.000000
22.895566 1.000000 0.510804 0.194768 -0.199969 -0.432463 0.099373 0.009515 -0.099936 0.508155 -0.189375 0.206093 -0.442577 -0.098534 0.010594 0.100308 0.435883 0.237782 0.186880 1.614179 0.021428 -0.190144 0.120371 -0.024733 0.393153 -0.008968 0.668390 0.257127 -0.182182 -0.095247 -0.739208 0.109350 0.389037 -0.345086 -0.012691 -0.940317 0.191004 -1.206104 0.539164 -0.195990 -1.295960 0.291376 -0.934532 -0.163447 1.963856 1.273732 -6.082067 2.036640 0.610325 -2.610216 1.963856 1.273732 2.746933 2.036640 0.610325 6.218784 0.000000 0.000000 -8.829000 0.000000 0.000000 -8.829000 0.000000 0.000000 0.000000 0.000000 0.000000 0.000000 0.000000 0.000000 0.000000 0.000000 0.000000 0.000000 0.000000 0.000000 0.000000 0.000000 0.000000 0.000000 0.000000 0.000000 0.000000 0.000000 0.000000 0.000000
22.929937 1.000000 0.510804 0.194768 -0.199969 -0.432463 0.099385 0.009515 -0.099924 0.508155 -0.189375 0.206105 -0.442565 -0.098546 0.010594 0.100308 0.426319 0.251543 0.185812 1.613048 0.019308 -0.190417 0.121662 -0.024528 0.383102 -0.009007 0.668561 0.254210 -0.182595 -0.093601 -0.748773 0.123115 0.387972 -0.346217 -0.014807 -0.940588 0.192299 -1.205894 0.529130 -0.196018 -1.295787 0.288458 -0.934943 -0.161802 2.000178 1.289295 -6.079389 2.028612 0.594963 -2.607632 2.000178 1.289295 2.749611 2.028612 0.594963 6.221368 0.000000 0.000000 -8.829000 0.000000 0.000000 -8.829000 0.000000 0.000000 0.000000 0.000000 0.000000 0.000000 0.000000 0.000000 0.000000 0.000000 0.000000 0.000000 0.000000 0.000000 0.000000 0.000000 0.000000 0.000000 0.000000 0.000000 0.000000 0.000000 0.000000 0.000000
22.968126 1.000000 0.510828 0.194768 -0.199981 -0.432475 0.099361 0.009515 -0.099924 0.508167 -0.189375 0.206093 -0.442565 -0.098510 0.010594 0.100308 0.444711 0.265736 0.195498 1.619574 0.029525 -0.187564 0.123078 -0.022204 0.381174 -0.007046 0.670122 0.251873 -0.182306 -0.092209 -0.730339 0.137290 0.397638 -0.339689 -0.004591 -0.937739 0.193703 -1.203553 0.527180 -0.194066 -1.294222 0.286122 -0.934658 -0.160399 1.925052 1.355491 -6.091557 2.018289 0.598755 -2.613723 1.925052 1.355491 2.737443 2.018289 0.598755 6.215277 0.000000 0.000000 -8.829000 0.000000 0.000000 -8.829000 0.000000 0.000000 0.000000 0.000000 0.000000 0.000000 0.000000 0.000000 0.000000 0.000000 0.000000 0.000000 0.000000 0.000000 0.000000 0.000000 0.000000 0.000000 0.000000 0.000000 0.000000 0.000000 0.000000 0.000000
23.001031 1.000000 0.510816 0.194768 -0.199981 -0.432475 0.099373 0.009515 -0.099924 0.508167 -0.189375 0.206105 -0.442565 -0.098510 0.010582 0.100320 0.436204 0.245856 0.185216 1.616345 0.026045 -0.189079 0.122568 -0.013463 0.377144 -0.007615 0.667881 0.250176 -0.183489 -0.091407 -0.738867 0.117408 0.387359 -0.342922 -0.008070 -0.939253 0.193199 -1.194808 0.523175 -0.194621 -1.296465 0.284431 -0.935842 -0.159595 1.963691 1.282643 -6.091208 1.962956 0.587074 -2.595550 1.963691 1.282643 2.737792 1.962956 0.587074 6.233450 0.000000 0.000000 -8.829000 0.000000 0.000000 -8.829000 0.000000 0.000000 0.000000 0.000000 0.000000 0.000000 0.000000 0.000000 0.000000 0.000000 0.000000 0.000000 0.000000 0.000000 0.000000 0.000000 0.000000 0.000000 0.000000 0.000000 0.000000 0.000000 0.000000 0.000000
23.046782 1.000000 0.510792 0.194756 -0.199993 -0.432463 0.099397 0.009527 -0.099924 0.508167 -0.189375 0.206105 -0.442565 -0.098534 0.010594 0.100296 0.449342 0.261486 0.197283 1.618963 0.007674 -0.187628 0.120882 -0.006839 0.378807 -0.001710 0.673026 0.248055 -0.181711 -0.089626 -0.725765 0.133008 0.399403 -0.340309 -0.026439 -0.937801 0.191516 -1.188185 0.524829 -0.188720 -1.291320 0.282300 -0.934061 -0.157823 1.901860 1.354760 -6.084707 1.941540 0.609363 -2.619049 1.901860 1.354760 2.744293 1.941540 0.609363 6.209951 0.000000 0.000000 -8.829000 0.000000 0.000000 -8.829000 0.000000 0.000000 0.000000 0.000000 0.000000 0.000000 0.000000 0.000000 0.000000 0.000000 0.000000 0.000000 0.000000 0.000000 0.000000 0.000000 0.000000 0.000000 0.000000 0.000000 0.000000 0.000000 0.000000 0.000000
23.102157 1.000000 0.510804 0.194732 -0.199981 -0.432463 0.099385 0.009515 -0.099924 0.508167 -0.189375 0.206105 -0.442553 -0.098510 0.010594 0.100320 0.440569 0.276558 0.208681 1.616871 0.025512 -0.188554 0.122878 -0.019504 0.373596 -0.006179 0.665828 0.246306 -0.184753 -0.094963 -0.734527 0.148080 0.410768 -0.342404 -0.008603 -0.938732 0.193502 -1.200845 0.519623 -0.193187 -1.298514 0.280559 -0.937104 -0.163150 1.939913 1.417837 -6.072389 1.984575 0.586683 -2.588213 1.939913 1.417837 2.756611 1.984575 0.586683 6.240787 0.000000 0.000000 -8.829000 0.000000 0.000000 -8.829000 0.000000 0.000000 0.000000 0.000000 0.000000 0.000000 0.000000 0.000000 0.000000 0.000000 0.000000 0.000000 0.000000 0.000000 0.000000 0.000000 0.000000 0.000000 0.000000 0.000000 0.000000 0.000000 0.000000 0.000000
23.156975 1.000000 0.510804 0.194756 -0.199969 -0.432463 0.099373 0.009539 -0.099936 0.508179 -0.189375 0.206093 -0.442553 -0.098510 0.010594 0.100320 0.441277 0.258018 0.180804 1.620333 0.038783 -0.190885 0.119936 -0.021381 0.369101 -0.007649 0.669767 0.244711 -0.183299 -0.093169 -0.733815 0.129580 0.382943 -0.338933 0.004667 -0.941057 0.190564 -1.202706 0.515105 -0.194665 -1.294572 0.278964 -0.935649 -0.161357 1.935549 1.287024 -6.100857 2.004740 0.576057 -2.606900 1.935549 1.287024 2.728143 2.004740 0.576057 6.222100 0.000000 0.000000 -8.829000 0.000000 0.000000 -8.829000 0.000000 0.000000 0.000000 0.000000 0.000000 0.000000 0.000000 0.000000 0.000000 0.000000 0.000000 0.000000 0.000000 0.000000 0.000000 0.000000 0.000000 0.000000 0.000000 0.000000 0.000000 0.000000 0.000000 0.000000
23.206001 1.000000 0.510816 0.194756 -0.199993 -0.432463 0.099337 0.009515 -0.099936 0.508155 -0.189375 0.206105 -0.442565 -0.098510 0.010606 0.100320 0.438189 0.269491 0.191397 1.618776 0.031630 -0.191083 0.120926 -0.024289 0.369654 -0.006438 0.687694 0.243695 -0.182396 -0.091696 -0.736877 0.141011 0.393507 -0.340491 -0.002490 -0.941264 0.191537 -1.205653 0.515684 -0.193449 -1.276652 0.277947 -0.934748 -0.159884 1.946608 1.342531 -6.087632 2.069960 0.584309 -2.686619 1.946608 1.342531 2.741368 2.069960 0.584309 6.142381 0.000000 0.000000 -8.829000 0.000000 0.000000 -8.829000 0.000000 0.000000 0.000000 0.000000 0.000000 0.000000 0.000000 0.000000 0.000000 0.000000 0.000000 0.000000 0.000000 0.000000 0.000000 0.000000 0.000000 0.000000 0.000000 0.000000 0.000000 0.000000 0.000000 0.000000
23.255450 1.000000 0.510792 0.194768 -0.199945 -0.432463 0.099349 0.009515 -0.099936 0.508167 -0.189375 0.206105 -0.442565 -0.098546 0.010594 0.100320 0.451068 0.249754 0.206192 1.616783 0.026045 -0.190876 0.127042 -0.005568 0.364184 -0.010552 0.680253 0.243047 -0.184037 -0.091594 -0.724050 0.121360 0.408376 -0.342483 -0.008075 -0.941051 0.197672 -1.186913 0.510213 -0.197559 -1.284091 0.277300 -0.936384 -0.159794 1.899402 1.372291 -6.069619 1.949628 0.552711 -2.637545 1.899402 1.372291 2.759381 1.949628 0.552711 6.191455 0.000000 0.000000 -8.829000 0.000000 0.000000 -8.829000 0.000000 0.000000 0.000000 0.000000 0.000000 0.000000 0.000000 0.000000 0.000000 0.000000 0.000000 0.000000 0.000000 0.000000 0.000000 0.000000 0.000000 0.000000 0.000000 0.000000 0.000000 0.000000 0.000000 0.000000
23.309182 1.000000 0.510804 0.194756 -0.199957 -0.432475 0.099361 0.009515 -0.099936 0.508155 -0.189375 0.206105 -0.442553 -0.098570 0.010594 0.100308 0.461138 0.265947 0.209769 1.617398 0.038851 -0.190150 0.125866 -0.013439 0.365868 -0.008810 0.678387 0.242511 -0.187324 -0.090764 -0.713962 0.137522 0.411918 -0.341872 0.004731 -0.940327 0.196493 -1.194802 0.511893 -0.195823 -1.285958 0.276759 -0.939667 -0.158974 1.842436 1.414760 -6.061114 1.980910 0.565792 -2.630433 1.842436 1.414760 2.767886 1.980910 0.565792 6.198567 0.000000 0.000000 -8.829000 0.000000 0.000000 -8.829000 0.000000 0.000000 0.000000 0.000000 0.000000 0.000000 0.000000 0.000000 0.000000 0.000000 0.000000 0.000000 0.000000 0.000000 0.000000 0.000000 0.000000 0.000000 0.000000 0.000000 0.000000 0.000000 0.000000 0.000000
23.369674 1.000000 0.510792 0.194756 -0.199969 -0.432463 0.099397 0.009515 -0.099936 0.508155 -0.189375 0.206105 -0.442553 -0.098522 0.010594 0.100320 0.449915 0.251062 0.203619 1.615907 0.029958 -0.194730 0.122972 -0.012610 0.365822 -0.006803 0.677670 0.241934 -0.185764 -0.089224 -0.725199 0.122618 0.405760 -0.343364 -0.004161 -0.944901 0.193610 -1.193972 0.511851 -0.193813 -1.286674 0.276187 -0.938114 -0.157416 1.894930 1.361559 -6.061499 1.974709 0.573345 -2.630402 1.894930 1.361559 2.767501 1.974709 0.573345 6.198598 0.000000 0.000000 -8.829000 0.000000 0.000000 -8.829000 0.000000 0.000000 0.000000 0.000000 0.000000 0.000000 0.000000 0.000000 0.000000 0.000000 0.000000 0.000000 0.000000 0.000000 0.000000 0.000000 0.000000 0.000000 0.000000 0.000000 0.000000 0.000000 0.000000 0.000000
23.414134 1.000000 0.510816 0.194756 -0.199957 -0.432463 0.099349 0.009527 -0.099936 0.508167 -0.189351 0.206105 -0.442565 -0.098558 0.010606 0.100308 0.447026 0.244505 0.190554 1.618809 0.025460 -0.192211 0.122964 -0.018560 0.370508 -0.001954 0.677511 0.241607 -0.184734 -0.088058 -0.728049 0.116087 0.392700 -0.340454 -0.008657 -0.942387 0.193585 -1.199909 0.516551 -0.188923 -1.286839 0.275854 -0.937082 -0.156255 1.915548 1.303618 -6.087076 2.005666 0.601485 -2.638527 1.915548 1.303618 2.741924 2.005666 0.601485 6.190473 0.000000 0.000000 -8.829000 0.000000 0.000000 -8.829000 0.000000 0.000000 0.000000 0.000000 0.000000 0.000000 0.000000 0.000000 0.000000 0.000000 0.000000 0.000000 0.000000 0.000000 0.000000 0.000000 0.000000 0.000000 0.000000 0.000000 0.000000 0.000000 0.000000 0.000000
23.490473 1.000000 0.510816 0.194756 -0.199969 -0.432475 0.099373 0.009515 -0.099936 0.508167 -0.189375 0.206105 -0.442577 -0.098534 0.010594 0.100308 0.427744 0.214341 0.205322 1.610934 0.043647 -0.194156 0.129766 -0.017416 0.364175 -0.005463 0.673609 0.241384 -0.185223 -0.088071 -0.747332 0.085898 0.407455 -0.348334 0.009528 -0.944331 0.200395 -1.198764 0.510204 -0.192471 -1.290739 0.275633 -0.937573 -0.156268 2.023669 1.303942 -6.067948 1.986680 0.577971 -2.617384 2.023669 1.303942 2.761052 1.986680 0.577971 6.211616 0.000000 0.000000 -8.829000 0.000000 0.000000 -8.829000 0.000000 0.000000 0.000000 0.000000 0.000000 0.000000 0.000000 0.000000 0.000000 0.000000 0.000000 0.000000 0.000000 0.000000 0.000000 0.000000 0.000000 0.000000 0.000000 0.000000 0.000000 0.000000 0.000000 0.000000
23.547519 1.000000 0.510816 0.194744 -0.199969 -0.432463 0.099373 0.009527 -0.099936 0.508155 -0.189375 0.206105 -0.442553 -0.098534 0.010594 0.100320 0.453021 0.229368 0.192669 1.626134 0.034446 -0.190411 0.127615 -0.015695 0.363180 -0.006005 0.674669 0.241069 -0.184076 -0.093338 -0.722054 0.100921 0.394784 -0.333133 0.000329 -0.940585 0.198239 -1.197057 0.509209 -0.193016 -1.289675 0.275323 -0.936425 -0.161534 1.919862 1.292134 -6.121234 1.983030 0.570214 -2.621822 1.919862 1.292134 2.707766 1.983030 0.570214 6.207178 0.000000 0.000000 -8.829000 0.000000 0.000000 -8.829000 0.000000 0.000000 0.000000 0.000000 0.000000 0.000000 0.000000 0.000000 0.000000 0.000000 0.000000 0.000000 0.000000 0.000000 0.000000 0.000000 0.000000 0.000000 0.000000 0.000000 0.000000 0.000000 0.000000 0.000000
23.610277 1.000000 0.510792 0.194756 -0.199981 -0.432475 0.099361 0.009515 -0.099924 0.508167 -0.189375 0.206105 -0.442553 -0.098546 0.010606 0.100308 0.433534 0.232245 0.203597 1.618749 0.046749 -0.191970 0.123104 -0.019333 0.361273 -0.010170 0.675944 0.240909 -0.182489 -0.092557 -0.741581 0.103782 0.405726 -0.340526 0.012634 -0.942149 0.193729 -1.200675 0.507294 -0.197180 -1.288398 0.275156 -0.934835 -0.160757 2.003959 1.325184 -6.096764 2.008995 0.554098 -2.630163 2.003959 1.325184 2.732236 2.008995 0.554098 6.198837 0.000000 0.000000 -8.829000 0.000000 0.000000 -8.829000 0.000000 0.000000 0.000000 0.000000 0.000000 0.000000 0.000000 0.000000 0.000000 0.000000 0.000000 0.000000 0.000000 0.000000 0.000000 0.000000 0.000000 0.000000 0.000000 0.000000 0.000000 0.000000 0.000000 0.000000
23.672064 1.000000 0.510804 0.194756 -0.199957 -0.432463 0.099409 0.009527 -0.099900 0.508155 -0.189375 0.206105 -0.442553 -0.098474 0.010582 0.100308 0.456469 0.228401 0.203174 1.620135 0.035510 -0.190279 0.122244 -0.028384 0.363480 -0.008770 0.667839 0.241019 -0.186193 -0.091194 -0.718630 0.099992 0.405331 -0.339132 0.001406 -0.940447 0.192889 -1.209748 0.509508 -0.195782 -1.296507 0.275271 -0.938552 -0.159370 1.892770 1.326019 -6.090103 2.029035 0.567335 -2.596732 1.892770 1.326019 2.738897 2.029035 0.567335 6.232268 0.000000 0.000000 -8.829000 0.000000 0.000000 -8.829000 0.000000 0.000000 0.000000 0.000000 0.000000 0.000000 0.000000 0.000000 0.000000 0.000000 0.000000 0.000000 0.000000 0.000000 0.000000 0.000000 0.000000 0.000000 0.000000 0.000000 0.000000 0.000000 0.000000 0.000000
23.738999 1.000000 0.510804 0.194756 -0.199957 -0.432463 0.099421 0.009515 -0.099924 0.508167 -0.189375 0.206093 -0.442553 -0.098522 0.010594 0.100320 0.437954 0.210818 0.212732 1.615003 0.048347 -0.182889 0.123866 -0.020616 0.383434 -0.008398 0.674549 0.240761 -0.182918 -0.089862 -0.737144 0.082401 0.414884 -0.344264 0.014233 -0.933055 0.194515 -1.201961 0.529440 -0.195417 -1.289792 0.275014 -0.935267 -0.158056 2.002514 1.326375 -6.096131 2.024274 0.598492 -2.631561 2.002514 1.326375 2.732869 2.024274 0.598492 6.197439 0.000000 0.000000 -8.829000 0.000000 0.000000 -8.829000 0.000000 0.000000 0.000000 0.000000 0.000000 0.000000 0.000000 0.000000 0.000000 0.000000 0.000000 0.000000 0.000000 0.000000 0.000000 0.000000 0.000000 0.000000 0.000000 0.000000 0.000000 0.000000 0.000000 0.000000
# 记录总帧数: 602
