# 双臂GMO外力矩与触觉传感器标定对比实验 (v5: 含手自重补偿)
# 时间: 2026-09-03 19:30:53
# 左臂目标: [0.5, 0.2, -0.2, -0.5, -0.1, 0.0, -0.1]
# 右臂目标: [0.5, -0.2, 0.2, -0.5, 0.1, 0.0, 0.1]
# 手质量: 0.9kg
# 列说明:
#   1: time, 2: phase(0=move,1=hold)
#   3-9: left_q, 10-16: right_q
#   17-23: left_r_raw (GMO原始残差, Nm)
#   24-30: right_r_raw
#   31-37: left_r_comp (补偿手自重后残差, Nm)
#   38-44: right_r_comp
#   45-47: left_F_raw (GMO原始末端力, N)
#   48-50: right_F_raw
#   51-53: left_F_comp (补偿后末端力, N)
#   54-56: right_F_comp
#   57-59: left_F_hand (手自重末端力, N)
#   60-62: right_F_hand
#   63-67: left_nf1 (5指法向力), 68-72: right_nf1
#   73-77: left_tangential(5指), 78-82: right_tangential
#   83: left_n_sum, 84: right_n_sum, 85: left_t_sum, 86: right_t_sum
#================================================================================
0.004509 0.000000 0.136237 0.192802 -0.186367 1.003499 0.099241 0.335486 -0.089858 0.168079 -0.049543 0.229917 0.753556 -0.097947 0.317654 0.097911 -0.001475 0.019519 -0.000806 -0.010481 0.003186 -0.001044 0.001681 -0.016499 0.001203 -0.002587 -0.025892 0.002048 -0.014075 -0.000162 -0.377185 0.584138 0.148286 -0.445912 0.042472 -0.036984 0.043294 -0.737808 0.073947 -0.022881 -0.938585 0.005796 -0.260744 0.006848 -0.031265 -0.009312 0.339779 -0.017349 -0.003604 0.296335 -0.031265 -0.009312 9.168779 -0.017349 -0.003604 9.125335 0.000000 0.000000 -8.829000 0.000000 0.000000 -8.829000 0.000000 0.000000 0.000000 0.000000 0.000000 0.000000 0.000000 0.000000 0.000000 0.000000 0.000000 0.000000 0.000000 0.000000 0.000000 0.000000 0.000000 0.000000 0.000000 0.000000 0.000000 0.000000 0.000000 0.000000
0.052410 0.000000 0.136237 0.192802 -0.186367 1.003499 0.099217 0.335486 -0.089858 0.168079 -0.049567 0.229881 0.753556 -0.097935 0.317642 0.097923 -0.036401 0.357894 0.026540 -0.110318 0.041023 -0.008468 0.029798 -0.218616 -0.005279 -0.027731 -0.290005 0.019439 -0.157724 -0.003995 -0.412109 0.922507 0.175631 -0.545748 0.080307 -0.044412 0.071408 -0.939935 0.067353 -0.048063 -1.202697 0.023185 -0.404397 0.003011 -0.284769 0.266687 3.737572 -0.052270 -0.081369 3.064964 -0.284769 0.266687 12.566572 -0.052270 -0.081369 11.893964 0.000000 0.000000 -8.829000 0.000000 0.000000 -8.829000 0.000000 0.000000 0.000000 0.000000 0.000000 0.000000 0.000000 0.000000 0.000000 0.000000 0.000000 0.000000 0.000000 0.000000 0.000000 0.000000 0.000000 0.000000 0.000000 0.000000 0.000000 0.000000 0.000000 0.000000
0.113654 0.000000 0.136237 0.192814 -0.186379 1.003475 0.099253 0.335486 -0.089870 0.168079 -0.049567 0.229941 0.753544 -0.097971 0.317654 0.097911 -0.120659 0.695061 0.074139 -0.223894 0.098844 -0.024742 0.058500 -0.430589 0.014784 -0.064065 -0.562333 0.038202 -0.301041 -0.005731 -0.496409 1.259698 0.223247 -0.659360 0.138131 -0.060695 0.100115 -1.151909 0.087482 -0.084385 -1.475036 0.041942 -0.547712 0.001266 -0.375286 0.617977 6.761698 -0.059805 -0.108178 5.830817 -0.375286 0.617977 15.590698 -0.059805 -0.108178 14.659817 0.000000 0.000000 -8.829000 0.000000 0.000000 -8.829000 0.000000 0.000000 0.000000 0.000000 0.000000 0.000000 0.000000 0.000000 0.000000 0.000000 0.000000 0.000000 0.000000 0.000000 0.000000 0.000000 0.000000 0.000000 0.000000 0.000000 0.000000 0.000000 0.000000 0.000000
0.164745 0.000000 0.136249 0.192778 -0.186367 1.003499 0.099253 0.335498 -0.089846 0.168079 -0.049555 0.229905 0.753556 -0.097947 0.317642 0.097911 -0.144995 0.867208 0.095358 -0.280755 0.131772 -0.035659 0.072472 -0.567637 -0.000137 -0.074085 -0.729807 0.049011 -0.392067 -0.007871 -0.520656 1.431757 0.244428 -0.716166 0.171056 -0.071586 0.114082 -1.288954 0.072557 -0.094397 -1.642504 0.052757 -0.638742 -0.000867 -0.487360 0.758387 8.527498 -0.049499 -0.176480 7.534744 -0.487360 0.758387 17.356498 -0.049499 -0.176480 16.363744 0.000000 0.000000 -8.829000 0.000000 0.000000 -8.829000 0.000000 0.000000 0.000000 0.000000 0.000000 0.000000 0.000000 0.000000 0.000000 0.000000 0.000000 0.000000 0.000000 0.000000 0.000000 0.000000 0.000000 0.000000 0.000000 0.000000 0.000000 0.000000 0.000000 0.000000
0.211651 0.000000 0.136237 0.192826 -0.186367 1.003511 0.099241 0.335510 -0.089858 0.168079 -0.049543 0.229869 0.753556 -0.097923 0.317642 0.097923 -0.165955 1.015782 0.117026 -0.326736 0.126175 -0.040331 0.085290 -0.649352 -0.007405 -0.078391 -0.839355 0.056687 -0.452501 -0.011535 -0.541625 1.580493 0.266132 -0.762114 0.165470 -0.076238 0.126911 -1.370678 0.065290 -0.098693 -1.752058 0.060440 -0.699180 -0.004519 -0.582443 0.884513 9.999904 -0.076777 -0.214224 8.712352 -0.582443 0.884513 18.828904 -0.076777 -0.214224 17.541352 0.000000 0.000000 -8.829000 0.000000 0.000000 -8.829000 0.000000 0.000000 0.000000 0.000000 0.000000 0.000000 0.000000 0.000000 0.000000 0.000000 0.000000 0.000000 0.000000 0.000000 0.000000 0.000000 0.000000 0.000000 0.000000 0.000000 0.000000 0.000000 0.000000 0.000000
0.276399 0.000000 0.136237 0.192802 -0.186355 1.003487 0.099253 0.335486 -0.089870 0.168079 -0.049555 0.229893 0.753556 -0.097923 0.317642 0.097911 -0.214054 1.144692 0.133908 -0.383453 0.160009 -0.049862 0.096086 -0.743449 -0.004737 -0.108818 -0.938203 0.064252 -0.518034 -0.012988 -0.589786 1.709314 0.283005 -0.818910 0.199295 -0.085812 0.137698 -1.464769 0.067946 -0.129131 -1.850901 0.068000 -0.764710 -0.005979 -0.593605 0.996668 11.298466 0.000660 -0.249004 9.590946 -0.593605 0.996668 20.127466 0.000660 -0.249004 18.419946 0.000000 0.000000 -8.829000 0.000000 0.000000 -8.829000 0.000000 0.000000 0.000000 0.000000 0.000000 0.000000 0.000000 0.000000 0.000000 0.000000 0.000000 0.000000 0.000000 0.000000 0.000000 0.000000 0.000000 0.000000 0.000000 0.000000 0.000000 0.000000 0.000000 0.000000
0.338506 0.000000 0.136237 0.192742 -0.186355 1.003595 0.099253 0.335474 -0.089846 0.168079 -0.049543 0.229953 0.753676 -0.097947 0.317366 0.097923 -0.233403 1.268042 0.168701 -0.411911 0.143328 -0.057797 0.104957 -0.817264 -0.011986 -0.125827 -1.049471 0.070059 -0.552122 -0.016956 -0.608954 1.832519 0.317717 -0.847201 0.182601 -0.093688 0.146553 -1.538558 0.060827 -0.146109 -1.962162 0.073825 -0.798914 -0.009939 -0.628413 1.164178 12.191810 -0.059103 -0.302243 10.807742 -0.628413 1.164178 21.020810 -0.059103 -0.302243 19.636742 0.000000 0.000000 -8.829000 0.000000 0.000000 -8.829000 0.000000 0.000000 0.000000 0.000000 0.000000 0.000000 0.000000 0.000000 0.000000 0.000000 0.000000 0.000000 0.000000 0.000000 0.000000 0.000000 0.000000 0.000000 0.000000 0.000000 0.000000 0.000000 0.000000 0.000000
0.389746 0.000000 0.136213 0.192754 -0.186355 1.003595 0.099241 0.335474 -0.089846 0.168079 -0.049567 0.229941 0.753688 -0.097935 0.317282 0.097923 -0.244045 1.385997 0.179441 -0.443155 0.134935 -0.061423 0.106249 -0.834980 -0.002582 -0.134331 -1.104673 0.056730 -0.574996 -0.018769 -0.619679 1.950510 0.328471 -0.878482 0.174210 -0.097330 0.147850 -1.556309 0.070157 -0.154645 -2.017394 0.060496 -0.821835 -0.011758 -0.718055 1.262249 13.333734 -0.165394 -0.301706 11.552612 -0.718055 1.262249 22.162734 -0.165394 -0.301706 20.381612 0.000000 0.000000 -8.829000 0.000000 0.000000 -8.829000 0.000000 0.000000 0.000000 0.000000 0.000000 0.000000 0.000000 0.000000 0.000000 0.000000 0.000000 0.000000 0.000000 0.000000 0.000000 0.000000 0.000000 0.000000 0.000000 0.000000 0.000000 0.000000 0.000000 0.000000
0.467788 0.000000 0.136189 0.192766 -0.186331 1.003739 0.099301 0.335450 -0.089798 0.168103 -0.049579 0.229941 0.753844 -0.098031 0.317007 0.097911 -0.195794 1.414884 0.170866 -0.469010 0.171770 -0.050100 0.103814 -0.870591 0.020416 -0.142290 -1.173494 0.092377 -0.597729 -0.020448 -0.571277 1.979550 0.319878 -0.904128 0.211060 -0.085925 0.145443 -1.591772 0.093088 -0.162614 -2.086097 0.096138 -0.844631 -0.013461 -1.001073 1.071169 14.901755 -0.242694 -0.262396 12.359314 -1.001073 1.071169 23.730755 -0.242694 -0.262396 21.188314 0.000000 0.000000 -8.829000 0.000000 0.000000 -8.829000 0.000000 0.000000 0.000000 0.000000 0.000000 0.000000 0.000000 0.000000 0.000000 0.000000 0.000000 0.000000 0.000000 0.000000 0.000000 0.000000 0.000000 0.000000 0.000000 0.000000 0.000000 0.000000 0.000000 0.000000
0.524984 0.000000 0.136201 0.192742 -0.186331 1.003763 0.099277 0.335462 -0.089798 0.168103 -0.049579 0.229917 0.753868 -0.098043 0.316983 0.097911 -0.239679 1.483472 0.181671 -0.497355 0.173130 -0.053839 0.109551 -0.892023 0.012188 -0.152587 -1.204633 0.107716 -0.611159 -0.023219 -0.615068 2.048066 0.330651 -0.932409 0.212414 -0.089637 0.151167 -1.613187 0.084823 -0.172917 -2.117212 0.111476 -0.858061 -0.016236 -0.934199 1.178482 15.300796 -0.256973 -0.294631 12.709424 -0.934199 1.178482 24.129796 -0.256973 -0.294631 21.538424 0.000000 0.000000 -8.829000 0.000000 0.000000 -8.829000 0.000000 0.000000 0.000000 0.000000 0.000000 0.000000 0.000000 0.000000 0.000000 0.000000 0.000000 0.000000 0.000000 0.000000 0.000000 0.000000 0.000000 0.000000 0.000000 0.000000 0.000000 0.000000 0.000000 0.000000
0.614794 0.000000 0.136189 0.192754 -0.186283 1.003823 0.099253 0.335462 -0.089774 0.168103 -0.049591 0.229965 0.753988 -0.097995 0.316743 0.097911 -0.252527 1.491627 0.147554 -0.490207 0.170572 -0.055962 0.113820 -0.914353 -0.023483 -0.162479 -1.211482 0.125667 -0.627232 -0.025845 -0.627857 2.056333 0.296535 -0.925179 0.209862 -0.091729 0.155447 -1.635465 0.049194 -0.182808 -2.124018 0.129444 -0.874221 -0.018849 -0.871776 1.233256 14.964896 -0.193448 -0.384427 12.718071 -0.871776 1.233256 23.793896 -0.193448 -0.384427 21.547071 0.000000 0.000000 -8.829000 0.000000 0.000000 -8.829000 0.000000 0.000000 0.000000 0.000000 0.000000 0.000000 0.000000 0.000000 0.000000 0.000000 0.000000 0.000000 0.000000 0.000000 0.000000 0.000000 0.000000 0.000000 0.000000 0.000000 0.000000 0.000000 0.000000 0.000000
0.666667 0.000000 0.136201 0.192730 -0.186295 1.003811 0.099253 0.335450 -0.089762 0.168103 -0.049591 0.229941 0.753988 -0.098007 0.316719 0.097911 -0.257503 1.487968 0.172145 -0.485339 0.186893 -0.052033 0.112994 -0.922259 -0.004692 -0.161277 -1.213788 0.131863 -0.632232 -0.025675 -0.632823 2.052579 0.321108 -0.920329 0.226176 -0.087814 0.154616 -1.643393 0.067957 -0.181612 -2.126342 0.135638 -0.879238 -0.018684 -0.831192 1.284162 14.717707 -0.162642 -0.337657 12.667967 -0.831192 1.284162 23.546707 -0.162642 -0.337657 21.496967 0.000000 0.000000 -8.829000 0.000000 0.000000 -8.829000 0.000000 0.000000 0.000000 0.000000 0.000000 0.000000 0.000000 0.000000 0.000000 0.000000 0.000000 0.000000 0.000000 0.000000 0.000000 0.000000 0.000000 0.000000 0.000000 0.000000 0.000000 0.000000 0.000000 0.000000
0.732579 0.000000 0.136177 0.192742 -0.186271 1.003811 0.099229 0.335462 -0.089750 0.168103 -0.049579 0.229941 0.754023 -0.097995 0.316587 0.097923 -0.220331 1.492734 0.175625 -0.471508 0.181659 -0.044610 0.112072 -0.922435 -0.018853 -0.163149 -1.212260 0.137818 -0.640354 -0.025715 -0.595728 2.057406 0.324604 -0.906534 0.220948 -0.080402 0.153703 -1.643598 0.053857 -0.183466 -2.124852 0.141608 -0.887433 -0.018713 -0.938971 1.268240 14.886051 -0.162093 -0.371051 12.681380 -0.938971 1.268240 23.715051 -0.162093 -0.371051 21.510380 0.000000 0.000000 -8.829000 0.000000 0.000000 -8.829000 0.000000 0.000000 0.000000 0.000000 0.000000 0.000000 0.000000 0.000000 0.000000 0.000000 0.000000 0.000000 0.000000 0.000000 0.000000 0.000000 0.000000 0.000000 0.000000 0.000000 0.000000 0.000000 0.000000 0.000000
0.790882 0.000000 0.136189 0.192718 -0.186223 1.003787 0.099205 0.335438 -0.089726 0.168103 -0.049579 0.229965 0.754012 -0.097959 0.316551 0.097923 -0.216457 1.499531 0.156482 -0.454306 0.177622 -0.048489 0.114456 -0.914513 -0.035345 -0.147390 -1.186185 0.121885 -0.637999 -0.026575 -0.591883 2.064149 0.305456 -0.889401 0.216904 -0.084324 0.156087 -1.635714 0.037418 -0.167700 -2.098824 0.125683 -0.885115 -0.019565 -0.903835 1.342077 14.465933 -0.116518 -0.392105 12.360330 -0.903835 1.342077 23.294933 -0.116518 -0.392105 21.189330 0.000000 0.000000 -8.829000 0.000000 0.000000 -8.829000 0.000000 0.000000 0.000000 0.000000 0.000000 0.000000 0.000000 0.000000 0.000000 0.000000 0.000000 0.000000 0.000000 0.000000 0.000000 0.000000 0.000000 0.000000 0.000000 0.000000 0.000000 0.000000 0.000000 0.000000
0.854573 0.000000 0.136177 0.192742 -0.186235 1.003799 0.099217 0.335426 -0.089726 0.168103 -0.049591 0.229953 0.754035 -0.097971 0.316515 0.097923 -0.249206 1.515435 0.145078 -0.466857 0.174983 -0.049339 0.118235 -0.929409 -0.025531 -0.128456 -1.198969 0.110267 -0.646525 -0.021422 -0.624657 2.080129 0.294071 -0.901945 0.214270 -0.085174 0.159877 -1.650596 0.047175 -0.148784 -2.111586 0.114061 -0.893646 -0.014419 -0.824296 1.380555 14.427812 -0.102332 -0.353052 12.453408 -0.824296 1.380555 23.256812 -0.102332 -0.353052 21.282408 0.000000 0.000000 -8.829000 0.000000 0.000000 -8.829000 0.000000 0.000000 0.000000 0.000000 0.000000 0.000000 0.000000 0.000000 0.000000 0.000000 0.000000 0.000000 0.000000 0.000000 0.000000 0.000000 0.000000 0.000000 0.000000 0.000000 0.000000 0.000000 0.000000 0.000000
0.922216 0.000000 0.136189 0.192730 -0.186235 1.003763 0.099038 0.335355 -0.089726 0.168127 -0.049627 0.229953 0.753988 -0.097995 0.316431 0.097911 -0.279537 1.505497 0.131141 -0.457917 0.193935 -0.047352 0.114456 -0.913460 0.010103 -0.139877 -1.149155 0.100763 -0.641276 -0.023023 -0.655058 2.070073 0.280133 -0.893113 0.233190 -0.083289 0.156069 -1.634702 0.082721 -0.160248 -2.061863 0.104549 -0.888467 -0.016042 -0.683453 1.467678 13.733180 0.019390 -0.271237 11.707414 -0.683453 1.467678 22.562180 0.019390 -0.271237 20.536414 0.000000 0.000000 -8.829000 0.000000 0.000000 -8.829000 0.000000 0.000000 0.000000 0.000000 0.000000 0.000000 0.000000 0.000000 0.000000 0.000000 0.000000 0.000000 0.000000 0.000000 0.000000 0.000000 0.000000 0.000000 0.000000 0.000000 0.000000 0.000000 0.000000 0.000000
0.993677 0.000000 0.136189 0.192742 -0.186247 1.003775 0.099086 0.335355 -0.089726 0.168127 -0.049603 0.229905 0.754000 -0.098019 0.316396 0.097923 -0.243587 1.483284 0.121548 -0.424957 0.207614 -0.035721 0.111296 -0.925571 0.006707 -0.151550 -1.123134 0.116587 -0.641644 -0.025057 -0.619086 2.047907 0.270546 -0.860120 0.246876 -0.071637 0.152918 -1.646831 0.079342 -0.171901 -2.035857 0.120377 -0.888857 -0.018072 -0.724574 1.488348 13.264596 0.164923 -0.280723 11.191152 -0.724574 1.488348 22.093596 0.164923 -0.280723 20.020152 0.000000 0.000000 -8.829000 0.000000 0.000000 -8.829000 0.000000 0.000000 0.000000 0.000000 0.000000 0.000000 0.000000 0.000000 0.000000 0.000000 0.000000 0.000000 0.000000 0.000000 0.000000 0.000000 0.000000 0.000000 0.000000 0.000000 0.000000 0.000000 0.000000 0.000000
1.077379 0.000000 0.136225 0.192754 -0.186247 1.003643 0.099014 0.335307 -0.089702 0.168139 -0.049639 0.229917 0.753976 -0.098031 0.316264 0.097911 -0.255114 1.510035 0.146369 -0.387833 0.191841 -0.027152 0.116757 -0.938146 0.015411 -0.129606 -1.104450 0.129565 -0.636725 -0.020279 -0.630759 2.074618 0.295416 -0.823214 0.231093 -0.063186 0.158383 -1.659489 0.087980 -0.149999 -2.017276 0.133351 -0.884034 -0.013313 -0.574544 1.758643 12.114081 0.273948 -0.230456 10.788019 -0.574544 1.758643 20.943081 0.273948 -0.230456 19.617019 0.000000 0.000000 -8.829000 0.000000 0.000000 -8.829000 0.000000 0.000000 0.000000 0.000000 0.000000 0.000000 0.000000 0.000000 0.000000 0.000000 0.000000 0.000000 0.000000 0.000000 0.000000 0.000000 0.000000 0.000000 0.000000 0.000000 0.000000 0.000000 0.000000 0.000000
1.151285 0.000000 0.136213 0.192778 -0.186259 1.003595 0.099026 0.335283 -0.089702 0.168139 -0.049639 0.229941 0.753952 -0.098031 0.316240 0.097911 -0.263587 1.536843 0.163237 -0.343829 0.183941 -0.013010 0.121145 -0.920415 0.008278 -0.120436 -1.057971 0.111583 -0.628868 -0.023435 -0.639375 2.101470 0.312323 -0.779325 0.223197 -0.049099 0.162783 -1.641809 0.080894 -0.140824 -1.970856 0.115371 -0.876212 -0.016469 -0.422149 2.046029 10.841418 0.354947 -0.232734 10.189963 -0.422149 2.046029 19.670418 0.354947 -0.232734 19.018963 0.000000 0.000000 -8.829000 0.000000 0.000000 -8.829000 0.000000 0.000000 0.000000 0.000000 0.000000 0.000000 0.000000 0.000000 0.000000 0.000000 0.000000 0.000000 0.000000 0.000000 0.000000 0.000000 0.000000 0.000000 0.000000 0.000000 0.000000 0.000000 0.000000 0.000000
1.222846 0.000000 0.136273 0.192778 -0.186235 1.003415 0.099050 0.335187 -0.089690 0.168199 -0.049651 0.229905 0.753832 -0.097959 0.316084 0.097923 -0.269833 1.498596 0.161065 -0.272703 0.199368 -0.005412 0.122787 -0.912666 0.020646 -0.108541 -0.984013 0.078168 -0.624792 -0.022904 -0.645811 2.063149 0.310213 -0.708513 0.238611 -0.041665 0.164435 -1.634172 0.093277 -0.128937 -1.897119 0.081977 -0.872297 -0.015925 -0.170030 2.334058 8.573155 0.579851 -0.180490 9.042601 -0.170030 2.334058 17.402155 0.579851 -0.180490 17.871601 0.000000 0.000000 -8.829000 0.000000 0.000000 -8.829000 0.000000 0.000000 0.000000 0.000000 0.000000 0.000000 0.000000 0.000000 0.000000 0.000000 0.000000 0.000000 0.000000 0.000000 0.000000 0.000000 0.000000 0.000000 0.000000 0.000000 0.000000 0.000000 0.000000 0.000000
1.310883 0.000000 0.136273 0.192778 -0.186211 1.003379 0.099002 0.335175 -0.089690 0.168211 -0.049663 0.229941 0.753808 -0.097971 0.316048 0.097911 -0.275822 1.503596 0.139078 -0.212892 0.184993 0.001239 0.122245 -0.945509 0.057431 -0.102904 -0.970446 0.078515 -0.627977 -0.024974 -0.651875 2.068137 0.288239 -0.648787 0.224230 -0.035060 0.163890 -1.667032 0.130079 -0.123306 -1.883595 0.082321 -0.875514 -0.018003 0.021552 2.618670 6.841365 0.780082 -0.083059 8.494689 0.021552 2.618670 15.670365 0.780082 -0.083059 17.323689 0.000000 0.000000 -8.829000 0.000000 0.000000 -8.829000 0.000000 0.000000 0.000000 0.000000 0.000000 0.000000 0.000000 0.000000 0.000000 0.000000 0.000000 0.000000 0.000000 0.000000 0.000000 0.000000 0.000000 0.000000 0.000000 0.000000 0.000000 0.000000 0.000000 0.000000
1.381341 0.000000 0.136464 0.192790 -0.186247 1.002804 0.098882 0.334995 -0.089678 0.168402 -0.049699 0.229941 0.753628 -0.097983 0.315545 0.097923 -0.265753 1.496292 0.149236 -0.148280 0.200209 0.018254 0.120256 -0.946590 0.087267 -0.116003 -0.925856 0.079742 -0.624177 -0.022973 -0.642297 2.060512 0.298565 -0.585041 0.239400 -0.018490 0.161893 -1.668123 0.159969 -0.136409 -1.839353 0.083576 -0.872072 -0.016007 0.173817 2.895538 5.132301 0.953882 -0.014187 7.708278 0.173817 2.895538 13.961301 0.953882 -0.014187 16.537278 0.000000 0.000000 -8.829000 0.000000 0.000000 -8.829000 0.000000 0.000000 0.000000 0.000000 0.000000 0.000000 0.000000 0.000000 0.000000 0.000000 0.000000 0.000000 0.000000 0.000000 0.000000 0.000000 0.000000 0.000000 0.000000 0.000000 0.000000 0.000000 0.000000 0.000000
1.457502 0.000000 0.136488 0.192802 -0.186223 1.002780 0.098882 0.334971 -0.089678 0.168414 -0.049699 0.229953 0.753592 -0.097995 0.315461 0.097923 -0.295353 1.500599 0.134628 -0.116513 0.212322 0.025479 0.126047 -0.912631 0.027851 -0.118853 -0.858985 0.052993 -0.611310 -0.027143 -0.671877 2.064864 0.283977 -0.553296 0.251512 -0.011284 0.167688 -1.634239 0.100599 -0.139254 -1.772585 0.056831 -0.859284 -0.020179 0.377464 3.117478 3.834842 1.024442 -0.148754 6.990343 0.377464 3.117478 12.663842 1.024442 -0.148754 15.819343 0.000000 0.000000 -8.829000 0.000000 0.000000 -8.829000 0.000000 0.000000 0.000000 0.000000 0.000000 0.000000 0.000000 0.000000 0.000000 0.000000 0.000000 0.000000 0.000000 0.000000 0.000000 0.000000 0.000000 0.000000 0.000000 0.000000 0.000000 0.000000 0.000000 0.000000
1.528031 0.000000 0.136860 0.192838 -0.186259 1.001881 0.098343 0.334659 -0.089666 0.168966 -0.049818 0.229953 0.752813 -0.097923 0.314730 0.097923 -0.315687 1.511945 0.151769 -0.031218 0.219261 0.044608 0.125182 -0.947826 0.076329 -0.102082 -0.770234 0.040120 -0.611938 -0.019622 -0.692737 2.075691 0.301375 -0.469248 0.258341 0.007129 0.166761 -1.669417 0.149128 -0.122521 -1.684771 0.044006 -0.860614 -0.012666 0.703210 3.600105 1.178609 1.491400 0.005143 5.212663 0.703210 3.600105 10.007609 1.491400 0.005143 14.041663 0.000000 0.000000 -8.829000 0.000000 0.000000 -8.829000 0.000000 0.000000 0.000000 0.000000 0.000000 0.000000 0.000000 0.000000 0.000000 0.000000 0.000000 0.000000 0.000000 0.000000 0.000000 0.000000 0.000000 0.000000 0.000000 0.000000 0.000000 0.000000 0.000000 0.000000
1.584171 0.000000 0.136872 0.192814 -0.186211 1.001881 0.098331 0.334648 -0.089678 0.168978 -0.049806 0.229953 0.752777 -0.097923 0.314730 0.097911 -0.316880 1.497503 0.137510 0.017745 0.221960 0.052763 0.122394 -0.959555 0.077433 -0.119815 -0.717394 0.031918 -0.605338 -0.018447 -0.693903 2.061200 0.287102 -0.420297 0.261031 0.015271 0.163961 -1.681169 0.150280 -0.140237 -1.631979 0.035805 -0.854035 -0.011492 0.851367 3.793424 -0.242566 1.734160 0.003306 4.246069 0.851367 3.793424 8.586434 1.734160 0.003306 13.075069 0.000000 0.000000 -8.829000 0.000000 0.000000 -8.829000 0.000000 0.000000 0.000000 0.000000 0.000000 0.000000 0.000000 0.000000 0.000000 0.000000 0.000000 0.000000 0.000000 0.000000 0.000000 0.000000 0.000000 0.000000 0.000000 0.000000 0.000000 0.000000 0.000000 0.000000
1.632810 0.000000 0.136896 0.192802 -0.186235 1.001881 0.098319 0.334636 -0.089666 0.168990 -0.049818 0.229953 0.752765 -0.097911 0.314718 0.097911 -0.298535 1.497522 0.145910 0.057271 0.224178 0.060939 0.121706 -0.960970 0.083378 -0.112768 -0.683360 0.027150 -0.604812 -0.019742 -0.675481 2.061158 0.295486 -0.380736 0.263243 0.023452 0.163267 -1.682572 0.156196 -0.133202 -1.597951 0.031037 -0.853516 -0.012787 0.898532 3.941915 -1.102510 1.857563 0.031430 3.683740 0.898532 3.941915 7.726490 1.857563 0.031430 12.512740 0.000000 0.000000 -8.829000 0.000000 0.000000 -8.829000 0.000000 0.000000 0.000000 0.000000 0.000000 0.000000 0.000000 0.000000 0.000000 0.000000 0.000000 0.000000 0.000000 0.000000 0.000000 0.000000 0.000000 0.000000 0.000000 0.000000 0.000000 0.000000 0.000000 0.000000
1.699296 0.000000 0.137926 0.192850 -0.186247 0.995829 0.098151 0.334012 -0.089654 0.170559 -0.049950 0.230001 0.750093 -0.097899 0.314107 0.097911 -0.359911 1.469461 0.152024 0.031314 0.225138 0.072398 0.119981 -0.948310 0.106009 -0.099888 -0.636451 0.022987 -0.585331 -0.015403 -0.744644 2.030240 0.303375 -0.416765 0.264028 0.030591 0.161654 -1.669651 0.179488 -0.120168 -1.553519 0.026960 -0.835334 -0.008440 1.056481 3.905024 -1.253022 1.967064 0.105043 2.980631 1.056481 3.905024 7.575978 1.967064 0.105043 11.809631 0.000000 0.000000 -8.829000 0.000000 0.000000 -8.829000 0.000000 0.000000 0.000000 0.000000 0.000000 0.000000 0.000000 0.000000 0.000000 0.000000 0.000000 0.000000 0.000000 0.000000 0.000000 0.000000 0.000000 0.000000 0.000000 0.000000 0.000000 0.000000 0.000000 0.000000
1.770841 0.000000 0.137962 0.192850 -0.186223 0.994834 0.098127 0.333988 -0.089654 0.171051 -0.049962 0.229965 0.749194 -0.097923 0.314131 0.097923 -0.399754 1.479473 0.139746 0.034241 0.227265 0.096107 0.120797 -0.922081 0.074674 -0.130260 -0.630723 0.017246 -0.561773 -0.021836 -0.786180 2.039789 0.291396 -0.415686 0.266142 0.053550 0.162499 -1.643315 0.148359 -0.150468 -1.548533 0.021238 -0.812075 -0.014865 1.192349 4.008290 -1.751846 1.882328 -0.002614 3.086654 1.192349 4.008290 7.077154 1.882328 -0.002614 11.915654 0.000000 0.000000 -8.829000 0.000000 0.000000 -8.829000 0.000000 0.000000 0.000000 0.000000 0.000000 0.000000 0.000000 0.000000 0.000000 0.000000 0.000000 0.000000 0.000000 0.000000 0.000000 0.000000 0.000000 0.000000 0.000000 0.000000 0.000000 0.000000 0.000000 0.000000
1.837862 0.000000 0.138382 0.192982 -0.186223 0.990964 0.097815 0.332838 -0.089606 0.172753 -0.050190 0.229953 0.745647 -0.097695 0.313447 0.097911 -0.342431 1.527794 0.156163 0.158704 0.250895 0.120127 0.121644 -0.920477 0.097561 -0.140240 -0.491955 -0.006906 -0.532048 -0.018676 -0.735194 2.086397 0.309145 -0.298616 0.289567 0.074063 0.163464 -1.642512 0.171931 -0.160410 -1.413571 -0.002808 -0.784234 -0.011712 1.338939 4.547399 -4.234633 2.365338 0.069160 0.814653 1.338939 4.547399 4.594367 2.365338 0.069160 9.643653 0.000000 0.000000 -8.829000 0.000000 0.000000 -8.829000 0.000000 0.000000 0.000000 0.000000 0.000000 0.000000 0.000000 0.000000 0.000000 0.000000 0.000000 0.000000 0.000000 0.000000 0.000000 0.000000 0.000000 0.000000 0.000000 0.000000 0.000000 0.000000 0.000000 0.000000
1.910167 0.000000 0.138394 0.192982 -0.186211 0.990844 0.097767 0.332383 -0.089606 0.172836 -0.050250 0.229977 0.745551 -0.097635 0.313304 0.097935 -0.368822 1.486901 0.135541 0.259112 0.265465 0.106929 0.118169 -0.956787 0.163111 -0.142015 -0.463210 -0.023405 -0.521578 -0.019516 -0.762083 2.045338 0.288608 -0.198761 0.304064 0.060431 0.159986 -1.678786 0.237406 -0.162235 -1.384935 -0.019294 -0.773870 -0.012546 1.775606 4.982520 -7.547533 2.646420 0.227572 -0.071955 1.775606 4.982520 1.281467 2.646420 0.227572 8.757045 0.000000 0.000000 -8.829000 0.000000 0.000000 -8.829000 0.000000 0.000000 0.000000 0.000000 0.000000 0.000000 0.000000 0.000000 0.000000 0.000000 0.000000 0.000000 0.000000 0.000000 0.000000 0.000000 0.000000 0.000000 0.000000 0.000000 0.000000 0.000000 0.000000 0.000000
2.017043 0.000000 0.140431 0.193042 -0.186235 0.984192 0.097408 0.329482 -0.089582 0.174239 -0.050490 0.229905 0.742591 -0.097516 0.312393 0.097935 -0.477612 1.482060 0.162818 0.333421 0.317117 0.072825 0.127685 -0.981977 0.195180 -0.116418 -0.239162 -0.040964 -0.464018 -0.022585 -0.877821 2.036835 0.317932 -0.135532 0.355148 0.020534 0.169527 -1.704936 0.269879 -0.136691 -1.164315 -0.036768 -0.718124 -0.015660 2.483185 5.573395 -11.108250 3.521739 0.377006 -3.907453 2.483185 5.573395 -2.279250 3.521739 0.377006 4.921547 0.000000 0.000000 -8.829000 0.000000 0.000000 -8.829000 0.000000 0.000000 0.000000 0.000000 0.000000 0.000000 0.000000 0.000000 0.000000 0.000000 0.000000 0.000000 0.000000 0.000000 0.000000 0.000000 0.000000 0.000000 0.000000 0.000000 0.000000 0.000000 0.000000 0.000000
2.080957 0.000000 0.145944 0.193150 -0.186247 0.973467 0.096892 0.327577 -0.089546 0.178169 -0.050681 0.229965 0.732008 -0.096545 0.311626 0.097959 -0.420213 1.468252 0.167634 0.405965 0.351271 0.090483 0.132179 -0.980730 0.207220 -0.111353 -0.220733 -0.066329 -0.417964 -0.024572 -0.821881 2.017966 0.325396 -0.074731 0.388730 0.032533 0.173857 -1.708920 0.285561 -0.131107 -1.158371 -0.061750 -0.677648 -0.017514 2.458672 5.684830 -12.012898 3.579041 0.405995 -4.182798 2.458672 5.684830 -3.183898 3.579041 0.405995 4.646202 0.000000 0.000000 -8.829000 0.000000 0.000000 -8.829000 0.000000 0.000000 0.000000 0.000000 0.000000 0.000000 0.000000 0.000000 0.000000 0.000000 0.000000 0.000000 0.000000 0.000000 0.000000 0.000000 0.000000 0.000000 0.000000 0.000000 0.000000 0.000000 0.000000 0.000000
2.169917 0.000000 0.146363 0.193174 -0.186235 0.972903 0.096857 0.327241 -0.089546 0.178613 -0.050693 0.229941 0.730822 -0.096485 0.311638 0.097971 -0.351266 1.516607 0.179515 0.520731 0.386484 0.103181 0.139415 -0.876639 0.242708 -0.101857 -0.159758 -0.091762 -0.342550 -0.024525 -0.752725 2.066075 0.337439 0.039479 0.423878 0.044850 0.181078 -1.605348 0.321413 -0.121549 -1.098722 -0.087150 -0.602786 -0.017457 2.527808 6.136968 -13.994381 3.353168 0.497061 -4.468684 2.527808 6.136968 -5.165381 3.353168 0.497061 4.360316 0.000000 0.000000 -8.829000 0.000000 0.000000 -8.829000 0.000000 0.000000 0.000000 0.000000 0.000000 0.000000 0.000000 0.000000 0.000000 0.000000 0.000000 0.000000 0.000000 0.000000 0.000000 0.000000 0.000000 0.000000 0.000000 0.000000 0.000000 0.000000 0.000000 0.000000
2.248174 0.000000 0.148844 0.193138 -0.186247 0.967091 0.095550 0.326342 -0.089534 0.181441 -0.050837 0.229953 0.725825 -0.095790 0.310272 0.098007 -0.387216 1.454965 0.175561 0.661149 0.375567 0.145226 0.144040 -0.766941 0.285074 -0.094968 0.001543 -0.154529 -0.284365 -0.023207 -0.791101 2.001118 0.334827 0.172675 0.412559 0.083397 0.185478 -1.495647 0.365435 -0.114231 -0.942407 -0.149623 -0.547305 -0.015946 3.072174 6.631683 -18.013601 3.432674 0.621441 -6.168192 3.072174 6.631683 -9.184601 3.432674 0.621441 2.660808 0.000000 0.000000 -8.829000 0.000000 0.000000 -8.829000 0.000000 0.000000 0.000000 0.000000 0.000000 0.000000 0.000000 0.000000 0.000000 0.000000 0.000000 0.000000 0.000000 0.000000 0.000000 0.000000 0.000000 0.000000 0.000000 0.000000 0.000000 0.000000 0.000000 0.000000
2.321301 0.000000 0.149575 0.193138 -0.186283 0.965413 0.095454 0.326151 -0.089534 0.181669 -0.050897 0.229941 0.725070 -0.095550 0.310104 0.098007 -0.303670 1.449047 0.201437 0.705346 0.394049 0.167609 0.153086 -0.848392 0.323717 -0.093584 0.055567 -0.191479 -0.274575 -0.024559 -0.708158 1.994331 0.361094 0.214884 0.430963 0.104880 0.194498 -1.577704 0.404244 -0.112879 -0.889421 -0.186528 -0.538027 -0.017275 2.882169 6.642225 -18.047725 3.981219 0.727391 -7.713012 2.882169 6.642225 -9.218725 3.981219 0.727391 1.115988 0.000000 0.000000 -8.829000 0.000000 0.000000 -8.829000 0.000000 0.000000 0.000000 0.000000 0.000000 0.000000 0.000000 0.000000 0.000000 0.000000 0.000000 0.000000 0.000000 0.000000 0.000000 0.000000 0.000000 0.000000 0.000000 0.000000 0.000000 0.000000 0.000000 0.000000
2.388290 0.000000 0.156466 0.193210 -0.186295 0.951536 0.094256 0.323766 -0.089534 0.183143 -0.051292 0.229881 0.717508 -0.095023 0.308162 0.098019 -0.210102 1.431021 0.195305 0.702251 0.425722 0.178630 0.153580 -0.880449 0.346303 -0.077632 0.105636 -0.213934 -0.236925 -0.026821 -0.617224 1.969368 0.358203 0.196217 0.461838 0.108380 0.194685 -1.618652 0.428969 -0.097238 -0.851306 -0.208767 -0.506169 -0.019727 2.467272 6.279952 -16.231242 4.293557 0.807003 -8.680278 2.467272 6.279952 -7.402242 4.293557 0.807003 0.148722 0.000000 0.000000 -8.829000 0.000000 0.000000 -8.829000 0.000000 0.000000 0.000000 0.000000 0.000000 0.000000 0.000000 0.000000 0.000000 0.000000 0.000000 0.000000 0.000000 0.000000 0.000000 0.000000 0.000000 0.000000 0.000000 0.000000 0.000000 0.000000 0.000000 0.000000
2.458873 0.000000 0.159079 0.193294 -0.186355 0.943662 0.093333 0.321764 -0.089558 0.185767 -0.051520 0.229905 0.710581 -0.094184 0.306796 0.098079 -0.134201 1.499478 0.206969 0.821405 0.451147 0.195825 0.155169 -0.834663 0.396899 -0.049841 0.209562 -0.251011 -0.194714 -0.019088 -0.547751 2.033669 0.371961 0.303769 0.486735 0.119884 0.196187 -1.576620 0.481822 -0.069200 -0.755973 -0.245528 -0.468156 -0.011885 2.498125 6.669774 -17.673445 4.440105 0.972167 -9.873805 2.498125 6.669774 -8.844445 4.440105 0.972167 -1.044805 0.000000 0.000000 -8.829000 0.000000 0.000000 -8.829000 0.000000 0.000000 0.000000 0.000000 0.000000 0.000000 0.000000 0.000000 0.000000 0.000000 0.000000 0.000000 0.000000 0.000000 0.000000 0.000000 0.000000 0.000000 0.000000 0.000000 0.000000 0.000000 0.000000 0.000000
2.543079 0.000000 0.159498 0.193318 -0.186355 0.942188 0.093201 0.321117 -0.089558 0.187266 -0.051604 0.229857 0.706937 -0.094160 0.306544 0.098091 -0.051026 1.519683 0.234688 0.896760 0.469543 0.212825 0.158339 -0.755103 0.418820 -0.035411 0.171544 -0.281427 -0.156507 -0.014977 -0.466215 2.053075 0.400121 0.376624 0.505002 0.135572 0.199359 -1.498378 0.504723 -0.054598 -0.797988 -0.275860 -0.431726 -0.007792 2.398069 6.849949 -18.380316 3.975052 1.014871 -8.749064 2.398069 6.849949 -9.551316 3.975052 1.014871 0.079936 0.000000 0.000000 -8.829000 0.000000 0.000000 -8.829000 0.000000 0.000000 0.000000 0.000000 0.000000 0.000000 0.000000 0.000000 0.000000 0.000000 0.000000 0.000000 0.000000 0.000000 0.000000 0.000000 0.000000 0.000000 0.000000 0.000000 0.000000 0.000000 0.000000 0.000000
2.600818 0.000000 0.165886 0.193258 -0.186367 0.924715 0.087629 0.317930 -0.089570 0.194276 -0.051688 0.229821 0.692173 -0.092866 0.305442 0.098199 0.065219 1.423752 0.207793 0.799963 0.397241 0.210051 0.154241 -0.695635 0.452033 -0.035223 0.191419 -0.331367 -0.085279 -0.015183 -0.361179 1.946719 0.377179 0.255945 0.431269 0.120961 0.194402 -1.441244 0.543007 -0.053012 -0.792905 -0.325170 -0.367241 -0.007586 1.663960 5.886072 -14.200307 3.782962 1.083821 -8.566364 1.663960 5.886072 -5.371307 3.782962 1.083821 0.262636 0.000000 0.000000 -8.829000 0.000000 0.000000 -8.829000 0.000000 0.000000 0.000000 0.000000 0.000000 0.000000 0.000000 0.000000 0.000000 0.000000 0.000000 0.000000 0.000000 0.000000 0.000000 0.000000 0.000000 0.000000 0.000000 0.000000 0.000000 0.000000 0.000000 0.000000
2.685157 0.000000 0.166904 0.193306 -0.186367 0.922270 0.086646 0.316659 -0.089546 0.195822 -0.051700 0.229821 0.689704 -0.092530 0.305274 0.098211 0.133769 1.470645 0.211186 0.846176 0.326189 0.208716 0.162833 -0.566335 0.539410 -0.025505 0.176564 -0.328723 -0.023362 -0.012418 -0.294338 1.992112 0.381231 0.298448 0.359889 0.117425 0.202861 -1.311127 0.631190 -0.042954 -0.809611 -0.322394 -0.306196 -0.004687 1.512578 5.985259 -14.212820 3.208881 1.280192 -7.605718 1.512578 5.985259 -5.383820 3.208881 1.280192 1.223282 0.000000 0.000000 -8.829000 0.000000 0.000000 -8.829000 0.000000 0.000000 0.000000 0.000000 0.000000 0.000000 0.000000 0.000000 0.000000 0.000000 0.000000 0.000000 0.000000 0.000000 0.000000 0.000000 0.000000 0.000000 0.000000 0.000000 0.000000 0.000000 0.000000 0.000000
2.753408 0.000000 0.170823 0.193365 -0.186463 0.905169 0.084045 0.315437 -0.089606 0.199537 -0.051868 0.229810 0.683137 -0.090145 0.303896 0.098331 0.092022 1.429928 0.207748 0.781287 0.289406 0.244775 0.160358 -0.558706 0.586406 -0.027663 0.361226 -0.327210 0.069564 -0.012640 -0.353762 1.942413 0.381955 0.207648 0.322352 0.142147 0.200172 -1.303130 0.680537 -0.044410 -0.631132 -0.320283 -0.216558 -0.004280 1.490215 5.634997 -12.781732 3.783459 1.438644 -10.311981 1.490215 5.634997 -3.952732 3.783459 1.438644 -1.482981 0.000000 0.000000 -8.829000 0.000000 0.000000 -8.829000 0.000000 0.000000 0.000000 0.000000 0.000000 0.000000 0.000000 0.000000 0.000000 0.000000 0.000000 0.000000 0.000000 0.000000 0.000000 0.000000 0.000000 0.000000 0.000000 0.000000 0.000000 0.000000 0.000000 0.000000
2.839355 0.000000 0.175569 0.192551 -0.186738 0.892357 0.082272 0.311758 -0.089822 0.208082 -0.052083 0.229798 0.668240 -0.085244 0.300972 0.098355 0.072920 1.346496 0.208067 1.097407 0.285263 0.310183 0.163225 -0.361136 0.663698 0.004060 0.507586 -0.296737 0.128311 -0.011217 -0.381776 1.848653 0.384343 0.505194 0.316974 0.198127 0.202374 -1.104274 0.763325 -0.010836 -0.498487 -0.288563 -0.165029 -0.001552 2.458730 6.443613 -19.581646 3.371533 1.685807 -10.832816 2.458730 6.443613 -10.752646 3.371533 1.685807 -2.003816 0.000000 0.000000 -8.829000 0.000000 0.000000 -8.829000 0.000000 0.000000 0.000000 0.000000 0.000000 0.000000 0.000000 0.000000 0.000000 0.000000 0.000000 0.000000 0.000000 0.000000 0.000000 0.000000 0.000000 0.000000 0.000000 0.000000 0.000000 0.000000 0.000000 0.000000
2.898624 0.000000 0.176456 0.192575 -0.186774 0.889601 0.082056 0.311722 -0.089870 0.210083 -0.052179 0.229666 0.664981 -0.084693 0.300265 0.098390 0.217793 1.339652 0.224175 1.110971 0.283663 0.362595 0.159111 -0.201373 0.699681 0.020725 0.525233 -0.264958 0.143596 -0.003502 -0.238738 1.840471 0.401053 0.515189 0.315284 0.249052 0.198222 -0.943892 0.800047 0.006144 -0.483644 -0.256592 -0.151241 0.006325 1.930064 6.231474 -18.239739 2.738047 1.783296 -9.924078 1.930064 6.231474 -9.410739 2.738047 1.783296 -1.095078 0.000000 0.000000 -8.829000 0.000000 0.000000 -8.829000 0.000000 0.000000 0.000000 0.000000 0.000000 0.000000 0.000000 0.000000 0.000000 0.000000 0.000000 0.000000 0.000000 0.000000 0.000000 0.000000 0.000000 0.000000 0.000000 0.000000 0.000000 0.000000 0.000000 0.000000
2.970463 0.000000 0.180722 0.191172 -0.187038 0.871900 0.080738 0.306928 -0.090517 0.216747 -0.052635 0.229750 0.654099 -0.081133 0.295064 0.098450 0.162541 1.271316 0.216471 0.989652 0.303807 0.321641 0.142068 -0.130606 0.771248 0.034249 0.544750 -0.165602 0.107160 0.003072 -0.313929 1.757124 0.396140 0.364318 0.333835 0.193791 0.180431 -0.872780 0.875362 0.020795 -0.475465 -0.156237 -0.194739 0.013772 1.843967 5.625974 -15.767002 2.455286 1.985253 -9.464278 1.843967 5.625974 -6.938002 2.455286 1.985253 -0.635278 0.000000 0.000000 -8.829000 0.000000 0.000000 -8.829000 0.000000 0.000000 0.000000 0.000000 0.000000 0.000000 0.000000 0.000000 0.000000 0.000000 0.000000 0.000000 0.000000 0.000000 0.000000 0.000000 0.000000 0.000000 0.000000 0.000000 0.000000 0.000000 0.000000 0.000000
3.016616 0.000000 0.181034 0.190969 -0.187026 0.869671 0.080486 0.306329 -0.090589 0.217849 -0.052731 0.229750 0.651666 -0.079575 0.294800 0.098474 0.136077 1.262829 0.223149 0.927171 0.314035 0.292045 0.138310 -0.071371 0.799593 0.040392 0.508410 -0.079704 0.104611 0.001368 -0.343676 1.746675 0.403174 0.297703 0.343856 0.162218 0.176583 -0.814082 0.904573 0.027130 -0.514334 -0.070054 -0.198515 0.012423 1.784406 5.445299 -14.703859 2.087086 2.055165 -8.538706 1.784406 5.445299 -5.874859 2.087086 2.055165 0.290294 0.000000 0.000000 -8.829000 0.000000 0.000000 -8.829000 0.000000 0.000000 0.000000 0.000000 0.000000 0.000000 0.000000 0.000000 0.000000 0.000000 0.000000 0.000000 0.000000 0.000000 0.000000 0.000000 0.000000 0.000000 0.000000 0.000000 0.000000 0.000000 0.000000 0.000000
3.063691 0.000000 0.182508 0.187158 -0.187254 0.856057 0.078137 0.300445 -0.090972 0.220725 -0.052898 0.229798 0.644751 -0.076975 0.290558 0.098522 0.134007 1.145383 0.207677 1.030872 0.303257 0.291999 0.126687 -0.019780 0.797122 0.027544 0.722210 -0.074159 0.133834 -0.000361 -0.368896 1.607908 0.387126 0.372589 0.330847 0.147459 0.163435 -0.767174 0.905345 0.014863 -0.310596 -0.063799 -0.175348 0.011234 2.165439 5.324796 -16.545168 2.513632 2.100637 -10.915059 2.165439 5.324796 -7.716168 2.513632 2.100637 -2.086059 0.000000 0.000000 -8.829000 0.000000 0.000000 -8.829000 0.000000 0.000000 0.000000 0.000000 0.000000 0.000000 0.000000 0.000000 0.000000 0.000000 0.000000 0.000000 0.000000 0.000000 0.000000 0.000000 0.000000 0.000000 0.000000 0.000000 0.000000 0.000000 0.000000 0.000000
3.135322 0.000000 0.190321 0.185108 -0.187517 0.833994 0.075956 0.297053 -0.091212 0.226011 -0.054984 0.229774 0.630059 -0.076447 0.289119 0.098534 0.131022 0.983427 0.211569 0.915627 0.316173 0.202579 0.111683 0.003554 0.819281 0.032609 0.737379 -0.062438 0.160127 0.003132 -0.386181 1.427336 0.392866 0.226916 0.342056 0.043826 0.147263 -0.751156 0.926426 0.018103 -0.311962 -0.052049 -0.156487 0.014102 1.873189 4.503530 -13.935536 2.450565 2.147915 -10.789738 1.873189 4.503530 -5.106536 2.450565 2.147915 -1.960738 0.000000 0.000000 -8.829000 0.000000 0.000000 -8.829000 0.000000 0.000000 0.000000 0.000000 0.000000 0.000000 0.000000 0.000000 0.000000 0.000000 0.000000 0.000000 0.000000 0.000000 0.000000 0.000000 0.000000 0.000000 0.000000 0.000000 0.000000 0.000000 0.000000 0.000000
3.195990 0.000000 0.190321 0.185012 -0.187529 0.833023 0.075680 0.296741 -0.091248 0.226550 -0.055451 0.229833 0.627446 -0.076423 0.289012 0.098570 0.154649 0.922035 0.221941 0.871136 0.285816 0.186788 0.106086 0.018132 0.853552 0.037207 0.719376 -0.055989 0.173083 0.005757 -0.364457 1.364990 0.403376 0.180367 0.311584 0.027024 0.141603 -0.738990 0.960363 0.022147 -0.333385 -0.045629 -0.144983 0.016548 1.678162 4.224155 -12.969298 2.347357 2.224458 -10.492265 1.678162 4.224155 -4.140298 2.347357 2.224458 -1.663265 0.000000 0.000000 -8.829000 0.000000 0.000000 -8.829000 0.000000 0.000000 0.000000 0.000000 0.000000 0.000000 0.000000 0.000000 0.000000 0.000000 0.000000 0.000000 0.000000 0.000000 0.000000 0.000000 0.000000 0.000000 0.000000 0.000000 0.000000 0.000000 0.000000 0.000000
3.261672 0.000000 0.190321 0.185000 -0.187505 0.832245 0.075656 0.296610 -0.091236 0.226586 -0.055775 0.229821 0.625397 -0.076423 0.288700 0.098570 0.174299 0.861553 0.225230 0.830567 0.282658 0.177325 0.100151 0.051425 0.874333 0.051417 0.726972 -0.050086 0.172206 0.011147 -0.346261 1.304076 0.406862 0.138259 0.308394 0.016878 0.135690 -0.708974 0.981041 0.035860 -0.329259 -0.039752 -0.147417 0.021752 1.508650 3.966502 -12.138109 2.230681 2.288434 -10.341757 1.508650 3.966502 -3.309109 2.230681 2.288434 -1.512757 0.000000 0.000000 -8.829000 0.000000 0.000000 -8.829000 0.000000 0.000000 0.000000 0.000000 0.000000 0.000000 0.000000 0.000000 0.000000 0.000000 0.000000 0.000000 0.000000 0.000000 0.000000 0.000000 0.000000 0.000000 0.000000 0.000000 0.000000 0.000000 0.000000 0.000000
3.309603 0.000000 0.197656 0.184821 -0.187721 0.813849 0.073343 0.293733 -0.091392 0.228755 -0.059598 0.229594 0.606546 -0.074722 0.285332 0.098570 0.276771 0.776748 0.208305 0.922690 0.292954 0.206698 0.086336 -0.010765 0.872935 0.056204 0.725856 -0.061572 0.185929 0.013030 -0.252720 1.208645 0.392843 0.207276 0.317530 0.035276 0.121271 -0.795514 0.976157 0.035273 -0.359245 -0.051332 -0.146995 0.022215 1.350529 3.783613 -12.574049 2.512893 2.270222 -10.464039 1.350529 3.783613 -3.745049 2.512893 2.270222 -1.635039 0.000000 0.000000 -8.829000 0.000000 0.000000 -8.829000 0.000000 0.000000 0.000000 0.000000 0.000000 0.000000 0.000000 0.000000 0.000000 0.000000 0.000000 0.000000 0.000000 0.000000 0.000000 0.000000 0.000000 0.000000 0.000000 0.000000 0.000000 0.000000 0.000000 0.000000
3.378673 0.000000 0.198255 0.184725 -0.187769 0.812746 0.073164 0.293146 -0.091464 0.228779 -0.059657 0.229522 0.604760 -0.074218 0.284769 0.098570 0.278407 0.737345 0.214611 1.020365 0.330522 0.229508 0.085152 -0.009317 0.859708 0.055121 0.772270 -0.099179 0.226344 0.013765 -0.251358 1.168178 0.399205 0.303506 0.354932 0.057211 0.119977 -0.797147 0.963578 0.034076 -0.316128 -0.088828 -0.108201 0.022976 1.629441 3.944082 -14.384253 2.664561 2.245449 -11.077740 1.629441 3.944082 -5.555253 2.664561 2.245449 -2.248740 0.000000 0.000000 -8.829000 0.000000 0.000000 -8.829000 0.000000 0.000000 0.000000 0.000000 0.000000 0.000000 0.000000 0.000000 0.000000 0.000000 0.000000 0.000000 0.000000 0.000000 0.000000 0.000000 0.000000 0.000000 0.000000 0.000000 0.000000 0.000000 0.000000 0.000000
3.434049 0.000000 0.204631 0.184941 -0.187757 0.794219 0.072457 0.291013 -0.091524 0.231355 -0.059657 0.229666 0.595736 -0.071857 0.283151 0.098570 0.264567 0.715555 0.218819 0.822906 0.367073 0.190490 0.085217 0.005319 0.863354 0.052117 0.826493 -0.101686 0.276356 0.013825 -0.277049 1.137685 0.406951 0.081865 0.390741 0.007332 0.119994 -0.789539 0.971312 0.031768 -0.273941 -0.090713 -0.063989 0.023524 1.128064 3.382238 -10.646532 2.780861 2.271141 -11.609311 1.128064 3.382238 -1.817532 2.780861 2.271141 -2.780311 0.000000 0.000000 -8.829000 0.000000 0.000000 -8.829000 0.000000 0.000000 0.000000 0.000000 0.000000 0.000000 0.000000 0.000000 0.000000 0.000000 0.000000 0.000000 0.000000 0.000000 0.000000 0.000000 0.000000 0.000000 0.000000 0.000000 0.000000 0.000000 0.000000 0.000000
3.492458 0.000000 0.204906 0.184833 -0.187829 0.792121 0.072121 0.290126 -0.091595 0.231763 -0.059657 0.229654 0.594178 -0.071282 0.283091 0.098582 0.308638 0.694895 0.220705 0.918010 0.396751 0.249691 0.083620 -0.042772 0.891379 0.066153 0.934339 -0.103082 0.334984 0.012905 -0.236253 1.115258 0.409176 0.172946 0.420182 0.064464 0.118313 -0.838819 0.999985 0.045910 -0.168077 -0.091987 -0.006239 0.022731 1.234621 3.515662 -11.979227 3.328138 2.388414 -13.349476 1.234621 3.515662 -3.150227 3.328138 2.388414 -4.520476 0.000000 0.000000 -8.829000 0.000000 0.000000 -8.829000 0.000000 0.000000 0.000000 0.000000 0.000000 0.000000 0.000000 0.000000 0.000000 0.000000 0.000000 0.000000 0.000000 0.000000 0.000000 0.000000 0.000000 0.000000 0.000000 0.000000 0.000000 0.000000 0.000000 0.000000
3.550536 0.000000 0.207111 0.184186 -0.188092 0.776410 0.071031 0.286375 -0.091775 0.235238 -0.059945 0.229522 0.573301 -0.069101 0.279496 0.098570 0.278823 0.664954 0.221258 0.899002 0.417315 0.233917 0.081833 -0.145095 0.930916 0.070226 0.732371 -0.104699 0.324133 0.009560 -0.288136 1.074053 0.412309 0.126282 0.439648 0.035646 0.116336 -0.964918 1.047133 0.050193 -0.401223 -0.092795 -0.031673 0.019353 1.331805 3.369155 -11.589560 3.186519 2.448929 -11.243772 1.331805 3.369155 -2.760560 3.186519 2.448929 -2.414772 0.000000 0.000000 -8.829000 0.000000 0.000000 -8.829000 0.000000 0.000000 0.000000 0.000000 0.000000 0.000000 0.000000 0.000000 0.000000 0.000000 0.000000 0.000000 0.000000 0.000000 0.000000 0.000000 0.000000 0.000000 0.000000 0.000000 0.000000 0.000000 0.000000 0.000000
3.621675 0.000000 0.206596 0.184066 -0.188068 0.775571 0.070971 0.285488 -0.091751 0.235131 -0.059993 0.229582 0.570845 -0.068897 0.277842 0.098594 0.165467 0.614334 0.220985 1.113858 0.457839 0.237541 0.080405 -0.248541 1.012222 0.066617 0.776172 -0.149587 0.274515 0.005379 -0.405286 1.022396 0.412270 0.338030 0.480022 0.037612 0.114945 -1.073487 1.129767 0.046481 -0.362687 -0.137543 -0.084158 0.015096 2.400803 3.842710 -16.122921 3.777181 2.650186 -12.316993 2.400803 3.842710 -7.293921 3.777181 2.650186 -3.487993 0.000000 0.000000 -8.829000 0.000000 0.000000 -8.829000 0.000000 0.000000 0.000000 0.000000 0.000000 0.000000 0.000000 0.000000 0.000000 0.000000 0.000000 0.000000 0.000000 0.000000 0.000000 0.000000 0.000000 0.000000 0.000000 0.000000 0.000000 0.000000 0.000000 0.000000
3.675281 0.000000 0.213427 0.183970 -0.188140 0.748978 0.063888 0.277710 -0.091811 0.239421 -0.060293 0.229546 0.555505 -0.066309 0.267943 0.098606 0.290901 0.588938 0.217666 1.090960 0.391959 0.219625 0.084161 -0.081561 1.004892 0.097831 0.914174 -0.157763 0.252980 0.009089 -0.307328 0.980479 0.413694 0.273249 0.411680 -0.001644 0.117551 -0.922887 1.129111 0.078311 -0.249519 -0.144634 -0.120107 0.019057 1.841665 3.435888 -13.909790 3.446939 2.706480 -12.459574 1.841665 3.435888 -5.080790 3.446939 2.706480 -3.630574 0.000000 0.000000 -8.829000 0.000000 0.000000 -8.829000 0.000000 0.000000 0.000000 0.000000 0.000000 0.000000 0.000000 0.000000 0.000000 0.000000 0.000000 0.000000 0.000000 0.000000 0.000000 0.000000 0.000000 0.000000 0.000000 0.000000 0.000000 0.000000 0.000000 0.000000
3.738079 0.000000 0.219551 0.183874 -0.188188 0.727383 0.062342 0.275733 -0.091919 0.252448 -0.061108 0.229318 0.530937 -0.062306 0.265642 0.098642 0.230948 0.598502 0.229692 1.039186 0.394459 0.229920 0.088029 -0.032684 1.049515 0.115027 0.803673 -0.142062 0.226755 0.008671 -0.384536 0.978537 0.429075 0.191912 0.413223 -0.004476 0.121164 -0.872623 1.178827 0.097580 -0.380892 -0.127785 -0.156173 0.019694 1.926039 3.346623 -13.114258 2.830131 2.792422 -10.556598 1.926039 3.346623 -4.285258 2.830131 2.792422 -1.727598 0.000000 0.000000 -8.829000 0.000000 0.000000 -8.829000 0.000000 0.000000 0.000000 0.000000 0.000000 0.000000 0.000000 0.000000 0.000000 0.000000 0.000000 0.000000 0.000000 0.000000 0.000000 0.000000 0.000000 0.000000 0.000000 0.000000 0.000000 0.000000 0.000000 0.000000
3.798693 0.000000 0.220198 0.183958 -0.188188 0.722936 0.062090 0.275254 -0.091979 0.253370 -0.061323 0.229330 0.528516 -0.060760 0.265259 0.098642 0.241677 0.579445 0.229369 1.063935 0.413495 0.280164 0.088082 0.027496 1.142166 0.140707 0.834365 -0.089841 0.241675 0.012302 -0.379412 0.957359 0.429707 0.209575 0.432086 0.042638 0.121253 -0.813436 1.271981 0.123225 -0.352861 -0.075309 -0.142567 0.023648 1.978027 3.346155 -13.457561 2.675021 3.050319 -10.620070 1.978027 3.346155 -4.628561 2.675021 3.050319 -1.791070 0.000000 0.000000 -8.829000 0.000000 0.000000 -8.829000 0.000000 0.000000 0.000000 0.000000 0.000000 0.000000 0.000000 0.000000 0.000000 0.000000 0.000000 0.000000 0.000000 0.000000 0.000000 0.000000 0.000000 0.000000 0.000000 0.000000 0.000000 0.000000 0.000000 0.000000
3.840076 0.000000 0.225975 0.183994 -0.188332 0.694857 0.060400 0.267728 -0.092039 0.258871 -0.062486 0.229090 0.512517 -0.057213 0.262658 0.098630 0.194592 0.571151 0.245665 1.064906 0.449260 0.270889 0.088351 0.002734 1.230296 0.166254 0.846419 -0.078264 0.276550 0.012733 -0.459084 0.933156 0.451199 0.165451 0.466074 0.011508 0.121563 -0.846816 1.362466 0.148311 -0.359237 -0.062995 -0.116531 0.024500 2.194537 3.275600 -13.155064 2.827205 3.291781 -10.819945 2.194537 3.275600 -4.326064 2.827205 3.291781 -1.990945 0.000000 0.000000 -8.829000 0.000000 0.000000 -8.829000 0.000000 0.000000 0.000000 0.000000 0.000000 0.000000 0.000000 0.000000 0.000000 0.000000 0.000000 0.000000 0.000000 0.000000 0.000000 0.000000 0.000000 0.000000 0.000000 0.000000 0.000000 0.000000 0.000000 0.000000
3.894412 0.000000 0.227185 0.184006 -0.188332 0.689632 0.060149 0.267356 -0.092027 0.260633 -0.062642 0.229054 0.506957 -0.056949 0.261927 0.098642 0.217143 0.556367 0.258460 0.976568 0.487364 0.287369 0.091094 0.093129 1.290622 0.189907 0.840717 -0.083999 0.307316 0.008867 -0.441412 0.915741 0.464843 0.069735 0.503994 0.024776 0.124316 -0.759790 1.424178 0.172130 -0.371491 -0.068569 -0.088810 0.020610 1.882140 3.090682 -11.764499 2.447787 3.448853 -10.313752 1.882140 3.090682 -2.935499 2.447787 3.448853 -1.484752 0.000000 0.000000 -8.829000 0.000000 0.000000 -8.829000 0.000000 0.000000 0.000000 0.000000 0.000000 0.000000 0.000000 0.000000 0.000000 0.000000 0.000000 0.000000 0.000000 0.000000 0.000000 0.000000 0.000000 0.000000 0.000000 0.000000 0.000000 0.000000 0.000000 0.000000
3.945392 0.000000 0.231619 0.184018 -0.188476 0.667306 0.058100 0.260873 -0.092135 0.262323 -0.063516 0.228947 0.488082 -0.055547 0.254988 0.098678 0.204975 0.541027 0.272695 1.075457 0.530005 0.303379 0.096674 0.013072 1.350307 0.195352 0.959583 -0.121519 0.346002 0.008071 -0.479875 0.887352 0.482987 0.132608 0.545055 0.023052 0.129768 -0.866664 1.489550 0.176423 -0.283795 -0.105428 -0.065875 0.019288 2.239682 3.173282 -12.784454 3.197873 3.639337 -11.821320 2.239682 3.173282 -3.955454 3.197873 3.639337 -2.992320 0.000000 0.000000 -8.829000 0.000000 0.000000 -8.829000 0.000000 0.000000 0.000000 0.000000 0.000000 0.000000 0.000000 0.000000 0.000000 0.000000 0.000000 0.000000 0.000000 0.000000 0.000000 0.000000 0.000000 0.000000 0.000000 0.000000 0.000000 0.000000 0.000000 0.000000
3.999169 0.000000 0.242153 0.184174 -0.188596 0.644643 0.051796 0.256402 -0.092183 0.266325 -0.070228 0.229294 0.468152 -0.054420 0.249380 0.098738 0.277374 0.531004 0.284799 0.950031 0.494777 0.293360 0.098112 -0.028772 1.161821 0.154450 0.904311 -0.172789 0.265922 0.000304 -0.412713 0.864985 0.497285 -0.017780 0.507940 0.000141 0.129677 -0.927208 1.291282 0.125517 -0.365001 -0.157121 -0.158771 0.009212 1.553334 2.843729 -10.263468 3.161513 3.078881 -10.853505 1.553334 2.843729 -1.434468 3.161513 3.078881 -2.024505 0.000000 0.000000 -8.829000 0.000000 0.000000 -8.829000 0.000000 0.000000 0.000000 0.000000 0.000000 0.000000 0.000000 0.000000 0.000000 0.000000 0.000000 0.000000 0.000000 0.000000 0.000000 0.000000 0.000000 0.000000 0.000000 0.000000 0.000000 0.000000 0.000000 0.000000
4.054172 0.000000 0.246719 0.184353 -0.188835 0.628273 0.048464 0.254569 -0.092291 0.268902 -0.080678 0.228527 0.448450 -0.049830 0.244802 0.098774 0.241366 0.514400 0.293953 1.053768 0.466343 0.347501 0.101881 -0.141284 1.027672 0.175568 0.889594 -0.134583 0.275288 -0.000915 -0.461347 0.839635 0.508624 0.064208 0.478499 0.044191 0.132806 -1.060748 1.136570 0.129337 -0.404928 -0.119611 -0.161522 0.005168 1.997279 2.965244 -11.697978 3.574352 2.733649 -10.907770 1.997279 2.965244 -2.868978 3.574352 2.733649 -2.078770 0.000000 0.000000 -8.829000 0.000000 0.000000 -8.829000 0.000000 0.000000 0.000000 0.000000 0.000000 0.000000 0.000000 0.000000 0.000000 0.000000 0.000000 0.000000 0.000000 0.000000 0.000000 0.000000 0.000000 0.000000 0.000000 0.000000 0.000000 0.000000 0.000000 0.000000
4.099005 0.000000 0.248145 0.184641 -0.188847 0.623515 0.047290 0.254353 -0.092279 0.269046 -0.081361 0.227964 0.445801 -0.048272 0.244071 0.098762 0.287261 0.510342 0.299707 1.039810 0.406299 0.374889 0.104175 -0.166625 0.961033 0.172789 0.892867 -0.112087 0.280835 0.005312 -0.418552 0.833867 0.515312 0.044442 0.418232 0.068968 0.134951 -1.089846 1.068579 0.125176 -0.405677 -0.096965 -0.157973 0.011446 1.783836 2.901014 -11.222022 3.675735 2.581162 -10.964871 1.783836 2.901014 -2.393022 3.675735 2.581162 -2.135871 0.000000 0.000000 -8.829000 0.000000 0.000000 -8.829000 0.000000 0.000000 0.000000 0.000000 0.000000 0.000000 0.000000 0.000000 0.000000 0.000000 0.000000 0.000000 0.000000 0.000000 0.000000 0.000000 0.000000 0.000000 0.000000 0.000000 0.000000 0.000000 0.000000 0.000000
4.152766 0.000000 0.250410 0.184569 -0.188907 0.605851 0.043503 0.249152 -0.092374 0.270556 -0.081565 0.227748 0.436669 -0.046715 0.241770 0.098774 0.181671 0.484167 0.304627 0.929547 0.348945 0.326279 0.103321 -0.174352 0.948917 0.219951 0.941148 -0.141661 0.298847 0.010204 -0.548320 0.796679 0.523050 -0.095704 0.359356 0.005503 0.133535 -1.107353 1.059444 0.172130 -0.370325 -0.126069 -0.146303 0.016474 1.921369 2.700258 -10.175993 3.838233 2.636930 -11.339945 1.921369 2.700258 -1.346993 3.838233 2.636930 -2.510945 0.000000 0.000000 -8.829000 0.000000 0.000000 -8.829000 0.000000 0.000000 0.000000 0.000000 0.000000 0.000000 0.000000 0.000000 0.000000 0.000000 0.000000 0.000000 0.000000 0.000000 0.000000 0.000000 0.000000 0.000000 0.000000 0.000000 0.000000 0.000000 0.000000 0.000000
4.198777 0.000000 0.251010 0.184509 -0.188979 0.602051 0.042939 0.248793 -0.092422 0.271179 -0.081529 0.228036 0.434764 -0.046403 0.241686 0.098774 0.170212 0.476212 0.307066 0.928252 0.310774 0.347475 0.101352 -0.218076 0.905329 0.230506 1.011751 -0.161497 0.329685 0.009512 -0.564080 0.786370 0.525917 -0.102693 0.320964 0.024143 0.131449 -1.151885 1.017094 0.183030 -0.301746 -0.145794 -0.116366 0.015901 1.976545 2.682975 -10.238824 4.228284 2.573146 -12.227698 1.976545 2.682975 -1.409824 4.228284 2.573146 -3.398698 0.000000 0.000000 -8.829000 0.000000 0.000000 -8.829000 0.000000 0.000000 0.000000 0.000000 0.000000 0.000000 0.000000 0.000000 0.000000 0.000000 0.000000 0.000000 0.000000 0.000000 0.000000 0.000000 0.000000 0.000000 0.000000 0.000000 0.000000 0.000000 0.000000 0.000000
4.260290 0.000000 0.254892 0.184509 -0.189087 0.583776 0.040734 0.245605 -0.092422 0.277387 -0.081732 0.227976 0.416008 -0.043766 0.239193 0.098798 0.255360 0.484766 0.314200 0.927328 0.292454 0.388209 0.100829 -0.198299 0.858837 0.206105 0.839651 -0.143444 0.338632 -0.000870 -0.497254 0.784756 0.535480 -0.130171 0.301572 0.052397 0.130613 -1.141442 0.976597 0.159693 -0.494442 -0.126870 -0.117121 0.006083 1.658075 2.621950 -9.545951 3.639703 2.409799 -10.263439 1.658075 2.621950 -0.716951 3.639703 2.409799 -1.434439 0.000000 0.000000 -8.829000 0.000000 0.000000 -8.829000 0.000000 0.000000 0.000000 0.000000 0.000000 0.000000 0.000000 0.000000 0.000000 0.000000 0.000000 0.000000 0.000000 0.000000 0.000000 0.000000 0.000000 0.000000 0.000000 0.000000 0.000000 0.000000 0.000000 0.000000
4.326805 0.000000 0.255659 0.184485 -0.189087 0.580060 0.040555 0.244634 -0.092446 0.279556 -0.081888 0.227688 0.410484 -0.042184 0.237216 0.098786 0.220386 0.455180 0.319456 0.892709 0.255758 0.349824 0.104264 -0.162593 0.851891 0.211231 0.727230 -0.085876 0.285838 -0.002495 -0.536212 0.753035 0.541229 -0.170422 0.264644 0.011280 0.134040 -1.108220 0.970969 0.164975 -0.613165 -0.068908 -0.173341 0.004790 1.698669 2.519762 -9.247239 3.115701 2.384901 -8.843751 1.698669 2.519762 -0.418239 3.115701 2.384901 -0.014751 0.000000 0.000000 -8.829000 0.000000 0.000000 -8.829000 0.000000 0.000000 0.000000 0.000000 0.000000 0.000000 0.000000 0.000000 0.000000 0.000000 0.000000 0.000000 0.000000 0.000000 0.000000 0.000000 0.000000 0.000000 0.000000 0.000000 0.000000 0.000000 0.000000 0.000000
4.391953 0.000000 0.257649 0.184545 -0.189303 0.570329 0.039224 0.240643 -0.092518 0.282756 -0.081972 0.227808 0.402862 -0.038026 0.233177 0.098810 0.203078 0.442097 0.302236 0.944551 0.272853 0.311959 0.106179 -0.146748 0.883154 0.209975 0.797525 -0.048254 0.264792 0.001501 -0.564805 0.733894 0.525428 -0.134205 0.280857 -0.034771 0.135768 -1.095773 1.005789 0.164587 -0.552114 -0.030354 -0.199880 0.009899 1.896196 2.510372 -9.707758 3.230683 2.480227 -9.276107 1.896196 2.510372 -0.878758 3.230683 2.480227 -0.447107 0.000000 0.000000 -8.829000 0.000000 0.000000 -8.829000 0.000000 0.000000 0.000000 0.000000 0.000000 0.000000 0.000000 0.000000 0.000000 0.000000 0.000000 0.000000 0.000000 0.000000 0.000000 0.000000 0.000000 0.000000 0.000000 0.000000 0.000000 0.000000 0.000000 0.000000
4.470592 0.000000 0.257948 0.184533 -0.189303 0.567956 0.038817 0.239625 -0.092530 0.283403 -0.081972 0.227880 0.402155 -0.037906 0.232350 0.098798 0.000155 0.418793 0.317407 1.196184 0.286221 0.298130 0.109387 -0.201522 0.935704 0.207137 1.118489 -0.040621 0.285187 0.004621 -0.771103 0.709071 0.540970 0.113288 0.293995 -0.050758 0.138925 -1.150087 1.058740 0.161964 -0.231797 -0.022650 -0.180058 0.013073 3.406253 2.893718 -13.660695 4.399531 2.669810 -12.506917 3.406253 2.893718 -4.831695 4.399531 2.669810 -3.677917 0.000000 0.000000 -8.829000 0.000000 0.000000 -8.829000 0.000000 0.000000 0.000000 0.000000 0.000000 0.000000 0.000000 0.000000 0.000000 0.000000 0.000000 0.000000 0.000000 0.000000 0.000000 0.000000 0.000000 0.000000 0.000000 0.000000 0.000000 0.000000 0.000000 0.000000
4.551551 0.000000 0.265319 0.184821 -0.189219 0.542790 0.036684 0.234747 -0.092614 0.293985 -0.082380 0.227880 0.381614 -0.036875 0.227149 0.098822 0.205799 0.417430 0.310904 1.109573 0.321118 0.270934 0.111701 -0.073305 0.985322 0.230953 0.887732 -0.060726 0.184910 -0.001710 -0.583911 0.695237 0.537593 -0.006229 0.327505 -0.093695 0.140942 -1.022090 1.113487 0.187773 -0.480851 -0.041973 -0.289937 0.007069 2.316905 2.594625 -11.031858 3.094022 2.755896 -9.390308 2.316905 2.594625 -2.202858 3.094022 2.755896 -0.561308 0.000000 0.000000 -8.829000 0.000000 0.000000 -8.829000 0.000000 0.000000 0.000000 0.000000 0.000000 0.000000 0.000000 0.000000 0.000000 0.000000 0.000000 0.000000 0.000000 0.000000 0.000000 0.000000 0.000000 0.000000 0.000000 0.000000 0.000000 0.000000 0.000000 0.000000
4.613423 0.000000 0.270915 0.184773 -0.189507 0.521194 0.033724 0.231679 -0.092818 0.297544 -0.084201 0.227784 0.361528 -0.034634 0.223254 0.098822 0.187802 0.399479 0.303007 0.981129 0.336758 0.278945 0.112821 -0.045817 0.987690 0.237510 0.849015 -0.070874 0.193272 -0.005050 -0.618945 0.665158 0.531623 -0.163036 0.341858 -0.098927 0.141384 -1.013192 1.118668 0.191777 -0.545151 -0.051559 -0.293743 0.003353 2.052249 2.375728 -9.536949 2.886099 2.758558 -8.735720 2.052249 2.375728 -0.707949 2.886099 2.758558 0.093280 0.000000 0.000000 -8.829000 0.000000 0.000000 -8.829000 0.000000 0.000000 0.000000 0.000000 0.000000 0.000000 0.000000 0.000000 0.000000 0.000000 0.000000 0.000000 0.000000 0.000000 0.000000 0.000000 0.000000 0.000000 0.000000 0.000000 0.000000 0.000000 0.000000 0.000000
4.679958 0.000000 0.271862 0.184761 -0.189507 0.517838 0.033604 0.229342 -0.092818 0.297916 -0.084501 0.227652 0.359910 -0.034311 0.222367 0.098774 0.167530 0.383216 0.314946 0.974236 0.349293 0.237869 0.112331 -0.004418 1.004846 0.241428 0.885868 -0.101111 0.216390 -0.008133 -0.642767 0.646740 0.543980 -0.175422 0.354024 -0.143191 0.140910 -0.973351 1.135539 0.195176 -0.510518 -0.081753 -0.271871 0.000198 2.103918 2.341884 -9.436790 2.835082 2.800676 -8.929469 2.103918 2.341884 -0.607790 2.835082 2.800676 -0.100469 0.000000 0.000000 -8.829000 0.000000 0.000000 -8.829000 0.000000 0.000000 0.000000 0.000000 0.000000 0.000000 0.000000 0.000000 0.000000 0.000000 0.000000 0.000000 0.000000 0.000000 0.000000 0.000000 0.000000 0.000000 0.000000 0.000000 0.000000 0.000000 0.000000 0.000000
4.735973 0.000000 0.278765 0.185024 -0.189519 0.495919 0.032825 0.224345 -0.092914 0.304723 -0.087569 0.227760 0.338327 -0.029289 0.218784 0.098822 0.269070 0.415332 0.326863 1.139519 0.428747 0.312284 0.112811 -0.015363 0.991218 0.248934 0.845466 -0.062462 0.256367 -0.006552 -0.555552 0.668078 0.558210 -0.037770 0.432319 -0.082200 0.141354 -0.994577 1.122175 0.199109 -0.573249 -0.042300 -0.242646 0.002080 2.160739 2.539162 -10.463662 2.775300 2.775062 -8.509136 2.160739 2.539162 -1.634662 2.775300 2.775062 0.319864 0.000000 0.000000 -8.829000 0.000000 0.000000 -8.829000 0.000000 0.000000 0.000000 0.000000 0.000000 0.000000 0.000000 0.000000 0.000000 0.000000 0.000000 0.000000 0.000000 0.000000 0.000000 0.000000 0.000000 0.000000 0.000000 0.000000 0.000000 0.000000 0.000000 0.000000
4.797720 0.000000 0.281330 0.185192 -0.189495 0.489819 0.032477 0.224117 -0.092902 0.305837 -0.088216 0.227736 0.333461 -0.028522 0.217705 0.098858 0.322727 0.415904 0.332705 1.072879 0.452516 0.341509 0.116209 0.029096 0.979333 0.254612 0.791601 -0.052052 0.269947 -0.000972 -0.503118 0.666301 0.564588 -0.110288 0.455910 -0.055530 0.144685 -0.953757 1.110480 0.203881 -0.632815 -0.031739 -0.231848 0.007600 1.777364 2.462414 -9.535444 2.436353 2.745415 -7.847950 1.777364 2.462414 -0.706444 2.436353 2.745415 0.981050 0.000000 0.000000 -8.829000 0.000000 0.000000 -8.829000 0.000000 0.000000 0.000000 0.000000 0.000000 0.000000 0.000000 0.000000 0.000000 0.000000 0.000000 0.000000 0.000000 0.000000 0.000000 0.000000 0.000000 0.000000 0.000000 0.000000 0.000000 0.000000 0.000000 0.000000
4.864785 0.000000 0.286842 0.185048 -0.189902 0.462903 0.029865 0.216255 -0.093153 0.307863 -0.092974 0.227341 0.317534 -0.027084 0.213295 0.098858 0.168226 0.382856 0.340679 1.021158 0.493017 0.289743 0.119946 -0.012107 0.963021 0.291681 0.880527 -0.108827 0.307659 -0.000710 -0.684801 0.617084 0.574970 -0.201014 0.494487 -0.126672 0.147984 -1.011228 1.088258 0.232481 -0.564012 -0.088605 -0.204067 0.006252 2.271370 2.367713 -9.396573 2.884555 2.763871 -8.686792 2.271370 2.367713 -0.567573 2.884555 2.763871 0.142208 0.000000 0.000000 -8.829000 0.000000 0.000000 -8.829000 0.000000 0.000000 0.000000 0.000000 0.000000 0.000000 0.000000 0.000000 0.000000 0.000000 0.000000 0.000000 0.000000 0.000000 0.000000 0.000000 0.000000 0.000000 0.000000 0.000000 0.000000 0.000000 0.000000 0.000000
4.940774 0.000000 0.287514 0.185204 -0.189878 0.459895 0.029098 0.216147 -0.093153 0.308486 -0.093165 0.227389 0.314023 -0.026485 0.212241 0.098858 0.268532 0.401043 0.344240 1.271948 0.547544 0.351824 0.120973 -0.072446 0.982984 0.328524 1.034098 -0.150842 0.370548 0.003695 -0.586852 0.634149 0.579026 0.046100 0.548869 -0.066232 0.148894 -1.074824 1.109248 0.269127 -0.414965 -0.130454 -0.143454 0.010699 2.565829 2.617631 -11.411394 3.606547 2.903337 -10.303028 2.565829 2.617631 -2.582394 3.606547 2.903337 -1.474028 0.000000 0.000000 -8.829000 0.000000 0.000000 -8.829000 0.000000 0.000000 0.000000 0.000000 0.000000 0.000000 0.000000 0.000000 0.000000 0.000000 0.000000 0.000000 0.000000 0.000000 0.000000 0.000000 0.000000 0.000000 0.000000 0.000000 0.000000 0.000000 0.000000 0.000000
5.008088 0.000000 0.297928 0.185636 -0.190142 0.424997 0.023621 0.210635 -0.093345 0.313927 -0.097959 0.227317 0.283235 -0.024220 0.201407 0.098882 0.142965 0.351319 0.336807 1.069094 0.510386 0.338114 0.123039 -0.240779 0.851968 0.314185 0.984275 -0.199728 0.280010 -0.012229 -0.733894 0.566908 0.574221 -0.198367 0.509655 -0.099774 0.149756 -1.271366 0.978806 0.246971 -0.503530 -0.178708 -0.253860 -0.006868 2.530349 2.309430 -9.716242 4.131074 2.579792 -9.894840 2.530349 2.309430 -0.887242 4.131074 2.579792 -1.065840 0.000000 0.000000 -8.829000 0.000000 0.000000 -8.829000 0.000000 0.000000 0.000000 0.000000 0.000000 0.000000 0.000000 0.000000 0.000000 0.000000 0.000000 0.000000 0.000000 0.000000 0.000000 0.000000 0.000000 0.000000 0.000000 0.000000 0.000000 0.000000 0.000000 0.000000
5.065022 0.000000 0.300756 0.185779 -0.190202 0.389547 0.019942 0.202761 -0.093549 0.324377 -0.099205 0.227257 0.249416 -0.017425 0.195295 0.098882 0.128629 0.349359 0.338815 0.996869 0.545191 0.342740 0.122290 -0.108931 0.924850 0.375727 0.883542 -0.206271 0.261804 -0.007166 -0.793775 0.545526 0.580556 -0.324161 0.542368 -0.120541 0.148829 -1.154910 1.060201 0.308872 -0.638384 -0.183635 -0.288589 -0.000448 2.467102 2.206539 -8.760889 3.241503 2.840711 -8.295766 2.467102 2.206539 0.068111 3.241503 2.840711 0.533234 0.000000 0.000000 -8.829000 0.000000 0.000000 -8.829000 0.000000 0.000000 0.000000 0.000000 0.000000 0.000000 0.000000 0.000000 0.000000 0.000000 0.000000 0.000000 0.000000 0.000000 0.000000 0.000000 0.000000 0.000000 0.000000 0.000000 0.000000 0.000000 0.000000 0.000000
5.121772 0.000000 0.301463 0.185851 -0.190226 0.385353 0.019211 0.202366 -0.093573 0.325480 -0.099098 0.227257 0.247031 -0.017209 0.194816 0.098918 0.074563 0.356019 0.345036 1.122814 0.570213 0.417566 0.118496 -0.126879 0.983334 0.397697 0.966858 -0.230034 0.313388 -0.007269 -0.851696 0.550137 0.587201 -0.203587 0.567173 -0.048155 0.144908 -1.172981 1.119610 0.331340 -0.557084 -0.207276 -0.238011 -0.000431 3.086021 2.361544 -10.242421 3.595886 3.025813 -9.129990 3.086021 2.361544 -1.413421 3.595886 3.025813 -0.300990 0.000000 0.000000 -8.829000 0.000000 0.000000 -8.829000 0.000000 0.000000 0.000000 0.000000 0.000000 0.000000 0.000000 0.000000 0.000000 0.000000 0.000000 0.000000 0.000000 0.000000 0.000000 0.000000 0.000000 0.000000 0.000000 0.000000 0.000000 0.000000 0.000000 0.000000
5.215320 0.000000 0.312333 0.185708 -0.190477 0.355512 0.014010 0.195127 -0.094040 0.338315 -0.101818 0.226969 0.225747 -0.015412 0.190453 0.098918 0.152275 0.327860 0.339306 0.984181 0.537872 0.303498 0.103998 0.188573 0.910507 0.396432 0.768141 -0.290594 0.291441 -0.012735 -0.786260 0.505647 0.581622 -0.375017 0.532619 -0.178860 0.128810 -0.849602 1.045323 0.328466 -0.768849 -0.267390 -0.266845 -0.005951 2.287723 2.084811 -8.149320 1.603364 2.782516 -6.287202 2.287723 2.084811 0.679680 1.603364 2.782516 2.541798 0.000000 0.000000 -8.829000 0.000000 0.000000 -8.829000 0.000000 0.000000 0.000000 0.000000 0.000000 0.000000 0.000000 0.000000 0.000000 0.000000 0.000000 0.000000 0.000000 0.000000 0.000000 0.000000 0.000000 0.000000 0.000000 0.000000 0.000000 0.000000 0.000000 0.000000
5.283345 0.000000 0.319440 0.185815 -0.190813 0.339010 0.009408 0.189674 -0.094268 0.342605 -0.103747 0.226754 0.209520 -0.010270 0.182771 0.098930 0.121138 0.326921 0.349361 0.987506 0.481044 0.296815 0.100291 0.097187 0.957248 0.415470 0.840381 -0.225351 0.219011 -0.010968 -0.821451 0.495552 0.591489 -0.388860 0.474260 -0.194965 0.123718 -0.951852 1.093880 0.344946 -0.715279 -0.201193 -0.349592 -0.003577 2.397493 2.080640 -8.132460 2.138401 2.952168 -6.863839 2.397493 2.080640 0.696540 2.138401 2.952168 1.965161 0.000000 0.000000 -8.829000 0.000000 0.000000 -8.829000 0.000000 0.000000 0.000000 0.000000 0.000000 0.000000 0.000000 0.000000 0.000000 0.000000 0.000000 0.000000 0.000000 0.000000 0.000000 0.000000 0.000000 0.000000 0.000000 0.000000 0.000000 0.000000 0.000000 0.000000
5.334541 0.000000 0.320063 0.185827 -0.190885 0.335714 0.008916 0.189638 -0.094304 0.342497 -0.103891 0.226789 0.208166 -0.008928 0.182184 0.098918 0.100179 0.292815 0.347077 1.148550 0.466333 0.348230 0.096631 0.086133 0.997326 0.423074 1.033424 -0.174584 0.251419 -0.012934 -0.844951 0.459739 0.589342 -0.231658 0.459407 -0.145197 0.119937 -0.965010 1.134475 0.352299 -0.524314 -0.150240 -0.318269 -0.005236 2.955813 2.124289 -9.673859 2.742359 3.094070 -8.374768 2.955813 2.124289 -0.844859 2.742359 3.094070 0.454232 0.000000 0.000000 -8.829000 0.000000 0.000000 -8.829000 0.000000 0.000000 0.000000 0.000000 0.000000 0.000000 0.000000 0.000000 0.000000 0.000000 0.000000 0.000000 0.000000 0.000000 0.000000 0.000000 0.000000 0.000000 0.000000 0.000000 0.000000 0.000000 0.000000 0.000000
5.425610 0.000000 0.328859 0.186055 -0.190921 0.304975 0.005333 0.182867 -0.094436 0.348070 -0.106324 0.226885 0.182064 -0.004949 0.177247 0.098930 0.166987 0.292834 0.353776 1.079149 0.447685 0.261608 0.099734 0.041064 0.981409 0.394671 0.894113 -0.166846 0.243445 -0.024243 -0.796415 0.444762 0.597253 -0.336215 0.439006 -0.248973 0.122276 -1.026863 1.122348 0.320755 -0.690767 -0.141678 -0.339190 -0.016509 2.428457 2.018123 -8.329859 2.581282 2.992966 -7.318408 2.428457 2.018123 0.499141 2.581282 2.992966 1.510592 0.000000 0.000000 -8.829000 0.000000 0.000000 -8.829000 0.000000 0.000000 0.000000 0.000000 0.000000 0.000000 0.000000 0.000000 0.000000 0.000000 0.000000 0.000000 0.000000 0.000000 0.000000 0.000000 0.000000 0.000000 0.000000 0.000000 0.000000 0.000000 0.000000 0.000000
5.502616 0.000000 0.329171 0.186043 -0.190933 0.302266 0.005189 0.181130 -0.094484 0.348238 -0.106732 0.226837 0.178493 -0.004638 0.176923 0.098930 0.202740 0.286493 0.349717 1.094187 0.438522 0.208047 0.093800 -0.017379 0.981179 0.433543 0.774850 -0.136862 0.249424 -0.018291 -0.764178 0.436727 0.593415 -0.325487 0.429582 -0.304906 0.116363 -1.088954 1.122438 0.358818 -0.814148 -0.111636 -0.335041 -0.010695 2.280193 1.979224 -8.145412 2.492731 3.063311 -6.651605 2.280193 1.979224 0.683588 2.492731 3.063311 2.177395 0.000000 0.000000 -8.829000 0.000000 0.000000 -8.829000 0.000000 0.000000 0.000000 0.000000 0.000000 0.000000 0.000000 0.000000 0.000000 0.000000 0.000000 0.000000 0.000000 0.000000 0.000000 0.000000 0.000000 0.000000 0.000000 0.000000 0.000000 0.000000 0.000000 0.000000
5.591297 0.000000 0.335247 0.186055 -0.191029 0.271167 -0.000252 0.176935 -0.094687 0.349832 -0.110027 0.226754 0.161092 0.000947 0.172585 0.098942 0.224002 0.242114 0.347303 1.005314 0.372349 0.294325 0.089523 0.052796 0.927885 0.465168 1.118072 -0.086737 0.369051 -0.018287 -0.767148 0.376578 0.592105 -0.451125 0.361682 -0.235683 0.110824 -1.035130 1.068980 0.384559 -0.490835 -0.060819 -0.225157 -0.010493 2.047321 1.804756 -7.387788 3.195075 3.071498 -8.893901 2.047321 1.804756 1.441212 3.195075 3.071498 -0.064901 0.000000 0.000000 -8.829000 0.000000 0.000000 -8.829000 0.000000 0.000000 0.000000 0.000000 0.000000 0.000000 0.000000 0.000000 0.000000 0.000000 0.000000 0.000000 0.000000 0.000000 0.000000 0.000000 0.000000 0.000000 0.000000 0.000000 0.000000 0.000000 0.000000 0.000000
5.682858 0.000000 0.342006 0.186678 -0.191184 0.248900 -0.003511 0.172920 -0.094819 0.357933 -0.116019 0.226837 0.137471 0.002289 0.168151 0.098966 0.368410 0.272662 0.361156 0.899289 0.362283 0.350948 0.089031 0.063808 0.746279 0.443137 0.895619 -0.144671 0.340832 -0.025640 -0.633104 0.397517 0.606976 -0.580115 0.350452 -0.190121 0.109634 -1.029084 0.882083 0.353464 -0.731872 -0.118745 -0.262467 -0.019484 1.189110 1.804600 -6.028249 2.462804 2.583444 -7.037457 1.189110 1.804600 2.800751 2.462804 2.583444 1.791543 0.000000 0.000000 -8.829000 0.000000 0.000000 -8.829000 0.000000 0.000000 0.000000 0.000000 0.000000 0.000000 0.000000 0.000000 0.000000 0.000000 0.000000 0.000000 0.000000 0.000000 0.000000 0.000000 0.000000 0.000000 0.000000 0.000000 0.000000 0.000000 0.000000 0.000000
5.750648 0.000000 0.351485 0.186630 -0.191364 0.215285 -0.005609 0.165131 -0.094999 0.370636 -0.120453 0.226238 0.110830 0.004314 0.158180 0.098978 0.411198 0.258219 0.374312 0.997337 0.402089 0.390520 0.090400 0.161470 0.801282 0.512552 0.995278 -0.189207 0.353161 -0.022972 -0.608269 0.366618 0.620035 -0.518086 0.388574 -0.168026 0.110570 -0.930335 0.934614 0.417626 -0.652003 -0.162772 -0.261214 -0.017690 1.304966 1.843571 -6.522916 2.263320 2.839605 -7.304715 1.304966 1.843571 2.306084 2.263320 2.839605 1.524285 0.000000 0.000000 -8.829000 0.000000 0.000000 -8.829000 0.000000 0.000000 0.000000 0.000000 0.000000 0.000000 0.000000 0.000000 0.000000 0.000000 0.000000 0.000000 0.000000 0.000000 0.000000 0.000000 0.000000 0.000000 0.000000 0.000000 0.000000 0.000000 0.000000 0.000000
5.827746 0.000000 0.353367 0.186678 -0.191328 0.209904 -0.005645 0.164160 -0.095011 0.371631 -0.120370 0.226454 0.106863 0.004830 0.158000 0.099002 0.449887 0.242331 0.363010 0.926547 0.432127 0.382831 0.091998 0.175652 0.763106 0.511077 0.988882 -0.200692 0.336826 -0.025427 -0.571229 0.348525 0.608730 -0.593936 0.418420 -0.178102 0.112188 -0.917773 0.898196 0.416740 -0.661881 -0.174098 -0.279061 -0.019953 0.949648 1.748794 -5.856396 2.156821 2.757231 -7.138565 0.949648 1.748794 2.972604 2.156821 2.757231 1.690435 0.000000 0.000000 -8.829000 0.000000 0.000000 -8.829000 0.000000 0.000000 0.000000 0.000000 0.000000 0.000000 0.000000 0.000000 0.000000 0.000000 0.000000 0.000000 0.000000 0.000000 0.000000 0.000000 0.000000 0.000000 0.000000 0.000000 0.000000 0.000000 0.000000 0.000000
5.892354 0.000000 0.359790 0.186630 -0.191760 0.187038 -0.007454 0.158971 -0.095275 0.375550 -0.121161 0.226130 0.087125 0.010810 0.152691 0.098990 0.370899 0.228109 0.361893 0.954624 0.468223 0.379359 0.090206 0.150875 0.790269 0.515256 1.051971 -0.185750 0.306035 -0.025547 -0.661653 0.322657 0.607008 -0.589549 0.453311 -0.193051 0.109909 -0.955031 0.930249 0.420267 -0.618603 -0.158110 -0.319668 -0.018830 1.360309 1.738511 -6.214494 2.423897 2.853823 -7.429785 1.360309 1.738511 2.614506 2.423897 2.853823 1.399215 0.000000 0.000000 -8.829000 0.000000 0.000000 -8.829000 0.000000 0.000000 0.000000 0.000000 0.000000 0.000000 0.000000 0.000000 0.000000 0.000000 0.000000 0.000000 0.000000 0.000000 0.000000 0.000000 0.000000 0.000000 0.000000 0.000000 0.000000 0.000000 0.000000 0.000000
5.963316 0.000000 0.359766 0.186511 -0.191772 0.185744 -0.007598 0.158491 -0.095346 0.375238 -0.121161 0.226106 0.086754 0.010834 0.152044 0.098990 0.225118 0.190518 0.380105 1.400171 0.564317 0.451117 0.087583 0.018628 0.828814 0.534014 1.456394 -0.219423 0.352721 -0.026687 -0.809232 0.284060 0.625089 -0.145923 0.549286 -0.122237 0.107230 -1.088724 0.969040 0.438892 -0.215187 -0.191756 -0.273572 -0.020020 3.238974 1.949629 -10.012772 4.146272 3.041632 -10.511271 3.238974 1.949629 -1.183772 4.146272 3.041632 -1.682271 0.000000 0.000000 -8.829000 0.000000 0.000000 -8.829000 0.000000 0.000000 0.000000 0.000000 0.000000 0.000000 0.000000 0.000000 0.000000 0.000000 0.000000 0.000000 0.000000 0.000000 0.000000 0.000000 0.000000 0.000000 0.000000 0.000000 0.000000 0.000000 0.000000 0.000000
6.057545 0.000000 0.366286 0.186918 -0.191987 0.156202 -0.012440 0.150354 -0.095514 0.381434 -0.121904 0.226214 0.057968 0.014741 0.147837 0.099002 0.331597 0.214500 0.401083 1.493769 0.557159 0.407886 0.078268 0.062081 0.897339 0.556425 1.284015 -0.216595 0.385128 -0.025395 -0.722211 0.294032 0.646661 -0.084613 0.540349 -0.181527 0.096929 -1.059816 1.045217 0.461629 -0.413490 -0.187986 -0.253115 -0.018100 3.004258 2.033241 -9.908668 3.546004 3.242492 -9.165377 3.004258 2.033241 -1.079668 3.546004 3.242492 -0.336377 0.000000 0.000000 -8.829000 0.000000 0.000000 -8.829000 0.000000 0.000000 0.000000 0.000000 0.000000 0.000000 0.000000 0.000000 0.000000 0.000000 0.000000 0.000000 0.000000 0.000000 0.000000 0.000000 0.000000 0.000000 0.000000 0.000000 0.000000 0.000000 0.000000 0.000000
6.139137 0.000000 0.368024 0.187014 -0.191963 0.149335 -0.012907 0.148988 -0.095550 0.383064 -0.122659 0.226214 0.052383 0.015783 0.145429 0.099002 0.294627 0.193598 0.403822 1.357743 0.606421 0.356460 0.078631 0.113528 0.873616 0.550271 1.233489 -0.218623 0.367117 -0.028790 -0.762745 0.270257 0.649505 -0.227480 0.589322 -0.236191 0.097247 -1.010511 1.021895 0.454506 -0.469003 -0.189829 -0.273832 -0.021493 2.778956 1.935029 -8.954088 3.160111 3.165852 -8.616959 2.778956 1.935029 -0.125088 3.160111 3.165852 0.212041 0.000000 0.000000 -8.829000 0.000000 0.000000 -8.829000 0.000000 0.000000 0.000000 0.000000 0.000000 0.000000 0.000000 0.000000 0.000000 0.000000 0.000000 0.000000 0.000000 0.000000 0.000000 0.000000 0.000000 0.000000 0.000000 0.000000 0.000000 0.000000 0.000000 0.000000
6.192622 0.000000 0.374819 0.187517 -0.192071 0.119818 -0.015568 0.141713 -0.095706 0.389296 -0.127596 0.225975 0.031950 0.019139 0.138082 0.099014 0.437451 0.202164 0.406190 1.272864 0.626547 0.322538 0.075500 0.234367 0.863476 0.565818 1.201688 -0.218373 0.355795 -0.032988 -0.637006 0.265969 0.652397 -0.342494 0.608045 -0.284726 0.093808 -0.895449 1.008590 0.462304 -0.517126 -0.189227 -0.293859 -0.026495 1.914867 1.893544 -7.659049 2.511316 3.150217 -7.944279 1.914867 1.893544 1.169951 2.511316 3.150217 0.884721 0.000000 0.000000 -8.829000 0.000000 0.000000 -8.829000 0.000000 0.000000 0.000000 0.000000 0.000000 0.000000 0.000000 0.000000 0.000000 0.000000 0.000000 0.000000 0.000000 0.000000 0.000000 0.000000 0.000000 0.000000 0.000000 0.000000 0.000000 0.000000 0.000000 0.000000
6.258820 0.000000 0.375837 0.187493 -0.192215 0.115756 -0.015711 0.140156 -0.095826 0.391273 -0.128267 0.225903 0.026557 0.019271 0.137771 0.099014 0.338749 0.194029 0.394576 1.171889 0.644547 0.261682 0.070064 0.205253 0.846236 0.569852 1.037788 -0.216986 0.325171 -0.030325 -0.737976 0.255575 0.640543 -0.447732 0.625785 -0.347762 0.088338 -0.924735 0.991303 0.465584 -0.684466 -0.187802 -0.325990 -0.024015 2.023500 1.808783 -7.134917 2.160400 3.110220 -6.923464 2.023500 1.808783 1.694083 2.160400 3.110220 1.905536 0.000000 0.000000 -8.829000 0.000000 0.000000 -8.829000 0.000000 0.000000 0.000000 0.000000 0.000000 0.000000 0.000000 0.000000 0.000000 0.000000 0.000000 0.000000 0.000000 0.000000 0.000000 0.000000 0.000000 0.000000 0.000000 0.000000 0.000000 0.000000 0.000000 0.000000
6.311425 0.000000 0.380128 0.187709 -0.192455 0.085304 -0.020613 0.137387 -0.096161 0.393838 -0.129274 0.226034 0.000515 0.021823 0.133169 0.099026 0.348272 0.180683 0.374705 1.132938 0.635156 0.304246 0.066399 0.153533 0.881863 0.603679 1.017650 -0.249057 0.348840 -0.032368 -0.749908 0.228410 0.620838 -0.517289 0.615072 -0.318839 0.083584 -0.995414 1.033888 0.498195 -0.729145 -0.219191 -0.313620 -0.026170 1.934543 1.719037 -6.799087 2.381810 3.294098 -6.855668 1.934543 1.719037 2.029913 2.381810 3.294098 1.973332 0.000000 0.000000 -8.829000 0.000000 0.000000 -8.829000 0.000000 0.000000 0.000000 0.000000 0.000000 0.000000 0.000000 0.000000 0.000000 0.000000 0.000000 0.000000 0.000000 0.000000 0.000000 0.000000 0.000000 0.000000 0.000000 0.000000 0.000000 0.000000 0.000000 0.000000
6.363728 0.000000 0.381302 0.187709 -0.192443 0.080234 -0.021116 0.136740 -0.096173 0.394736 -0.129346 0.226034 -0.003272 0.021919 0.132414 0.099026 0.278262 0.176101 0.373485 1.029362 0.629521 0.345807 0.067263 0.074478 0.903956 0.588366 0.973936 -0.257797 0.370043 -0.036015 -0.822297 0.221689 0.619478 -0.625473 0.609249 -0.279371 0.084342 -1.075935 1.056914 0.482997 -0.775923 -0.227852 -0.293858 -0.029867 2.005501 1.676140 -6.411719 2.664317 3.313939 -6.829292 2.005501 1.676140 2.417281 2.664317 3.313939 1.999708 0.000000 0.000000 -8.829000 0.000000 0.000000 -8.829000 0.000000 0.000000 0.000000 0.000000 0.000000 0.000000 0.000000 0.000000 0.000000 0.000000 0.000000 0.000000 0.000000 0.000000 0.000000 0.000000 0.000000 0.000000 0.000000 0.000000 0.000000 0.000000 0.000000 0.000000
6.402267 0.000000 0.391237 0.187961 -0.192826 0.045384 -0.029613 0.127213 -0.096437 0.401903 -0.132581 0.225975 -0.031890 0.024448 0.125199 0.099074 0.406151 0.184753 0.366929 1.076397 0.577720 0.349379 0.066300 0.145193 0.857595 0.592007 1.054372 -0.301127 0.404357 -0.042105 -0.707178 0.214500 0.611191 -0.609634 0.555292 -0.291545 0.080990 -1.014724 1.013098 0.482585 -0.717495 -0.270629 -0.270327 -0.036601 1.552549 1.679922 -6.183040 2.585212 3.241876 -7.031839 1.552549 1.679922 2.645960 2.585212 3.241876 1.797161 0.000000 0.000000 -8.829000 0.000000 0.000000 -8.829000 0.000000 0.000000 0.000000 0.000000 0.000000 0.000000 0.000000 0.000000 0.000000 0.000000 0.000000 0.000000 0.000000 0.000000 0.000000 0.000000 0.000000 0.000000 0.000000 0.000000 0.000000 0.000000 0.000000 0.000000
6.449831 0.000000 0.402167 0.189794 -0.194959 0.016047 -0.034419 0.120993 -0.096473 0.417123 -0.140335 0.225447 -0.058159 0.032238 0.116475 0.099098 0.245175 0.185386 0.345023 1.233649 0.552787 0.410219 0.070203 0.021529 0.887246 0.617729 1.099820 -0.294389 0.403682 -0.040913 -0.869990 0.202656 0.588331 -0.473660 0.529117 -0.241183 0.083669 -1.125819 1.034962 0.498233 -0.683647 -0.263310 -0.277905 -0.035114 2.697204 1.682021 -7.535017 3.231578 3.382529 -7.476860 2.697204 1.682021 1.293983 3.231578 3.382529 1.352140 0.000000 0.000000 -8.829000 0.000000 0.000000 -8.829000 0.000000 0.000000 0.000000 0.000000 0.000000 0.000000 0.000000 0.000000 0.000000 0.000000 0.000000 0.000000 0.000000 0.000000 0.000000 0.000000 0.000000 0.000000 0.000000 0.000000 0.000000 0.000000 0.000000 0.000000
6.502710 0.000000 0.404120 0.190393 -0.195607 0.007490 -0.035066 0.119962 -0.096617 0.417962 -0.140431 0.225435 -0.063960 0.032909 0.114449 0.099098 0.281276 0.214998 0.290049 1.211642 0.513684 0.389382 0.066034 0.110581 0.875765 0.649540 1.138671 -0.290622 0.373295 -0.033410 -0.837011 0.228606 0.533494 -0.502508 0.489737 -0.265086 0.079446 -1.040216 1.025163 0.530105 -0.649879 -0.259368 -0.310804 -0.027575 2.413800 1.596462 -7.203193 2.874927 3.437146 -7.387536 2.413800 1.596462 1.625807 2.874927 3.437146 1.441464 0.000000 0.000000 -8.829000 0.000000 0.000000 -8.829000 0.000000 0.000000 0.000000 0.000000 0.000000 0.000000 0.000000 0.000000 0.000000 0.000000 0.000000 0.000000 0.000000 0.000000 0.000000 0.000000 0.000000 0.000000 0.000000 0.000000 0.000000 0.000000 0.000000 0.000000
6.541814 0.000000 0.405474 0.190549 -0.196194 -0.018264 -0.037487 0.111561 -0.096845 0.418261 -0.140611 0.225471 -0.086814 0.039464 0.110123 0.099098 0.239887 0.249724 0.300919 1.327454 0.506509 0.414943 0.068838 0.078687 0.882599 0.662748 1.174315 -0.264129 0.410445 -0.038034 -0.900947 0.250522 0.544283 -0.413511 0.481323 -0.252484 0.082157 -1.090838 1.039665 0.543247 -0.634869 -0.231953 -0.283044 -0.030759 2.963008 1.707480 -7.843101 3.183888 3.536464 -7.578148 2.963008 1.707480 0.985899 3.183888 3.536464 1.250852 0.000000 0.000000 -8.829000 0.000000 0.000000 -8.829000 0.000000 0.000000 0.000000 0.000000 0.000000 0.000000 0.000000 0.000000 0.000000 0.000000 0.000000 0.000000 0.000000 0.000000 0.000000 0.000000 0.000000 0.000000 0.000000 0.000000 0.000000 0.000000 0.000000 0.000000
6.580004 0.000000 0.412797 0.191184 -0.196613 -0.039680 -0.039907 0.106839 -0.097012 0.420227 -0.140923 0.225339 -0.106444 0.040543 0.106911 0.099098 0.263989 0.263229 0.280075 1.399814 0.487887 0.430106 0.066695 0.035803 0.894070 0.674257 1.168077 -0.255770 0.442503 -0.039058 -0.879004 0.256078 0.522228 -0.356209 0.461884 -0.244567 0.079446 -1.145030 1.056135 0.554714 -0.656451 -0.223228 -0.257866 -0.032029 3.027980 1.695454 -8.104289 3.417936 3.629230 -7.577157 3.027980 1.695454 0.724711 3.417936 3.629230 1.251843 0.000000 0.000000 -8.829000 0.000000 0.000000 -8.829000 0.000000 0.000000 0.000000 0.000000 0.000000 0.000000 0.000000 0.000000 0.000000 0.000000 0.000000 0.000000 0.000000 0.000000 0.000000 0.000000 0.000000 0.000000 0.000000 0.000000 0.000000 0.000000 0.000000 0.000000
6.611022 0.000000 0.413492 0.191220 -0.196661 -0.040818 -0.041537 0.106755 -0.097060 0.420299 -0.141078 0.225399 -0.108601 0.040710 0.106468 0.099110 0.294531 0.280000 0.273709 1.489159 0.464419 0.442712 0.064151 -0.037758 0.922787 0.699075 1.182611 -0.258286 0.459964 -0.037629 -0.847772 0.272340 0.515619 -0.267352 0.438252 -0.232263 0.076328 -1.220088 1.085403 0.579324 -0.643662 -0.225702 -0.241203 -0.030649 3.121903 1.735183 -8.550581 3.815432 3.773311 -7.835368 3.121903 1.735183 0.278419 3.815432 3.773311 0.993632 0.000000 0.000000 -8.829000 0.000000 0.000000 -8.829000 0.000000 0.000000 0.000000 0.000000 0.000000 0.000000 0.000000 0.000000 0.000000 0.000000 0.000000 0.000000 0.000000 0.000000 0.000000 0.000000 0.000000 0.000000 0.000000 0.000000 0.000000 0.000000 0.000000 0.000000
6.645498 0.000000 0.421222 0.192275 -0.196649 -0.056062 -0.044497 0.104443 -0.097060 0.424769 -0.143176 0.225435 -0.122647 0.041358 0.102657 0.099157 0.274914 0.273474 0.268043 1.550216 0.463546 0.440582 0.061056 -0.019408 0.906758 0.690737 1.248216 -0.283855 0.458623 -0.040407 -0.862358 0.262390 0.509587 -0.214049 0.436888 -0.238173 0.072450 -1.202529 1.069694 0.568571 -0.586320 -0.251122 -0.246655 -0.034024 3.335899 1.723318 -8.857738 3.913026 3.731543 -8.065235 3.335899 1.723318 -0.028738 3.913026 3.731543 0.763765 0.000000 0.000000 -8.829000 0.000000 0.000000 -8.829000 0.000000 0.000000 0.000000 0.000000 0.000000 0.000000 0.000000 0.000000 0.000000 0.000000 0.000000 0.000000 0.000000 0.000000 0.000000 0.000000 0.000000 0.000000 0.000000 0.000000 0.000000 0.000000 0.000000 0.000000
6.673898 0.000000 0.425524 0.193377 -0.196625 -0.071702 -0.045444 0.101614 -0.097036 0.430174 -0.148544 0.225196 -0.139137 0.041765 0.098510 0.099157 0.230811 0.314722 0.285805 1.607163 0.463871 0.470181 0.067964 -0.073682 0.859304 0.690819 1.211220 -0.310117 0.454963 -0.040742 -0.909853 0.299570 0.528183 -0.167981 0.436853 -0.213613 0.079556 -1.256384 1.017856 0.560220 -0.631675 -0.277475 -0.254589 -0.036125 3.705388 1.863572 -9.205568 4.048863 3.641935 -7.870709 3.705388 1.863572 -0.376568 4.048863 3.641935 0.958291 0.000000 0.000000 -8.829000 0.000000 0.000000 -8.829000 0.000000 0.000000 0.000000 0.000000 0.000000 0.000000 0.000000 0.000000 0.000000 0.000000 0.000000 0.000000 0.000000 0.000000 0.000000 0.000000 0.000000 0.000000 0.000000 0.000000 0.000000 0.000000 0.000000 0.000000
6.701182 0.000000 0.426447 0.193497 -0.196613 -0.076208 -0.046067 0.101315 -0.097000 0.430198 -0.149371 0.225076 -0.141450 0.042137 0.096701 0.099181 0.274500 0.328689 0.281932 1.584480 0.454231 0.480208 0.067446 -0.098686 0.846611 0.701942 1.213093 -0.332010 0.439713 -0.038711 -0.867710 0.312058 0.524255 -0.193907 0.427109 -0.204983 0.078927 -1.283267 1.004626 0.569710 -0.631801 -0.299330 -0.270999 -0.034366 3.449563 1.876726 -8.969602 4.148573 3.652029 -7.875667 3.449563 1.876726 -0.140602 4.148573 3.652029 0.953333 0.000000 0.000000 -8.829000 0.000000 0.000000 -8.829000 0.000000 0.000000 0.000000 0.000000 0.000000 0.000000 0.000000 0.000000 0.000000 0.000000 0.000000 0.000000 0.000000 0.000000 0.000000 0.000000 0.000000 0.000000 0.000000 0.000000 0.000000 0.000000 0.000000 0.000000
6.729493 0.000000 0.428364 0.193881 -0.196493 -0.089834 -0.046834 0.098678 -0.097000 0.431252 -0.149647 0.223889 -0.147873 0.043323 0.093321 0.099169 0.270773 0.344226 0.268211 1.548326 0.464407 0.474518 0.069172 -0.092645 0.861447 0.714474 1.214461 -0.342253 0.427406 -0.034380 -0.878551 0.322992 0.510779 -0.240956 0.436924 -0.215629 0.080820 -1.280556 1.018845 0.581043 -0.635343 -0.309407 -0.285909 -0.030111 3.367585 1.858422 -8.672600 4.117877 3.717470 -7.804994 3.367585 1.858422 0.156400 4.117877 3.717470 1.024006 0.000000 0.000000 -8.829000 0.000000 0.000000 -8.829000 0.000000 0.000000 0.000000 0.000000 0.000000 0.000000 0.000000 0.000000 0.000000 0.000000 0.000000 0.000000 0.000000 0.000000 0.000000 0.000000 0.000000 0.000000 0.000000 0.000000 0.000000 0.000000 0.000000 0.000000
6.758048 0.000000 0.430006 0.193761 -0.196733 -0.101710 -0.047362 0.096641 -0.097084 0.431552 -0.149707 0.223781 -0.152847 0.045516 0.091847 0.099181 0.289955 0.341705 0.252595 1.441459 0.471933 0.455470 0.069589 -0.136371 0.863085 0.721904 1.218980 -0.333794 0.417451 -0.031738 -0.865309 0.315197 0.494167 -0.357192 0.444096 -0.238844 0.081215 -1.327386 1.021842 0.588459 -0.634647 -0.300715 -0.297682 -0.026907 2.983806 1.779925 -7.948720 4.327851 3.762984 -7.849026 2.983806 1.779925 0.880280 4.327851 3.762984 0.979974 0.000000 0.000000 -8.829000 0.000000 0.000000 -8.829000 0.000000 0.000000 0.000000 0.000000 0.000000 0.000000 0.000000 0.000000 0.000000 0.000000 0.000000 0.000000 0.000000 0.000000 0.000000 0.000000 0.000000 0.000000 0.000000 0.000000 0.000000 0.000000 0.000000 0.000000
6.786226 0.000000 0.431013 0.193689 -0.196913 -0.107271 -0.047997 0.094963 -0.097156 0.432163 -0.149707 0.223686 -0.155915 0.046391 0.091619 0.099169 0.288382 0.347240 0.242371 1.394406 0.470458 0.451780 0.068867 -0.159307 0.862141 0.707670 1.222000 -0.325961 0.418102 -0.034347 -0.869249 0.318060 0.483291 -0.408623 0.442375 -0.244633 0.080334 -1.351128 1.021524 0.574387 -0.633489 -0.292792 -0.297825 -0.029275 2.857110 1.747323 -7.657617 4.457722 3.732609 -7.885680 2.857110 1.747323 1.171383 4.457722 3.732609 0.943320 0.000000 0.000000 -8.829000 0.000000 0.000000 -8.829000 0.000000 0.000000 0.000000 0.000000 0.000000 0.000000 0.000000 0.000000 0.000000 0.000000 0.000000 0.000000 0.000000 0.000000 0.000000 0.000000 0.000000 0.000000 0.000000 0.000000 0.000000 0.000000 0.000000 0.000000
6.814897 0.000000 0.432259 0.193677 -0.197129 -0.117613 -0.049567 0.092099 -0.097360 0.435495 -0.149959 0.223134 -0.167420 0.049519 0.090337 0.099157 0.296980 0.370325 0.236958 1.365370 0.479370 0.458779 0.071159 -0.144170 0.865672 0.696302 1.142615 -0.300409 0.412456 -0.035517 -0.866276 0.336470 0.477149 -0.445999 0.450810 -0.241576 0.082287 -1.336792 1.026440 0.563324 -0.719118 -0.266917 -0.306216 -0.029627 2.745372 1.766038 -7.431690 4.176998 3.712358 -7.369895 2.745372 1.766038 1.397310 4.176998 3.712358 1.459105 0.000000 0.000000 -8.829000 0.000000 0.000000 -8.829000 0.000000 0.000000 0.000000 0.000000 0.000000 0.000000 0.000000 0.000000 0.000000 0.000000 0.000000 0.000000 0.000000 0.000000 0.000000 0.000000 0.000000 0.000000 0.000000 0.000000 0.000000 0.000000 0.000000 0.000000
6.841135 0.000000 0.432631 0.193713 -0.197105 -0.121137 -0.049687 0.091044 -0.097360 0.437424 -0.150162 0.223122 -0.171938 0.050394 0.089390 0.099181 0.268628 0.374732 0.243265 1.340663 0.493658 0.451488 0.071736 -0.121031 0.862299 0.695127 1.129515 -0.289544 0.419719 -0.034793 -0.896670 0.339566 0.483406 -0.473548 0.464992 -0.250203 0.082937 -1.312627 1.023699 0.562452 -0.734323 -0.255936 -0.299956 -0.028668 2.810259 1.781571 -7.319301 4.035539 3.703634 -7.250684 2.810259 1.781571 1.509699 4.035539 3.703634 1.578316 0.000000 0.000000 -8.829000 0.000000 0.000000 -8.829000 0.000000 0.000000 0.000000 0.000000 0.000000 0.000000 0.000000 0.000000 0.000000 0.000000 0.000000 0.000000 0.000000 0.000000 0.000000 0.000000 0.000000 0.000000 0.000000 0.000000 0.000000 0.000000 0.000000 0.000000
6.866194 0.000000 0.433002 0.193689 -0.197081 -0.126973 -0.050945 0.089235 -0.097348 0.440264 -0.150618 0.223122 -0.180506 0.051017 0.088432 0.099205 0.292013 0.379618 0.246954 1.384527 0.490424 0.463873 0.073514 -0.142203 0.864458 0.688044 1.117955 -0.288939 0.438515 -0.035491 -0.877201 0.342019 0.486884 -0.434576 0.461506 -0.240161 0.084463 -1.333315 1.027059 0.555555 -0.750086 -0.255206 -0.282997 -0.029342 2.841212 1.810051 -7.495783 4.131602 3.704691 -7.221458 2.841212 1.810051 1.333217 4.131602 3.704691 1.607542 0.000000 0.000000 -8.829000 0.000000 0.000000 -8.829000 0.000000 0.000000 0.000000 0.000000 0.000000 0.000000 0.000000 0.000000 0.000000 0.000000 0.000000 0.000000 0.000000 0.000000 0.000000 0.000000 0.000000 0.000000 0.000000 0.000000 0.000000 0.000000 0.000000 0.000000
6.889353 0.000000 0.433182 0.193689 -0.197284 -0.130017 -0.052263 0.088228 -0.097396 0.440540 -0.151109 0.222943 -0.183383 0.051580 0.087605 0.099193 0.259431 0.379931 0.245787 1.414893 0.487650 0.472826 0.074190 -0.124047 0.859475 0.679817 1.160607 -0.288361 0.469570 -0.038831 -0.911776 0.340616 0.485403 -0.406768 0.458531 -0.232466 0.084744 -1.316521 1.021914 0.546385 -0.709295 -0.254589 -0.252841 -0.032758 3.086423 1.805972 -7.719017 4.203398 3.675130 -7.448086 3.086423 1.805972 1.109983 4.203398 3.675130 1.380914 0.000000 0.000000 -8.829000 0.000000 0.000000 -8.829000 0.000000 0.000000 0.000000 0.000000 0.000000 0.000000 0.000000 0.000000 0.000000 0.000000 0.000000 0.000000 0.000000 0.000000 0.000000 0.000000 0.000000 0.000000 0.000000 0.000000 0.000000 0.000000 0.000000 0.000000
6.914967 0.000000 0.433877 0.193677 -0.197308 -0.132378 -0.052563 0.088228 -0.097420 0.440912 -0.151517 0.222907 -0.184521 0.051796 0.087545 0.099193 0.253833 0.380883 0.234954 1.445400 0.492172 0.486713 0.071825 -0.133878 0.860934 0.687499 1.178167 -0.302785 0.492278 -0.039922 -0.917485 0.340728 0.474267 -0.377595 0.462996 -0.219116 0.082274 -1.326199 1.023005 0.553419 -0.692174 -0.269012 -0.230332 -0.033912 3.200146 1.783004 -7.909813 4.318000 3.703465 -7.596274 3.200146 1.783004 0.919187 4.318000 3.703465 1.232726 0.000000 0.000000 -8.829000 0.000000 0.000000 -8.829000 0.000000 0.000000 0.000000 0.000000 0.000000 0.000000 0.000000 0.000000 0.000000 0.000000 0.000000 0.000000 0.000000 0.000000 0.000000 0.000000 0.000000 0.000000 0.000000 0.000000 0.000000 0.000000 0.000000 0.000000
6.941314 0.000000 0.437185 0.193713 -0.197356 -0.141558 -0.053629 0.087952 -0.097456 0.443273 -0.153027 0.222907 -0.187925 0.052527 0.086946 0.099169 0.284202 0.385186 0.240857 1.407184 0.496209 0.505073 0.073621 -0.091444 0.844759 0.684240 1.220768 -0.299598 0.524030 -0.041216 -0.886243 0.342103 0.479004 -0.420580 0.466831 -0.202726 0.083700 -1.280657 1.005265 0.548183 -0.650135 -0.265837 -0.198949 -0.035356 2.969969 1.801855 -7.646965 4.253948 3.656201 -7.788459 2.969969 1.801855 1.182035 4.253948 3.656201 1.040541 0.000000 0.000000 -8.829000 0.000000 0.000000 -8.829000 0.000000 0.000000 0.000000 0.000000 0.000000 0.000000 0.000000 0.000000 0.000000 0.000000 0.000000 0.000000 0.000000 0.000000 0.000000 0.000000 0.000000 0.000000 0.000000 0.000000 0.000000 0.000000 0.000000 0.000000
6.966264 0.000000 0.439150 0.193713 -0.197368 -0.146975 -0.053737 0.087137 -0.097504 0.445118 -0.154081 0.222907 -0.190178 0.052802 0.086778 0.099205 0.266074 0.379266 0.228044 1.344635 0.499218 0.485258 0.068870 -0.034744 0.795509 0.675430 1.222751 -0.297264 0.545350 -0.042309 -0.903988 0.334427 0.465487 -0.486097 0.469714 -0.223856 0.078926 -1.221226 0.954830 0.538061 -0.648266 -0.263512 -0.177732 -0.036602 2.856892 1.736202 -7.296310 3.986866 3.522642 -7.721006 2.856892 1.736202 1.532690 3.986866 3.522642 1.107994 0.000000 0.000000 -8.829000 0.000000 0.000000 -8.829000 0.000000 0.000000 0.000000 0.000000 0.000000 0.000000 0.000000 0.000000 0.000000 0.000000 0.000000 0.000000 0.000000 0.000000 0.000000 0.000000 0.000000 0.000000 0.000000 0.000000 0.000000 0.000000 0.000000 0.000000
6.991243 0.000000 0.441894 0.193689 -0.197392 -0.154069 -0.054301 0.082691 -0.097540 0.450223 -0.158072 0.222990 -0.196913 0.053593 0.085939 0.099253 0.287678 0.395226 0.246194 1.382723 0.511420 0.484177 0.074310 -0.035591 0.754327 0.679294 1.223559 -0.310002 0.561391 -0.039792 -0.882405 0.347709 0.482633 -0.452738 0.481565 -0.227606 0.084282 -1.214634 0.909319 0.536420 -0.647899 -0.276343 -0.162123 -0.034849 2.857429 1.825705 -7.404455 3.971596 3.446523 -7.735452 2.857429 1.825705 1.424545 3.971596 3.446523 1.093548 0.000000 0.000000 -8.829000 0.000000 0.000000 -8.829000 0.000000 0.000000 0.000000 0.000000 0.000000 0.000000 0.000000 0.000000 0.000000 0.000000 0.000000 0.000000 0.000000 0.000000 0.000000 0.000000 0.000000 0.000000 0.000000 0.000000 0.000000 0.000000 0.000000 0.000000
7.017345 0.000000 0.442853 0.193833 -0.197308 -0.157173 -0.054516 0.081912 -0.097528 0.451901 -0.159570 0.222835 -0.199537 0.054085 0.085388 0.099241 0.269202 0.397232 0.252442 1.376972 0.521968 0.476826 0.076265 -0.009718 0.729404 0.679954 1.228819 -0.313696 0.572760 -0.039631 -0.901082 0.349026 0.488879 -0.460303 0.492042 -0.235818 0.086259 -1.186653 0.882558 0.534771 -0.643072 -0.280069 -0.151069 -0.034970 2.924078 1.844225 -7.377924 3.857675 3.391154 -7.726172 2.924078 1.844225 1.451076 3.857675 3.391154 1.102828 0.000000 0.000000 -8.829000 0.000000 0.000000 -8.829000 0.000000 0.000000 0.000000 0.000000 0.000000 0.000000 0.000000 0.000000 0.000000 0.000000 0.000000 0.000000 0.000000 0.000000 0.000000 0.000000 0.000000 0.000000 0.000000 0.000000 0.000000 0.000000 0.000000 0.000000
7.048533 0.000000 0.443812 0.193953 -0.197176 -0.163141 -0.054756 0.081541 -0.097528 0.453687 -0.161128 0.222355 -0.205386 0.054852 0.083722 0.099241 0.273740 0.388478 0.236407 1.352658 0.542459 0.480132 0.075521 -0.021589 0.711416 0.686594 1.185517 -0.306893 0.579730 -0.037196 -0.898558 0.338625 0.472775 -0.488394 0.512444 -0.234074 0.085592 -1.198518 0.863090 0.538782 -0.689137 -0.273237 -0.145523 -0.032912 2.841644 1.780001 -7.233956 3.791851 3.378977 -7.506641 2.841644 1.780001 1.595044 3.791851 3.378977 1.322359 0.000000 0.000000 -8.829000 0.000000 0.000000 -8.829000 0.000000 0.000000 0.000000 0.000000 0.000000 0.000000 0.000000 0.000000 0.000000 0.000000 0.000000 0.000000 0.000000 0.000000 0.000000 0.000000 0.000000 0.000000 0.000000 0.000000 0.000000 0.000000 0.000000 0.000000
7.077861 0.000000 0.444195 0.193953 -0.197212 -0.166437 -0.055091 0.081085 -0.097540 0.454298 -0.161368 0.222367 -0.209496 0.055846 0.082380 0.099241 0.252183 0.386443 0.231592 1.362162 0.549557 0.478234 0.076669 -0.013555 0.695542 0.697551 1.157794 -0.292007 0.566483 -0.033777 -0.921572 0.335321 0.467734 -0.481151 0.519457 -0.236951 0.086691 -1.191947 0.848123 0.549600 -0.719466 -0.258239 -0.160027 -0.029332 2.968694 1.760240 -7.304782 3.651409 3.386561 -7.296588 2.968694 1.760240 1.524218 3.651409 3.386561 1.532412 0.000000 0.000000 -8.829000 0.000000 0.000000 -8.829000 0.000000 0.000000 0.000000 0.000000 0.000000 0.000000 0.000000 0.000000 0.000000 0.000000 0.000000 0.000000 0.000000 0.000000 0.000000 0.000000 0.000000 0.000000 0.000000 0.000000 0.000000 0.000000 0.000000 0.000000
7.109305 0.000000 0.444291 0.193845 -0.197332 -0.171015 -0.056026 0.080091 -0.097564 0.455628 -0.161260 0.222427 -0.218472 0.059046 0.078077 0.099229 0.242996 0.395929 0.231321 1.433573 0.566804 0.505786 0.078806 0.000169 0.677658 0.699191 1.157426 -0.279686 0.537840 -0.034698 -0.933800 0.342620 0.467004 -0.413281 0.536528 -0.210993 0.088594 -1.181795 0.833207 0.552139 -0.725949 -0.245568 -0.191754 -0.029382 3.237348 1.787311 -7.713772 3.554553 3.374591 -7.150076 3.237348 1.787311 1.115228 3.554553 3.374591 1.678924 0.000000 0.000000 -8.829000 0.000000 0.000000 -8.829000 0.000000 0.000000 0.000000 0.000000 0.000000 0.000000 0.000000 0.000000 0.000000 0.000000 0.000000 0.000000 0.000000 0.000000 0.000000 0.000000 0.000000 0.000000 0.000000 0.000000 0.000000 0.000000 0.000000 0.000000
7.136427 0.000000 0.445969 0.193845 -0.197548 -0.180590 -0.056769 0.080031 -0.097683 0.456239 -0.161404 0.222319 -0.223098 0.059753 0.073631 0.099241 0.204927 0.385777 0.229508 1.372670 0.577882 0.513538 0.075259 0.069545 0.647657 0.680090 1.190295 -0.271543 0.512544 -0.037584 -0.974347 0.328861 0.464208 -0.479863 0.547408 -0.205494 0.084872 -1.114855 0.804332 0.532935 -0.696677 -0.237288 -0.219129 -0.032318 3.270621 1.738537 -7.447157 3.291275 3.254510 -7.107517 3.270621 1.738537 1.381843 3.291275 3.254510 1.721483 0.000000 0.000000 -8.829000 0.000000 0.000000 -8.829000 0.000000 0.000000 0.000000 0.000000 0.000000 0.000000 0.000000 0.000000 0.000000 0.000000 0.000000 0.000000 0.000000 0.000000 0.000000 0.000000 0.000000 0.000000 0.000000 0.000000 0.000000 0.000000 0.000000 0.000000
7.164215 0.000000 0.447191 0.193845 -0.197632 -0.186367 -0.057201 0.079815 -0.097683 0.457078 -0.161667 0.222331 -0.225375 0.059969 0.072469 0.099253 0.212775 0.387001 0.237045 1.324703 0.588506 0.529713 0.078819 0.084722 0.642845 0.686617 1.197863 -0.262686 0.484058 -0.036572 -0.967556 0.328061 0.471137 -0.531116 0.557932 -0.190652 0.088339 -1.099442 0.799737 0.539304 -0.690249 -0.228393 -0.248236 -0.031348 3.129149 1.754584 -7.196103 3.201026 3.262962 -7.053792 3.129149 1.754584 1.632897 3.201026 3.262962 1.775208 0.000000 0.000000 -8.829000 0.000000 0.000000 -8.829000 0.000000 0.000000 0.000000 0.000000 0.000000 0.000000 0.000000 0.000000 0.000000 0.000000 0.000000 0.000000 0.000000 0.000000 0.000000 0.000000 0.000000 0.000000 0.000000 0.000000 0.000000 0.000000 0.000000 0.000000
7.190531 0.000000 0.449516 0.193821 -0.197596 -0.194480 -0.057980 0.075429 -0.097707 0.457725 -0.161787 0.222391 -0.228132 0.060281 0.071210 0.099253 0.226312 0.391451 0.242232 1.321982 0.598519 0.520199 0.080020 0.073146 0.643797 0.690186 1.263678 -0.256417 0.477617 -0.039035 -0.955200 0.329645 0.475405 -0.539090 0.567607 -0.202950 0.089456 -1.111485 0.801361 0.542974 -0.626034 -0.222070 -0.255483 -0.033800 3.051133 1.775744 -7.097118 3.427549 3.287146 -7.367753 3.051133 1.775744 1.731882 3.427549 3.287146 1.461247 0.000000 0.000000 -8.829000 0.000000 0.000000 -8.829000 0.000000 0.000000 0.000000 0.000000 0.000000 0.000000 0.000000 0.000000 0.000000 0.000000 0.000000 0.000000 0.000000 0.000000 0.000000 0.000000 0.000000 0.000000 0.000000 0.000000 0.000000 0.000000 0.000000 0.000000
7.218111 0.000000 0.450343 0.193917 -0.197584 -0.197260 -0.058052 0.073595 -0.097719 0.457725 -0.161787 0.222367 -0.228599 0.060317 0.071102 0.099265 0.234140 0.391966 0.245049 1.302754 0.607337 0.495166 0.080497 0.072490 0.637327 0.680549 1.303913 -0.249906 0.464718 -0.043079 -0.947747 0.329305 0.478092 -0.560120 0.576310 -0.228980 0.090015 -1.112436 0.794991 0.533327 -0.586110 -0.215547 -0.268519 -0.037851 2.938851 1.782421 -6.924403 3.531796 3.248008 -7.535231 2.938851 1.782421 1.904597 3.531796 3.248008 1.293769 0.000000 0.000000 -8.829000 0.000000 0.000000 -8.829000 0.000000 0.000000 0.000000 0.000000 0.000000 0.000000 0.000000 0.000000 0.000000 0.000000 0.000000 0.000000 0.000000 0.000000 0.000000 0.000000 0.000000 0.000000 0.000000 0.000000 0.000000 0.000000 0.000000 0.000000
7.240454 0.000000 0.451326 0.193893 -0.197680 -0.202342 -0.058555 0.072493 -0.097743 0.458349 -0.162171 0.222367 -0.230553 0.060496 0.071007 0.099253 0.219725 0.394434 0.249568 1.302932 0.620022 0.491665 0.080802 0.081987 0.635441 0.681861 1.351754 -0.251792 0.460900 -0.041924 -0.963400 0.329837 0.482021 -0.563018 0.588854 -0.233860 0.090220 -1.102685 0.793032 0.534186 -0.539029 -0.217428 -0.272658 -0.036764 3.009618 1.795113 -6.918527 3.610068 3.250445 -7.740290 3.009618 1.795113 1.910473 3.610068 3.250445 1.088710 0.000000 0.000000 -8.829000 0.000000 0.000000 -8.829000 0.000000 0.000000 0.000000 0.000000 0.000000 0.000000 0.000000 0.000000 0.000000 0.000000 0.000000 0.000000 0.000000 0.000000 0.000000 0.000000 0.000000 0.000000 0.000000 0.000000 0.000000 0.000000 0.000000 0.000000
7.268312 0.000000 0.452045 0.193869 -0.197668 -0.205302 -0.058723 0.072073 -0.097743 0.459116 -0.162470 0.222355 -0.232949 0.060616 0.070959 0.099241 0.210087 0.384976 0.245112 1.302327 0.634311 0.483334 0.078298 0.078149 0.632260 0.679900 1.388963 -0.263042 0.460545 -0.044365 -0.973402 0.319431 0.477224 -0.565254 0.603086 -0.242891 0.087693 -1.106234 0.789943 0.531970 -0.502777 -0.228670 -0.273399 -0.039269 3.048362 1.761434 -6.909501 3.730482 3.242711 -7.917839 3.048362 1.761434 1.919499 3.730482 3.242711 0.911161 0.000000 0.000000 -8.829000 0.000000 0.000000 -8.829000 0.000000 0.000000 0.000000 0.000000 0.000000 0.000000 0.000000 0.000000 0.000000 0.000000 0.000000 0.000000 0.000000 0.000000 0.000000 0.000000 0.000000 0.000000 0.000000 0.000000 0.000000 0.000000 0.000000 0.000000
7.293165 0.000000 0.452788 0.193881 -0.197596 -0.209904 -0.059214 0.071126 -0.097755 0.460817 -0.163237 0.222379 -0.241446 0.061036 0.070635 0.099253 0.197230 0.379873 0.244131 1.322540 0.645750 0.490654 0.078635 0.029118 0.640899 0.682927 1.341152 -0.278653 0.452018 -0.042884 -0.987670 0.312901 0.475959 -0.547832 0.614409 -0.236814 0.087975 -1.156353 0.799667 0.534387 -0.554613 -0.244210 -0.283551 -0.037996 3.178710 1.749035 -7.027345 3.838429 3.288924 -7.705605 3.178710 1.749035 1.801655 3.838429 3.288924 1.123395 0.000000 0.000000 -8.829000 0.000000 0.000000 -8.829000 0.000000 0.000000 0.000000 0.000000 0.000000 0.000000 0.000000 0.000000 0.000000 0.000000 0.000000 0.000000 0.000000 0.000000 0.000000 0.000000 0.000000 0.000000 0.000000 0.000000 0.000000 0.000000 0.000000 0.000000
7.320214 0.000000 0.453783 0.193917 -0.197608 -0.214853 -0.059909 0.070144 -0.097791 0.461009 -0.163956 0.222271 -0.249751 0.061311 0.068670 0.099229 0.155685 0.383676 0.237961 1.369599 0.656331 0.499404 0.079971 -0.036826 0.639012 0.679770 1.349603 -0.295034 0.454958 -0.045438 -1.030245 0.315074 0.469367 -0.503609 0.624850 -0.229334 0.089168 -1.226650 0.799082 0.530083 -0.551166 -0.260525 -0.282847 -0.040993 3.511051 1.736277 -7.320570 4.203393 3.307737 -7.796853 3.511051 1.736277 1.508430 4.203393 3.307737 1.032147 0.000000 0.000000 -8.829000 0.000000 0.000000 -8.829000 0.000000 0.000000 0.000000 0.000000 0.000000 0.000000 0.000000 0.000000 0.000000 0.000000 0.000000 0.000000 0.000000 0.000000 0.000000 0.000000 0.000000 0.000000 0.000000 0.000000 0.000000 0.000000 0.000000 0.000000
7.347452 0.000000 0.453962 0.193881 -0.197764 -0.217526 -0.060197 0.069856 -0.097815 0.460973 -0.164483 0.222247 -0.252843 0.061347 0.068022 0.099253 0.138894 0.374966 0.229635 1.381262 0.674105 0.506271 0.078697 -0.046116 0.628822 0.682971 1.324178 -0.309488 0.460955 -0.043498 -1.048236 0.305098 0.460675 -0.493632 0.642556 -0.223166 0.087823 -1.237652 0.789121 0.532378 -0.578381 -0.274959 -0.277649 -0.039322 3.634278 1.692080 -7.411899 4.185195 3.304459 -7.677518 3.634278 1.692080 1.417101 4.185195 3.304459 1.151482 0.000000 0.000000 -8.829000 0.000000 0.000000 -8.829000 0.000000 0.000000 0.000000 0.000000 0.000000 0.000000 0.000000 0.000000 0.000000 0.000000 0.000000 0.000000 0.000000 0.000000 0.000000 0.000000 0.000000 0.000000 0.000000 0.000000 0.000000 0.000000 0.000000 0.000000
7.376573 0.000000 0.455101 0.193881 -0.198003 -0.227113 -0.060964 0.067891 -0.097911 0.460985 -0.165802 0.222223 -0.258428 0.061683 0.066453 0.099265 0.065047 0.366149 0.232121 1.358264 0.680617 0.480443 0.076061 -0.030999 0.613721 0.675970 1.404214 -0.333197 0.485121 -0.047666 -1.125538 0.292540 0.462236 -0.522463 0.648813 -0.251549 0.085116 -1.225411 0.774050 0.523125 -0.501479 -0.298641 -0.254953 -0.044002 3.916311 1.654552 -7.315727 4.370434 3.261989 -8.049113 3.916311 1.654552 1.513273 4.370434 3.261989 0.779887 0.000000 0.000000 -8.829000 0.000000 0.000000 -8.829000 0.000000 0.000000 0.000000 0.000000 0.000000 0.000000 0.000000 0.000000 0.000000 0.000000 0.000000 0.000000 0.000000 0.000000 0.000000 0.000000 0.000000 0.000000 0.000000 0.000000 0.000000 0.000000 0.000000 0.000000
7.402188 0.000000 0.455125 0.193881 -0.197955 -0.230792 -0.061946 0.066572 -0.097923 0.460877 -0.166353 0.222223 -0.259099 0.061946 0.065925 0.099265 0.037503 0.367739 0.228348 1.321337 0.669720 0.466072 0.076319 -0.048322 0.600386 0.678001 1.431128 -0.358764 0.488759 -0.048137 -1.155390 0.292799 0.458353 -0.561948 0.637772 -0.267132 0.085181 -1.243266 0.760319 0.524147 -0.474959 -0.324207 -0.251562 -0.044596 3.937057 1.630994 -7.125561 4.527548 3.248578 -8.202444 3.937057 1.630994 1.703439 4.527548 3.248578 0.626556 0.000000 0.000000 -8.829000 0.000000 0.000000 -8.829000 0.000000 0.000000 0.000000 0.000000 0.000000 0.000000 0.000000 0.000000 0.000000 0.000000 0.000000 0.000000 0.000000 0.000000 0.000000 0.000000 0.000000 0.000000 0.000000 0.000000 0.000000 0.000000 0.000000 0.000000
7.426766 0.000000 0.455245 0.193869 -0.197896 -0.237312 -0.067687 0.062294 -0.097935 0.461225 -0.167372 0.222247 -0.259782 0.062198 0.065542 0.099265 0.034914 0.372818 0.238588 1.359803 0.622436 0.448819 0.078964 -0.061507 0.596072 0.692111 1.516277 -0.380220 0.510864 -0.046738 -1.162246 0.295151 0.468250 -0.528371 0.589969 -0.287067 0.086121 -1.255927 0.754986 0.536571 -0.389820 -0.345687 -0.229553 -0.043424 4.053380 1.665392 -7.230154 4.835656 3.290624 -8.672219 4.053380 1.665392 1.598846 4.835656 3.290624 0.156781 0.000000 0.000000 -8.829000 0.000000 0.000000 -8.829000 0.000000 0.000000 0.000000 0.000000 0.000000 0.000000 0.000000 0.000000 0.000000 0.000000 0.000000 0.000000 0.000000 0.000000 0.000000 0.000000 0.000000 0.000000 0.000000 0.000000 0.000000 0.000000 0.000000 0.000000
7.455673 0.000000 0.456587 0.193953 -0.197872 -0.244694 -0.070935 0.060568 -0.097947 0.462220 -0.167791 0.222235 -0.262263 0.062426 0.065266 0.099265 0.055265 0.374521 0.233130 1.364443 0.564282 0.428527 0.078867 -0.110175 0.598371 0.704224 1.554481 -0.401815 0.524062 -0.047127 -1.143439 0.294514 0.462216 -0.527732 0.531534 -0.309218 0.085067 -1.303826 0.757238 0.548310 -0.352435 -0.367267 -0.216717 -0.043867 3.945212 1.649803 -7.142047 5.182681 3.350764 -8.939563 3.945212 1.649803 1.686953 5.182681 3.350764 -0.110563 0.000000 0.000000 -8.829000 0.000000 0.000000 -8.829000 0.000000 0.000000 0.000000 0.000000 0.000000 0.000000 0.000000 0.000000 0.000000 0.000000 0.000000 0.000000 0.000000 0.000000 0.000000 0.000000 0.000000 0.000000 0.000000 0.000000 0.000000 0.000000 0.000000 0.000000
7.493515 0.000000 0.459212 0.193917 -0.197907 -0.250123 -0.072265 0.060197 -0.097947 0.464437 -0.167995 0.222259 -0.269885 0.062725 0.064547 0.099301 0.093611 0.370996 0.219862 1.405135 0.509060 0.434664 0.078037 -0.138588 0.597719 0.695994 1.556326 -0.426302 0.544553 -0.046026 -1.102672 0.289532 0.447813 -0.488907 0.476192 -0.303858 0.083713 -1.331733 0.758000 0.540684 -0.353759 -0.391662 -0.197525 -0.042790 3.859857 1.612996 -7.275822 5.358548 3.349482 -8.980022 3.859857 1.612996 1.553178 5.358548 3.349482 -0.151022 0.000000 0.000000 -8.829000 0.000000 0.000000 -8.829000 0.000000 0.000000 0.000000 0.000000 0.000000 0.000000 0.000000 0.000000 0.000000 0.000000 0.000000 0.000000 0.000000 0.000000 0.000000 0.000000 0.000000 0.000000 0.000000 0.000000 0.000000 0.000000 0.000000 0.000000
7.531091 0.000000 0.460781 0.193929 -0.197967 -0.252472 -0.072660 0.060149 -0.097947 0.465395 -0.167983 0.222223 -0.272809 0.062761 0.063744 0.099277 0.122385 0.394053 0.235575 1.381774 0.463292 0.429133 0.081801 -0.168351 0.608779 0.710703 1.555360 -0.458607 0.541110 -0.046881 -1.071922 0.312022 0.462915 -0.512811 0.430386 -0.309600 0.087279 -1.361213 0.769611 0.555767 -0.356002 -0.423941 -0.201552 -0.043675 3.640504 1.704635 -7.088428 5.495574 3.426971 -8.998765 3.640504 1.704635 1.740572 5.495574 3.426971 -0.169765 0.000000 0.000000 -8.829000 0.000000 0.000000 -8.829000 0.000000 0.000000 0.000000 0.000000 0.000000 0.000000 0.000000 0.000000 0.000000 0.000000 0.000000 0.000000 0.000000 0.000000 0.000000 0.000000 0.000000 0.000000 0.000000 0.000000 0.000000 0.000000 0.000000 0.000000
7.577187 0.000000 0.464065 0.193905 -0.198291 -0.257241 -0.073343 0.059753 -0.097995 0.467636 -0.168175 0.222116 -0.278933 0.063157 0.059598 0.099301 0.110446 0.353865 0.216755 1.393866 0.416738 0.431852 0.079687 -0.175907 0.600207 0.717691 1.584672 -0.492522 0.486805 -0.048559 -1.079665 0.270258 0.442536 -0.501853 0.383728 -0.307350 0.084752 -1.368108 0.762002 0.563189 -0.329653 -0.457736 -0.257501 -0.045435 3.724967 1.567377 -7.173704 5.548688 3.443542 -8.999576 3.724967 1.567377 1.655296 5.548688 3.443542 -0.170576 0.000000 0.000000 -8.829000 0.000000 0.000000 -8.829000 0.000000 0.000000 0.000000 0.000000 0.000000 0.000000 0.000000 0.000000 0.000000 0.000000 0.000000 0.000000 0.000000 0.000000 0.000000 0.000000 0.000000 0.000000 0.000000 0.000000 0.000000 0.000000 0.000000 0.000000
7.627653 0.000000 0.464976 0.193941 -0.198363 -0.259003 -0.073451 0.059669 -0.098019 0.467744 -0.168259 0.222116 -0.280802 0.063480 0.058639 0.099277 0.118706 0.324485 0.226170 1.446795 0.376542 0.455454 0.081887 -0.201556 0.615326 0.722620 1.632262 -0.521383 0.487077 -0.050980 -1.070458 0.240384 0.451593 -0.449466 0.343502 -0.283959 0.086893 -1.394605 0.777560 0.568059 -0.283166 -0.486567 -0.257770 -0.047851 3.870938 1.548790 -7.461223 5.816914 3.499705 -9.250442 3.870938 1.548790 1.367777 5.816914 3.499705 -0.421442 0.000000 0.000000 -8.829000 0.000000 0.000000 -8.829000 0.000000 0.000000 0.000000 0.000000 0.000000 0.000000 0.000000 0.000000 0.000000 0.000000 0.000000 0.000000 0.000000 0.000000 0.000000 0.000000 0.000000 0.000000 0.000000 0.000000 0.000000 0.000000 0.000000 0.000000
7.675587 0.000000 0.466738 0.193953 -0.198447 -0.264360 -0.073907 0.059598 -0.098055 0.467960 -0.168426 0.222128 -0.284769 0.064080 0.058399 0.099277 0.127758 0.312002 0.216117 1.411154 0.346491 0.464236 0.079577 -0.226263 0.609649 0.725959 1.610070 -0.541351 0.485594 -0.051842 -1.060579 0.226345 0.440707 -0.487246 0.313370 -0.275992 0.084427 -1.420773 0.772753 0.571321 -0.307328 -0.506482 -0.260034 -0.048660 3.735207 1.487820 -7.278651 5.880873 3.513725 -9.145527 3.735207 1.487820 1.550349 5.880873 3.513725 -0.316527 0.000000 0.000000 -8.829000 0.000000 0.000000 -8.829000 0.000000 0.000000 0.000000 0.000000 0.000000 0.000000 0.000000 0.000000 0.000000 0.000000 0.000000 0.000000 0.000000 0.000000 0.000000 0.000000 0.000000 0.000000 0.000000 0.000000 0.000000 0.000000 0.000000 0.000000
7.713481 0.000000 0.467265 0.193965 -0.198471 -0.266074 -0.073967 0.059010 -0.098067 0.468188 -0.168486 0.222116 -0.286267 0.064259 0.058243 0.099289 0.132517 0.305426 0.211551 1.398653 0.328790 0.459883 0.079193 -0.232656 0.629433 0.732051 1.596087 -0.541821 0.483480 -0.050089 -1.055733 0.219242 0.435909 -0.500561 0.295630 -0.280727 0.084048 -1.427441 0.792809 0.577423 -0.321992 -0.506929 -0.262425 -0.046895 3.672633 1.459628 -7.198521 5.880819 3.573310 -9.081394 3.672633 1.459628 1.630479 5.880819 3.573310 -0.252394 0.000000 0.000000 -8.829000 0.000000 0.000000 -8.829000 0.000000 0.000000 0.000000 0.000000 0.000000 0.000000 0.000000 0.000000 0.000000 0.000000 0.000000 0.000000 0.000000 0.000000 0.000000 0.000000 0.000000 0.000000 0.000000 0.000000 0.000000 0.000000 0.000000 0.000000
7.797694 0.000000 0.469254 0.193977 -0.198531 -0.272989 -0.074830 0.058339 -0.098091 0.468379 -0.168714 0.222128 -0.291540 0.067927 0.057141 0.099289 0.216845 0.290434 0.224222 1.288222 0.295389 0.479101 0.082729 -0.315424 0.656621 0.743716 1.536859 -0.403911 0.460705 -0.050587 -0.970993 0.202241 0.447623 -0.613965 0.262106 -0.262725 0.087338 -1.512425 0.821312 0.589001 -0.383994 -0.368814 -0.286411 -0.046332 2.999173 1.474854 -6.568544 6.108910 3.701582 -8.819870 2.999173 1.474854 2.260456 6.108910 3.701582 0.009130 0.000000 0.000000 -8.829000 0.000000 0.000000 -8.829000 0.000000 0.000000 0.000000 0.000000 0.000000 0.000000 0.000000 0.000000 0.000000 0.000000 0.000000 0.000000 0.000000 0.000000 0.000000 0.000000 0.000000 0.000000 0.000000 0.000000 0.000000 0.000000 0.000000 0.000000
7.849714 0.000000 0.470057 0.193989 -0.198483 -0.275278 -0.075201 0.057776 -0.098079 0.468356 -0.168714 0.222152 -0.293146 0.069604 0.056194 0.099301 0.258068 0.280571 0.237529 1.334383 0.283760 0.509105 0.082631 -0.337484 0.676377 0.760056 1.594102 -0.354116 0.457790 -0.047773 -0.929421 0.191856 0.460654 -0.568771 0.250432 -0.233163 0.087144 -1.535426 0.841657 0.605439 -0.327758 -0.318922 -0.289825 -0.042997 2.969073 1.512316 -6.779138 6.370120 3.809403 -9.096205 2.969073 1.512316 2.049862 6.370120 3.809403 -0.267205 0.000000 0.000000 -8.829000 0.000000 0.000000 -8.829000 0.000000 0.000000 0.000000 0.000000 0.000000 0.000000 0.000000 0.000000 0.000000 0.000000 0.000000 0.000000 0.000000 0.000000 0.000000 0.000000 0.000000 0.000000 0.000000 0.000000 0.000000 0.000000 0.000000 0.000000
7.928747 0.000000 0.473029 0.194025 -0.198651 -0.282900 -0.076004 0.054420 -0.098115 0.469398 -0.168930 0.222044 -0.301955 0.072073 0.050981 0.099289 0.262091 0.300630 0.213438 1.391509 0.270167 0.491518 0.084547 -0.351231 0.693284 0.773600 1.544188 -0.296224 0.377560 -0.051076 -0.923781 0.209557 0.435230 -0.514983 0.236634 -0.252422 0.088860 -1.551971 0.860514 0.619135 -0.382434 -0.260841 -0.372436 -0.045868 3.052898 1.481477 -6.977432 6.229390 3.901163 -8.651068 3.052898 1.481477 1.851568 6.229390 3.901163 0.177932 0.000000 0.000000 -8.829000 0.000000 0.000000 -8.829000 0.000000 0.000000 0.000000 0.000000 0.000000 0.000000 0.000000 0.000000 0.000000 0.000000 0.000000 0.000000 0.000000 0.000000 0.000000 0.000000 0.000000 0.000000 0.000000 0.000000 0.000000 0.000000 0.000000 0.000000
8.011190 0.000000 0.474647 0.194109 -0.198746 -0.296466 -0.077322 0.052898 -0.098163 0.470860 -0.169673 0.221936 -0.307887 0.075285 0.049890 0.099301 0.218017 0.306233 0.189238 1.284747 0.286387 0.483301 0.082042 -0.366131 0.702246 0.786672 1.726173 -0.204202 0.406108 -0.051535 -0.971285 0.210978 0.409913 -0.628339 0.252639 -0.263299 0.086210 -1.566673 0.869814 0.631512 -0.202661 -0.168674 -0.344857 -0.045522 2.963512 1.386254 -6.469090 6.831715 3.995154 -9.516056 2.963512 1.386254 2.359910 6.831715 3.995154 -0.687056 0.000000 0.000000 -8.829000 0.000000 0.000000 -8.829000 0.000000 0.000000 0.000000 0.000000 0.000000 0.000000 0.000000 0.000000 0.000000 0.000000 0.000000 0.000000 0.000000 0.000000 0.000000 0.000000 0.000000 0.000000 0.000000 0.000000 0.000000 0.000000 0.000000 0.000000
8.083649 0.000000 0.475055 0.194097 -0.198758 -0.300061 -0.077478 0.051940 -0.098163 0.471615 -0.169781 0.221900 -0.308690 0.076028 0.049866 0.099289 0.222771 0.325585 0.197559 1.202309 0.296644 0.454800 0.087139 -0.373577 0.714342 0.765986 1.801330 -0.154586 0.411773 -0.052915 -0.967542 0.229191 0.417900 -0.712595 0.262836 -0.292587 0.091353 -1.573010 0.881778 0.610878 -0.127541 -0.119033 -0.339209 -0.046639 2.685446 1.441571 -6.003992 7.099297 3.961837 -9.876137 2.685446 1.441571 2.825008 7.099297 3.961837 -1.047137 0.000000 0.000000 -8.829000 0.000000 0.000000 -8.829000 0.000000 0.000000 0.000000 0.000000 0.000000 0.000000 0.000000 0.000000 0.000000 0.000000 0.000000 0.000000 0.000000 0.000000 0.000000 0.000000 0.000000 0.000000 0.000000 0.000000 0.000000 0.000000 0.000000 0.000000
8.152459 0.000000 0.476541 0.194156 -0.198734 -0.316647 -0.079264 0.049447 -0.098211 0.482832 -0.170571 0.221840 -0.326151 0.079743 0.049255 0.099313 0.224076 0.305647 0.185835 1.169433 0.304057 0.495642 0.087512 -0.173427 0.730233 0.788534 1.526901 -0.100174 0.427075 -0.048564 -0.971036 0.204341 0.404953 -0.753336 0.269981 -0.254956 0.091567 -1.358809 0.898604 0.636212 -0.405285 -0.064392 -0.325135 -0.040853 2.655452 1.358794 -5.877195 5.329152 4.003995 -8.344924 2.655452 1.358794 2.951805 5.329152 4.003995 0.484076 0.000000 0.000000 -8.829000 0.000000 0.000000 -8.829000 0.000000 0.000000 0.000000 0.000000 0.000000 0.000000 0.000000 0.000000 0.000000 0.000000 0.000000 0.000000 0.000000 0.000000 0.000000 0.000000 0.000000 0.000000 0.000000 0.000000 0.000000 0.000000 0.000000 0.000000
8.216543 0.000000 0.476816 0.194156 -0.198746 -0.317486 -0.079395 0.049315 -0.098211 0.484115 -0.170787 0.221864 -0.329470 0.079803 0.049171 0.099313 0.189092 0.273964 0.203615 1.125408 0.308439 0.510913 0.088174 -0.028745 0.732054 0.770941 1.379346 -0.067139 0.460138 -0.049562 -1.005863 0.172427 0.422593 -0.797664 0.274349 -0.239812 0.092187 -1.213030 0.900766 0.618795 -0.553785 -0.031342 -0.292426 -0.041892 2.754304 1.343944 -5.748557 4.258716 3.900802 -7.546188 2.754304 1.343944 3.080443 4.258716 3.900802 1.282812 0.000000 0.000000 -8.829000 0.000000 0.000000 -8.829000 0.000000 0.000000 0.000000 0.000000 0.000000 0.000000 0.000000 0.000000 0.000000 0.000000 0.000000 0.000000 0.000000 0.000000 0.000000 0.000000 0.000000 0.000000 0.000000 0.000000 0.000000 0.000000 0.000000 0.000000
8.285698 0.000000 0.480999 0.194192 -0.199094 -0.323478 -0.080270 0.046954 -0.098390 0.486464 -0.171482 0.221097 -0.337284 0.080390 0.047350 0.099313 0.252852 0.252254 0.200415 1.281894 0.333191 0.507582 0.084966 0.012167 0.744744 0.753293 1.577611 -0.110485 0.549131 -0.051847 -0.936857 0.148972 0.417530 -0.642637 0.298905 -0.243909 0.088540 -1.171222 0.912859 0.600212 -0.358165 -0.074654 -0.204621 -0.044428 2.861505 1.329285 -6.383188 4.724893 3.879582 -8.530284 2.861505 1.329285 2.445812 4.724893 3.879582 0.298716 0.000000 0.000000 -8.829000 0.000000 0.000000 -8.829000 0.000000 0.000000 0.000000 0.000000 0.000000 0.000000 0.000000 0.000000 0.000000 0.000000 0.000000 0.000000 0.000000 0.000000 0.000000 0.000000 0.000000 0.000000 0.000000 0.000000 0.000000 0.000000 0.000000 0.000000
8.376876 0.000000 0.482353 0.194252 -0.199058 -0.324904 -0.080558 0.045804 -0.098402 0.487003 -0.171602 0.220630 -0.337464 0.080690 0.047254 0.099313 0.291314 0.285260 0.183771 1.449165 0.356543 0.502108 0.090671 0.050205 0.812047 0.751366 1.687109 -0.117984 0.601060 -0.050047 -0.896580 0.181875 0.400552 -0.475639 0.322210 -0.249606 0.094144 -1.132372 0.979151 0.597791 -0.248498 -0.082153 -0.152655 -0.042606 3.090087 1.368310 -7.085361 4.932150 3.986887 -9.103178 3.090087 1.368310 1.743639 4.932150 3.986887 -0.274178 0.000000 0.000000 -8.829000 0.000000 0.000000 -8.829000 0.000000 0.000000 0.000000 0.000000 0.000000 0.000000 0.000000 0.000000 0.000000 0.000000 0.000000 0.000000 0.000000 0.000000 0.000000 0.000000 0.000000 0.000000 0.000000 0.000000 0.000000 0.000000 0.000000 0.000000
8.438485 0.000000 0.486560 0.194336 -0.199106 -0.342257 -0.081589 0.043191 -0.098402 0.488525 -0.173651 0.219299 -0.345194 0.080965 0.046643 0.099337 0.242806 0.277165 0.169256 1.233267 0.363327 0.413658 0.085647 -0.006882 0.799643 0.728448 1.552275 -0.138856 0.597797 -0.047374 -0.944470 0.169338 0.383897 -0.698058 0.328794 -0.340670 0.089056 -1.189673 0.963936 0.570789 -0.385641 -0.103048 -0.156941 -0.040830 2.639032 1.269111 -5.946664 4.868782 3.896655 -8.506179 2.639032 1.269111 2.882336 4.868782 3.896655 0.322821 0.000000 0.000000 -8.829000 0.000000 0.000000 -8.829000 0.000000 0.000000 0.000000 0.000000 0.000000 0.000000 0.000000 0.000000 0.000000 0.000000 0.000000 0.000000 0.000000 0.000000 0.000000 0.000000 0.000000 0.000000 0.000000 0.000000 0.000000 0.000000 0.000000 0.000000
8.507302 0.000000 0.486596 0.194288 -0.199118 -0.343540 -0.081672 0.041453 -0.098438 0.488561 -0.174095 0.219299 -0.346919 0.081025 0.046007 0.099337 0.280792 0.298773 0.196738 1.192145 0.371748 0.338166 0.087607 0.021311 0.738490 0.677642 1.551821 -0.158753 0.621370 -0.049244 -0.907172 0.190400 0.411197 -0.740006 0.337150 -0.416629 0.091064 -1.162071 0.902783 0.519295 -0.386810 -0.122946 -0.133711 -0.042886 2.264552 1.409429 -5.563704 4.762337 3.616990 -8.478380 2.264552 1.409429 3.265296 4.762337 3.616990 0.350620 0.000000 0.000000 -8.829000 0.000000 0.000000 -8.829000 0.000000 0.000000 0.000000 0.000000 0.000000 0.000000 0.000000 0.000000 0.000000 0.000000 0.000000 0.000000 0.000000 0.000000 0.000000 0.000000 0.000000 0.000000 0.000000 0.000000 0.000000 0.000000 0.000000 0.000000
8.568685 0.000000 0.489711 0.194384 -0.199298 -0.354158 -0.084908 0.038985 -0.098522 0.490215 -0.178433 0.218245 -0.370265 0.081924 0.040734 0.099349 0.351789 0.285841 0.162833 1.247557 0.336304 0.398860 0.086160 0.003612 0.693241 0.661577 1.343704 -0.169534 0.585062 -0.048872 -0.834642 0.174579 0.375677 -0.688288 0.301463 -0.357519 0.088613 -1.185255 0.857019 0.496282 -0.603437 -0.133693 -0.173769 -0.044480 2.106280 1.295061 -5.830265 4.277674 3.499786 -7.356961 2.106280 1.295061 2.998735 4.277674 3.499786 1.472039 0.000000 0.000000 -8.829000 0.000000 0.000000 -8.829000 0.000000 0.000000 0.000000 0.000000 0.000000 0.000000 0.000000 0.000000 0.000000 0.000000 0.000000 0.000000 0.000000 0.000000 0.000000 0.000000 0.000000 0.000000 0.000000 0.000000 0.000000 0.000000 0.000000 0.000000
8.632581 0.000000 0.490095 0.194348 -0.199298 -0.356159 -0.085855 0.038877 -0.098522 0.490371 -0.178445 0.218269 -0.372074 0.081924 0.040051 0.099313 0.347362 0.273084 0.164339 1.260935 0.310506 0.434226 0.086047 -0.018309 0.663437 0.646164 1.187771 -0.178368 0.562711 -0.044109 -0.839119 0.161262 0.376871 -0.675629 0.275622 -0.322428 0.088183 -1.207588 0.827663 0.481003 -0.760097 -0.142528 -0.196434 -0.039788 2.211526 1.273434 -5.954278 3.927859 3.401721 -6.624482 2.211526 1.273434 2.874722 3.927859 3.401721 2.204518 0.000000 0.000000 -8.829000 0.000000 0.000000 -8.829000 0.000000 0.000000 0.000000 0.000000 0.000000 0.000000 0.000000 0.000000 0.000000 0.000000 0.000000 0.000000 0.000000 0.000000 0.000000 0.000000 0.000000 0.000000 0.000000 0.000000 0.000000 0.000000 0.000000 0.000000
8.702126 0.000000 0.490227 0.194384 -0.199322 -0.358352 -0.086083 0.038745 -0.098534 0.490430 -0.178409 0.218293 -0.373273 0.081984 0.039164 0.099313 0.313271 0.243317 0.166520 1.214897 0.290641 0.445690 0.081088 -0.031686 0.636574 0.623976 1.095199 -0.185286 0.526557 -0.043733 -0.873769 0.130874 0.378908 -0.722531 0.255732 -0.311283 0.083209 -1.221373 0.801185 0.458975 -0.853228 -0.149433 -0.232856 -0.039440 2.286815 1.208938 -5.804233 3.702669 3.280581 -6.143653 2.286815 1.208938 3.024767 3.702669 3.280581 2.685347 0.000000 0.000000 -8.829000 0.000000 0.000000 -8.829000 0.000000 0.000000 0.000000 0.000000 0.000000 0.000000 0.000000 0.000000 0.000000 0.000000 0.000000 0.000000 0.000000 0.000000 0.000000 0.000000 0.000000 0.000000 0.000000 0.000000 0.000000 0.000000 0.000000 0.000000
8.772606 0.000000 0.491689 0.194456 -0.199322 -0.364884 -0.088456 0.033939 -0.098570 0.493307 -0.178529 0.218269 -0.378366 0.082943 0.033484 0.099349 0.327931 0.255241 0.196033 1.469035 0.278215 0.447110 0.089423 -0.007711 0.629632 0.627646 1.170571 -0.258713 0.433707 -0.047762 -0.859359 0.141017 0.407694 -0.471156 0.243108 -0.311293 0.090965 -1.194558 0.794884 0.463523 -0.779498 -0.222780 -0.326736 -0.043293 2.932734 1.357724 -6.884922 3.682828 3.268971 -6.270038 2.932734 1.357724 1.944078 3.682828 3.268971 2.558962 0.000000 0.000000 -8.829000 0.000000 0.000000 -8.829000 0.000000 0.000000 0.000000 0.000000 0.000000 0.000000 0.000000 0.000000 0.000000 0.000000 0.000000 0.000000 0.000000 0.000000 0.000000 0.000000 0.000000 0.000000 0.000000 0.000000 0.000000 0.000000 0.000000 0.000000
8.850892 0.000000 0.493403 0.194516 -0.199453 -0.384130 -0.090769 0.031315 -0.098630 0.498112 -0.178960 0.218149 -0.384226 0.083374 0.030009 0.099361 0.163367 0.211520 0.202618 1.324167 0.240573 0.345573 0.088954 0.008158 0.632279 0.632400 1.341959 -0.312601 0.375100 -0.049492 -1.027478 0.091967 0.412434 -0.623042 0.205246 -0.415460 0.090207 -1.172295 0.797341 0.469150 -0.609009 -0.276632 -0.385919 -0.044940 3.301620 1.238546 -6.156169 3.997982 3.287652 -6.894960 3.301620 1.238546 2.672831 3.997982 3.287652 1.934040 0.000000 0.000000 -8.829000 0.000000 0.000000 -8.829000 0.000000 0.000000 0.000000 0.000000 0.000000 0.000000 0.000000 0.000000 0.000000 0.000000 0.000000 0.000000 0.000000 0.000000 0.000000 0.000000 0.000000 0.000000 0.000000 0.000000 0.000000 0.000000 0.000000 0.000000
8.935886 0.000000 0.494301 0.194552 -0.199525 -0.391453 -0.091356 0.028942 -0.098690 0.498604 -0.179632 0.218149 -0.404240 0.084693 0.028295 0.099361 0.128761 0.199898 0.214610 1.485886 0.245828 0.396553 0.099484 -0.068439 0.680883 0.646467 1.121530 -0.349126 0.346259 -0.049554 -1.062961 0.078333 0.423639 -0.463893 0.210399 -0.365523 0.100764 -1.254139 0.849948 0.483365 -0.836198 -0.313047 -0.417156 -0.045393 4.012777 1.259698 -6.948955 3.807830 3.469682 -5.870416 4.012777 1.259698 1.880045 3.807830 3.469682 2.958584 0.000000 0.000000 -8.829000 0.000000 0.000000 -8.829000 0.000000 0.000000 0.000000 0.000000 0.000000 0.000000 0.000000 0.000000 0.000000 0.000000 0.000000 0.000000 0.000000 0.000000 0.000000 0.000000 0.000000 0.000000 0.000000 0.000000 0.000000 0.000000 0.000000 0.000000
8.991623 0.000000 0.494289 0.194564 -0.199489 -0.392232 -0.091476 0.028918 -0.098702 0.498472 -0.179656 0.218137 -0.405223 0.085040 0.028163 0.099361 0.086715 0.230776 0.200447 1.516776 0.246997 0.405490 0.098266 -0.062017 0.682938 0.646081 1.062535 -0.364188 0.349994 -0.050662 -1.105273 0.109065 0.409475 -0.433271 0.211558 -0.356680 0.099538 -1.248239 0.852225 0.482948 -0.895555 -0.328098 -0.413552 -0.046432 4.294708 1.248508 -7.125248 3.621075 3.467333 -5.613225 4.294708 1.248508 1.703752 3.621075 3.467333 3.215775 0.000000 0.000000 -8.829000 0.000000 0.000000 -8.829000 0.000000 0.000000 0.000000 0.000000 0.000000 0.000000 0.000000 0.000000 0.000000 0.000000 0.000000 0.000000 0.000000 0.000000 0.000000 0.000000 0.000000 0.000000 0.000000 0.000000 0.000000 0.000000 0.000000 0.000000
9.059807 0.000000 0.495200 0.194588 -0.199501 -0.403976 -0.092087 0.025730 -0.098738 0.498903 -0.179895 0.218137 -0.412988 0.089558 0.027600 0.099349 0.029994 0.231232 0.212450 1.507171 0.248321 0.358922 0.090429 -0.067302 0.719170 0.623460 1.007115 -0.311380 0.372000 -0.052289 -1.164086 0.106448 0.420395 -0.446838 0.212763 -0.404776 0.091898 -1.254918 0.889996 0.460554 -0.953314 -0.275172 -0.392343 -0.046732 4.532112 1.263358 -6.981888 3.570868 3.465967 -5.381042 4.532112 1.263358 1.847112 3.570868 3.465967 3.447958 0.000000 0.000000 -8.829000 0.000000 0.000000 -8.829000 0.000000 0.000000 0.000000 0.000000 0.000000 0.000000 0.000000 0.000000 0.000000 0.000000 0.000000 0.000000 0.000000 0.000000 0.000000 0.000000 0.000000 0.000000 0.000000 0.000000 0.000000 0.000000 0.000000 0.000000
9.136420 0.000000 0.498891 0.194648 -0.199537 -0.409093 -0.092494 0.023369 -0.098798 0.500461 -0.180279 0.218113 -0.414750 0.090002 0.027144 0.099361 0.065278 0.210155 0.187033 1.539361 0.274443 0.335975 0.085960 -0.069448 0.742627 0.638897 1.068490 -0.270203 0.413336 -0.049835 -1.123911 0.084663 0.393630 -0.415477 0.238810 -0.428130 0.087251 -1.254789 0.913144 0.475887 -0.892019 -0.233985 -0.351069 -0.044182 4.395538 1.157608 -7.053590 3.795832 3.572738 -5.720974 4.395538 1.157608 1.775410 3.795832 3.572738 3.108026 0.000000 0.000000 -8.829000 0.000000 0.000000 -8.829000 0.000000 0.000000 0.000000 0.000000 0.000000 0.000000 0.000000 0.000000 0.000000 0.000000 0.000000 0.000000 0.000000 0.000000 0.000000 0.000000 0.000000 0.000000 0.000000 0.000000 0.000000 0.000000 0.000000 0.000000
9.176406 0.000000 0.499467 0.194636 -0.199537 -0.409741 -0.092506 0.023285 -0.098810 0.500581 -0.180339 0.218089 -0.415026 0.090025 0.027012 0.099361 0.065985 0.203480 0.204637 1.552560 0.283116 0.326138 0.090639 -0.081481 0.749072 0.636645 1.091885 -0.256807 0.428058 -0.051063 -1.122379 0.077919 0.411005 -0.402335 0.247475 -0.437985 0.091900 -1.266693 0.919535 0.473561 -0.868674 -0.220588 -0.336375 -0.045428 4.434402 1.213453 -7.089446 3.945128 3.583875 -5.854945 4.434402 1.213453 1.739554 3.945128 3.583875 2.974055 0.000000 0.000000 -8.829000 0.000000 0.000000 -8.829000 0.000000 0.000000 0.000000 0.000000 0.000000 0.000000 0.000000 0.000000 0.000000 0.000000 0.000000 0.000000 0.000000 0.000000 0.000000 0.000000 0.000000 0.000000 0.000000 0.000000 0.000000 0.000000 0.000000 0.000000
9.215977 0.000000 0.503146 0.194672 -0.199573 -0.414606 -0.092566 0.023249 -0.098798 0.501084 -0.181190 0.218089 -0.417818 0.090181 0.026605 0.099361 0.087033 0.217516 0.188046 1.503015 0.289682 0.326754 0.089414 -0.104837 0.740520 0.635602 1.094387 -0.245559 0.441108 -0.053676 -1.096187 0.091413 0.393059 -0.452397 0.254030 -0.437511 0.090528 -1.289763 0.910768 0.471399 -0.866733 -0.209344 -0.323569 -0.048306 4.153704 1.184713 -6.854735 4.086643 3.579375 -5.893145 4.153704 1.184713 1.974265 4.086643 3.579375 2.935855 0.000000 0.000000 -8.829000 0.000000 0.000000 -8.829000 0.000000 0.000000 0.000000 0.000000 0.000000 0.000000 0.000000 0.000000 0.000000 0.000000 0.000000 0.000000 0.000000 0.000000 0.000000 0.000000 0.000000 0.000000 0.000000 0.000000 0.000000 0.000000 0.000000 0.000000
9.258985 0.000000 0.503182 0.194672 -0.199549 -0.423187 -0.092782 0.021212 -0.098846 0.501624 -0.183478 0.218101 -0.422684 0.090409 0.024831 0.099373 0.111545 0.222060 0.192157 1.489989 0.323962 0.329311 0.090466 -0.135319 0.716703 0.635742 1.118802 -0.235994 0.440178 -0.056407 -1.074045 0.093723 0.396518 -0.468197 0.288231 -0.435957 0.091851 -1.320215 0.886019 0.468152 -0.843274 -0.199795 -0.325022 -0.051820 4.016234 1.212460 -6.741425 4.305810 3.557337 -5.994388 4.016234 1.212460 2.087575 4.305810 3.557337 2.834612 0.000000 0.000000 -8.829000 0.000000 0.000000 -8.829000 0.000000 0.000000 0.000000 0.000000 0.000000 0.000000 0.000000 0.000000 0.000000 0.000000 0.000000 0.000000 0.000000 0.000000 0.000000 0.000000 0.000000 0.000000 0.000000 0.000000 0.000000 0.000000 0.000000 0.000000
9.307449 0.000000 0.503194 0.194660 -0.199549 -0.423175 -0.092806 0.021212 -0.098846 0.501732 -0.183874 0.218113 -0.422672 0.090409 0.024628 0.099373 0.111369 0.211606 0.204267 1.466131 0.338901 0.325891 0.093080 -0.152454 0.678650 0.635867 1.139548 -0.227461 0.449397 -0.055533 -1.074199 0.083264 0.408606 -0.492052 0.303171 -0.439375 0.094451 -1.337086 0.847625 0.467653 -0.822429 -0.191269 -0.315802 -0.051061 3.964213 1.238731 -6.634686 4.435394 3.504563 -6.102099 3.964213 1.238731 2.194314 4.435394 3.504563 2.726901 0.000000 0.000000 -8.829000 0.000000 0.000000 -8.829000 0.000000 0.000000 0.000000 0.000000 0.000000 0.000000 0.000000 0.000000 0.000000 0.000000 0.000000 0.000000 0.000000 0.000000 0.000000 0.000000 0.000000 0.000000 0.000000 0.000000 0.000000 0.000000 0.000000 0.000000
9.362950 0.000000 0.503254 0.194684 -0.199537 -0.423211 -0.092890 0.021224 -0.098858 0.502570 -0.185624 0.218077 -0.422791 0.090649 0.023897 0.099385 0.109728 0.194300 0.209554 1.476766 0.369986 0.324854 0.094318 -0.171246 0.659781 0.641257 1.203304 -0.219232 0.446181 -0.057924 -1.075743 0.065997 0.413923 -0.481404 0.334250 -0.440409 0.095664 -1.354146 0.827062 0.470322 -0.758162 -0.183061 -0.318982 -0.053858 4.018075 1.230917 -6.685338 4.687468 3.496357 -6.386897 4.018075 1.230917 2.143662 4.687468 3.496357 2.442103 0.000000 0.000000 -8.829000 0.000000 0.000000 -8.829000 0.000000 0.000000 0.000000 0.000000 0.000000 0.000000 0.000000 0.000000 0.000000 0.000000 0.000000 0.000000 0.000000 0.000000 0.000000 0.000000 0.000000 0.000000 0.000000 0.000000 0.000000 0.000000 0.000000 0.000000
9.421529 0.000000 0.503254 0.194684 -0.199537 -0.423235 -0.092902 0.021212 -0.098870 0.502762 -0.185839 0.218101 -0.422803 0.090721 0.023813 0.099373 0.128313 0.187142 0.191684 1.493006 0.394649 0.327352 0.090515 -0.191308 0.621058 0.649154 1.256652 -0.213170 0.449214 -0.054833 -1.057164 0.058828 0.396049 -0.465171 0.358908 -0.437914 0.091857 -1.373834 0.788155 0.477936 -0.704729 -0.177005 -0.315936 -0.050790 3.961793 1.162394 -6.754714 4.907230 3.473125 -6.626996 3.961793 1.162394 2.074286 4.907230 3.473125 2.202004 0.000000 0.000000 -8.829000 0.000000 0.000000 -8.829000 0.000000 0.000000 0.000000 0.000000 0.000000 0.000000 0.000000 0.000000 0.000000 0.000000 0.000000 0.000000 0.000000 0.000000 0.000000 0.000000 0.000000 0.000000 0.000000 0.000000 0.000000 0.000000 0.000000 0.000000
9.464409 0.000000 0.503397 0.194696 -0.199513 -0.424242 -0.092986 0.021200 -0.098882 0.503385 -0.186115 0.218077 -0.423115 0.091032 0.023357 0.099397 0.110789 0.178939 0.184061 1.494816 0.407118 0.331367 0.091385 -0.207120 0.602226 0.647398 1.288474 -0.223347 0.449246 -0.057121 -1.074697 0.050444 0.388348 -0.463615 0.371368 -0.433979 0.092726 -1.388633 0.769003 0.475902 -0.672817 -0.187171 -0.315913 -0.053026 4.063371 1.115735 -6.783686 5.064850 3.441683 -6.771021 4.063371 1.115735 2.045314 5.064850 3.441683 2.057979 0.000000 0.000000 -8.829000 0.000000 0.000000 -8.829000 0.000000 0.000000 0.000000 0.000000 0.000000 0.000000 0.000000 0.000000 0.000000 0.000000 0.000000 0.000000 0.000000 0.000000 0.000000 0.000000 0.000000 0.000000 0.000000 0.000000 0.000000 0.000000 0.000000 0.000000
9.526641 0.000000 0.503493 0.194720 -0.199525 -0.425021 -0.093034 0.021212 -0.098882 0.503589 -0.186151 0.218077 -0.423187 0.091104 0.023309 0.099397 0.113037 0.196823 0.177114 1.493611 0.422246 0.349127 0.092921 -0.182716 0.563956 0.637687 1.365398 -0.235968 0.453206 -0.057393 -1.072470 0.068150 0.381342 -0.465017 0.386493 -0.416279 0.094267 -1.363892 0.730676 0.466197 -0.595858 -0.199791 -0.311945 -0.053270 4.054879 1.120536 -6.802720 5.139663 3.336655 -7.077649 4.054879 1.120536 2.026280 5.139663 3.336655 1.751351 0.000000 0.000000 -8.829000 0.000000 0.000000 -8.829000 0.000000 0.000000 0.000000 0.000000 0.000000 0.000000 0.000000 0.000000 0.000000 0.000000 0.000000 0.000000 0.000000 0.000000 0.000000 0.000000 0.000000 0.000000 0.000000 0.000000 0.000000 0.000000 0.000000 0.000000
9.587646 0.000000 0.503865 0.194708 -0.199537 -0.429515 -0.093105 0.020577 -0.098894 0.503913 -0.186307 0.218077 -0.423666 0.091284 0.023154 0.099397 0.125819 0.211109 0.175263 1.447043 0.432947 0.335232 0.095168 -0.180215 0.549819 0.638768 1.394347 -0.224506 0.449778 -0.055284 -1.060203 0.081324 0.379003 -0.512836 0.397165 -0.430594 0.096622 -1.360935 0.716450 0.467144 -0.566948 -0.188328 -0.315399 -0.051137 3.841162 1.140763 -6.550080 5.190788 3.318588 -7.187820 3.841162 1.140763 2.278920 5.190788 3.318588 1.641180 0.000000 0.000000 -8.829000 0.000000 0.000000 -8.829000 0.000000 0.000000 0.000000 0.000000 0.000000 0.000000 0.000000 0.000000 0.000000 0.000000 0.000000 0.000000 0.000000 0.000000 0.000000 0.000000 0.000000 0.000000 0.000000 0.000000 0.000000 0.000000 0.000000 0.000000
9.658819 0.000000 0.503865 0.194672 -0.199561 -0.429862 -0.093117 0.020253 -0.098906 0.503961 -0.186307 0.218101 -0.423990 0.091344 0.023094 0.099397 0.123462 0.193329 0.188254 1.460925 0.442212 0.339232 0.095574 -0.188032 0.532143 0.640956 1.440744 -0.238309 0.456078 -0.058354 -1.062670 0.063372 0.391880 -0.499090 0.406420 -0.426652 0.097030 -1.368750 0.698880 0.469391 -0.520641 -0.202128 -0.309130 -0.054189 3.919329 1.157223 -6.616671 5.355627 3.302032 -7.397761 3.919329 1.157223 2.212329 5.355627 3.302032 1.431239 0.000000 0.000000 -8.829000 0.000000 0.000000 -8.829000 0.000000 0.000000 0.000000 0.000000 0.000000 0.000000 0.000000 0.000000 0.000000 0.000000 0.000000 0.000000 0.000000 0.000000 0.000000 0.000000 0.000000 0.000000 0.000000 0.000000 0.000000 0.000000 0.000000 0.000000
9.741732 0.000000 0.504176 0.194684 -0.199513 -0.429934 -0.093177 0.020253 -0.098918 0.504260 -0.186451 0.218101 -0.426099 0.091571 0.022770 0.099385 0.100706 0.238119 0.175810 1.483723 0.448852 0.351518 0.096001 -0.158943 0.522159 0.640843 1.440001 -0.221903 0.457152 -0.055754 -1.084917 0.108293 0.379411 -0.476231 0.413056 -0.414348 0.097425 -1.339676 0.689197 0.469264 -0.521921 -0.185717 -0.308248 -0.051607 4.075682 1.178238 -6.743075 5.200398 3.278995 -7.359214 4.075682 1.178238 2.085925 5.200398 3.278995 1.469786 0.000000 0.000000 -8.829000 0.000000 0.000000 -8.829000 0.000000 0.000000 0.000000 0.000000 0.000000 0.000000 0.000000 0.000000 0.000000 0.000000 0.000000 0.000000 0.000000 0.000000 0.000000 0.000000 0.000000 0.000000 0.000000 0.000000 0.000000 0.000000 0.000000 0.000000
9.811736 0.000000 0.504212 0.194708 -0.199537 -0.429946 -0.093189 0.020241 -0.098918 0.504284 -0.186475 0.218089 -0.426399 0.091619 0.022734 0.099385 0.094600 0.206562 0.189239 1.512290 0.451915 0.350965 0.096211 -0.183194 0.539815 0.640513 1.439878 -0.236232 0.464582 -0.054434 -1.090954 0.076719 0.392846 -0.447655 0.416119 -0.414900 0.097632 -1.363963 0.706877 0.468909 -0.522122 -0.200045 -0.300846 -0.050289 4.216480 1.174021 -6.872149 5.346837 3.319744 -7.392488 4.216480 1.174021 1.956851 5.346837 3.319744 1.436512 0.000000 0.000000 -8.829000 0.000000 0.000000 -8.829000 0.000000 0.000000 0.000000 0.000000 0.000000 0.000000 0.000000 0.000000 0.000000 0.000000 0.000000 0.000000 0.000000 0.000000 0.000000 0.000000 0.000000 0.000000 0.000000 0.000000 0.000000 0.000000 0.000000 0.000000
9.876565 0.000000 0.504680 0.194696 -0.199561 -0.430078 -0.093225 0.020229 -0.098918 0.504620 -0.186666 0.218053 -0.434308 0.091835 0.022566 0.099397 0.086245 0.219410 0.201776 1.535960 0.454217 0.368406 0.096569 -0.206538 0.527555 0.634234 1.243791 -0.223553 0.451234 -0.053892 -1.098532 0.089577 0.405201 -0.423914 0.418420 -0.397434 0.097937 -1.388642 0.696121 0.462909 -0.720327 -0.187334 -0.314864 -0.049970 4.344623 1.236252 -7.001920 4.919923 3.295787 -6.501390 4.344623 1.236252 1.827080 4.919923 3.295787 2.327610 0.000000 0.000000 -8.829000 0.000000 0.000000 -8.829000 0.000000 0.000000 0.000000 0.000000 0.000000 0.000000 0.000000 0.000000 0.000000 0.000000 0.000000 0.000000 0.000000 0.000000 0.000000 0.000000 0.000000 0.000000 0.000000 0.000000 0.000000 0.000000 0.000000 0.000000
9.944501 0.000000 0.505495 0.194732 -0.199549 -0.430857 -0.093249 0.020205 -0.098954 0.504656 -0.186750 0.218053 -0.436202 0.092015 0.021811 0.099409 0.119422 0.246637 0.203985 1.550716 0.455564 0.380225 0.099513 -0.180335 0.511215 0.635001 1.193681 -0.238000 0.462186 -0.058485 -1.064135 0.116811 0.407191 -0.409171 0.419752 -0.385615 0.100846 -1.362863 0.680150 0.463674 -0.770988 -0.201768 -0.304127 -0.054610 4.209684 1.304004 -7.053420 4.652473 3.260970 -6.275744 4.209684 1.304004 1.775580 4.652473 3.260970 2.553256 0.000000 0.000000 -8.829000 0.000000 0.000000 -8.829000 0.000000 0.000000 0.000000 0.000000 0.000000 0.000000 0.000000 0.000000 0.000000 0.000000 0.000000 0.000000 0.000000 0.000000 0.000000 0.000000 0.000000 0.000000 0.000000 0.000000 0.000000 0.000000 0.000000 0.000000
9.984872 0.000000 0.505674 0.194720 -0.199537 -0.430953 -0.093261 0.020193 -0.098954 0.504668 -0.186762 0.218077 -0.436202 0.092027 0.021799 0.099397 0.127561 0.246221 0.212246 1.570648 0.456049 0.384906 0.100234 -0.192522 0.525734 0.635034 1.150401 -0.243218 0.459645 -0.057873 -1.055716 0.116418 0.415387 -0.389226 0.420236 -0.380930 0.101551 -1.375021 0.694693 0.463712 -0.814265 -0.206991 -0.306668 -0.053992 4.234433 1.337315 -7.138076 4.601730 3.288423 -6.100497 4.234433 1.337315 1.690924 4.601730 3.288423 2.728503 0.000000 0.000000 -8.829000 0.000000 0.000000 -8.829000 0.000000 0.000000 0.000000 0.000000 0.000000 0.000000 0.000000 0.000000 0.000000 0.000000 0.000000 0.000000 0.000000 0.000000 0.000000 0.000000 0.000000 0.000000 0.000000 0.000000 0.000000 0.000000 0.000000 0.000000
10.053728 1.000000 0.507879 0.194732 -0.199573 -0.431576 -0.093369 0.020145 -0.098954 0.504680 -0.186858 0.218077 -0.436226 0.092243 0.021811 0.099397 0.177702 0.243970 0.216685 1.573481 0.456762 0.399815 0.099053 -0.204438 0.515478 0.636440 1.110856 -0.228316 0.451386 -0.055486 -1.001920 0.114402 0.419161 -0.386035 0.420947 -0.365901 0.100177 -1.386901 0.684362 0.464965 -0.853792 -0.192087 -0.314925 -0.051555 3.990361 1.369116 -7.145490 4.533370 3.280711 -5.923767 3.990361 1.369116 1.683510 4.533370 3.280711 2.905233 0.000000 0.000000 -8.829000 0.000000 0.000000 -8.829000 0.000000 0.000000 0.000000 0.000000 0.000000 0.000000 0.000000 0.000000 0.000000 0.000000 0.000000 0.000000 0.000000 0.000000 0.000000 0.000000 0.000000 0.000000 0.000000 0.000000 0.000000 0.000000 0.000000 0.000000
10.116542 1.000000 0.510013 0.194732 -0.199573 -0.431672 -0.093429 0.020122 -0.098954 0.504716 -0.186906 0.218077 -0.436238 0.092710 0.021787 0.099409 0.255251 0.221799 0.225102 1.614189 0.457013 0.404158 0.104164 -0.211974 0.509495 0.633897 1.107007 -0.219090 0.449813 -0.058843 -0.920717 0.092637 0.426992 -0.344830 0.421200 -0.361393 0.105104 -1.394369 0.678345 0.462360 -0.857628 -0.182849 -0.316497 -0.054755 3.714582 1.401148 -7.282442 4.558136 3.262919 -5.907281 3.714582 1.401148 1.546558 4.558136 3.262919 2.921719 0.000000 0.000000 -8.829000 0.000000 0.000000 -8.829000 0.000000 0.000000 0.000000 0.000000 0.000000 0.000000 0.000000 0.000000 0.000000 0.000000 0.000000 0.000000 0.000000 0.000000 0.000000 0.000000 0.000000 0.000000 0.000000 0.000000 0.000000 0.000000 0.000000 0.000000
10.174251 1.000000 0.510013 0.194744 -0.199597 -0.431744 -0.093453 0.020110 -0.098966 0.504728 -0.186966 0.218077 -0.436238 0.092854 0.021799 0.099397 0.292399 0.200632 0.193456 1.623330 0.457149 0.404523 0.095264 -0.225437 0.512123 0.635673 1.100972 -0.212927 0.451469 -0.060764 -0.883579 0.071418 0.395334 -0.335709 0.421330 -0.361034 0.096197 -1.407799 0.680919 0.464038 -0.863647 -0.176690 -0.314838 -0.056640 3.534874 1.263474 -7.310460 4.613310 3.278370 -5.894590 3.534874 1.263474 1.518540 4.613310 3.278370 2.934410 0.000000 0.000000 -8.829000 0.000000 0.000000 -8.829000 0.000000 0.000000 0.000000 0.000000 0.000000 0.000000 0.000000 0.000000 0.000000 0.000000 0.000000 0.000000 0.000000 0.000000 0.000000 0.000000 0.000000 0.000000 0.000000 0.000000 0.000000 0.000000 0.000000 0.000000
10.206134 1.000000 0.510025 0.194744 -0.199549 -0.431768 -0.093441 0.020110 -0.098966 0.504728 -0.186954 0.218053 -0.436250 0.092866 0.021799 0.099409 0.312882 0.209771 0.192857 1.626409 0.457272 0.406125 0.096546 -0.214892 0.510284 0.638164 1.095508 -0.210629 0.455006 -0.058835 -0.863095 0.080634 0.394777 -0.332630 0.421454 -0.359433 0.097492 -1.397265 0.679057 0.466528 -0.869115 -0.174387 -0.311302 -0.054708 3.433684 1.285442 -7.309419 4.543482 3.280963 -5.870173 3.433684 1.285442 1.519581 4.543482 3.280963 2.958827 0.000000 0.000000 -8.829000 0.000000 0.000000 -8.829000 0.000000 0.000000 0.000000 0.000000 0.000000 0.000000 0.000000 0.000000 0.000000 0.000000 0.000000 0.000000 0.000000 0.000000 0.000000 0.000000 0.000000 0.000000 0.000000 0.000000 0.000000 0.000000 0.000000 0.000000
10.238989 1.000000 0.510025 0.194744 -0.199585 -0.431876 -0.093477 0.020098 -0.098966 0.504740 -0.186990 0.218089 -0.436250 0.092974 0.021787 0.099385 0.329105 0.195077 0.193193 1.622814 0.457008 0.405047 0.093702 -0.221564 0.524157 0.650458 1.087343 -0.208618 0.456646 -0.057834 -0.846889 0.065852 0.395069 -0.336261 0.421189 -0.360522 0.094632 -1.403901 0.692952 0.478798 -0.877274 -0.172383 -0.309662 -0.053672 3.347444 1.266854 -7.284055 4.555769 3.351201 -5.849452 3.347444 1.266854 1.544945 4.555769 3.351201 2.979548 0.000000 0.000000 -8.829000 0.000000 0.000000 -8.829000 0.000000 0.000000 0.000000 0.000000 0.000000 0.000000 0.000000 0.000000 0.000000 0.000000 0.000000 0.000000 0.000000 0.000000 0.000000 0.000000 0.000000 0.000000 0.000000 0.000000 0.000000 0.000000 0.000000 0.000000
10.290841 1.000000 0.510061 0.194744 -0.199549 -0.431959 -0.093477 0.020110 -0.098978 0.504728 -0.187014 0.218077 -0.436262 0.093046 0.021799 0.099397 0.358974 0.200795 0.208379 1.632160 0.457345 0.409754 0.091960 -0.218961 0.513753 0.643467 1.072920 -0.205828 0.457554 -0.056574 -0.816987 0.071614 0.410272 -0.326925 0.421522 -0.355818 0.092896 -1.401318 0.682518 0.471755 -0.891696 -0.169587 -0.308754 -0.052396 3.231827 1.341108 -7.303825 4.501241 3.308392 -5.783399 3.231827 1.341108 1.525175 4.501241 3.308392 3.045601 0.000000 0.000000 -8.829000 0.000000 0.000000 -8.829000 0.000000 0.000000 0.000000 0.000000 0.000000 0.000000 0.000000 0.000000 0.000000 0.000000 0.000000 0.000000 0.000000 0.000000 0.000000 0.000000 0.000000 0.000000 0.000000 0.000000 0.000000 0.000000 0.000000 0.000000
10.322134 1.000000 0.510073 0.194744 -0.199597 -0.431971 -0.093489 0.020098 -0.098966 0.504728 -0.187038 0.218077 -0.436250 0.093081 0.021787 0.099409 0.382834 0.199334 0.203534 1.637165 0.457274 0.412186 0.091674 -0.223472 0.513713 0.644225 1.077903 -0.204633 0.458376 -0.057422 -0.793098 0.070075 0.405377 -0.321926 0.421454 -0.353388 0.092597 -1.405820 0.682459 0.472475 -0.886705 -0.168388 -0.307931 -0.053238 3.122271 1.330428 -7.314264 4.538959 3.312845 -5.809172 3.122271 1.330428 1.514736 4.538959 3.312845 3.019828 0.000000 0.000000 -8.829000 0.000000 0.000000 -8.829000 0.000000 0.000000 0.000000 0.000000 0.000000 0.000000 0.000000 0.000000 0.000000 0.000000 0.000000 0.000000 0.000000 0.000000 0.000000 0.000000 0.000000 0.000000 0.000000 0.000000 0.000000 0.000000 0.000000 0.000000
10.355793 1.000000 0.510061 0.194744 -0.199573 -0.431971 -0.093501 0.020098 -0.098978 0.504740 -0.187050 0.218053 -0.436262 0.093081 0.021799 0.099433 0.393917 0.197965 0.209717 1.641732 0.457357 0.414272 0.092896 -0.223073 0.510655 0.642607 1.082460 -0.203471 0.459230 -0.056090 -0.782041 0.068740 0.411585 -0.317360 0.421533 -0.351303 0.093819 -1.405405 0.679359 0.470822 -0.882142 -0.167218 -0.307075 -0.051912 3.086182 1.355530 -7.327825 4.549312 3.302948 -5.828301 3.086182 1.355530 1.501175 4.549312 3.302948 3.000699 0.000000 0.000000 -8.829000 0.000000 0.000000 -8.829000 0.000000 0.000000 0.000000 0.000000 0.000000 0.000000 0.000000 0.000000 0.000000 0.000000 0.000000 0.000000 0.000000 0.000000 0.000000 0.000000 0.000000 0.000000 0.000000 0.000000 0.000000 0.000000 0.000000 0.000000
10.386918 1.000000 0.510073 0.194744 -0.199609 -0.431971 -0.093513 0.020098 -0.098978 0.504752 -0.187086 0.218077 -0.436262 0.093117 0.021787 0.099397 0.404475 0.199169 0.208486 1.642909 0.457196 0.415049 0.092935 -0.230957 0.506080 0.638317 1.070536 -0.202453 0.455385 -0.056281 -0.771453 0.069886 0.410315 -0.316183 0.421371 -0.350525 0.093847 -1.413258 0.674781 0.466493 -0.894060 -0.166212 -0.310921 -0.052097 3.033993 1.357029 -7.326797 4.552727 3.282567 -5.774356 3.033993 1.357029 1.502203 4.552727 3.282567 3.054644 0.000000 0.000000 -8.829000 0.000000 0.000000 -8.829000 0.000000 0.000000 0.000000 0.000000 0.000000 0.000000 0.000000 0.000000 0.000000 0.000000 0.000000 0.000000 0.000000 0.000000 0.000000 0.000000 0.000000 0.000000 0.000000 0.000000 0.000000 0.000000 0.000000 0.000000
10.421603 1.000000 0.510097 0.194744 -0.199585 -0.432019 -0.093513 0.020110 -0.098966 0.504728 -0.187086 0.218077 -0.436262 0.093129 0.021787 0.099409 0.406435 0.208629 0.213742 1.638827 0.457176 0.413815 0.093836 -0.226595 0.511194 0.641027 1.062306 -0.201465 0.455657 -0.055014 -0.769470 0.079382 0.415586 -0.320270 0.421355 -0.351760 0.094751 -1.408936 0.679904 0.469198 -0.902295 -0.165220 -0.310651 -0.050827 3.009413 1.392518 -7.301624 4.508391 3.299179 -5.738789 3.009413 1.392518 1.527376 4.508391 3.299179 3.090211 0.000000 0.000000 -8.829000 0.000000 0.000000 -8.829000 0.000000 0.000000 0.000000 0.000000 0.000000 0.000000 0.000000 0.000000 0.000000 0.000000 0.000000 0.000000 0.000000 0.000000 0.000000 0.000000 0.000000 0.000000 0.000000 0.000000 0.000000 0.000000 0.000000 0.000000
10.461374 1.000000 0.510085 0.194756 -0.199597 -0.432019 -0.093513 0.020098 -0.098978 0.504728 -0.187098 0.218053 -0.436262 0.093153 0.021787 0.099409 0.412287 0.206007 0.221443 1.640227 0.457071 0.414375 0.095513 -0.222353 0.508161 0.639259 1.063533 -0.213606 0.459388 -0.054652 -0.763633 0.076744 0.423297 -0.318872 0.421246 -0.351201 0.096431 -1.404698 0.676822 0.467387 -0.901063 -0.177361 -0.306919 -0.050464 2.991858 1.418985 -7.302725 4.494280 3.286395 -5.747256 2.991858 1.418985 1.526275 4.494280 3.286395 3.081744 0.000000 0.000000 -8.829000 0.000000 0.000000 -8.829000 0.000000 0.000000 0.000000 0.000000 0.000000 0.000000 0.000000 0.000000 0.000000 0.000000 0.000000 0.000000 0.000000 0.000000 0.000000 0.000000 0.000000 0.000000 0.000000 0.000000 0.000000 0.000000 0.000000 0.000000
10.497746 1.000000 0.510097 0.194744 -0.199621 -0.432019 -0.093489 0.020098 -0.098966 0.504728 -0.187122 0.218077 -0.436262 0.093189 0.021787 0.099397 0.418357 0.195257 0.216614 1.638376 0.457000 0.414042 0.092244 -0.235320 0.506200 0.637319 1.052295 -0.210684 0.457148 -0.054030 -0.757540 0.065950 0.418423 -0.320725 0.421180 -0.351534 0.093162 -1.417654 0.674877 0.465429 -0.912298 -0.174442 -0.309159 -0.049833 2.956904 1.384320 -7.294268 4.527175 3.281872 -5.703303 2.956904 1.384320 1.534732 4.527175 3.281872 3.125697 0.000000 0.000000 -8.829000 0.000000 0.000000 -8.829000 0.000000 0.000000 0.000000 0.000000 0.000000 0.000000 0.000000 0.000000 0.000000 0.000000 0.000000 0.000000 0.000000 0.000000 0.000000 0.000000 0.000000 0.000000 0.000000 0.000000 0.000000 0.000000 0.000000 0.000000
10.531190 1.000000 0.510109 0.194744 -0.199573 -0.432031 -0.093513 0.020098 -0.098978 0.504752 -0.187122 0.218053 -0.436262 0.093201 0.021763 0.099397 0.423300 0.189997 0.216113 1.639158 0.456865 0.414584 0.090259 -0.230904 0.508521 0.637066 1.047847 -0.208570 0.456724 -0.054000 -0.752591 0.060766 0.417964 -0.319939 0.421040 -0.350992 0.091176 -1.413206 0.677154 0.465159 -0.916741 -0.172329 -0.309583 -0.049801 2.936405 1.374955 -7.296387 4.493044 3.282411 -5.681212 2.936405 1.374955 1.532613 4.493044 3.282411 3.147788 0.000000 0.000000 -8.829000 0.000000 0.000000 -8.829000 0.000000 0.000000 0.000000 0.000000 0.000000 0.000000 0.000000 0.000000 0.000000 0.000000 0.000000 0.000000 0.000000 0.000000 0.000000 0.000000 0.000000 0.000000 0.000000 0.000000 0.000000 0.000000 0.000000 0.000000
10.573152 1.000000 0.510109 0.194744 -0.199585 -0.432031 -0.093513 0.020074 -0.098966 0.504752 -0.187146 0.218077 -0.436262 0.093213 0.021775 0.099409 0.425190 0.186203 0.220871 1.637542 0.456699 0.413551 0.089634 -0.230747 0.510624 0.643332 1.048367 -0.206431 0.463495 -0.051874 -0.750701 0.056954 0.422712 -0.321558 0.420879 -0.352027 0.090550 -1.413034 0.679280 0.471411 -0.916215 -0.170185 -0.302810 -0.047674 2.926777 1.385968 -7.285833 4.496774 3.310684 -5.696715 2.926777 1.385968 1.543167 4.496774 3.310684 3.132285 0.000000 0.000000 -8.829000 0.000000 0.000000 -8.829000 0.000000 0.000000 0.000000 0.000000 0.000000 0.000000 0.000000 0.000000 0.000000 0.000000 0.000000 0.000000 0.000000 0.000000 0.000000 0.000000 0.000000 0.000000 0.000000 0.000000 0.000000 0.000000 0.000000 0.000000
10.608718 1.000000 0.510109 0.194768 -0.199609 -0.432055 -0.093513 0.020098 -0.098966 0.504752 -0.187158 0.218077 -0.436262 0.093237 0.021775 0.099409 0.430395 0.181836 0.203595 1.641310 0.456808 0.416189 0.084573 -0.224934 0.519460 0.640149 1.047749 -0.205047 0.463665 -0.052291 -0.745488 0.052562 0.405450 -0.317791 0.420988 -0.349389 0.085492 -1.407219 0.688107 0.468208 -0.916831 -0.168801 -0.302640 -0.048085 2.901251 1.316157 -7.308924 4.474055 3.310905 -5.691828 2.901251 1.316157 1.520076 4.474055 3.310905 3.137172 0.000000 0.000000 -8.829000 0.000000 0.000000 -8.829000 0.000000 0.000000 0.000000 0.000000 0.000000 0.000000 0.000000 0.000000 0.000000 0.000000 0.000000 0.000000 0.000000 0.000000 0.000000 0.000000 0.000000 0.000000 0.000000 0.000000 0.000000 0.000000 0.000000 0.000000
10.642729 1.000000 0.510109 0.194720 -0.199621 -0.432055 -0.093513 0.020110 -0.098966 0.504752 -0.187158 0.218077 -0.436262 0.093249 0.021787 0.099409 0.432396 0.200483 0.206052 1.641135 0.456641 0.416227 0.084058 -0.229213 0.517278 0.637260 1.044536 -0.214602 0.462792 -0.054991 -0.743493 0.071150 0.407815 -0.317978 0.420821 -0.349351 0.084960 -1.411497 0.685924 0.465319 -0.920043 -0.178356 -0.303511 -0.050780 2.880437 1.355347 -7.300916 4.488667 3.296760 -5.679355 2.880437 1.355347 1.528084 4.488667 3.296760 3.149645 0.000000 0.000000 -8.829000 0.000000 0.000000 -8.829000 0.000000 0.000000 0.000000 0.000000 0.000000 0.000000 0.000000 0.000000 0.000000 0.000000 0.000000 0.000000 0.000000 0.000000 0.000000 0.000000 0.000000 0.000000 0.000000 0.000000 0.000000 0.000000 0.000000 0.000000
10.675799 1.000000 0.510109 0.194732 -0.199633 -0.432067 -0.093537 0.020074 -0.098966 0.504752 -0.187206 0.218077 -0.436262 0.093285 0.021775 0.099409 0.433887 0.192324 0.206899 1.638166 0.456496 0.414684 0.085679 -0.224786 0.511410 0.634999 1.041235 -0.211961 0.461785 -0.058861 -0.742002 0.062976 0.408669 -0.320952 0.420674 -0.350897 0.086575 -1.407060 0.680017 0.462978 -0.923335 -0.175715 -0.304519 -0.054652 2.869071 1.346646 -7.286622 4.454498 3.274286 -5.658957 2.869071 1.346646 1.542378 4.454498 3.274286 3.170043 0.000000 0.000000 -8.829000 0.000000 0.000000 -8.829000 0.000000 0.000000 0.000000 0.000000 0.000000 0.000000 0.000000 0.000000 0.000000 0.000000 0.000000 0.000000 0.000000 0.000000 0.000000 0.000000 0.000000 0.000000 0.000000 0.000000 0.000000 0.000000 0.000000 0.000000
10.711048 1.000000 0.510121 0.194744 -0.199609 -0.432079 -0.093537 0.020074 -0.098978 0.504752 -0.187194 0.218077 -0.436250 0.093297 0.021775 0.099409 0.434848 0.189647 0.210866 1.635490 0.456307 0.411317 0.087482 -0.229677 0.527044 0.637885 1.053294 -0.209591 0.462298 -0.057133 -0.741026 0.060345 0.412673 -0.323623 0.420481 -0.354264 0.088385 -1.411952 0.695660 0.465884 -0.911275 -0.173344 -0.304005 -0.052915 2.858077 1.358334 -7.268399 4.521618 3.314129 -5.718448 2.858077 1.358334 1.560601 4.521618 3.314129 3.110552 0.000000 0.000000 -8.829000 0.000000 0.000000 -8.829000 0.000000 0.000000 0.000000 0.000000 0.000000 0.000000 0.000000 0.000000 0.000000 0.000000 0.000000 0.000000 0.000000 0.000000 0.000000 0.000000 0.000000 0.000000 0.000000 0.000000 0.000000 0.000000 0.000000 0.000000
10.746040 1.000000 0.510109 0.194744 -0.199585 -0.432079 -0.093537 0.020086 -0.098978 0.504752 -0.187206 0.218077 -0.436286 0.093321 0.021787 0.099397 0.438933 0.215618 0.217508 1.644146 0.456602 0.420667 0.089862 -0.223347 0.520347 0.646701 1.050184 -0.207676 0.462082 -0.056745 -0.736967 0.086354 0.419343 -0.314967 0.420777 -0.344914 0.090770 -1.405627 0.688957 0.474680 -0.914392 -0.171433 -0.304223 -0.052523 2.861270 1.427050 -7.309127 4.467784 3.331872 -5.701087 2.861270 1.427050 1.519873 4.467784 3.331872 3.127913 0.000000 0.000000 -8.829000 0.000000 0.000000 -8.829000 0.000000 0.000000 0.000000 0.000000 0.000000 0.000000 0.000000 0.000000 0.000000 0.000000 0.000000 0.000000 0.000000 0.000000 0.000000 0.000000 0.000000 0.000000 0.000000 0.000000 0.000000 0.000000 0.000000 0.000000
10.776903 1.000000 0.510109 0.194732 -0.199597 -0.432103 -0.093585 0.020086 -0.098966 0.504740 -0.187242 0.218053 -0.436250 0.093333 0.021775 0.099421 0.445979 0.218643 0.216934 1.644570 0.456455 0.418254 0.090456 -0.227032 0.517563 0.655087 1.065754 -0.206484 0.463041 -0.055591 -0.729928 0.089346 0.418736 -0.314554 0.420633 -0.347330 0.091343 -1.409323 0.686105 0.482980 -0.898805 -0.170234 -0.303262 -0.051380 2.821188 1.433233 -7.301163 4.522018 3.360173 -5.772667 2.821188 1.433233 1.527837 4.522018 3.360173 3.056333 0.000000 0.000000 -8.829000 0.000000 0.000000 -8.829000 0.000000 0.000000 0.000000 0.000000 0.000000 0.000000 0.000000 0.000000 0.000000 0.000000 0.000000 0.000000 0.000000 0.000000 0.000000 0.000000 0.000000 0.000000 0.000000 0.000000 0.000000 0.000000 0.000000 0.000000
10.817552 1.000000 0.510121 0.194744 -0.199585 -0.432103 -0.093585 0.020086 -0.098978 0.504752 -0.187266 0.218077 -0.436250 0.093357 0.021775 0.099397 0.443701 0.202248 0.198620 1.626708 0.456209 0.414020 0.087539 -0.225549 0.516535 0.649800 1.055521 -0.204596 0.460744 -0.052905 -0.732185 0.072980 0.400449 -0.332409 0.420382 -0.351563 0.088430 -1.407808 0.685088 0.477677 -0.909033 -0.168355 -0.305558 -0.048688 2.773888 1.338084 -7.229782 4.485746 3.340010 -5.722515 2.773888 1.338084 1.599218 4.485746 3.340010 3.106485 0.000000 0.000000 -8.829000 0.000000 0.000000 -8.829000 0.000000 0.000000 0.000000 0.000000 0.000000 0.000000 0.000000 0.000000 0.000000 0.000000 0.000000 0.000000 0.000000 0.000000 0.000000 0.000000 0.000000 0.000000 0.000000 0.000000 0.000000 0.000000 0.000000 0.000000
10.858267 1.000000 0.510121 0.194744 -0.199585 -0.432115 -0.093549 0.020074 -0.098978 0.504752 -0.187277 0.218053 -0.436262 0.093369 0.021787 0.099397 0.441716 0.229319 0.210516 1.628720 0.456208 0.416752 0.090649 -0.221743 0.510224 0.642979 1.052222 -0.203397 0.460999 -0.056044 -0.734174 0.100048 0.412345 -0.330402 0.420383 -0.348832 0.091554 -1.404009 0.678729 0.470814 -0.912330 -0.167155 -0.305303 -0.051831 2.785885 1.425476 -7.233320 4.459594 3.301406 -5.703262 2.785885 1.425476 1.595680 4.459594 3.301406 3.125738 0.000000 0.000000 -8.829000 0.000000 0.000000 -8.829000 0.000000 0.000000 0.000000 0.000000 0.000000 0.000000 0.000000 0.000000 0.000000 0.000000 0.000000 0.000000 0.000000 0.000000 0.000000 0.000000 0.000000 0.000000 0.000000 0.000000 0.000000 0.000000 0.000000 0.000000
10.889010 1.000000 0.510109 0.194756 -0.199621 -0.432139 -0.093573 0.020074 -0.098966 0.504740 -0.187301 0.218077 -0.436274 0.093393 0.021775 0.099421 0.432510 0.214293 0.209310 1.627066 0.455980 0.415494 0.091228 -0.230041 0.515019 0.647897 1.046724 -0.202479 0.459576 -0.053581 -0.743395 0.084967 0.411126 -0.332066 0.420158 -0.350094 0.092123 -1.412317 0.683558 0.475717 -0.917830 -0.166229 -0.306727 -0.049363 2.836241 1.393350 -7.235142 4.483848 3.331870 -5.685275 2.836241 1.393350 1.593858 4.483848 3.331870 3.143725 0.000000 0.000000 -8.829000 0.000000 0.000000 -8.829000 0.000000 0.000000 0.000000 0.000000 0.000000 0.000000 0.000000 0.000000 0.000000 0.000000 0.000000 0.000000 0.000000 0.000000 0.000000 0.000000 0.000000 0.000000 0.000000 0.000000 0.000000 0.000000 0.000000 0.000000
10.924629 1.000000 0.510132 0.194744 -0.199621 -0.432139 -0.093573 0.020062 -0.098966 0.504776 -0.187313 0.218053 -0.436250 0.093441 0.021787 0.099397 0.442633 0.222753 0.225653 1.630573 0.455966 0.418587 0.092251 -0.224058 0.522546 0.640011 1.044987 -0.213015 0.457266 -0.054960 -0.733235 0.093422 0.427443 -0.328557 0.420143 -0.347001 0.093141 -1.406272 0.691014 0.467792 -0.919548 -0.176773 -0.309032 -0.050729 2.804525 1.469706 -7.240717 4.458229 3.311504 -5.671125 2.804525 1.469706 1.588283 4.458229 3.311504 3.157875 0.000000 0.000000 -8.829000 0.000000 0.000000 -8.829000 0.000000 0.000000 0.000000 0.000000 0.000000 0.000000 0.000000 0.000000 0.000000 0.000000 0.000000 0.000000 0.000000 0.000000 0.000000 0.000000 0.000000 0.000000 0.000000 0.000000 0.000000 0.000000 0.000000 0.000000
10.957344 1.000000 0.510121 0.194768 -0.199633 -0.432139 -0.093585 0.020086 -0.098954 0.504740 -0.187361 0.218077 -0.436262 0.093441 0.021787 0.099421 0.450000 0.225121 0.220747 1.636645 0.456067 0.422779 0.091864 -0.236711 0.522081 0.643958 1.041021 -0.210670 0.454721 -0.054819 -0.725879 0.095791 0.422570 -0.322481 0.420250 -0.342807 0.092756 -1.418970 0.690567 0.471678 -0.923515 -0.174420 -0.311579 -0.050600 2.782800 1.458752 -7.269336 4.506008 3.330277 -5.659182 2.782800 1.458752 1.559664 4.506008 3.330277 3.169818 0.000000 0.000000 -8.829000 0.000000 0.000000 -8.829000 0.000000 0.000000 0.000000 0.000000 0.000000 0.000000 0.000000 0.000000 0.000000 0.000000 0.000000 0.000000 0.000000 0.000000 0.000000 0.000000 0.000000 0.000000 0.000000 0.000000 0.000000 0.000000 0.000000 0.000000
10.990132 1.000000 0.510121 0.194768 -0.199609 -0.432151 -0.093573 0.020086 -0.098966 0.504752 -0.187385 0.218077 -0.436250 0.093453 0.021775 0.099409 0.439676 0.226881 0.222554 1.629450 0.455809 0.418595 0.090421 -0.227678 0.517840 0.639767 1.041062 -0.208726 0.453603 -0.052980 -0.736212 0.097584 0.424398 -0.329677 0.419988 -0.346992 0.091321 -1.409910 0.686298 0.467447 -0.923465 -0.172480 -0.312696 -0.048764 2.811197 1.463187 -7.237666 4.457934 3.305256 -5.649084 2.811197 1.463187 1.591334 4.457934 3.305256 3.179916 0.000000 0.000000 -8.829000 0.000000 0.000000 -8.829000 0.000000 0.000000 0.000000 0.000000 0.000000 0.000000 0.000000 0.000000 0.000000 0.000000 0.000000 0.000000 0.000000 0.000000 0.000000 0.000000 0.000000 0.000000 0.000000 0.000000 0.000000 0.000000 0.000000 0.000000
11.023980 1.000000 0.510132 0.194756 -0.199633 -0.432175 -0.093585 0.020074 -0.098966 0.504752 -0.187421 0.218077 -0.436262 0.093441 0.021787 0.099409 0.455498 0.221801 0.226530 1.638619 0.455863 0.423549 0.090316 -0.229680 0.516396 0.638706 1.049004 -0.207024 0.451718 -0.055050 -0.720372 0.092450 0.428325 -0.320517 0.420041 -0.342040 0.091203 -1.411906 0.684826 0.466326 -0.915516 -0.170778 -0.314580 -0.050848 2.766723 1.475051 -7.273959 4.488860 3.298710 -5.680359 2.766723 1.475051 1.555041 4.488860 3.298710 3.148641 0.000000 0.000000 -8.829000 0.000000 0.000000 -8.829000 0.000000 0.000000 0.000000 0.000000 0.000000 0.000000 0.000000 0.000000 0.000000 0.000000 0.000000 0.000000 0.000000 0.000000 0.000000 0.000000 0.000000 0.000000 0.000000 0.000000 0.000000 0.000000 0.000000 0.000000
11.058493 1.000000 0.510144 0.194744 -0.199645 -0.432175 -0.093597 0.020074 -0.098978 0.504764 -0.187421 0.218077 -0.436262 0.093465 0.021787 0.099421 0.443624 0.218415 0.231156 1.634468 0.455690 0.420970 0.089859 -0.231875 0.530583 0.642078 1.048982 -0.205425 0.453867 -0.053470 -0.732223 0.089033 0.432913 -0.324669 0.419863 -0.344618 0.090735 -1.414080 0.699014 0.469704 -0.915536 -0.169175 -0.312430 -0.049258 2.819012 1.480896 -7.259797 4.508878 3.336315 -5.689592 2.819012 1.480896 1.569203 4.508878 3.336315 3.139408 0.000000 0.000000 -8.829000 0.000000 0.000000 -8.829000 0.000000 0.000000 0.000000 0.000000 0.000000 0.000000 0.000000 0.000000 0.000000 0.000000 0.000000 0.000000 0.000000 0.000000 0.000000 0.000000 0.000000 0.000000 0.000000 0.000000 0.000000 0.000000 0.000000 0.000000
11.097392 1.000000 0.510144 0.194756 -0.199621 -0.432175 -0.093609 0.020062 -0.098966 0.504752 -0.187481 0.218077 -0.436250 0.093441 0.021775 0.099421 0.445724 0.209880 0.228803 1.637371 0.455759 0.421239 0.088443 -0.229987 0.527440 0.642620 1.048155 -0.204118 0.455586 -0.052632 -0.730129 0.080551 0.430606 -0.321763 0.419936 -0.344350 0.089324 -1.412197 0.695821 0.470142 -0.916350 -0.167869 -0.310710 -0.048449 2.819654 1.458955 -7.274028 4.495900 3.332888 -5.687145 2.819654 1.458955 1.554972 4.495900 3.332888 3.141855 0.000000 0.000000 -8.829000 0.000000 0.000000 -8.829000 0.000000 0.000000 0.000000 0.000000 0.000000 0.000000 0.000000 0.000000 0.000000 0.000000 0.000000 0.000000 0.000000 0.000000 0.000000 0.000000 0.000000 0.000000 0.000000 0.000000 0.000000 0.000000 0.000000 0.000000
11.147008 1.000000 0.510132 0.194732 -0.199585 -0.432187 -0.093609 0.020050 -0.098954 0.504764 -0.187517 0.218077 -0.436286 0.093441 0.021787 0.099409 0.446241 0.217431 0.230067 1.635366 0.455440 0.422387 0.087880 -0.223892 0.515103 0.635583 1.045932 -0.202808 0.453499 -0.049953 -0.729653 0.088140 0.431870 -0.323779 0.419621 -0.343207 0.088763 -1.406083 0.683456 0.463048 -0.918570 -0.166564 -0.312799 -0.045781 2.808896 1.475432 -7.264417 4.452217 3.286144 -5.664821 2.808896 1.475432 1.564583 4.452217 3.286144 3.164179 0.000000 0.000000 -8.829000 0.000000 0.000000 -8.829000 0.000000 0.000000 0.000000 0.000000 0.000000 0.000000 0.000000 0.000000 0.000000 0.000000 0.000000 0.000000 0.000000 0.000000 0.000000 0.000000 0.000000 0.000000 0.000000 0.000000 0.000000 0.000000 0.000000 0.000000
11.177182 1.000000 0.510144 0.194720 -0.199549 -0.432187 -0.093609 0.020074 -0.098966 0.504776 -0.187577 0.218077 -0.436262 0.093453 0.021799 0.099421 0.446018 0.220975 0.219346 1.635601 0.455459 0.421725 0.088719 -0.226555 0.518733 0.637031 1.054088 -0.202152 0.454374 -0.048018 -0.729864 0.091734 0.421160 -0.323539 0.419637 -0.343865 0.089603 -1.408704 0.687032 0.464401 -0.910391 -0.165904 -0.311918 -0.043856 2.799761 1.443791 -7.267034 4.490293 3.299976 -5.704091 2.799761 1.443791 1.561966 4.490293 3.299976 3.124909 0.000000 0.000000 -8.829000 0.000000 0.000000 -8.829000 0.000000 0.000000 0.000000 0.000000 0.000000 0.000000 0.000000 0.000000 0.000000 0.000000 0.000000 0.000000 0.000000 0.000000 0.000000 0.000000 0.000000 0.000000 0.000000 0.000000 0.000000 0.000000 0.000000 0.000000
11.213992 1.000000 0.510144 0.194756 -0.199585 -0.432199 -0.093609 0.020074 -0.098966 0.504776 -0.187553 0.218077 -0.436250 0.093453 0.021775 0.099421 0.441633 0.206653 0.217450 1.633919 0.455283 0.422642 0.089805 -0.223862 0.504307 0.638502 1.051387 -0.201436 0.455361 -0.047978 -0.734235 0.077378 0.419287 -0.325218 0.419461 -0.342949 0.090693 -1.406015 0.672624 0.465911 -0.913095 -0.165188 -0.310933 -0.043810 2.826696 1.412454 -7.269155 4.458652 3.280520 -5.689164 2.826696 1.412454 1.559845 4.458652 3.280520 3.139836 0.000000 0.000000 -8.829000 0.000000 0.000000 -8.829000 0.000000 0.000000 0.000000 0.000000 0.000000 0.000000 0.000000 0.000000 0.000000 0.000000 0.000000 0.000000 0.000000 0.000000 0.000000 0.000000 0.000000 0.000000 0.000000 0.000000 0.000000 0.000000 0.000000 0.000000
11.258544 1.000000 0.510144 0.194732 -0.199585 -0.432199 -0.093621 0.020086 -0.098978 0.504764 -0.187577 0.218077 -0.436262 0.093441 0.021787 0.099421 0.447230 0.222310 0.209201 1.623165 0.455364 0.422592 0.091633 -0.227789 0.506716 0.635236 1.048463 -0.200626 0.456180 -0.052360 -0.728641 0.093013 0.410996 -0.335977 0.419536 -0.342998 0.092508 -1.409960 0.675017 0.462603 -0.916019 -0.164379 -0.310114 -0.048204 2.752384 1.411123 -7.217958 4.477700 3.271799 -5.680885 2.752384 1.411123 1.611042 4.477700 3.271799 3.148115 0.000000 0.000000 -8.829000 0.000000 0.000000 -8.829000 0.000000 0.000000 0.000000 0.000000 0.000000 0.000000 0.000000 0.000000 0.000000 0.000000 0.000000 0.000000 0.000000 0.000000 0.000000 0.000000 0.000000 0.000000 0.000000 0.000000 0.000000 0.000000 0.000000 0.000000
11.297459 1.000000 0.510132 0.194732 -0.199633 -0.432211 -0.093633 0.020074 -0.098978 0.504764 -0.187601 0.218077 -0.436262 0.093441 0.021775 0.099409 0.444500 0.224081 0.220767 1.623244 0.455114 0.420527 0.091523 -0.227968 0.490458 0.632069 1.046305 -0.200326 0.456607 -0.052624 -0.731383 0.094697 0.422516 -0.335909 0.419286 -0.345066 0.092387 -1.410135 0.658736 0.459393 -0.918173 -0.164084 -0.309688 -0.048476 2.772063 1.453887 -7.212444 4.464597 3.233738 -5.667721 2.772063 1.453887 1.616556 4.464597 3.233738 3.161279 0.000000 0.000000 -8.829000 0.000000 0.000000 -8.829000 0.000000 0.000000 0.000000 0.000000 0.000000 0.000000 0.000000 0.000000 0.000000 0.000000 0.000000 0.000000 0.000000 0.000000 0.000000 0.000000 0.000000 0.000000 0.000000 0.000000 0.000000 0.000000 0.000000 0.000000
11.346158 1.000000 0.510144 0.194768 -0.199597 -0.432223 -0.093633 0.020074 -0.098966 0.504764 -0.187601 0.218089 -0.436286 0.093453 0.021775 0.099409 0.450066 0.226652 0.200127 1.629697 0.455270 0.421559 0.088081 -0.226960 0.479218 0.634294 1.045031 -0.199769 0.457497 -0.051741 -0.725802 0.097361 0.401970 -0.329445 0.419447 -0.344034 0.088963 -1.409129 0.647522 0.461632 -0.919454 -0.163526 -0.308799 -0.047587 2.743792 1.385404 -7.243212 4.446907 3.223614 -5.660685 2.743792 1.385404 1.585788 4.446907 3.223614 3.168315 0.000000 0.000000 -8.829000 0.000000 0.000000 -8.829000 0.000000 0.000000 0.000000 0.000000 0.000000 0.000000 0.000000 0.000000 0.000000 0.000000 0.000000 0.000000 0.000000 0.000000 0.000000 0.000000 0.000000 0.000000 0.000000 0.000000 0.000000 0.000000 0.000000 0.000000
11.410934 1.000000 0.510132 0.194756 -0.199597 -0.432223 -0.093633 0.020086 -0.098966 0.504764 -0.187589 0.218077 -0.436274 0.093453 0.021775 0.099421 0.417475 0.206970 0.188822 1.626044 0.454808 0.417683 0.087301 -0.230385 0.466620 0.630902 1.042114 -0.199159 0.453334 -0.048125 -0.758415 0.077667 0.390648 -0.333103 0.418985 -0.347910 0.088179 -1.412557 0.634915 0.458249 -0.922370 -0.162912 -0.312961 -0.043969 2.901184 1.300000 -7.253108 4.444477 3.193971 -5.639131 2.901184 1.300000 1.575892 4.444477 3.193971 3.189869 0.000000 0.000000 -8.829000 0.000000 0.000000 -8.829000 0.000000 0.000000 0.000000 0.000000 0.000000 0.000000 0.000000 0.000000 0.000000 0.000000 0.000000 0.000000 0.000000 0.000000 0.000000 0.000000 0.000000 0.000000 0.000000 0.000000 0.000000 0.000000 0.000000 0.000000
11.463230 1.000000 0.510144 0.194756 -0.199585 -0.432235 -0.093633 0.020062 -0.098990 0.504764 -0.187601 0.218077 -0.436250 0.093477 0.021775 0.099421 0.414362 0.215990 0.199416 1.622592 0.454586 0.414638 0.086050 -0.222917 0.461316 0.637289 1.044530 -0.199071 0.461716 -0.047545 -0.761514 0.086699 0.401246 -0.336555 0.418755 -0.350956 0.086930 -1.405080 0.629596 0.464615 -0.919945 -0.162823 -0.304577 -0.043383 2.906107 1.350475 -7.229391 4.412995 3.206339 -5.659059 2.906107 1.350475 1.599609 4.412995 3.206339 3.169941 0.000000 0.000000 -8.829000 0.000000 0.000000 -8.829000 0.000000 0.000000 0.000000 0.000000 0.000000 0.000000 0.000000 0.000000 0.000000 0.000000 0.000000 0.000000 0.000000 0.000000 0.000000 0.000000 0.000000 0.000000 0.000000 0.000000 0.000000 0.000000 0.000000 0.000000
11.522388 1.000000 0.510168 0.194768 -0.199597 -0.432235 -0.093645 0.020086 -0.098966 0.504764 -0.187601 0.218053 -0.436262 0.093453 0.021763 0.099421 0.435574 0.225636 0.187138 1.633170 0.454856 0.418574 0.089235 -0.217396 0.453478 0.632289 1.048153 -0.198923 0.458860 -0.049657 -0.740255 0.096347 0.388974 -0.325968 0.419033 -0.347017 0.090110 -1.399570 0.621720 0.459592 -0.916325 -0.162676 -0.307435 -0.045509 2.815797 1.333182 -7.267710 4.390866 3.171436 -5.662675 2.815797 1.333182 1.561290 4.390866 3.171436 3.166325 0.000000 0.000000 -8.829000 0.000000 0.000000 -8.829000 0.000000 0.000000 0.000000 0.000000 0.000000 0.000000 0.000000 0.000000 0.000000 0.000000 0.000000 0.000000 0.000000 0.000000 0.000000 0.000000 0.000000 0.000000 0.000000 0.000000 0.000000 0.000000 0.000000 0.000000
11.571013 1.000000 0.510144 0.194768 -0.199609 -0.432259 -0.093657 0.020074 -0.098954 0.504776 -0.187613 0.218077 -0.436262 0.093441 0.021775 0.099409 0.420441 0.209525 0.195096 1.622896 0.454492 0.413563 0.087535 -0.226972 0.470156 0.634398 1.041641 -0.198784 0.457468 -0.049780 -0.755434 0.080209 0.396926 -0.336258 0.418673 -0.352033 0.088408 -1.409116 0.638422 0.461705 -0.922832 -0.162541 -0.308825 -0.045635 2.875607 1.328014 -7.227776 4.430292 3.210105 -5.644019 2.875607 1.328014 1.601224 4.430292 3.210105 3.184981 0.000000 0.000000 -8.829000 0.000000 0.000000 -8.829000 0.000000 0.000000 0.000000 0.000000 0.000000 0.000000 0.000000 0.000000 0.000000 0.000000 0.000000 0.000000 0.000000 0.000000 0.000000 0.000000 0.000000 0.000000 0.000000 0.000000 0.000000 0.000000 0.000000 0.000000
11.646323 1.000000 0.510157 0.194756 -0.199597 -0.432283 -0.093657 0.020062 -0.098978 0.504764 -0.187637 0.218053 -0.436262 0.093465 0.021787 0.099409 0.409242 0.197253 0.203076 1.629388 0.454517 0.415666 0.084994 -0.228862 0.479551 0.630671 1.037519 -0.198512 0.464201 -0.050668 -0.766623 0.067935 0.404889 -0.329772 0.418688 -0.349933 0.085864 -1.411028 0.647760 0.457912 -0.926949 -0.162270 -0.302092 -0.046527 2.966829 1.330599 -7.267410 4.446281 3.213148 -5.640719 2.966829 1.330599 1.561590 4.446281 3.213148 3.188281 0.000000 0.000000 -8.829000 0.000000 0.000000 -8.829000 0.000000 0.000000 0.000000 0.000000 0.000000 0.000000 0.000000 0.000000 0.000000 0.000000 0.000000 0.000000 0.000000 0.000000 0.000000 0.000000 0.000000 0.000000 0.000000 0.000000 0.000000 0.000000 0.000000 0.000000
11.697719 1.000000 0.510157 0.194732 -0.199597 -0.432271 -0.093669 0.020074 -0.098966 0.504764 -0.187637 0.218077 -0.436262 0.093453 0.021763 0.099409 0.420449 0.190286 0.190907 1.634536 0.454489 0.417634 0.087896 -0.246073 0.468696 0.630483 1.054944 -0.198580 0.462909 -0.050839 -0.755417 0.060955 0.392682 -0.324626 0.418665 -0.347963 0.088754 -1.428233 0.636945 0.457747 -0.909527 -0.162338 -0.303386 -0.046698 2.921547 1.282269 -7.290861 4.575053 3.203123 -5.720918 2.921547 1.282269 1.538139 4.575053 3.203123 3.108082 0.000000 0.000000 -8.829000 0.000000 0.000000 -8.829000 0.000000 0.000000 0.000000 0.000000 0.000000 0.000000 0.000000 0.000000 0.000000 0.000000 0.000000 0.000000 0.000000 0.000000 0.000000 0.000000 0.000000 0.000000 0.000000 0.000000 0.000000 0.000000 0.000000 0.000000
11.751734 1.000000 0.510144 0.194744 -0.199561 -0.432271 -0.093681 0.020062 -0.098978 0.504752 -0.187637 0.218053 -0.436250 0.093465 0.021775 0.099409 0.421252 0.185550 0.202179 1.630693 0.454241 0.415744 0.087154 -0.238901 0.463515 0.631815 1.050181 -0.198528 0.466851 -0.050841 -0.754643 0.056282 0.404012 -0.328467 0.418413 -0.349855 0.088019 -1.421085 0.631724 0.459051 -0.914288 -0.162286 -0.299443 -0.046700 2.916017 1.314716 -7.268249 4.524573 3.196357 -5.701759 2.916017 1.314716 1.560751 4.524573 3.196357 3.127241 0.000000 0.000000 -8.829000 0.000000 0.000000 -8.829000 0.000000 0.000000 0.000000 0.000000 0.000000 0.000000 0.000000 0.000000 0.000000 0.000000 0.000000 0.000000 0.000000 0.000000 0.000000 0.000000 0.000000 0.000000 0.000000 0.000000 0.000000 0.000000 0.000000 0.000000
11.791640 1.000000 0.510157 0.194756 -0.199609 -0.432295 -0.093681 0.020074 -0.098978 0.504764 -0.187649 0.218077 -0.436250 0.093477 0.021739 0.099421 0.439074 0.183395 0.187575 1.635193 0.454416 0.417810 0.084870 -0.233125 0.470924 0.629406 1.046892 -0.198334 0.461711 -0.051555 -0.736789 0.054054 0.389374 -0.323971 0.418588 -0.347788 0.085729 -1.415280 0.639165 0.456652 -0.917575 -0.162087 -0.304584 -0.047409 2.828167 1.264621 -7.283380 4.486984 3.196072 -5.676547 2.828167 1.264621 1.545620 4.486984 3.196072 3.152453 0.000000 0.000000 -8.829000 0.000000 0.000000 -8.829000 0.000000 0.000000 0.000000 0.000000 0.000000 0.000000 0.000000 0.000000 0.000000 0.000000 0.000000 0.000000 0.000000 0.000000 0.000000 0.000000 0.000000 0.000000 0.000000 0.000000 0.000000 0.000000 0.000000 0.000000
11.829980 1.000000 0.510157 0.194720 -0.199561 -0.432295 -0.093705 0.020074 -0.098978 0.504776 -0.187649 0.218077 -0.436262 0.093441 0.021775 0.099409 0.421589 0.196305 0.202591 1.628410 0.454172 0.414636 0.086321 -0.228220 0.478699 0.632352 1.052370 -0.198672 0.468187 -0.051342 -0.754295 0.067014 0.404378 -0.330759 0.418343 -0.350964 0.087169 -1.410356 0.646935 0.459600 -0.912095 -0.162430 -0.298105 -0.047207 2.899906 1.333131 -7.253243 4.487193 3.218369 -5.710258 2.899906 1.333131 1.575757 4.487193 3.218369 3.118742 0.000000 0.000000 -8.829000 0.000000 0.000000 -8.829000 0.000000 0.000000 0.000000 0.000000 0.000000 0.000000 0.000000 0.000000 0.000000 0.000000 0.000000 0.000000 0.000000 0.000000 0.000000 0.000000 0.000000 0.000000 0.000000 0.000000 0.000000 0.000000 0.000000 0.000000
11.865338 1.000000 0.510180 0.194744 -0.199597 -0.432307 -0.093705 0.020074 -0.098978 0.504764 -0.187697 0.218077 -0.436262 0.093465 0.021763 0.099421 0.443441 0.188158 0.199352 1.635644 0.454202 0.415536 0.086812 -0.232777 0.485788 0.635231 1.047206 -0.198601 0.465364 -0.048010 -0.732390 0.058829 0.401136 -0.323519 0.418373 -0.350062 0.087659 -1.414923 0.653991 0.462398 -0.917252 -0.162355 -0.300929 -0.043883 2.810740 1.317525 -7.273419 4.494522 3.243709 -5.689002 2.810740 1.317525 1.555581 4.494522 3.243709 3.139998 0.000000 0.000000 -8.829000 0.000000 0.000000 -8.829000 0.000000 0.000000 0.000000 0.000000 0.000000 0.000000 0.000000 0.000000 0.000000 0.000000 0.000000 0.000000 0.000000 0.000000 0.000000 0.000000 0.000000 0.000000 0.000000 0.000000 0.000000 0.000000 0.000000 0.000000
11.900124 1.000000 0.510157 0.194756 -0.199633 -0.432307 -0.093693 0.020050 -0.098978 0.504764 -0.187697 0.218077 -0.436262 0.093477 0.021775 0.099409 0.429506 0.197440 0.188508 1.629308 0.454149 0.413301 0.086830 -0.234403 0.490461 0.633019 1.042196 -0.198439 0.462733 -0.049123 -0.746356 0.068055 0.390283 -0.329862 0.418320 -0.352301 0.087682 -1.416549 0.658660 0.460183 -0.922261 -0.162197 -0.303560 -0.044991 2.848594 1.288220 -7.253389 4.491368 3.242865 -5.665121 2.848594 1.288220 1.575611 4.491368 3.242865 3.163879 0.000000 0.000000 -8.829000 0.000000 0.000000 -8.829000 0.000000 0.000000 0.000000 0.000000 0.000000 0.000000 0.000000 0.000000 0.000000 0.000000 0.000000 0.000000 0.000000 0.000000 0.000000 0.000000 0.000000 0.000000 0.000000 0.000000 0.000000 0.000000 0.000000 0.000000
11.931540 1.000000 0.510180 0.194732 -0.199597 -0.432319 -0.093717 0.020050 -0.098990 0.504776 -0.187697 0.218077 -0.436262 0.093477 0.021787 0.099409 0.432933 0.191343 0.197751 1.629809 0.453998 0.413711 0.089569 -0.223668 0.495974 0.636817 1.048298 -0.198646 0.468054 -0.046943 -0.742905 0.061996 0.399512 -0.329362 0.418164 -0.351890 0.090409 -1.405792 0.664170 0.463985 -0.916155 -0.162404 -0.298237 -0.042810 2.844467 1.314385 -7.252752 4.458886 3.262982 -5.695094 2.844467 1.314385 1.576248 4.458886 3.262982 3.133906 0.000000 0.000000 -8.829000 0.000000 0.000000 -8.829000 0.000000 0.000000 0.000000 0.000000 0.000000 0.000000 0.000000 0.000000 0.000000 0.000000 0.000000 0.000000 0.000000 0.000000 0.000000 0.000000 0.000000 0.000000 0.000000 0.000000 0.000000 0.000000 0.000000 0.000000
11.962664 1.000000 0.510157 0.194744 -0.199609 -0.432307 -0.093693 0.020062 -0.098966 0.504776 -0.187709 0.218053 -0.436274 0.093477 0.021763 0.099421 0.432087 0.201820 0.199647 1.631391 0.454163 0.414767 0.087819 -0.227743 0.482096 0.631720 1.047816 -0.198740 0.464552 -0.050047 -0.743784 0.072470 0.401428 -0.327781 0.418338 -0.350835 0.088672 -1.409876 0.650249 0.458847 -0.916638 -0.162495 -0.301741 -0.045922 2.848816 1.336705 -7.258218 4.470405 3.221296 -5.685227 2.848816 1.336705 1.570782 4.470405 3.221296 3.143773 0.000000 0.000000 -8.829000 0.000000 0.000000 -8.829000 0.000000 0.000000 0.000000 0.000000 0.000000 0.000000 0.000000 0.000000 0.000000 0.000000 0.000000 0.000000 0.000000 0.000000 0.000000 0.000000 0.000000 0.000000 0.000000 0.000000 0.000000 0.000000 0.000000 0.000000
11.996798 1.000000 0.510180 0.194756 -0.199573 -0.432319 -0.093693 0.020074 -0.098978 0.504764 -0.187709 0.218077 -0.436262 0.093465 0.021775 0.099421 0.440723 0.211858 0.194630 1.635432 0.454203 0.419154 0.089570 -0.227964 0.474273 0.628368 1.043776 -0.198718 0.462625 -0.051022 -0.735115 0.082576 0.396457 -0.323729 0.418374 -0.346445 0.090430 -1.410107 0.642466 0.455514 -0.920678 -0.162472 -0.303667 -0.046897 2.810716 1.339799 -7.275757 4.455789 3.195696 -5.662266 2.810716 1.339799 1.553243 4.455789 3.195696 3.166734 0.000000 0.000000 -8.829000 0.000000 0.000000 -8.829000 0.000000 0.000000 0.000000 0.000000 0.000000 0.000000 0.000000 0.000000 0.000000 0.000000 0.000000 0.000000 0.000000 0.000000 0.000000 0.000000 0.000000 0.000000 0.000000 0.000000 0.000000 0.000000 0.000000 0.000000
12.026912 1.000000 0.510180 0.194756 -0.199585 -0.432319 -0.093717 0.020074 -0.098966 0.504764 -0.187697 0.218053 -0.436262 0.093477 0.021775 0.099421 0.438909 0.207137 0.191918 1.632726 0.453959 0.419373 0.091305 -0.231069 0.470031 0.627660 1.040459 -0.198591 0.460732 -0.051259 -0.736927 0.077839 0.393735 -0.326437 0.418134 -0.346226 0.092155 -1.413221 0.638194 0.454803 -0.923996 -0.162345 -0.305560 -0.047131 2.814306 1.322602 -7.268231 4.458133 3.186937 -5.645817 2.814306 1.322602 1.560769 4.458133 3.186937 3.183183 0.000000 0.000000 -8.829000 0.000000 0.000000 -8.829000 0.000000 0.000000 0.000000 0.000000 0.000000 0.000000 0.000000 0.000000 0.000000 0.000000 0.000000 0.000000 0.000000 0.000000 0.000000 0.000000 0.000000 0.000000 0.000000 0.000000 0.000000 0.000000 0.000000 0.000000
12.058962 1.000000 0.510180 0.194768 -0.199633 -0.432319 -0.093729 0.020062 -0.098978 0.504776 -0.187709 0.218089 -0.436262 0.093477 0.021763 0.099409 0.429079 0.195497 0.190206 1.628164 0.453777 0.419208 0.088343 -0.226439 0.471965 0.639615 1.045276 -0.198774 0.462639 -0.048888 -0.746742 0.066124 0.391993 -0.331001 0.417947 -0.346391 0.089183 -1.408559 0.640172 0.466775 -0.919177 -0.162532 -0.303653 -0.044756 2.857239 1.291252 -7.259030 4.440301 3.232791 -5.669901 2.857239 1.291252 1.569970 4.440301 3.232791 3.159099 0.000000 0.000000 -8.829000 0.000000 0.000000 -8.829000 0.000000 0.000000 0.000000 0.000000 0.000000 0.000000 0.000000 0.000000 0.000000 0.000000 0.000000 0.000000 0.000000 0.000000 0.000000 0.000000 0.000000 0.000000 0.000000 0.000000 0.000000 0.000000 0.000000 0.000000
12.090015 1.000000 0.510180 0.194756 -0.199585 -0.432319 -0.093729 0.020062 -0.098966 0.504764 -0.187721 0.218077 -0.436262 0.093477 0.021775 0.099421 0.442792 0.192189 0.184832 1.634026 0.453947 0.421020 0.087771 -0.225073 0.466059 0.636647 1.044130 -0.198776 0.461979 -0.049499 -0.733044 0.062889 0.386648 -0.325138 0.418122 -0.344581 0.088617 -1.407212 0.634242 0.463773 -0.920321 -0.162531 -0.304312 -0.045374 2.802586 1.272240 -7.279871 4.427978 3.211300 -5.660832 2.802586 1.272240 1.549129 4.427978 3.211300 3.168168 0.000000 0.000000 -8.829000 0.000000 0.000000 -8.829000 0.000000 0.000000 0.000000 0.000000 0.000000 0.000000 0.000000 0.000000 0.000000 0.000000 0.000000 0.000000 0.000000 0.000000 0.000000 0.000000 0.000000 0.000000 0.000000 0.000000 0.000000 0.000000 0.000000 0.000000
12.122505 1.000000 0.510180 0.194756 -0.199585 -0.432331 -0.093753 0.020062 -0.098978 0.504788 -0.187721 0.218077 -0.436262 0.093465 0.021775 0.099421 0.441727 0.190002 0.182240 1.629884 0.453781 0.418638 0.089545 -0.215558 0.462574 0.635867 1.046054 -0.198820 0.462340 -0.050072 -0.734111 0.060696 0.384054 -0.329283 0.417951 -0.346963 0.090382 -1.397657 0.630751 0.463001 -0.918392 -0.162575 -0.303950 -0.045949 2.793889 1.260155 -7.260513 4.382948 3.198236 -5.662314 2.793889 1.260155 1.568487 4.382948 3.198236 3.166686 0.000000 0.000000 -8.829000 0.000000 0.000000 -8.829000 0.000000 0.000000 0.000000 0.000000 0.000000 0.000000 0.000000 0.000000 0.000000 0.000000 0.000000 0.000000 0.000000 0.000000 0.000000 0.000000 0.000000 0.000000 0.000000 0.000000 0.000000 0.000000 0.000000 0.000000
12.153507 1.000000 0.510157 0.194768 -0.199609 -0.432331 -0.093765 0.020062 -0.098978 0.504788 -0.187733 0.218077 -0.436250 0.093477 0.021775 0.099421 0.426956 0.188473 0.202374 1.625141 0.453680 0.416224 0.091453 -0.222988 0.456453 0.632292 1.043137 -0.198819 0.458854 -0.050602 -0.748915 0.059132 0.404190 -0.334032 0.417850 -0.349379 0.092287 -1.405081 0.624618 0.459405 -0.921302 -0.162574 -0.307435 -0.046478 2.871383 1.324531 -7.240773 4.408116 3.177805 -5.646675 2.871383 1.324531 1.588227 4.408116 3.177805 3.182325 0.000000 0.000000 -8.829000 0.000000 0.000000 -8.829000 0.000000 0.000000 0.000000 0.000000 0.000000 0.000000 0.000000 0.000000 0.000000 0.000000 0.000000 0.000000 0.000000 0.000000 0.000000 0.000000 0.000000 0.000000 0.000000 0.000000 0.000000 0.000000 0.000000 0.000000
12.186076 1.000000 0.510180 0.194756 -0.199573 -0.432331 -0.093765 0.020062 -0.098978 0.504776 -0.187745 0.218077 -0.436250 0.093477 0.021775 0.099409 0.429925 0.184873 0.190773 1.626430 0.453678 0.416464 0.088731 -0.221284 0.467028 0.633446 1.043809 -0.198801 0.459186 -0.050793 -0.745917 0.055587 0.392599 -0.332737 0.417848 -0.349138 0.089566 -1.403396 0.635182 0.460533 -0.920631 -0.162560 -0.307104 -0.046674 2.852272 1.277095 -7.249067 4.408059 3.198376 -5.651921 2.852272 1.277095 1.579933 4.408059 3.198376 3.177079 0.000000 0.000000 -8.829000 0.000000 0.000000 -8.829000 0.000000 0.000000 0.000000 0.000000 0.000000 0.000000 0.000000 0.000000 0.000000 0.000000 0.000000 0.000000 0.000000 0.000000 0.000000 0.000000 0.000000 0.000000 0.000000 0.000000 0.000000 0.000000 0.000000 0.000000
12.226108 1.000000 0.510180 0.194768 -0.199609 -0.432343 -0.093729 0.020050 -0.098990 0.504764 -0.187745 0.218077 -0.436274 0.093477 0.021775 0.099421 0.437071 0.186689 0.198859 1.626499 0.453790 0.415769 0.087687 -0.224474 0.459954 0.631557 1.042262 -0.198841 0.458573 -0.050839 -0.738762 0.057347 0.400666 -0.332671 0.417956 -0.349833 0.088532 -1.406611 0.628120 0.458645 -0.922187 -0.162596 -0.307719 -0.046721 2.819414 1.310824 -7.239911 4.416324 3.181417 -5.644015 2.819414 1.310824 1.589089 4.416324 3.181417 3.184985 0.000000 0.000000 -8.829000 0.000000 0.000000 -8.829000 0.000000 0.000000 0.000000 0.000000 0.000000 0.000000 0.000000 0.000000 0.000000 0.000000 0.000000 0.000000 0.000000 0.000000 0.000000 0.000000 0.000000 0.000000 0.000000 0.000000 0.000000 0.000000 0.000000 0.000000
12.260525 1.000000 0.510180 0.194744 -0.199597 -0.432343 -0.093765 0.020074 -0.098990 0.504764 -0.187745 0.218077 -0.436262 0.093477 0.021763 0.099421 0.437872 0.180240 0.198916 1.629325 0.453710 0.417643 0.088494 -0.230551 0.452243 0.623219 1.038386 -0.198862 0.454397 -0.055007 -0.737967 0.050898 0.400694 -0.329848 0.417876 -0.347959 0.089320 -1.412687 0.620406 0.450305 -0.926061 -0.162617 -0.311895 -0.050889 2.829677 1.301313 -7.256425 4.435178 3.138364 -5.620829 2.829677 1.301313 1.572575 4.435178 3.138364 3.208171 0.000000 0.000000 -8.829000 0.000000 0.000000 -8.829000 0.000000 0.000000 0.000000 0.000000 0.000000 0.000000 0.000000 0.000000 0.000000 0.000000 0.000000 0.000000 0.000000 0.000000 0.000000 0.000000 0.000000 0.000000 0.000000 0.000000 0.000000 0.000000 0.000000 0.000000
12.292305 1.000000 0.510168 0.194744 -0.199609 -0.432343 -0.093765 0.020050 -0.098978 0.504788 -0.187745 0.218089 -0.436262 0.093477 0.021763 0.099421 0.426346 0.186219 0.203348 1.623952 0.453509 0.414609 0.087846 -0.219900 0.457308 0.634929 1.044550 -0.198935 0.457885 -0.052367 -0.749514 0.056857 0.405120 -0.335227 0.417679 -0.350996 0.088672 -1.401991 0.625486 0.462034 -0.919892 -0.162689 -0.308406 -0.048244 2.870301 1.321753 -7.233370 4.394039 3.186066 -5.650010 2.870301 1.321753 1.595630 4.394039 3.186066 3.178990 0.000000 0.000000 -8.829000 0.000000 0.000000 -8.829000 0.000000 0.000000 0.000000 0.000000 0.000000 0.000000 0.000000 0.000000 0.000000 0.000000 0.000000 0.000000 0.000000 0.000000 0.000000 0.000000 0.000000 0.000000 0.000000 0.000000 0.000000 0.000000 0.000000 0.000000
12.326642 1.000000 0.510180 0.194756 -0.199609 -0.432343 -0.093777 0.020062 -0.098966 0.504764 -0.187769 0.218089 -0.436262 0.093489 0.021775 0.099421 0.439522 0.201531 0.209680 1.630886 0.453671 0.417365 0.089850 -0.226906 0.452521 0.632751 1.052539 -0.198946 0.454648 -0.052219 -0.736315 0.072185 0.411471 -0.328287 0.417845 -0.348238 0.090675 -1.409031 0.620684 0.459810 -0.911902 -0.162700 -0.311642 -0.048102 2.820362 1.375887 -7.252185 4.447414 3.173549 -5.681220 2.820362 1.375887 1.576815 4.447414 3.173549 3.147780 0.000000 0.000000 -8.829000 0.000000 0.000000 -8.829000 0.000000 0.000000 0.000000 0.000000 0.000000 0.000000 0.000000 0.000000 0.000000 0.000000 0.000000 0.000000 0.000000 0.000000 0.000000 0.000000 0.000000 0.000000 0.000000 0.000000 0.000000 0.000000 0.000000 0.000000
12.361854 1.000000 0.510180 0.194744 -0.199597 -0.432343 -0.093741 0.020062 -0.098978 0.504764 -0.187745 0.218077 -0.436262 0.093477 0.021763 0.099433 0.439257 0.221985 0.214281 1.631606 0.453685 0.417651 0.088942 -0.231975 0.468505 0.636574 1.048944 -0.198861 0.454420 -0.053466 -0.736584 0.092646 0.416062 -0.327569 0.417856 -0.347952 0.089778 -1.414109 0.636671 0.463663 -0.915502 -0.162612 -0.311871 -0.049348 2.814361 1.424856 -7.248726 4.471582 3.214652 -5.674056 2.814361 1.424856 1.580274 4.471582 3.214652 3.154944 0.000000 0.000000 -8.829000 0.000000 0.000000 -8.829000 0.000000 0.000000 0.000000 0.000000 0.000000 0.000000 0.000000 0.000000 0.000000 0.000000 0.000000 0.000000 0.000000 0.000000 0.000000 0.000000 0.000000 0.000000 0.000000 0.000000 0.000000 0.000000 0.000000 0.000000
12.388769 1.000000 0.510180 0.194744 -0.199609 -0.432343 -0.093765 0.020050 -0.098966 0.504788 -0.187769 0.218077 -0.436262 0.093477 0.021751 0.099421 0.423216 0.229035 0.214125 1.625611 0.453455 0.416605 0.088031 -0.227631 0.461958 0.631766 1.049568 -0.198882 0.453401 -0.054313 -0.752624 0.099679 0.415896 -0.333566 0.417629 -0.349000 0.088857 -1.409721 0.630096 0.458819 -0.914869 -0.162637 -0.312890 -0.050201 2.874508 1.428534 -7.230821 4.449428 3.184067 -5.669371 2.874508 1.428534 1.598179 4.449428 3.184067 3.159629 0.000000 0.000000 -8.829000 0.000000 0.000000 -8.829000 0.000000 0.000000 0.000000 0.000000 0.000000 0.000000 0.000000 0.000000 0.000000 0.000000 0.000000 0.000000 0.000000 0.000000 0.000000 0.000000 0.000000 0.000000 0.000000 0.000000 0.000000 0.000000 0.000000 0.000000
12.411571 1.000000 0.510168 0.194744 -0.199597 -0.432343 -0.093765 0.020050 -0.098978 0.504788 -0.187769 0.218089 -0.436262 0.093477 0.021763 0.099421 0.432904 0.216077 0.197666 1.629865 0.453447 0.418394 0.086667 -0.226735 0.467236 0.631864 1.050473 -0.199028 0.455084 -0.052602 -0.742959 0.086735 0.399449 -0.329314 0.417616 -0.347211 0.087495 -1.408821 0.635394 0.458930 -0.913964 -0.162783 -0.311206 -0.048487 2.833572 1.351982 -7.253778 4.452223 3.194105 -5.676673 2.833572 1.351982 1.575222 4.452223 3.194105 3.152327 0.000000 0.000000 -8.829000 0.000000 0.000000 -8.829000 0.000000 0.000000 0.000000 0.000000 0.000000 0.000000 0.000000 0.000000 0.000000 0.000000 0.000000 0.000000 0.000000 0.000000 0.000000 0.000000 0.000000 0.000000 0.000000 0.000000 0.000000 0.000000 0.000000 0.000000
12.439353 1.000000 0.510157 0.194744 -0.199609 -0.432343 -0.093741 0.020062 -0.099002 0.504764 -0.187781 0.218053 -0.436262 0.093465 0.021775 0.099409 0.418352 0.237910 0.210663 1.623721 0.453456 0.417245 0.087418 -0.229333 0.462915 0.628569 1.042039 -0.198834 0.452394 -0.053232 -0.757525 0.108539 0.412434 -0.335460 0.417618 -0.348358 0.088253 -1.411468 0.631004 0.455570 -0.922397 -0.162594 -0.313897 -0.049133 2.886851 1.428098 -7.225908 4.439143 3.175043 -5.636226 2.886851 1.428098 1.603092 4.439143 3.175043 3.192774 0.000000 0.000000 -8.829000 0.000000 0.000000 -8.829000 0.000000 0.000000 0.000000 0.000000 0.000000 0.000000 0.000000 0.000000 0.000000 0.000000 0.000000 0.000000 0.000000 0.000000 0.000000 0.000000 0.000000 0.000000 0.000000 0.000000 0.000000 0.000000 0.000000 0.000000
12.471530 1.000000 0.510180 0.194756 -0.199609 -0.432343 -0.093765 0.020050 -0.098978 0.504776 -0.187769 0.218053 -0.436262 0.093465 0.021763 0.099421 0.445612 0.237955 0.211006 1.632903 0.453511 0.418387 0.087195 -0.229136 0.463066 0.633057 1.045311 -0.198940 0.454593 -0.052096 -0.730225 0.108605 0.412795 -0.326270 0.417680 -0.347216 0.088024 -1.411253 0.631166 0.460084 -0.919125 -0.162695 -0.311698 -0.047993 2.772777 1.440537 -7.247466 4.445684 3.192430 -5.654799 2.772777 1.440537 1.581534 4.445684 3.192430 3.174201 0.000000 0.000000 -8.829000 0.000000 0.000000 -8.829000 0.000000 0.000000 0.000000 0.000000 0.000000 0.000000 0.000000 0.000000 0.000000 0.000000 0.000000 0.000000 0.000000 0.000000 0.000000 0.000000 0.000000 0.000000 0.000000 0.000000 0.000000 0.000000 0.000000 0.000000
12.504628 1.000000 0.510192 0.194744 -0.199585 -0.432343 -0.093777 0.020050 -0.098990 0.504788 -0.187769 0.218089 -0.436274 0.093465 0.021763 0.099421 0.428687 0.250884 0.213693 1.631122 0.453557 0.417432 0.088168 -0.222878 0.458804 0.633928 1.044966 -0.199009 0.453078 -0.053713 -0.747137 0.121563 0.415480 -0.328050 0.417722 -0.348171 0.088992 -1.404967 0.626964 0.460994 -0.919474 -0.162764 -0.313213 -0.049603 2.848337 1.465186 -7.245939 4.407480 3.184687 -5.645894 2.848337 1.465186 1.583061 4.407480 3.184687 3.183106 0.000000 0.000000 -8.829000 0.000000 0.000000 -8.829000 0.000000 0.000000 0.000000 0.000000 0.000000 0.000000 0.000000 0.000000 0.000000 0.000000 0.000000 0.000000 0.000000 0.000000 0.000000 0.000000 0.000000 0.000000 0.000000 0.000000 0.000000 0.000000 0.000000 0.000000
12.542221 1.000000 0.510180 0.194756 -0.199597 -0.432355 -0.093765 0.020062 -0.099002 0.504788 -0.187769 0.218053 -0.436250 0.093477 0.021775 0.099421 0.423155 0.234007 0.211324 1.627151 0.453397 0.415998 0.085999 -0.238642 0.458097 0.634895 1.049584 -0.199181 0.456228 -0.053201 -0.752685 0.104668 0.413119 -0.332023 0.417558 -0.349605 0.086829 -1.420734 0.626191 0.461924 -0.914846 -0.162937 -0.310060 -0.049092 2.872462 1.425595 -7.235697 4.503928 3.194823 -5.681502 2.872462 1.425595 1.593303 4.503928 3.194823 3.147498 0.000000 0.000000 -8.829000 0.000000 0.000000 -8.829000 0.000000 0.000000 0.000000 0.000000 0.000000 0.000000 0.000000 0.000000 0.000000 0.000000 0.000000 0.000000 0.000000 0.000000 0.000000 0.000000 0.000000 0.000000 0.000000 0.000000 0.000000 0.000000 0.000000 0.000000
12.574100 1.000000 0.510180 0.194756 -0.199585 -0.432355 -0.093753 0.020062 -0.098978 0.504812 -0.187781 0.218053 -0.436262 0.093477 0.021775 0.099421 0.426768 0.224597 0.203799 1.628815 0.453373 0.416525 0.086080 -0.224021 0.451233 0.630650 1.051592 -0.199190 0.457495 -0.053798 -0.749077 0.095285 0.405611 -0.330359 0.417543 -0.349079 0.086918 -1.406073 0.619315 0.457667 -0.912833 -0.162946 -0.308792 -0.049691 2.859247 1.385158 -7.246088 4.434402 3.161695 -5.679657 2.859247 1.385158 1.582912 4.434402 3.161695 3.149343 0.000000 0.000000 -8.829000 0.000000 0.000000 -8.829000 0.000000 0.000000 0.000000 0.000000 0.000000 0.000000 0.000000 0.000000 0.000000 0.000000 0.000000 0.000000 0.000000 0.000000 0.000000 0.000000 0.000000 0.000000 0.000000 0.000000 0.000000 0.000000 0.000000 0.000000
12.606495 1.000000 0.510180 0.194756 -0.199597 -0.432367 -0.093777 0.020050 -0.098990 0.504788 -0.187781 0.218077 -0.436262 0.093477 0.021763 0.099421 0.433464 0.213835 0.193809 1.629555 0.453317 0.416700 0.089255 -0.233143 0.452792 0.631946 1.045509 -0.199123 0.453713 -0.053038 -0.742381 0.084495 0.395605 -0.329624 0.417482 -0.348905 0.090082 -1.415230 0.620920 0.458980 -0.918924 -0.162878 -0.312576 -0.048929 2.827151 1.336713 -7.251199 4.460017 3.172862 -5.654122 2.827151 1.336713 1.577801 4.460017 3.172862 3.174878 0.000000 0.000000 -8.829000 0.000000 0.000000 -8.829000 0.000000 0.000000 0.000000 0.000000 0.000000 0.000000 0.000000 0.000000 0.000000 0.000000 0.000000 0.000000 0.000000 0.000000 0.000000 0.000000 0.000000 0.000000 0.000000 0.000000 0.000000 0.000000 0.000000 0.000000
12.647858 1.000000 0.510168 0.194744 -0.199621 -0.432355 -0.093765 0.020062 -0.098990 0.504788 -0.187781 0.218053 -0.436262 0.093489 0.021763 0.099421 0.429818 0.224131 0.204631 1.614911 0.453303 0.413083 0.094134 -0.237918 0.468130 0.646022 1.039077 -0.198947 0.452135 -0.052636 -0.746040 0.094743 0.406388 -0.344271 0.417469 -0.352521 0.094958 -1.420012 0.636218 0.473032 -0.925354 -0.162702 -0.314154 -0.048527 2.804693 1.392860 -7.179583 4.463626 3.249874 -5.635049 2.804693 1.392860 1.649417 4.463626 3.249874 3.193951 0.000000 0.000000 -8.829000 0.000000 0.000000 -8.829000 0.000000 0.000000 0.000000 0.000000 0.000000 0.000000 0.000000 0.000000 0.000000 0.000000 0.000000 0.000000 0.000000 0.000000 0.000000 0.000000 0.000000 0.000000 0.000000 0.000000 0.000000 0.000000 0.000000 0.000000
12.678900 1.000000 0.510168 0.194756 -0.199633 -0.432355 -0.093777 0.020050 -0.098978 0.504788 -0.187781 0.218065 -0.436274 0.093501 0.021751 0.099421 0.427056 0.237967 0.205361 1.615913 0.453234 0.413303 0.093636 -0.230371 0.464160 0.643798 1.044306 -0.199067 0.457857 -0.052649 -0.748797 0.108572 0.407128 -0.343270 0.417404 -0.352302 0.094458 -1.412466 0.632271 0.470820 -0.920130 -0.162822 -0.308435 -0.048534 2.813610 1.416591 -7.182047 4.444947 3.233231 -5.660135 2.813610 1.416591 1.646953 4.444947 3.233231 3.168865 0.000000 0.000000 -8.829000 0.000000 0.000000 -8.829000 0.000000 0.000000 0.000000 0.000000 0.000000 0.000000 0.000000 0.000000 0.000000 0.000000 0.000000 0.000000 0.000000 0.000000 0.000000 0.000000 0.000000 0.000000 0.000000 0.000000 0.000000 0.000000 0.000000 0.000000
12.716233 1.000000 0.510180 0.194756 -0.199621 -0.432367 -0.093777 0.020062 -0.098978 0.504788 -0.187793 0.218077 -0.436274 0.093489 0.021763 0.099433 0.432731 0.257830 0.220431 1.616003 0.453148 0.410356 0.094457 -0.223460 0.474790 0.644296 1.045306 -0.199099 0.458385 -0.051846 -0.743107 0.128454 0.422206 -0.343178 0.417318 -0.355249 0.095280 -1.405546 0.642914 0.471313 -0.919128 -0.162849 -0.307905 -0.047736 2.780346 1.505673 -7.163155 4.419305 3.249952 -5.663456 2.780346 1.505673 1.665845 4.419305 3.249952 3.165544 0.000000 0.000000 -8.829000 0.000000 0.000000 -8.829000 0.000000 0.000000 0.000000 0.000000 0.000000 0.000000 0.000000 0.000000 0.000000 0.000000 0.000000 0.000000 0.000000 0.000000 0.000000 0.000000 0.000000 0.000000 0.000000 0.000000 0.000000 0.000000 0.000000 0.000000
12.752337 1.000000 0.510168 0.194768 -0.199597 -0.432355 -0.093777 0.020050 -0.098978 0.504812 -0.187805 0.218077 -0.436274 0.093477 0.021763 0.099409 0.418453 0.248704 0.211163 1.618401 0.453174 0.411438 0.087824 -0.224111 0.462934 0.635827 1.043873 -0.199141 0.461521 -0.053168 -0.757408 0.119379 0.412985 -0.340776 0.417343 -0.354168 0.088656 -1.406156 0.631036 0.462827 -0.920552 -0.162901 -0.304768 -0.049065 2.858538 1.448248 -7.190140 4.421514 3.200152 -5.658135 2.858538 1.448248 1.638860 4.421514 3.200152 3.170865 0.000000 0.000000 -8.829000 0.000000 0.000000 -8.829000 0.000000 0.000000 0.000000 0.000000 0.000000 0.000000 0.000000 0.000000 0.000000 0.000000 0.000000 0.000000 0.000000 0.000000 0.000000 0.000000 0.000000 0.000000 0.000000 0.000000 0.000000 0.000000 0.000000 0.000000
12.802971 1.000000 0.510180 0.194768 -0.199585 -0.432355 -0.093777 0.020062 -0.098966 0.504812 -0.187805 0.218077 -0.436262 0.093477 0.021751 0.099421 0.418619 0.248490 0.216288 1.617994 0.453112 0.411622 0.090450 -0.225866 0.461632 0.656460 1.063031 -0.199378 0.466847 -0.051353 -0.757225 0.119191 0.418122 -0.341178 0.417286 -0.353982 0.091284 -1.407908 0.629735 0.483461 -0.901392 -0.163133 -0.299441 -0.047250 2.861610 1.467940 -7.187285 4.471380 3.275095 -5.754544 2.861610 1.467940 1.641715 4.471380 3.275095 3.074456 0.000000 0.000000 -8.829000 0.000000 0.000000 -8.829000 0.000000 0.000000 0.000000 0.000000 0.000000 0.000000 0.000000 0.000000 0.000000 0.000000 0.000000 0.000000 0.000000 0.000000 0.000000 0.000000 0.000000 0.000000 0.000000 0.000000 0.000000 0.000000 0.000000 0.000000
12.855344 1.000000 0.510180 0.194744 -0.199561 -0.432355 -0.093777 0.020074 -0.099002 0.504788 -0.187805 0.218077 -0.436262 0.093489 0.021763 0.099421 0.422951 0.261006 0.195828 1.621692 0.453061 0.409974 0.090217 -0.221758 0.457239 0.650697 1.059826 -0.199420 0.470713 -0.051314 -0.752900 0.131717 0.397639 -0.337482 0.417223 -0.355628 0.091045 -1.403840 0.625347 0.477691 -0.904602 -0.163175 -0.295576 -0.047207 2.824050 1.417498 -7.200253 4.447517 3.246009 -5.742038 2.824050 1.417498 1.628747 4.447517 3.246009 3.086962 0.000000 0.000000 -8.829000 0.000000 0.000000 -8.829000 0.000000 0.000000 0.000000 0.000000 0.000000 0.000000 0.000000 0.000000 0.000000 0.000000 0.000000 0.000000 0.000000 0.000000 0.000000 0.000000 0.000000 0.000000 0.000000 0.000000 0.000000 0.000000 0.000000 0.000000
12.895660 1.000000 0.510168 0.194744 -0.199621 -0.432367 -0.093789 0.020050 -0.098978 0.504800 -0.187805 0.218077 -0.436262 0.093489 0.021751 0.099421 0.423504 0.240300 0.198662 1.620885 0.452955 0.410111 0.091134 -0.241628 0.454637 0.646648 1.067796 -0.199357 0.471169 -0.051264 -0.752359 0.110911 0.400420 -0.338303 0.417124 -0.355496 0.091951 -1.423690 0.622742 0.473645 -0.896629 -0.163112 -0.295120 -0.047157 2.834699 1.394248 -7.201470 4.574444 3.236775 -5.788049 2.834699 1.394248 1.627530 4.574444 3.236775 3.040951 0.000000 0.000000 -8.829000 0.000000 0.000000 -8.829000 0.000000 0.000000 0.000000 0.000000 0.000000 0.000000 0.000000 0.000000 0.000000 0.000000 0.000000 0.000000 0.000000 0.000000 0.000000 0.000000 0.000000 0.000000 0.000000 0.000000 0.000000 0.000000 0.000000 0.000000
12.934073 1.000000 0.510180 0.194768 -0.199597 -0.432367 -0.093777 0.020062 -0.099002 0.504800 -0.187805 0.218053 -0.436262 0.093477 0.021751 0.099421 0.414669 0.225876 0.187364 1.622019 0.452935 0.413835 0.088689 -0.254605 0.468436 0.643197 1.061586 -0.199285 0.467968 -0.054162 -0.761172 0.096543 0.389178 -0.337156 0.417096 -0.351769 0.089519 -1.436674 0.636502 0.470170 -0.902838 -0.163040 -0.298322 -0.050064 2.887320 1.325492 -7.226282 4.633938 3.250189 -5.767825 2.887320 1.325492 1.602718 4.633938 3.250189 3.061175 0.000000 0.000000 -8.829000 0.000000 0.000000 -8.829000 0.000000 0.000000 0.000000 0.000000 0.000000 0.000000 0.000000 0.000000 0.000000 0.000000 0.000000 0.000000 0.000000 0.000000 0.000000 0.000000 0.000000 0.000000 0.000000 0.000000 0.000000 0.000000 0.000000 0.000000
12.966526 1.000000 0.510192 0.194744 -0.199609 -0.432367 -0.093777 0.020050 -0.098990 0.504800 -0.187817 0.218053 -0.436250 0.093477 0.021751 0.099421 0.408675 0.232882 0.186582 1.617489 0.452865 0.411500 0.088208 -0.246630 0.473790 0.650258 1.053162 -0.199183 0.463943 -0.053886 -0.767148 0.103515 0.388343 -0.341692 0.417030 -0.354105 0.089029 -1.428694 0.641843 0.477211 -0.911256 -0.162939 -0.302345 -0.049791 2.897789 1.331220 -7.205608 4.562292 3.279646 -5.723386 2.897789 1.331220 1.623392 4.562292 3.279646 3.105614 0.000000 0.000000 -8.829000 0.000000 0.000000 -8.829000 0.000000 0.000000 0.000000 0.000000 0.000000 0.000000 0.000000 0.000000 0.000000 0.000000 0.000000 0.000000 0.000000 0.000000 0.000000 0.000000 0.000000 0.000000 0.000000 0.000000 0.000000 0.000000 0.000000 0.000000
12.999175 1.000000 0.510180 0.194744 -0.199609 -0.432379 -0.093789 0.020026 -0.098990 0.504812 -0.187829 0.218077 -0.436274 0.093477 0.021751 0.099421 0.422185 0.249446 0.198812 1.625303 0.453023 0.414635 0.091429 -0.237585 0.463691 0.645334 1.059397 -0.199477 0.466094 -0.053799 -0.753664 0.120073 0.400576 -0.333885 0.417188 -0.350974 0.092247 -1.419625 0.631776 0.472296 -0.905023 -0.163232 -0.300195 -0.049703 2.853325 1.409192 -7.226292 4.532553 3.242279 -5.743480 2.853325 1.409192 1.602708 4.532553 3.242279 3.085520 0.000000 0.000000 -8.829000 0.000000 0.000000 -8.829000 0.000000 0.000000 0.000000 0.000000 0.000000 0.000000 0.000000 0.000000 0.000000 0.000000 0.000000 0.000000 0.000000 0.000000 0.000000 0.000000 0.000000 0.000000 0.000000 0.000000 0.000000 0.000000 0.000000 0.000000
13.031589 1.000000 0.510180 0.194744 -0.199609 -0.432379 -0.093777 0.020062 -0.098990 0.504812 -0.187817 0.218077 -0.436262 0.093477 0.021751 0.099421 0.418097 0.233629 0.201044 1.624530 0.452853 0.412562 0.089990 -0.235603 0.463962 0.645441 1.054946 -0.199379 0.464149 -0.053025 -0.757749 0.104257 0.402807 -0.334655 0.417018 -0.353044 0.090812 -1.417642 0.632055 0.472422 -0.909475 -0.163134 -0.302139 -0.048925 2.881126 1.389056 -7.225929 4.507436 3.242221 -5.720059 2.881126 1.389056 1.603071 4.507436 3.242221 3.108941 0.000000 0.000000 -8.829000 0.000000 0.000000 -8.829000 0.000000 0.000000 0.000000 0.000000 0.000000 0.000000 0.000000 0.000000 0.000000 0.000000 0.000000 0.000000 0.000000 0.000000 0.000000 0.000000 0.000000 0.000000 0.000000 0.000000 0.000000 0.000000 0.000000 0.000000
13.072366 1.000000 0.510180 0.194732 -0.199621 -0.432379 -0.093777 0.020062 -0.099002 0.504800 -0.187817 0.218077 -0.436262 0.093477 0.021751 0.099421 0.407602 0.232222 0.198907 1.618433 0.452835 0.410538 0.089073 -0.227002 0.461875 0.645192 1.058585 -0.199531 0.465476 -0.049704 -0.768242 0.102816 0.400636 -0.340756 0.416995 -0.355067 0.089888 -1.409061 0.629970 0.472169 -0.905838 -0.163287 -0.300813 -0.045606 2.915073 1.374121 -7.205023 4.472357 3.236499 -5.731018 2.915073 1.374121 1.623977 4.472357 3.236499 3.097982 0.000000 0.000000 -8.829000 0.000000 0.000000 -8.829000 0.000000 0.000000 0.000000 0.000000 0.000000 0.000000 0.000000 0.000000 0.000000 0.000000 0.000000 0.000000 0.000000 0.000000 0.000000 0.000000 0.000000 0.000000 0.000000 0.000000 0.000000 0.000000 0.000000 0.000000
13.115447 1.000000 0.510180 0.194744 -0.199585 -0.432379 -0.093777 0.020050 -0.098990 0.504788 -0.187829 0.218077 -0.436274 0.093489 0.021751 0.099409 0.391615 0.218331 0.190679 1.616822 0.452625 0.409958 0.088002 -0.237648 0.459122 0.640582 1.049265 -0.199352 0.461378 -0.050476 -0.784238 0.088998 0.392467 -0.342363 0.416790 -0.355649 0.088828 -1.419729 0.627209 0.467534 -0.915162 -0.163112 -0.304913 -0.046378 2.994665 1.315567 -7.214771 4.498933 3.218898 -5.689788 2.994665 1.315567 1.614229 4.498933 3.218898 3.139212 0.000000 0.000000 -8.829000 0.000000 0.000000 -8.829000 0.000000 0.000000 0.000000 0.000000 0.000000 0.000000 0.000000 0.000000 0.000000 0.000000 0.000000 0.000000 0.000000 0.000000 0.000000 0.000000 0.000000 0.000000 0.000000 0.000000 0.000000 0.000000 0.000000 0.000000
13.151331 1.000000 0.510180 0.194732 -0.199585 -0.432379 -0.093801 0.020050 -0.099002 0.504800 -0.187817 0.218053 -0.436274 0.093489 0.021775 0.099385 0.415207 0.213381 0.196789 1.625250 0.452764 0.413977 0.092017 -0.224497 0.453504 0.633534 1.065895 -0.199500 0.463298 -0.052400 -0.760648 0.084035 0.398554 -0.333937 0.416924 -0.351630 0.092831 -1.406568 0.621551 0.460482 -0.898529 -0.163268 -0.302992 -0.048302 2.909918 1.341129 -7.240531 4.482263 3.178172 -5.751575 2.909918 1.341129 1.588469 4.482263 3.178172 3.077425 0.000000 0.000000 -8.829000 0.000000 0.000000 -8.829000 0.000000 0.000000 0.000000 0.000000 0.000000 0.000000 0.000000 0.000000 0.000000 0.000000 0.000000 0.000000 0.000000 0.000000 0.000000 0.000000 0.000000 0.000000 0.000000 0.000000 0.000000 0.000000 0.000000 0.000000
13.182280 1.000000 0.510192 0.194756 -0.199585 -0.432379 -0.093777 0.020050 -0.098990 0.504812 -0.187841 0.218077 -0.436262 0.093489 0.021751 0.099421 0.420961 0.207207 0.202848 1.627189 0.452788 0.414827 0.091420 -0.233566 0.464379 0.639302 1.054878 -0.199409 0.459346 -0.047998 -0.754870 0.077887 0.404653 -0.331990 0.416953 -0.350779 0.092249 -1.415600 0.632452 0.466243 -0.909537 -0.163165 -0.306942 -0.043901 2.894749 1.354694 -7.245850 4.494916 3.222522 -5.708332 2.894749 1.354694 1.583150 4.494916 3.222522 3.120668 0.000000 0.000000 -8.829000 0.000000 0.000000 -8.829000 0.000000 0.000000 0.000000 0.000000 0.000000 0.000000 0.000000 0.000000 0.000000 0.000000 0.000000 0.000000 0.000000 0.000000 0.000000 0.000000 0.000000 0.000000 0.000000 0.000000 0.000000 0.000000 0.000000 0.000000
13.216217 1.000000 0.510204 0.194744 -0.199597 -0.432379 -0.093789 0.020050 -0.098990 0.504812 -0.187841 0.218065 -0.436286 0.093501 0.021763 0.099421 0.417217 0.219104 0.212078 1.625139 0.452789 0.414041 0.093122 -0.226464 0.472675 0.637401 1.059070 -0.199587 0.461558 -0.048972 -0.758591 0.089757 0.413847 -0.334040 0.416954 -0.351564 0.093939 -1.408506 0.640734 0.464332 -0.905350 -0.163343 -0.304730 -0.044873 2.907521 1.406315 -7.232426 4.480208 3.225958 -5.726661 2.907521 1.406315 1.596574 4.480208 3.225958 3.102339 0.000000 0.000000 -8.829000 0.000000 0.000000 -8.829000 0.000000 0.000000 0.000000 0.000000 0.000000 0.000000 0.000000 0.000000 0.000000 0.000000 0.000000 0.000000 0.000000 0.000000 0.000000 0.000000 0.000000 0.000000 0.000000 0.000000 0.000000 0.000000 0.000000 0.000000
13.252835 1.000000 0.510180 0.194744 -0.199597 -0.432379 -0.093801 0.020050 -0.098990 0.504800 -0.187841 0.218077 -0.436274 0.093489 0.021751 0.099421 0.420379 0.207320 0.208417 1.624775 0.452799 0.411834 0.090026 -0.244372 0.464540 0.633763 1.049826 -0.199401 0.457961 -0.049457 -0.755472 0.077968 0.410192 -0.334410 0.416964 -0.353773 0.090842 -1.426429 0.632619 0.460701 -0.914595 -0.163157 -0.308329 -0.045362 2.891449 1.373579 -7.228966 4.540371 3.206649 -5.690379 2.891449 1.373579 1.600034 4.540371 3.206649 3.138621 0.000000 0.000000 -8.829000 0.000000 0.000000 -8.829000 0.000000 0.000000 0.000000 0.000000 0.000000 0.000000 0.000000 0.000000 0.000000 0.000000 0.000000 0.000000 0.000000 0.000000 0.000000 0.000000 0.000000 0.000000 0.000000 0.000000 0.000000 0.000000 0.000000 0.000000
13.286138 1.000000 0.510192 0.194744 -0.199609 -0.432379 -0.093789 0.020062 -0.098990 0.504800 -0.187829 0.218077 -0.436250 0.093489 0.021763 0.099421 0.426859 0.204146 0.210890 1.624683 0.452835 0.412524 0.088638 -0.232736 0.463677 0.638501 1.058577 -0.199767 0.460014 -0.048666 -0.748966 0.074776 0.412650 -0.334500 0.417000 -0.353081 0.089454 -1.414789 0.631759 0.465457 -0.905839 -0.163523 -0.306273 -0.044566 2.861837 1.378713 -7.225191 4.502167 3.217969 -5.724254 2.861837 1.378713 1.603809 4.502167 3.217969 3.104746 0.000000 0.000000 -8.829000 0.000000 0.000000 -8.829000 0.000000 0.000000 0.000000 0.000000 0.000000 0.000000 0.000000 0.000000 0.000000 0.000000 0.000000 0.000000 0.000000 0.000000 0.000000 0.000000 0.000000 0.000000 0.000000 0.000000 0.000000 0.000000 0.000000 0.000000
13.320161 1.000000 0.510192 0.194744 -0.199585 -0.432379 -0.093777 0.020050 -0.098990 0.504800 -0.187865 0.218053 -0.436274 0.093489 0.021751 0.099409 0.425792 0.220653 0.199242 1.625302 0.452828 0.415452 0.089046 -0.227353 0.467866 0.628985 1.053712 -0.199568 0.461556 -0.051388 -0.750040 0.091323 0.401026 -0.333880 0.416994 -0.350154 0.089871 -1.409413 0.635881 0.455857 -0.910702 -0.163328 -0.304734 -0.047304 2.853257 1.363855 -7.232740 4.474471 3.186575 -5.701394 2.853257 1.363855 1.596260 4.474471 3.186575 3.127606 0.000000 0.000000 -8.829000 0.000000 0.000000 -8.829000 0.000000 0.000000 0.000000 0.000000 0.000000 0.000000 0.000000 0.000000 0.000000 0.000000 0.000000 0.000000 0.000000 0.000000 0.000000 0.000000 0.000000 0.000000 0.000000 0.000000 0.000000 0.000000 0.000000 0.000000
13.354853 1.000000 0.510192 0.194756 -0.199621 -0.432391 -0.093789 0.020062 -0.099002 0.504800 -0.187865 0.218065 -0.436262 0.093489 0.021751 0.099421 0.411149 0.211247 0.206275 1.617716 0.452592 0.412168 0.088601 -0.231782 0.467523 0.632717 1.060900 -0.199519 0.460079 -0.050416 -0.764672 0.081861 0.408040 -0.341468 0.416752 -0.353437 0.089419 -1.413834 0.635559 0.459603 -0.903512 -0.163275 -0.306208 -0.046330 2.915229 1.367197 -7.205563 4.511983 3.202086 -5.733154 2.915229 1.367197 1.623437 4.511983 3.202086 3.095846 0.000000 0.000000 -8.829000 0.000000 0.000000 -8.829000 0.000000 0.000000 0.000000 0.000000 0.000000 0.000000 0.000000 0.000000 0.000000 0.000000 0.000000 0.000000 0.000000 0.000000 0.000000 0.000000 0.000000 0.000000 0.000000 0.000000 0.000000 0.000000 0.000000 0.000000
13.394450 1.000000 0.510180 0.194756 -0.199585 -0.432391 -0.093789 0.020050 -0.098990 0.504800 -0.187865 0.218077 -0.436250 0.093489 0.021739 0.099433 0.426044 0.202629 0.203771 1.623814 0.452658 0.414693 0.086260 -0.226221 0.481016 0.636401 1.061835 -0.199640 0.461059 -0.050039 -0.749809 0.073304 0.405577 -0.335371 0.416823 -0.350914 0.087086 -1.408267 0.649073 0.463299 -0.902575 -0.163392 -0.305228 -0.045950 2.860955 1.348987 -7.228115 4.493091 3.235274 -5.739452 2.860955 1.348987 1.600885 4.493091 3.235274 3.089548 0.000000 0.000000 -8.829000 0.000000 0.000000 -8.829000 0.000000 0.000000 0.000000 0.000000 0.000000 0.000000 0.000000 0.000000 0.000000 0.000000 0.000000 0.000000 0.000000 0.000000 0.000000 0.000000 0.000000 0.000000 0.000000 0.000000 0.000000 0.000000 0.000000 0.000000
13.435182 1.000000 0.510192 0.194756 -0.199609 -0.432379 -0.093789 0.020050 -0.099002 0.504800 -0.187853 0.218053 -0.436274 0.093501 0.021751 0.099421 0.426742 0.211954 0.211857 1.624337 0.452647 0.412177 0.089186 -0.234276 0.487796 0.633521 1.051017 -0.199457 0.457568 -0.053195 -0.749081 0.082591 0.413634 -0.334843 0.416808 -0.353429 0.090006 -1.416337 0.655824 0.460415 -0.913400 -0.163213 -0.308721 -0.049103 2.857051 1.395212 -7.220760 4.508735 3.236671 -5.694213 2.857051 1.395212 1.608240 4.508735 3.236671 3.134787 0.000000 0.000000 -8.829000 0.000000 0.000000 -8.829000 0.000000 0.000000 0.000000 0.000000 0.000000 0.000000 0.000000 0.000000 0.000000 0.000000 0.000000 0.000000 0.000000 0.000000 0.000000 0.000000 0.000000 0.000000 0.000000 0.000000 0.000000 0.000000 0.000000 0.000000
13.472229 1.000000 0.510180 0.194744 -0.199597 -0.432379 -0.093789 0.020062 -0.098990 0.504800 -0.187865 0.218053 -0.436274 0.093501 0.021751 0.099421 0.426694 0.198486 0.194480 1.624289 0.452691 0.413042 0.086380 -0.230979 0.493838 0.635219 1.049446 -0.199368 0.457452 -0.052319 -0.749155 0.069133 0.396256 -0.334896 0.416856 -0.352564 0.087199 -1.413037 0.661857 0.462093 -0.914968 -0.163124 -0.308837 -0.048231 2.852578 1.309613 -7.231083 4.489652 3.251562 -5.687108 2.852578 1.309613 1.597917 4.489652 3.251562 3.141892 0.000000 0.000000 -8.829000 0.000000 0.000000 -8.829000 0.000000 0.000000 0.000000 0.000000 0.000000 0.000000 0.000000 0.000000 0.000000 0.000000 0.000000 0.000000 0.000000 0.000000 0.000000 0.000000 0.000000 0.000000 0.000000 0.000000 0.000000 0.000000 0.000000 0.000000
13.510169 1.000000 0.510192 0.194768 -0.199609 -0.432379 -0.093789 0.020050 -0.098978 0.504800 -0.187877 0.218053 -0.436262 0.093489 0.021751 0.099421 0.438058 0.200562 0.205920 1.626160 0.452607 0.413810 0.084746 -0.227599 0.479711 0.642033 1.054455 -0.199640 0.457196 -0.053055 -0.737764 0.071215 0.407723 -0.333018 0.416777 -0.351795 0.085570 -1.409653 0.647716 0.468886 -0.909953 -0.163396 -0.309092 -0.048974 2.806684 1.357190 -7.227905 4.470679 3.250816 -5.704120 2.806684 1.357190 1.601095 4.470679 3.250816 3.124880 0.000000 0.000000 -8.829000 0.000000 0.000000 -8.829000 0.000000 0.000000 0.000000 0.000000 0.000000 0.000000 0.000000 0.000000 0.000000 0.000000 0.000000 0.000000 0.000000 0.000000 0.000000 0.000000 0.000000 0.000000 0.000000 0.000000 0.000000 0.000000 0.000000 0.000000
13.541608 1.000000 0.510204 0.194756 -0.199597 -0.432379 -0.093777 0.020050 -0.098990 0.504824 -0.187877 0.218053 -0.436274 0.093489 0.021763 0.099409 0.431117 0.221965 0.214934 1.622883 0.452600 0.412603 0.085499 -0.216824 0.490895 0.644779 1.057946 -0.199758 0.464808 -0.052557 -0.744690 0.092627 0.416723 -0.336293 0.416765 -0.353001 0.086325 -1.398840 0.658895 0.471638 -0.906459 -0.163519 -0.301478 -0.048474 2.825624 1.421752 -7.208151 4.438683 3.275607 -5.728176 2.825624 1.421752 1.620849 4.438683 3.275607 3.100824 0.000000 0.000000 -8.829000 0.000000 0.000000 -8.829000 0.000000 0.000000 0.000000 0.000000 0.000000 0.000000 0.000000 0.000000 0.000000 0.000000 0.000000 0.000000 0.000000 0.000000 0.000000 0.000000 0.000000 0.000000 0.000000 0.000000 0.000000 0.000000 0.000000 0.000000
13.570871 1.000000 0.510180 0.194756 -0.199585 -0.432379 -0.093777 0.020050 -0.099002 0.504788 -0.187901 0.218077 -0.436262 0.093489 0.021751 0.099421 0.419035 0.217447 0.197954 1.624055 0.452567 0.413763 0.085118 -0.224242 0.492731 0.642921 1.051064 -0.199680 0.461437 -0.051850 -0.756815 0.088121 0.399760 -0.335127 0.416728 -0.351843 0.085947 -1.406303 0.660759 0.469755 -0.913343 -0.163437 -0.304851 -0.047773 2.882560 1.349020 -7.230233 4.456646 3.275158 -5.698143 2.882560 1.349020 1.598767 4.456646 3.275158 3.130857 0.000000 0.000000 -8.829000 0.000000 0.000000 -8.829000 0.000000 0.000000 0.000000 0.000000 0.000000 0.000000 0.000000 0.000000 0.000000 0.000000 0.000000 0.000000 0.000000 0.000000 0.000000 0.000000 0.000000 0.000000 0.000000 0.000000 0.000000 0.000000 0.000000 0.000000
13.596042 1.000000 0.510180 0.194756 -0.199609 -0.432379 -0.093801 0.020050 -0.099002 0.504800 -0.187901 0.218053 -0.436262 0.093477 0.021751 0.099409 0.428057 0.225661 0.203354 1.626851 0.452624 0.416539 0.084984 -0.225234 0.483653 0.638802 1.050855 -0.199681 0.461166 -0.053868 -0.747786 0.096295 0.405135 -0.332333 0.416784 -0.349067 0.085800 -1.407283 0.651635 0.465613 -0.913548 -0.163442 -0.305122 -0.049799 2.845757 1.384760 -7.236490 4.458711 3.244542 -5.694320 2.845757 1.384760 1.592510 4.458711 3.244542 3.134680 0.000000 0.000000 -8.829000 0.000000 0.000000 -8.829000 0.000000 0.000000 0.000000 0.000000 0.000000 0.000000 0.000000 0.000000 0.000000 0.000000 0.000000 0.000000 0.000000 0.000000 0.000000 0.000000 0.000000 0.000000 0.000000 0.000000 0.000000 0.000000 0.000000 0.000000
13.626812 1.000000 0.510168 0.194756 -0.199597 -0.432379 -0.093789 0.020062 -0.099002 0.504800 -0.187901 0.218053 -0.436274 0.093489 0.021751 0.099421 0.416046 0.222994 0.190459 1.621699 0.452523 0.414656 0.085087 -0.221674 0.480947 0.639828 1.047599 -0.199641 0.459657 -0.053031 -0.759820 0.093645 0.392255 -0.337486 0.416684 -0.350950 0.085910 -1.403725 0.648935 0.466642 -0.916807 -0.163398 -0.306631 -0.048958 2.883335 1.329849 -7.224734 4.426503 3.242370 -5.675064 2.883335 1.329849 1.604266 4.426503 3.242370 3.153936 0.000000 0.000000 -8.829000 0.000000 0.000000 -8.829000 0.000000 0.000000 0.000000 0.000000 0.000000 0.000000 0.000000 0.000000 0.000000 0.000000 0.000000 0.000000 0.000000 0.000000 0.000000 0.000000 0.000000 0.000000 0.000000 0.000000 0.000000 0.000000 0.000000 0.000000
13.654236 1.000000 0.510204 0.194768 -0.199633 -0.432391 -0.093789 0.020062 -0.098990 0.504812 -0.187901 0.218077 -0.436274 0.093489 0.021739 0.099433 0.431183 0.230065 0.204224 1.625826 0.452550 0.417784 0.089351 -0.221744 0.475953 0.639728 1.052799 -0.199811 0.466337 -0.052608 -0.744613 0.100674 0.405996 -0.333353 0.416715 -0.347820 0.090169 -1.403768 0.643983 0.466572 -0.911607 -0.163563 -0.299951 -0.048529 2.827340 1.398782 -7.230984 4.445462 3.235551 -5.707124 2.827340 1.398782 1.598016 4.445462 3.235551 3.121876 0.000000 0.000000 -8.829000 0.000000 0.000000 -8.829000 0.000000 0.000000 0.000000 0.000000 0.000000 0.000000 0.000000 0.000000 0.000000 0.000000 0.000000 0.000000 0.000000 0.000000 0.000000 0.000000 0.000000 0.000000 0.000000 0.000000 0.000000 0.000000 0.000000 0.000000
13.675934 1.000000 0.510180 0.194768 -0.199585 -0.432379 -0.093789 0.020050 -0.098990 0.504800 -0.187901 0.218077 -0.436286 0.093489 0.021751 0.099433 0.420462 0.217725 0.192043 1.621779 0.452432 0.415832 0.086756 -0.223915 0.474127 0.638391 1.044182 -0.199612 0.462073 -0.052327 -0.755386 0.088412 0.393870 -0.337400 0.416597 -0.349775 0.087585 -1.405961 0.642162 0.465233 -0.920228 -0.163365 -0.304216 -0.048249 2.867087 1.329752 -7.225016 4.427548 3.227993 -5.663945 2.867087 1.329752 1.603984 4.427548 3.227993 3.165055 0.000000 0.000000 -8.829000 0.000000 0.000000 -8.829000 0.000000 0.000000 0.000000 0.000000 0.000000 0.000000 0.000000 0.000000 0.000000 0.000000 0.000000 0.000000 0.000000 0.000000 0.000000 0.000000 0.000000 0.000000 0.000000 0.000000 0.000000 0.000000 0.000000 0.000000
13.701115 1.000000 0.510192 0.194756 -0.199597 -0.432379 -0.093801 0.020050 -0.099002 0.504800 -0.187925 0.218053 -0.436262 0.093501 0.021751 0.099421 0.421082 0.213964 0.194172 1.622364 0.452508 0.416075 0.088838 -0.221191 0.477905 0.635080 1.046837 -0.199674 0.462618 -0.053065 -0.754744 0.084620 0.395962 -0.336816 0.416669 -0.349531 0.089655 -1.403234 0.645871 0.461854 -0.917561 -0.163432 -0.303669 -0.048994 2.870403 1.332655 -7.228086 4.427158 3.220571 -5.674629 2.870403 1.332655 1.600914 4.427158 3.220571 3.154371 0.000000 0.000000 -8.829000 0.000000 0.000000 -8.829000 0.000000 0.000000 0.000000 0.000000 0.000000 0.000000 0.000000 0.000000 0.000000 0.000000 0.000000 0.000000 0.000000 0.000000 0.000000 0.000000 0.000000 0.000000 0.000000 0.000000 0.000000 0.000000 0.000000 0.000000
13.731312 1.000000 0.510180 0.194732 -0.199609 -0.432379 -0.093789 0.020062 -0.098990 0.504812 -0.187925 0.218077 -0.436262 0.093477 0.021751 0.099421 0.424125 0.219445 0.200419 1.624691 0.452468 0.416900 0.088423 -0.217010 0.483078 0.636604 1.060832 -0.199840 0.463921 -0.052375 -0.751723 0.090063 0.402163 -0.334497 0.416633 -0.348707 0.089237 -1.399025 0.651081 0.463405 -0.903564 -0.163598 -0.302365 -0.048308 2.863345 1.364590 -7.233690 4.448126 3.233920 -5.734973 2.863345 1.364590 1.595310 4.448126 3.233920 3.094027 0.000000 0.000000 -8.829000 0.000000 0.000000 -8.829000 0.000000 0.000000 0.000000 0.000000 0.000000 0.000000 0.000000 0.000000 0.000000 0.000000 0.000000 0.000000 0.000000 0.000000 0.000000 0.000000 0.000000 0.000000 0.000000 0.000000 0.000000 0.000000 0.000000 0.000000
13.766993 1.000000 0.510180 0.194756 -0.199585 -0.432379 -0.093801 0.020050 -0.098990 0.504812 -0.187925 0.218053 -0.436274 0.093501 0.021763 0.099421 0.429151 0.208858 0.204968 1.624626 0.452367 0.414072 0.087976 -0.224805 0.476488 0.634506 1.066393 -0.199722 0.461633 -0.050020 -0.746700 0.079535 0.406775 -0.334555 0.416532 -0.351535 0.088797 -1.406830 0.644454 0.461284 -0.898004 -0.163479 -0.304653 -0.045948 2.843965 1.365814 -7.226382 4.497698 3.220452 -5.757345 2.843965 1.365814 1.602618 4.497698 3.220452 3.071655 0.000000 0.000000 -8.829000 0.000000 0.000000 -8.829000 0.000000 0.000000 0.000000 0.000000 0.000000 0.000000 0.000000 0.000000 0.000000 0.000000 0.000000 0.000000 0.000000 0.000000 0.000000 0.000000 0.000000 0.000000 0.000000 0.000000 0.000000 0.000000 0.000000 0.000000
13.801840 1.000000 0.510180 0.194756 -0.199609 -0.432391 -0.093801 0.020062 -0.098990 0.504800 -0.187913 0.218053 -0.436274 0.093489 0.021775 0.099421 0.437473 0.207698 0.209628 1.628820 0.452554 0.416394 0.087233 -0.226422 0.476251 0.637041 1.062497 -0.199690 0.458523 -0.049720 -0.738373 0.078332 0.411410 -0.330366 0.416719 -0.349213 0.088050 -1.408469 0.644229 0.463836 -0.901904 -0.163447 -0.307763 -0.045649 2.819314 1.383159 -7.241051 4.489256 3.229418 -5.737209 2.819314 1.383159 1.587949 4.489256 3.229418 3.091791 0.000000 0.000000 -8.829000 0.000000 0.000000 -8.829000 0.000000 0.000000 0.000000 0.000000 0.000000 0.000000 0.000000 0.000000 0.000000 0.000000 0.000000 0.000000 0.000000 0.000000 0.000000 0.000000 0.000000 0.000000 0.000000 0.000000 0.000000 0.000000 0.000000 0.000000
13.841581 1.000000 0.510204 0.194768 -0.199609 -0.432391 -0.093801 0.020074 -0.099002 0.504812 -0.187925 0.218053 -0.436274 0.093489 0.021775 0.099421 0.421188 0.195892 0.195117 1.617715 0.452276 0.411816 0.087643 -0.219820 0.466391 0.633615 1.064631 -0.199839 0.460777 -0.050457 -0.754613 0.066538 0.396910 -0.341461 0.416437 -0.353786 0.088460 -1.401843 0.634356 0.460393 -0.899765 -0.163596 -0.305508 -0.046389 2.863725 1.306046 -7.205591 4.459962 3.197988 -5.742420 2.863725 1.306046 1.623409 4.459962 3.197988 3.086580 0.000000 0.000000 -8.829000 0.000000 0.000000 -8.829000 0.000000 0.000000 0.000000 0.000000 0.000000 0.000000 0.000000 0.000000 0.000000 0.000000 0.000000 0.000000 0.000000 0.000000 0.000000 0.000000 0.000000 0.000000 0.000000 0.000000 0.000000 0.000000 0.000000 0.000000
13.893039 1.000000 0.510180 0.194756 -0.199597 -0.432379 -0.093801 0.020050 -0.099002 0.504800 -0.187937 0.218053 -0.436262 0.093501 0.021751 0.099433 0.427951 0.192340 0.201328 1.622510 0.452382 0.420623 0.086139 -0.219978 0.462739 0.633501 1.059542 -0.199979 0.459576 -0.050421 -0.747896 0.062994 0.403121 -0.336673 0.416542 -0.344984 0.086957 -1.402017 0.630699 0.460257 -0.904852 -0.163732 -0.306710 -0.046354 2.858826 1.323395 -7.234974 4.442814 3.191303 -5.718015 2.858826 1.323395 1.594026 4.442814 3.191303 3.110985 0.000000 0.000000 -8.829000 0.000000 0.000000 -8.829000 0.000000 0.000000 0.000000 0.000000 0.000000 0.000000 0.000000 0.000000 0.000000 0.000000 0.000000 0.000000 0.000000 0.000000 0.000000 0.000000 0.000000 0.000000 0.000000 0.000000 0.000000 0.000000 0.000000 0.000000
13.933771 1.000000 0.510192 0.194756 -0.199621 -0.432379 -0.093801 0.020050 -0.098990 0.504800 -0.187937 0.218053 -0.436262 0.093501 0.021751 0.099421 0.434456 0.192152 0.212644 1.627010 0.452442 0.420998 0.087686 -0.221825 0.468586 0.628479 1.054981 -0.199756 0.458393 -0.051557 -0.741364 0.062771 0.414412 -0.332171 0.416607 -0.344608 0.088500 -1.403865 0.636542 0.455233 -0.909414 -0.163513 -0.307893 -0.047490 2.847296 1.367006 -7.246750 4.446886 3.182711 -5.698134 2.847296 1.367006 1.582250 4.446886 3.182711 3.130866 0.000000 0.000000 -8.829000 0.000000 0.000000 -8.829000 0.000000 0.000000 0.000000 0.000000 0.000000 0.000000 0.000000 0.000000 0.000000 0.000000 0.000000 0.000000 0.000000 0.000000 0.000000 0.000000 0.000000 0.000000 0.000000 0.000000 0.000000 0.000000 0.000000 0.000000
13.986638 1.000000 0.510180 0.194756 -0.199585 -0.432379 -0.093801 0.020050 -0.099002 0.504800 -0.187925 0.218077 -0.436274 0.093501 0.021751 0.099421 0.432887 0.187874 0.215066 1.623938 0.452367 0.418643 0.089149 -0.220795 0.487894 0.633918 1.050901 -0.199689 0.457463 -0.050794 -0.742963 0.058547 0.416871 -0.335243 0.416528 -0.346964 0.089969 -1.402833 0.655903 0.460716 -0.913502 -0.163446 -0.308825 -0.046720 2.849336 1.369258 -7.231252 4.437637 3.233617 -5.684740 2.849336 1.369258 1.597748 4.437637 3.233617 3.144260 0.000000 0.000000 -8.829000 0.000000 0.000000 -8.829000 0.000000 0.000000 0.000000 0.000000 0.000000 0.000000 0.000000 0.000000 0.000000 0.000000 0.000000 0.000000 0.000000 0.000000 0.000000 0.000000 0.000000 0.000000 0.000000 0.000000 0.000000 0.000000 0.000000 0.000000
14.035254 1.000000 0.510192 0.194744 -0.199621 -0.432379 -0.093813 0.020050 -0.098990 0.504800 -0.187913 0.218077 -0.436274 0.093489 0.021751 0.099421 0.430667 0.199231 0.216109 1.619840 0.452224 0.416239 0.093802 -0.225742 0.476054 0.633007 1.049045 -0.199818 0.457289 -0.050605 -0.745156 0.069840 0.417857 -0.339345 0.416389 -0.349367 0.094608 -1.407783 0.644073 0.459826 -0.915360 -0.163575 -0.308999 -0.046531 2.841764 1.393271 -7.208330 4.450308 3.213285 -5.676620 2.841764 1.393271 1.620670 4.450308 3.213285 3.152380 0.000000 0.000000 -8.829000 0.000000 0.000000 -8.829000 0.000000 0.000000 0.000000 0.000000 0.000000 0.000000 0.000000 0.000000 0.000000 0.000000 0.000000 0.000000 0.000000 0.000000 0.000000 0.000000 0.000000 0.000000 0.000000 0.000000 0.000000 0.000000 0.000000 0.000000
14.089947 1.000000 0.510192 0.194732 -0.199585 -0.432391 -0.093801 0.020050 -0.098990 0.504800 -0.187937 0.218053 -0.436274 0.093489 0.021751 0.099421 0.430085 0.210204 0.197336 1.621152 0.452271 0.416230 0.093339 -0.221226 0.483262 0.626711 1.051130 -0.199930 0.463749 -0.052285 -0.745754 0.080861 0.399099 -0.338037 0.416436 -0.349377 0.094152 -1.403269 0.651221 0.453465 -0.913267 -0.163687 -0.302539 -0.048223 2.827050 1.344088 -7.217191 4.451111 3.200375 -5.693742 2.827050 1.344088 1.611809 4.451111 3.200375 3.135258 0.000000 0.000000 -8.829000 0.000000 0.000000 -8.829000 0.000000 0.000000 0.000000 0.000000 0.000000 0.000000 0.000000 0.000000 0.000000 0.000000 0.000000 0.000000 0.000000 0.000000 0.000000 0.000000 0.000000 0.000000 0.000000 0.000000 0.000000 0.000000 0.000000 0.000000
14.164587 1.000000 0.510180 0.194768 -0.199585 -0.432379 -0.093813 0.020050 -0.098990 0.504824 -0.187961 0.218077 -0.436262 0.093501 0.021751 0.099421 0.430253 0.224347 0.183430 1.624050 0.452390 0.416698 0.089551 -0.211170 0.496603 0.634675 1.052444 -0.199999 0.463049 -0.050407 -0.745595 0.095034 0.385257 -0.335129 0.416555 -0.348909 0.090372 -1.393157 0.664574 0.461420 -0.911942 -0.163757 -0.303235 -0.046341 2.813979 1.315583 -7.230401 4.403829 3.247209 -5.696991 2.813979 1.315583 1.598599 4.403829 3.247209 3.132009 0.000000 0.000000 -8.829000 0.000000 0.000000 -8.829000 0.000000 0.000000 0.000000 0.000000 0.000000 0.000000 0.000000 0.000000 0.000000 0.000000 0.000000 0.000000 0.000000 0.000000 0.000000 0.000000 0.000000 0.000000 0.000000 0.000000 0.000000 0.000000 0.000000 0.000000
14.216239 1.000000 0.510192 0.194732 -0.199597 -0.432403 -0.093813 0.020050 -0.098978 0.504812 -0.187961 0.218077 -0.436262 0.093501 0.021751 0.099421 0.430157 0.225351 0.194598 1.622192 0.452210 0.412175 0.092072 -0.216238 0.501560 0.635886 1.051610 -0.200026 0.462224 -0.049995 -0.745682 0.095989 0.396350 -0.337001 0.416378 -0.353435 0.092880 -1.398245 0.669534 0.462627 -0.912778 -0.163784 -0.304060 -0.045930 2.812845 1.358648 -7.211206 4.429063 3.262053 -5.696936 2.812845 1.358648 1.617794 4.429063 3.262053 3.132064 0.000000 0.000000 -8.829000 0.000000 0.000000 -8.829000 0.000000 0.000000 0.000000 0.000000 0.000000 0.000000 0.000000 0.000000 0.000000 0.000000 0.000000 0.000000 0.000000 0.000000 0.000000 0.000000 0.000000 0.000000 0.000000 0.000000 0.000000 0.000000 0.000000 0.000000
14.272374 1.000000 0.510204 0.194744 -0.199597 -0.432391 -0.093813 0.020026 -0.098990 0.504800 -0.187961 0.218053 -0.436262 0.093477 0.021751 0.099445 0.436332 0.232838 0.202066 1.620952 0.452197 0.412186 0.088982 -0.224200 0.508212 0.634423 1.045277 -0.199865 0.455270 -0.050289 -0.739482 0.103486 0.403834 -0.338234 0.416361 -0.353422 0.089793 -1.406233 0.676155 0.461141 -0.919111 -0.163615 -0.311016 -0.046237 2.777341 1.397793 -7.196884 4.450539 3.269723 -5.664948 2.777341 1.397793 1.632116 4.450539 3.269723 3.164052 0.000000 0.000000 -8.829000 0.000000 0.000000 -8.829000 0.000000 0.000000 0.000000 0.000000 0.000000 0.000000 0.000000 0.000000 0.000000 0.000000 0.000000 0.000000 0.000000 0.000000 0.000000 0.000000 0.000000 0.000000 0.000000 0.000000 0.000000 0.000000 0.000000 0.000000
14.315790 1.000000 0.510180 0.194744 -0.199561 -0.432391 -0.093824 0.020050 -0.098990 0.504800 -0.187985 0.218053 -0.436262 0.093513 0.021739 0.099421 0.400062 0.217612 0.190034 1.617606 0.452142 0.414405 0.089663 -0.217742 0.495614 0.634703 1.046188 -0.199800 0.455988 -0.047617 -0.775801 0.088316 0.391844 -0.341580 0.416306 -0.351203 0.090477 -1.399772 0.663531 0.461377 -0.918196 -0.163558 -0.310299 -0.043560 2.958836 1.316196 -7.220157 4.410684 3.248950 -5.662402 2.958836 1.316196 1.608843 4.410684 3.248950 3.166598 0.000000 0.000000 -8.829000 0.000000 0.000000 -8.829000 0.000000 0.000000 0.000000 0.000000 0.000000 0.000000 0.000000 0.000000 0.000000 0.000000 0.000000 0.000000 0.000000 0.000000 0.000000 0.000000 0.000000 0.000000 0.000000 0.000000 0.000000 0.000000 0.000000 0.000000
14.378637 1.000000 0.510204 0.194768 -0.199609 -0.432391 -0.093824 0.020038 -0.099002 0.504824 -0.187961 0.218089 -0.436262 0.093501 0.021751 0.099421 0.425486 0.210212 0.182516 1.621077 0.452245 0.414978 0.083939 -0.223775 0.501729 0.630231 1.047552 -0.199991 0.456978 -0.045588 -0.750318 0.080857 0.384310 -0.338102 0.416405 -0.350628 0.084749 -1.405759 0.669720 0.456987 -0.916834 -0.163749 -0.309306 -0.041520 2.834565 1.283692 -7.221928 4.453892 3.247520 -5.674039 2.834565 1.283692 1.607072 4.453892 3.247520 3.154961 0.000000 0.000000 -8.829000 0.000000 0.000000 -8.829000 0.000000 0.000000 0.000000 0.000000 0.000000 0.000000 0.000000 0.000000 0.000000 0.000000 0.000000 0.000000 0.000000 0.000000 0.000000 0.000000 0.000000 0.000000 0.000000 0.000000 0.000000 0.000000 0.000000 0.000000
14.444356 1.000000 0.510192 0.194756 -0.199597 -0.432403 -0.093824 0.020062 -0.099002 0.504812 -0.187985 0.218077 -0.436250 0.093501 0.021739 0.099409 0.423090 0.218105 0.192411 1.623010 0.452271 0.416005 0.086997 -0.222334 0.504334 0.628121 1.044446 -0.199863 0.455903 -0.052150 -0.752741 0.088755 0.394199 -0.336176 0.416431 -0.349602 0.087806 -1.404335 0.672281 0.454819 -0.919935 -0.163625 -0.310382 -0.048092 2.857197 1.332780 -7.228476 4.442463 3.238971 -5.658888 2.857197 1.332780 1.600524 4.442463 3.238971 3.170112 0.000000 0.000000 -8.829000 0.000000 0.000000 -8.829000 0.000000 0.000000 0.000000 0.000000 0.000000 0.000000 0.000000 0.000000 0.000000 0.000000 0.000000 0.000000 0.000000 0.000000 0.000000 0.000000 0.000000 0.000000 0.000000 0.000000 0.000000 0.000000 0.000000 0.000000
14.505940 1.000000 0.510192 0.194732 -0.199633 -0.432379 -0.093813 0.020050 -0.098990 0.504812 -0.187961 0.218065 -0.436262 0.093489 0.021751 0.099421 0.440085 0.207973 0.204714 1.628360 0.452221 0.413672 0.090839 -0.235172 0.509763 0.628345 1.057406 -0.199721 0.453422 -0.051752 -0.735738 0.078552 0.406430 -0.330828 0.416386 -0.351934 0.091638 -1.417183 0.677717 0.455074 -0.906981 -0.163479 -0.312863 -0.047693 2.798588 1.369455 -7.234506 4.545539 3.254907 -5.719363 2.798588 1.369455 1.594494 4.545539 3.254907 3.109637 0.000000 0.000000 -8.829000 0.000000 0.000000 -8.829000 0.000000 0.000000 0.000000 0.000000 0.000000 0.000000 0.000000 0.000000 0.000000 0.000000 0.000000 0.000000 0.000000 0.000000 0.000000 0.000000 0.000000 0.000000 0.000000 0.000000 0.000000 0.000000 0.000000 0.000000
14.570097 1.000000 0.510168 0.194744 -0.199597 -0.432403 -0.093824 0.020038 -0.098990 0.504812 -0.187985 0.218053 -0.436286 0.093501 0.021739 0.099421 0.420760 0.215364 0.186326 1.618571 0.452083 0.410781 0.091283 -0.215599 0.488230 0.631905 1.080064 -0.199967 0.456896 -0.050845 -0.755117 0.086002 0.388103 -0.340626 0.416247 -0.354831 0.092091 -1.397615 0.656149 0.458584 -0.884325 -0.163725 -0.309392 -0.046792 2.849637 1.308719 -7.205327 4.493591 3.225420 -5.803486 2.849637 1.308719 1.623673 4.493591 3.225420 3.025514 0.000000 0.000000 -8.829000 0.000000 0.000000 -8.829000 0.000000 0.000000 0.000000 0.000000 0.000000 0.000000 0.000000 0.000000 0.000000 0.000000 0.000000 0.000000 0.000000 0.000000 0.000000 0.000000 0.000000 0.000000 0.000000 0.000000 0.000000 0.000000 0.000000 0.000000
14.644769 1.000000 0.510204 0.194744 -0.199585 -0.432403 -0.093848 0.020050 -0.098990 0.504800 -0.187985 0.218077 -0.436250 0.093501 0.021739 0.099433 0.423518 0.199058 0.202652 1.617738 0.451882 0.411244 0.093934 -0.208188 0.497758 0.632627 1.102473 -0.200251 0.461145 -0.050908 -0.752300 0.069723 0.404430 -0.341448 0.416046 -0.354364 0.094733 -1.390208 0.665715 0.459325 -0.861910 -0.164004 -0.305140 -0.046851 2.856998 1.343051 -7.200212 4.528731 3.241855 -5.903305 2.856998 1.343051 1.628788 4.528731 3.241855 2.925695 0.000000 0.000000 -8.829000 0.000000 0.000000 -8.829000 0.000000 0.000000 0.000000 0.000000 0.000000 0.000000 0.000000 0.000000 0.000000 0.000000 0.000000 0.000000 0.000000 0.000000 0.000000 0.000000 0.000000 0.000000 0.000000 0.000000 0.000000 0.000000 0.000000 0.000000
14.701068 1.000000 0.510192 0.194756 -0.199585 -0.432403 -0.093848 0.020062 -0.099002 0.504824 -0.187985 0.218077 -0.436274 0.093501 0.021739 0.099421 0.424940 0.196752 0.208012 1.600173 0.451983 0.412121 0.093891 -0.223666 0.487772 0.631286 1.078997 -0.199927 0.462156 -0.051397 -0.750894 0.067422 0.409811 -0.359012 0.416143 -0.353486 0.094694 -1.405651 0.655726 0.457992 -0.885387 -0.163684 -0.304130 -0.047339 2.807576 1.357679 -7.124971 4.538596 3.226659 -5.813124 2.807576 1.357679 1.704029 4.538596 3.226659 3.015876 0.000000 0.000000 -8.829000 0.000000 0.000000 -8.829000 0.000000 0.000000 0.000000 0.000000 0.000000 0.000000 0.000000 0.000000 0.000000 0.000000 0.000000 0.000000 0.000000 0.000000 0.000000 0.000000 0.000000 0.000000 0.000000 0.000000 0.000000 0.000000 0.000000 0.000000
14.780708 1.000000 0.510192 0.194756 -0.199597 -0.432403 -0.093824 0.020062 -0.099002 0.504812 -0.187985 0.218053 -0.436274 0.093501 0.021739 0.099421 0.437950 0.185027 0.208719 1.615742 0.452184 0.416396 0.088632 -0.226128 0.500230 0.656756 1.059858 -0.199808 0.457494 -0.051287 -0.737882 0.055678 0.410507 -0.343443 0.416344 -0.349211 0.089442 -1.408141 0.668147 0.483434 -0.904527 -0.163566 -0.308792 -0.047234 2.794613 1.343340 -7.191766 4.479910 3.337342 -5.735900 2.794613 1.343340 1.637234 4.479910 3.337342 3.093100 0.000000 0.000000 -8.829000 0.000000 0.000000 -8.829000 0.000000 0.000000 0.000000 0.000000 0.000000 0.000000 0.000000 0.000000 0.000000 0.000000 0.000000 0.000000 0.000000 0.000000 0.000000 0.000000 0.000000 0.000000 0.000000 0.000000 0.000000 0.000000 0.000000 0.000000
14.843655 1.000000 0.510180 0.194756 -0.199585 -0.432403 -0.093836 0.020038 -0.098990 0.504812 -0.187997 0.218077 -0.436262 0.093501 0.021751 0.099421 0.418067 0.181439 0.216214 1.609417 0.451986 0.412283 0.091290 -0.216797 0.481522 0.650211 1.065995 -0.200267 0.461929 -0.051033 -0.757791 0.052109 0.418019 -0.349773 0.416150 -0.353328 0.092099 -1.398797 0.649466 0.476892 -0.898385 -0.164025 -0.304355 -0.046978 2.884033 1.358171 -7.170658 4.446355 3.280338 -5.756799 2.884033 1.358171 1.658342 4.446355 3.280338 3.072201 0.000000 0.000000 -8.829000 0.000000 0.000000 -8.829000 0.000000 0.000000 0.000000 0.000000 0.000000 0.000000 0.000000 0.000000 0.000000 0.000000 0.000000 0.000000 0.000000 0.000000 0.000000 0.000000 0.000000 0.000000 0.000000 0.000000 0.000000 0.000000 0.000000 0.000000
14.903013 1.000000 0.510192 0.194744 -0.199597 -0.432391 -0.093836 0.020050 -0.098990 0.504812 -0.188021 0.218053 -0.436286 0.093501 0.021751 0.099421 0.429004 0.220995 0.199605 1.615694 0.452062 0.414273 0.092672 -0.222335 0.491672 0.643153 1.055351 -0.199958 0.458490 -0.051443 -0.746828 0.091641 0.401375 -0.343493 0.416226 -0.351335 0.093474 -1.404342 0.659561 0.469772 -0.909028 -0.163716 -0.307796 -0.047401 2.809924 1.368687 -7.187663 4.454457 3.272938 -5.710265 2.809924 1.368687 1.641337 4.454457 3.272938 3.118735 0.000000 0.000000 -8.829000 0.000000 0.000000 -8.829000 0.000000 0.000000 0.000000 0.000000 0.000000 0.000000 0.000000 0.000000 0.000000 0.000000 0.000000 0.000000 0.000000 0.000000 0.000000 0.000000 0.000000 0.000000 0.000000 0.000000 0.000000 0.000000 0.000000 0.000000
14.950664 1.000000 0.510192 0.194756 -0.199609 -0.432391 -0.093860 0.020062 -0.099002 0.504824 -0.187997 0.218053 -0.436250 0.093501 0.021739 0.099433 0.424366 0.244360 0.206149 1.622278 0.452101 0.416588 0.084287 -0.205836 0.495590 0.640504 1.077376 -0.200177 0.461480 -0.051397 -0.751459 0.114993 0.407925 -0.336905 0.416261 -0.349018 0.085080 -1.387819 0.663492 0.467166 -0.886996 -0.163931 -0.304803 -0.047345 2.842210 1.422913 -7.213632 4.438914 3.263790 -5.797911 2.842210 1.422913 1.615368 4.438914 3.263790 3.031089 0.000000 0.000000 -8.829000 0.000000 0.000000 -8.829000 0.000000 0.000000 0.000000 0.000000 0.000000 0.000000 0.000000 0.000000 0.000000 0.000000 0.000000 0.000000 0.000000 0.000000 0.000000 0.000000 0.000000 0.000000 0.000000 0.000000 0.000000 0.000000 0.000000 0.000000
15.001369 1.000000 0.510492 0.194768 -0.199513 -0.432379 -0.093860 0.020050 -0.098990 0.507844 -0.190190 0.215704 -0.436250 0.093501 0.021763 0.099277 0.423371 0.259773 0.192855 1.620298 0.452118 0.415359 0.086788 -0.117536 0.411340 0.614514 1.080771 -0.200761 0.465064 -0.055292 -0.751960 0.130642 0.394669 -0.338798 0.416283 -0.350223 0.087580 -1.294591 0.572795 0.436056 -0.882227 -0.164626 -0.300950 -0.052088 2.819290 1.402863 -7.204776 3.952455 2.966714 -5.752251 2.819290 1.402863 1.624224 3.952455 2.966714 3.076749 0.000000 0.000000 -8.829000 0.000000 0.000000 -8.829000 0.000000 0.000000 0.000000 0.000000 0.000000 0.000000 0.000000 0.000000 0.000000 0.000000 0.000000 0.000000 0.000000 0.000000 0.000000 0.000000 0.000000 0.000000 0.000000 0.000000 0.000000 0.000000 0.000000 0.000000
15.044230 1.000000 0.510432 0.194732 -0.199765 -0.432427 -0.093860 0.020050 -0.099026 0.508922 -0.190429 0.215776 -0.436250 0.093501 0.021775 0.099289 0.421881 0.252279 0.178266 1.618194 0.452029 0.411650 0.086729 -0.100954 0.407417 0.607395 1.059823 -0.200054 0.457637 -0.057016 -0.753501 0.122663 0.379775 -0.340959 0.416179 -0.353940 0.087468 -1.276090 0.568560 0.428928 -0.902865 -0.163918 -0.308282 -0.053781 2.810766 1.336472 -7.197295 3.799058 2.923563 -5.641369 2.810766 1.336472 1.631705 3.799058 2.923563 3.187631 0.000000 0.000000 -8.829000 0.000000 0.000000 -8.829000 0.000000 0.000000 0.000000 0.000000 0.000000 0.000000 0.000000 0.000000 0.000000 0.000000 0.000000 0.000000 0.000000 0.000000 0.000000 0.000000 0.000000 0.000000 0.000000 0.000000 0.000000 0.000000 0.000000 0.000000
15.096761 1.000000 0.510444 0.194744 -0.199789 -0.432439 -0.093872 0.020038 -0.099038 0.508898 -0.190429 0.215872 -0.436250 0.093501 0.021763 0.099289 0.426402 0.232809 0.193141 1.618835 0.451943 0.412141 0.086854 -0.060087 0.380338 0.594041 1.057717 -0.200057 0.462913 -0.062920 -0.748954 0.103158 0.394639 -0.340317 0.416088 -0.353449 0.087588 -1.235237 0.541647 0.415662 -0.904984 -0.163921 -0.303008 -0.059670 2.813354 1.359443 -7.198253 3.582639 2.811073 -5.602846 2.813354 1.359443 1.630747 3.582639 2.811073 3.226154 0.000000 0.000000 -8.829000 0.000000 0.000000 -8.829000 0.000000 0.000000 0.000000 0.000000 0.000000 0.000000 0.000000 0.000000 0.000000 0.000000 0.000000 0.000000 0.000000 0.000000 0.000000 0.000000 0.000000 0.000000 0.000000 0.000000 0.000000 0.000000 0.000000 0.000000
15.147452 1.000000 0.510480 0.194756 -0.199849 -0.432439 -0.093860 0.020038 -0.099014 0.508263 -0.190298 0.216507 -0.436262 0.093501 0.021739 0.099421 0.448495 0.236948 0.185800 1.618816 0.451890 0.412246 0.086170 -0.079762 0.382990 0.588476 1.046113 -0.199866 0.457777 -0.062509 -0.726782 0.107223 0.387254 -0.340330 0.416044 -0.353341 0.086898 -1.255834 0.545647 0.410787 -0.916818 -0.163674 -0.308193 -0.059149 2.690509 1.348018 -7.183971 3.654484 2.808697 -5.554453 2.690509 1.348018 1.645029 3.654484 2.808697 3.274547 0.000000 0.000000 -8.829000 0.000000 0.000000 -8.829000 0.000000 0.000000 0.000000 0.000000 0.000000 0.000000 0.000000 0.000000 0.000000 0.000000 0.000000 0.000000 0.000000 0.000000 0.000000 0.000000 0.000000 0.000000 0.000000 0.000000 0.000000 0.000000 0.000000 0.000000
15.195448 1.000000 0.510468 0.194732 -0.199873 -0.432439 -0.093884 0.020050 -0.099014 0.508107 -0.190262 0.216507 -0.436238 0.093501 0.021739 0.099409 0.457651 0.238540 0.193532 1.619879 0.451886 0.413196 0.085030 -0.046117 0.358858 0.577539 1.054600 -0.200091 0.457857 -0.058176 -0.717644 0.108752 0.394925 -0.339277 0.416039 -0.352392 0.085739 -1.222457 0.521570 0.399861 -0.908370 -0.163902 -0.308125 -0.054819 2.651860 1.380655 -7.180646 3.495956 2.718355 -5.557264 2.651860 1.380655 1.648354 3.495956 2.718355 3.271736 0.000000 0.000000 -8.829000 0.000000 0.000000 -8.829000 0.000000 0.000000 0.000000 0.000000 0.000000 0.000000 0.000000 0.000000 0.000000 0.000000 0.000000 0.000000 0.000000 0.000000 0.000000 0.000000 0.000000 0.000000 0.000000 0.000000 0.000000 0.000000 0.000000 0.000000
15.261587 1.000000 0.510564 0.194756 -0.199789 -0.432439 -0.093884 0.020050 -0.099026 0.507868 -0.190226 0.216531 -0.436274 0.093513 0.021751 0.099433 0.441050 0.215043 0.180090 1.618023 0.451798 0.412688 0.083909 -0.023741 0.339500 0.572935 1.052875 -0.200109 0.458257 -0.055736 -0.734096 0.085431 0.381578 -0.341096 0.415948 -0.352891 0.084632 -1.200498 0.502350 0.395276 -0.910170 -0.163911 -0.307746 -0.052378 2.735458 1.288041 -7.194476 3.366789 2.662388 -5.527753 2.735458 1.288041 1.634524 3.366789 2.662388 3.301247 0.000000 0.000000 -8.829000 0.000000 0.000000 -8.829000 0.000000 0.000000 0.000000 0.000000 0.000000 0.000000 0.000000 0.000000 0.000000 0.000000 0.000000 0.000000 0.000000 0.000000 0.000000 0.000000 0.000000 0.000000 0.000000 0.000000 0.000000 0.000000 0.000000 0.000000
15.307057 1.000000 0.510588 0.194744 -0.199777 -0.432439 -0.093872 0.020038 -0.099014 0.507844 -0.190226 0.216519 -0.436262 0.093501 0.021739 0.099433 0.445394 0.239985 0.192034 1.620046 0.451960 0.410726 0.081079 -0.018877 0.332589 0.570074 1.053783 -0.200213 0.458787 -0.055118 -0.729718 0.110391 0.393510 -0.339071 0.416114 -0.354853 0.081804 -1.195677 0.495422 0.392395 -0.909265 -0.164015 -0.307218 -0.051769 2.708638 1.371383 -7.185745 3.342303 2.639135 -5.526498 2.708638 1.371383 1.643255 3.342303 2.639135 3.302502 0.000000 0.000000 -8.829000 0.000000 0.000000 -8.829000 0.000000 0.000000 0.000000 0.000000 0.000000 0.000000 0.000000 0.000000 0.000000 0.000000 0.000000 0.000000 0.000000 0.000000 0.000000 0.000000 0.000000 0.000000 0.000000 0.000000 0.000000 0.000000 0.000000 0.000000
15.346277 1.000000 0.510600 0.194768 -0.199801 -0.432439 -0.093884 0.020038 -0.099014 0.507856 -0.190214 0.216519 -0.436274 0.093513 0.021739 0.099433 0.434695 0.250662 0.182108 1.617738 0.451917 0.410403 0.082904 -0.020595 0.326456 0.565216 1.049652 -0.200000 0.457067 -0.057598 -0.740386 0.121051 0.383596 -0.341372 0.416070 -0.355174 0.083627 -1.197380 0.489298 0.387561 -0.913399 -0.163801 -0.308938 -0.054240 2.743283 1.350271 -7.183406 3.338298 2.610666 -5.504464 2.743283 1.350271 1.645594 3.338298 2.610666 3.324536 0.000000 0.000000 -8.829000 0.000000 0.000000 -8.829000 0.000000 0.000000 0.000000 0.000000 0.000000 0.000000 0.000000 0.000000 0.000000 0.000000 0.000000 0.000000 0.000000 0.000000 0.000000 0.000000 0.000000 0.000000 0.000000 0.000000 0.000000 0.000000 0.000000 0.000000
15.386976 1.000000 0.510576 0.194732 -0.199861 -0.432451 -0.093908 0.020038 -0.099014 0.507868 -0.190226 0.216507 -0.436250 0.093525 0.021727 0.099445 0.435587 0.239939 0.194289 1.618329 0.451907 0.413842 0.083681 -0.015380 0.316261 0.560392 1.049576 -0.200057 0.457089 -0.056846 -0.739529 0.110189 0.395663 -0.340804 0.416059 -0.351740 0.084375 -1.192140 0.479069 0.382710 -0.913463 -0.163855 -0.308913 -0.053488 2.760766 1.376067 -7.190268 3.307813 2.574800 -5.496717 2.760766 1.376067 1.638732 3.307813 2.574800 3.332283 0.000000 0.000000 -8.829000 0.000000 0.000000 -8.829000 0.000000 0.000000 0.000000 0.000000 0.000000 0.000000 0.000000 0.000000 0.000000 0.000000 0.000000 0.000000 0.000000 0.000000 0.000000 0.000000 0.000000 0.000000 0.000000 0.000000 0.000000 0.000000 0.000000 0.000000
15.425893 1.000000 0.510588 0.194756 -0.199717 -0.432439 -0.093884 0.020038 -0.099038 0.508011 -0.190441 0.215896 -0.436274 0.093525 0.021691 0.099385 0.428818 0.221461 0.180674 1.616006 0.451859 0.412705 0.081869 -0.001023 0.316161 0.564415 1.068188 -0.200224 0.460120 -0.057855 -0.746306 0.091969 0.382225 -0.343102 0.416004 -0.352873 0.082604 -1.177683 0.477729 0.385799 -0.894735 -0.164052 -0.305878 -0.054668 2.788676 1.294785 -7.192451 3.286219 2.578453 -5.573408 2.788676 1.294785 1.636549 3.286219 2.578453 3.255592 0.000000 0.000000 -8.829000 0.000000 0.000000 -8.829000 0.000000 0.000000 0.000000 0.000000 0.000000 0.000000 0.000000 0.000000 0.000000 0.000000 0.000000 0.000000 0.000000 0.000000 0.000000 0.000000 0.000000 0.000000 0.000000 0.000000 0.000000 0.000000 0.000000 0.000000
15.459504 1.000000 0.510576 0.194744 -0.199801 -0.432451 -0.093908 0.020038 -0.099050 0.508023 -0.190417 0.215968 -0.436286 0.093525 0.021691 0.099385 0.433011 0.230889 0.179527 1.620177 0.451925 0.416876 0.082281 -0.009194 0.313569 0.561782 1.062508 -0.200204 0.456360 -0.057186 -0.742116 0.101239 0.380975 -0.338947 0.416065 -0.348704 0.082989 -1.185820 0.475278 0.383281 -0.900426 -0.164030 -0.309638 -0.053978 2.776693 1.307128 -7.212160 3.308330 2.568739 -5.546943 2.776693 1.307128 1.616840 3.308330 2.568739 3.282057 0.000000 0.000000 -8.829000 0.000000 0.000000 -8.829000 0.000000 0.000000 0.000000 0.000000 0.000000 0.000000 0.000000 0.000000 0.000000 0.000000 0.000000 0.000000 0.000000 0.000000 0.000000 0.000000 0.000000 0.000000 0.000000 0.000000 0.000000 0.000000 0.000000 0.000000
15.492128 1.000000 0.510588 0.194744 -0.199933 -0.432451 -0.093884 0.020038 -0.099038 0.507999 -0.190405 0.216100 -0.436262 0.093537 0.021691 0.099397 0.433439 0.216543 0.189032 1.618077 0.451747 0.415110 0.083771 -0.007113 0.307912 0.559135 1.061839 -0.200141 0.457081 -0.054585 -0.741633 0.086679 0.390347 -0.341055 0.415891 -0.350469 0.084462 -1.183738 0.469853 0.380779 -0.901106 -0.163962 -0.308915 -0.051345 2.783246 1.317931 -7.201108 3.293829 2.551675 -5.541364 2.783246 1.317931 1.627892 3.293829 2.551675 3.287636 0.000000 0.000000 -8.829000 0.000000 0.000000 -8.829000 0.000000 0.000000 0.000000 0.000000 0.000000 0.000000 0.000000 0.000000 0.000000 0.000000 0.000000 0.000000 0.000000 0.000000 0.000000 0.000000 0.000000 0.000000 0.000000 0.000000 0.000000 0.000000 0.000000 0.000000
15.529789 1.000000 0.510600 0.194756 -0.199909 -0.432451 -0.093896 0.020038 -0.099026 0.507844 -0.190333 0.216411 -0.436286 0.093525 0.021691 0.099421 0.422561 0.210763 0.193356 1.614949 0.451749 0.413750 0.082658 -0.005406 0.310923 0.559976 1.057232 -0.200090 0.453821 -0.056758 -0.752495 0.080955 0.394714 -0.344175 0.415897 -0.351828 0.083353 -1.182224 0.473489 0.382010 -0.905795 -0.163899 -0.312189 -0.053456 2.835723 1.319110 -7.193317 3.270913 2.559106 -5.515398 2.835723 1.319110 1.635683 3.270913 2.559106 3.313602 0.000000 0.000000 -8.829000 0.000000 0.000000 -8.829000 0.000000 0.000000 0.000000 0.000000 0.000000 0.000000 0.000000 0.000000 0.000000 0.000000 0.000000 0.000000 0.000000 0.000000 0.000000 0.000000 0.000000 0.000000 0.000000 0.000000 0.000000 0.000000 0.000000 0.000000
15.563805 1.000000 0.510612 0.194732 -0.199897 -0.432451 -0.093896 0.020038 -0.099002 0.507844 -0.190345 0.216435 -0.436286 0.093537 0.021691 0.099445 0.447739 0.233130 0.204833 1.624053 0.451956 0.417058 0.084591 -0.013412 0.304636 0.557266 1.059428 -0.200231 0.455929 -0.056053 -0.727306 0.103331 0.406163 -0.335074 0.416112 -0.348521 0.085281 -1.190218 0.467240 0.379308 -0.903597 -0.164031 -0.310080 -0.052744 2.729903 1.407679 -7.210172 3.318412 2.543702 -5.531349 2.729903 1.407679 1.618828 3.318412 2.543702 3.297651 0.000000 0.000000 -8.829000 0.000000 0.000000 -8.829000 0.000000 0.000000 0.000000 0.000000 0.000000 0.000000 0.000000 0.000000 0.000000 0.000000 0.000000 0.000000 0.000000 0.000000 0.000000 0.000000 0.000000 0.000000 0.000000 0.000000 0.000000 0.000000 0.000000 0.000000
15.598593 1.000000 0.510612 0.194756 -0.199897 -0.432451 -0.093908 0.020038 -0.099026 0.507832 -0.190333 0.216423 -0.436286 0.093537 0.021679 0.099433 0.449484 0.226231 0.195869 1.611304 0.451850 0.414013 0.083358 -0.023268 0.302745 0.554687 1.047832 -0.200057 0.452027 -0.055712 -0.725555 0.096445 0.397235 -0.347816 0.415998 -0.351564 0.084050 -1.200103 0.465338 0.376732 -0.915198 -0.163861 -0.313985 -0.052404 2.679163 1.364062 -7.154203 3.333363 2.535163 -5.480952 2.679163 1.364062 1.674797 3.333363 2.535163 3.348048 0.000000 0.000000 -8.829000 0.000000 0.000000 -8.829000 0.000000 0.000000 0.000000 0.000000 0.000000 0.000000 0.000000 0.000000 0.000000 0.000000 0.000000 0.000000 0.000000 0.000000 0.000000 0.000000 0.000000 0.000000 0.000000 0.000000 0.000000 0.000000 0.000000 0.000000
15.634722 1.000000 0.510624 0.194768 -0.199897 -0.432451 -0.093896 0.020038 -0.099026 0.507844 -0.190309 0.216471 -0.436274 0.093525 0.021691 0.099433 0.438291 0.230553 0.206342 1.610943 0.451862 0.418071 0.086869 -0.017096 0.308996 0.562586 1.047003 -0.199906 0.450439 -0.053571 -0.736725 0.100780 0.407725 -0.348171 0.416010 -0.347505 0.087567 -1.193897 0.471683 0.384721 -0.916029 -0.163709 -0.315570 -0.050249 2.746958 1.405803 -7.163311 3.294267 2.572188 -5.474155 2.746958 1.405803 1.665689 3.294267 2.572188 3.354845 0.000000 0.000000 -8.829000 0.000000 0.000000 -8.829000 0.000000 0.000000 0.000000 0.000000 0.000000 0.000000 0.000000 0.000000 0.000000 0.000000 0.000000 0.000000 0.000000 0.000000 0.000000 0.000000 0.000000 0.000000 0.000000 0.000000 0.000000 0.000000 0.000000 0.000000
15.682706 1.000000 0.510612 0.194744 -0.199921 -0.432463 -0.093896 0.020038 -0.099038 0.508131 -0.190333 0.216507 -0.436250 0.093489 0.021715 0.099433 0.435777 0.249455 0.205839 1.611023 0.451911 0.419718 0.081095 -0.009326 0.304340 0.557920 1.054409 -0.200294 0.454811 -0.054189 -0.739260 0.119613 0.407158 -0.348105 0.416055 -0.345860 0.081783 -1.185613 0.466997 0.380134 -0.908543 -0.164099 -0.311169 -0.050856 2.747891 1.429584 -7.162673 3.279226 2.544688 -5.506349 2.747891 1.429584 1.666327 3.279226 2.544688 3.322651 0.000000 0.000000 -8.829000 0.000000 0.000000 -8.829000 0.000000 0.000000 0.000000 0.000000 0.000000 0.000000 0.000000 0.000000 0.000000 0.000000 0.000000 0.000000 0.000000 0.000000 0.000000 0.000000 0.000000 0.000000 0.000000 0.000000 0.000000 0.000000 0.000000 0.000000
15.740052 1.000000 0.510600 0.194768 -0.199897 -0.432463 -0.093896 0.020038 -0.099014 0.508179 -0.190345 0.216495 -0.436250 0.093501 0.021715 0.099433 0.429863 0.244406 0.212088 1.610912 0.451641 0.413207 0.082296 -0.001017 0.303804 0.559557 1.071639 -0.200179 0.455737 -0.053192 -0.745198 0.114628 0.413479 -0.348212 0.415794 -0.352372 0.082997 -1.177223 0.466421 0.381753 -0.891297 -0.163984 -0.310240 -0.049856 2.779115 1.443049 -7.154680 3.282982 2.546992 -5.575702 2.779115 1.443049 1.674320 3.282982 2.546992 3.253298 0.000000 0.000000 -8.829000 0.000000 0.000000 -8.829000 0.000000 0.000000 0.000000 0.000000 0.000000 0.000000 0.000000 0.000000 0.000000 0.000000 0.000000 0.000000 0.000000 0.000000 0.000000 0.000000 0.000000 0.000000 0.000000 0.000000 0.000000 0.000000 0.000000 0.000000
15.789870 1.000000 0.510612 0.194780 -0.199945 -0.432463 -0.093920 0.020038 -0.099026 0.508251 -0.190333 0.216675 -0.436250 0.093501 0.021703 0.099457 0.456193 0.241648 0.193614 1.616182 0.451678 0.414993 0.081116 0.011831 0.303836 0.577650 1.066731 -0.200249 0.456418 -0.052021 -0.718831 0.111799 0.394972 -0.342939 0.415826 -0.350584 0.081802 -1.164201 0.466754 0.400070 -0.896205 -0.164043 -0.309552 -0.048641 2.646857 1.382334 -7.168099 3.187953 2.607531 -5.552283 2.646857 1.382334 1.660901 3.187953 2.607531 3.276717 0.000000 0.000000 -8.829000 0.000000 0.000000 -8.829000 0.000000 0.000000 0.000000 0.000000 0.000000 0.000000 0.000000 0.000000 0.000000 0.000000 0.000000 0.000000 0.000000 0.000000 0.000000 0.000000 0.000000 0.000000 0.000000 0.000000 0.000000 0.000000 0.000000 0.000000
15.840570 1.000000 0.510612 0.194768 -0.199957 -0.432463 -0.093920 0.020062 -0.099062 0.508491 -0.190238 0.216998 -0.436238 0.093908 0.021703 0.099493 0.448988 0.249838 0.206325 1.620732 0.451983 0.416412 0.082083 0.040845 0.298297 0.565093 1.070599 -0.183947 0.459799 -0.054256 -0.726030 0.119949 0.407644 -0.338390 0.416118 -0.349162 0.082760 -1.134697 0.461795 0.388074 -0.892320 -0.147718 -0.306149 -0.050618 2.703172 1.438625 -7.188838 3.057268 2.542304 -5.548634 2.703172 1.438625 1.640162 3.057268 2.542304 3.280366 0.000000 0.000000 -8.829000 0.000000 0.000000 -8.829000 0.000000 0.000000 0.000000 0.000000 0.000000 0.000000 0.000000 0.000000 0.000000 0.000000 0.000000 0.000000 0.000000 0.000000 0.000000 0.000000 0.000000 0.000000 0.000000 0.000000 0.000000 0.000000 0.000000 0.000000
15.893040 1.000000 0.510624 0.194744 -0.199945 -0.432463 -0.093920 0.020038 -0.099014 0.508503 -0.190214 0.216962 -0.436226 0.094436 0.021715 0.099469 0.446776 0.253293 0.218074 1.617445 0.451779 0.414206 0.084060 0.037125 0.303549 0.566015 1.061896 -0.137294 0.457907 -0.056411 -0.728235 0.123420 0.419371 -0.341683 0.415931 -0.351372 0.084734 -1.138411 0.467002 0.389003 -0.901023 -0.101065 -0.308041 -0.052580 2.710351 1.486480 -7.168099 3.050519 2.554926 -5.508917 2.710351 1.486480 1.660901 3.050519 2.554926 3.320083 0.000000 0.000000 -8.829000 0.000000 0.000000 -8.829000 0.000000 0.000000 0.000000 0.000000 0.000000 0.000000 0.000000 0.000000 0.000000 0.000000 0.000000 0.000000 0.000000 0.000000 0.000000 0.000000 0.000000 0.000000 0.000000 0.000000 0.000000 0.000000 0.000000 0.000000
15.945578 1.000000 0.510648 0.194756 -0.199945 -0.432475 -0.093920 0.020062 -0.099050 0.508898 -0.189003 0.216363 -0.436166 0.099409 0.021739 0.099038 0.438848 0.240718 0.226622 1.616653 0.451693 0.410655 0.077847 0.033854 0.324125 0.557420 1.049704 -0.034378 0.458749 -0.069994 -0.736118 0.110847 0.427924 -0.342466 0.415832 -0.354918 0.078521 -1.141472 0.487429 0.381900 -0.913367 0.001790 -0.307195 -0.064088 2.757286 1.489700 -7.164552 3.050137 2.553223 -5.453181 2.757286 1.489700 1.664448 3.050137 2.553223 3.375819 0.000000 0.000000 -8.829000 0.000000 0.000000 -8.829000 0.000000 0.000000 0.000000 0.000000 0.000000 0.000000 0.000000 0.000000 0.000000 0.000000 0.000000 0.000000 0.000000 0.000000 0.000000 0.000000 0.000000 0.000000 0.000000 0.000000 0.000000 0.000000 0.000000 0.000000
15.995092 1.000000 0.510648 0.194756 -0.199933 -0.432463 -0.093920 0.020038 -0.099050 0.508886 -0.189003 0.216088 -0.436166 0.099445 0.021751 0.098930 0.437456 0.223849 0.224824 1.620209 0.451734 0.412353 0.079084 0.066465 0.328351 0.543371 1.057022 0.022005 0.461906 -0.073719 -0.737512 0.094000 0.426139 -0.338908 0.415873 -0.353222 0.079761 -1.108970 0.491167 0.367553 -0.906035 0.058133 -0.304044 -0.067856 2.785978 1.456227 -7.188867 2.918086 2.493474 -5.460219 2.785978 1.456227 1.640133 2.918086 2.493474 3.368781 0.000000 0.000000 -8.829000 0.000000 0.000000 -8.829000 0.000000 0.000000 0.000000 0.000000 0.000000 0.000000 0.000000 0.000000 0.000000 0.000000 0.000000 0.000000 0.000000 0.000000 0.000000 0.000000 0.000000 0.000000 0.000000 0.000000 0.000000 0.000000 0.000000 0.000000
16.058130 1.000000 0.510648 0.194756 -0.200005 -0.432475 -0.093944 0.020038 -0.099050 0.508838 -0.189003 0.216411 -0.436202 0.099409 0.021739 0.098966 0.432092 0.237416 0.208970 1.615321 0.451782 0.414989 0.080346 0.090687 0.339122 0.550310 1.055198 0.057712 0.457011 -0.077710 -0.742859 0.107443 0.410213 -0.343805 0.415919 -0.350586 0.081001 -1.084742 0.502506 0.374809 -0.907903 0.093855 -0.308943 -0.071804 2.782843 1.419524 -7.177882 2.783022 2.524449 -5.429196 2.782843 1.419524 1.651118 2.783022 2.524449 3.399804 0.000000 0.000000 -8.829000 0.000000 0.000000 -8.829000 0.000000 0.000000 0.000000 0.000000 0.000000 0.000000 0.000000 0.000000 0.000000 0.000000 0.000000 0.000000 0.000000 0.000000 0.000000 0.000000 0.000000 0.000000 0.000000 0.000000 0.000000 0.000000 0.000000 0.000000
16.126106 1.000000 0.510648 0.194744 -0.199981 -0.432463 -0.093932 0.020026 -0.099038 0.508766 -0.188991 0.216303 -0.436202 0.099469 0.021715 0.098954 0.430087 0.233586 0.191577 1.618994 0.451714 0.415445 0.081812 0.076026 0.380516 0.532733 1.051893 0.085063 0.451973 -0.081953 -0.744873 0.103650 0.392826 -0.340131 0.415856 -0.350131 0.082473 -1.099563 0.543744 0.357122 -0.911223 0.121201 -0.313990 -0.076049 2.793532 1.351872 -7.202430 2.886886 2.532528 -5.420417 2.793532 1.351872 1.626570 2.886886 2.532528 3.408583 0.000000 0.000000 -8.829000 0.000000 0.000000 -8.829000 0.000000 0.000000 0.000000 0.000000 0.000000 0.000000 0.000000 0.000000 0.000000 0.000000 0.000000 0.000000 0.000000 0.000000 0.000000 0.000000 0.000000 0.000000 0.000000 0.000000 0.000000 0.000000 0.000000 0.000000
16.186399 1.000000 0.510864 0.194768 -0.199729 -0.432463 -0.093956 0.020038 -0.099002 0.509821 -0.189099 0.214578 -0.436190 0.099685 0.021751 0.098235 0.436047 0.253486 0.199865 1.621667 0.451681 0.416243 0.081951 0.143676 0.365917 0.491445 1.062554 0.100824 0.454291 -0.096286 -0.738606 0.124044 0.401353 -0.337379 0.415839 -0.349316 0.082642 -1.030642 0.525736 0.314111 -0.900179 0.136688 -0.311621 -0.090599 2.763508 1.418241 -7.203082 2.594226 2.312049 -5.411901 2.763508 1.418241 1.625918 2.594226 2.312049 3.417099 0.000000 0.000000 -8.829000 0.000000 0.000000 -8.829000 0.000000 0.000000 0.000000 0.000000 0.000000 0.000000 0.000000 0.000000 0.000000 0.000000 0.000000 0.000000 0.000000 0.000000 0.000000 0.000000 0.000000 0.000000 0.000000 0.000000 0.000000 0.000000 0.000000 0.000000
16.253779 1.000000 0.510876 0.194768 -0.199777 -0.432475 -0.093956 0.020038 -0.099002 0.510037 -0.189099 0.214062 -0.436190 0.099649 0.021751 0.098211 0.433858 0.254067 0.206686 1.621170 0.451819 0.415749 0.085723 0.110349 0.373053 0.425174 1.044446 0.113812 0.456149 -0.109227 -0.740764 0.124545 0.408123 -0.337879 0.415976 -0.349809 0.086404 -1.063751 0.531959 0.247384 -0.918199 0.149663 -0.309751 -0.103632 2.778863 1.444732 -7.199730 2.780480 2.091021 -5.345828 2.778863 1.444732 1.629270 2.780480 2.091021 3.483172 0.000000 0.000000 -8.829000 0.000000 0.000000 -8.829000 0.000000 0.000000 0.000000 0.000000 0.000000 0.000000 0.000000 0.000000 0.000000 0.000000 0.000000 0.000000 0.000000 0.000000 0.000000 0.000000 0.000000 0.000000 0.000000 0.000000 0.000000 0.000000 0.000000 0.000000
16.315613 1.000000 0.510768 0.194744 -0.199909 -0.432463 -0.093932 0.020038 -0.099062 0.510085 -0.189183 0.207015 -0.436190 0.099421 0.021703 0.098247 0.427261 0.254188 0.217778 1.599058 0.451761 0.414369 0.086089 0.116591 0.364527 0.285165 1.063831 0.121325 0.455732 -0.112678 -0.747509 0.124390 0.419063 -0.360030 0.415896 -0.351195 0.086753 -1.059406 0.511621 0.100238 -0.898276 0.157127 -0.310224 -0.108500 2.759286 1.479590 -7.104472 2.912069 1.533819 -5.382728 2.759286 1.479590 1.724528 2.912069 1.533819 3.446272 0.000000 0.000000 -8.829000 0.000000 0.000000 -8.829000 0.000000 0.000000 0.000000 0.000000 0.000000 0.000000 0.000000 0.000000 0.000000 0.000000 0.000000 0.000000 0.000000 0.000000 0.000000 0.000000 0.000000 0.000000 0.000000 0.000000 0.000000 0.000000 0.000000 0.000000
16.377334 1.000000 0.510792 0.194768 -0.199945 -0.432487 -0.093944 0.020050 -0.099074 0.510085 -0.189171 0.206608 -0.436202 0.099445 0.021703 0.098247 0.436182 0.268732 0.191642 1.609402 0.451827 0.416586 0.082949 0.130433 0.360456 0.177428 1.067516 0.106631 0.459108 -0.112176 -0.738536 0.138889 0.392919 -0.349682 0.415957 -0.348976 0.083607 -1.045682 0.506884 -0.007884 -0.894566 0.142431 -0.306853 -0.108061 2.713990 1.412085 -7.149991 2.938940 1.135338 -5.363470 2.713990 1.412085 1.679009 2.938940 1.135338 3.465530 0.000000 0.000000 -8.829000 0.000000 0.000000 -8.829000 0.000000 0.000000 0.000000 0.000000 0.000000 0.000000 0.000000 0.000000 0.000000 0.000000 0.000000 0.000000 0.000000 0.000000 0.000000 0.000000 0.000000 0.000000 0.000000 0.000000 0.000000 0.000000 0.000000 0.000000
16.444981 1.000000 0.510804 0.194756 -0.199993 -0.432487 -0.093956 0.020038 -0.099086 0.509941 -0.189087 0.204894 -0.436202 0.099721 0.021703 0.098199 0.435853 0.236163 0.179488 1.611167 0.451791 0.414999 0.082684 0.122330 0.363668 0.040834 1.053394 0.138906 0.455316 -0.118987 -0.738833 0.106228 0.380692 -0.347922 0.415916 -0.350563 0.083324 -1.054525 0.507326 -0.146088 -0.908618 0.174680 -0.310674 -0.115079 2.729873 1.315475 -7.167935 3.048676 0.643547 -5.261013 2.729873 1.315475 1.661065 3.048676 0.643547 3.567987 0.000000 0.000000 -8.829000 0.000000 0.000000 -8.829000 0.000000 0.000000 0.000000 0.000000 0.000000 0.000000 0.000000 0.000000 0.000000 0.000000 0.000000 0.000000 0.000000 0.000000 0.000000 0.000000 0.000000 0.000000 0.000000 0.000000 0.000000 0.000000 0.000000 0.000000
16.500095 1.000000 0.510828 0.194744 -0.199993 -0.432487 -0.093920 0.020038 -0.099050 0.509761 -0.189015 0.204786 -0.436190 0.099841 0.021703 0.098187 0.440823 0.234471 0.171595 1.615449 0.451707 0.415636 0.082960 0.116978 0.380488 -0.019050 1.051834 0.156322 0.461019 -0.122954 -0.733827 0.104542 0.372780 -0.343638 0.415845 -0.349926 0.083609 -1.060228 0.524059 -0.206011 -0.910229 0.192094 -0.304987 -0.119015 2.711750 1.286985 -7.186742 3.138089 0.457774 -5.253014 2.711750 1.286985 1.642258 3.138089 0.457774 3.575986 0.000000 0.000000 -8.829000 0.000000 0.000000 -8.829000 0.000000 0.000000 0.000000 0.000000 0.000000 0.000000 0.000000 0.000000 0.000000 0.000000 0.000000 0.000000 0.000000 0.000000 0.000000 0.000000 0.000000 0.000000 0.000000 0.000000 0.000000 0.000000 0.000000 0.000000
16.575378 1.000000 0.510804 0.194768 -0.199993 -0.432475 -0.093944 0.020026 -0.099062 0.508071 -0.188104 0.205637 -0.436262 0.100428 0.021667 0.098235 0.462753 0.216796 0.191509 1.615819 0.451713 0.414375 0.082594 0.084372 0.392057 -0.032488 1.056591 0.173486 0.462236 -0.122674 -0.711931 0.086881 0.392739 -0.343265 0.415847 -0.351187 0.083243 -1.095702 0.538195 -0.217529 -0.906176 0.209307 -0.303926 -0.118225 2.624474 1.337707 -7.169012 3.347846 0.451546 -5.289060 2.624474 1.337707 1.659988 3.347846 0.451546 3.539940 0.000000 0.000000 -8.829000 0.000000 0.000000 -8.829000 0.000000 0.000000 0.000000 0.000000 0.000000 0.000000 0.000000 0.000000 0.000000 0.000000 0.000000 0.000000 0.000000 0.000000 0.000000 0.000000 0.000000 0.000000 0.000000 0.000000 0.000000 0.000000 0.000000 0.000000
16.627171 1.000000 0.510804 0.194744 -0.199993 -0.432487 -0.093944 0.020038 -0.099050 0.508047 -0.188116 0.205817 -0.436274 0.100260 0.021679 0.098319 0.443785 0.239278 0.198977 1.611805 0.451577 0.412598 0.078955 0.063163 0.399124 -0.040633 1.057096 0.180809 0.467590 -0.123287 -0.730906 0.109345 0.400168 -0.347288 0.415715 -0.352966 0.079597 -1.116895 0.545582 -0.225508 -0.905687 0.216659 -0.298569 -0.118867 2.699590 1.390878 -7.153472 3.476276 0.444226 -5.313567 2.699590 1.390878 1.675528 3.476276 0.444226 3.515433 0.000000 0.000000 -8.829000 0.000000 0.000000 -8.829000 0.000000 0.000000 0.000000 0.000000 0.000000 0.000000 0.000000 0.000000 0.000000 0.000000 0.000000 0.000000 0.000000 0.000000 0.000000 0.000000 0.000000 0.000000 0.000000 0.000000 0.000000 0.000000 0.000000 0.000000
16.693369 1.000000 0.510840 0.194756 -0.199933 -0.432487 -0.093968 0.020038 -0.099062 0.507951 -0.188332 0.207986 -0.436286 0.099841 0.021620 0.099145 0.442362 0.240073 0.208574 1.616431 0.451629 0.413871 0.080532 0.031698 0.406846 -0.028339 1.049940 0.167033 0.461836 -0.104811 -0.732281 0.110252 0.409833 -0.342645 0.415763 -0.351690 0.081177 -1.147820 0.557014 -0.211300 -0.912954 0.203191 -0.304286 -0.100183 2.728357 1.427388 -7.173202 3.604575 0.537706 -5.300470 2.728357 1.427388 1.655798 3.604575 0.537706 3.528530 0.000000 0.000000 -8.829000 0.000000 0.000000 -8.829000 0.000000 0.000000 0.000000 0.000000 0.000000 0.000000 0.000000 0.000000 0.000000 0.000000 0.000000 0.000000 0.000000 0.000000 0.000000 0.000000 0.000000 0.000000 0.000000 0.000000 0.000000 0.000000 0.000000 0.000000
16.735412 1.000000 0.510852 0.194744 -0.199993 -0.432487 -0.093968 0.020050 -0.099050 0.507903 -0.188476 0.207962 -0.436298 0.099805 0.021620 0.099181 0.438820 0.254338 0.197853 1.618880 0.451704 0.414795 0.081211 0.025300 0.410479 -0.025367 1.054849 0.160674 0.462929 -0.097845 -0.735788 0.124414 0.399031 -0.340200 0.415842 -0.350764 0.081840 -1.154275 0.560512 -0.208597 -0.908023 0.196842 -0.303194 -0.093280 2.737374 1.411133 -7.187390 3.650797 0.560877 -5.329001 2.737374 1.411133 1.641610 3.650797 0.560877 3.499999 0.000000 0.000000 -8.829000 0.000000 0.000000 -8.829000 0.000000 0.000000 0.000000 0.000000 0.000000 0.000000 0.000000 0.000000 0.000000 0.000000 0.000000 0.000000 0.000000 0.000000 0.000000 0.000000 0.000000 0.000000 0.000000 0.000000 0.000000 0.000000 0.000000 0.000000
16.773095 1.000000 0.510840 0.194756 -0.200005 -0.432475 -0.093968 0.020038 -0.099062 0.507903 -0.188488 0.207962 -0.436298 0.099805 0.021596 0.099181 0.440730 0.238871 0.202672 1.618367 0.451695 0.411600 0.081311 0.009102 0.411288 -0.020527 1.045672 0.168377 0.458422 -0.091493 -0.733889 0.108934 0.403860 -0.340711 0.415828 -0.353959 0.081942 -1.170474 0.561312 -0.203778 -0.917199 0.204545 -0.307703 -0.086933 2.735975 1.404205 -7.181132 3.697803 0.589898 -5.293779 2.735975 1.404205 1.647868 3.697803 0.589898 3.535221 0.000000 0.000000 -8.829000 0.000000 0.000000 -8.829000 0.000000 0.000000 0.000000 0.000000 0.000000 0.000000 0.000000 0.000000 0.000000 0.000000 0.000000 0.000000 0.000000 0.000000 0.000000 0.000000 0.000000 0.000000 0.000000 0.000000 0.000000 0.000000 0.000000 0.000000
16.804833 1.000000 0.510816 0.194756 -0.199993 -0.432475 -0.093956 0.020038 -0.099074 0.507879 -0.188704 0.208058 -0.436298 0.099745 0.021620 0.099445 0.452396 0.228665 0.202425 1.621601 0.451788 0.411609 0.082625 0.003174 0.417764 -0.012193 1.064251 0.163038 0.459806 -0.086831 -0.722268 0.098739 0.403630 -0.337482 0.415917 -0.353952 0.083264 -1.176347 0.567852 -0.195667 -0.898572 0.199299 -0.306305 -0.082331 2.691589 1.392409 -7.189550 3.778229 0.635865 -5.383123 2.691589 1.392409 1.639450 3.778229 0.635865 3.445877 0.000000 0.000000 -8.829000 0.000000 0.000000 -8.829000 0.000000 0.000000 0.000000 0.000000 0.000000 0.000000 0.000000 0.000000 0.000000 0.000000 0.000000 0.000000 0.000000 0.000000 0.000000 0.000000 0.000000 0.000000 0.000000 0.000000 0.000000 0.000000 0.000000 0.000000
16.839066 1.000000 0.510828 0.194756 -0.199981 -0.432487 -0.093968 0.020038 -0.099086 0.507808 -0.188716 0.208010 -0.436322 0.099793 0.021596 0.099433 0.451399 0.221450 0.206271 1.620499 0.451797 0.413882 0.082503 -0.026216 0.418588 -0.015282 1.047909 0.158701 0.451190 -0.082120 -0.723250 0.091539 0.407480 -0.338583 0.415922 -0.351679 0.083138 -1.205879 0.568604 -0.198844 -0.914934 0.194958 -0.314931 -0.077623 2.703697 1.393630 -7.190183 3.876944 0.640109 -5.318026 2.703697 1.393630 1.638817 3.876944 0.640109 3.510974 0.000000 0.000000 -8.829000 0.000000 0.000000 -8.829000 0.000000 0.000000 0.000000 0.000000 0.000000 0.000000 0.000000 0.000000 0.000000 0.000000 0.000000 0.000000 0.000000 0.000000 0.000000 0.000000 0.000000 0.000000 0.000000 0.000000 0.000000 0.000000 0.000000 0.000000
16.883009 1.000000 0.510840 0.194768 -0.199957 -0.432499 -0.093968 0.020038 -0.099050 0.507832 -0.188823 0.208022 -0.436406 0.099829 0.021584 0.099457 0.441019 0.224807 0.194742 1.617581 0.451715 0.412859 0.082242 -0.021109 0.417399 -0.007531 1.074104 0.153213 0.454706 -0.074721 -0.733619 0.094957 0.395998 -0.341498 0.415854 -0.352703 0.082887 -1.200724 0.567369 -0.191243 -0.888732 0.189478 -0.311418 -0.070241 2.736981 1.354030 -7.186076 3.918350 0.668340 -5.432932 2.736981 1.354030 1.642924 3.918350 0.668340 3.396068 0.000000 0.000000 -8.829000 0.000000 0.000000 -8.829000 0.000000 0.000000 0.000000 0.000000 0.000000 0.000000 0.000000 0.000000 0.000000 0.000000 0.000000 0.000000 0.000000 0.000000 0.000000 0.000000 0.000000 0.000000 0.000000 0.000000 0.000000 0.000000 0.000000 0.000000
16.929236 1.000000 0.510828 0.194756 -0.199957 -0.432499 -0.093968 0.020050 -0.099074 0.507820 -0.188823 0.208010 -0.436406 0.099769 0.021584 0.099445 0.455472 0.211977 0.200445 1.622302 0.451833 0.415151 0.082319 -0.021911 0.421696 -0.000673 1.067837 0.148690 0.451923 -0.071527 -0.719186 0.082108 0.401679 -0.336781 0.415962 -0.350410 0.082959 -1.201551 0.571643 -0.184403 -0.895002 0.184949 -0.314202 -0.067072 2.690633 1.359132 -7.201527 3.898387 0.701667 -5.405302 2.690633 1.359132 1.627473 3.898387 0.701667 3.423698 0.000000 0.000000 -8.829000 0.000000 0.000000 -8.829000 0.000000 0.000000 0.000000 0.000000 0.000000 0.000000 0.000000 0.000000 0.000000 0.000000 0.000000 0.000000 0.000000 0.000000 0.000000 0.000000 0.000000 0.000000 0.000000 0.000000 0.000000 0.000000 0.000000 0.000000
16.988753 1.000000 0.510828 0.194732 -0.200005 -0.432499 -0.093992 0.020038 -0.099062 0.507868 -0.188871 0.207998 -0.436406 0.099805 0.021584 0.099457 0.449162 0.242524 0.210436 1.619060 0.451621 0.413576 0.083207 -0.019065 0.405216 0.004515 1.060182 0.144094 0.448503 -0.064765 -0.725490 0.112558 0.411585 -0.340034 0.415754 -0.351987 0.083824 -1.198615 0.555099 -0.179292 -0.902632 0.180357 -0.317617 -0.060310 2.701010 1.441987 -7.178047 3.841103 0.695797 -5.362375 2.701010 1.441987 1.650953 3.841103 0.695797 3.466625 0.000000 0.000000 -8.829000 0.000000 0.000000 -8.829000 0.000000 0.000000 0.000000 0.000000 0.000000 0.000000 0.000000 0.000000 0.000000 0.000000 0.000000 0.000000 0.000000 0.000000 0.000000 0.000000 0.000000 0.000000 0.000000 0.000000 0.000000 0.000000 0.000000 0.000000
17.030602 1.000000 0.510840 0.194756 -0.199981 -0.432499 -0.093968 0.020038 -0.099050 0.507844 -0.188871 0.208034 -0.436406 0.099805 0.021584 0.099445 0.445690 0.241841 0.213745 1.618574 0.451623 0.418759 0.083451 -0.024804 0.399004 0.010550 1.055583 0.141646 0.446760 -0.058029 -0.728943 0.111941 0.414957 -0.340510 0.415760 -0.346803 0.084087 -1.204385 0.548948 -0.173230 -0.907240 0.177905 -0.319362 -0.053569 2.726471 1.451138 -7.186402 3.844995 0.713935 -5.343443 2.726471 1.451138 1.642598 3.844995 0.713935 3.485557 0.000000 0.000000 -8.829000 0.000000 0.000000 -8.829000 0.000000 0.000000 0.000000 0.000000 0.000000 0.000000 0.000000 0.000000 0.000000 0.000000 0.000000 0.000000 0.000000 0.000000 0.000000 0.000000 0.000000 0.000000 0.000000 0.000000 0.000000 0.000000 0.000000 0.000000
17.090089 1.000000 0.510852 0.194768 -0.199993 -0.432499 -0.093992 0.020038 -0.099062 0.507844 -0.188847 0.208022 -0.436418 0.099745 0.021584 0.099421 0.437785 0.265314 0.216857 1.617873 0.451650 0.417058 0.078716 -0.019649 0.388568 0.007671 1.056497 0.138622 0.450644 -0.056962 -0.736821 0.135403 0.418071 -0.341205 0.415784 -0.348503 0.079344 -1.199244 0.538507 -0.176084 -0.906335 0.174872 -0.315481 -0.052520 2.749246 1.494362 -7.178303 3.820623 0.685637 -5.346956 2.749246 1.494362 1.650697 3.820623 0.685637 3.482044 0.000000 0.000000 -8.829000 0.000000 0.000000 -8.829000 0.000000 0.000000 0.000000 0.000000 0.000000 0.000000 0.000000 0.000000 0.000000 0.000000 0.000000 0.000000 0.000000 0.000000 0.000000 0.000000 0.000000 0.000000 0.000000 0.000000 0.000000 0.000000 0.000000 0.000000
17.145206 1.000000 0.510840 0.194732 -0.199969 -0.432499 -0.093980 0.020062 -0.099062 0.507844 -0.188847 0.208010 -0.436406 0.099721 0.021584 0.099457 0.435344 0.253828 0.216240 1.619579 0.451608 0.417011 0.079572 -0.018380 0.374143 0.007367 1.059021 0.136113 0.454177 -0.054920 -0.739295 0.123926 0.417422 -0.339507 0.415741 -0.348549 0.080198 -1.197972 0.524069 -0.176395 -0.903806 0.172375 -0.311946 -0.050487 2.773759 1.473163 -7.190661 3.815315 0.662244 -5.359040 2.773759 1.473163 1.638339 3.815315 0.662244 3.469960 0.000000 0.000000 -8.829000 0.000000 0.000000 -8.829000 0.000000 0.000000 0.000000 0.000000 0.000000 0.000000 0.000000 0.000000 0.000000 0.000000 0.000000 0.000000 0.000000 0.000000 0.000000 0.000000 0.000000 0.000000 0.000000 0.000000 0.000000 0.000000 0.000000 0.000000
17.218360 1.000000 0.510840 0.194756 -0.200005 -0.432511 -0.093956 0.020038 -0.099050 0.507856 -0.188859 0.208010 -0.436406 0.099733 0.021596 0.099457 0.423176 0.222628 0.216728 1.614296 0.451494 0.413827 0.080242 -0.016074 0.367616 0.010009 1.056796 0.157432 0.446423 -0.057936 -0.751454 0.092685 0.417915 -0.344793 0.415631 -0.351736 0.080879 -1.195642 0.517529 -0.173769 -0.906023 0.193694 -0.319697 -0.053502 2.838631 1.419692 -7.179834 3.781469 0.657545 -5.332624 2.838631 1.419692 1.649166 3.781469 0.657545 3.496376 0.000000 0.000000 -8.829000 0.000000 0.000000 -8.829000 0.000000 0.000000 0.000000 0.000000 0.000000 0.000000 0.000000 0.000000 0.000000 0.000000 0.000000 0.000000 0.000000 0.000000 0.000000 0.000000 0.000000 0.000000 0.000000 0.000000 0.000000 0.000000 0.000000 0.000000
17.276663 1.000000 0.510840 0.194744 -0.199969 -0.432499 -0.093992 0.020026 -0.099050 0.507844 -0.188871 0.208022 -0.436418 0.099769 0.021608 0.099469 0.432928 0.231752 0.221280 1.617379 0.451524 0.414250 0.081092 -0.019691 0.365943 0.015717 1.053401 0.168392 0.441475 -0.058122 -0.741712 0.101861 0.422484 -0.341708 0.415661 -0.351314 0.081719 -1.199275 0.515875 -0.168070 -0.909422 0.204659 -0.324645 -0.053676 2.795296 1.455433 -7.182839 3.778783 0.676257 -5.312583 2.795296 1.455433 1.646161 3.778783 0.676257 3.516417 0.000000 0.000000 -8.829000 0.000000 0.000000 -8.829000 0.000000 0.000000 0.000000 0.000000 0.000000 0.000000 0.000000 0.000000 0.000000 0.000000 0.000000 0.000000 0.000000 0.000000 0.000000 0.000000 0.000000 0.000000 0.000000 0.000000 0.000000 0.000000 0.000000 0.000000
17.336919 1.000000 0.510840 0.194768 -0.199981 -0.432499 -0.093980 0.020026 -0.099038 0.507844 -0.188871 0.208022 -0.436406 0.099709 0.021584 0.099469 0.433979 0.210511 0.221143 1.619401 0.451578 0.410976 0.082072 -0.013523 0.363163 0.016640 1.054573 0.156906 0.442753 -0.059557 -0.740653 0.080624 0.422378 -0.339680 0.415720 -0.354587 0.082709 -1.193106 0.513093 -0.167147 -0.908248 0.193172 -0.323369 -0.055133 2.805358 1.421988 -7.191079 3.750274 0.671406 -5.316182 2.805358 1.421988 1.637921 3.750274 0.671406 3.512818 0.000000 0.000000 -8.829000 0.000000 0.000000 -8.829000 0.000000 0.000000 0.000000 0.000000 0.000000 0.000000 0.000000 0.000000 0.000000 0.000000 0.000000 0.000000 0.000000 0.000000 0.000000 0.000000 0.000000 0.000000 0.000000 0.000000 0.000000 0.000000 0.000000 0.000000
17.376121 1.000000 0.510840 0.194744 -0.199993 -0.432499 -0.093992 0.020038 -0.099050 0.507844 -0.188871 0.208022 -0.436406 0.099721 0.021584 0.099469 0.435505 0.220064 0.219207 1.621305 0.451723 0.412596 0.078494 -0.019184 0.380214 0.019140 1.052023 0.164235 0.442217 -0.057569 -0.739127 0.090134 0.420387 -0.337783 0.415860 -0.352966 0.079116 -1.198767 0.530144 -0.164648 -0.910798 0.200502 -0.323904 -0.053141 2.795908 1.428679 -7.198595 3.779868 0.711824 -5.312601 2.795908 1.428679 1.630405 3.779868 0.711824 3.516399 0.000000 0.000000 -8.829000 0.000000 0.000000 -8.829000 0.000000 0.000000 0.000000 0.000000 0.000000 0.000000 0.000000 0.000000 0.000000 0.000000 0.000000 0.000000 0.000000 0.000000 0.000000 0.000000 0.000000 0.000000 0.000000 0.000000 0.000000 0.000000 0.000000 0.000000
17.425133 1.000000 0.510828 0.194768 -0.199993 -0.432511 -0.093980 0.020038 -0.099038 0.507856 -0.188883 0.208022 -0.436418 0.099769 0.021596 0.099469 0.419130 0.223456 0.221813 1.616033 0.451579 0.410876 0.079938 -0.018563 0.368136 0.014510 1.052245 0.171485 0.442877 -0.056436 -0.755522 0.093544 0.423038 -0.343055 0.415721 -0.354688 0.080573 -1.198125 0.518057 -0.169293 -0.910573 0.207752 -0.323243 -0.051994 2.864317 1.437927 -7.183127 3.772903 0.676362 -5.309128 2.864317 1.437927 1.645873 3.772903 0.676362 3.519872 0.000000 0.000000 -8.829000 0.000000 0.000000 -8.829000 0.000000 0.000000 0.000000 0.000000 0.000000 0.000000 0.000000 0.000000 0.000000 0.000000 0.000000 0.000000 0.000000 0.000000 0.000000 0.000000 0.000000 0.000000 0.000000 0.000000 0.000000 0.000000 0.000000 0.000000
17.471952 1.000000 0.510828 0.194744 -0.199993 -0.432499 -0.094004 0.020038 -0.099050 0.507844 -0.188847 0.208861 -0.437508 0.099733 0.021548 0.099936 0.458054 0.247127 0.220414 1.625027 0.451826 0.418296 0.079642 -0.021060 0.384650 0.049428 1.028167 0.176975 0.439646 -0.048013 -0.716599 0.117195 0.421598 -0.334064 0.415963 -0.347267 0.080261 -1.200638 0.536398 -0.133320 -0.935011 0.213422 -0.326547 -0.043437 2.680536 1.486200 -7.200354 3.697102 0.840198 -5.211842 2.680536 1.486200 1.628646 3.697102 0.840198 3.617158 0.000000 0.000000 -8.829000 0.000000 0.000000 -8.829000 0.000000 0.000000 0.000000 0.000000 0.000000 0.000000 0.000000 0.000000 0.000000 0.000000 0.000000 0.000000 0.000000 0.000000 0.000000 0.000000 0.000000 0.000000 0.000000 0.000000 0.000000 0.000000 0.000000 0.000000
17.517326 1.000000 0.510840 0.194756 -0.199993 -0.432499 -0.093992 0.020038 -0.099050 0.507844 -0.188847 0.208825 -0.437868 0.099649 0.021560 0.099948 0.448138 0.245159 0.207204 1.621317 0.451683 0.416163 0.080544 -0.027868 0.395324 0.058225 1.002885 0.166301 0.440295 -0.042268 -0.726492 0.115239 0.408404 -0.337768 0.415820 -0.349399 0.081170 -1.207539 0.547097 -0.124532 -0.960386 0.202752 -0.325927 -0.037740 2.710384 1.432749 -7.192840 3.661944 0.895473 -5.114607 2.710384 1.432749 1.636160 3.661944 0.895473 3.714393 0.000000 0.000000 -8.829000 0.000000 0.000000 -8.829000 0.000000 0.000000 0.000000 0.000000 0.000000 0.000000 0.000000 0.000000 0.000000 0.000000 0.000000 0.000000 0.000000 0.000000 0.000000 0.000000 0.000000 0.000000 0.000000 0.000000 0.000000 0.000000 0.000000 0.000000
17.555980 1.000000 0.510840 0.194756 -0.199969 -0.432499 -0.094004 0.020050 -0.099050 0.507820 -0.188752 0.207842 -0.439066 0.099781 0.021548 0.099457 0.416025 0.234173 0.192723 1.614187 0.451455 0.406990 0.077634 -0.035119 0.391611 0.025009 0.988514 0.159006 0.441384 -0.049706 -0.758610 0.104293 0.393946 -0.344895 0.415592 -0.358572 0.078260 -1.215447 0.541962 -0.158570 -0.975055 0.195278 -0.324966 -0.045345 2.840946 1.349585 -7.177084 3.690121 0.763516 -5.045729 2.840946 1.349585 1.651916 3.690121 0.763516 3.783271 0.000000 0.000000 -8.829000 0.000000 0.000000 -8.829000 0.000000 0.000000 0.000000 0.000000 0.000000 0.000000 0.000000 0.000000 0.000000 0.000000 0.000000 0.000000 0.000000 0.000000 0.000000 0.000000 0.000000 0.000000 0.000000 0.000000 0.000000 0.000000 0.000000 0.000000
17.603146 1.000000 0.510840 0.194756 -0.199993 -0.432499 -0.094016 0.020038 -0.099062 0.507832 -0.188512 0.205278 -0.440600 0.099745 0.021500 0.097899 0.431914 0.228076 0.204670 1.604397 0.451561 0.410064 0.082784 -0.037058 0.396719 -0.019574 0.932006 0.166500 0.444252 -0.078251 -0.742715 0.098152 0.405868 -0.354687 0.415694 -0.355498 0.083401 -1.218606 0.542876 -0.205464 -1.031891 0.202193 -0.322305 -0.074417 2.749974 1.390571 -7.127767 3.595566 0.580524 -4.795952 2.749974 1.390571 1.701233 3.595566 0.580524 4.033048 0.000000 0.000000 -8.829000 0.000000 0.000000 -8.829000 0.000000 0.000000 0.000000 0.000000 0.000000 0.000000 0.000000 0.000000 0.000000 0.000000 0.000000 0.000000 0.000000 0.000000 0.000000 0.000000 0.000000 0.000000 0.000000 0.000000 0.000000 0.000000 0.000000 0.000000
17.644159 1.000000 0.510816 0.194744 -0.199969 -0.432499 -0.094016 0.020038 -0.099038 0.507856 -0.188512 0.205194 -0.440624 0.099757 0.021464 0.097827 0.425388 0.214788 0.205779 1.604715 0.451525 0.409875 0.079687 -0.044995 0.412369 -0.036558 0.901495 0.158489 0.444291 -0.091804 -0.749293 0.084896 0.406992 -0.354377 0.415667 -0.355691 0.080307 -1.226539 0.558367 -0.222536 -1.062401 0.194155 -0.322273 -0.087985 2.792775 1.368497 -7.136367 3.580378 0.539432 -4.673243 2.792775 1.368497 1.692633 3.580378 0.539432 4.155757 0.000000 0.000000 -8.829000 0.000000 0.000000 -8.829000 0.000000 0.000000 0.000000 0.000000 0.000000 0.000000 0.000000 0.000000 0.000000 0.000000 0.000000 0.000000 0.000000 0.000000 0.000000 0.000000 0.000000 0.000000 0.000000 0.000000 0.000000 0.000000 0.000000 0.000000
17.678980 1.000000 0.510840 0.194756 -0.199993 -0.432499 -0.094016 0.020038 -0.099050 0.507844 -0.188272 0.205146 -0.440660 0.099805 0.021428 0.097576 0.425406 0.234250 0.213574 1.606963 0.451595 0.408173 0.078827 -0.050060 0.412356 -0.063190 0.879415 0.152869 0.443721 -0.106665 -0.749224 0.104329 0.414774 -0.352122 0.415732 -0.357389 0.079444 -1.231718 0.558406 -0.248862 -1.084557 0.188449 -0.322863 -0.102778 2.790107 1.427579 -7.135171 3.571281 0.436736 -4.575957 2.790107 1.427579 1.693829 3.571281 0.436736 4.253043 0.000000 0.000000 -8.829000 0.000000 0.000000 -8.829000 0.000000 0.000000 0.000000 0.000000 0.000000 0.000000 0.000000 0.000000 0.000000 0.000000 0.000000 0.000000 0.000000 0.000000 0.000000 0.000000 0.000000 0.000000 0.000000 0.000000 0.000000 0.000000 0.000000 0.000000
17.710774 1.000000 0.510840 0.194756 -0.199993 -0.432511 -0.094028 0.020026 -0.099062 0.507844 -0.188296 0.205158 -0.440660 0.099805 0.021428 0.097588 0.423101 0.239112 0.218567 1.608070 0.451608 0.408689 0.082199 -0.055340 0.416194 -0.075855 0.851629 0.148507 0.443164 -0.112018 -0.751533 0.109184 0.419763 -0.351018 0.415741 -0.356875 0.082812 -1.236989 0.562247 -0.261554 -1.112338 0.184090 -0.323419 -0.108135 2.807555 1.454501 -7.139707 3.535167 0.396754 -4.459376 2.807555 1.454501 1.689293 3.535167 0.396754 4.369624 0.000000 0.000000 -8.829000 0.000000 0.000000 -8.829000 0.000000 0.000000 0.000000 0.000000 0.000000 0.000000 0.000000 0.000000 0.000000 0.000000 0.000000 0.000000 0.000000 0.000000 0.000000 0.000000 0.000000 0.000000 0.000000 0.000000 0.000000 0.000000 0.000000 0.000000
17.741885 1.000000 0.510852 0.194756 -0.199969 -0.432511 -0.094016 0.020038 -0.099062 0.507879 -0.188416 0.206536 -0.440636 0.099721 0.021428 0.098127 0.436375 0.222304 0.211404 1.613692 0.451593 0.411286 0.080817 -0.044840 0.425817 -0.041763 0.846327 0.154593 0.446320 -0.106312 -0.738243 0.092419 0.412621 -0.345390 0.415726 -0.354276 0.081437 -1.225976 0.574219 -0.226191 -1.117682 0.190380 -0.320226 -0.102216 2.762170 1.406259 -7.165423 3.447215 0.542039 -4.447759 2.762170 1.406259 1.663577 3.447215 0.542039 4.381241 0.000000 0.000000 -8.829000 0.000000 0.000000 -8.829000 0.000000 0.000000 0.000000 0.000000 0.000000 0.000000 0.000000 0.000000 0.000000 0.000000 0.000000 0.000000 0.000000 0.000000 0.000000 0.000000 0.000000 0.000000 0.000000 0.000000 0.000000 0.000000 0.000000 0.000000
17.777908 1.000000 0.510828 0.194756 -0.199969 -0.432499 -0.094016 0.020038 -0.099074 0.507879 -0.188560 0.209173 -0.440648 0.099745 0.021428 0.100032 0.432954 0.227925 0.200414 1.615453 0.451840 0.414448 0.085117 -0.044817 0.423663 -0.019032 0.832225 0.161224 0.444704 -0.089724 -0.741701 0.098034 0.401637 -0.343632 0.415968 -0.351114 0.085738 -1.225038 0.576916 -0.200735 -1.131886 0.197723 -0.321751 -0.085102 2.777986 1.377463 -7.183076 3.382563 0.646232 -4.390553 2.777986 1.377463 1.645924 3.382563 0.646232 4.438447 0.000000 0.000000 -8.829000 0.000000 0.000000 -8.829000 0.000000 0.000000 0.000000 0.000000 0.000000 0.000000 0.000000 0.000000 0.000000 0.000000 0.000000 0.000000 0.000000 0.000000 0.000000 0.000000 0.000000 0.000000 0.000000 0.000000 0.000000 0.000000 0.000000 0.000000
17.810841 1.000000 0.510828 0.194744 -0.199981 -0.432511 -0.094028 0.020038 -0.099050 0.507868 -0.188548 0.209316 -0.440636 0.099733 0.021428 0.100176 0.434270 0.231129 0.207630 1.614917 0.451628 0.413873 0.085586 -0.040263 0.420153 0.000095 0.824708 0.155488 0.444741 -0.074365 -0.740389 0.101213 0.408824 -0.344176 0.415765 -0.351692 0.086198 -1.220452 0.573698 -0.181424 -1.139412 0.192040 -0.321709 -0.069711 2.772697 1.409075 -7.175690 3.315307 0.717800 -4.359510 2.772697 1.409075 1.653310 3.315307 0.717800 4.469490 0.000000 0.000000 -8.829000 0.000000 0.000000 -8.829000 0.000000 0.000000 0.000000 0.000000 0.000000 0.000000 0.000000 0.000000 0.000000 0.000000 0.000000 0.000000 0.000000 0.000000 0.000000 0.000000 0.000000 0.000000 0.000000 0.000000 0.000000 0.000000 0.000000 0.000000
17.843946 1.000000 0.510840 0.194756 -0.199945 -0.432511 -0.094016 0.020026 -0.099050 0.507700 -0.188668 0.208993 -0.440660 0.099733 0.021404 0.100188 0.411473 0.227070 0.207552 1.606152 0.451370 0.409874 0.084387 -0.050357 0.419677 0.015088 0.819999 0.150455 0.445896 -0.060672 -0.763174 0.097226 0.408798 -0.352933 0.415507 -0.355691 0.085014 -1.230904 0.572630 -0.166994 -1.144116 0.187007 -0.320571 -0.056130 2.863625 1.392638 -7.148784 3.339283 0.782194 -4.350855 2.863625 1.392638 1.680216 3.339283 0.782194 4.478145 0.000000 0.000000 -8.829000 0.000000 0.000000 -8.829000 0.000000 0.000000 0.000000 0.000000 0.000000 0.000000 0.000000 0.000000 0.000000 0.000000 0.000000 0.000000 0.000000 0.000000 0.000000 0.000000 0.000000 0.000000 0.000000 0.000000 0.000000 0.000000 0.000000 0.000000
17.875915 1.000000 0.510864 0.194768 -0.199897 -0.432499 -0.094028 0.020038 -0.099062 0.507640 -0.188788 0.208897 -0.440684 0.099721 0.021416 0.100164 0.434904 0.222002 0.195264 1.616127 0.451662 0.414224 0.082843 -0.054367 0.417821 0.023904 0.810293 0.146621 0.444311 -0.053691 -0.739707 0.092253 0.396571 -0.342940 0.415796 -0.351336 0.083475 -1.235024 0.570527 -0.158492 -1.153807 0.183162 -0.322161 -0.049212 2.768361 1.349458 -7.187240 3.320748 0.816004 -4.311412 2.768361 1.349458 1.641760 3.320748 0.816004 4.517588 0.000000 0.000000 -8.829000 0.000000 0.000000 -8.829000 0.000000 0.000000 0.000000 0.000000 0.000000 0.000000 0.000000 0.000000 0.000000 0.000000 0.000000 0.000000 0.000000 0.000000 0.000000 0.000000 0.000000 0.000000 0.000000 0.000000 0.000000 0.000000 0.000000 0.000000
17.911893 1.000000 0.510864 0.194744 -0.199933 -0.432499 -0.094028 0.020038 -0.099062 0.507664 -0.188835 0.208897 -0.440684 0.099769 0.021416 0.100176 0.439582 0.214668 0.219362 1.620522 0.451626 0.415439 0.085314 -0.052820 0.413862 0.053648 0.786521 0.142942 0.436843 -0.044579 -0.735025 0.084839 0.420592 -0.338554 0.415758 -0.350121 0.085932 -1.233425 0.566528 -0.128819 -1.177563 0.179488 -0.329625 -0.040095 2.781625 1.426465 -7.199265 3.207961 0.920154 -4.204576 2.781625 1.426465 1.629735 3.207961 0.920154 4.624424 0.000000 0.000000 -8.829000 0.000000 0.000000 -8.829000 0.000000 0.000000 0.000000 0.000000 0.000000 0.000000 0.000000 0.000000 0.000000 0.000000 0.000000 0.000000 0.000000 0.000000 0.000000 0.000000 0.000000 0.000000 0.000000 0.000000 0.000000 0.000000 0.000000 0.000000
17.942055 1.000000 0.510864 0.194732 -0.199981 -0.432499 -0.094016 0.020038 -0.099050 0.507664 -0.188871 0.208861 -0.440696 0.099709 0.021404 0.100164 0.434139 0.217586 0.204887 1.618751 0.451706 0.412939 0.083380 -0.057591 0.406329 0.057986 0.786754 0.139973 0.440805 -0.040169 -0.740458 0.087670 0.406053 -0.340332 0.415842 -0.352622 0.083990 -1.238203 0.558904 -0.124578 -1.177322 0.176512 -0.325665 -0.035726 2.788398 1.376142 -7.195054 3.228021 0.928581 -4.214541 2.788398 1.376142 1.633946 3.228021 0.928581 4.614459 0.000000 0.000000 -8.829000 0.000000 0.000000 -8.829000 0.000000 0.000000 0.000000 0.000000 0.000000 0.000000 0.000000 0.000000 0.000000 0.000000 0.000000 0.000000 0.000000 0.000000 0.000000 0.000000 0.000000 0.000000 0.000000 0.000000 0.000000 0.000000 0.000000 0.000000
17.982307 1.000000 0.510864 0.194756 -0.199993 -0.432511 -0.094016 0.020026 -0.099050 0.507688 -0.188847 0.208837 -0.440684 0.099745 0.021428 0.100176 0.451373 0.210100 0.209068 1.620027 0.451641 0.416089 0.083460 -0.052450 0.396257 0.079731 0.794099 0.136650 0.442811 -0.033941 -0.723220 0.080181 0.410260 -0.339056 0.415778 -0.349474 0.084076 -1.233027 0.548808 -0.102808 -1.169970 0.173195 -0.323654 -0.029478 2.714456 1.385431 -7.194259 3.197751 0.992041 -4.249089 2.714456 1.385431 1.634741 3.197751 0.992041 4.579911 0.000000 0.000000 -8.829000 0.000000 0.000000 -8.829000 0.000000 0.000000 0.000000 0.000000 0.000000 0.000000 0.000000 0.000000 0.000000 0.000000 0.000000 0.000000 0.000000 0.000000 0.000000 0.000000 0.000000 0.000000 0.000000 0.000000 0.000000 0.000000 0.000000 0.000000
18.025745 1.000000 0.510840 0.194744 -0.199993 -0.432511 -0.094040 0.020038 -0.099062 0.507760 -0.188883 0.208765 -0.440696 0.099721 0.021416 0.100164 0.439808 0.198645 0.194495 1.619037 0.451561 0.415515 0.082464 -0.065801 0.391850 0.099199 0.788365 0.147703 0.439439 -0.028545 -0.734827 0.068708 0.395671 -0.340054 0.415693 -0.350049 0.083069 -1.246273 0.544235 -0.083452 -1.175679 0.184242 -0.327024 -0.024110 2.766765 1.309680 -7.204985 3.225434 1.063070 -4.231220 2.766765 1.309680 1.624015 3.225434 1.063070 4.597780 0.000000 0.000000 -8.829000 0.000000 0.000000 -8.829000 0.000000 0.000000 0.000000 0.000000 0.000000 0.000000 0.000000 0.000000 0.000000 0.000000 0.000000 0.000000 0.000000 0.000000 0.000000 0.000000 0.000000 0.000000 0.000000 0.000000 0.000000 0.000000 0.000000 0.000000
18.069877 1.000000 0.510852 0.194756 -0.199993 -0.432511 -0.094016 0.020038 -0.099062 0.507760 -0.188895 0.208729 -0.440672 0.099721 0.021416 0.100176 0.436482 0.213620 0.190439 1.603236 0.451616 0.414481 0.083078 -0.067863 0.400098 0.114023 0.784956 0.156656 0.439969 -0.024132 -0.738129 0.083695 0.391632 -0.355848 0.415748 -0.351081 0.083694 -1.248337 0.552412 -0.068684 -1.179076 0.193198 -0.326491 -0.019706 2.726529 1.317862 -7.135670 3.218461 1.133350 -4.224369 2.726529 1.317862 1.693330 3.218461 1.133350 4.604631 0.000000 0.000000 -8.829000 0.000000 0.000000 -8.829000 0.000000 0.000000 0.000000 0.000000 0.000000 0.000000 0.000000 0.000000 0.000000 0.000000 0.000000 0.000000 0.000000 0.000000 0.000000 0.000000 0.000000 0.000000 0.000000 0.000000 0.000000 0.000000 0.000000 0.000000
18.107285 1.000000 0.510852 0.194744 -0.199993 -0.432511 -0.094040 0.020038 -0.099050 0.507772 -0.188931 0.208729 -0.440684 0.099733 0.021416 0.100164 0.435555 0.227460 0.193426 1.606549 0.451567 0.412316 0.080143 -0.061338 0.391813 0.125385 0.795365 0.150536 0.438281 -0.017224 -0.739059 0.097528 0.394602 -0.352539 0.415704 -0.353247 0.080747 -1.241788 0.544094 -0.057380 -1.168659 0.187073 -0.328179 -0.012805 2.730569 1.349159 -7.141697 3.195040 1.161755 -4.262263 2.730569 1.349159 1.687303 3.195040 1.161755 4.566737 0.000000 0.000000 -8.829000 0.000000 0.000000 -8.829000 0.000000 0.000000 0.000000 0.000000 0.000000 0.000000 0.000000 0.000000 0.000000 0.000000 0.000000 0.000000 0.000000 0.000000 0.000000 0.000000 0.000000 0.000000 0.000000 0.000000 0.000000 0.000000 0.000000 0.000000
18.151471 1.000000 0.510852 0.194756 -0.199993 -0.432511 -0.094028 0.020038 -0.099062 0.507760 -0.188931 0.208753 -0.440696 0.099757 0.021416 0.100164 0.429629 0.229853 0.198955 1.593385 0.451597 0.412041 0.080350 -0.062820 0.388075 0.135015 0.786158 0.158923 0.434243 -0.015206 -0.744983 0.099928 0.400149 -0.365700 0.415729 -0.353521 0.080961 -1.243286 0.540402 -0.047728 -1.177874 0.195461 -0.332219 -0.010775 2.727175 1.369749 -7.087070 3.160895 1.191911 -4.218417 2.727175 1.369749 1.741930 3.160895 1.191911 4.610583 0.000000 0.000000 -8.829000 0.000000 0.000000 -8.829000 0.000000 0.000000 0.000000 0.000000 0.000000 0.000000 0.000000 0.000000 0.000000 0.000000 0.000000 0.000000 0.000000 0.000000 0.000000 0.000000 0.000000 0.000000 0.000000 0.000000 0.000000 0.000000 0.000000 0.000000
18.199328 1.000000 0.510864 0.194732 -0.199945 -0.432511 -0.094028 0.020038 -0.099062 0.507760 -0.188907 0.208753 -0.440684 0.099745 0.021404 0.100164 0.440559 0.232748 0.204217 1.603380 0.451660 0.417406 0.081028 -0.066163 0.382972 0.128631 0.783992 0.165869 0.436414 -0.008877 -0.734050 0.102885 0.405415 -0.355704 0.415793 -0.348156 0.081641 -1.246632 0.535315 -0.054073 -1.180043 0.202408 -0.330048 -0.004443 2.706937 1.398163 -7.128523 3.173767 1.166797 -4.210802 2.706937 1.398163 1.700477 3.173767 1.166797 4.618198 0.000000 0.000000 -8.829000 0.000000 0.000000 -8.829000 0.000000 0.000000 0.000000 0.000000 0.000000 0.000000 0.000000 0.000000 0.000000 0.000000 0.000000 0.000000 0.000000 0.000000 0.000000 0.000000 0.000000 0.000000 0.000000 0.000000 0.000000 0.000000 0.000000 0.000000
18.249973 1.000000 0.510864 0.194756 -0.199993 -0.432511 -0.094028 0.020026 -0.099050 0.507748 -0.188907 0.208729 -0.440696 0.099733 0.021404 0.100176 0.431768 0.217197 0.209861 1.602673 0.451471 0.414555 0.081750 -0.073458 0.377703 0.135862 0.780556 0.155346 0.433796 -0.009380 -0.742825 0.087277 0.411054 -0.356410 0.415607 -0.351008 0.082361 -1.253956 0.530015 -0.046866 -1.183483 0.191889 -0.332668 -0.004956 2.761439 1.390037 -7.129436 3.190545 1.186244 -4.198263 2.761439 1.390037 1.699564 3.190545 1.186244 4.630737 0.000000 0.000000 -8.829000 0.000000 0.000000 -8.829000 0.000000 0.000000 0.000000 0.000000 0.000000 0.000000 0.000000 0.000000 0.000000 0.000000 0.000000 0.000000 0.000000 0.000000 0.000000 0.000000 0.000000 0.000000 0.000000 0.000000 0.000000 0.000000 0.000000 0.000000
18.287385 1.000000 0.510876 0.194756 -0.199981 -0.432511 -0.094028 0.020038 -0.099050 0.507760 -0.188907 0.208729 -0.440708 0.099721 0.021404 0.100164 0.434110 0.227539 0.219384 1.608033 0.451599 0.415399 0.083489 -0.061306 0.372829 0.144805 0.802559 0.137169 0.440065 -0.008749 -0.740464 0.097642 0.420585 -0.351046 0.415736 -0.350161 0.084102 -1.241787 0.525138 -0.037922 -1.161481 0.173707 -0.326399 -0.004329 2.766390 1.443119 -7.146303 3.186669 1.205942 -4.296557 2.766390 1.443119 1.682697 3.186669 1.205942 4.532443 0.000000 0.000000 -8.829000 0.000000 0.000000 -8.829000 0.000000 0.000000 0.000000 0.000000 0.000000 0.000000 0.000000 0.000000 0.000000 0.000000 0.000000 0.000000 0.000000 0.000000 0.000000 0.000000 0.000000 0.000000 0.000000 0.000000 0.000000 0.000000 0.000000 0.000000
18.322452 1.000000 0.510864 0.194756 -0.199969 -0.432499 -0.094040 0.020026 -0.099050 0.507760 -0.188907 0.208753 -0.440672 0.099757 0.021404 0.100176 0.423480 0.210466 0.198485 1.591791 0.451462 0.412495 0.080878 -0.075169 0.372133 0.126511 0.793938 0.134611 0.438690 -0.005048 -0.751117 0.080590 0.399703 -0.367287 0.415599 -0.353066 0.081490 -1.255634 0.524478 -0.056192 -1.170094 0.171154 -0.327771 -0.000609 2.767041 1.334485 -7.090987 3.246063 1.147517 -4.261456 2.767041 1.334485 1.738013 3.246063 1.147517 4.567544 0.000000 0.000000 -8.829000 0.000000 0.000000 -8.829000 0.000000 0.000000 0.000000 0.000000 0.000000 0.000000 0.000000 0.000000 0.000000 0.000000 0.000000 0.000000 0.000000 0.000000 0.000000 0.000000 0.000000 0.000000 0.000000 0.000000 0.000000 0.000000 0.000000 0.000000
18.354610 1.000000 0.510864 0.194744 -0.199969 -0.432511 -0.094052 0.020026 -0.099062 0.507760 -0.188907 0.208729 -0.440684 0.099673 0.021392 0.100164 0.421921 0.229895 0.204982 1.597708 0.451558 0.415677 0.081454 -0.068470 0.367486 0.119214 0.803246 0.142685 0.437392 -0.003717 -0.752680 0.100002 0.406176 -0.361376 0.415690 -0.349886 0.082058 -1.248947 0.519789 -0.063515 -1.160788 0.179222 -0.329072 0.000686 2.788017 1.388914 -7.115276 3.237727 1.111654 -4.290034 2.788017 1.388914 1.713724 3.237727 1.111654 4.538966 0.000000 0.000000 -8.829000 0.000000 0.000000 -8.829000 0.000000 0.000000 0.000000 0.000000 0.000000 0.000000 0.000000 0.000000 0.000000 0.000000 0.000000 0.000000 0.000000 0.000000 0.000000 0.000000 0.000000 0.000000 0.000000 0.000000 0.000000 0.000000 0.000000 0.000000
18.385887 1.000000 0.510852 0.194756 -0.200005 -0.432499 -0.094040 0.020050 -0.099050 0.507748 -0.188931 0.208729 -0.440696 0.099757 0.021416 0.100164 0.433866 0.219750 0.209154 1.606904 0.451670 0.418015 0.082640 -0.081376 0.364651 0.126459 0.796246 0.139417 0.437486 -0.004110 -0.740739 0.089812 0.410338 -0.352178 0.415806 -0.347545 0.083245 -1.261869 0.516940 -0.056311 -1.167787 0.175955 -0.328977 0.000315 2.764490 1.392886 -7.151510 3.277802 1.138226 -4.270780 2.764490 1.392886 1.677490 3.277802 1.138226 4.558220 0.000000 0.000000 -8.829000 0.000000 0.000000 -8.829000 0.000000 0.000000 0.000000 0.000000 0.000000 0.000000 0.000000 0.000000 0.000000 0.000000 0.000000 0.000000 0.000000 0.000000 0.000000 0.000000 0.000000 0.000000 0.000000 0.000000 0.000000 0.000000 0.000000 0.000000
18.416176 1.000000 0.510852 0.194768 -0.199993 -0.432511 -0.094064 0.020038 -0.099062 0.507772 -0.188907 0.208729 -0.440684 0.099685 0.021416 0.100164 0.434756 0.211976 0.208325 1.607540 0.451581 0.416927 0.081851 -0.080605 0.369609 0.125888 0.795637 0.136766 0.439080 -0.004607 -0.739853 0.082061 0.409538 -0.351541 0.415713 -0.348635 0.082453 -1.261059 0.521909 -0.056837 -1.168392 0.173304 -0.327380 -0.000198 2.764449 1.377412 -7.153984 3.277927 1.143741 -4.271841 2.764449 1.377412 1.675016 3.277927 1.143741 4.557159 0.000000 0.000000 -8.829000 0.000000 0.000000 -8.829000 0.000000 0.000000 0.000000 0.000000 0.000000 0.000000 0.000000 0.000000 0.000000 0.000000 0.000000 0.000000 0.000000 0.000000 0.000000 0.000000 0.000000 0.000000 0.000000 0.000000 0.000000 0.000000 0.000000 0.000000
18.454600 1.000000 0.510852 0.194756 -0.199957 -0.432499 -0.094064 0.020026 -0.099050 0.507748 -0.188907 0.208729 -0.440696 0.099721 0.021416 0.100176 0.425639 0.206219 0.199952 1.605803 0.451499 0.412201 0.082074 -0.092204 0.367171 0.120551 0.774238 0.133863 0.434876 -0.007786 -0.748981 0.076360 0.401184 -0.353277 0.415635 -0.353362 0.082680 -1.272701 0.519483 -0.062177 -1.189800 0.170405 -0.331587 -0.003366 2.798666 1.335423 -7.149281 3.277587 1.123064 -4.180282 2.798666 1.335423 1.679719 3.277587 1.123064 4.648718 0.000000 0.000000 -8.829000 0.000000 0.000000 -8.829000 0.000000 0.000000 0.000000 0.000000 0.000000 0.000000 0.000000 0.000000 0.000000 0.000000 0.000000 0.000000 0.000000 0.000000 0.000000 0.000000 0.000000 0.000000 0.000000 0.000000 0.000000 0.000000 0.000000 0.000000
18.485852 1.000000 0.510852 0.194768 -0.199981 -0.432499 -0.094052 0.020026 -0.099062 0.507736 -0.188907 0.208717 -0.440672 0.099637 0.021416 0.100164 0.436440 0.204442 0.192701 1.614608 0.451706 0.415435 0.081681 -0.086943 0.371545 0.134841 0.767397 0.131715 0.437124 -0.006671 -0.738170 0.074549 0.393927 -0.344471 0.415838 -0.350127 0.082290 -1.267459 0.523829 -0.047908 -1.196637 0.168251 -0.329338 -0.002284 2.766391 1.310837 -7.187355 3.224868 1.180009 -4.157113 2.766391 1.310837 1.641645 3.224868 1.180009 4.671887 0.000000 0.000000 -8.829000 0.000000 0.000000 -8.829000 0.000000 0.000000 0.000000 0.000000 0.000000 0.000000 0.000000 0.000000 0.000000 0.000000 0.000000 0.000000 0.000000 0.000000 0.000000 0.000000 0.000000 0.000000 0.000000 0.000000 0.000000 0.000000 0.000000 0.000000
18.520542 1.000000 0.510852 0.194768 -0.199957 -0.432511 -0.094040 0.020038 -0.099062 0.507748 -0.188907 0.208729 -0.440696 0.099721 0.021404 0.100164 0.427629 0.196731 0.185709 1.609743 0.451547 0.413019 0.083945 -0.087084 0.364037 0.122752 0.770488 0.129763 0.436118 -0.010915 -0.746989 0.066876 0.386958 -0.349336 0.415680 -0.352543 0.084563 -1.267582 0.516345 -0.059979 -1.193552 0.166301 -0.330346 -0.006496 2.795992 1.271519 -7.173320 3.239513 1.121746 -4.163658 2.795992 1.271519 1.655680 3.239513 1.121746 4.665342 0.000000 0.000000 -8.829000 0.000000 0.000000 -8.829000 0.000000 0.000000 0.000000 0.000000 0.000000 0.000000 0.000000 0.000000 0.000000 0.000000 0.000000 0.000000 0.000000 0.000000 0.000000 0.000000 0.000000 0.000000 0.000000 0.000000 0.000000 0.000000 0.000000 0.000000
18.555310 1.000000 0.510852 0.194756 -0.199957 -0.432499 -0.094052 0.020038 -0.099050 0.507760 -0.188931 0.208753 -0.440708 0.099733 0.021416 0.100164 0.432917 0.206869 0.195266 1.614111 0.451538 0.412019 0.082475 -0.076974 0.363376 0.135272 0.781581 0.138812 0.441811 -0.009568 -0.741702 0.077010 0.396498 -0.344968 0.415675 -0.353542 0.083085 -1.257442 0.515705 -0.047470 -1.182454 0.175350 -0.324651 -0.005146 2.780018 1.323490 -7.180493 3.212932 1.163103 -4.216096 2.780018 1.323490 1.648507 3.212932 1.163103 4.612904 0.000000 0.000000 -8.829000 0.000000 0.000000 -8.829000 0.000000 0.000000 0.000000 0.000000 0.000000 0.000000 0.000000 0.000000 0.000000 0.000000 0.000000 0.000000 0.000000 0.000000 0.000000 0.000000 0.000000 0.000000 0.000000 0.000000 0.000000 0.000000 0.000000 0.000000
18.585627 1.000000 0.510876 0.194756 -0.199981 -0.432511 -0.094064 0.020038 -0.099050 0.507748 -0.188907 0.208729 -0.440696 0.099697 0.021404 0.100164 0.437060 0.202158 0.198324 1.608613 0.451710 0.413739 0.082382 -0.085250 0.362329 0.137468 0.773305 0.146007 0.438456 -0.010018 -0.737514 0.072261 0.399525 -0.350465 0.415847 -0.351822 0.082982 -1.265749 0.514637 -0.045263 -1.190734 0.182544 -0.328008 -0.005607 2.750487 1.327591 -7.157488 3.226095 1.172149 -4.180693 2.750487 1.327591 1.671512 3.226095 1.172149 4.648307 0.000000 0.000000 -8.829000 0.000000 0.000000 -8.829000 0.000000 0.000000 0.000000 0.000000 0.000000 0.000000 0.000000 0.000000 0.000000 0.000000 0.000000 0.000000 0.000000 0.000000 0.000000 0.000000 0.000000 0.000000 0.000000 0.000000 0.000000 0.000000 0.000000 0.000000
18.617355 1.000000 0.510852 0.194744 -0.199993 -0.432499 -0.094064 0.020026 -0.099050 0.507748 -0.188907 0.208729 -0.440684 0.099721 0.021416 0.100176 0.436551 0.197745 0.201254 1.608813 0.451564 0.413060 0.080171 -0.087445 0.353375 0.143258 0.775522 0.141959 0.437879 -0.011894 -0.738062 0.067816 0.402431 -0.350273 0.415700 -0.352503 0.080767 -1.267939 0.505684 -0.039471 -1.188513 0.178501 -0.328582 -0.007473 2.757332 1.329140 -7.157592 3.233252 1.177911 -4.190511 2.757332 1.329140 1.671408 3.233252 1.177911 4.638489 0.000000 0.000000 -8.829000 0.000000 0.000000 -8.829000 0.000000 0.000000 0.000000 0.000000 0.000000 0.000000 0.000000 0.000000 0.000000 0.000000 0.000000 0.000000 0.000000 0.000000 0.000000 0.000000 0.000000 0.000000 0.000000 0.000000 0.000000 0.000000 0.000000 0.000000
18.647825 1.000000 0.510840 0.194768 -0.199993 -0.432499 -0.094040 0.020026 -0.099062 0.507760 -0.188907 0.208729 -0.440684 0.099697 0.021416 0.100164 0.424455 0.204553 0.204656 1.603390 0.451510 0.410224 0.080133 -0.066812 0.353900 0.149215 0.787271 0.138464 0.443432 -0.008402 -0.750173 0.074638 0.405874 -0.355693 0.415643 -0.355339 0.080745 -1.247287 0.506202 -0.033513 -1.176762 0.175002 -0.323030 -0.003990 2.799876 1.347594 -7.135277 3.159988 1.194173 -4.237795 2.799876 1.347594 1.693723 3.159988 1.194173 4.591205 0.000000 0.000000 -8.829000 0.000000 0.000000 -8.829000 0.000000 0.000000 0.000000 0.000000 0.000000 0.000000 0.000000 0.000000 0.000000 0.000000 0.000000 0.000000 0.000000 0.000000 0.000000 0.000000 0.000000 0.000000 0.000000 0.000000 0.000000 0.000000 0.000000 0.000000
18.681077 1.000000 0.510852 0.194744 -0.199969 -0.432499 -0.094040 0.020038 -0.099050 0.507748 -0.188907 0.208729 -0.440684 0.099685 0.021404 0.100164 0.428933 0.219656 0.193289 1.598141 0.451666 0.412510 0.079751 -0.079821 0.359023 0.154298 0.763825 0.135753 0.433917 -0.004901 -0.745686 0.089768 0.394489 -0.360942 0.415803 -0.353052 0.080359 -1.260317 0.511328 -0.028434 -1.200211 0.172290 -0.332546 -0.000495 2.746425 1.332716 -7.113174 3.149314 1.227189 -4.133878 2.746425 1.332716 1.715826 3.149314 1.227189 4.695122 0.000000 0.000000 -8.829000 0.000000 0.000000 -8.829000 0.000000 0.000000 0.000000 0.000000 0.000000 0.000000 0.000000 0.000000 0.000000 0.000000 0.000000 0.000000 0.000000 0.000000 0.000000 0.000000 0.000000 0.000000 0.000000 0.000000 0.000000 0.000000 0.000000 0.000000
18.719181 1.000000 0.510852 0.194756 -0.199969 -0.432499 -0.094064 0.020038 -0.099050 0.507760 -0.188931 0.208729 -0.440684 0.099661 0.021416 0.100164 0.429494 0.206991 0.198997 1.602592 0.451463 0.412943 0.078445 -0.083227 0.357620 0.157416 0.769225 0.144795 0.434352 0.000408 -0.745122 0.077112 0.400217 -0.356488 0.415600 -0.352619 0.079048 -1.263697 0.509902 -0.025352 -1.194802 0.181331 -0.332109 0.004801 2.768266 1.332098 -7.133961 3.176580 1.241140 -4.159026 2.768266 1.332098 1.695039 3.176580 1.241140 4.669974 0.000000 0.000000 -8.829000 0.000000 0.000000 -8.829000 0.000000 0.000000 0.000000 0.000000 0.000000 0.000000 0.000000 0.000000 0.000000 0.000000 0.000000 0.000000 0.000000 0.000000 0.000000 0.000000 0.000000 0.000000 0.000000 0.000000 0.000000 0.000000 0.000000 0.000000
18.749434 1.000000 0.510852 0.194744 -0.199981 -0.432511 -0.094040 0.020038 -0.099062 0.507748 -0.188907 0.208729 -0.440684 0.099721 0.021404 0.100164 0.436405 0.219866 0.205987 1.608412 0.451757 0.414645 0.079367 -0.082668 0.357682 0.137870 0.758635 0.141253 0.434434 -0.001773 -0.738212 0.089951 0.407172 -0.350674 0.415889 -0.350917 0.079973 -1.263164 0.509987 -0.044861 -1.205401 0.177791 -0.332029 0.002647 2.748170 1.381255 -7.151002 3.161148 1.169659 -4.108860 2.748170 1.381255 1.677998 3.161148 1.169659 4.720140 0.000000 0.000000 -8.829000 0.000000 0.000000 -8.829000 0.000000 0.000000 0.000000 0.000000 0.000000 0.000000 0.000000 0.000000 0.000000 0.000000 0.000000 0.000000 0.000000 0.000000 0.000000 0.000000 0.000000 0.000000 0.000000 0.000000 0.000000 0.000000 0.000000 0.000000
18.786319 1.000000 0.510852 0.194756 -0.199981 -0.432511 -0.094040 0.020038 -0.099062 0.507772 -0.188919 0.208729 -0.440696 0.099733 0.021416 0.100176 0.434892 0.205769 0.193031 1.610527 0.451591 0.414598 0.079330 -0.084088 0.361525 0.149779 0.764294 0.149038 0.436892 -0.001643 -0.739723 0.075863 0.394236 -0.348557 0.415724 -0.350965 0.079940 -1.264542 0.513822 -0.032962 -1.199735 0.185580 -0.329568 0.002780 2.760777 1.311816 -7.168980 3.179372 1.219709 -4.141652 2.760777 1.311816 1.660020 3.179372 1.219709 4.687348 0.000000 0.000000 -8.829000 0.000000 0.000000 -8.829000 0.000000 0.000000 0.000000 0.000000 0.000000 0.000000 0.000000 0.000000 0.000000 0.000000 0.000000 0.000000 0.000000 0.000000 0.000000 0.000000 0.000000 0.000000 0.000000 0.000000 0.000000 0.000000 0.000000 0.000000
18.820755 1.000000 0.510840 0.194768 -0.199993 -0.432511 -0.094076 0.020038 -0.099050 0.507760 -0.188931 0.208729 -0.440696 0.099685 0.021404 0.100176 0.429660 0.210075 0.201259 1.597541 0.451368 0.410731 0.080933 -0.084730 0.359345 0.152800 0.766100 0.155073 0.432811 0.000382 -0.744971 0.080160 0.402477 -0.361544 0.415504 -0.354833 0.081533 -1.265203 0.511634 -0.029966 -1.197931 0.191614 -0.333652 0.004783 2.751568 1.346630 -7.107188 3.178117 1.228085 -4.142401 2.751568 1.346630 1.721812 3.178117 1.228085 4.686599 0.000000 0.000000 -8.829000 0.000000 0.000000 -8.829000 0.000000 0.000000 0.000000 0.000000 0.000000 0.000000 0.000000 0.000000 0.000000 0.000000 0.000000 0.000000 0.000000 0.000000 0.000000 0.000000 0.000000 0.000000 0.000000 0.000000 0.000000 0.000000 0.000000 0.000000
18.851157 1.000000 0.510864 0.194744 -0.199981 -0.432511 -0.094076 0.020038 -0.099062 0.507760 -0.188907 0.208729 -0.440708 0.099721 0.021404 0.100164 0.431780 0.206926 0.201859 1.591088 0.451469 0.409483 0.078188 -0.088382 0.363763 0.155932 0.751368 0.150071 0.427512 0.001671 -0.742817 0.077013 0.403041 -0.367995 0.415601 -0.356079 0.078780 -1.268863 0.516071 -0.026794 -1.212672 0.186609 -0.338952 0.006091 2.722727 1.342399 -7.076648 3.150112 1.248107 -4.075875 2.722727 1.342399 1.752352 3.150112 1.248107 4.753125 0.000000 0.000000 -8.829000 0.000000 0.000000 -8.829000 0.000000 0.000000 0.000000 0.000000 0.000000 0.000000 0.000000 0.000000 0.000000 0.000000 0.000000 0.000000 0.000000 0.000000 0.000000 0.000000 0.000000 0.000000 0.000000 0.000000 0.000000 0.000000 0.000000 0.000000
18.882706 1.000000 0.510864 0.194756 -0.199969 -0.432499 -0.094040 0.020062 -0.099050 0.507760 -0.188931 0.208729 -0.440684 0.099745 0.021428 0.100164 0.432323 0.201513 0.194451 1.598312 0.451597 0.409728 0.079039 -0.085012 0.370753 0.146365 0.766818 0.145127 0.432796 -0.002901 -0.742270 0.071638 0.395669 -0.360762 0.415734 -0.355831 0.079649 -1.265481 0.523036 -0.036402 -1.197208 0.181664 -0.333663 0.001522 2.738241 1.308608 -7.111375 3.196120 1.221319 -4.147820 2.738241 1.308608 1.717625 3.196120 1.221319 4.681180 0.000000 0.000000 -8.829000 0.000000 0.000000 -8.829000 0.000000 0.000000 0.000000 0.000000 0.000000 0.000000 0.000000 0.000000 0.000000 0.000000 0.000000 0.000000 0.000000 0.000000 0.000000 0.000000 0.000000 0.000000 0.000000 0.000000 0.000000 0.000000 0.000000 0.000000
18.914644 1.000000 0.510864 0.194744 -0.199981 -0.432499 -0.094064 0.020038 -0.099062 0.507760 -0.188931 0.208753 -0.440696 0.099721 0.021404 0.100164 0.421890 0.206309 0.190353 1.594769 0.451448 0.407283 0.077735 -0.074697 0.367277 0.141973 0.775307 0.140898 0.438849 -0.000366 -0.752704 0.076399 0.391535 -0.364311 0.415580 -0.358278 0.078331 -1.255164 0.519603 -0.040771 -1.188726 0.177435 -0.327614 0.004052 2.772913 1.296769 -7.099412 3.174004 1.198031 -4.184992 2.772913 1.296769 1.729588 3.174004 1.198031 4.644008 0.000000 0.000000 -8.829000 0.000000 0.000000 -8.829000 0.000000 0.000000 0.000000 0.000000 0.000000 0.000000 0.000000 0.000000 0.000000 0.000000 0.000000 0.000000 0.000000 0.000000 0.000000 0.000000 0.000000 0.000000 0.000000 0.000000 0.000000 0.000000 0.000000 0.000000
18.946833 1.000000 0.510840 0.194768 -0.199981 -0.432511 -0.094040 0.020038 -0.099050 0.507760 -0.188907 0.208729 -0.440672 0.099721 0.021416 0.100176 0.433343 0.214983 0.182182 1.603664 0.451626 0.410623 0.077687 -0.073869 0.368066 0.147477 0.782296 0.137351 0.442009 -0.001904 -0.741291 0.085089 0.383413 -0.355420 0.415763 -0.354940 0.078302 -1.254340 0.520369 -0.035250 -1.181733 0.173893 -0.324451 0.002518 2.730636 1.286611 -7.134875 3.189621 1.217936 -4.221587 2.730636 1.286611 1.694125 3.189621 1.217936 4.607413 0.000000 0.000000 -8.829000 0.000000 0.000000 -8.829000 0.000000 0.000000 0.000000 0.000000 0.000000 0.000000 0.000000 0.000000 0.000000 0.000000 0.000000 0.000000 0.000000 0.000000 0.000000 0.000000 0.000000 0.000000 0.000000 0.000000 0.000000 0.000000 0.000000 0.000000
18.986608 1.000000 0.510864 0.194768 -0.199993 -0.432499 -0.094040 0.020038 -0.099050 0.507760 -0.188931 0.208729 -0.440696 0.099685 0.021404 0.100164 0.431288 0.232225 0.191051 1.606012 0.451640 0.410974 0.076321 -0.089616 0.365888 0.150858 0.756267 0.133920 0.433967 0.000536 -0.743299 0.102319 0.392264 -0.353063 0.415777 -0.354586 0.076931 -1.270089 0.518174 -0.031909 -1.207764 0.170457 -0.332496 0.004936 2.743357 1.344574 -7.139324 3.184569 1.233654 -4.108871 2.743357 1.344574 1.689676 3.184569 1.233654 4.720129 0.000000 0.000000 -8.829000 0.000000 0.000000 -8.829000 0.000000 0.000000 0.000000 0.000000 0.000000 0.000000 0.000000 0.000000 0.000000 0.000000 0.000000 0.000000 0.000000 0.000000 0.000000 0.000000 0.000000 0.000000 0.000000 0.000000 0.000000 0.000000 0.000000 0.000000
19.030647 1.000000 0.510840 0.194744 -0.199957 -0.432511 -0.094040 0.020026 -0.099062 0.507772 -0.188931 0.208729 -0.440672 0.099685 0.021440 0.100176 0.448435 0.217658 0.177817 1.608183 0.451570 0.408671 0.076202 -0.086194 0.364030 0.158149 0.767288 0.130309 0.435759 0.003239 -0.726210 0.087781 0.379029 -0.350906 0.415702 -0.356894 0.076814 -1.266637 0.516310 -0.024615 -1.196731 0.166850 -0.330698 0.007642 2.657482 1.280936 -7.140540 3.191705 1.257136 -4.158036 2.657482 1.280936 1.688460 3.191705 1.257136 4.670964 0.000000 0.000000 -8.829000 0.000000 0.000000 -8.829000 0.000000 0.000000 0.000000 0.000000 0.000000 0.000000 0.000000 0.000000 0.000000 0.000000 0.000000 0.000000 0.000000 0.000000 0.000000 0.000000 0.000000 0.000000 0.000000 0.000000 0.000000 0.000000 0.000000 0.000000
19.067163 1.000000 0.510840 0.194768 -0.199933 -0.432511 -0.094040 0.020026 -0.099050 0.507760 -0.188907 0.208729 -0.440696 0.099649 0.021416 0.100164 0.438151 0.212808 0.177307 1.607884 0.451593 0.408605 0.077952 -0.089334 0.368456 0.159761 0.764632 0.128365 0.434525 0.000101 -0.736497 0.082994 0.378586 -0.351197 0.415730 -0.356960 0.078576 -1.269812 0.520760 -0.022966 -1.199404 0.164902 -0.331938 0.004496 2.712962 1.268598 -7.148065 3.202098 1.269245 -4.148649 2.712962 1.268598 1.680935 3.202098 1.269245 4.680351 0.000000 0.000000 -8.829000 0.000000 0.000000 -8.829000 0.000000 0.000000 0.000000 0.000000 0.000000 0.000000 0.000000 0.000000 0.000000 0.000000 0.000000 0.000000 0.000000 0.000000 0.000000 0.000000 0.000000 0.000000 0.000000 0.000000 0.000000 0.000000 0.000000 0.000000
19.102419 1.000000 0.510864 0.194744 -0.199969 -0.432511 -0.094076 0.020038 -0.099050 0.507748 -0.188919 0.208729 -0.440672 0.099721 0.021404 0.100164 0.434079 0.230049 0.192345 1.610865 0.451481 0.409804 0.080825 -0.088691 0.364111 0.148477 0.760256 0.126453 0.435099 0.001163 -0.740522 0.100159 0.393541 -0.348219 0.415617 -0.355758 0.081419 -1.269182 0.516404 -0.034276 -1.203774 0.162991 -0.331363 0.005580 2.744975 1.350103 -7.156507 3.193246 1.222254 -4.126466 2.744975 1.350103 1.672493 3.193246 1.222254 4.702534 0.000000 0.000000 -8.829000 0.000000 0.000000 -8.829000 0.000000 0.000000 0.000000 0.000000 0.000000 0.000000 0.000000 0.000000 0.000000 0.000000 0.000000 0.000000 0.000000 0.000000 0.000000 0.000000 0.000000 0.000000 0.000000 0.000000 0.000000 0.000000 0.000000 0.000000
19.144902 1.000000 0.510852 0.194756 -0.199945 -0.432499 -0.094076 0.020038 -0.099062 0.507748 -0.188907 0.208753 -0.440696 0.099685 0.021404 0.100176 0.423930 0.215173 0.175700 1.613951 0.451455 0.411441 0.081665 -0.090598 0.369035 0.148326 0.765959 0.124496 0.437519 0.001137 -0.750691 0.085330 0.376941 -0.345126 0.415587 -0.354121 0.082268 -1.271089 0.521386 -0.034379 -1.198081 0.161038 -0.328945 0.005548 2.804871 1.263462 -7.189096 3.225394 1.230929 -4.157137 2.804871 1.263462 1.639904 3.225394 1.230929 4.671863 0.000000 0.000000 -8.829000 0.000000 0.000000 -8.829000 0.000000 0.000000 0.000000 0.000000 0.000000 0.000000 0.000000 0.000000 0.000000 0.000000 0.000000 0.000000 0.000000 0.000000 0.000000 0.000000 0.000000 0.000000 0.000000 0.000000 0.000000 0.000000 0.000000 0.000000
19.177490 1.000000 0.510864 0.194756 -0.199993 -0.432523 -0.094076 0.020026 -0.099050 0.507760 -0.188931 0.208729 -0.440684 0.099745 0.021392 0.100164 0.417598 0.236056 0.190465 1.608206 0.451467 0.408808 0.083105 -0.094047 0.361439 0.144721 0.766070 0.123308 0.436873 -0.002318 -0.756998 0.106133 0.391656 -0.350881 0.415603 -0.356756 0.083700 -1.274519 0.513723 -0.038047 -1.197958 0.159846 -0.329590 0.002104 2.817105 1.348010 -7.154313 3.241948 1.204643 -4.156346 2.817105 1.348010 1.674687 3.241948 1.204643 4.672654 0.000000 0.000000 -8.829000 0.000000 0.000000 -8.829000 0.000000 0.000000 0.000000 0.000000 0.000000 0.000000 0.000000 0.000000 0.000000 0.000000 0.000000 0.000000 0.000000 0.000000 0.000000 0.000000 0.000000 0.000000 0.000000 0.000000 0.000000 0.000000 0.000000 0.000000
19.204348 1.000000 0.510852 0.194744 -0.199993 -0.432499 -0.094064 0.020050 -0.099050 0.507760 -0.188931 0.208717 -0.440696 0.099649 0.021404 0.100164 0.427629 0.233487 0.189996 1.620835 0.451678 0.414714 0.084268 -0.094910 0.366358 0.153182 0.765847 0.122565 0.436983 0.000249 -0.746982 0.103558 0.391173 -0.338248 0.415815 -0.350847 0.084862 -1.275386 0.518623 -0.029598 -1.198183 0.159101 -0.329480 0.004633 2.808752 1.346964 -7.212015 3.241494 1.244869 -4.159646 2.808752 1.346964 1.616985 3.241494 1.244869 4.669354 0.000000 0.000000 -8.829000 0.000000 0.000000 -8.829000 0.000000 0.000000 0.000000 0.000000 0.000000 0.000000 0.000000 0.000000 0.000000 0.000000 0.000000 0.000000 0.000000 0.000000 0.000000 0.000000 0.000000 0.000000 0.000000 0.000000 0.000000 0.000000 0.000000 0.000000
19.238356 1.000000 0.510840 0.194768 -0.199993 -0.432511 -0.094064 0.020038 -0.099062 0.507748 -0.188931 0.208729 -0.440684 0.099649 0.021416 0.100188 0.425192 0.236065 0.198571 1.614004 0.451537 0.411447 0.084503 -0.070721 0.364628 0.144199 0.779054 0.121430 0.442293 -0.002246 -0.749438 0.106147 0.399787 -0.345081 0.415669 -0.354117 0.085107 -1.251209 0.516919 -0.038568 -1.184974 0.157975 -0.324168 0.002142 2.803752 1.380858 -7.175589 3.166220 1.198721 -4.205828 2.803752 1.380858 1.653411 3.166220 1.198721 4.623172 0.000000 0.000000 -8.829000 0.000000 0.000000 -8.829000 0.000000 0.000000 0.000000 0.000000 0.000000 0.000000 0.000000 0.000000 0.000000 0.000000 0.000000 0.000000 0.000000 0.000000 0.000000 0.000000 0.000000 0.000000 0.000000 0.000000 0.000000 0.000000 0.000000 0.000000
19.269724 1.000000 0.510840 0.194756 -0.199993 -0.432499 -0.094076 0.020026 -0.099050 0.507748 -0.188907 0.208729 -0.440684 0.099685 0.021416 0.100164 0.423897 0.220494 0.196250 1.616609 0.451442 0.412587 0.083264 -0.077323 0.360896 0.135996 0.777879 0.130794 0.441487 -0.000978 -0.750734 0.090572 0.397449 -0.342477 0.415578 -0.352977 0.083859 -1.257818 0.513201 -0.046736 -1.186156 0.167331 -0.324975 0.003429 2.826617 1.345961 -7.194467 3.199333 1.167065 -4.199584 2.826617 1.345961 1.634533 3.199333 1.167065 4.629416 0.000000 0.000000 -8.829000 0.000000 0.000000 -8.829000 0.000000 0.000000 0.000000 0.000000 0.000000 0.000000 0.000000 0.000000 0.000000 0.000000 0.000000 0.000000 0.000000 0.000000 0.000000 0.000000 0.000000 0.000000 0.000000 0.000000 0.000000 0.000000 0.000000 0.000000
19.310143 1.000000 0.510864 0.194756 -0.199969 -0.432511 -0.094064 0.020038 -0.099062 0.507748 -0.188931 0.208729 -0.440684 0.099649 0.021392 0.100164 0.426172 0.245102 0.206196 1.616826 0.451601 0.410225 0.083656 -0.084176 0.367928 0.149082 0.762791 0.128126 0.442946 0.002270 -0.748426 0.115219 0.407410 -0.342254 0.415733 -0.355336 0.084259 -1.264668 0.520213 -0.033690 -1.201240 0.164663 -0.323518 0.006656 2.804797 1.422960 -7.179858 3.187500 1.230514 -4.148317 2.804797 1.422960 1.649142 3.187500 1.230514 4.680683 0.000000 0.000000 -8.829000 0.000000 0.000000 -8.829000 0.000000 0.000000 0.000000 0.000000 0.000000 0.000000 0.000000 0.000000 0.000000 0.000000 0.000000 0.000000 0.000000 0.000000 0.000000 0.000000 0.000000 0.000000 0.000000 0.000000 0.000000 0.000000 0.000000 0.000000
19.338588 1.000000 0.510864 0.194744 -0.199981 -0.432523 -0.094040 0.020038 -0.099062 0.507760 -0.188931 0.208729 -0.440708 0.099649 0.021404 0.100164 0.432156 0.242607 0.206634 1.616184 0.451556 0.410383 0.081439 -0.077011 0.363770 0.150372 0.767379 0.126562 0.443859 -0.000099 -0.742444 0.112691 0.407815 -0.342903 0.415689 -0.355179 0.082045 -1.257487 0.516058 -0.032395 -1.196655 0.163098 -0.322605 0.004288 2.773479 1.421185 -7.173475 3.161345 1.223884 -4.164183 2.773479 1.421185 1.655525 3.161345 1.223884 4.664817 0.000000 0.000000 -8.829000 0.000000 0.000000 -8.829000 0.000000 0.000000 0.000000 0.000000 0.000000 0.000000 0.000000 0.000000 0.000000 0.000000 0.000000 0.000000 0.000000 0.000000 0.000000 0.000000 0.000000 0.000000 0.000000 0.000000 0.000000 0.000000 0.000000 0.000000
19.367113 1.000000 0.510852 0.194756 -0.199969 -0.432523 -0.094076 0.020050 -0.099050 0.507748 -0.188919 0.208729 -0.440684 0.099649 0.021416 0.100164 0.425651 0.231920 0.200368 1.614189 0.451483 0.410026 0.080118 -0.085761 0.364713 0.156261 0.772725 0.125137 0.443285 -0.000753 -0.748970 0.102036 0.401586 -0.344897 0.415619 -0.355537 0.080718 -1.266253 0.517008 -0.026491 -1.191308 0.161674 -0.323177 0.003637 2.802769 1.378168 -7.173795 3.217116 1.249688 -4.193687 2.802769 1.378168 1.655205 3.217116 1.249688 4.635313 0.000000 0.000000 -8.829000 0.000000 0.000000 -8.829000 0.000000 0.000000 0.000000 0.000000 0.000000 0.000000 0.000000 0.000000 0.000000 0.000000 0.000000 0.000000 0.000000 0.000000 0.000000 0.000000 0.000000 0.000000 0.000000 0.000000 0.000000 0.000000 0.000000 0.000000
19.401267 1.000000 0.510876 0.194756 -0.199969 -0.432511 -0.094064 0.020026 -0.099050 0.507772 -0.188931 0.208705 -0.440696 0.099637 0.021392 0.100164 0.428080 0.235386 0.207153 1.615528 0.451435 0.410400 0.081348 -0.084809 0.359931 0.154235 0.771682 0.134625 0.441559 -0.005575 -0.746499 0.105508 0.408366 -0.343550 0.415571 -0.355162 0.081950 -1.265269 0.512174 -0.028553 -1.192345 0.171161 -0.324904 -0.001196 2.797557 1.409740 -7.175441 3.206766 1.230972 -4.183651 2.797557 1.409740 1.653559 3.206766 1.230972 4.645349 0.000000 0.000000 -8.829000 0.000000 0.000000 -8.829000 0.000000 0.000000 0.000000 0.000000 0.000000 0.000000 0.000000 0.000000 0.000000 0.000000 0.000000 0.000000 0.000000 0.000000 0.000000 0.000000 0.000000 0.000000 0.000000 0.000000 0.000000 0.000000 0.000000 0.000000
19.437826 1.000000 0.510852 0.194768 -0.199981 -0.432511 -0.094064 0.020038 -0.099050 0.507760 -0.188931 0.208729 -0.440684 0.099649 0.021404 0.100176 0.450719 0.234715 0.190704 1.620643 0.451658 0.413349 0.079706 -0.075291 0.363256 0.151235 0.781057 0.142959 0.445257 -0.005488 -0.723894 0.104823 0.391932 -0.338438 0.415795 -0.352213 0.080311 -1.255760 0.515542 -0.031531 -1.182970 0.179500 -0.321204 -0.001101 2.685637 1.357959 -7.191403 3.191934 1.222425 -4.222525 2.685637 1.357959 1.637597 3.191934 1.222425 4.606475 0.000000 0.000000 -8.829000 0.000000 0.000000 -8.829000 0.000000 0.000000 0.000000 0.000000 0.000000 0.000000 0.000000 0.000000 0.000000 0.000000 0.000000 0.000000 0.000000 0.000000 0.000000 0.000000 0.000000 0.000000 0.000000 0.000000 0.000000 0.000000 0.000000 0.000000
19.477105 1.000000 0.510840 0.194756 -0.199933 -0.432523 -0.094076 0.020038 -0.099050 0.507760 -0.188907 0.208729 -0.440684 0.099661 0.021416 0.100164 0.430495 0.236177 0.186312 1.613411 0.451453 0.410548 0.080550 -0.086876 0.364073 0.155108 0.779530 0.138168 0.443973 -0.006693 -0.744157 0.106349 0.387569 -0.345676 0.415590 -0.355017 0.081157 -1.267350 0.516375 -0.027621 -1.184502 0.174705 -0.322488 -0.002293 2.763023 1.337384 -7.171202 3.244355 1.241538 -4.223327 2.763023 1.337384 1.657798 3.244355 1.241538 4.605673 0.000000 0.000000 -8.829000 0.000000 0.000000 -8.829000 0.000000 0.000000 0.000000 0.000000 0.000000 0.000000 0.000000 0.000000 0.000000 0.000000 0.000000 0.000000 0.000000 0.000000 0.000000 0.000000 0.000000 0.000000 0.000000 0.000000 0.000000 0.000000 0.000000 0.000000
19.506340 1.000000 0.510864 0.194756 -0.199969 -0.432499 -0.094076 0.020026 -0.099062 0.507736 -0.188919 0.208729 -0.440696 0.099613 0.021416 0.100164 0.447612 0.251865 0.197560 1.621541 0.451741 0.413776 0.082291 -0.081891 0.364102 0.158613 0.780112 0.144395 0.443913 -0.004402 -0.726984 0.121984 0.398775 -0.337537 0.415873 -0.351786 0.082889 -1.262407 0.516401 -0.024142 -1.183926 0.180931 -0.322551 -0.000026 2.699830 1.410703 -7.191531 3.216160 1.253608 -4.222606 2.699830 1.410703 1.637469 3.216160 1.253608 4.606394 0.000000 0.000000 -8.829000 0.000000 0.000000 -8.829000 0.000000 0.000000 0.000000 0.000000 0.000000 0.000000 0.000000 0.000000 0.000000 0.000000 0.000000 0.000000 0.000000 0.000000 0.000000 0.000000 0.000000 0.000000 0.000000 0.000000 0.000000 0.000000 0.000000 0.000000
19.535288 1.000000 0.510864 0.194768 -0.199969 -0.432511 -0.094064 0.020014 -0.099062 0.507760 -0.188931 0.208753 -0.440696 0.099601 0.021404 0.100164 0.438178 0.257184 0.187535 1.616891 0.451459 0.410147 0.081341 -0.086019 0.363103 0.161482 0.782347 0.140523 0.444269 -0.005078 -0.736419 0.127311 0.388769 -0.342188 0.415591 -0.355417 0.081947 -1.266486 0.515428 -0.021262 -1.181686 0.177059 -0.322193 -0.000704 2.720171 1.379526 -7.173838 3.241631 1.263610 -4.236392 2.720171 1.379526 1.655162 3.241631 1.263610 4.592608 0.000000 0.000000 -8.829000 0.000000 0.000000 -8.829000 0.000000 0.000000 0.000000 0.000000 0.000000 0.000000 0.000000 0.000000 0.000000 0.000000 0.000000 0.000000 0.000000 0.000000 0.000000 0.000000 0.000000 0.000000 0.000000 0.000000 0.000000 0.000000 0.000000 0.000000
19.574732 1.000000 0.510864 0.194756 -0.199969 -0.432511 -0.094064 0.020038 -0.099062 0.507760 -0.188919 0.208729 -0.440684 0.099637 0.021416 0.100176 0.434447 0.250544 0.177763 1.618657 0.451576 0.414400 0.078312 -0.087011 0.365462 0.153139 0.783140 0.136043 0.444228 -0.005953 -0.740150 0.120661 0.378977 -0.340423 0.415708 -0.351162 0.078914 -1.267482 0.517758 -0.029608 -1.180889 0.172584 -0.322232 -0.001566 2.744948 1.330145 -7.195991 3.257834 1.237228 -4.238993 2.744948 1.330145 1.633009 3.257834 1.237228 4.590007 0.000000 0.000000 -8.829000 0.000000 0.000000 -8.829000 0.000000 0.000000 0.000000 0.000000 0.000000 0.000000 0.000000 0.000000 0.000000 0.000000 0.000000 0.000000 0.000000 0.000000 0.000000 0.000000 0.000000 0.000000 0.000000 0.000000 0.000000 0.000000 0.000000 0.000000
19.605358 1.000000 0.510864 0.194768 -0.199933 -0.432523 -0.094088 0.020026 -0.099050 0.507760 -0.188919 0.208705 -0.440696 0.099625 0.021416 0.100176 0.427944 0.252079 0.178861 1.616474 0.451404 0.412997 0.079797 -0.082494 0.362062 0.154289 0.784241 0.133078 0.444340 -0.007174 -0.746665 0.122266 0.380132 -0.342605 0.415540 -0.352567 0.080402 -1.262975 0.514320 -0.028481 -1.179789 0.169619 -0.322122 -0.002796 2.771287 1.335265 -7.188170 3.235086 1.232943 -4.240665 2.771287 1.335265 1.640830 3.235086 1.232943 4.588335 0.000000 0.000000 -8.829000 0.000000 0.000000 -8.829000 0.000000 0.000000 0.000000 0.000000 0.000000 0.000000 0.000000 0.000000 0.000000 0.000000 0.000000 0.000000 0.000000 0.000000 0.000000 0.000000 0.000000 0.000000 0.000000 0.000000 0.000000 0.000000 0.000000 0.000000
19.631532 1.000000 0.510864 0.194756 -0.199945 -0.432511 -0.094076 0.020050 -0.099050 0.507760 -0.188919 0.208729 -0.440672 0.099637 0.021416 0.100176 0.437816 0.260784 0.174565 1.623033 0.451802 0.416176 0.078197 -0.075650 0.361886 0.159065 0.795469 0.130783 0.446981 -0.004841 -0.736788 0.130945 0.375805 -0.336045 0.415938 -0.349386 0.078799 -1.256119 0.514179 -0.023683 -1.168557 0.167323 -0.319478 -0.000453 2.732777 1.336948 -7.213424 3.229306 1.248722 -4.289420 2.732777 1.336948 1.615576 3.229306 1.248722 4.539580 0.000000 0.000000 -8.829000 0.000000 0.000000 -8.829000 0.000000 0.000000 0.000000 0.000000 0.000000 0.000000 0.000000 0.000000 0.000000 0.000000 0.000000 0.000000 0.000000 0.000000 0.000000 0.000000 0.000000 0.000000 0.000000 0.000000 0.000000 0.000000 0.000000 0.000000
19.655428 1.000000 0.510864 0.194756 -0.199957 -0.432511 -0.094088 0.020026 -0.099050 0.507760 -0.188931 0.208729 -0.440696 0.099673 0.021416 0.100164 0.431577 0.245410 0.168748 1.618737 0.451445 0.414005 0.076528 -0.087277 0.357692 0.155343 0.784525 0.129370 0.440850 -0.006694 -0.743026 0.115550 0.369976 -0.340344 0.415581 -0.351558 0.077125 -1.267749 0.509977 -0.027425 -1.179504 0.165907 -0.325612 -0.002298 2.755317 1.287589 -7.201787 3.252990 1.231492 -4.238585 2.755317 1.287589 1.627213 3.252990 1.231492 4.590415 0.000000 0.000000 -8.829000 0.000000 0.000000 -8.829000 0.000000 0.000000 0.000000 0.000000 0.000000 0.000000 0.000000 0.000000 0.000000 0.000000 0.000000 0.000000 0.000000 0.000000 0.000000 0.000000 0.000000 0.000000 0.000000 0.000000 0.000000 0.000000 0.000000 0.000000
19.682623 1.000000 0.510864 0.194768 -0.199981 -0.432499 -0.094064 0.020014 -0.099050 0.507760 -0.188931 0.208705 -0.440696 0.099637 0.021416 0.100164 0.426214 0.245287 0.177215 1.620771 0.451560 0.414855 0.077736 -0.081342 0.363601 0.161034 0.790907 0.127463 0.443566 -0.008779 -0.748377 0.115400 0.378440 -0.338306 0.415697 -0.350708 0.078340 -1.261821 0.515845 -0.021758 -1.173121 0.163999 -0.322896 -0.004401 2.796514 1.316117 -7.213164 3.243323 1.257761 -4.269716 2.796514 1.316117 1.615836 3.243323 1.257761 4.559284 0.000000 0.000000 -8.829000 0.000000 0.000000 -8.829000 0.000000 0.000000 0.000000 0.000000 0.000000 0.000000 0.000000 0.000000 0.000000 0.000000 0.000000 0.000000 0.000000 0.000000 0.000000 0.000000 0.000000 0.000000 0.000000 0.000000 0.000000 0.000000 0.000000 0.000000
19.715247 1.000000 0.510840 0.194732 -0.199969 -0.432523 -0.094076 0.020026 -0.099050 0.507760 -0.188931 0.208729 -0.440696 0.099673 0.021416 0.100164 0.424581 0.242877 0.169890 1.613206 0.451421 0.411917 0.077276 -0.083725 0.365946 0.167334 0.787715 0.136070 0.442877 -0.008127 -0.750067 0.112969 0.371072 -0.345890 0.415557 -0.353650 0.077870 -1.264198 0.518232 -0.015434 -1.176314 0.172607 -0.323584 -0.003731 2.776675 1.284914 -7.180013 3.241615 1.285803 -4.258276 2.776675 1.284914 1.648987 3.241615 1.285803 4.570724 0.000000 0.000000 -8.829000 0.000000 0.000000 -8.829000 0.000000 0.000000 0.000000 0.000000 0.000000 0.000000 0.000000 0.000000 0.000000 0.000000 0.000000 0.000000 0.000000 0.000000 0.000000 0.000000 0.000000 0.000000 0.000000 0.000000 0.000000 0.000000 0.000000 0.000000
19.738051 1.000000 0.510864 0.194744 -0.199969 -0.432511 -0.094088 0.020050 -0.099050 0.507760 -0.188931 0.208729 -0.440684 0.099637 0.021404 0.100188 0.436538 0.238283 0.178790 1.623014 0.451613 0.416251 0.078935 -0.095318 0.364784 0.166454 0.782058 0.141252 0.440382 -0.008572 -0.738062 0.108394 0.379986 -0.336068 0.415749 -0.349311 0.079525 -1.275787 0.517073 -0.016311 -1.181968 0.177797 -0.326079 -0.004188 2.757103 1.315115 -7.219317 3.282781 1.285218 -4.236884 2.757103 1.315115 1.609683 3.282781 1.285218 4.592116 0.000000 0.000000 -8.829000 0.000000 0.000000 -8.829000 0.000000 0.000000 0.000000 0.000000 0.000000 0.000000 0.000000 0.000000 0.000000 0.000000 0.000000 0.000000 0.000000 0.000000 0.000000 0.000000 0.000000 0.000000 0.000000 0.000000 0.000000 0.000000 0.000000 0.000000
19.776629 1.000000 0.510840 0.194732 -0.199969 -0.432511 -0.094100 0.020050 -0.099050 0.507772 -0.188931 0.208729 -0.440696 0.099673 0.021416 0.100164 0.425989 0.253589 0.175164 1.618648 0.451573 0.416854 0.079332 -0.080716 0.377989 0.169021 0.789687 0.136497 0.443726 -0.005778 -0.748655 0.123685 0.376346 -0.340443 0.415708 -0.348710 0.079916 -1.261169 0.530272 -0.013743 -1.174340 0.173034 -0.322735 -0.001381 2.788053 1.322792 -7.206204 3.238226 1.311722 -4.269352 2.788053 1.322792 1.622796 3.238226 1.311722 4.559648 0.000000 0.000000 -8.829000 0.000000 0.000000 -8.829000 0.000000 0.000000 0.000000 0.000000 0.000000 0.000000 0.000000 0.000000 0.000000 0.000000 0.000000 0.000000 0.000000 0.000000 0.000000 0.000000 0.000000 0.000000 0.000000 0.000000 0.000000 0.000000 0.000000 0.000000
19.813983 1.000000 0.510864 0.194756 -0.199993 -0.432511 -0.094088 0.020038 -0.099050 0.507760 -0.188907 0.208729 -0.440696 0.099649 0.021416 0.100176 0.430266 0.236383 0.184594 1.618866 0.451458 0.413560 0.078219 -0.084663 0.376745 0.171616 0.790192 0.132731 0.444139 -0.006487 -0.744326 0.106463 0.385786 -0.340216 0.415594 -0.352002 0.078809 -1.265139 0.529053 -0.011110 -1.173843 0.169272 -0.322323 -0.002092 2.780287 1.329670 -7.200142 3.258166 1.320253 -4.275511 2.780287 1.329670 1.628858 3.258166 1.320253 4.553489 0.000000 0.000000 -8.829000 0.000000 0.000000 -8.829000 0.000000 0.000000 0.000000 0.000000 0.000000 0.000000 0.000000 0.000000 0.000000 0.000000 0.000000 0.000000 0.000000 0.000000 0.000000 0.000000 0.000000 0.000000 0.000000 0.000000 0.000000 0.000000 0.000000 0.000000
19.865802 1.000000 0.510876 0.194756 -0.199981 -0.432499 -0.094088 0.020026 -0.099038 0.507760 -0.188931 0.208729 -0.440696 0.099613 0.021416 0.100164 0.433298 0.262017 0.198541 1.619125 0.451558 0.413553 0.079997 -0.091140 0.372110 0.171141 0.784995 0.145212 0.441820 -0.003005 -0.741275 0.132126 0.399745 -0.339951 0.415698 -0.352008 0.080588 -1.271613 0.524395 -0.011627 -1.179035 0.181748 -0.324642 0.001369 2.760266 1.423433 -7.187755 3.269844 1.315957 -4.251282 2.760266 1.423433 1.641245 3.269844 1.315957 4.577718 0.000000 0.000000 -8.829000 0.000000 0.000000 -8.829000 0.000000 0.000000 0.000000 0.000000 0.000000 0.000000 0.000000 0.000000 0.000000 0.000000 0.000000 0.000000 0.000000 0.000000 0.000000 0.000000 0.000000 0.000000 0.000000 0.000000 0.000000 0.000000 0.000000 0.000000
19.901576 1.000000 0.510864 0.194744 -0.199993 -0.432511 -0.094076 0.020062 -0.099050 0.507748 -0.188931 0.208729 -0.440696 0.099625 0.021416 0.100176 0.426946 0.256275 0.188580 1.619196 0.451565 0.414114 0.081963 -0.091322 0.370821 0.162187 0.788843 0.140090 0.443592 -0.004137 -0.747647 0.126346 0.389752 -0.339887 0.415701 -0.351446 0.082552 -1.271814 0.523112 -0.020582 -1.175189 0.176631 -0.322871 0.000241 2.790708 1.377212 -7.198486 3.290749 1.281294 -4.268217 2.790708 1.377212 1.630514 3.290749 1.281294 4.560783 0.000000 0.000000 -8.829000 0.000000 0.000000 -8.829000 0.000000 0.000000 0.000000 0.000000 0.000000 0.000000 0.000000 0.000000 0.000000 0.000000 0.000000 0.000000 0.000000 0.000000 0.000000 0.000000 0.000000 0.000000 0.000000 0.000000 0.000000 0.000000 0.000000 0.000000
19.960309 1.000000 0.510864 0.194756 -0.199993 -0.432523 -0.094076 0.020038 -0.099050 0.507748 -0.188919 0.208729 -0.440696 0.099625 0.021416 0.100164 0.430966 0.253377 0.177438 1.620128 0.451621 0.418397 0.081624 -0.082551 0.368581 0.165405 0.811436 0.133069 0.441196 -0.006906 -0.743629 0.123454 0.378629 -0.338957 0.415757 -0.347166 0.082219 -1.263046 0.520878 -0.017347 -1.152599 0.169605 -0.325267 -0.002525 2.770640 1.333864 -7.211132 3.302973 1.283050 -4.354985 2.770640 1.333864 1.617868 3.302973 1.283050 4.474015 0.000000 0.000000 -8.829000 0.000000 0.000000 -8.829000 0.000000 0.000000 0.000000 0.000000 0.000000 0.000000 0.000000 0.000000 0.000000 0.000000 0.000000 0.000000 0.000000 0.000000 0.000000 0.000000 0.000000 0.000000 0.000000 0.000000 0.000000 0.000000 0.000000 0.000000
20.026019 1.000000 0.510864 0.194756 -0.199993 -0.432499 -0.094076 0.020050 -0.099050 0.507772 -0.188931 0.208729 -0.440684 0.099637 0.021416 0.100176 0.468315 0.269707 0.191832 1.626364 0.451667 0.419708 0.082431 -0.074089 0.368597 0.173989 0.807146 0.127290 0.439031 -0.007164 -0.706272 0.139790 0.393025 -0.332714 0.415803 -0.345852 0.083025 -1.254537 0.520880 -0.008774 -1.156877 0.163830 -0.327428 -0.002779 2.597381 1.427099 -7.204414 3.238073 1.309579 -4.330796 2.597381 1.427099 1.624586 3.238073 1.309579 4.498204 0.000000 0.000000 -8.829000 0.000000 0.000000 -8.829000 0.000000 0.000000 0.000000 0.000000 0.000000 0.000000 0.000000 0.000000 0.000000 0.000000 0.000000 0.000000 0.000000 0.000000 0.000000 0.000000 0.000000 0.000000 0.000000 0.000000 0.000000 0.000000 0.000000 0.000000
20.071787 1.000000 0.510852 0.194756 -0.199981 -0.432499 -0.094088 0.020038 -0.099050 0.507748 -0.188919 0.208729 -0.440684 0.099673 0.021404 0.100164 0.438126 0.246277 0.185739 1.617749 0.451476 0.415315 0.082826 -0.082402 0.366286 0.172464 0.806264 0.124543 0.437971 -0.008807 -0.736487 0.116378 0.386947 -0.341332 0.415612 -0.350247 0.083418 -1.262896 0.518581 -0.010287 -1.157770 0.161080 -0.328492 -0.004408 2.734834 1.355688 -7.190117 3.278022 1.302688 -4.329973 2.734834 1.355688 1.638883 3.278022 1.302688 4.499027 0.000000 0.000000 -8.829000 0.000000 0.000000 -8.829000 0.000000 0.000000 0.000000 0.000000 0.000000 0.000000 0.000000 0.000000 0.000000 0.000000 0.000000 0.000000 0.000000 0.000000 0.000000 0.000000 0.000000 0.000000 0.000000 0.000000 0.000000 0.000000 0.000000 0.000000
20.128031 1.000000 0.510864 0.194768 -0.199957 -0.432511 -0.094076 0.020026 -0.099062 0.507760 -0.188931 0.208729 -0.440684 0.099661 0.021404 0.100164 0.439193 0.226883 0.173658 1.616089 0.451495 0.414362 0.081459 -0.091554 0.364134 0.173717 0.794906 0.140099 0.436560 -0.009216 -0.735406 0.097029 0.374904 -0.342988 0.415627 -0.351201 0.082063 -1.272024 0.516416 -0.009052 -1.169121 0.176636 -0.329902 -0.004825 2.726165 1.280914 -7.189702 3.288740 1.307494 -4.284285 2.726165 1.280914 1.639298 3.288740 1.307494 4.544715 0.000000 0.000000 -8.829000 0.000000 0.000000 -8.829000 0.000000 0.000000 0.000000 0.000000 0.000000 0.000000 0.000000 0.000000 0.000000 0.000000 0.000000 0.000000 0.000000 0.000000 0.000000 0.000000 0.000000 0.000000 0.000000 0.000000 0.000000 0.000000 0.000000 0.000000
20.168921 1.000000 0.510864 0.194768 -0.199993 -0.432511 -0.094088 0.020026 -0.099062 0.507772 -0.188919 0.208729 -0.440696 0.099613 0.021416 0.100152 0.435288 0.229999 0.185431 1.603954 0.451512 0.414356 0.079699 -0.078449 0.362265 0.175318 0.800486 0.134965 0.438347 -0.005694 -0.739302 0.100085 0.386640 -0.355126 0.415644 -0.351206 0.080292 -1.258904 0.514553 -0.007429 -1.163544 0.171496 -0.328115 -0.001316 2.719125 1.324172 -7.136149 3.235004 1.306985 -4.302335 2.719125 1.324172 1.692851 3.235004 1.306985 4.526665 0.000000 0.000000 -8.829000 0.000000 0.000000 -8.829000 0.000000 0.000000 0.000000 0.000000 0.000000 0.000000 0.000000 0.000000 0.000000 0.000000 0.000000 0.000000 0.000000 0.000000 0.000000 0.000000 0.000000 0.000000 0.000000 0.000000 0.000000 0.000000 0.000000 0.000000
20.204817 1.000000 0.510852 0.194744 -0.199957 -0.432511 -0.094088 0.020038 -0.099038 0.507760 -0.188919 0.208729 -0.440672 0.099673 0.021440 0.100176 0.442586 0.230377 0.176643 1.609768 0.451497 0.415881 0.079580 -0.082318 0.367669 0.178296 0.800715 0.131508 0.438046 -0.003065 -0.732040 0.100509 0.377857 -0.349318 0.415637 -0.349683 0.080174 -1.262784 0.519962 -0.004451 -1.163309 0.168049 -0.328412 0.001337 2.692432 1.296669 -7.160930 3.255807 1.329674 -4.307665 2.692432 1.296669 1.668070 3.255807 1.329674 4.521335 0.000000 0.000000 -8.829000 0.000000 0.000000 -8.829000 0.000000 0.000000 0.000000 0.000000 0.000000 0.000000 0.000000 0.000000 0.000000 0.000000 0.000000 0.000000 0.000000 0.000000 0.000000 0.000000 0.000000 0.000000 0.000000 0.000000 0.000000 0.000000 0.000000 0.000000
20.243676 1.000000 0.510852 0.194756 -0.199957 -0.432523 -0.094088 0.020038 -0.099038 0.507748 -0.188931 0.208729 -0.440696 0.099637 0.021404 0.100176 0.434059 0.231573 0.175340 1.609170 0.451442 0.414423 0.083520 -0.091079 0.365701 0.178605 0.793587 0.128470 0.436532 -0.004172 -0.740567 0.101711 0.376572 -0.349916 0.415583 -0.351141 0.084118 -1.271572 0.517992 -0.004164 -1.170446 0.165011 -0.329931 0.000210 2.732720 1.293335 -7.162343 3.278719 1.330356 -4.280562 2.732720 1.293335 1.666657 3.278719 1.330356 4.548438 0.000000 0.000000 -8.829000 0.000000 0.000000 -8.829000 0.000000 0.000000 0.000000 0.000000 0.000000 0.000000 0.000000 0.000000 0.000000 0.000000 0.000000 0.000000 0.000000 0.000000 0.000000 0.000000 0.000000 0.000000 0.000000 0.000000 0.000000 0.000000 0.000000 0.000000
20.282810 1.000000 0.510864 0.194732 -0.199981 -0.432523 -0.094088 0.020026 -0.099050 0.507760 -0.188931 0.208729 -0.440684 0.099673 0.021416 0.100164 0.436854 0.251609 0.172409 1.609853 0.451529 0.411417 0.082794 -0.096688 0.367060 0.177282 0.778522 0.138479 0.434527 -0.006076 -0.737750 0.121686 0.373572 -0.349238 0.415664 -0.354148 0.083379 -1.277157 0.519342 -0.005486 -1.185504 0.175016 -0.331934 -0.001679 2.701490 1.316223 -7.153560 3.265316 1.328982 -4.216671 2.701490 1.316223 1.675440 3.265316 1.328982 4.612329 0.000000 0.000000 -8.829000 0.000000 0.000000 -8.829000 0.000000 0.000000 0.000000 0.000000 0.000000 0.000000 0.000000 0.000000 0.000000 0.000000 0.000000 0.000000 0.000000 0.000000 0.000000 0.000000 0.000000 0.000000 0.000000 0.000000 0.000000 0.000000 0.000000 0.000000
20.344721 1.000000 0.510840 0.194756 -0.199969 -0.432511 -0.094088 0.020038 -0.099050 0.507760 -0.188943 0.208729 -0.440684 0.099553 0.021404 0.100176 0.441537 0.222079 0.161530 1.616814 0.451580 0.410161 0.081923 -0.087709 0.385913 0.178961 0.787452 0.131199 0.439424 -0.001521 -0.733102 0.092195 0.362752 -0.342273 0.415716 -0.355404 0.082519 -1.268176 0.538188 -0.003827 -1.176572 0.167738 -0.327038 0.002828 2.705373 1.231552 -7.189181 3.259400 1.365127 -4.262168 2.705373 1.231552 1.639819 3.259400 1.365127 4.566832 0.000000 0.000000 -8.829000 0.000000 0.000000 -8.829000 0.000000 0.000000 0.000000 0.000000 0.000000 0.000000 0.000000 0.000000 0.000000 0.000000 0.000000 0.000000 0.000000 0.000000 0.000000 0.000000 0.000000 0.000000 0.000000 0.000000 0.000000 0.000000 0.000000 0.000000
20.415507 1.000000 0.510864 0.194744 -0.199981 -0.432523 -0.094124 0.020038 -0.099026 0.507760 -0.188931 0.208729 -0.440696 0.099565 0.021428 0.100176 0.457964 0.205768 0.159804 1.614904 0.451429 0.410170 0.082299 -0.086049 0.374612 0.175636 0.762785 0.125443 0.435311 -0.005586 -0.716639 0.075862 0.360991 -0.344184 0.415573 -0.355394 0.082875 -1.266520 0.526899 -0.007130 -1.201244 0.161982 -0.331149 -0.001228 2.624225 1.205352 -7.174519 3.174212 1.331002 -4.147033 2.624225 1.205352 1.654481 3.174212 1.331002 4.681967 0.000000 0.000000 -8.829000 0.000000 0.000000 -8.829000 0.000000 0.000000 0.000000 0.000000 0.000000 0.000000 0.000000 0.000000 0.000000 0.000000 0.000000 0.000000 0.000000 0.000000 0.000000 0.000000 0.000000 0.000000 0.000000 0.000000 0.000000 0.000000 0.000000 0.000000
20.468856 1.000000 0.510876 0.194768 -0.199981 -0.432511 -0.094088 0.020026 -0.099050 0.507760 -0.188931 0.208729 -0.440696 0.099613 0.021404 0.100176 0.447135 0.220131 0.185422 1.614951 0.451505 0.410626 0.084455 -0.091441 0.372898 0.175433 0.770467 0.122582 0.437553 -0.007628 -0.727438 0.090244 0.386643 -0.344125 0.415641 -0.354936 0.085050 -1.271914 0.525186 -0.007333 -1.193563 0.159122 -0.328909 -0.003253 2.691875 1.317029 -7.171274 3.226114 1.328708 -4.186686 2.691875 1.317029 1.657726 3.226114 1.328708 4.642314 0.000000 0.000000 -8.829000 0.000000 0.000000 -8.829000 0.000000 0.000000 0.000000 0.000000 0.000000 0.000000 0.000000 0.000000 0.000000 0.000000 0.000000 0.000000 0.000000 0.000000 0.000000 0.000000 0.000000 0.000000 0.000000 0.000000 0.000000 0.000000 0.000000 0.000000
20.546235 1.000000 0.510864 0.194756 -0.199993 -0.432511 -0.094088 0.020026 -0.099050 0.507760 -0.188931 0.208729 -0.440672 0.099553 0.021416 0.100176 0.441993 0.196094 0.163690 1.593031 0.451536 0.412826 0.076359 -0.092777 0.372447 0.152700 0.780399 0.144382 0.446040 -0.014325 -0.732600 0.066174 0.364882 -0.366052 0.415672 -0.352737 0.076949 -1.273243 0.524729 -0.030068 -1.183624 0.180921 -0.320420 -0.009971 2.656248 1.191593 -7.098351 3.289487 1.244450 -4.236100 2.656248 1.191593 1.730649 3.289487 1.244450 4.592900 0.000000 0.000000 -8.829000 0.000000 0.000000 -8.829000 0.000000 0.000000 0.000000 0.000000 0.000000 0.000000 0.000000 0.000000 0.000000 0.000000 0.000000 0.000000 0.000000 0.000000 0.000000 0.000000 0.000000 0.000000 0.000000 0.000000 0.000000 0.000000 0.000000 0.000000
20.603271 1.000000 0.510852 0.194744 -0.199981 -0.432523 -0.094088 0.020014 -0.099050 0.507760 -0.188931 0.208729 -0.440684 0.099625 0.021404 0.100176 0.434956 0.235541 0.187910 1.596830 0.451532 0.415589 0.079365 -0.085203 0.368434 0.161652 0.785797 0.117774 0.450085 -0.013078 -0.739667 0.105625 0.389096 -0.362263 0.415667 -0.349977 0.079955 -1.265673 0.520719 -0.021114 -1.178230 0.154314 -0.316377 -0.008699 2.700939 1.341022 -7.105769 3.261375 1.267545 -4.264331 2.700939 1.341022 1.723231 3.261375 1.267545 4.564669 0.000000 0.000000 -8.829000 0.000000 0.000000 -8.829000 0.000000 0.000000 0.000000 0.000000 0.000000 0.000000 0.000000 0.000000 0.000000 0.000000 0.000000 0.000000 0.000000 0.000000 0.000000 0.000000 0.000000 0.000000 0.000000 0.000000 0.000000 0.000000 0.000000 0.000000
20.666151 1.000000 0.510876 0.194768 -0.199993 -0.432511 -0.094076 0.020038 -0.099050 0.507748 -0.188931 0.208729 -0.440684 0.099601 0.021404 0.100164 0.436821 0.209421 0.169847 1.586534 0.451591 0.416674 0.078752 -0.090213 0.364517 0.162882 0.785738 0.116514 0.443277 -0.013744 -0.737747 0.079513 0.371056 -0.372542 0.415727 -0.348886 0.079349 -1.270704 0.516802 -0.019891 -1.178292 0.153049 -0.323185 -0.009375 2.666340 1.233905 -7.075584 3.276140 1.266293 -4.255376 2.666340 1.233905 1.753416 3.276140 1.266293 4.573624 0.000000 0.000000 -8.829000 0.000000 0.000000 -8.829000 0.000000 0.000000 0.000000 0.000000 0.000000 0.000000 0.000000 0.000000 0.000000 0.000000 0.000000 0.000000 0.000000 0.000000 0.000000 0.000000 0.000000 0.000000 0.000000 0.000000 0.000000 0.000000 0.000000 0.000000
20.765421 1.000000 0.510864 0.194744 -0.199993 -0.432511 -0.094112 0.020038 -0.099062 0.507760 -0.188931 0.208729 -0.440684 0.099577 0.021404 0.100176 0.429155 0.269043 0.207310 1.599254 0.451509 0.414075 0.076053 -0.084200 0.368853 0.173724 0.790631 0.115014 0.444504 -0.012668 -0.745438 0.139110 0.408479 -0.359831 0.415640 -0.351488 0.076630 -1.264669 0.521138 -0.009043 -1.173396 0.151554 -0.321957 -0.008306 2.728276 1.460373 -7.102024 3.253808 1.310386 -4.278447 2.728276 1.460373 1.726976 3.253808 1.310386 4.550553 0.000000 0.000000 -8.829000 0.000000 0.000000 -8.829000 0.000000 0.000000 0.000000 0.000000 0.000000 0.000000 0.000000 0.000000 0.000000 0.000000 0.000000 0.000000 0.000000 0.000000 0.000000 0.000000 0.000000 0.000000 0.000000 0.000000 0.000000 0.000000 0.000000 0.000000
20.851856 1.000000 0.510852 0.194756 -0.200005 -0.432499 -0.094088 0.020038 -0.099074 0.507760 -0.188931 0.208729 -0.440684 0.099565 0.021440 0.100164 0.431890 0.215927 0.173365 1.609403 0.451487 0.415167 0.076509 -0.094716 0.338221 0.146001 0.788028 0.114421 0.443139 -0.012899 -0.742715 0.085981 0.374545 -0.349679 0.415614 -0.350394 0.077096 -1.275184 0.490501 -0.036768 -1.175996 0.150956 -0.323320 -0.008541 2.751387 1.255085 -7.170613 3.301746 1.165564 -4.256455 2.751387 1.255085 1.658387 3.301746 1.165564 4.572545 0.000000 0.000000 -8.829000 0.000000 0.000000 -8.829000 0.000000 0.000000 0.000000 0.000000 0.000000 0.000000 0.000000 0.000000 0.000000 0.000000 0.000000 0.000000 0.000000 0.000000 0.000000 0.000000 0.000000 0.000000 0.000000 0.000000 0.000000 0.000000 0.000000 0.000000
20.893487 1.000000 0.510864 0.194756 -0.199981 -0.432499 -0.094088 0.020038 -0.099050 0.507760 -0.188931 0.208729 -0.440708 0.099553 0.021404 0.100176 0.436708 0.226197 0.189873 1.614590 0.451618 0.416308 0.079349 -0.096189 0.344584 0.156179 0.783760 0.114248 0.440900 -0.011490 -0.737884 0.096300 0.391078 -0.344488 0.415754 -0.349254 0.079940 -1.276664 0.496874 -0.026587 -1.180273 0.150787 -0.325564 -0.007138 2.749173 1.334639 -7.183334 3.290442 1.213586 -4.239899 2.749173 1.334639 1.645666 3.290442 1.213586 4.589101 0.000000 0.000000 -8.829000 0.000000 0.000000 -8.829000 0.000000 0.000000 0.000000 0.000000 0.000000 0.000000 0.000000 0.000000 0.000000 0.000000 0.000000 0.000000 0.000000 0.000000 0.000000 0.000000 0.000000 0.000000 0.000000 0.000000 0.000000 0.000000 0.000000 0.000000
20.965226 1.000000 0.510864 0.194756 -0.199993 -0.432511 -0.094088 0.020038 -0.099050 0.507760 -0.188931 0.208729 -0.440684 0.099625 0.021416 0.100176 0.428179 0.228044 0.178040 1.613355 0.451463 0.418901 0.080672 -0.081706 0.375284 0.165261 0.798760 0.136867 0.447118 -0.012029 -0.746413 0.098124 0.379232 -0.345728 0.415599 -0.346661 0.081262 -1.262175 0.527570 -0.017505 -1.165266 0.173408 -0.319343 -0.007649 2.783005 1.292598 -7.191911 3.276023 1.290709 -4.312855 2.783005 1.292598 1.637089 3.276023 1.290709 4.516145 0.000000 0.000000 -8.829000 0.000000 0.000000 -8.829000 0.000000 0.000000 0.000000 0.000000 0.000000 0.000000 0.000000 0.000000 0.000000 0.000000 0.000000 0.000000 0.000000 0.000000 0.000000 0.000000 0.000000 0.000000 0.000000 0.000000 0.000000 0.000000 0.000000 0.000000
21.007988 1.000000 0.510852 0.194744 -0.199993 -0.432511 -0.094088 0.020038 -0.099050 0.507760 -0.188931 0.208729 -0.440696 0.099589 0.021416 0.100164 0.429095 0.251536 0.189849 1.614058 0.451537 0.417702 0.081245 -0.083040 0.372515 0.151324 0.780021 0.146014 0.445050 -0.012924 -0.745519 0.121604 0.391024 -0.345030 0.415673 -0.347862 0.081831 -1.263513 0.524799 -0.031444 -1.184009 0.182550 -0.321412 -0.008558 2.773292 1.373656 -7.181996 3.237443 1.236295 -4.225696 2.773292 1.373656 1.647004 3.237443 1.236295 4.603304 0.000000 0.000000 -8.829000 0.000000 0.000000 -8.829000 0.000000 0.000000 0.000000 0.000000 0.000000 0.000000 0.000000 0.000000 0.000000 0.000000 0.000000 0.000000 0.000000 0.000000 0.000000 0.000000 0.000000 0.000000 0.000000 0.000000 0.000000 0.000000 0.000000 0.000000
21.060047 1.000000 0.510864 0.194768 -0.199969 -0.432499 -0.094112 0.020038 -0.099050 0.507760 -0.188931 0.208729 -0.440696 0.099589 0.021404 0.100176 0.426409 0.247243 0.197548 1.615890 0.451489 0.417025 0.078108 -0.068806 0.369423 0.139580 0.786585 0.154704 0.445728 -0.013328 -0.748184 0.117376 0.398785 -0.343184 0.415625 -0.348536 0.078696 -1.249278 0.521711 -0.043186 -1.177445 0.191244 -0.320735 -0.008963 2.798912 1.391473 -7.189009 3.189837 1.183164 -4.240340 2.798912 1.391473 1.639991 3.189837 1.183164 4.588660 0.000000 0.000000 -8.829000 0.000000 0.000000 -8.829000 0.000000 0.000000 0.000000 0.000000 0.000000 0.000000 0.000000 0.000000 0.000000 0.000000 0.000000 0.000000 0.000000 0.000000 0.000000 0.000000 0.000000 0.000000 0.000000 0.000000 0.000000 0.000000 0.000000 0.000000
21.104696 1.000000 0.510840 0.194756 -0.199981 -0.432511 -0.094112 0.020026 -0.099062 0.507760 -0.188919 0.208729 -0.440672 0.099625 0.021404 0.100176 0.444245 0.230067 0.201542 1.613956 0.451413 0.418227 0.078597 -0.070637 0.372260 0.153743 0.772721 0.146078 0.442238 -0.011806 -0.730392 0.100158 0.402750 -0.345132 0.415544 -0.347338 0.079182 -1.251107 0.524552 -0.029004 -1.191305 0.182619 -0.324223 -0.007423 2.717078 1.384625 -7.173565 3.147003 1.239634 -4.182559 2.717078 1.384625 1.655435 3.147003 1.239634 4.646441 0.000000 0.000000 -8.829000 0.000000 0.000000 -8.829000 0.000000 0.000000 0.000000 0.000000 0.000000 0.000000 0.000000 0.000000 0.000000 0.000000 0.000000 0.000000 0.000000 0.000000 0.000000 0.000000 0.000000 0.000000 0.000000 0.000000 0.000000 0.000000 0.000000 0.000000
21.140661 1.000000 0.510852 0.194744 -0.199981 -0.432499 -0.094124 0.020026 -0.099038 0.507748 -0.188919 0.208729 -0.440696 0.099601 0.021404 0.100164 0.438000 0.213590 0.190190 1.614315 0.451297 0.417344 0.081472 -0.077296 0.367866 0.141960 0.775761 0.140612 0.442128 -0.012912 -0.736617 0.083684 0.391380 -0.344770 0.415437 -0.348221 0.082048 -1.257792 0.520163 -0.040791 -1.188276 0.177147 -0.324336 -0.008539 2.751935 1.316932 -7.186506 3.197350 1.192298 -4.195498 2.751935 1.316932 1.642494 3.197350 1.192298 4.633502 0.000000 0.000000 -8.829000 0.000000 0.000000 -8.829000 0.000000 0.000000 0.000000 0.000000 0.000000 0.000000 0.000000 0.000000 0.000000 0.000000 0.000000 0.000000 0.000000 0.000000 0.000000 0.000000 0.000000 0.000000 0.000000 0.000000 0.000000 0.000000 0.000000 0.000000
21.177715 1.000000 0.510852 0.194756 -0.199993 -0.432511 -0.094112 0.020038 -0.099038 0.507760 -0.188931 0.208729 -0.440684 0.099529 0.021404 0.100164 0.458819 0.241704 0.187648 1.622900 0.451744 0.420126 0.081768 -0.081162 0.370263 0.138182 0.790127 0.147764 0.439812 -0.012729 -0.715795 0.111785 0.388845 -0.336185 0.415884 -0.345438 0.082351 -1.261633 0.522543 -0.044587 -1.173901 0.184298 -0.326650 -0.008386 2.651748 1.362235 -7.206064 3.258907 1.184121 -4.253783 2.651748 1.362235 1.622936 3.258907 1.184121 4.575217 0.000000 0.000000 -8.829000 0.000000 0.000000 -8.829000 0.000000 0.000000 0.000000 0.000000 0.000000 0.000000 0.000000 0.000000 0.000000 0.000000 0.000000 0.000000 0.000000 0.000000 0.000000 0.000000 0.000000 0.000000 0.000000 0.000000 0.000000 0.000000 0.000000 0.000000
21.206211 1.000000 0.510864 0.194744 -0.199981 -0.432511 -0.094112 0.020038 -0.099050 0.507760 -0.188943 0.208729 -0.440696 0.099553 0.021392 0.100164 0.441093 0.238500 0.193040 1.614602 0.451490 0.417854 0.081874 -0.070162 0.369504 0.147036 0.789152 0.143096 0.439966 -0.008910 -0.733504 0.108590 0.394223 -0.344483 0.415625 -0.347709 0.082454 -1.250633 0.521778 -0.035753 -1.174877 0.179631 -0.326497 -0.004562 2.723826 1.369027 -7.178691 3.190677 1.212276 -4.245050 2.723826 1.369027 1.650309 3.190677 1.212276 4.583950 0.000000 0.000000 -8.829000 0.000000 0.000000 -8.829000 0.000000 0.000000 0.000000 0.000000 0.000000 0.000000 0.000000 0.000000 0.000000 0.000000 0.000000 0.000000 0.000000 0.000000 0.000000 0.000000 0.000000 0.000000 0.000000 0.000000 0.000000 0.000000 0.000000 0.000000
21.241877 1.000000 0.510852 0.194732 -0.200017 -0.432523 -0.094088 0.020038 -0.099062 0.507748 -0.188931 0.208729 -0.440696 0.099565 0.021416 0.100176 0.449622 0.250604 0.197550 1.618063 0.451581 0.418272 0.081921 -0.059334 0.365869 0.137462 0.794378 0.149342 0.442715 -0.006994 -0.724990 0.120616 0.398678 -0.341034 0.415711 -0.347292 0.082500 -1.239826 0.518159 -0.045308 -1.169654 0.185881 -0.323747 -0.002638 2.685718 1.407999 -7.183274 3.156612 1.169274 -4.260245 2.685718 1.407999 1.645726 3.156612 1.169274 4.568755 0.000000 0.000000 -8.829000 0.000000 0.000000 -8.829000 0.000000 0.000000 0.000000 0.000000 0.000000 0.000000 0.000000 0.000000 0.000000 0.000000 0.000000 0.000000 0.000000 0.000000 0.000000 0.000000 0.000000 0.000000 0.000000 0.000000 0.000000 0.000000 0.000000 0.000000
21.279945 1.000000 0.510864 0.194756 -0.199981 -0.432511 -0.094112 0.020026 -0.099038 0.507760 -0.188931 0.208729 -0.440672 0.099613 0.021428 0.100164 0.445575 0.235556 0.201564 1.618557 0.451445 0.417539 0.082271 -0.057651 0.368047 0.147872 0.799866 0.142836 0.445403 -0.007880 -0.729022 0.105659 0.402769 -0.340526 0.415585 -0.348025 0.082855 -1.238117 0.520326 -0.034898 -1.164156 0.179371 -0.321056 -0.003504 2.719760 1.396936 -7.189864 3.159936 1.208979 -4.291166 2.719760 1.396936 1.639136 3.159936 1.208979 4.537834 0.000000 0.000000 -8.829000 0.000000 0.000000 -8.829000 0.000000 0.000000 0.000000 0.000000 0.000000 0.000000 0.000000 0.000000 0.000000 0.000000 0.000000 0.000000 0.000000 0.000000 0.000000 0.000000 0.000000 0.000000 0.000000 0.000000 0.000000 0.000000 0.000000 0.000000
21.315722 1.000000 0.510852 0.194768 -0.199993 -0.432511 -0.094112 0.020026 -0.099050 0.507760 -0.188943 0.208705 -0.440696 0.099601 0.021416 0.100164 0.430355 0.248774 0.205889 1.615919 0.451430 0.415914 0.081995 -0.063352 0.363766 0.136144 0.795931 0.137878 0.443807 -0.009702 -0.744256 0.118861 0.407104 -0.343164 0.415566 -0.349650 0.082581 -1.243829 0.516001 -0.046667 -1.168094 0.174414 -0.322655 -0.005340 2.784119 1.427632 -7.181619 3.184348 1.160848 -4.271631 2.784119 1.427632 1.647381 3.184348 1.160848 4.557369 0.000000 0.000000 -8.829000 0.000000 0.000000 -8.829000 0.000000 0.000000 0.000000 0.000000 0.000000 0.000000 0.000000 0.000000 0.000000 0.000000 0.000000 0.000000 0.000000 0.000000 0.000000 0.000000 0.000000 0.000000 0.000000 0.000000 0.000000 0.000000 0.000000 0.000000
21.350406 1.000000 0.510852 0.194732 -0.199993 -0.432511 -0.094088 0.020062 -0.099050 0.507760 -0.188943 0.208729 -0.440696 0.099553 0.021416 0.100176 0.442337 0.265799 0.217996 1.622505 0.451688 0.415820 0.084382 -0.067809 0.362287 0.144448 0.797392 0.133799 0.444459 -0.009535 -0.732279 0.135858 0.419151 -0.336584 0.415824 -0.349742 0.084964 -1.248278 0.514564 -0.038338 -1.166634 0.170338 -0.322003 -0.005186 2.739687 1.504905 -7.192710 3.204775 1.190301 -4.284181 2.739687 1.504905 1.636290 3.204775 1.190301 4.544819 0.000000 0.000000 -8.829000 0.000000 0.000000 -8.829000 0.000000 0.000000 0.000000 0.000000 0.000000 0.000000 0.000000 0.000000 0.000000 0.000000 0.000000 0.000000 0.000000 0.000000 0.000000 0.000000 0.000000 0.000000 0.000000 0.000000 0.000000 0.000000 0.000000 0.000000
21.386325 1.000000 0.510852 0.194756 -0.199981 -0.432511 -0.094088 0.020026 -0.099050 0.507748 -0.188931 0.208729 -0.440696 0.099577 0.021404 0.100164 0.434025 0.253614 0.212026 1.616008 0.440040 0.412960 0.082628 -0.076608 0.366370 0.139645 0.793816 0.130288 0.443144 -0.010194 -0.740592 0.123712 0.413233 -0.343078 0.404176 -0.352605 0.083221 -1.257101 0.518657 -0.043127 -1.170217 0.166823 -0.323320 -0.005834 2.763153 1.459281 -7.170173 3.245994 1.182833 -4.272551 2.763153 1.459281 1.658827 3.245994 1.182833 4.556449 0.000000 0.000000 -8.829000 0.000000 0.000000 -8.829000 0.000000 0.000000 0.000000 0.000000 0.000000 0.000000 0.000000 0.000000 0.000000 0.000000 0.000000 0.000000 0.000000 0.000000 0.000000 0.000000 0.000000 0.000000 0.000000 0.000000 0.000000 0.000000 0.000000 0.000000
21.422353 1.000000 0.510864 0.194756 -0.199981 -0.432511 -0.094076 0.020038 -0.099062 0.507760 -0.188943 0.208729 -0.440696 0.099601 0.021416 0.100176 0.443483 0.262085 0.207772 1.621306 0.442103 0.413136 0.081075 -0.072042 0.363308 0.148432 0.799172 0.127164 0.445698 -0.009889 -0.731111 0.132182 0.408974 -0.337775 0.406235 -0.352425 0.081671 -1.252511 0.515586 -0.034354 -1.164854 0.163704 -0.320763 -0.005522 2.720088 1.461018 -7.185391 3.231104 1.207833 -4.298551 2.720088 1.461018 1.643609 3.231104 1.207833 4.530449 0.000000 0.000000 -8.829000 0.000000 0.000000 -8.829000 0.000000 0.000000 0.000000 0.000000 0.000000 0.000000 0.000000 0.000000 0.000000 0.000000 0.000000 0.000000 0.000000 0.000000 0.000000 0.000000 0.000000 0.000000 0.000000 0.000000 0.000000 0.000000 0.000000 0.000000
21.449045 1.000000 0.510864 0.194756 -0.199981 -0.432511 -0.094088 0.020026 -0.099050 0.507736 -0.188955 0.208729 -0.440696 0.099589 0.021404 0.100176 0.442647 0.264020 0.207650 1.619172 0.443131 0.412001 0.082695 -0.084109 0.365593 0.151540 0.790703 0.134079 0.442120 -0.010254 -0.731949 0.134120 0.408854 -0.339910 0.407267 -0.353562 0.083288 -1.264617 0.517866 -0.031272 -1.173327 0.170619 -0.324344 -0.005898 2.716491 1.464463 -7.174690 3.264648 1.227264 -4.265536 2.716491 1.464463 1.654310 3.264648 1.227264 4.563464 0.000000 0.000000 -8.829000 0.000000 0.000000 -8.829000 0.000000 0.000000 0.000000 0.000000 0.000000 0.000000 0.000000 0.000000 0.000000 0.000000 0.000000 0.000000 0.000000 0.000000 0.000000 0.000000 0.000000 0.000000 0.000000 0.000000 0.000000 0.000000 0.000000 0.000000
21.480780 1.000000 0.510840 0.194756 -0.199981 -0.432499 -0.094112 0.020026 -0.099026 0.507760 -0.188955 0.208729 -0.440696 0.099541 0.021416 0.100164 0.435312 0.268112 0.208654 1.618911 0.444389 0.412298 0.080604 -0.068322 0.376307 0.157708 0.798508 0.140831 0.445641 -0.007587 -0.739324 0.138216 0.409870 -0.340175 0.408533 -0.353267 0.081190 -1.248790 0.528571 -0.025101 -1.165516 0.177366 -0.320820 -0.003246 2.751710 1.470456 -7.177731 3.209306 1.262282 -4.297847 2.751710 1.470456 1.651269 3.209306 1.262282 4.531153 0.000000 0.000000 -8.829000 0.000000 0.000000 -8.829000 0.000000 0.000000 0.000000 0.000000 0.000000 0.000000 0.000000 0.000000 0.000000 0.000000 0.000000 0.000000 0.000000 0.000000 0.000000 0.000000 0.000000 0.000000 0.000000 0.000000 0.000000 0.000000 0.000000 0.000000
21.517312 1.000000 0.510864 0.194756 -0.199993 -0.432499 -0.094112 0.020026 -0.099050 0.507760 -0.188943 0.208729 -0.440684 0.099565 0.021416 0.100176 0.430104 0.265989 0.210532 1.617320 0.445608 0.409676 0.080326 -0.081386 0.376974 0.162181 0.808185 0.136094 0.442322 -0.004811 -0.744486 0.136071 0.411725 -0.341760 0.409743 -0.355886 0.080907 -1.261852 0.529248 -0.020606 -1.155838 0.172633 -0.324138 -0.000457 2.773782 1.471582 -7.170351 3.296349 1.286150 -4.343268 2.773782 1.471582 1.658649 3.296349 1.286150 4.485732 0.000000 0.000000 -8.829000 0.000000 0.000000 -8.829000 0.000000 0.000000 0.000000 0.000000 0.000000 0.000000 0.000000 0.000000 0.000000 0.000000 0.000000 0.000000 0.000000 0.000000 0.000000 0.000000 0.000000 0.000000 0.000000 0.000000 0.000000 0.000000 0.000000 0.000000
21.546885 1.000000 0.510864 0.194744 -0.199993 -0.432511 -0.094100 0.020014 -0.099050 0.507748 -0.188943 0.208729 -0.440708 0.099601 0.021404 0.100176 0.448441 0.259541 0.200805 1.618883 0.446429 0.410745 0.080386 -0.083509 0.372223 0.163683 0.802883 0.132902 0.441198 -0.002922 -0.726155 0.129611 0.401976 -0.340204 0.410564 -0.354820 0.080968 -1.264002 0.524507 -0.019105 -1.161150 0.169442 -0.325266 0.001443 2.681372 1.433671 -7.170698 3.286529 1.285778 -4.319543 2.681372 1.433671 1.658302 3.286529 1.285778 4.509457 0.000000 0.000000 -8.829000 0.000000 0.000000 -8.829000 0.000000 0.000000 0.000000 0.000000 0.000000 0.000000 0.000000 0.000000 0.000000 0.000000 0.000000 0.000000 0.000000 0.000000 0.000000 0.000000 0.000000 0.000000 0.000000 0.000000 0.000000 0.000000 0.000000 0.000000
21.580263 1.000000 0.510852 0.194768 -0.199981 -0.432523 -0.094124 0.020026 -0.099050 0.507760 -0.188943 0.208729 -0.440672 0.099577 0.021416 0.100176 0.443462 0.240322 0.201111 1.619877 0.447047 0.411816 0.078268 -0.085992 0.372897 0.156117 0.790829 0.140384 0.441556 -0.004459 -0.731155 0.110426 0.402337 -0.339209 0.411182 -0.353749 0.078853 -1.266455 0.525169 -0.026671 -1.173191 0.176924 -0.324903 -0.000100 2.722898 1.400334 -7.185263 3.272659 1.260085 -4.268598 2.722898 1.400334 1.643737 3.272659 1.260085 4.560402 0.000000 0.000000 -8.829000 0.000000 0.000000 -8.829000 0.000000 0.000000 0.000000 0.000000 0.000000 0.000000 0.000000 0.000000 0.000000 0.000000 0.000000 0.000000 0.000000 0.000000 0.000000 0.000000 0.000000 0.000000 0.000000 0.000000 0.000000 0.000000 0.000000 0.000000
21.611702 1.000000 0.510852 0.194756 -0.200005 -0.432511 -0.094100 0.020050 -0.099050 0.507760 -0.188943 0.208729 -0.440696 0.099577 0.021416 0.100176 0.431056 0.232118 0.193381 1.619434 0.447882 0.412762 0.080431 -0.060101 0.368777 0.159666 0.799843 0.136047 0.443460 -0.005868 -0.743552 0.102176 0.394564 -0.339651 0.412017 -0.352800 0.081014 -1.240570 0.521054 -0.023120 -1.164183 0.172586 -0.323001 -0.001510 2.786865 1.355678 -7.198911 3.161058 1.254300 -4.293277 2.786865 1.355678 1.630089 3.161058 1.254300 4.535723 0.000000 0.000000 -8.829000 0.000000 0.000000 -8.829000 0.000000 0.000000 0.000000 0.000000 0.000000 0.000000 0.000000 0.000000 0.000000 0.000000 0.000000 0.000000 0.000000 0.000000 0.000000 0.000000 0.000000 0.000000 0.000000 0.000000 0.000000 0.000000 0.000000 0.000000
21.645190 1.000000 0.510864 0.194756 -0.199993 -0.432523 -0.094112 0.020026 -0.099050 0.507760 -0.188943 0.208729 -0.440696 0.099553 0.021416 0.100176 0.437984 0.238306 0.204638 1.617563 0.448408 0.411278 0.079947 -0.073921 0.381121 0.162709 0.797088 0.132402 0.440489 -0.009181 -0.736612 0.108383 0.405829 -0.341524 0.412544 -0.354286 0.080528 -1.254389 0.533398 -0.020078 -1.166939 0.168941 -0.325973 -0.004832 2.748700 1.408338 -7.178143 3.228691 1.288474 -4.290308 2.748700 1.408338 1.650857 3.228691 1.288474 4.538692 0.000000 0.000000 -8.829000 0.000000 0.000000 -8.829000 0.000000 0.000000 0.000000 0.000000 0.000000 0.000000 0.000000 0.000000 0.000000 0.000000 0.000000 0.000000 0.000000 0.000000 0.000000 0.000000 0.000000 0.000000 0.000000 0.000000 0.000000 0.000000 0.000000 0.000000
21.681030 1.000000 0.510864 0.194756 -0.199993 -0.432535 -0.094076 0.020038 -0.099050 0.507760 -0.188955 0.208729 -0.440696 0.099601 0.021416 0.100164 0.441306 0.254824 0.206869 1.609872 0.449098 0.413463 0.079791 -0.083253 0.380736 0.167321 0.792849 0.129247 0.439638 -0.009403 -0.733292 0.124898 0.408059 -0.349217 0.413234 -0.352101 0.080385 -1.263720 0.533001 -0.015487 -1.171175 0.165783 -0.326824 -0.005041 2.703996 1.443625 -7.141569 3.260524 1.308011 -4.278632 2.703996 1.443625 1.687431 3.260524 1.308011 4.550368 0.000000 0.000000 -8.829000 0.000000 0.000000 -8.829000 0.000000 0.000000 0.000000 0.000000 0.000000 0.000000 0.000000 0.000000 0.000000 0.000000 0.000000 0.000000 0.000000 0.000000 0.000000 0.000000 0.000000 0.000000 0.000000 0.000000 0.000000 0.000000 0.000000 0.000000
21.719196 1.000000 0.510852 0.194756 -0.199969 -0.432511 -0.094088 0.020026 -0.099050 0.507760 -0.188955 0.208729 -0.440672 0.099613 0.021416 0.100164 0.454309 0.247160 0.194250 1.612365 0.449490 0.411439 0.079941 -0.079539 0.373030 0.164171 0.799496 0.126013 0.442850 -0.011362 -0.720311 0.117278 0.395469 -0.346720 0.413626 -0.354125 0.080536 -1.260001 0.525289 -0.018638 -1.164522 0.162548 -0.323610 -0.006994 2.636780 1.392017 -7.145674 3.261824 1.281723 -4.307372 2.636780 1.392017 1.683326 3.261824 1.281723 4.521628 0.000000 0.000000 -8.829000 0.000000 0.000000 -8.829000 0.000000 0.000000 0.000000 0.000000 0.000000 0.000000 0.000000 0.000000 0.000000 0.000000 0.000000 0.000000 0.000000 0.000000 0.000000 0.000000 0.000000 0.000000 0.000000 0.000000 0.000000 0.000000 0.000000 0.000000
21.755943 1.000000 0.510864 0.194756 -0.199957 -0.432523 -0.094088 0.020026 -0.099062 0.507748 -0.188943 0.208729 -0.440684 0.099529 0.021404 0.100164 0.463535 0.234353 0.188647 1.614249 0.449842 0.414561 0.080703 -0.084649 0.373827 0.157337 0.791570 0.123835 0.437704 -0.010903 -0.711069 0.104487 0.389872 -0.344834 0.413974 -0.351003 0.081300 -1.265138 0.526101 -0.025456 -1.172457 0.160369 -0.328759 -0.006563 2.601962 1.355225 -7.157854 3.266413 1.260294 -4.266825 2.601962 1.355225 1.671146 3.266413 1.260294 4.562175 0.000000 0.000000 -8.829000 0.000000 0.000000 -8.829000 0.000000 0.000000 0.000000 0.000000 0.000000 0.000000 0.000000 0.000000 0.000000 0.000000 0.000000 0.000000 0.000000 0.000000 0.000000 0.000000 0.000000 0.000000 0.000000 0.000000 0.000000 0.000000 0.000000 0.000000
21.779994 1.000000 0.510852 0.194756 -0.199993 -0.432511 -0.094088 0.020026 -0.099050 0.507736 -0.188955 0.208729 -0.440684 0.099601 0.021404 0.100164 0.447866 0.224948 0.194785 1.610841 0.449891 0.412741 0.080075 -0.083793 0.374506 0.162255 0.794717 0.122520 0.438184 -0.010771 -0.726748 0.095026 0.395980 -0.348245 0.414026 -0.352823 0.080666 -1.264299 0.526773 -0.020560 -1.169310 0.159055 -0.328279 -0.006410 2.681848 1.354953 -7.152014 3.267852 1.278755 -4.282021 2.681848 1.354953 1.676986 3.267852 1.278755 4.546979 0.000000 0.000000 -8.829000 0.000000 0.000000 -8.829000 0.000000 0.000000 0.000000 0.000000 0.000000 0.000000 0.000000 0.000000 0.000000 0.000000 0.000000 0.000000 0.000000 0.000000 0.000000 0.000000 0.000000 0.000000 0.000000 0.000000 0.000000 0.000000 0.000000 0.000000
21.809580 1.000000 0.510864 0.194756 -0.200005 -0.432523 -0.094112 0.020026 -0.099062 0.507760 -0.188943 0.208729 -0.440684 0.099553 0.021404 0.100176 0.442707 0.228688 0.200573 1.611227 0.450231 0.412589 0.080677 -0.084327 0.371894 0.162783 0.791810 0.130554 0.437741 -0.011284 -0.731885 0.098741 0.401749 -0.347861 0.414362 -0.352975 0.081256 -1.264794 0.524168 -0.020004 -1.172214 0.167093 -0.328721 -0.006935 2.711591 1.379946 -7.154274 3.259393 1.276439 -4.268292 2.711591 1.379946 1.674726 3.259393 1.276439 4.560708 0.000000 0.000000 -8.829000 0.000000 0.000000 -8.829000 0.000000 0.000000 0.000000 0.000000 0.000000 0.000000 0.000000 0.000000 0.000000 0.000000 0.000000 0.000000 0.000000 0.000000 0.000000 0.000000 0.000000 0.000000 0.000000 0.000000 0.000000 0.000000 0.000000 0.000000
21.835495 1.000000 0.510852 0.194756 -0.199969 -0.432511 -0.094076 0.020026 -0.099062 0.507736 -0.188955 0.208729 -0.440696 0.099625 0.021404 0.100176 0.445654 0.216765 0.195321 1.612583 0.450293 0.412977 0.079083 -0.081790 0.370712 0.167131 0.794010 0.120077 0.439456 -0.010878 -0.728965 0.086879 0.396538 -0.346501 0.414425 -0.352587 0.079682 -1.262298 0.522986 -0.015682 -1.170021 0.156617 -0.327007 -0.006508 2.703666 1.342279 -7.163395 3.250704 1.289295 -4.280488 2.703666 1.342279 1.665605 3.250704 1.289295 4.548512 0.000000 0.000000 -8.829000 0.000000 0.000000 -8.829000 0.000000 0.000000 0.000000 0.000000 0.000000 0.000000 0.000000 0.000000 0.000000 0.000000 0.000000 0.000000 0.000000 0.000000 0.000000 0.000000 0.000000 0.000000 0.000000 0.000000 0.000000 0.000000 0.000000 0.000000
21.861821 1.000000 0.510852 0.194768 -0.199981 -0.432511 -0.094112 0.020026 -0.099062 0.507760 -0.188955 0.208729 -0.440672 0.099589 0.021416 0.100164 0.442839 0.218565 0.204852 1.615342 0.450517 0.415640 0.080753 -0.079760 0.372137 0.170929 0.785829 0.119138 0.440103 -0.010877 -0.731774 0.088669 0.406077 -0.343740 0.414649 -0.349924 0.081340 -1.260221 0.524396 -0.011880 -1.178189 0.155673 -0.326356 -0.006518 2.735590 1.378950 -7.178292 3.215873 1.304393 -4.247438 2.735590 1.378950 1.650708 3.215873 1.304393 4.581562 0.000000 0.000000 -8.829000 0.000000 0.000000 -8.829000 0.000000 0.000000 0.000000 0.000000 0.000000 0.000000 0.000000 0.000000 0.000000 0.000000 0.000000 0.000000 0.000000 0.000000 0.000000 0.000000 0.000000 0.000000 0.000000 0.000000 0.000000 0.000000 0.000000 0.000000
21.891144 1.000000 0.510864 0.194756 -0.199993 -0.432523 -0.094088 0.020038 -0.099062 0.507760 -0.188955 0.208729 -0.440696 0.099529 0.021404 0.100164 0.435972 0.231565 0.194576 1.602624 0.450712 0.414021 0.079720 -0.082333 0.363331 0.164765 0.791336 0.117992 0.438300 -0.012656 -0.738622 0.101639 0.395765 -0.356461 0.414844 -0.351541 0.080309 -1.262801 0.515594 -0.018043 -1.172688 0.154526 -0.328162 -0.008320 2.717512 1.359410 -7.126014 3.242431 1.267676 -4.265498 2.717512 1.359410 1.702986 3.242431 1.267676 4.563502 0.000000 0.000000 -8.829000 0.000000 0.000000 -8.829000 0.000000 0.000000 0.000000 0.000000 0.000000 0.000000 0.000000 0.000000 0.000000 0.000000 0.000000 0.000000 0.000000 0.000000 0.000000 0.000000 0.000000 0.000000 0.000000 0.000000 0.000000 0.000000 0.000000 0.000000
21.914965 1.000000 0.510864 0.194744 -0.199993 -0.432523 -0.094112 0.020038 -0.099050 0.507760 -0.188955 0.208729 -0.440696 0.099529 0.021416 0.100164 0.441631 0.237922 0.197936 1.607106 0.450798 0.413554 0.080469 -0.092655 0.373952 0.171941 0.786586 0.117544 0.437058 -0.009569 -0.732966 0.107989 0.399106 -0.351983 0.414934 -0.352010 0.081047 -1.273122 0.526216 -0.010868 -1.177438 0.154078 -0.329404 -0.005232 2.698974 1.384705 -7.137508 3.281399 1.316832 -4.254630 2.698974 1.384705 1.691492 3.281399 1.316832 4.574370 0.000000 0.000000 -8.829000 0.000000 0.000000 -8.829000 0.000000 0.000000 0.000000 0.000000 0.000000 0.000000 0.000000 0.000000 0.000000 0.000000 0.000000 0.000000 0.000000 0.000000 0.000000 0.000000 0.000000 0.000000 0.000000 0.000000 0.000000 0.000000 0.000000 0.000000
21.939611 1.000000 0.510864 0.194756 -0.199981 -0.432523 -0.094100 0.020038 -0.099050 0.507748 -0.188931 0.208729 -0.440696 0.099589 0.021416 0.100152 0.436791 0.230367 0.205914 1.606360 0.450745 0.411056 0.083751 -0.085396 0.370846 0.170786 0.790898 0.116881 0.439173 -0.008417 -0.737807 0.100464 0.407117 -0.352725 0.414880 -0.354507 0.084339 -1.265890 0.523129 -0.011988 -1.173135 0.153412 -0.327291 -0.004052 2.731017 1.401368 -7.133308 3.256798 1.305630 -4.270376 2.731017 1.401368 1.695692 3.256798 1.305630 4.558624 0.000000 0.000000 -8.829000 0.000000 0.000000 -8.829000 0.000000 0.000000 0.000000 0.000000 0.000000 0.000000 0.000000 0.000000 0.000000 0.000000 0.000000 0.000000 0.000000 0.000000 0.000000 0.000000 0.000000 0.000000 0.000000 0.000000 0.000000 0.000000 0.000000 0.000000
21.968708 1.000000 0.510864 0.194756 -0.199981 -0.432523 -0.094088 0.020038 -0.099062 0.507760 -0.188943 0.208729 -0.440708 0.099601 0.021428 0.100164 0.429369 0.230319 0.194837 1.607693 0.450904 0.409520 0.082353 -0.081193 0.365906 0.171333 0.793073 0.116117 0.438992 -0.010713 -0.745228 0.100412 0.396038 -0.351391 0.415035 -0.356043 0.082944 -1.261665 0.518182 -0.011454 -1.170956 0.152652 -0.327470 -0.006347 2.762397 1.358316 -7.145074 3.237984 1.296239 -4.275724 2.762397 1.358316 1.683926 3.237984 1.296239 4.553276 0.000000 0.000000 -8.829000 0.000000 0.000000 -8.829000 0.000000 0.000000 0.000000 0.000000 0.000000 0.000000 0.000000 0.000000 0.000000 0.000000 0.000000 0.000000 0.000000 0.000000 0.000000 0.000000 0.000000 0.000000 0.000000 0.000000 0.000000 0.000000 0.000000 0.000000
22.002404 1.000000 0.510864 0.194744 -0.199981 -0.432511 -0.094112 0.020026 -0.099038 0.507748 -0.188943 0.208729 -0.440696 0.099601 0.021404 0.100164 0.445436 0.234838 0.200223 1.613647 0.451122 0.411864 0.082807 -0.090636 0.381050 0.174994 0.777506 0.115647 0.437314 -0.010545 -0.729164 0.104932 0.401409 -0.345439 0.415261 -0.353701 0.083387 -1.271127 0.533327 -0.007798 -1.186525 0.152183 -0.329149 -0.006180 2.699994 1.391532 -7.160079 3.248612 1.337876 -4.218234 2.699994 1.391532 1.668921 3.248612 1.337876 4.610766 0.000000 0.000000 -8.829000 0.000000 0.000000 -8.829000 0.000000 0.000000 0.000000 0.000000 0.000000 0.000000 0.000000 0.000000 0.000000 0.000000 0.000000 0.000000 0.000000 0.000000 0.000000 0.000000 0.000000 0.000000 0.000000 0.000000 0.000000 0.000000 0.000000 0.000000
22.036410 1.000000 0.510864 0.194756 -0.199969 -0.432499 -0.094112 0.020038 -0.099050 0.507760 -0.188967 0.208729 -0.440696 0.099589 0.021404 0.100176 0.434166 0.224087 0.203961 1.613531 0.451217 0.411970 0.082562 -0.087047 0.371246 0.173742 0.783461 0.114854 0.439750 -0.010802 -0.740429 0.094210 0.405178 -0.345546 0.415352 -0.353591 0.083147 -1.267512 0.523504 -0.009084 -1.180561 0.151393 -0.326712 -0.006447 2.767568 1.382865 -7.169568 3.244055 1.316047 -4.242475 2.767568 1.382865 1.659432 3.244055 1.316047 4.586525 0.000000 0.000000 -8.829000 0.000000 0.000000 -8.829000 0.000000 0.000000 0.000000 0.000000 0.000000 0.000000 0.000000 0.000000 0.000000 0.000000 0.000000 0.000000 0.000000 0.000000 0.000000 0.000000 0.000000 0.000000 0.000000 0.000000 0.000000 0.000000 0.000000 0.000000
22.076118 1.000000 0.510852 0.194732 -0.199993 -0.432499 -0.094088 0.020026 -0.099050 0.507736 -0.188955 0.208729 -0.440708 0.099565 0.021404 0.100176 0.458921 0.240989 0.208256 1.618758 0.451295 0.411236 0.082992 -0.081446 0.373226 0.176898 0.789308 0.127083 0.439527 -0.011235 -0.715694 0.111050 0.409412 -0.340331 0.415431 -0.354328 0.083575 -1.261956 0.525502 -0.005914 -1.174725 0.163622 -0.326938 -0.006888 2.646155 1.435773 -7.166958 3.229298 1.328153 -4.263412 2.646155 1.435773 1.662042 3.229298 1.328153 4.565588 0.000000 0.000000 -8.829000 0.000000 0.000000 -8.829000 0.000000 0.000000 0.000000 0.000000 0.000000 0.000000 0.000000 0.000000 0.000000 0.000000 0.000000 0.000000 0.000000 0.000000 0.000000 0.000000 0.000000 0.000000 0.000000 0.000000 0.000000 0.000000 0.000000 0.000000
22.117709 1.000000 0.510852 0.194756 -0.199993 -0.432499 -0.094112 0.020026 -0.099038 0.507760 -0.188943 0.208729 -0.440696 0.099517 0.021404 0.100164 0.436692 0.237668 0.209178 1.612848 0.437983 0.406912 0.082439 -0.068268 0.373638 0.178668 0.789363 0.137477 0.439995 -0.011529 -0.737920 0.107752 0.410376 -0.346236 0.402123 -0.358652 0.083022 -1.248738 0.525911 -0.004121 -1.174664 0.174011 -0.326468 -0.007194 2.741405 1.424494 -7.149710 3.159845 1.329613 -4.255681 2.741405 1.424494 1.679290 3.159845 1.329613 4.573319 0.000000 0.000000 -8.829000 0.000000 0.000000 -8.829000 0.000000 0.000000 0.000000 0.000000 0.000000 0.000000 0.000000 0.000000 0.000000 0.000000 0.000000 0.000000 0.000000 0.000000 0.000000 0.000000 0.000000 0.000000 0.000000 0.000000 0.000000 0.000000 0.000000 0.000000
22.161562 1.000000 0.510864 0.194768 -0.199993 -0.432511 -0.094112 0.020038 -0.099062 0.507736 -0.188955 0.208729 -0.440696 0.099565 0.021404 0.100164 0.448053 0.242406 0.210046 1.616087 0.440854 0.409250 0.081444 -0.074959 0.367768 0.159324 0.774667 0.132261 0.439815 -0.013003 -0.726535 0.112492 0.411256 -0.342992 0.404985 -0.356312 0.082028 -1.255468 0.520038 -0.023492 -1.189364 0.168796 -0.326649 -0.008656 2.691799 1.439174 -7.157968 3.166028 1.252673 -4.191169 2.691799 1.439174 1.671032 3.166028 1.252673 4.637831 0.000000 0.000000 -8.829000 0.000000 0.000000 -8.829000 0.000000 0.000000 0.000000 0.000000 0.000000 0.000000 0.000000 0.000000 0.000000 0.000000 0.000000 0.000000 0.000000 0.000000 0.000000 0.000000 0.000000 0.000000 0.000000 0.000000 0.000000 0.000000 0.000000 0.000000
22.211190 1.000000 0.510840 0.194768 -0.199993 -0.432511 -0.094112 0.020026 -0.099038 0.507760 -0.188943 0.208729 -0.440696 0.099613 0.021404 0.100176 0.436992 0.242630 0.220012 1.614211 0.443228 0.409031 0.083727 -0.073645 0.369970 0.169439 0.799508 0.127556 0.442771 -0.011747 -0.737641 0.112718 0.421233 -0.344876 0.407368 -0.356534 0.084314 -1.254114 0.522248 -0.013347 -1.164520 0.164096 -0.323691 -0.007377 2.752053 1.472072 -7.154534 3.224994 1.292931 -4.303953 2.752053 1.472072 1.674466 3.224994 1.292931 4.525047 0.000000 0.000000 -8.829000 0.000000 0.000000 -8.829000 0.000000 0.000000 0.000000 0.000000 0.000000 0.000000 0.000000 0.000000 0.000000 0.000000 0.000000 0.000000 0.000000 0.000000 0.000000 0.000000 0.000000 0.000000 0.000000 0.000000 0.000000 0.000000 0.000000 0.000000
# 记录总帧数: 470
