# 双臂GMO外力矩与触觉传感器标定对比实验 (v5: 含手自重补偿)
# 时间: 2026-09-03 14:57:56
# 左臂目标: [0.0, 0.0, 0.0, 1.57, 0.0, 0.0, 0.0]
# 右臂目标: [0.0, 0.0, 0.0, 1.57, 0.0, 0.0, 0.0]
# 手质量: 0.0kg
# 列说明:
#   1: time, 2: phase(0=move,1=hold)
#   3-9: left_q, 10-16: right_q
#   17-23: left_r_raw (GMO原始残差, Nm)
#   24-30: right_r_raw
#   31-37: left_r_comp (补偿手自重后残差, Nm)
#   38-44: right_r_comp
#   45-47: left_F_raw (GMO原始末端力, N)
#   48-50: right_F_raw
#   51-53: left_F_comp (补偿后末端力, N)
#   54-56: right_F_comp
#   57-59: left_F_hand (手自重末端力, N)
#   60-62: right_F_hand
#   63-67: left_nf1 (5指法向力), 68-72: right_nf1
#   73-77: left_tangential(5指), 78-82: right_tangential
#   83: left_n_sum, 84: right_n_sum, 85: left_t_sum, 86: right_t_sum
#================================================================================
0.003275 0.000000 0.082559 0.095095 0.372290 1.308474 0.042712 0.139772 0.055595 0.075417 -0.008713 -0.132977 1.314430 0.139856 0.070407 -0.219851 -0.009237 0.013028 -0.001334 -0.005771 0.002475 -0.002042 0.000477 -0.020342 -0.010253 -0.002603 -0.014417 0.001726 -0.005626 -0.002042 -0.009237 0.013028 -0.001334 -0.005771 0.002475 -0.002042 0.000477 -0.020342 -0.010253 -0.002603 -0.014417 0.001726 -0.005626 -0.002042 0.026112 0.055912 -0.141554 0.037452 -0.011506 0.223796 0.026112 0.055912 -0.141554 0.037452 -0.011506 0.223796 0.000000 0.000000 -0.000000 0.000000 0.000000 -0.000000 0.000000 0.000000 0.000000 0.000000 0.000000 0.000000 0.000000 0.000000 0.000000 0.000000 0.000000 0.000000 0.000000 0.000000 0.000000 0.000000 0.000000 0.000000 0.000000 0.000000 0.000000 0.000000 0.000000 0.000000
0.095848 0.000000 0.082559 0.095095 0.372314 1.308510 0.042712 0.139772 0.055595 0.075417 -0.008713 -0.133001 1.314454 0.139832 0.070407 -0.219863 0.023149 0.612151 0.012402 -0.129009 0.037080 -0.036195 0.061010 -0.155426 -0.201877 -0.070272 -0.195368 0.021114 -0.075526 -0.057312 0.023149 0.612151 0.012402 -0.129009 0.037080 -0.036195 0.061010 -0.155426 -0.201877 -0.070272 -0.195368 0.021114 -0.075526 -0.057312 -0.125863 1.037723 2.739127 -0.021507 0.000644 7.644196 -0.125863 1.037723 2.739127 -0.021507 0.000644 7.644196 0.000000 0.000000 -0.000000 0.000000 0.000000 -0.000000 0.000000 0.000000 0.000000 0.000000 0.000000 0.000000 0.000000 0.000000 0.000000 0.000000 0.000000 0.000000 0.000000 0.000000 0.000000 0.000000 0.000000 0.000000 0.000000 0.000000 0.000000 0.000000 0.000000 0.000000
0.127125 0.000000 0.082571 0.095107 0.372278 1.308510 0.042688 0.139772 0.055595 0.075405 -0.008713 -0.132989 1.314430 0.139784 0.070407 -0.219863 0.045842 0.766879 0.009805 -0.150685 0.043947 -0.041903 0.073474 -0.170816 -0.217631 -0.081903 -0.222734 0.025067 -0.083600 -0.066682 0.045842 0.766879 0.009805 -0.150685 0.043947 -0.041903 0.073474 -0.170816 -0.217631 -0.081903 -0.222734 0.025067 -0.083600 -0.066682 -0.187805 1.347636 3.132686 -0.059156 0.054255 9.056098 -0.187805 1.347636 3.132686 -0.059156 0.054255 9.056098 0.000000 0.000000 -0.000000 0.000000 0.000000 -0.000000 0.000000 0.000000 0.000000 0.000000 0.000000 0.000000 0.000000 0.000000 0.000000 0.000000 0.000000 0.000000 0.000000 0.000000 0.000000 0.000000 0.000000 0.000000 0.000000 0.000000 0.000000 0.000000 0.000000 0.000000
0.156152 0.000000 0.082547 0.095095 0.372314 1.308510 0.042688 0.139760 0.055595 0.075417 -0.008725 -0.132989 1.314430 0.139808 0.070419 -0.219851 0.045432 0.857387 0.013169 -0.174679 0.049109 -0.049063 0.081275 -0.192171 -0.248361 -0.083574 -0.249813 0.027751 -0.092552 -0.077062 0.045432 0.857387 0.013169 -0.174679 0.049109 -0.049063 0.081275 -0.192171 -0.248361 -0.083574 -0.249813 0.027751 -0.092552 -0.077062 -0.204721 1.454512 3.815264 -0.070638 0.059043 10.239815 -0.204721 1.454512 3.815264 -0.070638 0.059043 10.239815 0.000000 0.000000 -0.000000 0.000000 0.000000 -0.000000 0.000000 0.000000 0.000000 0.000000 0.000000 0.000000 0.000000 0.000000 0.000000 0.000000 0.000000 0.000000 0.000000 0.000000 0.000000 0.000000 0.000000 0.000000 0.000000 0.000000 0.000000 0.000000 0.000000 0.000000
0.187795 0.000000 0.082547 0.095095 0.372314 1.308486 0.042676 0.139772 0.055607 0.075417 -0.008713 -0.132989 1.314442 0.139772 0.070419 -0.219851 0.061528 0.915287 0.014871 -0.172575 0.063200 -0.050503 0.086499 -0.204543 -0.252645 -0.092555 -0.270242 0.030545 -0.098683 -0.082958 0.061528 0.915287 0.014871 -0.172575 0.063200 -0.050503 0.086499 -0.204543 -0.252645 -0.092555 -0.270242 0.030545 -0.098683 -0.082958 -0.221370 1.713061 3.135215 -0.096110 0.116631 11.289796 -0.221370 1.713061 3.135215 -0.096110 0.116631 11.289796 0.000000 0.000000 -0.000000 0.000000 0.000000 -0.000000 0.000000 0.000000 0.000000 0.000000 0.000000 0.000000 0.000000 0.000000 0.000000 0.000000 0.000000 0.000000 0.000000 0.000000 0.000000 0.000000 0.000000 0.000000 0.000000 0.000000 0.000000 0.000000 0.000000 0.000000
0.247675 0.000000 0.082559 0.095083 0.372302 1.308510 0.042712 0.139772 0.055595 0.075405 -0.008737 -0.132977 1.314442 0.139856 0.070407 -0.219863 0.064250 1.046790 0.020645 -0.183484 0.067565 -0.049922 0.097394 -0.249336 -0.322371 -0.092458 -0.317888 0.034108 -0.115300 -0.096098 0.064250 1.046790 0.020645 -0.183484 0.067565 -0.049922 0.097394 -0.249336 -0.322371 -0.092458 -0.317888 0.034108 -0.115300 -0.096098 -0.186069 2.286425 1.659376 -0.062874 0.045508 12.750776 -0.186069 2.286425 1.659376 -0.062874 0.045508 12.750776 0.000000 0.000000 -0.000000 0.000000 0.000000 -0.000000 0.000000 0.000000 0.000000 0.000000 0.000000 0.000000 0.000000 0.000000 0.000000 0.000000 0.000000 0.000000 0.000000 0.000000 0.000000 0.000000 0.000000 0.000000 0.000000 0.000000 0.000000 0.000000 0.000000 0.000000
0.275358 0.000000 0.082547 0.095083 0.372314 1.308486 0.042736 0.139772 0.055595 0.075429 -0.008725 -0.132989 1.314442 0.139832 0.070407 -0.219863 0.044520 1.087580 0.021111 -0.205430 0.069059 -0.057420 0.098371 -0.259317 -0.316769 -0.098933 -0.311801 0.035587 -0.118476 -0.098650 0.044520 1.087580 0.021111 -0.205430 0.069059 -0.057420 0.098371 -0.259317 -0.316769 -0.098933 -0.311801 0.035587 -0.118476 -0.098650 -0.149612 2.316813 2.072571 -0.018771 0.023520 12.279559 -0.149612 2.316813 2.072571 -0.018771 0.023520 12.279559 0.000000 0.000000 -0.000000 0.000000 0.000000 -0.000000 0.000000 0.000000 0.000000 0.000000 0.000000 0.000000 0.000000 0.000000 0.000000 0.000000 0.000000 0.000000 0.000000 0.000000 0.000000 0.000000 0.000000 0.000000 0.000000 0.000000 0.000000 0.000000 0.000000 0.000000
0.317730 0.000000 0.082559 0.095107 0.372302 1.308486 0.042688 0.139772 0.055595 0.075417 -0.008713 -0.132989 1.314430 0.139856 0.070419 -0.219863 0.054248 1.139766 0.023238 -0.217783 0.071025 -0.060647 0.100773 -0.263406 -0.342574 -0.096874 -0.315963 0.037420 -0.125765 -0.103783 0.054248 1.139766 0.023238 -0.217783 0.071025 -0.060647 0.100773 -0.263406 -0.342574 -0.096874 -0.315963 0.037420 -0.125765 -0.103783 -0.191555 2.321090 2.799336 -0.022715 -0.022127 12.527354 -0.191555 2.321090 2.799336 -0.022715 -0.022127 12.527354 0.000000 0.000000 -0.000000 0.000000 0.000000 -0.000000 0.000000 0.000000 0.000000 0.000000 0.000000 0.000000 0.000000 0.000000 0.000000 0.000000 0.000000 0.000000 0.000000 0.000000 0.000000 0.000000 0.000000 0.000000 0.000000 0.000000 0.000000 0.000000 0.000000 0.000000
0.357975 0.000000 0.082547 0.095083 0.372326 1.308510 0.042676 0.139760 0.055595 0.075405 -0.008725 -0.132977 1.314430 0.139820 0.070407 -0.219851 0.061032 1.167346 0.023786 -0.225070 0.084905 -0.062378 0.101681 -0.291767 -0.341938 -0.106470 -0.341991 0.051236 -0.134641 -0.102355 0.061032 1.167346 0.023786 -0.225070 0.084905 -0.062378 0.101681 -0.291767 -0.341938 -0.106470 -0.341991 0.051236 -0.134641 -0.102355 -0.223011 2.292571 3.368462 0.022197 0.010812 13.045632 -0.223011 2.292571 3.368462 0.022197 0.010812 13.045632 0.000000 0.000000 -0.000000 0.000000 0.000000 -0.000000 0.000000 0.000000 0.000000 0.000000 0.000000 0.000000 0.000000 0.000000 0.000000 0.000000 0.000000 0.000000 0.000000 0.000000 0.000000 0.000000 0.000000 0.000000 0.000000 0.000000 0.000000 0.000000 0.000000 0.000000
0.401555 0.000000 0.082571 0.095095 0.372290 1.308510 0.042688 0.139772 0.055595 0.075417 -0.008725 -0.133001 1.314442 0.139808 0.070407 -0.219863 0.068570 1.210982 0.012717 -0.233766 0.083469 -0.064231 0.103814 -0.309461 -0.350462 -0.102311 -0.341715 0.063078 -0.136376 -0.107167 0.068570 1.210982 0.012717 -0.233766 0.083469 -0.064231 0.103814 -0.309461 -0.350462 -0.102311 -0.341715 0.063078 -0.136376 -0.107167 -0.257139 2.290895 3.979679 0.083034 -0.039331 12.605964 -0.257139 2.290895 3.979679 0.083034 -0.039331 12.605964 0.000000 0.000000 -0.000000 0.000000 0.000000 -0.000000 0.000000 0.000000 0.000000 0.000000 0.000000 0.000000 0.000000 0.000000 0.000000 0.000000 0.000000 0.000000 0.000000 0.000000 0.000000 0.000000 0.000000 0.000000 0.000000 0.000000 0.000000 0.000000 0.000000 0.000000
0.436187 0.000000 0.082559 0.095095 0.372290 1.308510 0.042700 0.139772 0.055631 0.075417 -0.008713 -0.133001 1.314430 0.139844 0.070407 -0.219863 0.061603 1.240757 0.005754 -0.244791 0.082680 -0.067874 0.105626 -0.317758 -0.361688 -0.099421 -0.340180 0.059792 -0.136921 -0.109447 0.061603 1.240757 0.005754 -0.244791 0.082680 -0.067874 0.105626 -0.317758 -0.361688 -0.099421 -0.340180 0.059792 -0.136921 -0.109447 -0.248597 2.310024 4.282517 0.117361 -0.088382 12.284476 -0.248597 2.310024 4.282517 0.117361 -0.088382 12.284476 0.000000 0.000000 -0.000000 0.000000 0.000000 -0.000000 0.000000 0.000000 0.000000 0.000000 0.000000 0.000000 0.000000 0.000000 0.000000 0.000000 0.000000 0.000000 0.000000 0.000000 0.000000 0.000000 0.000000 0.000000 0.000000 0.000000 0.000000 0.000000 0.000000 0.000000
0.473501 0.000000 0.082559 0.095071 0.372302 1.308474 0.042688 0.139772 0.055595 0.075417 -0.008725 -0.133025 1.314442 0.139796 0.070395 -0.219863 0.041028 1.253789 0.009137 -0.246558 0.081576 -0.072359 0.104843 -0.303600 -0.383995 -0.099218 -0.335764 0.068749 -0.136873 -0.109649 0.041028 1.253789 0.009137 -0.246558 0.081576 -0.072359 0.104843 -0.303600 -0.383995 -0.099218 -0.335764 0.068749 -0.136873 -0.109649 -0.156994 2.587953 2.848439 0.088374 -0.143846 12.245000 -0.156994 2.587953 2.848439 0.088374 -0.143846 12.245000 0.000000 0.000000 -0.000000 0.000000 0.000000 -0.000000 0.000000 0.000000 0.000000 0.000000 0.000000 0.000000 0.000000 0.000000 0.000000 0.000000 0.000000 0.000000 0.000000 0.000000 0.000000 0.000000 0.000000 0.000000 0.000000 0.000000 0.000000 0.000000 0.000000 0.000000
0.511628 0.000000 0.082559 0.095095 0.372326 1.308486 0.042712 0.139760 0.055595 0.075417 -0.008725 -0.132989 1.314442 0.139796 0.070419 -0.219875 0.059953 1.260851 0.001114 -0.233188 0.068925 -0.068687 0.107930 -0.336733 -0.388597 -0.095378 -0.357684 0.063539 -0.140978 -0.111398 0.059953 1.260851 0.001114 -0.233188 0.068925 -0.068687 0.107930 -0.336733 -0.388597 -0.095378 -0.357684 0.063539 -0.140978 -0.111398 -0.189179 2.676425 2.405806 0.151603 -0.134499 12.551559 -0.189179 2.676425 2.405806 0.151603 -0.134499 12.551559 0.000000 0.000000 -0.000000 0.000000 0.000000 -0.000000 0.000000 0.000000 0.000000 0.000000 0.000000 0.000000 0.000000 0.000000 0.000000 0.000000 0.000000 0.000000 0.000000 0.000000 0.000000 0.000000 0.000000 0.000000 0.000000 0.000000 0.000000 0.000000 0.000000 0.000000
0.546685 0.000000 0.082559 0.095107 0.372314 1.308474 0.042700 0.139772 0.055595 0.075417 -0.008713 -0.132989 1.314430 0.139832 0.070407 -0.219863 0.052682 1.280717 0.007807 -0.246826 0.081782 -0.072069 0.109235 -0.329494 -0.373528 -0.103981 -0.352204 0.060455 -0.140009 -0.112033 0.052682 1.280717 0.007807 -0.246826 0.081782 -0.072069 0.109235 -0.329494 -0.373528 -0.103981 -0.352204 0.060455 -0.140009 -0.112033 -0.189721 2.622790 3.026375 0.129067 -0.097034 12.608708 -0.189721 2.622790 3.026375 0.129067 -0.097034 12.608708 0.000000 0.000000 -0.000000 0.000000 0.000000 -0.000000 0.000000 0.000000 0.000000 0.000000 0.000000 0.000000 0.000000 0.000000 0.000000 0.000000 0.000000 0.000000 0.000000 0.000000 0.000000 0.000000 0.000000 0.000000 0.000000 0.000000 0.000000 0.000000 0.000000 0.000000
0.589478 0.000000 0.082559 0.095095 0.372302 1.308486 0.042664 0.139772 0.055595 0.075405 -0.008725 -0.132989 1.314454 0.139856 0.070419 -0.219851 0.060435 1.296448 0.013623 -0.237902 0.080921 -0.072295 0.109558 -0.332073 -0.373112 -0.086355 -0.367084 0.056626 -0.142120 -0.113648 0.060435 1.296448 0.013623 -0.237902 0.080921 -0.072295 0.109558 -0.332073 -0.373112 -0.086355 -0.367084 0.056626 -0.142120 -0.113648 -0.173737 2.854858 1.899737 0.083691 -0.020000 13.631406 -0.173737 2.854858 1.899737 0.083691 -0.020000 13.631406 0.000000 0.000000 -0.000000 0.000000 0.000000 -0.000000 0.000000 0.000000 0.000000 0.000000 0.000000 0.000000 0.000000 0.000000 0.000000 0.000000 0.000000 0.000000 0.000000 0.000000 0.000000 0.000000 0.000000 0.000000 0.000000 0.000000 0.000000 0.000000 0.000000 0.000000
0.629003 0.000000 0.082559 0.095071 0.372314 1.308486 0.042712 0.139772 0.055583 0.075429 -0.008713 -0.132965 1.314406 0.139856 0.070419 -0.219863 0.063588 1.258235 0.011995 -0.235817 0.079584 -0.069955 0.104852 -0.321146 -0.394445 -0.100620 -0.372543 0.054142 -0.141900 -0.116715 0.063588 1.258235 0.011995 -0.235817 0.079584 -0.069955 0.104852 -0.321146 -0.394445 -0.100620 -0.372543 0.054142 -0.141900 -0.116715 -0.204716 2.624686 2.697482 0.033058 -0.041267 14.140546 -0.204716 2.624686 2.697482 0.033058 -0.041267 14.140546 0.000000 0.000000 -0.000000 0.000000 0.000000 -0.000000 0.000000 0.000000 0.000000 0.000000 0.000000 0.000000 0.000000 0.000000 0.000000 0.000000 0.000000 0.000000 0.000000 0.000000 0.000000 0.000000 0.000000 0.000000 0.000000 0.000000 0.000000 0.000000 0.000000 0.000000
0.663095 0.000000 0.082571 0.095095 0.372302 1.308510 0.042700 0.139772 0.055583 0.075405 -0.008725 -0.132977 1.314430 0.139856 0.070407 -0.219863 0.071678 1.300227 0.018228 -0.249105 0.079794 -0.071235 0.108173 -0.309884 -0.382312 -0.108714 -0.362408 0.052788 -0.140358 -0.117217 0.071678 1.300227 0.018228 -0.249105 0.079794 -0.071235 0.108173 -0.309884 -0.382312 -0.108714 -0.362408 0.052788 -0.140358 -0.117217 -0.252596 2.557511 3.704412 0.010036 -0.022496 14.018098 -0.252596 2.557511 3.704412 0.010036 -0.022496 14.018098 0.000000 0.000000 -0.000000 0.000000 0.000000 -0.000000 0.000000 0.000000 0.000000 0.000000 0.000000 0.000000 0.000000 0.000000 0.000000 0.000000 0.000000 0.000000 0.000000 0.000000 0.000000 0.000000 0.000000 0.000000 0.000000 0.000000 0.000000 0.000000 0.000000 0.000000
0.699038 0.000000 0.082559 0.095107 0.372302 1.308486 0.042712 0.139772 0.055607 0.075405 -0.008713 -0.132965 1.314442 0.139832 0.070443 -0.219863 0.076697 1.316711 0.022070 -0.252029 0.079574 -0.071321 0.106053 -0.316945 -0.387796 -0.115656 -0.359878 0.051298 -0.140494 -0.117637 0.076697 1.316711 0.022070 -0.252029 0.079574 -0.071321 0.106053 -0.316945 -0.387796 -0.115656 -0.359878 0.051298 -0.140494 -0.117637 -0.266354 2.580165 3.811009 0.049249 -0.069658 13.568396 -0.266354 2.580165 3.811009 0.049249 -0.069658 13.568396 0.000000 0.000000 -0.000000 0.000000 0.000000 -0.000000 0.000000 0.000000 0.000000 0.000000 0.000000 0.000000 0.000000 0.000000 0.000000 0.000000 0.000000 0.000000 0.000000 0.000000 0.000000 0.000000 0.000000 0.000000 0.000000 0.000000 0.000000 0.000000 0.000000 0.000000
0.739283 0.000000 0.082559 0.095095 0.372314 1.308486 0.042724 0.139772 0.055595 0.075417 -0.008725 -0.133013 1.314442 0.139808 0.070419 -0.219863 0.075695 1.319807 0.024026 -0.256032 0.079302 -0.069646 0.107007 -0.320225 -0.403989 -0.110391 -0.359415 0.062080 -0.138789 -0.119018 0.075695 1.319807 0.024026 -0.256032 0.079302 -0.069646 0.107007 -0.320225 -0.403989 -0.110391 -0.359415 0.062080 -0.138789 -0.119018 -0.276880 2.521052 4.204399 0.072082 -0.126142 13.282257 -0.276880 2.521052 4.204399 0.072082 -0.126142 13.282257 0.000000 0.000000 -0.000000 0.000000 0.000000 -0.000000 0.000000 0.000000 0.000000 0.000000 0.000000 0.000000 0.000000 0.000000 0.000000 0.000000 0.000000 0.000000 0.000000 0.000000 0.000000 0.000000 0.000000 0.000000 0.000000 0.000000 0.000000 0.000000 0.000000 0.000000
0.772125 0.000000 0.082559 0.095107 0.372302 1.308510 0.042688 0.139772 0.055595 0.075405 -0.008748 -0.132989 1.314430 0.139844 0.070407 -0.219851 0.052649 1.328816 0.024637 -0.269014 0.089466 -0.074380 0.107233 -0.361162 -0.384155 -0.103315 -0.370645 0.058469 -0.144648 -0.117230 0.052649 1.328816 0.024637 -0.269014 0.089466 -0.074380 0.107233 -0.361162 -0.384155 -0.103315 -0.370645 0.058469 -0.144648 -0.117230 -0.221386 2.550615 4.170696 0.189300 -0.107104 12.854340 -0.221386 2.550615 4.170696 0.189300 -0.107104 12.854340 0.000000 0.000000 -0.000000 0.000000 0.000000 -0.000000 0.000000 0.000000 0.000000 0.000000 0.000000 0.000000 0.000000 0.000000 0.000000 0.000000 0.000000 0.000000 0.000000 0.000000 0.000000 0.000000 0.000000 0.000000 0.000000 0.000000 0.000000 0.000000 0.000000 0.000000
0.813734 0.000000 0.082547 0.095107 0.372290 1.308522 0.042688 0.139772 0.055607 0.075417 -0.008737 -0.132989 1.314442 0.139772 0.070419 -0.219875 0.064434 1.308652 0.025559 -0.264517 0.086920 -0.072649 0.107051 -0.306331 -0.392514 -0.103784 -0.359029 0.056316 -0.140545 -0.121027 0.064434 1.308652 0.025559 -0.264517 0.086920 -0.072649 0.107051 -0.306331 -0.392514 -0.103784 -0.359029 0.056316 -0.140545 -0.121027 -0.267356 2.396133 4.789173 -0.002190 -0.042780 14.054007 -0.267356 2.396133 4.789173 -0.002190 -0.042780 14.054007 0.000000 0.000000 -0.000000 0.000000 0.000000 -0.000000 0.000000 0.000000 0.000000 0.000000 0.000000 0.000000 0.000000 0.000000 0.000000 0.000000 0.000000 0.000000 0.000000 0.000000 0.000000 0.000000 0.000000 0.000000 0.000000 0.000000 0.000000 0.000000 0.000000 0.000000
0.857822 0.000000 0.082559 0.095107 0.372338 1.308510 0.042712 0.139772 0.055595 0.075405 -0.008725 -0.133013 1.314430 0.139844 0.070407 -0.219851 0.080321 1.320059 0.028125 -0.261541 0.071313 -0.071626 0.108432 -0.327588 -0.398142 -0.112514 -0.378354 0.053183 -0.144549 -0.122642 0.080321 1.320059 0.028125 -0.261541 0.071313 -0.071626 0.108432 -0.327588 -0.398142 -0.112514 -0.378354 0.053183 -0.144549 -0.122642 -0.311312 2.380148 5.043007 0.026477 -0.030405 14.495577 -0.311312 2.380148 5.043007 0.026477 -0.030405 14.495577 0.000000 0.000000 -0.000000 0.000000 0.000000 -0.000000 0.000000 0.000000 0.000000 0.000000 0.000000 0.000000 0.000000 0.000000 0.000000 0.000000 0.000000 0.000000 0.000000 0.000000 0.000000 0.000000 0.000000 0.000000 0.000000 0.000000 0.000000 0.000000 0.000000 0.000000
0.892961 0.000000 0.082571 0.095107 0.372326 1.308510 0.042712 0.139772 0.055559 0.075429 -0.008725 -0.133013 1.314442 0.139832 0.070395 -0.219863 0.059800 1.329633 0.028603 -0.271884 0.072476 -0.075254 0.108167 -0.332426 -0.397364 -0.107168 -0.385644 0.062518 -0.141707 -0.121867 0.059800 1.329633 0.028603 -0.271884 0.072476 -0.075254 0.108167 -0.332426 -0.397364 -0.107168 -0.385644 0.062518 -0.141707 -0.121867 -0.256422 2.441269 4.826549 0.032039 -0.015812 14.648042 -0.256422 2.441269 4.826549 0.032039 -0.015812 14.648042 0.000000 0.000000 -0.000000 0.000000 0.000000 -0.000000 0.000000 0.000000 0.000000 0.000000 0.000000 0.000000 0.000000 0.000000 0.000000 0.000000 0.000000 0.000000 0.000000 0.000000 0.000000 0.000000 0.000000 0.000000 0.000000 0.000000 0.000000 0.000000 0.000000 0.000000
0.934087 0.000000 0.082559 0.095107 0.372302 1.308510 0.042700 0.139760 0.055619 0.075429 -0.008725 -0.133013 1.314442 0.139832 0.070419 -0.219863 0.074748 1.326369 0.029429 -0.253067 0.086475 -0.073190 0.111490 -0.312922 -0.395809 -0.117138 -0.370445 0.058915 -0.140096 -0.122767 0.074748 1.326369 0.029429 -0.253067 0.086475 -0.073190 0.111490 -0.312922 -0.395809 -0.117138 -0.370445 0.058915 -0.140096 -0.122767 -0.255859 2.646020 3.585825 -0.004517 -0.030465 14.420010 -0.255859 2.646020 3.585825 -0.004517 -0.030465 14.420010 0.000000 0.000000 -0.000000 0.000000 0.000000 -0.000000 0.000000 0.000000 0.000000 0.000000 0.000000 0.000000 0.000000 0.000000 0.000000 0.000000 0.000000 0.000000 0.000000 0.000000 0.000000 0.000000 0.000000 0.000000 0.000000 0.000000 0.000000 0.000000 0.000000 0.000000
0.967908 0.000000 0.082559 0.095095 0.372302 1.308498 0.042688 0.139760 0.055595 0.075417 -0.008701 -0.132917 1.314430 0.139808 0.070407 -0.219863 0.060571 1.317369 0.027961 -0.260117 0.084754 -0.072924 0.109500 -0.337304 -0.394712 -0.110192 -0.376021 0.055991 -0.146108 -0.121261 0.060571 1.317369 0.027961 -0.260117 0.084754 -0.072924 0.109500 -0.337304 -0.394712 -0.110192 -0.376021 0.055991 -0.146108 -0.121261 -0.231303 2.578340 3.850005 0.072632 -0.053346 14.042383 -0.231303 2.578340 3.850005 0.072632 -0.053346 14.042383 0.000000 0.000000 -0.000000 0.000000 0.000000 -0.000000 0.000000 0.000000 0.000000 0.000000 0.000000 0.000000 0.000000 0.000000 0.000000 0.000000 0.000000 0.000000 0.000000 0.000000 0.000000 0.000000 0.000000 0.000000 0.000000 0.000000 0.000000 0.000000 0.000000 0.000000
1.012046 0.000000 0.082547 0.095095 0.372290 1.308498 0.042736 0.139748 0.055595 0.075417 -0.008725 -0.132965 1.314442 0.139808 0.070407 -0.219863 0.082512 1.306964 0.027522 -0.257442 0.083031 -0.065887 0.111123 -0.322945 -0.408216 -0.105883 -0.380183 0.053231 -0.148004 -0.122100 0.082512 1.306964 0.027522 -0.257442 0.083031 -0.065887 0.111123 -0.322945 -0.408216 -0.105883 -0.380183 0.053231 -0.148004 -0.122100 -0.325891 2.317354 5.224130 0.005338 -0.035764 14.739738 -0.325891 2.317354 5.224130 0.005338 -0.035764 14.739738 0.000000 0.000000 -0.000000 0.000000 0.000000 -0.000000 0.000000 0.000000 0.000000 0.000000 0.000000 0.000000 0.000000 0.000000 0.000000 0.000000 0.000000 0.000000 0.000000 0.000000 0.000000 0.000000 0.000000 0.000000 0.000000 0.000000 0.000000 0.000000 0.000000 0.000000
1.055061 0.000000 0.082559 0.095095 0.372302 1.308510 0.042700 0.139760 0.055583 0.075405 -0.008701 -0.133001 1.314454 0.139832 0.070407 -0.219863 0.068887 1.328228 0.015817 -0.254570 0.082198 -0.074842 0.111569 -0.298505 -0.393022 -0.116004 -0.360774 0.051984 -0.142645 -0.122230 0.068887 1.328228 0.015817 -0.254570 0.082198 -0.074842 0.111569 -0.298505 -0.393022 -0.116004 -0.360774 0.051984 -0.142645 -0.122230 -0.241408 2.647236 3.579213 -0.041104 -0.021344 14.451761 -0.241408 2.647236 3.579213 -0.041104 -0.021344 14.451761 0.000000 0.000000 -0.000000 0.000000 0.000000 -0.000000 0.000000 0.000000 0.000000 0.000000 0.000000 0.000000 0.000000 0.000000 0.000000 0.000000 0.000000 0.000000 0.000000 0.000000 0.000000 0.000000 0.000000 0.000000 0.000000 0.000000 0.000000 0.000000 0.000000 0.000000
1.095551 0.000000 0.082547 0.095071 0.372302 1.308486 0.042700 0.139796 0.055595 0.075417 -0.008713 -0.133025 1.314442 0.139832 0.070407 -0.219863 0.084379 1.299718 0.018138 -0.247998 0.081000 -0.068165 0.112514 -0.328731 -0.397531 -0.108473 -0.369097 0.062456 -0.146953 -0.121050 0.084379 1.299718 0.018138 -0.247998 0.081000 -0.068165 0.112514 -0.328731 -0.397531 -0.108473 -0.369097 0.062456 -0.146953 -0.121050 -0.307466 2.422785 4.487919 0.059885 -0.068518 13.899929 -0.307466 2.422785 4.487919 0.059885 -0.068518 13.899929 0.000000 0.000000 -0.000000 0.000000 0.000000 -0.000000 0.000000 0.000000 0.000000 0.000000 0.000000 0.000000 0.000000 0.000000 0.000000 0.000000 0.000000 0.000000 0.000000 0.000000 0.000000 0.000000 0.000000 0.000000 0.000000 0.000000 0.000000 0.000000 0.000000 0.000000
1.131650 0.000000 0.082535 0.095095 0.372338 1.308498 0.042700 0.139772 0.055619 0.075405 -0.008725 -0.132941 1.314418 0.139832 0.070395 -0.219851 0.064661 1.313531 0.009122 -0.261953 0.080632 -0.076975 0.114712 -0.347031 -0.381370 -0.102014 -0.384579 0.058653 -0.149371 -0.121504 0.064661 1.313531 0.009122 -0.261953 0.080632 -0.076975 0.114712 -0.347031 -0.381370 -0.102014 -0.384579 0.058653 -0.149371 -0.121504 -0.266036 2.412756 4.737810 0.073269 0.010563 14.464489 -0.266036 2.412756 4.737810 0.073269 0.010563 14.464489 0.000000 0.000000 -0.000000 0.000000 0.000000 -0.000000 0.000000 0.000000 0.000000 0.000000 0.000000 0.000000 0.000000 0.000000 0.000000 0.000000 0.000000 0.000000 0.000000 0.000000 0.000000 0.000000 0.000000 0.000000 0.000000 0.000000 0.000000 0.000000 0.000000 0.000000
1.164156 0.000000 0.082559 0.095071 0.372302 1.308486 0.042676 0.139760 0.055595 0.075405 -0.008725 -0.132977 1.314442 0.139808 0.070407 -0.219851 0.074267 1.317952 0.013304 -0.249703 0.090363 -0.078383 0.115655 -0.318104 -0.388252 -0.102171 -0.378495 0.066962 -0.145208 -0.125319 0.074267 1.317952 0.013304 -0.249703 0.090363 -0.078383 0.115655 -0.318104 -0.388252 -0.102171 -0.378495 0.066962 -0.145208 -0.125319 -0.253727 2.619619 3.601843 -0.027943 0.038065 15.083804 -0.253727 2.619619 3.601843 -0.027943 0.038065 15.083804 0.000000 0.000000 -0.000000 0.000000 0.000000 -0.000000 0.000000 0.000000 0.000000 0.000000 0.000000 0.000000 0.000000 0.000000 0.000000 0.000000 0.000000 0.000000 0.000000 0.000000 0.000000 0.000000 0.000000 0.000000 0.000000 0.000000 0.000000 0.000000 0.000000 0.000000
1.214179 0.000000 0.082559 0.095107 0.372326 1.308486 0.042712 0.139760 0.055607 0.075417 -0.008725 -0.133001 1.314442 0.139796 0.070431 -0.219851 0.097044 1.341124 0.004410 -0.256139 0.103343 -0.078002 0.116215 -0.312849 -0.395686 -0.098091 -0.382684 0.061294 -0.143478 -0.124129 0.097044 1.341124 0.004410 -0.256139 0.103343 -0.078002 0.116215 -0.312849 -0.395686 -0.098091 -0.382684 0.061294 -0.143478 -0.124129 -0.354372 2.391721 5.254987 -0.052606 0.041711 15.373785 -0.354372 2.391721 5.254987 -0.052606 0.041711 15.373785 0.000000 0.000000 -0.000000 0.000000 0.000000 -0.000000 0.000000 0.000000 0.000000 0.000000 0.000000 0.000000 0.000000 0.000000 0.000000 0.000000 0.000000 0.000000 0.000000 0.000000 0.000000 0.000000 0.000000 0.000000 0.000000 0.000000 0.000000 0.000000 0.000000 0.000000
1.252850 0.000000 0.082559 0.095107 0.372314 1.308498 0.042712 0.139772 0.055595 0.075405 -0.008725 -0.132917 1.314442 0.139808 0.070407 -0.219863 0.076224 1.332157 0.007955 -0.250722 0.110303 -0.076076 0.113214 -0.348079 -0.402685 -0.094250 -0.403699 0.056984 -0.152354 -0.125350 0.076224 1.332157 0.007955 -0.250722 0.110303 -0.076076 0.113214 -0.348079 -0.402685 -0.094250 -0.403699 0.056984 -0.152354 -0.125350 -0.258021 2.657288 3.574643 0.019807 0.039547 15.603453 -0.258021 2.657288 3.574643 0.019807 0.039547 15.603453 0.000000 0.000000 -0.000000 0.000000 0.000000 -0.000000 0.000000 0.000000 0.000000 0.000000 0.000000 0.000000 0.000000 0.000000 0.000000 0.000000 0.000000 0.000000 0.000000 0.000000 0.000000 0.000000 0.000000 0.000000 0.000000 0.000000 0.000000 0.000000 0.000000 0.000000
1.296736 0.000000 0.082559 0.095119 0.372290 1.308498 0.042688 0.139760 0.055607 0.075429 -0.008725 -0.132977 1.314430 0.139808 0.070419 -0.219863 0.076795 1.329354 0.014599 -0.242351 0.103374 -0.073232 0.116679 -0.321671 -0.383784 -0.093352 -0.373803 0.055253 -0.143809 -0.124572 0.076795 1.329354 0.014599 -0.242351 0.103374 -0.073232 0.116679 -0.321671 -0.383784 -0.093352 -0.373803 0.055253 -0.143809 -0.124572 -0.236512 2.797697 2.720039 -0.005599 0.031214 14.789806 -0.236512 2.797697 2.720039 -0.005599 0.031214 14.789806 0.000000 0.000000 -0.000000 0.000000 0.000000 -0.000000 0.000000 0.000000 0.000000 0.000000 0.000000 0.000000 0.000000 0.000000 0.000000 0.000000 0.000000 0.000000 0.000000 0.000000 0.000000 0.000000 0.000000 0.000000 0.000000 0.000000 0.000000 0.000000 0.000000 0.000000
1.329027 0.000000 0.082547 0.095107 0.372350 1.308486 0.042724 0.139760 0.055595 0.075417 -0.008713 -0.133025 1.314442 0.139772 0.070419 -0.219863 0.049327 1.308696 0.013468 -0.255444 0.108974 -0.077309 0.112205 -0.308973 -0.398925 -0.093943 -0.354589 0.053610 -0.142442 -0.124896 0.049327 1.308696 0.013468 -0.255444 0.108974 -0.077309 0.112205 -0.308973 -0.398925 -0.093943 -0.354589 0.053610 -0.142442 -0.124896 -0.181837 2.687420 3.075846 0.005307 -0.062096 13.962507 -0.181837 2.687420 3.075846 0.005307 -0.062096 13.962507 0.000000 0.000000 -0.000000 0.000000 0.000000 -0.000000 0.000000 0.000000 0.000000 0.000000 0.000000 0.000000 0.000000 0.000000 0.000000 0.000000 0.000000 0.000000 0.000000 0.000000 0.000000 0.000000 0.000000 0.000000 0.000000 0.000000 0.000000 0.000000 0.000000 0.000000
1.359486 0.000000 0.082559 0.095107 0.372302 1.308498 0.042700 0.139760 0.055607 0.075405 -0.008701 -0.132917 1.314442 0.139832 0.070407 -0.219863 0.052934 1.317354 0.016487 -0.259701 0.113970 -0.077887 0.112164 -0.331967 -0.383098 -0.100487 -0.357082 0.061491 -0.141066 -0.123375 0.052934 1.317354 0.016487 -0.259701 0.113970 -0.077887 0.112164 -0.331967 -0.383098 -0.100487 -0.357082 0.061491 -0.141066 -0.123375 -0.202879 2.633580 3.523500 0.091345 -0.071379 13.316635 -0.202879 2.633580 3.523500 0.091345 -0.071379 13.316635 0.000000 0.000000 -0.000000 0.000000 0.000000 -0.000000 0.000000 0.000000 0.000000 0.000000 0.000000 0.000000 0.000000 0.000000 0.000000 0.000000 0.000000 0.000000 0.000000 0.000000 0.000000 0.000000 0.000000 0.000000 0.000000 0.000000 0.000000 0.000000 0.000000 0.000000
1.392608 0.000000 0.082547 0.095107 0.372290 1.308486 0.042712 0.139760 0.055595 0.075405 -0.008725 -0.132965 1.314442 0.139832 0.070419 -0.219875 0.066129 1.341680 0.011776 -0.260840 0.108179 -0.074618 0.116047 -0.340002 -0.411036 -0.110579 -0.361780 0.058063 -0.144405 -0.127200 0.066129 1.341680 0.011776 -0.260840 0.108179 -0.074618 0.116047 -0.340002 -0.411036 -0.110579 -0.361780 0.058063 -0.144405 -0.127200 -0.251458 2.596894 4.071329 0.114823 -0.148670 13.231173 -0.251458 2.596894 4.071329 0.114823 -0.148670 13.231173 0.000000 0.000000 -0.000000 0.000000 0.000000 -0.000000 0.000000 0.000000 0.000000 0.000000 0.000000 0.000000 0.000000 0.000000 0.000000 0.000000 0.000000 0.000000 0.000000 0.000000 0.000000 0.000000 0.000000 0.000000 0.000000 0.000000 0.000000 0.000000 0.000000 0.000000
1.421310 0.000000 0.082547 0.095119 0.372290 1.308486 0.042688 0.139760 0.055583 0.075417 -0.008737 -0.132989 1.314442 0.139868 0.070431 -0.219863 0.063753 1.335295 0.013614 -0.262665 0.112798 -0.074928 0.114403 -0.330981 -0.395811 -0.106233 -0.355721 0.056264 -0.140072 -0.125252 0.063753 1.335295 0.013614 -0.262665 0.112798 -0.074928 0.114403 -0.330981 -0.395811 -0.106233 -0.355721 0.056264 -0.140072 -0.125252 -0.250428 2.554449 4.234092 0.094724 -0.111814 13.198111 -0.250428 2.554449 4.234092 0.094724 -0.111814 13.198111 0.000000 0.000000 -0.000000 0.000000 0.000000 -0.000000 0.000000 0.000000 0.000000 0.000000 0.000000 0.000000 0.000000 0.000000 0.000000 0.000000 0.000000 0.000000 0.000000 0.000000 0.000000 0.000000 0.000000 0.000000 0.000000 0.000000 0.000000 0.000000 0.000000 0.000000
1.452144 0.000000 0.082559 0.095083 0.372326 1.308486 0.042700 0.139772 0.055583 0.075417 -0.008713 -0.133013 1.314454 0.139844 0.070431 -0.219863 0.082859 1.333676 0.017246 -0.245258 0.107276 -0.069131 0.113845 -0.346592 -0.386237 -0.112316 -0.368163 0.054246 -0.142686 -0.124094 0.082859 1.333676 0.017246 -0.245258 0.107276 -0.069131 0.113845 -0.346592 -0.386237 -0.112316 -0.368163 0.054246 -0.142686 -0.124094 -0.268352 2.711944 3.284233 0.120320 -0.074859 13.444556 -0.268352 2.711944 3.284233 0.120320 -0.074859 13.444556 0.000000 0.000000 -0.000000 0.000000 0.000000 -0.000000 0.000000 0.000000 0.000000 0.000000 0.000000 0.000000 0.000000 0.000000 0.000000 0.000000 0.000000 0.000000 0.000000 0.000000 0.000000 0.000000 0.000000 0.000000 0.000000 0.000000 0.000000 0.000000 0.000000 0.000000
1.487159 0.000000 0.082547 0.095083 0.372290 1.308486 0.042688 0.139772 0.055595 0.075405 -0.008725 -0.133037 1.314454 0.139856 0.070407 -0.219863 0.070193 1.324876 0.018368 -0.252976 0.112875 -0.071504 0.111768 -0.355518 -0.384553 -0.118781 -0.364380 0.052416 -0.142800 -0.123727 0.070193 1.324876 0.018368 -0.252976 0.112875 -0.071504 0.111768 -0.355518 -0.384553 -0.118781 -0.364380 0.052416 -0.142800 -0.123727 -0.247462 2.637675 3.601216 0.168104 -0.110827 12.897905 -0.247462 2.637675 3.601216 0.168104 -0.110827 12.897905 0.000000 0.000000 -0.000000 0.000000 0.000000 -0.000000 0.000000 0.000000 0.000000 0.000000 0.000000 0.000000 0.000000 0.000000 0.000000 0.000000 0.000000 0.000000 0.000000 0.000000 0.000000 0.000000 0.000000 0.000000 0.000000 0.000000 0.000000 0.000000 0.000000 0.000000
1.521832 0.000000 0.082559 0.095107 0.372338 1.308498 0.042712 0.139772 0.055619 0.075405 -0.008713 -0.133001 1.314442 0.139844 0.070407 -0.219851 0.071821 1.323297 0.020321 -0.254854 0.106816 -0.071684 0.113502 -0.357089 -0.393248 -0.124277 -0.371677 0.050874 -0.145574 -0.123530 0.071821 1.323297 0.020321 -0.254854 0.106816 -0.071684 0.113502 -0.357089 -0.393248 -0.124277 -0.371677 0.050874 -0.145574 -0.123530 -0.262160 2.572267 3.964981 0.159322 -0.114512 13.183766 -0.262160 2.572267 3.964981 0.159322 -0.114512 13.183766 0.000000 0.000000 -0.000000 0.000000 0.000000 -0.000000 0.000000 0.000000 0.000000 0.000000 0.000000 0.000000 0.000000 0.000000 0.000000 0.000000 0.000000 0.000000 0.000000 0.000000 0.000000 0.000000 0.000000 0.000000 0.000000 0.000000 0.000000 0.000000 0.000000 0.000000
1.562070 0.000000 0.082559 0.095095 0.372302 1.308474 0.042688 0.139772 0.055595 0.075429 -0.008737 -0.132977 1.314430 0.139880 0.070407 -0.219863 0.049595 1.329659 0.022371 -0.249772 0.113703 -0.071204 0.112661 -0.371346 -0.395939 -0.117167 -0.384702 0.036462 -0.147687 -0.123799 0.049595 1.329659 0.022371 -0.249772 0.113703 -0.071204 0.112661 -0.371346 -0.395939 -0.117167 -0.384702 0.036462 -0.147687 -0.123799 -0.151715 2.936375 1.924730 0.173647 -0.092043 13.582918 -0.151715 2.936375 1.924730 0.173647 -0.092043 13.582918 0.000000 0.000000 -0.000000 0.000000 0.000000 -0.000000 0.000000 0.000000 0.000000 0.000000 0.000000 0.000000 0.000000 0.000000 0.000000 0.000000 0.000000 0.000000 0.000000 0.000000 0.000000 0.000000 0.000000 0.000000 0.000000 0.000000 0.000000 0.000000 0.000000 0.000000
1.605662 0.000000 0.082559 0.095107 0.372302 1.308510 0.042724 0.139760 0.055595 0.075405 -0.008725 -0.133013 1.314430 0.139856 0.070407 -0.219875 0.041963 1.338608 0.024472 -0.247325 0.106103 -0.071766 0.112214 -0.377130 -0.380521 -0.109506 -0.390117 0.038120 -0.146861 -0.122470 0.041963 1.338608 0.024472 -0.247325 0.106103 -0.071766 0.112214 -0.377130 -0.380521 -0.109506 -0.390117 0.038120 -0.146861 -0.122470 -0.104274 3.128624 0.925147 0.175155 -0.036262 13.815932 -0.104274 3.128624 0.925147 0.175155 -0.036262 13.815932 0.000000 0.000000 -0.000000 0.000000 0.000000 -0.000000 0.000000 0.000000 0.000000 0.000000 0.000000 0.000000 0.000000 0.000000 0.000000 0.000000 0.000000 0.000000 0.000000 0.000000 0.000000 0.000000 0.000000 0.000000 0.000000 0.000000 0.000000 0.000000 0.000000 0.000000
1.628550 0.000000 0.082547 0.095107 0.372290 1.308486 0.042664 0.139772 0.055583 0.075405 -0.008713 -0.133001 1.314442 0.139808 0.070407 -0.219851 0.046642 1.340684 0.018428 -0.250924 0.110058 -0.072605 0.113142 -0.356361 -0.385856 -0.107071 -0.386480 0.038931 -0.142471 -0.123688 0.046642 1.340684 0.018428 -0.250924 0.110058 -0.072605 0.113142 -0.356361 -0.385856 -0.107071 -0.386480 0.038931 -0.142471 -0.123688 -0.136905 3.004180 1.676398 0.104990 -0.018923 14.230239 -0.136905 3.004180 1.676398 0.104990 -0.018923 14.230239 0.000000 0.000000 -0.000000 0.000000 0.000000 -0.000000 0.000000 0.000000 0.000000 0.000000 0.000000 0.000000 0.000000 0.000000 0.000000 0.000000 0.000000 0.000000 0.000000 0.000000 0.000000 0.000000 0.000000 0.000000 0.000000 0.000000 0.000000 0.000000 0.000000 0.000000
1.662493 0.000000 0.082559 0.095083 0.372326 1.308486 0.042688 0.139784 0.055595 0.075417 -0.008713 -0.133013 1.314442 0.139796 0.070431 -0.219863 0.057336 1.341395 0.021345 -0.250891 0.104556 -0.071402 0.115230 -0.341898 -0.391836 -0.115174 -0.374295 0.050973 -0.140117 -0.125823 0.057336 1.341395 0.021345 -0.250891 0.104556 -0.071402 0.115230 -0.341898 -0.391836 -0.115174 -0.374295 0.050973 -0.140117 -0.125823 -0.180190 2.902939 2.284214 0.085391 -0.056833 13.914282 -0.180190 2.902939 2.284214 0.085391 -0.056833 13.914282 0.000000 0.000000 -0.000000 0.000000 0.000000 -0.000000 0.000000 0.000000 0.000000 0.000000 0.000000 0.000000 0.000000 0.000000 0.000000 0.000000 0.000000 0.000000 0.000000 0.000000 0.000000 0.000000 0.000000 0.000000 0.000000 0.000000 0.000000 0.000000 0.000000 0.000000
1.695254 0.000000 0.082559 0.095107 0.372326 1.308474 0.042724 0.139784 0.055595 0.075417 -0.008725 -0.133013 1.314418 0.139796 0.070407 -0.219863 0.067115 1.340842 0.023357 -0.241271 0.100212 -0.073932 0.114562 -0.375638 -0.383811 -0.108304 -0.382886 0.048909 -0.146274 -0.123897 0.067115 1.340842 0.023357 -0.241271 0.100212 -0.073932 0.114562 -0.375638 -0.383811 -0.108304 -0.382886 0.048909 -0.146274 -0.123897 -0.178948 3.027495 1.550066 0.189187 -0.069131 13.442473 -0.178948 3.027495 1.550066 0.189187 -0.069131 13.442473 0.000000 0.000000 -0.000000 0.000000 0.000000 -0.000000 0.000000 0.000000 0.000000 0.000000 0.000000 0.000000 0.000000 0.000000 0.000000 0.000000 0.000000 0.000000 0.000000 0.000000 0.000000 0.000000 0.000000 0.000000 0.000000 0.000000 0.000000 0.000000 0.000000 0.000000
1.728737 0.000000 0.082559 0.095107 0.372374 1.308498 0.042712 0.139760 0.055595 0.075417 -0.008713 -0.132989 1.314430 0.139820 0.070407 -0.219863 0.052963 1.346292 0.014726 -0.249584 0.096607 -0.075612 0.114003 -0.351704 -0.390851 -0.105524 -0.379950 0.048491 -0.143232 -0.120806 0.052963 1.346292 0.014726 -0.249584 0.096607 -0.075612 0.114003 -0.351704 -0.390851 -0.105524 -0.379950 0.048491 -0.143232 -0.120806 -0.150856 3.008517 1.722271 0.118184 -0.059223 13.803099 -0.150856 3.008517 1.722271 0.118184 -0.059223 13.803099 0.000000 0.000000 -0.000000 0.000000 0.000000 -0.000000 0.000000 0.000000 0.000000 0.000000 0.000000 0.000000 0.000000 0.000000 0.000000 0.000000 0.000000 0.000000 0.000000 0.000000 0.000000 0.000000 0.000000 0.000000 0.000000 0.000000 0.000000 0.000000 0.000000 0.000000
1.760660 0.000000 0.082571 0.095095 0.372338 1.308474 0.042676 0.139760 0.055583 0.075393 -0.008701 -0.133001 1.314430 0.139832 0.070407 -0.219863 0.056172 1.331892 0.016198 -0.251646 0.093340 -0.073371 0.111938 -0.360345 -0.402264 -0.113208 -0.376149 0.047727 -0.144028 -0.121385 0.056172 1.331892 0.016198 -0.251646 0.093340 -0.073371 0.111938 -0.360345 -0.402264 -0.113208 -0.376149 0.047727 -0.144028 -0.121385 -0.181086 2.844888 2.474989 0.169808 -0.133051 13.177926 -0.181086 2.844888 2.474989 0.169808 -0.133051 13.177926 0.000000 0.000000 -0.000000 0.000000 0.000000 -0.000000 0.000000 0.000000 0.000000 0.000000 0.000000 0.000000 0.000000 0.000000 0.000000 0.000000 0.000000 0.000000 0.000000 0.000000 0.000000 0.000000 0.000000 0.000000 0.000000 0.000000 0.000000 0.000000 0.000000 0.000000
1.790538 0.000000 0.082547 0.095083 0.372302 1.308510 0.042712 0.139760 0.055607 0.075405 -0.008725 -0.132989 1.314442 0.139856 0.070407 -0.219863 0.036149 1.328086 0.016603 -0.263541 0.091115 -0.075511 0.110597 -0.345233 -0.389282 -0.108644 -0.377169 0.047345 -0.139978 -0.120892 0.036149 1.328086 0.016603 -0.263541 0.091115 -0.075511 0.110597 -0.345233 -0.389282 -0.108644 -0.377169 0.047345 -0.139978 -0.120892 -0.144187 2.779255 2.808189 0.102603 -0.056193 13.799020 -0.144187 2.779255 2.808189 0.102603 -0.056193 13.799020 0.000000 0.000000 -0.000000 0.000000 0.000000 -0.000000 0.000000 0.000000 0.000000 0.000000 0.000000 0.000000 0.000000 0.000000 0.000000 0.000000 0.000000 0.000000 0.000000 0.000000 0.000000 0.000000 0.000000 0.000000 0.000000 0.000000 0.000000 0.000000 0.000000 0.000000
1.824147 0.000000 0.082559 0.095083 0.372302 1.308462 0.042664 0.139760 0.055595 0.075417 -0.008701 -0.132965 1.314430 0.139796 0.070419 -0.219851 0.061031 1.335612 0.020802 -0.246156 0.099560 -0.069567 0.111423 -0.357509 -0.385741 -0.115331 -0.373976 0.046641 -0.141237 -0.123010 0.061031 1.335612 0.020802 -0.246156 0.099560 -0.069567 0.111423 -0.357509 -0.385741 -0.115331 -0.373976 0.046641 -0.141237 -0.123010 -0.180006 2.936002 1.999443 0.152103 -0.082792 13.337537 -0.180006 2.936002 1.999443 0.152103 -0.082792 13.337537 0.000000 0.000000 -0.000000 0.000000 0.000000 -0.000000 0.000000 0.000000 0.000000 0.000000 0.000000 0.000000 0.000000 0.000000 0.000000 0.000000 0.000000 0.000000 0.000000 0.000000 0.000000 0.000000 0.000000 0.000000 0.000000 0.000000 0.000000 0.000000 0.000000 0.000000
1.870071 0.000000 0.082559 0.095095 0.372314 1.308474 0.042676 0.139760 0.055595 0.075405 -0.008725 -0.132977 1.314442 0.139808 0.070407 -0.219863 0.059616 1.323568 0.021987 -0.237834 0.094203 -0.071230 0.109472 -0.367104 -0.406563 -0.124377 -0.370501 0.045812 -0.143528 -0.123427 0.059616 1.323568 0.021987 -0.237834 0.094203 -0.071230 0.109472 -0.367104 -0.406563 -0.124377 -0.370501 0.045812 -0.143528 -0.123427 -0.148240 3.063321 1.081947 0.212251 -0.186146 12.615231 -0.148240 3.063321 1.081947 0.212251 -0.186146 12.615231 0.000000 0.000000 -0.000000 0.000000 0.000000 -0.000000 0.000000 0.000000 0.000000 0.000000 0.000000 0.000000 0.000000 0.000000 0.000000 0.000000 0.000000 0.000000 0.000000 0.000000 0.000000 0.000000 0.000000 0.000000 0.000000 0.000000 0.000000 0.000000 0.000000 0.000000
1.930841 0.000000 0.082559 0.095119 0.372326 1.308486 0.042700 0.139772 0.055595 0.075393 -0.008713 -0.133025 1.314430 0.139832 0.070419 -0.219863 0.083060 1.357619 0.008773 -0.233413 0.090003 -0.073607 0.112111 -0.383814 -0.411888 -0.131588 -0.387268 0.045107 -0.145524 -0.122668 0.083060 1.357619 0.008773 -0.233413 0.090003 -0.073607 0.112111 -0.383814 -0.411888 -0.131588 -0.387268 0.045107 -0.145524 -0.122668 -0.204945 3.114501 1.242469 0.239727 -0.182387 12.904382 -0.204945 3.114501 1.242469 0.239727 -0.182387 12.904382 0.000000 0.000000 -0.000000 0.000000 0.000000 -0.000000 0.000000 0.000000 0.000000 0.000000 0.000000 0.000000 0.000000 0.000000 0.000000 0.000000 0.000000 0.000000 0.000000 0.000000 0.000000 0.000000 0.000000 0.000000 0.000000 0.000000 0.000000 0.000000 0.000000 0.000000
1.981822 0.000000 0.082559 0.095083 0.372278 1.308498 0.042688 0.139760 0.055607 0.075417 -0.008725 -0.132977 1.314442 0.139820 0.070395 -0.219863 0.076737 1.348362 0.014109 -0.244460 0.086808 -0.074659 0.114172 -0.366432 -0.392182 -0.118372 -0.392851 0.044383 -0.145968 -0.121471 0.076737 1.348362 0.014109 -0.244460 0.086808 -0.074659 0.114172 -0.366432 -0.392182 -0.118372 -0.392851 0.044383 -0.145968 -0.121471 -0.225166 2.895910 2.406245 0.141448 -0.050724 14.048357 -0.225166 2.895910 2.406245 0.141448 -0.050724 14.048357 0.000000 0.000000 -0.000000 0.000000 0.000000 -0.000000 0.000000 0.000000 0.000000 0.000000 0.000000 0.000000 0.000000 0.000000 0.000000 0.000000 0.000000 0.000000 0.000000 0.000000 0.000000 0.000000 0.000000 0.000000 0.000000 0.000000 0.000000 0.000000 0.000000 0.000000
2.012483 0.000000 0.082559 0.095083 0.372302 1.308510 0.042724 0.139760 0.055583 0.075429 -0.008713 -0.133001 1.314454 0.139844 0.070407 -0.219863 0.075742 1.325549 0.014670 -0.244260 0.085103 -0.073160 0.111482 -0.348373 -0.397190 -0.114324 -0.378897 0.054418 -0.142617 -0.121819 0.075742 1.325549 0.014670 -0.244260 0.085103 -0.073160 0.111482 -0.348373 -0.397190 -0.114324 -0.378897 0.054418 -0.142617 -0.121819 -0.235700 2.767764 2.830634 0.113836 -0.081346 13.743096 -0.235700 2.767764 2.830634 0.113836 -0.081346 13.743096 0.000000 0.000000 -0.000000 0.000000 0.000000 -0.000000 0.000000 0.000000 0.000000 0.000000 0.000000 0.000000 0.000000 0.000000 0.000000 0.000000 0.000000 0.000000 0.000000 0.000000 0.000000 0.000000 0.000000 0.000000 0.000000 0.000000 0.000000 0.000000 0.000000 0.000000
2.036858 0.000000 0.082559 0.095083 0.372338 1.308486 0.042712 0.139760 0.055595 0.075417 -0.008725 -0.133013 1.314430 0.139820 0.070419 -0.219863 0.069430 1.340432 0.017867 -0.252658 0.092031 -0.075187 0.112249 -0.344455 -0.396229 -0.110982 -0.370587 0.053476 -0.140893 -0.121597 0.069430 1.340432 0.017867 -0.252658 0.092031 -0.075187 0.112249 -0.344455 -0.396229 -0.110982 -0.370587 0.053476 -0.140893 -0.121597 -0.227301 2.767107 3.058103 0.120996 -0.101570 13.392579 -0.227301 2.767107 3.058103 0.120996 -0.101570 13.392579 0.000000 0.000000 -0.000000 0.000000 0.000000 -0.000000 0.000000 0.000000 0.000000 0.000000 0.000000 0.000000 0.000000 0.000000 0.000000 0.000000 0.000000 0.000000 0.000000 0.000000 0.000000 0.000000 0.000000 0.000000 0.000000 0.000000 0.000000 0.000000 0.000000 0.000000
2.063106 0.000000 0.082559 0.095095 0.372338 1.308486 0.042736 0.139760 0.055595 0.075417 -0.008713 -0.133013 1.314442 0.139796 0.070407 -0.219863 0.057605 1.318995 0.009413 -0.258070 0.089965 -0.076425 0.110142 -0.353124 -0.392742 -0.114839 -0.382603 0.051556 -0.144604 -0.121122 0.057605 1.318995 0.009413 -0.258070 0.089965 -0.076425 0.110142 -0.353124 -0.392742 -0.114839 -0.382603 0.051556 -0.144604 -0.121122 -0.216244 2.615468 3.625941 0.119549 -0.063406 13.854962 -0.216244 2.615468 3.625941 0.119549 -0.063406 13.854962 0.000000 0.000000 -0.000000 0.000000 0.000000 -0.000000 0.000000 0.000000 0.000000 0.000000 0.000000 0.000000 0.000000 0.000000 0.000000 0.000000 0.000000 0.000000 0.000000 0.000000 0.000000 0.000000 0.000000 0.000000 0.000000 0.000000 0.000000 0.000000 0.000000 0.000000
2.096420 0.000000 0.082559 0.095095 0.372278 1.308498 0.042712 0.139760 0.055607 0.075393 -0.008737 -0.133013 1.314442 0.139844 0.070407 -0.219863 0.054517 1.326170 0.013300 -0.263493 0.088179 -0.080602 0.110823 -0.359380 -0.381488 -0.109180 -0.380916 0.050237 -0.145934 -0.120323 0.054517 1.326170 0.013300 -0.263493 0.088179 -0.080602 0.110823 -0.359380 -0.381488 -0.109180 -0.380916 0.050237 -0.145934 -0.120323 -0.212063 2.606588 3.793021 0.140708 -0.044877 13.701834 -0.212063 2.606588 3.793021 0.140708 -0.044877 13.701834 0.000000 0.000000 -0.000000 0.000000 0.000000 -0.000000 0.000000 0.000000 0.000000 0.000000 0.000000 0.000000 0.000000 0.000000 0.000000 0.000000 0.000000 0.000000 0.000000 0.000000 0.000000 0.000000 0.000000 0.000000 0.000000 0.000000 0.000000 0.000000 0.000000 0.000000
2.135153 0.000000 0.082547 0.095083 0.372314 1.308486 0.042712 0.139760 0.055583 0.075417 -0.008713 -0.132929 1.314418 0.139832 0.070407 -0.219851 0.071452 1.328143 0.005529 -0.259167 0.098245 -0.077182 0.110597 -0.307594 -0.380230 -0.119174 -0.343028 0.049873 -0.135427 -0.121857 0.071452 1.328143 0.005529 -0.259167 0.098245 -0.077182 0.110597 -0.307594 -0.380230 -0.119174 -0.343028 0.049873 -0.135427 -0.121857 -0.269177 2.511243 4.364813 0.044773 -0.084835 13.094555 -0.269177 2.511243 4.364813 0.044773 -0.084835 13.094555 0.000000 0.000000 -0.000000 0.000000 0.000000 -0.000000 0.000000 0.000000 0.000000 0.000000 0.000000 0.000000 0.000000 0.000000 0.000000 0.000000 0.000000 0.000000 0.000000 0.000000 0.000000 0.000000 0.000000 0.000000 0.000000 0.000000 0.000000 0.000000 0.000000 0.000000
2.172011 0.000000 0.082559 0.095107 0.372314 1.308510 0.042688 0.139760 0.055595 0.075405 -0.008725 -0.133013 1.314430 0.139808 0.070419 -0.219863 0.062738 1.331011 0.009854 -0.265652 0.094544 -0.076153 0.112422 -0.352946 -0.384391 -0.124658 -0.356870 0.059842 -0.141607 -0.121797 0.062738 1.331011 0.009854 -0.265652 0.094544 -0.076153 0.112422 -0.352946 -0.384391 -0.124658 -0.356870 0.059842 -0.141607 -0.121797 -0.257674 2.477531 4.610078 0.189792 -0.148574 12.365122 -0.257674 2.477531 4.610078 0.189792 -0.148574 12.365122 0.000000 0.000000 -0.000000 0.000000 0.000000 -0.000000 0.000000 0.000000 0.000000 0.000000 0.000000 0.000000 0.000000 0.000000 0.000000 0.000000 0.000000 0.000000 0.000000 0.000000 0.000000 0.000000 0.000000 0.000000 0.000000 0.000000 0.000000 0.000000 0.000000 0.000000
2.208901 0.000000 0.082559 0.095083 0.372290 1.308474 0.042712 0.139760 0.055595 0.075417 -0.008725 -0.132965 1.314454 0.139856 0.070407 -0.219863 0.069102 1.338420 0.014971 -0.253986 0.091582 -0.075408 0.115227 -0.335122 -0.373087 -0.116958 -0.361418 0.057104 -0.140348 -0.121208 0.069102 1.338420 0.014971 -0.253986 0.091582 -0.075408 0.115227 -0.335122 -0.373087 -0.116958 -0.361418 0.057104 -0.140348 -0.121208 -0.236784 2.707049 3.378832 0.098890 -0.050524 13.345168 -0.236784 2.707049 3.378832 0.098890 -0.050524 13.345168 0.000000 0.000000 -0.000000 0.000000 0.000000 -0.000000 0.000000 0.000000 0.000000 0.000000 0.000000 0.000000 0.000000 0.000000 0.000000 0.000000 0.000000 0.000000 0.000000 0.000000 0.000000 0.000000 0.000000 0.000000 0.000000 0.000000 0.000000 0.000000 0.000000 0.000000
2.248667 0.000000 0.082559 0.095095 0.372290 1.308510 0.042712 0.139760 0.055583 0.075429 -0.008713 -0.132965 1.314430 0.139856 0.070407 -0.219863 0.063760 1.342042 0.018324 -0.261039 0.088866 -0.076781 0.113620 -0.350539 -0.372907 -0.110918 -0.362124 0.066643 -0.145837 -0.123894 0.063760 1.342042 0.018324 -0.261039 0.088866 -0.076781 0.113620 -0.350539 -0.372907 -0.110918 -0.362124 0.066643 -0.145837 -0.123894 -0.233454 2.659024 3.718085 0.144281 -0.064408 13.121723 -0.233454 2.659024 3.718085 0.144281 -0.064408 13.121723 0.000000 0.000000 -0.000000 0.000000 0.000000 -0.000000 0.000000 0.000000 0.000000 0.000000 0.000000 0.000000 0.000000 0.000000 0.000000 0.000000 0.000000 0.000000 0.000000 0.000000 0.000000 0.000000 0.000000 0.000000 0.000000 0.000000 0.000000 0.000000 0.000000 0.000000
2.278316 0.000000 0.082547 0.095119 0.372314 1.308522 0.042724 0.139760 0.055595 0.075405 -0.008725 -0.132989 1.314442 0.139820 0.070407 -0.219863 0.077440 1.328120 0.009611 -0.258895 0.096432 -0.075163 0.113810 -0.340531 -0.382780 -0.107684 -0.355868 0.063428 -0.143583 -0.123716 0.077440 1.328120 0.009611 -0.258895 0.096432 -0.075163 0.113810 -0.340531 -0.382780 -0.107684 -0.355868 0.063428 -0.143583 -0.123716 -0.295791 2.447985 4.742129 0.128117 -0.096331 12.979026 -0.295791 2.447985 4.742129 0.128117 -0.096331 12.979026 0.000000 0.000000 -0.000000 0.000000 0.000000 -0.000000 0.000000 0.000000 0.000000 0.000000 0.000000 0.000000 0.000000 0.000000 0.000000 0.000000 0.000000 0.000000 0.000000 0.000000 0.000000 0.000000 0.000000 0.000000 0.000000 0.000000 0.000000 0.000000 0.000000 0.000000
2.320357 0.000000 0.082547 0.095107 0.372290 1.308486 0.042712 0.139760 0.055583 0.075417 -0.008713 -0.132965 1.314430 0.139832 0.070431 -0.219851 0.054514 1.338357 0.014044 -0.285660 0.105758 -0.079372 0.112749 -0.346928 -0.392266 -0.102781 -0.372043 0.045968 -0.147992 -0.125520 0.054514 1.338357 0.014044 -0.285660 0.105758 -0.079372 0.112749 -0.346928 -0.392266 -0.102781 -0.372043 0.045968 -0.147992 -0.125520 -0.286835 2.215200 6.270998 0.098944 -0.057486 13.873480 -0.286835 2.215200 6.270998 0.098944 -0.057486 13.873480 0.000000 0.000000 -0.000000 0.000000 0.000000 -0.000000 0.000000 0.000000 0.000000 0.000000 0.000000 0.000000 0.000000 0.000000 0.000000 0.000000 0.000000 0.000000 0.000000 0.000000 0.000000 0.000000 0.000000 0.000000 0.000000 0.000000 0.000000 0.000000 0.000000 0.000000
2.361413 0.000000 0.082547 0.095107 0.372302 1.308522 0.042688 0.139760 0.055595 0.075417 -0.008725 -0.132977 1.314442 0.139796 0.070407 -0.219851 0.078090 1.361608 0.019956 -0.275430 0.113101 -0.075426 0.113906 -0.322056 -0.388598 -0.113586 -0.358978 0.058777 -0.145104 -0.125363 0.078090 1.361608 0.019956 -0.275430 0.113101 -0.075426 0.113906 -0.322056 -0.388598 -0.113586 -0.358978 0.058777 -0.145104 -0.125363 -0.328779 2.351571 5.811343 0.043219 -0.055027 13.806937 -0.328779 2.351571 5.811343 0.043219 -0.055027 13.806937 0.000000 0.000000 -0.000000 0.000000 0.000000 -0.000000 0.000000 0.000000 0.000000 0.000000 0.000000 0.000000 0.000000 0.000000 0.000000 0.000000 0.000000 0.000000 0.000000 0.000000 0.000000 0.000000 0.000000 0.000000 0.000000 0.000000 0.000000 0.000000 0.000000 0.000000
2.390615 0.000000 0.082547 0.095095 0.372290 1.308510 0.042736 0.139760 0.055583 0.075405 -0.008701 -0.133001 1.314442 0.139796 0.070419 -0.219863 0.088532 1.344863 0.020501 -0.271814 0.107682 -0.074363 0.115806 -0.346268 -0.399133 -0.109310 -0.372690 0.056127 -0.147247 -0.124683 0.088532 1.344863 0.020501 -0.271814 0.107682 -0.074363 0.115806 -0.346268 -0.399133 -0.109310 -0.372690 0.056127 -0.147247 -0.124683 -0.371741 2.206314 6.425156 0.107360 -0.086969 13.712351 -0.371741 2.206314 6.425156 0.107360 -0.086969 13.712351 0.000000 0.000000 -0.000000 0.000000 0.000000 -0.000000 0.000000 0.000000 0.000000 0.000000 0.000000 0.000000 0.000000 0.000000 0.000000 0.000000 0.000000 0.000000 0.000000 0.000000 0.000000 0.000000 0.000000 0.000000 0.000000 0.000000 0.000000 0.000000 0.000000 0.000000
2.416865 0.000000 0.082547 0.095095 0.372362 1.308486 0.042736 0.139772 0.055607 0.075417 -0.008725 -0.132989 1.314430 0.139808 0.070407 -0.219851 0.090905 1.352163 0.022704 -0.274509 0.103874 -0.077816 0.115679 -0.355255 -0.391630 -0.114366 -0.371169 0.054567 -0.147670 -0.125598 0.090905 1.352163 0.022704 -0.274509 0.103874 -0.077816 0.115679 -0.355255 -0.391630 -0.114366 -0.371169 0.054567 -0.147670 -0.125598 -0.379376 2.200527 6.569364 0.140728 -0.090050 13.432255 -0.379376 2.200527 6.569364 0.140728 -0.090050 13.432255 0.000000 0.000000 -0.000000 0.000000 0.000000 -0.000000 0.000000 0.000000 0.000000 0.000000 0.000000 0.000000 0.000000 0.000000 0.000000 0.000000 0.000000 0.000000 0.000000 0.000000 0.000000 0.000000 0.000000 0.000000 0.000000 0.000000 0.000000 0.000000 0.000000 0.000000
2.447326 0.000000 0.082547 0.095107 0.372302 1.308510 0.042748 0.139772 0.055595 0.075417 -0.008725 -0.132989 1.314442 0.139796 0.070407 -0.219863 0.083247 1.330276 0.021623 -0.272571 0.099615 -0.076938 0.112383 -0.352320 -0.391385 -0.109020 -0.368367 0.052788 -0.147583 -0.124582 0.083247 1.330276 0.021623 -0.272571 0.099615 -0.076938 0.112383 -0.352320 -0.391385 -0.109020 -0.368367 0.052788 -0.147583 -0.124582 -0.356454 2.176483 6.392140 0.137628 -0.092054 13.366311 -0.356454 2.176483 6.392140 0.137628 -0.092054 13.366311 0.000000 0.000000 -0.000000 0.000000 0.000000 -0.000000 0.000000 0.000000 0.000000 0.000000 0.000000 0.000000 0.000000 0.000000 0.000000 0.000000 0.000000 0.000000 0.000000 0.000000 0.000000 0.000000 0.000000 0.000000 0.000000 0.000000 0.000000 0.000000 0.000000 0.000000
2.480050 0.000000 0.082523 0.095107 0.372338 1.308486 0.042724 0.139760 0.055595 0.075405 -0.008725 -0.133013 1.314430 0.139868 0.070407 -0.219863 0.069327 1.345430 0.013865 -0.270172 0.096369 -0.083103 0.113002 -0.335043 -0.385823 -0.105920 -0.369651 0.061894 -0.145189 -0.124205 0.069327 1.345430 0.013865 -0.270172 0.096369 -0.083103 0.113002 -0.335043 -0.385823 -0.105920 -0.369651 0.061894 -0.145189 -0.124205 -0.278920 2.458687 4.943217 0.066223 -0.033776 13.984226 -0.278920 2.458687 4.943217 0.066223 -0.033776 13.984226 0.000000 0.000000 -0.000000 0.000000 0.000000 -0.000000 0.000000 0.000000 0.000000 0.000000 0.000000 0.000000 0.000000 0.000000 0.000000 0.000000 0.000000 0.000000 0.000000 0.000000 0.000000 0.000000 0.000000 0.000000 0.000000 0.000000 0.000000 0.000000 0.000000 0.000000
2.510444 0.000000 0.082571 0.095083 0.372302 1.308498 0.042712 0.139772 0.055607 0.075405 -0.008725 -0.132965 1.314442 0.139832 0.070407 -0.219863 0.082460 1.333280 0.016265 -0.252845 0.093328 -0.078278 0.111862 -0.340184 -0.382137 -0.111976 -0.378266 0.058944 -0.145962 -0.120686 0.082460 1.333280 0.016265 -0.252845 0.093328 -0.078278 0.111862 -0.340184 -0.382137 -0.111976 -0.378266 0.058944 -0.145962 -0.120686 -0.280273 2.604259 3.913332 0.073535 -0.015820 14.148704 -0.280273 2.604259 3.913332 0.073535 -0.015820 14.148704 0.000000 0.000000 -0.000000 0.000000 0.000000 -0.000000 0.000000 0.000000 0.000000 0.000000 0.000000 0.000000 0.000000 0.000000 0.000000 0.000000 0.000000 0.000000 0.000000 0.000000 0.000000 0.000000 0.000000 0.000000 0.000000 0.000000 0.000000 0.000000 0.000000 0.000000
2.547343 0.000000 0.082547 0.095107 0.372302 1.308486 0.042724 0.139760 0.055583 0.075417 -0.008725 -0.132965 1.314442 0.139820 0.070419 -0.219851 0.060177 1.338116 0.018271 -0.253812 0.090650 -0.078761 0.110994 -0.350410 -0.371002 -0.105955 -0.384366 0.067722 -0.147913 -0.119441 0.060177 1.338116 0.018271 -0.253812 0.090650 -0.078761 0.110994 -0.350410 -0.371002 -0.105955 -0.384366 0.067722 -0.147913 -0.119441 -0.190907 2.838349 2.610876 0.093339 0.019887 14.249685 -0.190907 2.838349 2.610876 0.093339 0.019887 14.249685 0.000000 0.000000 -0.000000 0.000000 0.000000 -0.000000 0.000000 0.000000 0.000000 0.000000 0.000000 0.000000 0.000000 0.000000 0.000000 0.000000 0.000000 0.000000 0.000000 0.000000 0.000000 0.000000 0.000000 0.000000 0.000000 0.000000 0.000000 0.000000 0.000000 0.000000
2.576442 0.000000 0.082559 0.095095 0.372290 1.308510 0.042724 0.139748 0.055595 0.075417 -0.008725 -0.133025 1.314430 0.139844 0.070407 -0.219851 0.064139 1.361382 0.022385 -0.255441 0.089089 -0.078416 0.112564 -0.336745 -0.380195 -0.114321 -0.384957 0.064326 -0.146855 -0.121560 0.064139 1.361382 0.022385 -0.255441 0.089089 -0.078416 0.112564 -0.336745 -0.380195 -0.114321 -0.384957 0.064326 -0.146855 -0.121560 -0.195513 2.923245 2.451518 0.038857 0.025252 14.683927 -0.195513 2.923245 2.451518 0.038857 0.025252 14.683927 0.000000 0.000000 -0.000000 0.000000 0.000000 -0.000000 0.000000 0.000000 0.000000 0.000000 0.000000 0.000000 0.000000 0.000000 0.000000 0.000000 0.000000 0.000000 0.000000 0.000000 0.000000 0.000000 0.000000 0.000000 0.000000 0.000000 0.000000 0.000000 0.000000 0.000000
2.619269 0.000000 0.082559 0.095083 0.372326 1.308510 0.042712 0.139760 0.055595 0.075417 -0.008725 -0.132965 1.314430 0.139796 0.070407 -0.219863 0.056161 1.365876 0.025098 -0.263336 0.086790 -0.076102 0.115256 -0.335590 -0.364493 -0.106573 -0.389459 0.060024 -0.145739 -0.123004 0.056161 1.365876 0.025098 -0.263336 0.086790 -0.076102 0.115256 -0.335590 -0.364493 -0.106573 -0.389459 0.060024 -0.145739 -0.123004 -0.194172 2.849847 2.949768 0.004516 0.105360 15.261196 -0.194172 2.849847 2.949768 0.004516 0.105360 15.261196 0.000000 0.000000 -0.000000 0.000000 0.000000 -0.000000 0.000000 0.000000 0.000000 0.000000 0.000000 0.000000 0.000000 0.000000 0.000000 0.000000 0.000000 0.000000 0.000000 0.000000 0.000000 0.000000 0.000000 0.000000 0.000000 0.000000 0.000000 0.000000 0.000000 0.000000
2.662086 0.000000 0.082559 0.095119 0.372302 1.308510 0.042712 0.139760 0.055607 0.075417 -0.008737 -0.132977 1.314454 0.139832 0.070407 -0.219863 0.056630 1.348632 0.025118 -0.265090 0.084709 -0.076151 0.118063 -0.335651 -0.378943 -0.117478 -0.396617 0.069798 -0.146932 -0.123840 0.056630 1.348632 0.025118 -0.265090 0.084709 -0.076151 0.118063 -0.335651 -0.378943 -0.117478 -0.396617 0.069798 -0.146932 -0.123840 -0.217907 2.682778 3.686160 -0.003120 0.081129 15.464396 -0.217907 2.682778 3.686160 -0.003120 0.081129 15.464396 0.000000 0.000000 -0.000000 0.000000 0.000000 -0.000000 0.000000 0.000000 0.000000 0.000000 0.000000 0.000000 0.000000 0.000000 0.000000 0.000000 0.000000 0.000000 0.000000 0.000000 0.000000 0.000000 0.000000 0.000000 0.000000 0.000000 0.000000 0.000000 0.000000 0.000000
2.722275 0.000000 0.082559 0.095083 0.372302 1.308474 0.042688 0.139760 0.055583 0.075405 -0.008713 -0.132965 1.314442 0.139796 0.070419 -0.219863 0.069192 1.344289 0.027297 -0.244667 0.101542 -0.074567 0.115350 -0.336382 -0.387135 -0.106962 -0.382481 0.061853 -0.146256 -0.122341 0.069192 1.344289 0.027297 -0.244667 0.101542 -0.074567 0.115350 -0.336382 -0.387135 -0.106962 -0.382481 0.061853 -0.146256 -0.122341 -0.195013 2.971430 1.937882 0.043102 0.002918 14.572027 -0.195013 2.971430 1.937882 0.043102 0.002918 14.572027 0.000000 0.000000 -0.000000 0.000000 0.000000 -0.000000 0.000000 0.000000 0.000000 0.000000 0.000000 0.000000 0.000000 0.000000 0.000000 0.000000 0.000000 0.000000 0.000000 0.000000 0.000000 0.000000 0.000000 0.000000 0.000000 0.000000 0.000000 0.000000 0.000000 0.000000
2.779420 0.000000 0.082547 0.095107 0.372302 1.308498 0.042724 0.139784 0.055595 0.075417 -0.008725 -0.132965 1.314442 0.139844 0.070407 -0.219875 0.057545 1.319350 0.025516 -0.252957 0.094355 -0.074615 0.114830 -0.324070 -0.380273 -0.101638 -0.370043 0.056822 -0.145774 -0.126104 0.057545 1.319350 0.025516 -0.252957 0.094355 -0.074615 0.114830 -0.324070 -0.380273 -0.101638 -0.370043 0.056822 -0.145774 -0.126104 -0.197597 2.743098 2.916744 0.008051 0.022945 14.591772 -0.197597 2.743098 2.916744 0.008051 0.022945 14.591772 0.000000 0.000000 -0.000000 0.000000 0.000000 -0.000000 0.000000 0.000000 0.000000 0.000000 0.000000 0.000000 0.000000 0.000000 0.000000 0.000000 0.000000 0.000000 0.000000 0.000000 0.000000 0.000000 0.000000 0.000000 0.000000 0.000000 0.000000 0.000000 0.000000 0.000000
2.825118 0.000000 0.082547 0.095059 0.372314 1.308486 0.042724 0.139760 0.055595 0.075417 -0.008737 -0.132989 1.314454 0.139832 0.070407 -0.219851 0.059834 1.334518 0.028271 -0.245621 0.090679 -0.076096 0.117286 -0.322732 -0.373956 -0.097971 -0.377525 0.053991 -0.144533 -0.127437 0.059834 1.334518 0.028271 -0.245621 0.090679 -0.076096 0.117286 -0.322732 -0.373956 -0.097971 -0.377525 0.053991 -0.144533 -0.127437 -0.168487 2.977020 1.767568 -0.026843 0.081767 15.204217 -0.168487 2.977020 1.767568 -0.026843 0.081767 15.204217 0.000000 0.000000 -0.000000 0.000000 0.000000 -0.000000 0.000000 0.000000 0.000000 0.000000 0.000000 0.000000 0.000000 0.000000 0.000000 0.000000 0.000000 0.000000 0.000000 0.000000 0.000000 0.000000 0.000000 0.000000 0.000000 0.000000 0.000000 0.000000 0.000000 0.000000
2.866293 0.000000 0.082559 0.095119 0.372362 1.308486 0.042676 0.139772 0.055607 0.075393 -0.008713 -0.133025 1.314442 0.139820 0.070395 -0.219863 0.059963 1.333211 0.030005 -0.253824 0.101241 -0.076695 0.119521 -0.355213 -0.385679 -0.107880 -0.379577 0.064511 -0.143612 -0.125711 0.059963 1.333211 0.030005 -0.253824 0.101241 -0.076695 0.119521 -0.355213 -0.385679 -0.107880 -0.379577 0.064511 -0.143612 -0.125711 -0.200546 2.795336 2.824739 0.117830 -0.041489 13.888944 -0.200546 2.795336 2.824739 0.117830 -0.041489 13.888944 0.000000 0.000000 -0.000000 0.000000 0.000000 -0.000000 0.000000 0.000000 0.000000 0.000000 0.000000 0.000000 0.000000 0.000000 0.000000 0.000000 0.000000 0.000000 0.000000 0.000000 0.000000 0.000000 0.000000 0.000000 0.000000 0.000000 0.000000 0.000000 0.000000 0.000000
2.922407 0.000000 0.082559 0.095095 0.372326 1.308510 0.042724 0.139772 0.055595 0.075417 -0.008725 -0.132953 1.314442 0.139820 0.070407 -0.219827 0.068847 1.329688 0.030291 -0.272893 0.094643 -0.074802 0.119684 -0.319485 -0.382846 -0.120779 -0.359855 0.059081 -0.140525 -0.125264 0.068847 1.329688 0.030291 -0.272893 0.094643 -0.074802 0.119684 -0.319485 -0.382846 -0.120779 -0.359855 0.059081 -0.140525 -0.125264 -0.308606 2.284572 5.767945 0.034579 -0.040203 13.850681 -0.308606 2.284572 5.767945 0.034579 -0.040203 13.850681 0.000000 0.000000 -0.000000 0.000000 0.000000 -0.000000 0.000000 0.000000 0.000000 0.000000 0.000000 0.000000 0.000000 0.000000 0.000000 0.000000 0.000000 0.000000 0.000000 0.000000 0.000000 0.000000 0.000000 0.000000 0.000000 0.000000 0.000000 0.000000 0.000000 0.000000
2.974243 0.000000 0.082571 0.095083 0.372302 1.308486 0.042652 0.139760 0.055595 0.075405 -0.008725 -0.132977 1.314454 0.139796 0.070395 -0.219863 0.071495 1.327239 0.030104 -0.255494 0.106514 -0.074988 0.119719 -0.335129 -0.367624 -0.109825 -0.378589 0.054838 -0.143655 -0.123027 0.071495 1.327239 0.030104 -0.255494 0.106514 -0.074988 0.119719 -0.335129 -0.367624 -0.109825 -0.378589 0.054838 -0.143655 -0.123027 -0.258435 2.603927 3.864007 0.035996 0.050448 14.589960 -0.258435 2.603927 3.864007 0.035996 0.050448 14.589960 0.000000 0.000000 -0.000000 0.000000 0.000000 -0.000000 0.000000 0.000000 0.000000 0.000000 0.000000 0.000000 0.000000 0.000000 0.000000 0.000000 0.000000 0.000000 0.000000 0.000000 0.000000 0.000000 0.000000 0.000000 0.000000 0.000000 0.000000 0.000000 0.000000 0.000000
3.028593 0.000000 0.082571 0.095095 0.372290 1.308486 0.042712 0.139772 0.055595 0.075417 -0.008725 -0.132965 1.314430 0.139808 0.070407 -0.219863 0.072538 1.336350 0.031513 -0.261076 0.098817 -0.075522 0.121067 -0.314807 -0.372782 -0.105038 -0.363023 0.052111 -0.141539 -0.127031 0.072538 1.336350 0.031513 -0.261076 0.098817 -0.075522 0.121067 -0.314807 -0.372782 -0.105038 -0.363023 0.052111 -0.141539 -0.127031 -0.275875 2.538522 4.378386 -0.013489 0.036567 14.537135 -0.275875 2.538522 4.378386 -0.013489 0.036567 14.537135 0.000000 0.000000 -0.000000 0.000000 0.000000 -0.000000 0.000000 0.000000 0.000000 0.000000 0.000000 0.000000 0.000000 0.000000 0.000000 0.000000 0.000000 0.000000 0.000000 0.000000 0.000000 0.000000 0.000000 0.000000 0.000000 0.000000 0.000000 0.000000 0.000000 0.000000
3.072868 0.000000 0.082559 0.095119 0.372314 1.308498 0.042724 0.139760 0.055595 0.075417 -0.008713 -0.133025 1.314442 0.139784 0.070407 -0.219863 0.035856 1.346642 0.031224 -0.274726 0.094428 -0.079739 0.121486 -0.342327 -0.364671 -0.099149 -0.384587 0.049835 -0.142147 -0.124477 0.035856 1.346642 0.031224 -0.274726 0.094428 -0.079739 0.121486 -0.342327 -0.364671 -0.099149 -0.384587 0.049835 -0.142147 -0.124477 -0.169610 2.685602 3.664787 0.038437 0.078786 14.852911 -0.169610 2.685602 3.664787 0.038437 0.078786 14.852911 0.000000 0.000000 -0.000000 0.000000 0.000000 -0.000000 0.000000 0.000000 0.000000 0.000000 0.000000 0.000000 0.000000 0.000000 0.000000 0.000000 0.000000 0.000000 0.000000 0.000000 0.000000 0.000000 0.000000 0.000000 0.000000 0.000000 0.000000 0.000000 0.000000 0.000000
3.103861 0.000000 0.082559 0.095107 0.372290 1.308486 0.042724 0.139772 0.055595 0.075405 -0.008725 -0.133001 1.314430 0.139808 0.070407 -0.219863 0.053175 1.320827 0.030460 -0.255973 0.091568 -0.075480 0.118476 -0.315973 -0.385532 -0.099772 -0.368867 0.049353 -0.139195 -0.125764 0.053175 1.320827 0.030460 -0.255973 0.091568 -0.075480 0.118476 -0.315973 -0.385532 -0.099772 -0.368867 0.049353 -0.139195 -0.125764 -0.190888 2.733629 3.005851 -0.012688 0.013916 14.626861 -0.190888 2.733629 3.005851 -0.012688 0.013916 14.626861 0.000000 0.000000 -0.000000 0.000000 0.000000 -0.000000 0.000000 0.000000 0.000000 0.000000 0.000000 0.000000 0.000000 0.000000 0.000000 0.000000 0.000000 0.000000 0.000000 0.000000 0.000000 0.000000 0.000000 0.000000 0.000000 0.000000 0.000000 0.000000 0.000000 0.000000
3.141227 0.000000 0.082547 0.095107 0.372278 1.308498 0.042724 0.139772 0.055595 0.075429 -0.008725 -0.133001 1.314442 0.139808 0.070419 -0.219863 0.073412 1.327606 0.030995 -0.245810 0.089264 -0.078539 0.117214 -0.323824 -0.384888 -0.107795 -0.361283 0.048358 -0.135101 -0.126753 0.073412 1.327606 0.030995 -0.245810 0.089264 -0.078539 0.117214 -0.323824 -0.384888 -0.107795 -0.361283 0.048358 -0.135101 -0.126753 -0.222567 2.819299 2.602375 0.042864 -0.040346 13.858183 -0.222567 2.819299 2.602375 0.042864 -0.040346 13.858183 0.000000 0.000000 -0.000000 0.000000 0.000000 -0.000000 0.000000 0.000000 0.000000 0.000000 0.000000 0.000000 0.000000 0.000000 0.000000 0.000000 0.000000 0.000000 0.000000 0.000000 0.000000 0.000000 0.000000 0.000000 0.000000 0.000000 0.000000 0.000000 0.000000 0.000000
3.171080 0.000000 0.082547 0.095095 0.372278 1.308462 0.042712 0.139760 0.055607 0.075417 -0.008701 -0.133025 1.314442 0.139784 0.070431 -0.219863 0.066029 1.335798 0.031842 -0.244921 0.087574 -0.077841 0.116727 -0.325231 -0.378025 -0.104396 -0.359309 0.047826 -0.136373 -0.125509 0.066029 1.335798 0.031842 -0.244921 0.087574 -0.077841 0.116727 -0.325231 -0.378025 -0.104396 -0.359309 0.047826 -0.136373 -0.125509 -0.184553 2.962851 1.876102 0.050918 -0.029624 13.761916 -0.184553 2.962851 1.876102 0.050918 -0.029624 13.761916 0.000000 0.000000 -0.000000 0.000000 0.000000 -0.000000 0.000000 0.000000 0.000000 0.000000 0.000000 0.000000 0.000000 0.000000 0.000000 0.000000 0.000000 0.000000 0.000000 0.000000 0.000000 0.000000 0.000000 0.000000 0.000000 0.000000 0.000000 0.000000 0.000000 0.000000
3.218077 0.000000 0.082559 0.095107 0.372338 1.308498 0.042700 0.139760 0.055595 0.075417 -0.008713 -0.132977 1.314442 0.139832 0.070407 -0.219863 0.054655 1.324575 0.029705 -0.255275 0.099916 -0.079118 0.113257 -0.353814 -0.399761 -0.115740 -0.364317 0.061244 -0.141797 -0.125144 0.054655 1.324575 0.029705 -0.255275 0.099916 -0.079118 0.113257 -0.353814 -0.399761 -0.115740 -0.364317 0.061244 -0.141797 -0.125144 -0.181310 2.798251 2.682335 0.168592 -0.151614 12.822317 -0.181310 2.798251 2.682335 0.168592 -0.151614 12.822317 0.000000 0.000000 -0.000000 0.000000 0.000000 -0.000000 0.000000 0.000000 0.000000 0.000000 0.000000 0.000000 0.000000 0.000000 0.000000 0.000000 0.000000 0.000000 0.000000 0.000000 0.000000 0.000000 0.000000 0.000000 0.000000 0.000000 0.000000 0.000000 0.000000 0.000000
3.263407 0.000000 0.082571 0.095119 0.372314 1.308486 0.042724 0.139760 0.055595 0.075393 -0.008713 -0.132989 1.314442 0.139832 0.070407 -0.219851 0.057502 1.334696 0.016585 -0.261413 0.109296 -0.079252 0.113090 -0.335344 -0.398642 -0.122931 -0.368942 0.071812 -0.140317 -0.123682 0.057502 1.334696 0.016585 -0.261413 0.109296 -0.079252 0.113090 -0.335344 -0.398642 -0.122931 -0.368942 0.071812 -0.140317 -0.123682 -0.213252 2.671079 3.550191 0.092759 -0.102592 13.511341 -0.213252 2.671079 3.550191 0.092759 -0.102592 13.511341 0.000000 0.000000 -0.000000 0.000000 0.000000 -0.000000 0.000000 0.000000 0.000000 0.000000 0.000000 0.000000 0.000000 0.000000 0.000000 0.000000 0.000000 0.000000 0.000000 0.000000 0.000000 0.000000 0.000000 0.000000 0.000000 0.000000 0.000000 0.000000 0.000000 0.000000
3.308918 0.000000 0.082559 0.095107 0.372302 1.308510 0.042676 0.139760 0.055595 0.075405 -0.008713 -0.133049 1.314442 0.139808 0.070407 -0.219851 0.062401 1.309870 0.019060 -0.274096 0.116153 -0.076556 0.111108 -0.334819 -0.388233 -0.128184 -0.365080 0.065255 -0.141822 -0.122762 0.062401 1.309870 0.019060 -0.274096 0.116153 -0.076556 0.111108 -0.334819 -0.388233 -0.128184 -0.365080 0.065255 -0.141822 -0.122762 -0.296306 2.203928 5.941750 0.096500 -0.087101 13.399193 -0.296306 2.203928 5.941750 0.096500 -0.087101 13.399193 0.000000 0.000000 -0.000000 0.000000 0.000000 -0.000000 0.000000 0.000000 0.000000 0.000000 0.000000 0.000000 0.000000 0.000000 0.000000 0.000000 0.000000 0.000000 0.000000 0.000000 0.000000 0.000000 0.000000 0.000000 0.000000 0.000000 0.000000 0.000000 0.000000 0.000000
3.343046 0.000000 0.082559 0.095107 0.372314 1.308486 0.042724 0.139760 0.055595 0.075405 -0.008725 -0.132989 1.314430 0.139832 0.070419 -0.219863 0.061447 1.331307 0.012146 -0.267088 0.109914 -0.077801 0.112225 -0.347445 -0.397720 -0.131831 -0.363619 0.061417 -0.142729 -0.122789 0.061447 1.331307 0.012146 -0.267088 0.109914 -0.077801 0.112225 -0.347445 -0.397720 -0.131831 -0.363619 0.061417 -0.142729 -0.122789 -0.254540 2.477900 4.624752 0.156257 -0.152584 12.808269 -0.254540 2.477900 4.624752 0.156257 -0.152584 12.808269 0.000000 0.000000 -0.000000 0.000000 0.000000 -0.000000 0.000000 0.000000 0.000000 0.000000 0.000000 0.000000 0.000000 0.000000 0.000000 0.000000 0.000000 0.000000 0.000000 0.000000 0.000000 0.000000 0.000000 0.000000 0.000000 0.000000 0.000000 0.000000 0.000000 0.000000
3.378216 0.000000 0.082559 0.095095 0.372314 1.308486 0.042688 0.139760 0.055607 0.075417 -0.008725 -0.133049 1.314430 0.139808 0.070407 -0.219851 0.076373 1.317490 0.005095 -0.251019 0.115212 -0.075241 0.114328 -0.334842 -0.408277 -0.124846 -0.369610 0.069355 -0.142976 -0.123013 0.076373 1.317490 0.005095 -0.251019 0.115212 -0.075241 0.114328 -0.334842 -0.408277 -0.124846 -0.369610 0.069355 -0.142976 -0.123013 -0.274157 2.535879 4.075122 0.094871 -0.128324 13.483880 -0.274157 2.535879 4.075122 0.094871 -0.128324 13.483880 0.000000 0.000000 -0.000000 0.000000 0.000000 -0.000000 0.000000 0.000000 0.000000 0.000000 0.000000 0.000000 0.000000 0.000000 0.000000 0.000000 0.000000 0.000000 0.000000 0.000000 0.000000 0.000000 0.000000 0.000000 0.000000 0.000000 0.000000 0.000000 0.000000 0.000000
3.414754 0.000000 0.082547 0.095107 0.372290 1.308522 0.042736 0.139760 0.055595 0.075405 -0.008713 -0.133013 1.314430 0.139820 0.070419 -0.219851 0.056126 1.332542 0.010275 -0.275796 0.108453 -0.078552 0.113601 -0.339599 -0.398435 -0.127444 -0.367247 0.076166 -0.145871 -0.121283 0.056126 1.332542 0.010275 -0.275796 0.108453 -0.078552 0.113601 -0.339599 -0.398435 -0.127444 -0.367247 0.076166 -0.145871 -0.121283 -0.265743 2.346327 5.412508 0.119467 -0.123677 13.223121 -0.265743 2.346327 5.412508 0.119467 -0.123677 13.223121 0.000000 0.000000 -0.000000 0.000000 0.000000 -0.000000 0.000000 0.000000 0.000000 0.000000 0.000000 0.000000 0.000000 0.000000 0.000000 0.000000 0.000000 0.000000 0.000000 0.000000 0.000000 0.000000 0.000000 0.000000 0.000000 0.000000 0.000000 0.000000 0.000000 0.000000
3.463779 0.000000 0.082559 0.095095 0.372290 1.308522 0.042724 0.139760 0.055607 0.075417 -0.008713 -0.133013 1.314442 0.139880 0.070407 -0.219851 0.072161 1.333471 0.016030 -0.269850 0.101074 -0.080491 0.119127 -0.327045 -0.396351 -0.133767 -0.374686 0.068307 -0.144838 -0.122082 0.072161 1.333471 0.016030 -0.269850 0.101074 -0.080491 0.119127 -0.327045 -0.396351 -0.133767 -0.374686 0.068307 -0.144838 -0.122082 -0.306822 2.325297 5.564431 0.046422 -0.060520 14.094874 -0.306822 2.325297 5.564431 0.046422 -0.060520 14.094874 0.000000 0.000000 -0.000000 0.000000 0.000000 -0.000000 0.000000 0.000000 0.000000 0.000000 0.000000 0.000000 0.000000 0.000000 0.000000 0.000000 0.000000 0.000000 0.000000 0.000000 0.000000 0.000000 0.000000 0.000000 0.000000 0.000000 0.000000 0.000000 0.000000 0.000000
3.506085 0.000000 0.082559 0.095107 0.372314 1.308486 0.042736 0.139760 0.055595 0.075417 -0.008725 -0.133013 1.314442 0.139844 0.070395 -0.219863 0.052311 1.319470 0.017936 -0.278998 0.096237 -0.082827 0.118594 -0.327218 -0.405380 -0.124080 -0.368465 0.076284 -0.144732 -0.122436 0.052311 1.319470 0.017936 -0.278998 0.096237 -0.082827 0.118594 -0.327218 -0.405380 -0.124080 -0.368465 0.076284 -0.144732 -0.122436 -0.267850 2.250999 5.805438 0.067262 -0.106591 13.688246 -0.267850 2.250999 5.805438 0.067262 -0.106591 13.688246 0.000000 0.000000 -0.000000 0.000000 0.000000 -0.000000 0.000000 0.000000 0.000000 0.000000 0.000000 0.000000 0.000000 0.000000 0.000000 0.000000 0.000000 0.000000 0.000000 0.000000 0.000000 0.000000 0.000000 0.000000 0.000000 0.000000 0.000000 0.000000 0.000000 0.000000
3.554834 0.000000 0.082547 0.095095 0.372326 1.308498 0.042736 0.139772 0.055595 0.075405 -0.008737 -0.132989 1.314442 0.139820 0.070407 -0.219863 0.044905 1.303595 0.018484 -0.278768 0.091424 -0.081487 0.114131 -0.327577 -0.409197 -0.114685 -0.379703 0.083575 -0.145191 -0.117271 0.044905 1.303595 0.018484 -0.278768 0.091424 -0.081487 0.114131 -0.327577 -0.409197 -0.114685 -0.379703 0.083575 -0.145191 -0.117271 -0.246056 2.238197 5.649464 0.055839 -0.087019 14.050310 -0.246056 2.238197 5.649464 0.055839 -0.087019 14.050310 0.000000 0.000000 -0.000000 0.000000 0.000000 -0.000000 0.000000 0.000000 0.000000 0.000000 0.000000 0.000000 0.000000 0.000000 0.000000 0.000000 0.000000 0.000000 0.000000 0.000000 0.000000 0.000000 0.000000 0.000000 0.000000 0.000000 0.000000 0.000000 0.000000 0.000000
3.606176 0.000000 0.082559 0.095095 0.372326 1.308510 0.042724 0.139760 0.055583 0.075405 -0.008701 -0.132941 1.314454 0.139808 0.070419 -0.219851 0.060656 1.295603 0.022520 -0.273093 0.103953 -0.075386 0.112987 -0.314026 -0.377970 -0.105406 -0.380822 0.073710 -0.142308 -0.120158 0.060656 1.295603 0.022520 -0.273093 0.103953 -0.075386 0.112987 -0.314026 -0.377970 -0.105406 -0.380822 0.073710 -0.142308 -0.120158 -0.297847 2.144574 6.089501 -0.033782 0.062481 15.086736 -0.297847 2.144574 6.089501 -0.033782 0.062481 15.086736 0.000000 0.000000 -0.000000 0.000000 0.000000 -0.000000 0.000000 0.000000 0.000000 0.000000 0.000000 0.000000 0.000000 0.000000 0.000000 0.000000 0.000000 0.000000 0.000000 0.000000 0.000000 0.000000 0.000000 0.000000 0.000000 0.000000 0.000000 0.000000 0.000000 0.000000
3.675426 0.000000 0.082547 0.095107 0.372290 1.308510 0.042748 0.139760 0.055595 0.075405 -0.008725 -0.132929 1.314442 0.139856 0.070407 -0.219863 0.071417 1.328021 0.006329 -0.294185 0.095331 -0.075169 0.118004 -0.334982 -0.409465 -0.099870 -0.399352 0.062846 -0.146669 -0.121379 0.071417 1.328021 0.006329 -0.294185 0.095331 -0.075169 0.118004 -0.334982 -0.409465 -0.099870 -0.399352 0.062846 -0.146669 -0.121379 -0.405556 1.743299 8.872585 0.006213 0.004437 15.338895 -0.405556 1.743299 8.872585 0.006213 0.004437 15.338895 0.000000 0.000000 -0.000000 0.000000 0.000000 -0.000000 0.000000 0.000000 0.000000 0.000000 0.000000 0.000000 0.000000 0.000000 0.000000 0.000000 0.000000 0.000000 0.000000 0.000000 0.000000 0.000000 0.000000 0.000000 0.000000 0.000000 0.000000 0.000000 0.000000 0.000000
3.744978 0.000000 0.082559 0.095107 0.372314 1.308474 0.042712 0.139772 0.055595 0.075405 -0.008737 -0.132965 1.314430 0.139796 0.070407 -0.219851 0.050678 1.331233 -0.007770 -0.294077 0.089309 -0.077802 0.114059 -0.324462 -0.425267 -0.096650 -0.402209 0.056111 -0.146470 -0.122450 0.050678 1.331233 -0.007770 -0.294077 0.089309 -0.077802 0.114059 -0.324462 -0.425267 -0.096650 -0.402209 0.056111 -0.146470 -0.122450 -0.320625 1.949667 7.677236 -0.040062 -0.001493 15.785097 -0.320625 1.949667 7.677236 -0.040062 -0.001493 15.785097 0.000000 0.000000 -0.000000 0.000000 0.000000 -0.000000 0.000000 0.000000 0.000000 0.000000 0.000000 0.000000 0.000000 0.000000 0.000000 0.000000 0.000000 0.000000 0.000000 0.000000 0.000000 0.000000 0.000000 0.000000 0.000000 0.000000 0.000000 0.000000 0.000000 0.000000
3.789404 0.000000 0.082535 0.095107 0.372362 1.308522 0.042724 0.139760 0.055595 0.075429 -0.008725 -0.133001 1.314442 0.139832 0.070407 -0.219863 0.067431 1.323945 0.000862 -0.283052 0.100613 -0.072401 0.115643 -0.333475 -0.430034 -0.108799 -0.408019 0.053268 -0.150479 -0.122474 0.067431 1.323945 0.000862 -0.283052 0.100613 -0.072401 0.115643 -0.333475 -0.430034 -0.108799 -0.408019 0.053268 -0.150479 -0.122474 -0.356585 1.966684 7.489681 -0.016907 -0.018366 15.779599 -0.356585 1.966684 7.489681 -0.016907 -0.018366 15.779599 0.000000 0.000000 -0.000000 0.000000 0.000000 -0.000000 0.000000 0.000000 0.000000 0.000000 0.000000 0.000000 0.000000 0.000000 0.000000 0.000000 0.000000 0.000000 0.000000 0.000000 0.000000 0.000000 0.000000 0.000000 0.000000 0.000000 0.000000 0.000000 0.000000 0.000000
3.839611 0.000000 0.082559 0.095119 0.372290 1.308498 0.042664 0.139760 0.055595 0.075405 -0.008713 -0.132953 1.314442 0.139796 0.070407 -0.219863 0.064151 1.322897 0.007580 -0.280947 0.110594 -0.070143 0.113383 -0.306169 -0.413337 -0.118118 -0.379452 0.051680 -0.143573 -0.121394 0.064151 1.322897 0.007580 -0.280947 0.110594 -0.070143 0.113383 -0.306169 -0.413337 -0.118118 -0.379452 0.051680 -0.143573 -0.121394 -0.334540 2.054782 6.970129 -0.045891 -0.033669 14.998746 -0.334540 2.054782 6.970129 -0.045891 -0.033669 14.998746 0.000000 0.000000 -0.000000 0.000000 0.000000 -0.000000 0.000000 0.000000 0.000000 0.000000 0.000000 0.000000 0.000000 0.000000 0.000000 0.000000 0.000000 0.000000 0.000000 0.000000 0.000000 0.000000 0.000000 0.000000 0.000000 0.000000 0.000000 0.000000 0.000000 0.000000
3.897473 0.000000 0.082559 0.095083 0.372302 1.308486 0.042736 0.139772 0.055595 0.075405 -0.008725 -0.132965 1.314454 0.139808 0.070407 -0.219863 0.069615 1.351836 0.017568 -0.262801 0.101554 -0.072206 0.114674 -0.312307 -0.410634 -0.110099 -0.390469 0.067217 -0.145268 -0.122336 0.069615 1.351836 0.017568 -0.262801 0.101554 -0.072206 0.114674 -0.312307 -0.410634 -0.110099 -0.390469 0.067217 -0.145268 -0.122336 -0.263279 2.603530 4.181504 -0.056653 0.011355 15.513825 -0.263279 2.603530 4.181504 -0.056653 0.011355 15.513825 0.000000 0.000000 -0.000000 0.000000 0.000000 -0.000000 0.000000 0.000000 0.000000 0.000000 0.000000 0.000000 0.000000 0.000000 0.000000 0.000000 0.000000 0.000000 0.000000 0.000000 0.000000 0.000000 0.000000 0.000000 0.000000 0.000000 0.000000 0.000000 0.000000 0.000000
3.946785 0.000000 0.082559 0.095107 0.372338 1.308510 0.042676 0.139760 0.055595 0.075429 -0.008713 -0.132977 1.314442 0.139844 0.070419 -0.219851 0.044871 1.321859 0.001630 -0.271018 0.110632 -0.075534 0.110169 -0.348049 -0.408384 -0.102864 -0.386465 0.061295 -0.147071 -0.120782 0.044871 1.321859 0.001630 -0.271018 0.110632 -0.075534 0.110169 -0.348049 -0.408384 -0.102864 -0.386465 0.061295 -0.147071 -0.120782 -0.216615 2.457366 4.586419 0.095512 -0.076320 14.152883 -0.216615 2.457366 4.586419 0.095512 -0.076320 14.152883 0.000000 0.000000 -0.000000 0.000000 0.000000 -0.000000 0.000000 0.000000 0.000000 0.000000 0.000000 0.000000 0.000000 0.000000 0.000000 0.000000 0.000000 0.000000 0.000000 0.000000 0.000000 0.000000 0.000000 0.000000 0.000000 0.000000 0.000000 0.000000 0.000000 0.000000
3.990243 0.000000 0.082547 0.095107 0.372302 1.308474 0.042688 0.139760 0.055607 0.075417 -0.008713 -0.132953 1.314430 0.139820 0.070407 -0.219875 0.033584 1.335903 -0.004630 -0.274869 0.103785 -0.076926 0.110926 -0.343044 -0.393193 -0.098541 -0.392008 0.057416 -0.147036 -0.120577 0.033584 1.335903 -0.004630 -0.274869 0.103785 -0.076926 0.110926 -0.343044 -0.393193 -0.098541 -0.392008 0.057416 -0.147036 -0.120577 -0.178227 2.559333 4.174882 0.048834 0.008217 14.824985 -0.178227 2.559333 4.174882 0.048834 0.008217 14.824985 0.000000 0.000000 -0.000000 0.000000 0.000000 -0.000000 0.000000 0.000000 0.000000 0.000000 0.000000 0.000000 0.000000 0.000000 0.000000 0.000000 0.000000 0.000000 0.000000 0.000000 0.000000 0.000000 0.000000 0.000000 0.000000 0.000000 0.000000 0.000000 0.000000 0.000000
4.041803 0.000000 0.082547 0.095107 0.372326 1.308510 0.042724 0.139760 0.055607 0.075429 -0.008725 -0.133001 1.314442 0.139808 0.070407 -0.219851 0.037516 1.341050 -0.011135 -0.278447 0.097234 -0.078426 0.110790 -0.310979 -0.384492 -0.096398 -0.367983 0.054452 -0.142012 -0.121196 0.037516 1.341050 -0.011135 -0.278447 0.097234 -0.078426 0.110790 -0.310979 -0.384492 -0.096398 -0.367983 0.054452 -0.142012 -0.121196 -0.203409 2.469239 4.763108 -0.018046 0.015202 14.586001 -0.203409 2.469239 4.763108 -0.018046 0.015202 14.586001 0.000000 0.000000 -0.000000 0.000000 0.000000 -0.000000 0.000000 0.000000 0.000000 0.000000 0.000000 0.000000 0.000000 0.000000 0.000000 0.000000 0.000000 0.000000 0.000000 0.000000 0.000000 0.000000 0.000000 0.000000 0.000000 0.000000 0.000000 0.000000 0.000000 0.000000
4.075909 0.000000 0.082559 0.095095 0.372302 1.308522 0.042748 0.139772 0.055583 0.075429 -0.008713 -0.132977 1.314430 0.139844 0.070407 -0.219851 0.058030 1.330770 -0.002807 -0.270324 0.093738 -0.072628 0.112593 -0.334014 -0.375864 -0.093146 -0.385731 0.052133 -0.146689 -0.120116 0.058030 1.330770 -0.002807 -0.270324 0.093738 -0.072628 0.112593 -0.334014 -0.375864 -0.093146 -0.385731 0.052133 -0.146689 -0.120116 -0.267099 2.366961 5.226421 0.017534 0.063128 14.984657 -0.267099 2.366961 5.226421 0.017534 0.063128 14.984657 0.000000 0.000000 -0.000000 0.000000 0.000000 -0.000000 0.000000 0.000000 0.000000 0.000000 0.000000 0.000000 0.000000 0.000000 0.000000 0.000000 0.000000 0.000000 0.000000 0.000000 0.000000 0.000000 0.000000 0.000000 0.000000 0.000000 0.000000 0.000000 0.000000 0.000000
4.119620 0.000000 0.082559 0.095095 0.372314 1.308510 0.042736 0.139772 0.055583 0.075417 -0.008701 -0.133001 1.314442 0.139796 0.070395 -0.219863 0.069886 1.318501 0.003864 -0.264312 0.090148 -0.065292 0.111274 -0.330373 -0.391501 -0.092528 -0.375629 0.064149 -0.145492 -0.121147 0.069886 1.318501 0.003864 -0.264312 0.090148 -0.065292 0.111274 -0.330373 -0.391501 -0.092528 -0.375629 0.064149 -0.145492 -0.121147 -0.305344 2.292680 5.488881 0.040845 -0.017678 14.349685 -0.305344 2.292680 5.488881 0.040845 -0.017678 14.349685 0.000000 0.000000 -0.000000 0.000000 0.000000 -0.000000 0.000000 0.000000 0.000000 0.000000 0.000000 0.000000 0.000000 0.000000 0.000000 0.000000 0.000000 0.000000 0.000000 0.000000 0.000000 0.000000 0.000000 0.000000 0.000000 0.000000 0.000000 0.000000 0.000000 0.000000
4.167833 0.000000 0.082559 0.095119 0.372302 1.308510 0.042712 0.139760 0.055607 0.075405 -0.008713 -0.132989 1.314430 0.139844 0.070407 -0.219863 0.071951 1.346411 0.013026 -0.270155 0.087647 -0.073909 0.108463 -0.331794 -0.382532 -0.105464 -0.386257 0.059074 -0.149486 -0.120768 0.071951 1.346411 0.013026 -0.270155 0.087647 -0.073909 0.108463 -0.331794 -0.382532 -0.105464 -0.386257 0.059074 -0.149486 -0.120768 -0.295315 2.416345 5.184739 0.012198 0.043832 14.997051 -0.295315 2.416345 5.184739 0.012198 0.043832 14.997051 0.000000 0.000000 -0.000000 0.000000 0.000000 -0.000000 0.000000 0.000000 0.000000 0.000000 0.000000 0.000000 0.000000 0.000000 0.000000 0.000000 0.000000 0.000000 0.000000 0.000000 0.000000 0.000000 0.000000 0.000000 0.000000 0.000000 0.000000 0.000000 0.000000 0.000000
4.236255 0.000000 0.082559 0.095095 0.372302 1.308510 0.042724 0.139748 0.055595 0.075417 -0.008725 -0.132977 1.314442 0.139796 0.070407 -0.219863 0.043627 1.337393 0.018609 -0.250906 0.084137 -0.081572 0.107943 -0.305701 -0.402464 -0.121869 -0.383886 0.075609 -0.144128 -0.122051 0.043627 1.337393 0.018609 -0.250906 0.084137 -0.081572 0.107943 -0.305701 -0.402464 -0.121869 -0.383886 0.075609 -0.144128 -0.122051 -0.109083 3.078104 1.193245 -0.061730 0.012570 15.292906 -0.109083 3.078104 1.193245 -0.061730 0.012570 15.292906 0.000000 0.000000 -0.000000 0.000000 0.000000 -0.000000 0.000000 0.000000 0.000000 0.000000 0.000000 0.000000 0.000000 0.000000 0.000000 0.000000 0.000000 0.000000 0.000000 0.000000 0.000000 0.000000 0.000000 0.000000 0.000000 0.000000 0.000000 0.000000 0.000000 0.000000
4.276462 0.000000 0.082571 0.095095 0.372338 1.308510 0.042688 0.139772 0.055595 0.075429 -0.008725 -0.132965 1.314442 0.139832 0.070407 -0.219863 0.047864 1.327202 0.019917 -0.253842 0.095362 -0.079525 0.107227 -0.307929 -0.405581 -0.127412 -0.375162 0.081953 -0.143741 -0.121859 0.047864 1.327202 0.019917 -0.253842 0.095362 -0.079525 0.107227 -0.307929 -0.405581 -0.127412 -0.375162 0.081953 -0.143741 -0.121859 -0.145018 2.908969 2.044904 -0.022319 -0.043672 14.610953 -0.145018 2.908969 2.044904 -0.022319 -0.043672 14.610953 0.000000 0.000000 -0.000000 0.000000 0.000000 -0.000000 0.000000 0.000000 0.000000 0.000000 0.000000 0.000000 0.000000 0.000000 0.000000 0.000000 0.000000 0.000000 0.000000 0.000000 0.000000 0.000000 0.000000 0.000000 0.000000 0.000000 0.000000 0.000000 0.000000 0.000000
4.326588 0.000000 0.082547 0.095107 0.372314 1.308462 0.042712 0.139760 0.055595 0.075417 -0.008713 -0.132977 1.314442 0.139820 0.070419 -0.219851 0.054444 1.332468 0.023236 -0.259084 0.091094 -0.078899 0.108055 -0.324762 -0.406217 -0.115749 -0.389942 0.072079 -0.149273 -0.120578 0.054444 1.332468 0.023236 -0.259084 0.091094 -0.078899 0.108055 -0.324762 -0.406217 -0.115749 -0.389942 0.072079 -0.149273 -0.120578 -0.185765 2.776427 2.901708 -0.002965 -0.012389 15.051730 -0.185765 2.776427 2.901708 -0.002965 -0.012389 15.051730 0.000000 0.000000 -0.000000 0.000000 0.000000 -0.000000 0.000000 0.000000 0.000000 0.000000 0.000000 0.000000 0.000000 0.000000 0.000000 0.000000 0.000000 0.000000 0.000000 0.000000 0.000000 0.000000 0.000000 0.000000 0.000000 0.000000 0.000000 0.000000 0.000000 0.000000
4.364695 0.000000 0.082559 0.095095 0.372314 1.308510 0.042700 0.139760 0.055595 0.075417 -0.008713 -0.133001 1.314454 0.139832 0.070419 -0.219863 0.047969 1.311831 0.010991 -0.263657 0.100487 -0.082706 0.109470 -0.330515 -0.419655 -0.123287 -0.397225 0.066535 -0.149961 -0.121759 0.047969 1.311831 0.010991 -0.263657 0.100487 -0.082706 0.109470 -0.330515 -0.419655 -0.123287 -0.397225 0.066535 -0.149961 -0.121759 -0.194678 2.580238 3.746221 0.005433 -0.039242 15.177389 -0.194678 2.580238 3.746221 0.005433 -0.039242 15.177389 0.000000 0.000000 -0.000000 0.000000 0.000000 -0.000000 0.000000 0.000000 0.000000 0.000000 0.000000 0.000000 0.000000 0.000000 0.000000 0.000000 0.000000 0.000000 0.000000 0.000000 0.000000 0.000000 0.000000 0.000000 0.000000 0.000000 0.000000 0.000000 0.000000 0.000000
4.408637 0.000000 0.082559 0.095107 0.372290 1.308510 0.042712 0.139760 0.055595 0.075417 -0.008725 -0.132953 1.314454 0.139796 0.070431 -0.219863 0.055556 1.338909 0.018292 -0.267502 0.095733 -0.081409 0.111416 -0.313322 -0.414902 -0.129008 -0.377517 0.075814 -0.147890 -0.121540 0.055556 1.338909 0.018292 -0.267502 0.095733 -0.081409 0.111416 -0.313322 -0.414902 -0.129008 -0.377517 0.075814 -0.147890 -0.121540 -0.218701 2.613633 3.946801 -0.005612 -0.071210 14.556608 -0.218701 2.613633 3.946801 -0.005612 -0.071210 14.556608 0.000000 0.000000 -0.000000 0.000000 0.000000 -0.000000 0.000000 0.000000 0.000000 0.000000 0.000000 0.000000 0.000000 0.000000 0.000000 0.000000 0.000000 0.000000 0.000000 0.000000 0.000000 0.000000 0.000000 0.000000 0.000000 0.000000 0.000000 0.000000 0.000000 0.000000
4.456548 0.000000 0.082547 0.095107 0.372290 1.308486 0.042712 0.139760 0.055595 0.075417 -0.008725 -0.132989 1.314454 0.139820 0.070407 -0.219863 0.038823 1.326104 0.019148 -0.275016 0.106273 -0.079569 0.109200 -0.326077 -0.425327 -0.134119 -0.375878 0.067671 -0.149687 -0.125023 0.038823 1.326104 0.019148 -0.275016 0.106273 -0.079569 0.109200 -0.326077 -0.425327 -0.134119 -0.375878 0.067671 -0.149687 -0.125023 -0.189677 2.536675 4.218404 0.042655 -0.127663 14.143100 -0.189677 2.536675 4.218404 0.042655 -0.127663 14.143100 0.000000 0.000000 -0.000000 0.000000 0.000000 -0.000000 0.000000 0.000000 0.000000 0.000000 0.000000 0.000000 0.000000 0.000000 0.000000 0.000000 0.000000 0.000000 0.000000 0.000000 0.000000 0.000000 0.000000 0.000000 0.000000 0.000000 0.000000 0.000000 0.000000 0.000000
4.503515 0.000000 0.082547 0.095107 0.372326 1.308486 0.042712 0.139760 0.055607 0.075429 -0.008725 -0.132977 1.314418 0.139808 0.070407 -0.219851 0.081667 1.313019 0.023006 -0.266446 0.099674 -0.075725 0.109875 -0.351913 -0.397160 -0.135177 -0.374647 0.061843 -0.150593 -0.122099 0.081667 1.313019 0.023006 -0.266446 0.099674 -0.075725 0.109875 -0.351913 -0.397160 -0.135177 -0.374647 0.061843 -0.150593 -0.122099 -0.338888 2.216264 5.912489 0.139527 -0.112689 13.394139 -0.338888 2.216264 5.912489 0.139527 -0.112689 13.394139 0.000000 0.000000 -0.000000 0.000000 0.000000 -0.000000 0.000000 0.000000 0.000000 0.000000 0.000000 0.000000 0.000000 0.000000 0.000000 0.000000 0.000000 0.000000 0.000000 0.000000 0.000000 0.000000 0.000000 0.000000 0.000000 0.000000 0.000000 0.000000 0.000000 0.000000
4.552783 0.000000 0.082559 0.095107 0.372290 1.308486 0.042712 0.139760 0.055595 0.075417 -0.008725 -0.132965 1.314442 0.139796 0.070419 -0.219863 0.069255 1.314184 0.024054 -0.270551 0.094258 -0.081370 0.108723 -0.330613 -0.410366 -0.124587 -0.361307 0.057714 -0.146544 -0.126149 0.069255 1.314184 0.024054 -0.270551 0.094258 -0.081370 0.108723 -0.330613 -0.410366 -0.124587 -0.361307 0.057714 -0.146544 -0.126149 -0.295200 2.290107 5.502294 0.084427 -0.138186 13.424859 -0.295200 2.290107 5.502294 0.084427 -0.138186 13.424859 0.000000 0.000000 -0.000000 0.000000 0.000000 -0.000000 0.000000 0.000000 0.000000 0.000000 0.000000 0.000000 0.000000 0.000000 0.000000 0.000000 0.000000 0.000000 0.000000 0.000000 0.000000 0.000000 0.000000 0.000000 0.000000 0.000000 0.000000 0.000000 0.000000 0.000000
4.591912 0.000000 0.082547 0.095095 0.372314 1.308510 0.042712 0.139760 0.055595 0.075405 -0.008713 -0.133001 1.314442 0.139760 0.070419 -0.219851 0.052159 1.311816 0.011568 -0.276816 0.103202 -0.082336 0.107605 -0.340375 -0.385094 -0.114478 -0.361900 0.054863 -0.147136 -0.123227 0.052159 1.311816 0.011568 -0.276816 0.103202 -0.082336 0.107605 -0.340375 -0.385094 -0.114478 -0.361900 0.054863 -0.147136 -0.123227 -0.256525 2.277070 5.525326 0.110727 -0.079780 13.343383 -0.256525 2.277070 5.525326 0.110727 -0.079780 13.343383 0.000000 0.000000 -0.000000 0.000000 0.000000 -0.000000 0.000000 0.000000 0.000000 0.000000 0.000000 0.000000 0.000000 0.000000 0.000000 0.000000 0.000000 0.000000 0.000000 0.000000 0.000000 0.000000 0.000000 0.000000 0.000000 0.000000 0.000000 0.000000 0.000000 0.000000
4.633792 0.000000 0.082559 0.095107 0.372290 1.308510 0.042712 0.139760 0.055595 0.075417 -0.008725 -0.133025 1.314430 0.139820 0.070407 -0.219863 0.061152 1.359987 0.020715 -0.280913 0.098593 -0.082362 0.112108 -0.339210 -0.393565 -0.123585 -0.361771 0.052418 -0.151083 -0.124428 0.061152 1.359987 0.020715 -0.280913 0.098593 -0.082362 0.112108 -0.339210 -0.393565 -0.123585 -0.361771 0.052418 -0.151083 -0.124428 -0.271843 2.429894 5.331974 0.106365 -0.101049 13.378916 -0.271843 2.429894 5.331974 0.106365 -0.101049 13.378916 0.000000 0.000000 -0.000000 0.000000 0.000000 -0.000000 0.000000 0.000000 0.000000 0.000000 0.000000 0.000000 0.000000 0.000000 0.000000 0.000000 0.000000 0.000000 0.000000 0.000000 0.000000 0.000000 0.000000 0.000000 0.000000 0.000000 0.000000 0.000000 0.000000 0.000000
4.669905 0.000000 0.082571 0.095107 0.372302 1.308486 0.042688 0.139760 0.055607 0.075405 -0.008713 -0.132977 1.314442 0.139808 0.070419 -0.219863 0.080378 1.279393 0.016691 -0.249076 0.093748 -0.074394 0.108378 -0.355018 -0.396136 -0.115924 -0.372972 0.062050 -0.152783 -0.123028 0.080378 1.279393 0.016691 -0.249076 0.093748 -0.074394 0.108378 -0.355018 -0.396136 -0.115924 -0.372972 0.062050 -0.152783 -0.123028 -0.298712 2.348788 4.639756 0.143442 -0.101594 13.431931 -0.298712 2.348788 4.639756 0.143442 -0.101594 13.431931 0.000000 0.000000 -0.000000 0.000000 0.000000 -0.000000 0.000000 0.000000 0.000000 0.000000 0.000000 0.000000 0.000000 0.000000 0.000000 0.000000 0.000000 0.000000 0.000000 0.000000 0.000000 0.000000 0.000000 0.000000 0.000000 0.000000 0.000000 0.000000 0.000000 0.000000
4.704579 0.000000 0.082559 0.095095 0.372314 1.308486 0.042724 0.139760 0.055595 0.075429 -0.008725 -0.132989 1.314442 0.139796 0.070407 -0.219851 0.052465 1.308827 0.020027 -0.256422 0.091325 -0.079723 0.109425 -0.346230 -0.408360 -0.111703 -0.379203 0.069619 -0.151742 -0.123313 0.052465 1.308827 0.020027 -0.256422 0.091325 -0.079723 0.109425 -0.346230 -0.408360 -0.111703 -0.379203 0.069619 -0.151742 -0.123313 -0.187636 2.682684 3.112290 0.099889 -0.094179 13.935065 -0.187636 2.682684 3.112290 0.099889 -0.094179 13.935065 0.000000 0.000000 -0.000000 0.000000 0.000000 -0.000000 0.000000 0.000000 0.000000 0.000000 0.000000 0.000000 0.000000 0.000000 0.000000 0.000000 0.000000 0.000000 0.000000 0.000000 0.000000 0.000000 0.000000 0.000000 0.000000 0.000000 0.000000 0.000000 0.000000 0.000000
4.735745 0.000000 0.082559 0.095083 0.372290 1.308510 0.042760 0.139760 0.055607 0.075417 -0.008713 -0.132989 1.314442 0.139820 0.070407 -0.219863 0.083499 1.327835 0.024327 -0.254594 0.089612 -0.077496 0.113562 -0.332505 -0.397567 -0.117725 -0.378815 0.065868 -0.148592 -0.125182 0.083499 1.327835 0.024327 -0.254594 0.089612 -0.077496 0.113562 -0.332505 -0.397567 -0.117725 -0.378815 0.065868 -0.148592 -0.125182 -0.293591 2.535875 4.251961 0.037178 -0.031729 14.487853 -0.293591 2.535875 4.251961 0.037178 -0.031729 14.487853 0.000000 0.000000 -0.000000 0.000000 0.000000 -0.000000 0.000000 0.000000 0.000000 0.000000 0.000000 0.000000 0.000000 0.000000 0.000000 0.000000 0.000000 0.000000 0.000000 0.000000 0.000000 0.000000 0.000000 0.000000 0.000000 0.000000 0.000000 0.000000 0.000000 0.000000
4.762401 0.000000 0.082559 0.095095 0.372290 1.308486 0.042736 0.139760 0.055595 0.075405 -0.008725 -0.132965 1.314442 0.139832 0.070419 -0.219851 0.066554 1.313318 0.022939 -0.260713 0.087642 -0.078812 0.110763 -0.358233 -0.404935 -0.112667 -0.392101 0.062357 -0.153407 -0.124088 0.066554 1.313318 0.022939 -0.260713 0.087642 -0.078812 0.110763 -0.358233 -0.404935 -0.112667 -0.392101 0.062357 -0.153407 -0.124088 -0.255912 2.488770 4.317970 0.104556 -0.055277 14.398468 -0.255912 2.488770 4.317970 0.104556 -0.055277 14.398468 0.000000 0.000000 -0.000000 0.000000 0.000000 -0.000000 0.000000 0.000000 0.000000 0.000000 0.000000 0.000000 0.000000 0.000000 0.000000 0.000000 0.000000 0.000000 0.000000 0.000000 0.000000 0.000000 0.000000 0.000000 0.000000 0.000000 0.000000 0.000000 0.000000 0.000000
4.787263 0.000000 0.082571 0.095095 0.372314 1.308486 0.042748 0.139772 0.055583 0.075429 -0.008725 -0.132989 1.314442 0.139760 0.070407 -0.219863 0.078232 1.334782 0.018564 -0.251790 0.079110 -0.075369 0.112511 -0.350682 -0.395306 -0.117762 -0.387908 0.060606 -0.149617 -0.124036 0.078232 1.334782 0.018564 -0.251790 0.079110 -0.075369 0.112511 -0.350682 -0.395306 -0.117762 -0.387908 0.060606 -0.149617 -0.124036 -0.261940 2.666556 3.564249 0.085491 -0.032798 14.403554 -0.261940 2.666556 3.564249 0.085491 -0.032798 14.403554 0.000000 0.000000 -0.000000 0.000000 0.000000 -0.000000 0.000000 0.000000 0.000000 0.000000 0.000000 0.000000 0.000000 0.000000 0.000000 0.000000 0.000000 0.000000 0.000000 0.000000 0.000000 0.000000 0.000000 0.000000 0.000000 0.000000 0.000000 0.000000 0.000000 0.000000
4.812395 0.000000 0.082571 0.095107 0.372314 1.308486 0.042712 0.139760 0.055595 0.075417 -0.008725 -0.132977 1.314430 0.139796 0.070407 -0.219863 0.079016 1.326029 0.012310 -0.246103 0.086853 -0.075427 0.112171 -0.341134 -0.389931 -0.113560 -0.388924 0.058410 -0.148827 -0.123528 0.079016 1.326029 0.012310 -0.246103 0.086853 -0.075427 0.112171 -0.341134 -0.389931 -0.113560 -0.388924 0.058410 -0.148827 -0.123528 -0.253660 2.702004 3.222405 0.041331 0.011418 14.830927 -0.253660 2.702004 3.222405 0.041331 0.011418 14.830927 0.000000 0.000000 -0.000000 0.000000 0.000000 -0.000000 0.000000 0.000000 0.000000 0.000000 0.000000 0.000000 0.000000 0.000000 0.000000 0.000000 0.000000 0.000000 0.000000 0.000000 0.000000 0.000000 0.000000 0.000000 0.000000 0.000000 0.000000 0.000000 0.000000 0.000000
4.840416 0.000000 0.082547 0.095119 0.372326 1.308486 0.042724 0.139760 0.055607 0.075417 -0.008725 -0.133013 1.314430 0.139832 0.070407 -0.219863 0.072968 1.353687 0.008976 -0.247083 0.085995 -0.077365 0.114275 -0.329355 -0.390689 -0.119491 -0.379362 0.056490 -0.147096 -0.125766 0.072968 1.353687 0.008976 -0.247083 0.085995 -0.077365 0.114275 -0.329355 -0.390689 -0.119491 -0.379362 0.056490 -0.147096 -0.125766 -0.214960 2.908648 2.399869 0.016503 0.000506 14.722002 -0.214960 2.908648 2.399869 0.016503 0.000506 14.722002 0.000000 0.000000 -0.000000 0.000000 0.000000 -0.000000 0.000000 0.000000 0.000000 0.000000 0.000000 0.000000 0.000000 0.000000 0.000000 0.000000 0.000000 0.000000 0.000000 0.000000 0.000000 0.000000 0.000000 0.000000 0.000000 0.000000 0.000000 0.000000 0.000000 0.000000
4.867233 0.000000 0.082559 0.095107 0.372326 1.308486 0.042712 0.139760 0.055607 0.075405 -0.008713 -0.133013 1.314430 0.139832 0.070407 -0.219863 0.064324 1.332755 0.009690 -0.251190 0.084539 -0.077634 0.113362 -0.334814 -0.390750 -0.123821 -0.386589 0.054671 -0.148017 -0.125382 0.064324 1.332755 0.009690 -0.251190 0.084539 -0.077634 0.113362 -0.334814 -0.390750 -0.123821 -0.386589 0.054671 -0.148017 -0.125382 -0.209491 2.775752 2.883034 0.020020 0.012405 14.925379 -0.209491 2.775752 2.883034 0.020020 0.012405 14.925379 0.000000 0.000000 -0.000000 0.000000 0.000000 -0.000000 0.000000 0.000000 0.000000 0.000000 0.000000 0.000000 0.000000 0.000000 0.000000 0.000000 0.000000 0.000000 0.000000 0.000000 0.000000 0.000000 0.000000 0.000000 0.000000 0.000000 0.000000 0.000000 0.000000 0.000000
4.901315 0.000000 0.082547 0.095083 0.372302 1.308462 0.042760 0.139760 0.055595 0.075417 -0.008713 -0.133061 1.314442 0.139820 0.070407 -0.219863 0.082438 1.293573 0.009400 -0.234371 0.072093 -0.073867 0.108734 -0.340577 -0.374156 -0.137314 -0.376591 0.053117 -0.145538 -0.123477 0.082438 1.293573 0.009400 -0.234371 0.072093 -0.073867 0.108734 -0.340577 -0.374156 -0.137314 -0.376591 0.053117 -0.145538 -0.123477 -0.247569 2.700224 2.755666 0.073456 -0.008098 14.110959 -0.247569 2.700224 2.755666 0.073456 -0.008098 14.110959 0.000000 0.000000 -0.000000 0.000000 0.000000 -0.000000 0.000000 0.000000 0.000000 0.000000 0.000000 0.000000 0.000000 0.000000 0.000000 0.000000 0.000000 0.000000 0.000000 0.000000 0.000000 0.000000 0.000000 0.000000 0.000000 0.000000 0.000000 0.000000 0.000000 0.000000
4.932298 0.000000 0.082559 0.095095 0.372314 1.308474 0.042748 0.139772 0.055607 0.075417 -0.008725 -0.132965 1.314454 0.139856 0.070419 -0.219863 0.066149 1.339808 0.016360 -0.253077 0.064076 -0.078615 0.112249 -0.335054 -0.364597 -0.138191 -0.380347 0.061454 -0.144967 -0.122320 0.066149 1.339808 0.016360 -0.253077 0.064076 -0.078615 0.112249 -0.335054 -0.364597 -0.138191 -0.380347 0.061454 -0.144967 -0.122320 -0.211981 2.796160 2.868685 0.042014 0.041856 14.496903 -0.211981 2.796160 2.868685 0.042014 0.041856 14.496903 0.000000 0.000000 -0.000000 0.000000 0.000000 -0.000000 0.000000 0.000000 0.000000 0.000000 0.000000 0.000000 0.000000 0.000000 0.000000 0.000000 0.000000 0.000000 0.000000 0.000000 0.000000 0.000000 0.000000 0.000000 0.000000 0.000000 0.000000 0.000000 0.000000 0.000000
4.958280 0.000000 0.082547 0.095119 0.372326 1.308462 0.042736 0.139760 0.055607 0.075417 -0.008725 -0.133013 1.314430 0.139856 0.070407 -0.219863 0.081522 1.330156 0.017542 -0.243114 0.065774 -0.076665 0.111134 -0.328952 -0.371819 -0.132341 -0.375307 0.067207 -0.145161 -0.123057 0.081522 1.330156 0.017542 -0.243114 0.065774 -0.076665 0.111134 -0.328952 -0.371819 -0.132341 -0.375307 0.067207 -0.145161 -0.123057 -0.243821 2.794430 2.740811 0.032488 0.019764 14.393226 -0.243821 2.794430 2.740811 0.032488 0.019764 14.393226 0.000000 0.000000 -0.000000 0.000000 0.000000 -0.000000 0.000000 0.000000 0.000000 0.000000 0.000000 0.000000 0.000000 0.000000 0.000000 0.000000 0.000000 0.000000 0.000000 0.000000 0.000000 0.000000 0.000000 0.000000 0.000000 0.000000 0.000000 0.000000 0.000000 0.000000
4.990602 0.000000 0.082559 0.095107 0.372278 1.308474 0.042748 0.139760 0.055619 0.075405 -0.008725 -0.133001 1.314430 0.139784 0.070407 -0.219863 0.072123 1.328143 -0.001212 -0.260737 0.067764 -0.077685 0.110388 -0.339806 -0.382797 -0.134957 -0.375469 0.063175 -0.146666 -0.124987 0.072123 1.328143 -0.001212 -0.260737 0.067764 -0.077685 0.110388 -0.339806 -0.382797 -0.134957 -0.375469 0.063175 -0.146666 -0.124987 -0.278893 2.454455 4.672224 0.074133 -0.031822 14.053773 -0.278893 2.454455 4.672224 0.074133 -0.031822 14.053773 0.000000 0.000000 -0.000000 0.000000 0.000000 -0.000000 0.000000 0.000000 0.000000 0.000000 0.000000 0.000000 0.000000 0.000000 0.000000 0.000000 0.000000 0.000000 0.000000 0.000000 0.000000 0.000000 0.000000 0.000000 0.000000 0.000000 0.000000 0.000000 0.000000 0.000000
5.028607 0.000000 0.082547 0.095107 0.372314 1.308510 0.042700 0.139760 0.055595 0.075405 -0.008725 -0.133025 1.314442 0.139796 0.070407 -0.219863 0.071454 1.346604 0.006930 -0.265704 0.069865 -0.078026 0.111283 -0.335464 -0.395281 -0.126446 -0.369730 0.071490 -0.146286 -0.124504 0.071454 1.346604 0.006930 -0.265704 0.069865 -0.078026 0.111283 -0.335464 -0.395281 -0.126446 -0.369730 0.071490 -0.146286 -0.124504 -0.277496 2.501375 4.677231 0.081393 -0.080614 13.733303 -0.277496 2.501375 4.677231 0.081393 -0.080614 13.733303 0.000000 0.000000 -0.000000 0.000000 0.000000 -0.000000 0.000000 0.000000 0.000000 0.000000 0.000000 0.000000 0.000000 0.000000 0.000000 0.000000 0.000000 0.000000 0.000000 0.000000 0.000000 0.000000 0.000000 0.000000 0.000000 0.000000 0.000000 0.000000 0.000000 0.000000
5.067421 0.000000 0.082559 0.095119 0.372302 1.308510 0.042736 0.139772 0.055595 0.075417 -0.008725 -0.133049 1.314430 0.139832 0.070407 -0.219851 0.090029 1.336124 0.011798 -0.257434 0.083489 -0.073768 0.110911 -0.320009 -0.387530 -0.131313 -0.360585 0.078569 -0.144525 -0.126275 0.090029 1.336124 0.011798 -0.257434 0.083489 -0.073768 0.110911 -0.320009 -0.387530 -0.131313 -0.360585 0.078569 -0.144525 -0.126275 -0.330866 2.426000 4.979537 0.038978 -0.057867 13.802736 -0.330866 2.426000 4.979537 0.038978 -0.057867 13.802736 0.000000 0.000000 -0.000000 0.000000 0.000000 -0.000000 0.000000 0.000000 0.000000 0.000000 0.000000 0.000000 0.000000 0.000000 0.000000 0.000000 0.000000 0.000000 0.000000 0.000000 0.000000 0.000000 0.000000 0.000000 0.000000 0.000000 0.000000 0.000000 0.000000 0.000000
5.108176 0.000000 0.082559 0.095119 0.372290 1.308486 0.042724 0.139760 0.055595 0.075417 -0.008725 -0.132989 1.314430 0.139856 0.070419 -0.219863 0.063912 1.346226 0.015833 -0.271793 0.082488 -0.078624 0.110792 -0.322751 -0.376520 -0.121120 -0.356667 0.071423 -0.146215 -0.124852 0.063912 1.346226 0.015833 -0.271793 0.082488 -0.078624 0.110792 -0.322751 -0.376520 -0.121120 -0.356667 0.071423 -0.146215 -0.124852 -0.265071 2.476530 4.840329 0.051181 -0.037354 13.671485 -0.265071 2.476530 4.840329 0.051181 -0.037354 13.671485 0.000000 0.000000 -0.000000 0.000000 0.000000 -0.000000 0.000000 0.000000 0.000000 0.000000 0.000000 0.000000 0.000000 0.000000 0.000000 0.000000 0.000000 0.000000 0.000000 0.000000 0.000000 0.000000 0.000000 0.000000 0.000000 0.000000 0.000000 0.000000 0.000000 0.000000
5.138982 0.000000 0.082559 0.095107 0.372302 1.308486 0.042712 0.139760 0.055595 0.075417 -0.008725 -0.132989 1.314466 0.139832 0.070419 -0.219863 0.073014 1.305986 0.014525 -0.252352 0.081082 -0.074760 0.107106 -0.315042 -0.389044 -0.116672 -0.362743 0.067226 -0.145630 -0.124934 0.073014 1.305986 0.014525 -0.252352 0.081082 -0.074760 0.107106 -0.315042 -0.389044 -0.116672 -0.362743 0.067226 -0.145630 -0.124934 -0.261310 2.525438 3.970996 0.009465 -0.030697 14.182940 -0.261310 2.525438 3.970996 0.009465 -0.030697 14.182940 0.000000 0.000000 -0.000000 0.000000 0.000000 -0.000000 0.000000 0.000000 0.000000 0.000000 0.000000 0.000000 0.000000 0.000000 0.000000 0.000000 0.000000 0.000000 0.000000 0.000000 0.000000 0.000000 0.000000 0.000000 0.000000 0.000000 0.000000 0.000000 0.000000 0.000000
5.183495 0.000000 0.082559 0.095107 0.372362 1.308510 0.042724 0.139760 0.055607 0.075417 -0.008725 -0.132977 1.314430 0.139832 0.070407 -0.219863 0.073652 1.341100 0.021267 -0.261418 0.080969 -0.073618 0.110369 -0.323962 -0.398197 -0.095732 -0.362175 0.075748 -0.146604 -0.123982 0.073652 1.341100 0.021267 -0.261418 0.080969 -0.073618 0.110369 -0.323962 -0.398197 -0.095732 -0.362175 0.075748 -0.146604 -0.123982 -0.272670 2.562548 4.266101 0.049309 -0.070073 13.829635 -0.272670 2.562548 4.266101 0.049309 -0.070073 13.829635 0.000000 0.000000 -0.000000 0.000000 0.000000 -0.000000 0.000000 0.000000 0.000000 0.000000 0.000000 0.000000 0.000000 0.000000 0.000000 0.000000 0.000000 0.000000 0.000000 0.000000 0.000000 0.000000 0.000000 0.000000 0.000000 0.000000 0.000000 0.000000 0.000000 0.000000
5.222709 0.000000 0.082559 0.095119 0.372302 1.308486 0.042724 0.139772 0.055595 0.075417 -0.008725 -0.132965 1.314442 0.139820 0.070407 -0.219863 0.067411 1.335257 0.022478 -0.264485 0.080300 -0.074251 0.111847 -0.324899 -0.406776 -0.094253 -0.373226 0.069315 -0.147150 -0.123713 0.067411 1.335257 0.022478 -0.264485 0.080300 -0.074251 0.111847 -0.324899 -0.406776 -0.094253 -0.373226 0.069315 -0.147150 -0.123713 -0.264026 2.518634 4.444777 0.026627 -0.053485 14.368461 -0.264026 2.518634 4.444777 0.026627 -0.053485 14.368461 0.000000 0.000000 -0.000000 0.000000 0.000000 -0.000000 0.000000 0.000000 0.000000 0.000000 0.000000 0.000000 0.000000 0.000000 0.000000 0.000000 0.000000 0.000000 0.000000 0.000000 0.000000 0.000000 0.000000 0.000000 0.000000 0.000000 0.000000 0.000000 0.000000 0.000000
5.258179 0.000000 0.082535 0.095107 0.372302 1.308486 0.042712 0.139784 0.055595 0.075405 -0.008725 -0.132965 1.314442 0.139832 0.070419 -0.219863 0.053335 1.361264 0.024878 -0.274700 0.091218 -0.077645 0.112285 -0.323349 -0.391959 -0.091896 -0.378913 0.064858 -0.148615 -0.124881 0.053335 1.361264 0.024878 -0.274700 0.091218 -0.077645 0.112285 -0.323349 -0.391959 -0.091896 -0.378913 0.064858 -0.148615 -0.124881 -0.222359 2.631144 4.168303 -0.011992 0.027907 15.023209 -0.222359 2.631144 4.168303 -0.011992 0.027907 15.023209 0.000000 0.000000 -0.000000 0.000000 0.000000 -0.000000 0.000000 0.000000 0.000000 0.000000 0.000000 0.000000 0.000000 0.000000 0.000000 0.000000 0.000000 0.000000 0.000000 0.000000 0.000000 0.000000 0.000000 0.000000 0.000000 0.000000 0.000000 0.000000 0.000000 0.000000
5.294134 0.000000 0.082559 0.095107 0.372350 1.308486 0.042688 0.139772 0.055595 0.075417 -0.008713 -0.133049 1.314442 0.139808 0.070407 -0.219839 0.050100 1.338184 0.024272 -0.257117 0.099707 -0.075007 0.109875 -0.329342 -0.371264 -0.088777 -0.385523 0.061216 -0.147717 -0.122132 0.050100 1.338184 0.024272 -0.257117 0.099707 -0.075007 0.109875 -0.329342 -0.371264 -0.088777 -0.385523 0.061216 -0.147717 -0.122132 -0.164413 2.872419 2.421650 -0.010669 0.097266 15.291468 -0.164413 2.872419 2.421650 -0.010669 0.097266 15.291468 0.000000 0.000000 -0.000000 0.000000 0.000000 -0.000000 0.000000 0.000000 0.000000 0.000000 0.000000 0.000000 0.000000 0.000000 0.000000 0.000000 0.000000 0.000000 0.000000 0.000000 0.000000 0.000000 0.000000 0.000000 0.000000 0.000000 0.000000 0.000000 0.000000 0.000000
5.337438 0.000000 0.082559 0.095095 0.372302 1.308486 0.042748 0.139760 0.055595 0.075405 -0.008725 -0.132965 1.314442 0.139832 0.070383 -0.219875 0.060468 1.326045 0.025082 -0.256193 0.081211 -0.073739 0.109020 -0.350620 -0.409114 -0.090249 -0.404018 0.056432 -0.153212 -0.120267 0.060468 1.326045 0.025082 -0.256193 0.081211 -0.073739 0.109020 -0.350620 -0.409114 -0.090249 -0.404018 0.056432 -0.153212 -0.120267 -0.210137 2.714633 3.166948 0.047873 0.001877 15.258154 -0.210137 2.714633 3.166948 0.047873 0.001877 15.258154 0.000000 0.000000 -0.000000 0.000000 0.000000 -0.000000 0.000000 0.000000 0.000000 0.000000 0.000000 0.000000 0.000000 0.000000 0.000000 0.000000 0.000000 0.000000 0.000000 0.000000 0.000000 0.000000 0.000000 0.000000 0.000000 0.000000 0.000000 0.000000 0.000000 0.000000
5.376958 0.000000 0.082547 0.095083 0.372302 1.308510 0.042712 0.139760 0.055595 0.075417 -0.008725 -0.132905 1.314442 0.139832 0.070419 -0.219851 0.056849 1.329778 0.013810 -0.261782 0.080581 -0.074931 0.108864 -0.333274 -0.390641 -0.089774 -0.379104 0.054881 -0.145530 -0.122460 0.056849 1.329778 0.013810 -0.261782 0.080581 -0.074931 0.108864 -0.333274 -0.390641 -0.089774 -0.379104 0.054881 -0.145530 -0.122460 -0.217091 2.628513 3.704790 0.034530 0.001258 14.586852 -0.217091 2.628513 3.704790 0.034530 0.001258 14.586852 0.000000 0.000000 -0.000000 0.000000 0.000000 -0.000000 0.000000 0.000000 0.000000 0.000000 0.000000 0.000000 0.000000 0.000000 0.000000 0.000000 0.000000 0.000000 0.000000 0.000000 0.000000 0.000000 0.000000 0.000000 0.000000 0.000000 0.000000 0.000000 0.000000 0.000000
5.412860 0.000000 0.082547 0.095119 0.372290 1.308486 0.042712 0.139772 0.055595 0.075417 -0.008725 -0.132965 1.314430 0.139784 0.070431 -0.219863 0.053552 1.341011 0.006766 -0.267798 0.080273 -0.076414 0.112124 -0.327456 -0.389896 -0.089869 -0.383945 0.052882 -0.145348 -0.122830 0.053552 1.341011 0.006766 -0.267798 0.080273 -0.076414 0.112124 -0.327456 -0.389896 -0.089869 -0.383945 0.052882 -0.145348 -0.122830 -0.222831 2.578017 4.150460 -0.003887 0.037522 15.083343 -0.222831 2.578017 4.150460 -0.003887 0.037522 15.083343 0.000000 0.000000 -0.000000 0.000000 0.000000 -0.000000 0.000000 0.000000 0.000000 0.000000 0.000000 0.000000 0.000000 0.000000 0.000000 0.000000 0.000000 0.000000 0.000000 0.000000 0.000000 0.000000 0.000000 0.000000 0.000000 0.000000 0.000000 0.000000 0.000000 0.000000
5.450186 0.000000 0.082559 0.095095 0.372254 1.308486 0.042700 0.139760 0.055595 0.075393 -0.008725 -0.132977 1.314430 0.139820 0.070407 -0.219851 0.044512 1.349889 -0.000265 -0.276031 0.080108 -0.079178 0.111998 -0.367283 -0.372822 -0.086350 -0.389154 0.050606 -0.149806 -0.120392 0.044512 1.349889 -0.000265 -0.276031 0.080108 -0.079178 0.111998 -0.367283 -0.372822 -0.086350 -0.389154 0.050606 -0.149806 -0.120392 -0.210409 2.542130 4.477486 0.132126 0.019465 14.231340 -0.210409 2.542130 4.477486 0.132126 0.019465 14.231340 0.000000 0.000000 -0.000000 0.000000 0.000000 -0.000000 0.000000 0.000000 0.000000 0.000000 0.000000 0.000000 0.000000 0.000000 0.000000 0.000000 0.000000 0.000000 0.000000 0.000000 0.000000 0.000000 0.000000 0.000000 0.000000 0.000000 0.000000 0.000000 0.000000 0.000000
5.486077 0.000000 0.082547 0.095107 0.372350 1.308498 0.042688 0.139772 0.055595 0.075417 -0.008725 -0.133025 1.314430 0.139808 0.070419 -0.219863 0.058554 1.333088 0.004582 -0.268374 0.090679 -0.075775 0.110479 -0.320896 -0.379011 -0.089129 -0.376426 0.061410 -0.143118 -0.122564 0.058554 1.333088 0.004582 -0.268374 0.090679 -0.075775 0.110479 -0.320896 -0.379011 -0.089129 -0.376426 0.061410 -0.143118 -0.122564 -0.250325 2.465731 4.694762 -0.011411 0.052184 14.898595 -0.250325 2.465731 4.694762 -0.011411 0.052184 14.898595 0.000000 0.000000 -0.000000 0.000000 0.000000 -0.000000 0.000000 0.000000 0.000000 0.000000 0.000000 0.000000 0.000000 0.000000 0.000000 0.000000 0.000000 0.000000 0.000000 0.000000 0.000000 0.000000 0.000000 0.000000 0.000000 0.000000 0.000000 0.000000 0.000000 0.000000
5.517204 0.000000 0.082547 0.095107 0.372278 1.308486 0.042712 0.139760 0.055607 0.075417 -0.008713 -0.133025 1.314430 0.139808 0.070407 -0.219863 0.074750 1.329305 0.009634 -0.268751 0.088830 -0.075908 0.111160 -0.325852 -0.392998 -0.108692 -0.384469 0.058440 -0.144693 -0.122979 0.074750 1.329305 0.009634 -0.268751 0.088830 -0.075908 0.111160 -0.325852 -0.392998 -0.108692 -0.384469 0.058440 -0.144693 -0.122979 -0.315784 2.293049 5.664095 -0.001402 0.016380 14.974275 -0.315784 2.293049 5.664095 -0.001402 0.016380 14.974275 0.000000 0.000000 -0.000000 0.000000 0.000000 -0.000000 0.000000 0.000000 0.000000 0.000000 0.000000 0.000000 0.000000 0.000000 0.000000 0.000000 0.000000 0.000000 0.000000 0.000000 0.000000 0.000000 0.000000 0.000000 0.000000 0.000000 0.000000 0.000000 0.000000 0.000000
5.552382 0.000000 0.082559 0.095107 0.372290 1.308486 0.042688 0.139760 0.055583 0.075417 -0.008713 -0.132977 1.314442 0.139796 0.070419 -0.219851 0.065647 1.336275 0.013802 -0.273412 0.086865 -0.077138 0.110621 -0.347350 -0.393454 -0.103542 -0.381792 0.055711 -0.145854 -0.121624 0.065647 1.336275 0.013802 -0.273412 0.086865 -0.077138 0.110621 -0.347350 -0.393454 -0.103542 -0.381792 0.055711 -0.145854 -0.121624 -0.287731 2.349126 5.442674 0.093074 -0.043854 14.105861 -0.287731 2.349126 5.442674 0.093074 -0.043854 14.105861 0.000000 0.000000 -0.000000 0.000000 0.000000 -0.000000 0.000000 0.000000 0.000000 0.000000 0.000000 0.000000 0.000000 0.000000 0.000000 0.000000 0.000000 0.000000 0.000000 0.000000 0.000000 0.000000 0.000000 0.000000 0.000000 0.000000 0.000000 0.000000 0.000000 0.000000
5.581939 0.000000 0.082547 0.095107 0.372302 1.308486 0.042700 0.139772 0.055619 0.075417 -0.008725 -0.132953 1.314442 0.139856 0.070407 -0.219863 0.069258 1.337308 0.016590 -0.262337 0.085680 -0.075996 0.111025 -0.325097 -0.398870 -0.102113 -0.368346 0.054368 -0.142834 -0.122443 0.069258 1.337308 0.016590 -0.262337 0.085680 -0.075996 0.111025 -0.325097 -0.398870 -0.102113 -0.368346 0.054368 -0.142834 -0.122443 -0.261793 2.552882 4.265439 0.043373 -0.060793 14.026421 -0.261793 2.552882 4.265439 0.043373 -0.060793 14.026421 0.000000 0.000000 -0.000000 0.000000 0.000000 -0.000000 0.000000 0.000000 0.000000 0.000000 0.000000 0.000000 0.000000 0.000000 0.000000 0.000000 0.000000 0.000000 0.000000 0.000000 0.000000 0.000000 0.000000 0.000000 0.000000 0.000000 0.000000 0.000000 0.000000 0.000000
5.612545 0.000000 0.082559 0.095095 0.372302 1.308474 0.042688 0.139772 0.055583 0.075417 -0.008725 -0.132953 1.314430 0.139832 0.070407 -0.219863 0.082045 1.315924 0.017364 -0.244710 0.084068 -0.072318 0.108911 -0.336576 -0.405500 -0.109116 -0.380873 0.052491 -0.145467 -0.124255 0.082045 1.315924 0.017364 -0.244710 0.084068 -0.072318 0.108911 -0.336576 -0.405500 -0.109116 -0.380873 0.052491 -0.145467 -0.124255 -0.265755 2.652726 3.370381 0.052661 -0.055144 14.387029 -0.265755 2.652726 3.370381 0.052661 -0.055144 14.387029 0.000000 0.000000 -0.000000 0.000000 0.000000 -0.000000 0.000000 0.000000 0.000000 0.000000 0.000000 0.000000 0.000000 0.000000 0.000000 0.000000 0.000000 0.000000 0.000000 0.000000 0.000000 0.000000 0.000000 0.000000 0.000000 0.000000 0.000000 0.000000 0.000000 0.000000
5.655514 0.000000 0.082547 0.095095 0.372302 1.308510 0.042736 0.139772 0.055595 0.075417 -0.008725 -0.132953 1.314442 0.139832 0.070419 -0.219863 0.065713 1.339537 0.007921 -0.260182 0.083224 -0.076557 0.110261 -0.363744 -0.388517 -0.115903 -0.393474 0.063793 -0.150133 -0.122173 0.065713 1.339537 0.007921 -0.260182 0.083224 -0.076557 0.110261 -0.363744 -0.388517 -0.115903 -0.393474 0.063793 -0.150133 -0.122173 -0.241090 2.624621 3.858697 0.124107 -0.025454 14.269142 -0.241090 2.624621 3.858697 0.124107 -0.025454 14.269142 0.000000 0.000000 -0.000000 0.000000 0.000000 -0.000000 0.000000 0.000000 0.000000 0.000000 0.000000 0.000000 0.000000 0.000000 0.000000 0.000000 0.000000 0.000000 0.000000 0.000000 0.000000 0.000000 0.000000 0.000000 0.000000 0.000000 0.000000 0.000000 0.000000 0.000000
5.693973 0.000000 0.082547 0.095107 0.372338 1.308486 0.042712 0.139772 0.055571 0.075417 -0.008725 -0.132989 1.314430 0.139820 0.070407 -0.219851 0.069483 1.333928 0.000139 -0.260655 0.082046 -0.075731 0.105726 -0.334430 -0.387185 -0.123498 -0.388090 0.072349 -0.146333 -0.122422 0.069483 1.333928 0.000139 -0.260655 0.082046 -0.075731 0.105726 -0.334430 -0.387185 -0.123498 -0.388090 0.072349 -0.146333 -0.122422 -0.261140 2.536424 4.275722 0.028445 0.013513 14.799554 -0.261140 2.536424 4.275722 0.028445 0.013513 14.799554 0.000000 0.000000 -0.000000 0.000000 0.000000 -0.000000 0.000000 0.000000 0.000000 0.000000 0.000000 0.000000 0.000000 0.000000 0.000000 0.000000 0.000000 0.000000 0.000000 0.000000 0.000000 0.000000 0.000000 0.000000 0.000000 0.000000 0.000000 0.000000 0.000000 0.000000
5.743212 0.000000 0.082559 0.095119 0.372278 1.308474 0.042712 0.139760 0.055583 0.075429 -0.008713 -0.132977 1.314430 0.139808 0.070407 -0.219863 0.077308 1.361348 0.011253 -0.250059 0.081505 -0.076386 0.109658 -0.344416 -0.378001 -0.129853 -0.375378 0.065568 -0.144781 -0.122370 0.077308 1.361348 0.011253 -0.250059 0.081505 -0.076386 0.109658 -0.344416 -0.378001 -0.129853 -0.375378 0.065568 -0.144781 -0.122370 -0.231965 2.880010 2.674381 0.099689 -0.036235 13.796630 -0.231965 2.880010 2.674381 0.099689 -0.036235 13.796630 0.000000 0.000000 -0.000000 0.000000 0.000000 -0.000000 0.000000 0.000000 0.000000 0.000000 0.000000 0.000000 0.000000 0.000000 0.000000 0.000000 0.000000 0.000000 0.000000 0.000000 0.000000 0.000000 0.000000 0.000000 0.000000 0.000000 0.000000 0.000000 0.000000 0.000000
5.794369 0.000000 0.082547 0.095107 0.372290 1.308486 0.042664 0.139748 0.055595 0.075417 -0.008737 -0.133013 1.314454 0.139808 0.070407 -0.219863 0.048697 1.336343 0.012973 -0.264066 0.096335 -0.076436 0.106953 -0.332087 -0.370985 -0.118510 -0.364856 0.060107 -0.146727 -0.121930 0.048697 1.336343 0.012973 -0.264066 0.096335 -0.076436 0.106953 -0.332087 -0.370985 -0.118510 -0.364856 0.060107 -0.146727 -0.121930 -0.185558 2.714296 3.299438 0.068384 -0.013881 13.811186 -0.185558 2.714296 3.299438 0.068384 -0.013881 13.811186 0.000000 0.000000 -0.000000 0.000000 0.000000 -0.000000 0.000000 0.000000 0.000000 0.000000 0.000000 0.000000 0.000000 0.000000 0.000000 0.000000 0.000000 0.000000 0.000000 0.000000 0.000000 0.000000 0.000000 0.000000 0.000000 0.000000 0.000000 0.000000 0.000000 0.000000
5.849425 0.000000 0.082559 0.095095 0.372326 1.308498 0.042712 0.139760 0.055595 0.075405 -0.008713 -0.132989 1.314454 0.139820 0.070407 -0.219887 0.055669 1.342655 0.018895 -0.266473 0.091304 -0.075878 0.108146 -0.339740 -0.392766 -0.127138 -0.382733 0.055220 -0.148617 -0.122392 0.055669 1.342655 0.018895 -0.266473 0.091304 -0.075878 0.108146 -0.339740 -0.392766 -0.127138 -0.382733 0.055220 -0.148617 -0.122392 -0.215756 2.650723 3.772018 0.062387 -0.032534 14.360796 -0.215756 2.650723 3.772018 0.062387 -0.032534 14.360796 0.000000 0.000000 -0.000000 0.000000 0.000000 -0.000000 0.000000 0.000000 0.000000 0.000000 0.000000 0.000000 0.000000 0.000000 0.000000 0.000000 0.000000 0.000000 0.000000 0.000000 0.000000 0.000000 0.000000 0.000000 0.000000 0.000000 0.000000 0.000000 0.000000 0.000000
5.899147 0.000000 0.082547 0.095095 0.372302 1.308510 0.042724 0.139760 0.055607 0.075417 -0.008725 -0.132977 1.314442 0.139808 0.070407 -0.219851 0.060698 1.327832 0.005097 -0.265349 0.087795 -0.074980 0.110394 -0.350034 -0.399721 -0.116004 -0.412390 0.067644 -0.150297 -0.120971 0.060698 1.327832 0.005097 -0.265349 0.087795 -0.074980 0.110394 -0.350034 -0.399721 -0.116004 -0.412390 0.067644 -0.150297 -0.120971 -0.252308 2.471602 4.584818 0.029757 0.039925 15.600103 -0.252308 2.471602 4.584818 0.029757 0.039925 15.600103 0.000000 0.000000 -0.000000 0.000000 0.000000 -0.000000 0.000000 0.000000 0.000000 0.000000 0.000000 0.000000 0.000000 0.000000 0.000000 0.000000 0.000000 0.000000 0.000000 0.000000 0.000000 0.000000 0.000000 0.000000 0.000000 0.000000 0.000000 0.000000 0.000000 0.000000
5.955686 0.000000 0.082547 0.095107 0.372338 1.308486 0.042724 0.139772 0.055595 0.075405 -0.008737 -0.133013 1.314430 0.139820 0.070407 -0.219863 0.073021 1.340864 -0.003651 -0.264222 0.085244 -0.073570 0.114605 -0.333157 -0.382311 -0.107144 -0.406527 0.061053 -0.146999 -0.120824 0.073021 1.340864 -0.003651 -0.264222 0.085244 -0.073570 0.114605 -0.333157 -0.382311 -0.107144 -0.406527 0.061053 -0.146999 -0.120824 -0.297378 2.411169 5.107205 -0.034027 0.115263 16.025643 -0.297378 2.411169 5.107205 -0.034027 0.115263 16.025643 0.000000 0.000000 -0.000000 0.000000 0.000000 -0.000000 0.000000 0.000000 0.000000 0.000000 0.000000 0.000000 0.000000 0.000000 0.000000 0.000000 0.000000 0.000000 0.000000 0.000000 0.000000 0.000000 0.000000 0.000000 0.000000 0.000000 0.000000 0.000000 0.000000 0.000000
5.993958 0.000000 0.082547 0.095107 0.372266 1.308498 0.042688 0.139760 0.055583 0.075417 -0.008713 -0.133001 1.314430 0.139796 0.070407 -0.219863 0.072868 1.356012 -0.008937 -0.271888 0.083891 -0.076417 0.113696 -0.334114 -0.395865 -0.103624 -0.397219 0.057602 -0.147543 -0.121289 0.072868 1.356012 -0.008937 -0.271888 0.083891 -0.076417 0.113696 -0.334114 -0.395865 -0.103624 -0.397219 0.057602 -0.147543 -0.121289 -0.311284 2.353053 5.655774 -0.000452 0.040034 15.400374 -0.311284 2.353053 5.655774 -0.000452 0.040034 15.400374 0.000000 0.000000 -0.000000 0.000000 0.000000 -0.000000 0.000000 0.000000 0.000000 0.000000 0.000000 0.000000 0.000000 0.000000 0.000000 0.000000 0.000000 0.000000 0.000000 0.000000 0.000000 0.000000 0.000000 0.000000 0.000000 0.000000 0.000000 0.000000 0.000000 0.000000
6.038791 0.000000 0.082547 0.095107 0.372290 1.308486 0.042736 0.139760 0.055595 0.075417 -0.008725 -0.133025 1.314454 0.139796 0.070419 -0.219875 0.068818 1.338123 -0.001414 -0.271026 0.082316 -0.075943 0.114015 -0.301384 -0.400288 -0.102984 -0.372143 0.055136 -0.141896 -0.126765 0.068818 1.338123 -0.001414 -0.271026 0.082316 -0.075943 0.114015 -0.301384 -0.400288 -0.102984 -0.372143 0.055136 -0.141896 -0.126765 -0.302670 2.312117 5.655464 -0.073956 0.017723 15.207201 -0.302670 2.312117 5.655464 -0.073956 0.017723 15.207201 0.000000 0.000000 -0.000000 0.000000 0.000000 -0.000000 0.000000 0.000000 0.000000 0.000000 0.000000 0.000000 0.000000 0.000000 0.000000 0.000000 0.000000 0.000000 0.000000 0.000000 0.000000 0.000000 0.000000 0.000000 0.000000 0.000000 0.000000 0.000000 0.000000 0.000000
6.087529 0.000000 0.082547 0.095095 0.372302 1.308510 0.042736 0.139760 0.055559 0.075429 -0.008725 -0.133025 1.314454 0.139832 0.070407 -0.219851 0.068061 1.344054 0.007317 -0.272203 0.081200 -0.072889 0.108295 -0.348221 -0.404938 -0.112741 -0.393516 0.051896 -0.150303 -0.123801 0.068061 1.344054 0.007317 -0.272203 0.081200 -0.072889 0.108295 -0.348221 -0.404938 -0.112741 -0.393516 0.051896 -0.150303 -0.123801 -0.293004 2.373511 5.388151 0.062536 -0.028825 14.777393 -0.293004 2.373511 5.388151 0.062536 -0.028825 14.777393 0.000000 0.000000 -0.000000 0.000000 0.000000 -0.000000 0.000000 0.000000 0.000000 0.000000 0.000000 0.000000 0.000000 0.000000 0.000000 0.000000 0.000000 0.000000 0.000000 0.000000 0.000000 0.000000 0.000000 0.000000 0.000000 0.000000 0.000000 0.000000 0.000000 0.000000
6.126821 0.000000 0.082547 0.095107 0.372290 1.308510 0.042712 0.139760 0.055607 0.075417 -0.008725 -0.132965 1.314454 0.139784 0.070407 -0.219875 0.063698 1.348930 0.000163 -0.275980 0.080868 -0.078580 0.112088 -0.350796 -0.389417 -0.106912 -0.381826 0.050457 -0.148086 -0.125619 0.063698 1.348930 0.000163 -0.275980 0.080868 -0.078580 0.112088 -0.350796 -0.389417 -0.106912 -0.381826 0.050457 -0.148086 -0.125619 -0.286290 2.354433 5.565228 0.088397 -0.023461 14.285078 -0.286290 2.354433 5.565228 0.088397 -0.023461 14.285078 0.000000 0.000000 -0.000000 0.000000 0.000000 -0.000000 0.000000 0.000000 0.000000 0.000000 0.000000 0.000000 0.000000 0.000000 0.000000 0.000000 0.000000 0.000000 0.000000 0.000000 0.000000 0.000000 0.000000 0.000000 0.000000 0.000000 0.000000 0.000000 0.000000 0.000000
6.176373 0.000000 0.082547 0.095095 0.372302 1.308486 0.042688 0.139760 0.055583 0.075405 -0.008713 -0.133001 1.314442 0.139820 0.070407 -0.219851 0.058159 1.329689 0.005915 -0.291067 0.079798 -0.075071 0.109304 -0.352405 -0.395031 -0.116493 -0.392864 0.048619 -0.149012 -0.123659 0.058159 1.329689 0.005915 -0.291067 0.079798 -0.075071 0.109304 -0.352405 -0.395031 -0.116493 -0.392864 0.048619 -0.149012 -0.123659 -0.331623 1.983439 7.473386 0.076743 -0.014769 14.658181 -0.331623 1.983439 7.473386 0.076743 -0.014769 14.658181 0.000000 0.000000 -0.000000 0.000000 0.000000 -0.000000 0.000000 0.000000 0.000000 0.000000 0.000000 0.000000 0.000000 0.000000 0.000000 0.000000 0.000000 0.000000 0.000000 0.000000 0.000000 0.000000 0.000000 0.000000 0.000000 0.000000 0.000000 0.000000 0.000000 0.000000
6.235647 0.000000 0.082559 0.095095 0.372326 1.308486 0.042736 0.139760 0.055595 0.075429 -0.008725 -0.132977 1.314430 0.139808 0.070407 -0.219851 0.064489 1.353905 0.015901 -0.288238 0.079694 -0.076180 0.111577 -0.331001 -0.406619 -0.108002 -0.392643 0.047360 -0.145952 -0.122926 0.064489 1.353905 0.015901 -0.288238 0.079694 -0.076180 0.111577 -0.331001 -0.406619 -0.108002 -0.392643 0.047360 -0.145952 -0.122926 -0.324698 2.166778 6.763957 0.001464 -0.001454 15.198288 -0.324698 2.166778 6.763957 0.001464 -0.001454 15.198288 0.000000 0.000000 -0.000000 0.000000 0.000000 -0.000000 0.000000 0.000000 0.000000 0.000000 0.000000 0.000000 0.000000 0.000000 0.000000 0.000000 0.000000 0.000000 0.000000 0.000000 0.000000 0.000000 0.000000 0.000000 0.000000 0.000000 0.000000 0.000000 0.000000 0.000000
6.280829 0.000000 0.082559 0.095107 0.372362 1.308486 0.042724 0.139772 0.055583 0.075405 -0.008725 -0.132977 1.314442 0.139808 0.070407 -0.219863 0.066273 1.368618 0.020061 -0.284623 0.079304 -0.075662 0.111362 -0.329313 -0.393198 -0.116989 -0.395879 0.060699 -0.148143 -0.125631 0.066273 1.368618 0.020061 -0.284623 0.079304 -0.075662 0.111362 -0.329313 -0.393198 -0.116989 -0.395879 0.060699 -0.148143 -0.125631 -0.306347 2.332907 6.004721 -0.027555 0.058753 15.643117 -0.306347 2.332907 6.004721 -0.027555 0.058753 15.643117 0.000000 0.000000 -0.000000 0.000000 0.000000 -0.000000 0.000000 0.000000 0.000000 0.000000 0.000000 0.000000 0.000000 0.000000 0.000000 0.000000 0.000000 0.000000 0.000000 0.000000 0.000000 0.000000 0.000000 0.000000 0.000000 0.000000 0.000000 0.000000 0.000000 0.000000
6.326918 0.000000 0.082547 0.095083 0.372326 1.308486 0.042736 0.139760 0.055595 0.075417 -0.008725 -0.132977 1.314430 0.139844 0.070407 -0.219863 0.061261 1.333644 0.019522 -0.279529 0.078510 -0.075077 0.114067 -0.331633 -0.383353 -0.123910 -0.385876 0.056795 -0.147730 -0.124023 0.061261 1.333644 0.019522 -0.279529 0.078510 -0.075077 0.114067 -0.331633 -0.383353 -0.123910 -0.385876 0.056795 -0.147730 -0.124023 -0.298092 2.239294 6.058272 0.010132 0.034749 14.984876 -0.298092 2.239294 6.058272 0.010132 0.034749 14.984876 0.000000 0.000000 -0.000000 0.000000 0.000000 -0.000000 0.000000 0.000000 0.000000 0.000000 0.000000 0.000000 0.000000 0.000000 0.000000 0.000000 0.000000 0.000000 0.000000 0.000000 0.000000 0.000000 0.000000 0.000000 0.000000 0.000000 0.000000 0.000000 0.000000 0.000000
6.388887 0.000000 0.082547 0.095095 0.372338 1.308486 0.042712 0.139760 0.055595 0.075417 -0.008725 -0.133013 1.314442 0.139856 0.070407 -0.219851 0.077563 1.334805 0.004393 -0.252219 0.078511 -0.069181 0.116832 -0.315117 -0.388825 -0.114366 -0.387771 0.033618 -0.145135 -0.124990 0.077563 1.334805 0.004393 -0.252219 0.078511 -0.069181 0.116832 -0.315117 -0.388825 -0.114366 -0.387771 0.033618 -0.145135 -0.124990 -0.280528 2.571506 4.089630 -0.067652 0.077276 15.746986 -0.280528 2.571506 4.089630 -0.067652 0.077276 15.746986 0.000000 0.000000 -0.000000 0.000000 0.000000 -0.000000 0.000000 0.000000 0.000000 0.000000 0.000000 0.000000 0.000000 0.000000 0.000000 0.000000 0.000000 0.000000 0.000000 0.000000 0.000000 0.000000 0.000000 0.000000 0.000000 0.000000 0.000000 0.000000 0.000000 0.000000
6.447650 0.000000 0.082547 0.095107 0.372326 1.308474 0.042712 0.139760 0.055607 0.075405 -0.008725 -0.133001 1.314442 0.139820 0.070419 -0.219851 0.068876 1.335577 0.012044 -0.261103 0.096622 -0.072212 0.113705 -0.330321 -0.376749 -0.105090 -0.381050 0.054825 -0.146779 -0.126655 0.068876 1.335577 0.012044 -0.261103 0.096622 -0.072212 0.113705 -0.330321 -0.376749 -0.105090 -0.381050 0.054825 -0.146779 -0.126655 -0.267491 2.526930 4.385772 -0.001396 0.063256 15.076153 -0.267491 2.526930 4.385772 -0.001396 0.063256 15.076153 0.000000 0.000000 -0.000000 0.000000 0.000000 -0.000000 0.000000 0.000000 0.000000 0.000000 0.000000 0.000000 0.000000 0.000000 0.000000 0.000000 0.000000 0.000000 0.000000 0.000000 0.000000 0.000000 0.000000 0.000000 0.000000 0.000000 0.000000 0.000000 0.000000 0.000000
6.510251 0.000000 0.082559 0.095095 0.372302 1.308474 0.042736 0.139784 0.055583 0.075417 -0.008737 -0.132929 1.314454 0.139796 0.070407 -0.219851 0.064887 1.338935 -0.001246 -0.246961 0.090830 -0.083617 0.112756 -0.319254 -0.365837 -0.098322 -0.386621 0.051349 -0.145209 -0.124230 0.064887 1.338935 -0.001246 -0.246961 0.090830 -0.083617 0.112756 -0.319254 -0.365837 -0.098322 -0.386621 0.051349 -0.145209 -0.124230 -0.188943 2.894779 2.260994 -0.061118 0.141033 15.780208 -0.188943 2.894779 2.260994 -0.061118 0.141033 15.780208 0.000000 0.000000 -0.000000 0.000000 0.000000 -0.000000 0.000000 0.000000 0.000000 0.000000 0.000000 0.000000 0.000000 0.000000 0.000000 0.000000 0.000000 0.000000 0.000000 0.000000 0.000000 0.000000 0.000000 0.000000 0.000000 0.000000 0.000000 0.000000 0.000000 0.000000
6.554431 0.000000 0.082559 0.095107 0.372338 1.308486 0.042712 0.139772 0.055595 0.075405 -0.008725 -0.132989 1.314442 0.139808 0.070431 -0.219851 0.065111 1.329974 0.005261 -0.251422 0.087791 -0.078352 0.111404 -0.331790 -0.363983 -0.095230 -0.396035 0.063477 -0.146208 -0.123113 0.065111 1.329974 0.005261 -0.251422 0.087791 -0.078352 0.111404 -0.331790 -0.363983 -0.095230 -0.396035 0.063477 -0.146208 -0.123113 -0.214446 2.744219 3.020596 -0.033051 0.150798 15.843945 -0.214446 2.744219 3.020596 -0.033051 0.150798 15.843945 0.000000 0.000000 -0.000000 0.000000 0.000000 -0.000000 0.000000 0.000000 0.000000 0.000000 0.000000 0.000000 0.000000 0.000000 0.000000 0.000000 0.000000 0.000000 0.000000 0.000000 0.000000 0.000000 0.000000 0.000000 0.000000 0.000000 0.000000 0.000000 0.000000 0.000000
6.603823 0.000000 0.082547 0.095119 0.372362 1.308474 0.042724 0.139772 0.055595 0.075417 -0.008701 -0.132965 1.314442 0.139796 0.070419 -0.219863 0.062284 1.358804 -0.001045 -0.263625 0.085944 -0.080347 0.119791 -0.314072 -0.368860 -0.094398 -0.393236 0.058744 -0.144128 -0.119136 0.062284 1.358804 -0.001045 -0.263625 0.085944 -0.080347 0.119791 -0.314072 -0.368860 -0.094398 -0.393236 0.058744 -0.144128 -0.119136 -0.236118 2.657458 3.934886 -0.079141 0.151051 16.006592 -0.236118 2.657458 3.934886 -0.079141 0.151051 16.006592 0.000000 0.000000 -0.000000 0.000000 0.000000 -0.000000 0.000000 0.000000 0.000000 0.000000 0.000000 0.000000 0.000000 0.000000 0.000000 0.000000 0.000000 0.000000 0.000000 0.000000 0.000000 0.000000 0.000000 0.000000 0.000000 0.000000 0.000000 0.000000 0.000000 0.000000
6.637148 0.000000 0.082571 0.095095 0.372338 1.308462 0.042724 0.139772 0.055595 0.075417 -0.008725 -0.133001 1.314454 0.139844 0.070407 -0.219863 0.071339 1.342704 -0.007060 -0.259158 0.084383 -0.075203 0.113590 -0.305829 -0.370115 -0.093836 -0.392606 0.056417 -0.143449 -0.119977 0.071339 1.342704 -0.007060 -0.259158 0.084383 -0.075203 0.113590 -0.305829 -0.370115 -0.093836 -0.392606 0.056417 -0.143449 -0.119977 -0.269525 2.545937 4.336995 -0.112527 0.167447 16.276016 -0.269525 2.545937 4.336995 -0.112527 0.167447 16.276016 0.000000 0.000000 -0.000000 0.000000 0.000000 -0.000000 0.000000 0.000000 0.000000 0.000000 0.000000 0.000000 0.000000 0.000000 0.000000 0.000000 0.000000 0.000000 0.000000 0.000000 0.000000 0.000000 0.000000 0.000000 0.000000 0.000000 0.000000 0.000000 0.000000 0.000000
6.675548 0.000000 0.082559 0.095131 0.372290 1.308498 0.042688 0.139760 0.055595 0.075429 -0.008737 -0.132905 1.314430 0.139832 0.070407 -0.219863 0.065193 1.357543 0.001701 -0.267091 0.095437 -0.077431 0.116332 -0.318566 -0.385376 -0.092328 -0.387804 0.065731 -0.145020 -0.120311 0.065193 1.357543 0.001701 -0.267091 0.095437 -0.077431 0.116332 -0.318566 -0.385376 -0.092328 -0.387804 0.065731 -0.145020 -0.120311 -0.259839 2.560203 4.490336 -0.039718 0.073050 15.437407 -0.259839 2.560203 4.490336 -0.039718 0.073050 15.437407 0.000000 0.000000 -0.000000 0.000000 0.000000 -0.000000 0.000000 0.000000 0.000000 0.000000 0.000000 0.000000 0.000000 0.000000 0.000000 0.000000 0.000000 0.000000 0.000000 0.000000 0.000000 0.000000 0.000000 0.000000 0.000000 0.000000 0.000000 0.000000 0.000000 0.000000
6.716895 0.000000 0.082571 0.095083 0.372314 1.308498 0.042724 0.139772 0.055607 0.075417 -0.008713 -0.132953 1.314430 0.139856 0.070407 -0.219863 0.059941 1.347930 0.007254 -0.282666 0.078695 -0.077372 0.114308 -0.310463 -0.363641 -0.089391 -0.387169 0.074508 -0.142739 -0.119096 0.059941 1.347930 0.007254 -0.282666 0.078695 -0.077372 0.114308 -0.310463 -0.363641 -0.089391 -0.387169 0.074508 -0.142739 -0.119096 -0.296861 2.251392 6.169547 -0.076618 0.150130 15.771528 -0.296861 2.251392 6.169547 -0.076618 0.150130 15.771528 0.000000 0.000000 -0.000000 0.000000 0.000000 -0.000000 0.000000 0.000000 0.000000 0.000000 0.000000 0.000000 0.000000 0.000000 0.000000 0.000000 0.000000 0.000000 0.000000 0.000000 0.000000 0.000000 0.000000 0.000000 0.000000 0.000000 0.000000 0.000000 0.000000 0.000000
6.747947 0.000000 0.082559 0.095107 0.372326 1.308510 0.042736 0.139772 0.055607 0.075393 -0.008725 -0.133001 1.314442 0.139844 0.070395 -0.219875 0.058993 1.345053 0.000766 -0.281513 0.078672 -0.077246 0.113245 -0.323067 -0.374772 -0.099871 -0.386108 0.079137 -0.145335 -0.122841 0.058993 1.345053 0.000766 -0.281513 0.078672 -0.077246 0.113245 -0.323067 -0.374772 -0.099871 -0.386108 0.079137 -0.145335 -0.122841 -0.293201 2.249477 6.125431 -0.026818 0.088618 15.327087 -0.293201 2.249477 6.125431 -0.026818 0.088618 15.327087 0.000000 0.000000 -0.000000 0.000000 0.000000 -0.000000 0.000000 0.000000 0.000000 0.000000 0.000000 0.000000 0.000000 0.000000 0.000000 0.000000 0.000000 0.000000 0.000000 0.000000 0.000000 0.000000 0.000000 0.000000 0.000000 0.000000 0.000000 0.000000 0.000000 0.000000
6.780217 0.000000 0.082571 0.095095 0.372338 1.308498 0.042724 0.139760 0.055595 0.075417 -0.008725 -0.132953 1.314442 0.139808 0.070419 -0.219863 0.061597 1.341972 0.005624 -0.291148 0.078534 -0.077948 0.114575 -0.321508 -0.370147 -0.097220 -0.379349 0.073492 -0.144863 -0.123506 0.061597 1.341972 0.005624 -0.291148 0.078534 -0.077948 0.114575 -0.321508 -0.370147 -0.097220 -0.379349 0.073492 -0.144863 -0.123506 -0.338385 2.017678 7.453560 -0.021472 0.085788 15.114704 -0.338385 2.017678 7.453560 -0.021472 0.085788 15.114704 0.000000 0.000000 -0.000000 0.000000 0.000000 -0.000000 0.000000 0.000000 0.000000 0.000000 0.000000 0.000000 0.000000 0.000000 0.000000 0.000000 0.000000 0.000000 0.000000 0.000000 0.000000 0.000000 0.000000 0.000000 0.000000 0.000000 0.000000 0.000000 0.000000 0.000000
6.828284 0.000000 0.082547 0.095107 0.372326 1.308486 0.042712 0.139760 0.055595 0.075417 -0.008725 -0.132977 1.314454 0.139796 0.070419 -0.219851 0.055336 1.333803 0.010982 -0.272389 0.093191 -0.077207 0.112300 -0.298666 -0.385321 -0.111093 -0.376507 0.051854 -0.141325 -0.123835 0.055336 1.333803 0.010982 -0.272389 0.093191 -0.077207 0.112300 -0.298666 -0.385321 -0.111093 -0.376507 0.051854 -0.141325 -0.123835 -0.248957 2.435444 4.899508 -0.093741 0.071508 15.501826 -0.248957 2.435444 4.899508 -0.093741 0.071508 15.501826 0.000000 0.000000 -0.000000 0.000000 0.000000 -0.000000 0.000000 0.000000 0.000000 0.000000 0.000000 0.000000 0.000000 0.000000 0.000000 0.000000 0.000000 0.000000 0.000000 0.000000 0.000000 0.000000 0.000000 0.000000 0.000000 0.000000 0.000000 0.000000 0.000000 0.000000
6.869596 0.000000 0.082547 0.095107 0.372314 1.308486 0.042748 0.139760 0.055595 0.075417 -0.008725 -0.132989 1.314442 0.139808 0.070407 -0.219863 0.056578 1.320763 0.013388 -0.270755 0.089883 -0.076273 0.110230 -0.332043 -0.375364 -0.117047 -0.395836 0.049662 -0.146568 -0.118354 0.056578 1.320763 0.013388 -0.270755 0.089883 -0.076273 0.110230 -0.332043 -0.375364 -0.117047 -0.395836 0.049662 -0.146568 -0.118354 -0.255051 2.384999 5.010824 -0.004268 0.084046 15.383647 -0.255051 2.384999 5.010824 -0.004268 0.084046 15.383647 0.000000 0.000000 -0.000000 0.000000 0.000000 -0.000000 0.000000 0.000000 0.000000 0.000000 0.000000 0.000000 0.000000 0.000000 0.000000 0.000000 0.000000 0.000000 0.000000 0.000000 0.000000 0.000000 0.000000 0.000000 0.000000 0.000000 0.000000 0.000000 0.000000 0.000000
6.924301 0.000000 0.082559 0.095095 0.372302 1.308462 0.042676 0.139760 0.055607 0.075429 -0.008725 -0.132989 1.314430 0.139832 0.070431 -0.219863 0.072054 1.342694 0.021080 -0.269577 0.104000 -0.075397 0.112122 -0.343784 -0.377486 -0.126310 -0.380592 0.048041 -0.145112 -0.119566 0.072054 1.342694 0.021080 -0.269577 0.104000 -0.075397 0.112122 -0.343784 -0.377486 -0.126310 -0.380592 0.048041 -0.145112 -0.119566 -0.295161 2.418242 5.148497 0.085964 -0.014190 14.084957 -0.295161 2.418242 5.148497 0.085964 -0.014190 14.084957 0.000000 0.000000 -0.000000 0.000000 0.000000 -0.000000 0.000000 0.000000 0.000000 0.000000 0.000000 0.000000 0.000000 0.000000 0.000000 0.000000 0.000000 0.000000 0.000000 0.000000 0.000000 0.000000 0.000000 0.000000 0.000000 0.000000 0.000000 0.000000 0.000000 0.000000
6.979200 0.000000 0.082547 0.095107 0.372302 1.308498 0.042676 0.139760 0.055583 0.075429 -0.008725 -0.132965 1.314442 0.139808 0.070419 -0.219851 0.049853 1.339003 0.005075 -0.278257 0.114053 -0.078208 0.110018 -0.357431 -0.386932 -0.131841 -0.389742 0.046765 -0.145689 -0.119486 0.049853 1.339003 0.005075 -0.278257 0.114053 -0.078208 0.110018 -0.357431 -0.386932 -0.131841 -0.389742 0.046765 -0.145689 -0.119486 -0.244525 2.396235 5.200130 0.123045 -0.043834 14.022860 -0.244525 2.396235 5.200130 0.123045 -0.043834 14.022860 0.000000 0.000000 -0.000000 0.000000 0.000000 -0.000000 0.000000 0.000000 0.000000 0.000000 0.000000 0.000000 0.000000 0.000000 0.000000 0.000000 0.000000 0.000000 0.000000 0.000000 0.000000 0.000000 0.000000 0.000000 0.000000 0.000000 0.000000 0.000000 0.000000 0.000000
7.028973 0.000000 0.082535 0.095107 0.372362 1.308522 0.042724 0.139760 0.055595 0.075405 -0.008725 -0.133013 1.314454 0.139844 0.070407 -0.219863 0.054973 1.344504 0.012556 -0.277967 0.105141 -0.077936 0.113759 -0.337102 -0.405216 -0.137911 -0.374856 0.061800 -0.144607 -0.121371 0.054973 1.344504 0.012556 -0.277967 0.105141 -0.077936 0.113759 -0.337102 -0.405216 -0.137911 -0.374856 0.061800 -0.144607 -0.121371 -0.260065 2.394893 5.299594 0.094183 -0.115356 13.635533 -0.260065 2.394893 5.299594 0.094183 -0.115356 13.635533 0.000000 0.000000 -0.000000 0.000000 0.000000 -0.000000 0.000000 0.000000 0.000000 0.000000 0.000000 0.000000 0.000000 0.000000 0.000000 0.000000 0.000000 0.000000 0.000000 0.000000 0.000000 0.000000 0.000000 0.000000 0.000000 0.000000 0.000000 0.000000 0.000000 0.000000
7.063844 0.000000 0.082547 0.095107 0.372278 1.308510 0.042688 0.139760 0.055595 0.075417 -0.008713 -0.133037 1.314442 0.139856 0.070407 -0.219851 0.056769 1.339367 0.004617 -0.276963 0.100253 -0.077657 0.112568 -0.348587 -0.373024 -0.125007 -0.385027 0.069558 -0.145266 -0.114987 0.056769 1.339367 0.004617 -0.276963 0.100253 -0.077657 0.112568 -0.348587 -0.373024 -0.125007 -0.385027 0.069558 -0.145266 -0.114987 -0.270004 2.343860 5.507462 0.110574 -0.014460 13.907352 -0.270004 2.343860 5.507462 0.110574 -0.014460 13.907352 0.000000 0.000000 -0.000000 0.000000 0.000000 -0.000000 0.000000 0.000000 0.000000 0.000000 0.000000 0.000000 0.000000 0.000000 0.000000 0.000000 0.000000 0.000000 0.000000 0.000000 0.000000 0.000000 0.000000 0.000000 0.000000 0.000000 0.000000 0.000000 0.000000 0.000000
7.109083 0.000000 0.082559 0.095095 0.372290 1.308534 0.042700 0.139760 0.055595 0.075417 -0.008737 -0.132977 1.314442 0.139832 0.070419 -0.219863 0.069564 1.334452 0.010606 -0.285115 0.109364 -0.075246 0.111812 -0.362281 -0.394173 -0.119046 -0.394833 0.077489 -0.147155 -0.118725 0.069564 1.334452 0.010606 -0.285115 0.109364 -0.075246 0.111812 -0.362281 -0.394173 -0.119046 -0.394833 0.077489 -0.147155 -0.118725 -0.352276 2.033270 7.272463 0.137500 -0.056467 14.015530 -0.352276 2.033270 7.272463 0.137500 -0.056467 14.015530 0.000000 0.000000 -0.000000 0.000000 0.000000 -0.000000 0.000000 0.000000 0.000000 0.000000 0.000000 0.000000 0.000000 0.000000 0.000000 0.000000 0.000000 0.000000 0.000000 0.000000 0.000000 0.000000 0.000000 0.000000 0.000000 0.000000 0.000000 0.000000 0.000000 0.000000
7.168632 0.000000 0.082559 0.095107 0.372338 1.308510 0.042712 0.139772 0.055595 0.075417 -0.008725 -0.133025 1.314454 0.139844 0.070419 -0.219851 0.059954 1.322610 -0.003700 -0.282568 0.099716 -0.075667 0.109339 -0.337370 -0.374203 -0.127194 -0.373613 0.067882 -0.143651 -0.118371 0.059954 1.322610 -0.003700 -0.282568 0.099716 -0.075667 0.109339 -0.337370 -0.374203 -0.127194 -0.373613 0.067882 -0.143651 -0.118371 -0.317398 2.068912 6.860936 0.088060 -0.028007 13.756921 -0.317398 2.068912 6.860936 0.088060 -0.028007 13.756921 0.000000 0.000000 -0.000000 0.000000 0.000000 -0.000000 0.000000 0.000000 0.000000 0.000000 0.000000 0.000000 0.000000 0.000000 0.000000 0.000000 0.000000 0.000000 0.000000 0.000000 0.000000 0.000000 0.000000 0.000000 0.000000 0.000000 0.000000 0.000000 0.000000 0.000000
7.227984 0.000000 0.082547 0.095107 0.372362 1.308510 0.042736 0.139760 0.055583 0.075417 -0.008737 -0.132989 1.314454 0.139808 0.070419 -0.219851 0.060225 1.341627 0.008239 -0.264890 0.093581 -0.077059 0.110547 -0.320617 -0.371363 -0.115596 -0.360333 0.060886 -0.142269 -0.119931 0.060225 1.341627 0.008239 -0.264890 0.093581 -0.077059 0.110547 -0.320617 -0.371363 -0.115596 -0.360333 0.060886 -0.142269 -0.119931 -0.234807 2.595178 4.066538 0.045438 -0.016735 13.756230 -0.234807 2.595178 4.066538 0.045438 -0.016735 13.756230 0.000000 0.000000 -0.000000 0.000000 0.000000 -0.000000 0.000000 0.000000 0.000000 0.000000 0.000000 0.000000 0.000000 0.000000 0.000000 0.000000 0.000000 0.000000 0.000000 0.000000 0.000000 0.000000 0.000000 0.000000 0.000000 0.000000 0.000000 0.000000 0.000000 0.000000
7.294833 0.000000 0.082547 0.095119 0.372338 1.308510 0.042712 0.139760 0.055595 0.075381 -0.008713 -0.133001 1.314454 0.139844 0.070407 -0.219875 0.061199 1.339514 -0.005002 -0.268986 0.088346 -0.077362 0.110058 -0.344559 -0.404966 -0.106695 -0.388768 0.054480 -0.148024 -0.125891 0.061199 1.339514 -0.005002 -0.268986 0.088346 -0.077362 0.110058 -0.344559 -0.404966 -0.106695 -0.388768 0.054480 -0.148024 -0.125891 -0.260128 2.449532 4.862800 0.053983 -0.030897 14.717587 -0.260128 2.449532 4.862800 0.053983 -0.030897 14.717587 0.000000 0.000000 -0.000000 0.000000 0.000000 -0.000000 0.000000 0.000000 0.000000 0.000000 0.000000 0.000000 0.000000 0.000000 0.000000 0.000000 0.000000 0.000000 0.000000 0.000000 0.000000 0.000000 0.000000 0.000000 0.000000 0.000000 0.000000 0.000000 0.000000 0.000000
7.351665 0.000000 0.082559 0.095083 0.372302 1.308486 0.042688 0.139760 0.055595 0.075417 -0.008725 -0.133013 1.314442 0.139796 0.070407 -0.219863 0.063300 1.352123 0.006962 -0.272476 0.085590 -0.077583 0.111088 -0.321083 -0.397329 -0.099980 -0.367727 0.052018 -0.143261 -0.123289 0.063300 1.352123 0.006962 -0.272476 0.085590 -0.077583 0.111088 -0.321083 -0.397329 -0.099980 -0.367727 0.052018 -0.143261 -0.123289 -0.266835 2.473346 4.926449 0.023405 -0.043060 14.217586 -0.266835 2.473346 4.926449 0.023405 -0.043060 14.217586 0.000000 0.000000 -0.000000 0.000000 0.000000 -0.000000 0.000000 0.000000 0.000000 0.000000 0.000000 0.000000 0.000000 0.000000 0.000000 0.000000 0.000000 0.000000 0.000000 0.000000 0.000000 0.000000 0.000000 0.000000 0.000000 0.000000 0.000000 0.000000 0.000000 0.000000
7.422182 0.000000 0.082559 0.095095 0.372290 1.308486 0.042724 0.139760 0.055595 0.075417 -0.008725 -0.133025 1.314430 0.139856 0.070431 -0.219863 0.067416 1.344374 0.015532 -0.271100 0.082828 -0.071880 0.110223 -0.326931 -0.406046 -0.094845 -0.363268 0.049005 -0.145100 -0.121986 0.067416 1.344374 0.015532 -0.271100 0.082828 -0.071880 0.110223 -0.326931 -0.406046 -0.094845 -0.363268 0.049005 -0.145100 -0.121986 -0.285856 2.416525 5.157073 0.064268 -0.098320 13.701235 -0.285856 2.416525 5.157073 0.064268 -0.098320 13.701235 0.000000 0.000000 -0.000000 0.000000 0.000000 -0.000000 0.000000 0.000000 0.000000 0.000000 0.000000 0.000000 0.000000 0.000000 0.000000 0.000000 0.000000 0.000000 0.000000 0.000000 0.000000 0.000000 0.000000 0.000000 0.000000 0.000000 0.000000 0.000000 0.000000 0.000000
7.464045 0.000000 0.082559 0.095107 0.372314 1.308510 0.042688 0.139760 0.055619 0.075429 -0.008701 -0.132929 1.314430 0.139868 0.070419 -0.219851 0.066305 1.328424 0.005428 -0.271306 0.094917 -0.072495 0.112496 -0.349674 -0.388984 -0.091656 -0.377281 0.047779 -0.146349 -0.120859 0.066305 1.328424 0.005428 -0.271306 0.094917 -0.072495 0.112496 -0.349674 -0.388984 -0.091656 -0.377281 0.047779 -0.146349 -0.120859 -0.300698 2.278970 5.725165 0.107654 -0.043282 13.907796 -0.300698 2.278970 5.725165 0.107654 -0.043282 13.907796 0.000000 0.000000 -0.000000 0.000000 0.000000 -0.000000 0.000000 0.000000 0.000000 0.000000 0.000000 0.000000 0.000000 0.000000 0.000000 0.000000 0.000000 0.000000 0.000000 0.000000 0.000000 0.000000 0.000000 0.000000 0.000000 0.000000 0.000000 0.000000 0.000000 0.000000
7.523718 0.000000 0.082547 0.095107 0.372314 1.308510 0.042700 0.139760 0.055595 0.075405 -0.008737 -0.132977 1.314442 0.139820 0.070407 -0.219863 0.054471 1.317061 0.011166 -0.274747 0.089595 -0.074712 0.113437 -0.331027 -0.381140 -0.090442 -0.381957 0.046789 -0.144206 -0.115650 0.054471 1.317061 0.011166 -0.274747 0.089595 -0.074712 0.113437 -0.331027 -0.381140 -0.090442 -0.381957 0.046789 -0.144206 -0.115650 -0.270606 2.268373 5.638840 0.034133 0.024182 14.579844 -0.270606 2.268373 5.638840 0.034133 0.024182 14.579844 0.000000 0.000000 -0.000000 0.000000 0.000000 -0.000000 0.000000 0.000000 0.000000 0.000000 0.000000 0.000000 0.000000 0.000000 0.000000 0.000000 0.000000 0.000000 0.000000 0.000000 0.000000 0.000000 0.000000 0.000000 0.000000 0.000000 0.000000 0.000000 0.000000 0.000000
7.557638 0.000000 0.082547 0.095107 0.372314 1.308522 0.042688 0.139784 0.055607 0.075405 -0.008725 -0.133013 1.314442 0.139832 0.070407 -0.219851 0.069145 1.322764 0.015567 -0.269580 0.087630 -0.075911 0.113511 -0.332193 -0.402798 -0.091515 -0.388890 0.046067 -0.145573 -0.120274 0.069145 1.322764 0.015567 -0.269580 0.087630 -0.075911 0.113511 -0.332193 -0.402798 -0.091515 -0.388890 0.046067 -0.145573 -0.120274 -0.301390 2.293099 5.584182 0.016842 -0.002684 14.963029 -0.301390 2.293099 5.584182 0.016842 -0.002684 14.963029 0.000000 0.000000 -0.000000 0.000000 0.000000 -0.000000 0.000000 0.000000 0.000000 0.000000 0.000000 0.000000 0.000000 0.000000 0.000000 0.000000 0.000000 0.000000 0.000000 0.000000 0.000000 0.000000 0.000000 0.000000 0.000000 0.000000 0.000000 0.000000 0.000000 0.000000
7.580758 0.000000 0.082559 0.095095 0.372302 1.308522 0.042712 0.139772 0.055595 0.075405 -0.008725 -0.133001 1.314430 0.139856 0.070395 -0.219863 0.057552 1.307392 0.014769 -0.271695 0.086297 -0.076752 0.112244 -0.326322 -0.390929 -0.090284 -0.373939 0.053234 -0.144259 -0.121491 0.057552 1.307392 0.014769 -0.271695 0.086297 -0.076752 0.112244 -0.326322 -0.390929 -0.090284 -0.373939 0.053234 -0.144259 -0.121491 -0.272803 2.265241 5.527816 0.025117 -0.008474 14.449477 -0.272803 2.265241 5.527816 0.025117 -0.008474 14.449477 0.000000 0.000000 -0.000000 0.000000 0.000000 -0.000000 0.000000 0.000000 0.000000 0.000000 0.000000 0.000000 0.000000 0.000000 0.000000 0.000000 0.000000 0.000000 0.000000 0.000000 0.000000 0.000000 0.000000 0.000000 0.000000 0.000000 0.000000 0.000000 0.000000 0.000000
7.633373 0.000000 0.082535 0.095083 0.372326 1.308510 0.042724 0.139748 0.055595 0.075417 -0.008725 -0.132965 1.314454 0.139844 0.070419 -0.219851 0.067128 1.318457 0.019843 -0.271066 0.084163 -0.073522 0.111898 -0.319133 -0.385196 -0.089366 -0.363996 0.050773 -0.143329 -0.124602 0.067128 1.318457 0.019843 -0.271066 0.084163 -0.073522 0.111898 -0.319133 -0.385196 -0.089366 -0.363996 0.050773 -0.143329 -0.124602 -0.301200 2.263576 5.699351 0.009445 -0.001403 14.347613 -0.301200 2.263576 5.699351 0.009445 -0.001403 14.347613 0.000000 0.000000 -0.000000 0.000000 0.000000 -0.000000 0.000000 0.000000 0.000000 0.000000 0.000000 0.000000 0.000000 0.000000 0.000000 0.000000 0.000000 0.000000 0.000000 0.000000 0.000000 0.000000 0.000000 0.000000 0.000000 0.000000 0.000000 0.000000 0.000000 0.000000
7.659848 0.000000 0.082547 0.095095 0.372314 1.308510 0.042712 0.139760 0.055595 0.075417 -0.008725 -0.133001 1.314442 0.139856 0.070407 -0.219887 0.057791 1.347017 0.023652 -0.279382 0.083821 -0.076232 0.113713 -0.340288 -0.382447 -0.088727 -0.367697 0.049623 -0.145795 -0.125990 0.057791 1.347017 0.023652 -0.279382 0.083821 -0.076232 0.113713 -0.340288 -0.382447 -0.088727 -0.367697 0.049623 -0.145795 -0.125990 -0.270651 2.381906 5.422677 0.074708 -0.018941 14.008081 -0.270651 2.381906 5.422677 0.074708 -0.018941 14.008081 0.000000 0.000000 -0.000000 0.000000 0.000000 -0.000000 0.000000 0.000000 0.000000 0.000000 0.000000 0.000000 0.000000 0.000000 0.000000 0.000000 0.000000 0.000000 0.000000 0.000000 0.000000 0.000000 0.000000 0.000000 0.000000 0.000000 0.000000 0.000000 0.000000 0.000000
7.701874 0.000000 0.082547 0.095095 0.372278 1.308510 0.042712 0.139760 0.055595 0.075405 -0.008725 -0.132989 1.314442 0.139808 0.070407 -0.219851 0.085985 1.310633 0.023118 -0.247148 0.081900 -0.066826 0.112919 -0.344764 -0.368188 -0.087117 -0.373094 0.048686 -0.143869 -0.128919 0.085985 1.310633 0.023118 -0.247148 0.081900 -0.066826 0.112919 -0.344764 -0.368188 -0.087117 -0.373094 0.048686 -0.143869 -0.128919 -0.302646 2.503626 4.176786 0.060087 0.045122 14.434976 -0.302646 2.503626 4.176786 0.060087 0.045122 14.434976 0.000000 0.000000 -0.000000 0.000000 0.000000 -0.000000 0.000000 0.000000 0.000000 0.000000 0.000000 0.000000 0.000000 0.000000 0.000000 0.000000 0.000000 0.000000 0.000000 0.000000 0.000000 0.000000 0.000000 0.000000 0.000000 0.000000 0.000000 0.000000 0.000000 0.000000
7.744173 0.000000 0.082559 0.095107 0.372314 1.308486 0.042724 0.139760 0.055595 0.075429 -0.008737 -0.132989 1.314442 0.139796 0.070419 -0.219851 0.050667 1.350732 0.026980 -0.272686 0.094963 -0.076209 0.114451 -0.356109 -0.373289 -0.087455 -0.382653 0.047448 -0.144940 -0.127662 0.050667 1.350732 0.026980 -0.272686 0.094963 -0.076209 0.114451 -0.356109 -0.373289 -0.087455 -0.382653 0.047448 -0.144940 -0.127662 -0.215682 2.618956 4.095690 0.086036 0.037152 14.504447 -0.215682 2.618956 4.095690 0.086036 0.037152 14.504447 0.000000 0.000000 -0.000000 0.000000 0.000000 -0.000000 0.000000 0.000000 0.000000 0.000000 0.000000 0.000000 0.000000 0.000000 0.000000 0.000000 0.000000 0.000000 0.000000 0.000000 0.000000 0.000000 0.000000 0.000000 0.000000 0.000000 0.000000 0.000000 0.000000 0.000000
7.790134 0.000000 0.082547 0.095095 0.372314 1.308498 0.042724 0.139748 0.055595 0.075417 -0.008725 -0.132977 1.314430 0.139808 0.070419 -0.219851 0.063238 1.340061 0.027420 -0.253720 0.091054 -0.074647 0.115922 -0.341545 -0.364934 -0.086872 -0.386288 0.061174 -0.147074 -0.121703 0.063238 1.340061 0.027420 -0.253720 0.091054 -0.074647 0.115922 -0.341545 -0.364934 -0.086872 -0.386288 0.061174 -0.147074 -0.121703 -0.207615 2.810527 2.818537 0.033502 0.090754 14.970720 -0.207615 2.810527 2.818537 0.033502 0.090754 14.970720 0.000000 0.000000 -0.000000 0.000000 0.000000 -0.000000 0.000000 0.000000 0.000000 0.000000 0.000000 0.000000 0.000000 0.000000 0.000000 0.000000 0.000000 0.000000 0.000000 0.000000 0.000000 0.000000 0.000000 0.000000 0.000000 0.000000 0.000000 0.000000 0.000000 0.000000
7.837241 0.000000 0.082547 0.095119 0.372338 1.308486 0.042688 0.139772 0.055595 0.075417 -0.008725 -0.132977 1.314442 0.139820 0.070419 -0.219863 0.057336 1.341478 0.013549 -0.246072 0.087899 -0.075340 0.116768 -0.307706 -0.377124 -0.089491 -0.379824 0.057452 -0.145698 -0.123620 0.057336 1.341478 0.013549 -0.246072 0.087899 -0.075340 0.116768 -0.307706 -0.377124 -0.089491 -0.379824 0.057452 -0.145698 -0.123620 -0.162639 2.990046 1.758161 -0.081806 0.110168 15.675629 -0.162639 2.990046 1.758161 -0.081806 0.110168 15.675629 0.000000 0.000000 -0.000000 0.000000 0.000000 -0.000000 0.000000 0.000000 0.000000 0.000000 0.000000 0.000000 0.000000 0.000000 0.000000 0.000000 0.000000 0.000000 0.000000 0.000000 0.000000 0.000000 0.000000 0.000000 0.000000 0.000000 0.000000 0.000000 0.000000 0.000000
# 记录总帧数: 190
