# 双臂GMO外力矩与触觉传感器标定对比实验 (v5: 含手自重补偿)
# 时间: 2026-09-03 15:16:24
# 左臂目标: [0.0, 0.0, 0.0, 0.0, 0.0, 0.0, 0.0]
# 右臂目标: [0.0, 0.0, 0.0, 0.0, 0.0, 0.0, 0.0]
# 手质量: 0.8kg
# 列说明:
#   1: time, 2: phase(0=move,1=hold)
#   3-9: left_q, 10-16: right_q
#   17-23: left_r_raw (GMO原始残差, Nm)
#   24-30: right_r_raw
#   31-37: left_r_comp (补偿手自重后残差, Nm)
#   38-44: right_r_comp
#   45-47: left_F_raw (GMO原始末端力, N)
#   48-50: right_F_raw
#   51-53: left_F_comp (补偿后末端力, N)
#   54-56: right_F_comp
#   57-59: left_F_hand (手自重末端力, N)
#   60-62: right_F_hand
#   63-67: left_nf1 (5指法向力), 68-72: right_nf1
#   73-77: left_tangential(5指), 78-82: right_tangential
#   83: left_n_sum, 84: right_n_sum, 85: left_t_sum, 86: right_t_sum
#================================================================================
0.002683 0.000000 0.058171 0.022518 0.011373 0.976367 0.001678 0.256510 0.005693 0.186918 -0.018444 -0.000863 0.913581 0.001486 0.224297 -0.007766 -0.015075 -0.012020 -0.006352 -0.012447 0.001268 -0.003415 -0.001602 -0.017504 -0.024584 -0.008392 -0.017537 0.001167 -0.005656 -0.003295 0.670515 -0.157650 -0.028394 0.666847 -0.003948 0.187727 -0.011356 0.402468 0.109079 0.017907 0.582399 0.005735 0.166367 0.006413 0.006943 -0.038762 0.129246 0.025986 -0.059680 0.150449 0.006943 -0.038762 -7.718754 0.025986 -0.059680 -7.697551 0.000000 0.000000 -7.848000 0.000000 0.000000 -7.848000 0.000000 0.000000 0.000000 0.000000 0.000000 0.000000 0.000000 0.000000 0.000000 0.000000 0.000000 0.000000 0.000000 0.000000 0.000000 0.000000 0.000000 0.000000 0.000000 0.000000 0.000000 0.000000 0.000000 0.000000
0.060198 0.000000 0.058195 0.022530 0.011373 0.976355 0.001678 0.256510 0.005693 0.186930 -0.018420 -0.000887 0.913593 0.001450 0.224309 -0.007766 -0.323142 0.133101 -0.008945 -0.268482 0.020568 -0.076379 0.014243 -0.170432 -0.062593 -0.029071 -0.250083 0.036392 -0.073869 -0.017041 0.362395 -0.012566 -0.030999 0.410794 0.015350 0.114757 0.004485 0.249479 0.071031 -0.002791 0.349807 0.040959 0.098130 -0.007333 0.300896 0.208304 2.378883 -0.014615 -0.027078 3.309400 0.300896 0.208304 -5.469117 -0.014615 -0.027078 -4.538600 0.000000 0.000000 -7.848000 0.000000 0.000000 -7.848000 0.000000 0.000000 0.000000 0.000000 0.000000 0.000000 0.000000 0.000000 0.000000 0.000000 0.000000 0.000000 0.000000 0.000000 0.000000 0.000000 0.000000 0.000000 0.000000 0.000000 0.000000 0.000000 0.000000 0.000000
0.111400 0.000000 0.058183 0.022530 0.011349 0.976367 0.001702 0.256510 0.005704 0.186930 -0.018444 -0.000887 0.913593 0.001522 0.224309 -0.007754 -0.465568 0.211067 -0.014592 -0.424904 0.032324 -0.119562 0.019089 -0.281837 -0.099787 -0.050209 -0.405209 0.074133 -0.115081 -0.028406 0.219987 0.065414 -0.036645 0.254370 0.027101 0.071573 0.009323 0.138071 0.033892 -0.023908 0.194680 0.078696 0.056919 -0.018704 0.224852 0.297437 4.377285 0.000317 -0.045295 5.281082 0.224852 0.297437 -3.470715 0.000317 -0.045295 -2.566918 0.000000 0.000000 -7.848000 0.000000 0.000000 -7.848000 0.000000 0.000000 0.000000 0.000000 0.000000 0.000000 0.000000 0.000000 0.000000 0.000000 0.000000 0.000000 0.000000 0.000000 0.000000 0.000000 0.000000 0.000000 0.000000 0.000000 0.000000 0.000000 0.000000 0.000000
0.142886 0.000000 0.058171 0.022506 0.011361 0.976367 0.001690 0.256498 0.005704 0.186918 -0.018420 -0.000863 0.913581 0.001534 0.224309 -0.007754 -0.531982 0.273009 -0.012970 -0.500818 0.038465 -0.140561 0.023439 -0.339753 -0.115468 -0.066400 -0.480146 0.091486 -0.138772 -0.032719 0.153616 0.127420 -0.035001 0.178484 0.033248 0.050589 0.013682 0.080215 0.018114 -0.040128 0.119783 0.096044 0.033244 -0.023029 0.181557 0.400325 5.361645 0.024343 -0.056180 6.192191 0.181557 0.400325 -2.486355 0.024343 -0.056180 -1.655809 0.000000 0.000000 -7.848000 0.000000 0.000000 -7.848000 0.000000 0.000000 0.000000 0.000000 0.000000 0.000000 0.000000 0.000000 0.000000 0.000000 0.000000 0.000000 0.000000 0.000000 0.000000 0.000000 0.000000 0.000000 0.000000 0.000000 0.000000 0.000000 0.000000 0.000000
0.183469 0.000000 0.058183 0.022530 0.011385 0.976379 0.001690 0.256486 0.005693 0.186942 -0.018444 -0.000887 0.913581 0.001510 0.224309 -0.007754 -0.600133 0.312774 -0.027616 -0.567878 0.044318 -0.164986 0.026043 -0.374928 -0.148635 -0.089061 -0.548215 0.110039 -0.158908 -0.041553 0.085417 0.167094 -0.049670 0.111394 0.039098 0.026157 0.016282 0.044963 -0.014953 -0.062758 0.051675 0.114604 0.013093 -0.031850 0.184515 0.448984 6.147116 -0.019317 -0.106637 7.196783 0.184515 0.448984 -1.700884 -0.019317 -0.106637 -0.651217 0.000000 0.000000 -7.848000 0.000000 0.000000 -7.848000 0.000000 0.000000 0.000000 0.000000 0.000000 0.000000 0.000000 0.000000 0.000000 0.000000 0.000000 0.000000 0.000000 0.000000 0.000000 0.000000 0.000000 0.000000 0.000000 0.000000 0.000000 0.000000 0.000000 0.000000
0.220889 0.000000 0.058195 0.022518 0.011349 0.976367 0.001678 0.256450 0.005693 0.186427 -0.018420 -0.000887 0.914348 0.001486 0.224309 -0.007766 -0.653344 0.353780 -0.026407 -0.619427 0.060628 -0.175659 0.028641 -0.422090 -0.168982 -0.092334 -0.625797 0.111980 -0.179263 -0.042945 0.032213 0.208170 -0.048450 0.059868 0.055413 0.015508 0.018887 -0.001870 -0.035412 -0.066114 -0.026358 0.116540 -0.007444 -0.033250 0.200450 0.524069 6.698014 -0.050375 -0.108400 8.301605 0.200450 0.524069 -1.149986 -0.050375 -0.108400 0.453605 0.000000 0.000000 -7.848000 0.000000 0.000000 -7.848000 0.000000 0.000000 0.000000 0.000000 0.000000 0.000000 0.000000 0.000000 0.000000 0.000000 0.000000 0.000000 0.000000 0.000000 0.000000 0.000000 0.000000 0.000000 0.000000 0.000000 0.000000 0.000000 0.000000 0.000000
0.273143 0.000000 0.058195 0.022494 0.011349 0.976355 0.001714 0.256426 0.005704 0.186019 -0.018408 -0.000863 0.914900 0.001486 0.224333 -0.007754 -0.744125 0.377276 -0.015133 -0.682780 0.061546 -0.192796 0.028319 -0.453831 -0.209450 -0.113007 -0.704412 0.097985 -0.199902 -0.044459 -0.058533 0.231728 -0.037156 -0.003450 0.056330 -0.001606 0.018563 -0.033277 -0.075983 -0.086849 -0.105255 0.102538 -0.028205 -0.034779 0.353551 0.573417 7.051049 -0.139656 -0.163436 9.572037 0.353551 0.573417 -0.796951 -0.139656 -0.163436 1.724037 0.000000 0.000000 -7.848000 0.000000 0.000000 -7.848000 0.000000 0.000000 0.000000 0.000000 0.000000 0.000000 0.000000 0.000000 0.000000 0.000000 0.000000 0.000000 0.000000 0.000000 0.000000 0.000000 0.000000 0.000000 0.000000 0.000000 0.000000 0.000000 0.000000 0.000000
0.308374 0.000000 0.058207 0.022506 0.011361 0.976367 0.001690 0.256426 0.005693 0.185983 -0.018408 -0.000887 0.914948 0.001474 0.224345 -0.007766 -0.787049 0.430013 -0.010122 -0.714584 0.074782 -0.201176 0.033006 -0.447937 -0.222961 -0.121562 -0.736255 0.091180 -0.203698 -0.044644 -0.101513 0.284426 -0.032155 -0.035291 0.069568 -0.010001 0.023253 -0.027361 -0.089468 -0.095403 -0.137128 0.095736 -0.032018 -0.034957 0.428297 0.696498 7.234606 -0.250775 -0.166871 10.287398 0.428297 0.696498 -0.613394 -0.250775 -0.166871 2.439398 0.000000 0.000000 -7.848000 0.000000 0.000000 -7.848000 0.000000 0.000000 0.000000 0.000000 0.000000 0.000000 0.000000 0.000000 0.000000 0.000000 0.000000 0.000000 0.000000 0.000000 0.000000 0.000000 0.000000 0.000000 0.000000 0.000000 0.000000 0.000000 0.000000 0.000000
0.340638 0.000000 0.058183 0.022506 0.011373 0.976391 0.001714 0.256391 0.005681 0.185947 -0.018432 -0.000863 0.914996 0.001474 0.224321 -0.007766 -0.826356 0.438831 -0.014284 -0.751697 0.083418 -0.209315 0.032579 -0.484509 -0.244408 -0.130928 -0.775928 0.085658 -0.216293 -0.043842 -0.140764 0.293234 -0.036317 -0.072381 0.078204 -0.018117 0.022826 -0.063887 -0.110873 -0.104753 -0.176808 0.090217 -0.044607 -0.034150 0.436896 0.696778 7.640584 -0.212133 -0.209170 10.694498 0.436896 0.696778 -0.207416 -0.212133 -0.209170 2.846498 0.000000 0.000000 -7.848000 0.000000 0.000000 -7.848000 0.000000 0.000000 0.000000 0.000000 0.000000 0.000000 0.000000 0.000000 0.000000 0.000000 0.000000 0.000000 0.000000 0.000000 0.000000 0.000000 0.000000 0.000000 0.000000 0.000000 0.000000 0.000000 0.000000 0.000000
0.384764 0.000000 0.058207 0.022494 0.011325 0.976367 0.001690 0.256414 0.005681 0.185947 -0.018420 -0.000863 0.914996 0.001462 0.224321 -0.007766 -0.827942 0.453147 -0.017549 -0.765881 0.079525 -0.212236 0.032789 -0.467480 -0.256688 -0.138794 -0.800053 0.079790 -0.221969 -0.044651 -0.142396 0.307632 -0.039570 -0.086582 0.074316 -0.021054 0.023044 -0.046857 -0.123186 -0.112630 -0.200933 0.084348 -0.050282 -0.034961 0.368412 0.711534 7.973276 -0.347174 -0.209372 11.387583 0.368412 0.711534 0.125276 -0.347174 -0.209372 3.539583 0.000000 0.000000 -7.848000 0.000000 0.000000 -7.848000 0.000000 0.000000 0.000000 0.000000 0.000000 0.000000 0.000000 0.000000 0.000000 0.000000 0.000000 0.000000 0.000000 0.000000 0.000000 0.000000 0.000000 0.000000 0.000000 0.000000 0.000000 0.000000 0.000000 0.000000
0.434664 0.000000 0.058207 0.022494 0.011373 0.976391 0.001678 0.256379 0.005693 0.185911 -0.018408 -0.000863 0.915008 0.001498 0.224321 -0.007766 -0.874310 0.466763 -0.020223 -0.791962 0.092091 -0.220355 0.033738 -0.472971 -0.266225 -0.144599 -0.829548 0.090421 -0.229755 -0.044644 -0.188781 0.321203 -0.042246 -0.112677 0.086881 -0.029164 0.023991 -0.052256 -0.132768 -0.118451 -0.230390 0.094975 -0.058053 -0.034963 0.479971 0.743813 8.004412 -0.408316 -0.208583 11.944071 0.479971 0.743813 0.156412 -0.408316 -0.208583 4.096071 0.000000 0.000000 -7.848000 0.000000 0.000000 -7.848000 0.000000 0.000000 0.000000 0.000000 0.000000 0.000000 0.000000 0.000000 0.000000 0.000000 0.000000 0.000000 0.000000 0.000000 0.000000 0.000000 0.000000 0.000000 0.000000 0.000000 0.000000 0.000000 0.000000 0.000000
0.484844 0.000000 0.058183 0.022518 0.011421 0.976391 0.001678 0.256379 0.005681 0.185887 -0.018408 -0.000863 0.915067 0.001522 0.224333 -0.007766 -0.863939 0.497005 -0.033145 -0.814470 0.086341 -0.218237 0.035559 -0.470447 -0.281054 -0.151561 -0.849145 0.097854 -0.230055 -0.045970 -0.178341 0.351335 -0.055191 -0.135145 0.081128 -0.027030 0.025808 -0.049764 -0.147602 -0.125417 -0.250056 0.102405 -0.058385 -0.036294 0.299366 0.770326 8.700718 -0.470870 -0.227427 12.362689 0.299366 0.770326 0.852718 -0.470870 -0.227427 4.514689 0.000000 0.000000 -7.848000 0.000000 0.000000 -7.848000 0.000000 0.000000 0.000000 0.000000 0.000000 0.000000 0.000000 0.000000 0.000000 0.000000 0.000000 0.000000 0.000000 0.000000 0.000000 0.000000 0.000000 0.000000 0.000000 0.000000 0.000000 0.000000 0.000000 0.000000
0.520629 0.000000 0.058183 0.022506 0.011385 0.976379 0.001738 0.256367 0.005681 0.185875 -0.018420 -0.000863 0.915127 0.001522 0.224321 -0.007778 -0.933140 0.468553 -0.037670 -0.855689 0.093557 -0.230822 0.033710 -0.488831 -0.280351 -0.152756 -0.863477 0.113528 -0.237533 -0.045660 -0.247514 0.322941 -0.059705 -0.176338 0.088342 -0.039601 0.023953 -0.068202 -0.146860 -0.126603 -0.264462 0.118083 -0.065887 -0.035976 0.438464 0.696729 8.838662 -0.438865 -0.221464 12.471149 0.438464 0.696729 0.990662 -0.438865 -0.221464 4.623149 0.000000 0.000000 -7.848000 0.000000 0.000000 -7.848000 0.000000 0.000000 0.000000 0.000000 0.000000 0.000000 0.000000 0.000000 0.000000 0.000000 0.000000 0.000000 0.000000 0.000000 0.000000 0.000000 0.000000 0.000000 0.000000 0.000000 0.000000 0.000000 0.000000 0.000000
0.561931 0.000000 0.058195 0.022518 0.011325 0.976367 0.001738 0.256355 0.005693 0.185851 -0.018420 -0.000863 0.915127 0.001462 0.224333 -0.007790 -0.922567 0.486808 -0.045857 -0.860538 0.088458 -0.229699 0.035247 -0.506185 -0.276742 -0.156863 -0.877165 0.114857 -0.244506 -0.046748 -0.236949 0.341209 -0.067901 -0.181180 0.083239 -0.038470 0.025483 -0.085492 -0.143241 -0.130709 -0.278119 0.119417 -0.072854 -0.037052 0.354604 0.720261 9.101166 -0.408388 -0.213599 12.569540 0.354604 0.720261 1.253166 -0.408388 -0.213599 4.721540 0.000000 0.000000 -7.848000 0.000000 0.000000 -7.848000 0.000000 0.000000 0.000000 0.000000 0.000000 0.000000 0.000000 0.000000 0.000000 0.000000 0.000000 0.000000 0.000000 0.000000 0.000000 0.000000 0.000000 0.000000 0.000000 0.000000 0.000000 0.000000 0.000000 0.000000
0.594307 0.000000 0.058231 0.022506 0.011361 0.976367 0.001726 0.256355 0.005681 0.185827 -0.018408 -0.000887 0.915151 0.001534 0.224321 -0.007778 -0.902140 0.496903 -0.040844 -0.845338 0.074945 -0.225493 0.035846 -0.497751 -0.292363 -0.161564 -0.871789 0.115524 -0.245446 -0.048000 -0.216630 0.351312 -0.062879 -0.166035 0.069731 -0.034286 0.026091 -0.077016 -0.158891 -0.135422 -0.272736 0.120077 -0.073785 -0.038320 0.331742 0.750994 8.981567 -0.424473 -0.254561 12.546979 0.331742 0.750994 1.133567 -0.424473 -0.254561 4.698979 0.000000 0.000000 -7.848000 0.000000 0.000000 -7.848000 0.000000 0.000000 0.000000 0.000000 0.000000 0.000000 0.000000 0.000000 0.000000 0.000000 0.000000 0.000000 0.000000 0.000000 0.000000 0.000000 0.000000 0.000000 0.000000 0.000000 0.000000 0.000000 0.000000 0.000000
0.632097 0.000000 0.058195 0.022506 0.011349 0.976367 0.001714 0.256331 0.005693 0.185815 -0.018408 -0.000863 0.915163 0.001498 0.224321 -0.007778 -0.951530 0.507599 -0.036864 -0.857581 0.073865 -0.229487 0.036608 -0.482973 -0.283124 -0.158917 -0.862107 0.117119 -0.244329 -0.046264 -0.265896 0.362019 -0.058899 -0.178207 0.068650 -0.038242 0.026852 -0.062219 -0.149672 -0.132780 -0.263056 0.121673 -0.072669 -0.036581 0.537509 0.798766 8.619498 -0.459123 -0.229636 12.525819 0.537509 0.798766 0.771498 -0.459123 -0.229636 4.677819 0.000000 0.000000 -7.848000 0.000000 0.000000 -7.848000 0.000000 0.000000 0.000000 0.000000 0.000000 0.000000 0.000000 0.000000 0.000000 0.000000 0.000000 0.000000 0.000000 0.000000 0.000000 0.000000 0.000000 0.000000 0.000000 0.000000 0.000000 0.000000 0.000000 0.000000
0.674897 0.000000 0.058183 0.022494 0.011349 0.976367 0.001714 0.256319 0.005693 0.185815 -0.018408 -0.000887 0.915163 0.001486 0.224321 -0.007790 -0.948564 0.488382 -0.039647 -0.860334 0.071611 -0.230728 0.034385 -0.496854 -0.298333 -0.163719 -0.881164 0.130981 -0.245172 -0.047901 -0.262887 0.342838 -0.061671 -0.180933 0.066399 -0.039467 0.024632 -0.076102 -0.164852 -0.137576 -0.282111 0.135539 -0.073512 -0.038211 0.499135 0.744486 8.745990 -0.454116 -0.258354 12.746600 0.499135 0.744486 0.897990 -0.454116 -0.258354 4.898600 0.000000 0.000000 -7.848000 0.000000 0.000000 -7.848000 0.000000 0.000000 0.000000 0.000000 0.000000 0.000000 0.000000 0.000000 0.000000 0.000000 0.000000 0.000000 0.000000 0.000000 0.000000 0.000000 0.000000 0.000000 0.000000 0.000000 0.000000 0.000000 0.000000 0.000000
0.705090 0.000000 0.058183 0.022518 0.011397 0.976355 0.001702 0.256307 0.005681 0.185815 -0.018408 -0.000887 0.915151 0.001474 0.224321 -0.007766 -0.941457 0.501320 -0.045406 -0.842921 0.071196 -0.224639 0.035054 -0.480781 -0.292936 -0.162465 -0.869640 0.129866 -0.238600 -0.044904 -0.255756 0.355667 -0.067454 -0.163491 0.065982 -0.033361 0.025299 -0.060010 -0.159460 -0.136323 -0.270567 0.134421 -0.066932 -0.035220 0.558653 0.787448 8.400927 -0.486655 -0.245414 12.680382 0.558653 0.787448 0.552927 -0.486655 -0.245414 4.832382 0.000000 0.000000 -7.848000 0.000000 0.000000 -7.848000 0.000000 0.000000 0.000000 0.000000 0.000000 0.000000 0.000000 0.000000 0.000000 0.000000 0.000000 0.000000 0.000000 0.000000 0.000000 0.000000 0.000000 0.000000 0.000000 0.000000 0.000000 0.000000 0.000000 0.000000
0.742900 0.000000 0.058159 0.022494 0.011373 0.976379 0.001738 0.256295 0.005681 0.185815 -0.018420 -0.000863 0.915175 0.001462 0.224309 -0.007766 -0.936293 0.530396 -0.038287 -0.846780 0.071194 -0.228346 0.039314 -0.480439 -0.297432 -0.163171 -0.854103 0.127912 -0.237646 -0.045500 -0.250548 0.384832 -0.060310 -0.167344 0.065982 -0.037062 0.029561 -0.059698 -0.163943 -0.137022 -0.255064 0.132469 -0.065987 -0.035812 0.519830 0.855099 8.541956 -0.442747 -0.272623 12.359755 0.519830 0.855099 0.693956 -0.442747 -0.272623 4.511755 0.000000 0.000000 -7.848000 0.000000 0.000000 -7.848000 0.000000 0.000000 0.000000 0.000000 0.000000 0.000000 0.000000 0.000000 0.000000 0.000000 0.000000 0.000000 0.000000 0.000000 0.000000 0.000000 0.000000 0.000000 0.000000 0.000000 0.000000 0.000000 0.000000 0.000000
0.776305 0.000000 0.058159 0.022494 0.011397 0.976367 0.001738 0.256259 0.005645 0.185791 -0.018420 -0.000887 0.915163 0.001510 0.224309 -0.007790 -0.928737 0.521754 -0.037533 -0.846588 0.070057 -0.225505 0.037820 -0.499583 -0.303426 -0.165493 -0.862958 0.137303 -0.238339 -0.048704 -0.242951 0.376180 -0.059558 -0.167108 0.064851 -0.034189 0.028078 -0.078752 -0.169916 -0.139340 -0.263860 0.141860 -0.066655 -0.039014 0.477377 0.829615 8.637841 -0.389215 -0.292390 12.315613 0.477377 0.829615 0.789841 -0.389215 -0.292390 4.467613 0.000000 0.000000 -7.848000 0.000000 0.000000 -7.848000 0.000000 0.000000 0.000000 0.000000 0.000000 0.000000 0.000000 0.000000 0.000000 0.000000 0.000000 0.000000 0.000000 0.000000 0.000000 0.000000 0.000000 0.000000 0.000000 0.000000 0.000000 0.000000 0.000000 0.000000
0.811298 0.000000 0.058147 0.022494 0.011373 0.976367 0.001702 0.256259 0.005693 0.185791 -0.018420 -0.000887 0.915187 0.001522 0.224297 -0.007778 -0.898126 0.514225 -0.037017 -0.827899 0.069452 -0.217254 0.039546 -0.489265 -0.305405 -0.166063 -0.859363 0.134507 -0.235122 -0.048386 -0.212304 0.368664 -0.059041 -0.148401 0.064241 -0.025931 0.029796 -0.068465 -0.171900 -0.139912 -0.260296 0.139061 -0.063446 -0.038702 0.412813 0.814546 8.573709 -0.419741 -0.294870 12.349607 0.412813 0.814546 0.725709 -0.419741 -0.294870 4.501607 0.000000 0.000000 -7.848000 0.000000 0.000000 -7.848000 0.000000 0.000000 0.000000 0.000000 0.000000 0.000000 0.000000 0.000000 0.000000 0.000000 0.000000 0.000000 0.000000 0.000000 0.000000 0.000000 0.000000 0.000000 0.000000 0.000000 0.000000 0.000000 0.000000 0.000000
0.859530 0.000000 0.058123 0.022494 0.011373 0.976343 0.001714 0.256223 0.005669 0.185791 -0.018408 -0.000863 0.915175 0.001486 0.224285 -0.007778 -0.893990 0.508117 -0.051813 -0.806910 0.068617 -0.217551 0.037337 -0.485536 -0.298953 -0.149223 -0.841154 0.131444 -0.234229 -0.050520 -0.208036 0.362562 -0.073837 -0.127312 0.063410 -0.026173 0.027593 -0.064706 -0.165502 -0.123086 -0.242061 0.135998 -0.062538 -0.040835 0.499231 0.810807 8.135969 -0.387692 -0.282306 12.039253 0.499231 0.810807 0.287969 -0.387692 -0.282306 4.191253 0.000000 0.000000 -7.848000 0.000000 0.000000 -7.848000 0.000000 0.000000 0.000000 0.000000 0.000000 0.000000 0.000000 0.000000 0.000000 0.000000 0.000000 0.000000 0.000000 0.000000 0.000000 0.000000 0.000000 0.000000 0.000000 0.000000 0.000000 0.000000 0.000000 0.000000
0.901045 0.000000 0.058135 0.022494 0.011361 0.976343 0.001726 0.256211 0.005693 0.185791 -0.018432 -0.000887 0.915151 0.001522 0.224297 -0.007790 -0.925619 0.508739 -0.046930 -0.804333 0.068379 -0.221839 0.039932 -0.482303 -0.309354 -0.155460 -0.829375 0.128976 -0.228140 -0.053557 -0.239694 0.363185 -0.068955 -0.124747 0.063168 -0.030461 0.030178 -0.061447 -0.175811 -0.129295 -0.230249 0.133534 -0.056441 -0.043865 0.689299 0.841764 7.647493 -0.362848 -0.323646 11.800411 0.689299 0.841764 -0.200507 -0.362848 -0.323646 3.952411 0.000000 0.000000 -7.848000 0.000000 0.000000 -7.848000 0.000000 0.000000 0.000000 0.000000 0.000000 0.000000 0.000000 0.000000 0.000000 0.000000 0.000000 0.000000 0.000000 0.000000 0.000000 0.000000 0.000000 0.000000 0.000000 0.000000 0.000000 0.000000 0.000000 0.000000
0.968652 0.000000 0.058100 0.022494 0.011361 0.976343 0.001714 0.256175 0.005681 0.185791 -0.018420 -0.000863 0.915163 0.001522 0.224273 -0.007790 -0.909290 0.528583 -0.056877 -0.773454 0.068566 -0.212612 0.040174 -0.480199 -0.282984 -0.136991 -0.816284 0.147764 -0.222192 -0.050910 -0.223234 0.383036 -0.078900 -0.093787 0.063358 -0.021187 0.030425 -0.059344 -0.149499 -0.110842 -0.217163 0.152319 -0.050485 -0.041224 0.773486 0.908484 7.089927 -0.342080 -0.254894 11.578178 0.773486 0.908484 -0.758073 -0.342080 -0.254894 3.730178 0.000000 0.000000 -7.848000 0.000000 0.000000 -7.848000 0.000000 0.000000 0.000000 0.000000 0.000000 0.000000 0.000000 0.000000 0.000000 0.000000 0.000000 0.000000 0.000000 0.000000 0.000000 0.000000 0.000000 0.000000 0.000000 0.000000 0.000000 0.000000 0.000000 0.000000
1.020880 0.000000 0.058112 0.022506 0.011349 0.976319 0.001738 0.256151 0.005681 0.185791 -0.018420 -0.000863 0.915151 0.001498 0.224249 -0.007778 -0.913555 0.526412 -0.032326 -0.765264 0.068348 -0.211350 0.039302 -0.494205 -0.303988 -0.148829 -0.816785 0.140365 -0.221621 -0.051285 -0.227482 0.380835 -0.054362 -0.085561 0.063137 -0.019902 0.029546 -0.073315 -0.170504 -0.122680 -0.217628 0.144920 -0.049890 -0.041599 0.852271 0.935058 6.792253 -0.280295 -0.325060 11.396422 0.852271 0.935058 -1.055747 -0.280295 -0.325060 3.548422 0.000000 0.000000 -7.848000 0.000000 0.000000 -7.848000 0.000000 0.000000 0.000000 0.000000 0.000000 0.000000 0.000000 0.000000 0.000000 0.000000 0.000000 0.000000 0.000000 0.000000 0.000000 0.000000 0.000000 0.000000 0.000000 0.000000 0.000000 0.000000 0.000000 0.000000
1.072293 0.000000 0.058100 0.022506 0.011397 0.976295 0.001690 0.256127 0.005681 0.185791 -0.018420 -0.000863 0.915151 0.001450 0.224249 -0.007778 -0.900224 0.463470 -0.057878 -0.732192 0.082464 -0.205908 0.033843 -0.476851 -0.273916 -0.149215 -0.769871 0.119774 -0.215277 -0.052089 -0.214064 0.317859 -0.079916 -0.052414 0.077256 -0.014419 0.024094 -0.055962 -0.140425 -0.123065 -0.170713 0.124332 -0.043547 -0.042396 0.937851 0.797687 6.214427 -0.219488 -0.293600 10.625570 0.937851 0.797687 -1.633573 -0.219488 -0.293600 2.777570 0.000000 0.000000 -7.848000 0.000000 0.000000 -7.848000 0.000000 0.000000 0.000000 0.000000 0.000000 0.000000 0.000000 0.000000 0.000000 0.000000 0.000000 0.000000 0.000000 0.000000 0.000000 0.000000 0.000000 0.000000 0.000000 0.000000 0.000000 0.000000 0.000000 0.000000
1.111223 0.000000 0.058123 0.022506 0.011421 0.976271 0.001714 0.256055 0.005681 0.185791 -0.018396 -0.000887 0.915163 0.001498 0.224213 -0.007766 -0.906191 0.522693 -0.039334 -0.721919 0.081276 -0.203269 0.041717 -0.473622 -0.283336 -0.141344 -0.747703 0.119963 -0.208363 -0.053790 -0.220020 0.377055 -0.061377 -0.042092 0.076067 -0.011732 0.031963 -0.052727 -0.149902 -0.115215 -0.148540 0.124513 -0.036615 -0.044113 1.052391 0.971992 5.809915 -0.168594 -0.330912 10.190603 1.052391 0.971992 -2.038085 -0.168594 -0.330912 2.342603 0.000000 0.000000 -7.848000 0.000000 0.000000 -7.848000 0.000000 0.000000 0.000000 0.000000 0.000000 0.000000 0.000000 0.000000 0.000000 0.000000 0.000000 0.000000 0.000000 0.000000 0.000000 0.000000 0.000000 0.000000 0.000000 0.000000 0.000000 0.000000 0.000000 0.000000
1.144437 0.000000 0.058088 0.022494 0.011397 0.976271 0.001738 0.256031 0.005681 0.185744 -0.018408 -0.000863 0.915127 0.001462 0.224189 -0.007778 -0.920394 0.509004 -0.040817 -0.709216 0.068137 -0.203660 0.039402 -0.484808 -0.293237 -0.136909 -0.739890 0.109606 -0.204834 -0.057666 -0.234100 0.363421 -0.062847 -0.029317 0.062928 -0.012086 0.029649 -0.063696 -0.159789 -0.110772 -0.140576 0.114160 -0.033017 -0.047979 1.195139 0.961174 5.322250 -0.099612 -0.368928 9.885141 1.195139 0.961174 -2.525750 -0.099612 -0.368928 2.037141 0.000000 0.000000 -7.848000 0.000000 0.000000 -7.848000 0.000000 0.000000 0.000000 0.000000 0.000000 0.000000 0.000000 0.000000 0.000000 0.000000 0.000000 0.000000 0.000000 0.000000 0.000000 0.000000 0.000000 0.000000 0.000000 0.000000 0.000000 0.000000 0.000000 0.000000
1.189199 0.000000 0.058112 0.022470 0.011409 0.976151 0.001714 0.255923 0.005681 0.185696 -0.018444 -0.000863 0.915139 0.001498 0.224165 -0.007742 -0.896939 0.505647 -0.052722 -0.667609 0.067762 -0.192787 0.040946 -0.463554 -0.276806 -0.127914 -0.719288 0.112463 -0.198360 -0.054302 -0.210460 0.360129 -0.074738 0.012519 0.062562 -0.001077 0.031204 -0.042305 -0.143276 -0.101747 -0.119903 0.117015 -0.026505 -0.044621 1.294219 0.979893 4.605331 -0.131471 -0.327876 9.709982 1.294219 0.979893 -3.242669 -0.131471 -0.327876 1.861982 0.000000 0.000000 -7.848000 0.000000 0.000000 -7.848000 0.000000 0.000000 0.000000 0.000000 0.000000 0.000000 0.000000 0.000000 0.000000 0.000000 0.000000 0.000000 0.000000 0.000000 0.000000 0.000000 0.000000 0.000000 0.000000 0.000000 0.000000 0.000000 0.000000 0.000000
1.225863 0.000000 0.058100 0.022482 0.011385 0.976151 0.001738 0.255911 0.005681 0.185684 -0.018420 -0.000863 0.915139 0.001510 0.224141 -0.007778 -0.884728 0.518567 -0.056572 -0.636717 0.068082 -0.184414 0.043436 -0.453100 -0.267333 -0.123021 -0.697810 0.114144 -0.193837 -0.055541 -0.198205 0.373030 -0.078598 0.043437 0.062878 0.007311 0.033688 -0.031798 -0.133865 -0.096878 -0.098389 0.118696 -0.021957 -0.045858 1.402267 1.038242 3.988132 -0.114596 -0.316761 9.386885 1.402267 1.038242 -3.859868 -0.114596 -0.316761 1.538885 0.000000 0.000000 -7.848000 0.000000 0.000000 -7.848000 0.000000 0.000000 0.000000 0.000000 0.000000 0.000000 0.000000 0.000000 0.000000 0.000000 0.000000 0.000000 0.000000 0.000000 0.000000 0.000000 0.000000 0.000000 0.000000 0.000000 0.000000 0.000000 0.000000 0.000000
1.262406 0.000000 0.058112 0.022494 0.011397 0.976043 0.001690 0.255803 0.005681 0.185660 -0.018408 -0.000863 0.915115 0.001486 0.224045 -0.007790 -0.887627 0.526607 -0.048733 -0.607549 0.079799 -0.178163 0.043222 -0.444326 -0.280307 -0.132672 -0.656895 0.115197 -0.189586 -0.052485 -0.200903 0.381031 -0.070776 0.072833 0.074598 0.013697 0.033477 -0.022851 -0.146871 -0.106538 -0.057331 0.119750 -0.017612 -0.042799 1.587904 1.103340 3.196428 -0.029498 -0.390940 8.618192 1.587904 1.103340 -4.651572 -0.029498 -0.390940 0.770192 0.000000 0.000000 -7.848000 0.000000 0.000000 -7.848000 0.000000 0.000000 0.000000 0.000000 0.000000 0.000000 0.000000 0.000000 0.000000 0.000000 0.000000 0.000000 0.000000 0.000000 0.000000 0.000000 0.000000 0.000000 0.000000 0.000000 0.000000 0.000000 0.000000 0.000000
1.315002 0.000000 0.058123 0.022482 0.011373 0.975875 0.001690 0.255743 0.005681 0.185660 -0.018420 -0.000863 0.915115 0.001438 0.223997 -0.007790 -0.926103 0.516862 -0.061658 -0.573444 0.092595 -0.177595 0.043552 -0.441418 -0.299369 -0.145206 -0.611146 0.099855 -0.178523 -0.055862 -0.239113 0.371343 -0.083696 0.107231 0.087397 0.014407 0.033811 -0.019914 -0.165891 -0.119058 -0.011551 0.104411 -0.006517 -0.046166 1.982552 1.140948 1.859016 0.097710 -0.495492 7.648725 1.982552 1.140948 -5.988984 0.097710 -0.495492 -0.199275 0.000000 0.000000 -7.848000 0.000000 0.000000 -7.848000 0.000000 0.000000 0.000000 0.000000 0.000000 0.000000 0.000000 0.000000 0.000000 0.000000 0.000000 0.000000 0.000000 0.000000 0.000000 0.000000 0.000000 0.000000 0.000000 0.000000 0.000000 0.000000 0.000000 0.000000
1.355334 0.000000 0.058123 0.022494 0.011397 0.975564 0.001666 0.255624 0.005681 0.185600 -0.018420 -0.000851 0.915091 0.001426 0.223889 -0.007778 -0.902238 0.525626 -0.064835 -0.526307 0.100449 -0.167409 0.042982 -0.454422 -0.274088 -0.144858 -0.579463 0.104876 -0.177781 -0.054500 -0.214686 0.380053 -0.086898 0.154955 0.095252 0.024879 0.033241 -0.032629 -0.140632 -0.118714 0.020339 0.109429 -0.005650 -0.044806 2.117468 1.202127 0.992675 0.236474 -0.475413 6.859726 2.117468 1.202127 -6.855325 0.236474 -0.475413 -0.988274 0.000000 0.000000 -7.848000 0.000000 0.000000 -7.848000 0.000000 0.000000 0.000000 0.000000 0.000000 0.000000 0.000000 0.000000 0.000000 0.000000 0.000000 0.000000 0.000000 0.000000 0.000000 0.000000 0.000000 0.000000 0.000000 0.000000 0.000000 0.000000 0.000000 0.000000
1.391802 0.000000 0.058123 0.022494 0.011361 0.975480 0.001702 0.255552 0.005681 0.185600 -0.018420 -0.000863 0.915079 0.001450 0.223817 -0.007778 -0.887731 0.546479 -0.055089 -0.492907 0.094833 -0.163565 0.042900 -0.450057 -0.288676 -0.140233 -0.551519 0.107492 -0.173204 -0.056861 -0.200001 0.400933 -0.077156 0.188538 0.089635 0.028824 0.033154 -0.028200 -0.155213 -0.114086 0.048351 0.112042 -0.001017 -0.047171 2.233825 1.289503 0.330685 0.300171 -0.532176 6.320807 2.233825 1.289503 -7.517315 0.300171 -0.532176 -1.527193 0.000000 0.000000 -7.848000 0.000000 0.000000 -7.848000 0.000000 0.000000 0.000000 0.000000 0.000000 0.000000 0.000000 0.000000 0.000000 0.000000 0.000000 0.000000 0.000000 0.000000 0.000000 0.000000 0.000000 0.000000 0.000000 0.000000 0.000000 0.000000 0.000000 0.000000
1.427037 0.000000 0.058123 0.022494 0.011385 0.975192 0.001702 0.255360 0.005681 0.185540 -0.018408 -0.000887 0.915020 0.001462 0.223638 -0.007778 -0.873653 0.535410 -0.051188 -0.453191 0.100875 -0.154180 0.043465 -0.427447 -0.290371 -0.133496 -0.502250 0.110004 -0.163710 -0.054821 -0.185352 0.389841 -0.073269 0.228849 0.095679 0.038525 0.033718 -0.005200 -0.156930 -0.107356 0.097936 0.114550 0.008676 -0.045136 2.378592 1.306554 -0.478530 0.348266 -0.565268 5.550431 2.378592 1.306554 -8.326530 0.348266 -0.565268 -2.297569 0.000000 0.000000 -7.848000 0.000000 0.000000 -7.848000 0.000000 0.000000 0.000000 0.000000 0.000000 0.000000 0.000000 0.000000 0.000000 0.000000 0.000000 0.000000 0.000000 0.000000 0.000000 0.000000 0.000000 0.000000 0.000000 0.000000 0.000000 0.000000 0.000000 0.000000
1.481418 0.000000 0.058100 0.022494 0.011349 0.974521 0.001678 0.255120 0.005669 0.185504 -0.018408 -0.000863 0.914648 0.001462 0.223278 -0.007790 -0.885619 0.552102 -0.026292 -0.386311 0.108709 -0.139081 0.045078 -0.426565 -0.298310 -0.126614 -0.437122 0.095937 -0.157833 -0.060401 -0.196043 0.406574 -0.048399 0.297016 0.103520 0.054239 0.035340 -0.003385 -0.164902 -0.100462 0.163977 0.100480 0.015061 -0.050715 2.834190 1.457816 -2.355144 0.531294 -0.647815 4.203540 2.834190 1.457816 -10.203144 0.531294 -0.647815 -3.644460 0.000000 0.000000 -7.848000 0.000000 0.000000 -7.848000 0.000000 0.000000 0.000000 0.000000 0.000000 0.000000 0.000000 0.000000 0.000000 0.000000 0.000000 0.000000 0.000000 0.000000 0.000000 0.000000 0.000000 0.000000 0.000000 0.000000 0.000000 0.000000 0.000000 0.000000
1.515257 0.000000 0.058100 0.022470 0.011397 0.974198 0.001714 0.255072 0.005693 0.185480 -0.018408 -0.000863 0.914576 0.001474 0.223122 -0.007778 -0.866981 0.526271 -0.041962 -0.342145 0.101087 -0.128782 0.041851 -0.405978 -0.282290 -0.120791 -0.388179 0.111136 -0.152422 -0.061339 -0.176869 0.380759 -0.064064 0.341741 0.095895 0.064784 0.032107 0.017489 -0.148893 -0.094636 0.213181 0.115674 0.020639 -0.051659 2.964881 1.423517 -3.165403 0.583613 -0.639305 3.441104 2.964881 1.423517 -11.013403 0.583613 -0.639305 -4.406896 0.000000 0.000000 -7.848000 0.000000 0.000000 -7.848000 0.000000 0.000000 0.000000 0.000000 0.000000 0.000000 0.000000 0.000000 0.000000 0.000000 0.000000 0.000000 0.000000 0.000000 0.000000 0.000000 0.000000 0.000000 0.000000 0.000000 0.000000 0.000000 0.000000 0.000000
1.559819 0.000000 0.058076 0.022470 0.011409 0.972975 0.001678 0.254677 0.005681 0.185480 -0.018420 -0.000863 0.913761 0.001462 0.222619 -0.007790 -0.864628 0.509234 -0.056491 -0.292066 0.106877 -0.117057 0.041454 -0.395899 -0.295311 -0.119167 -0.319039 0.113074 -0.147028 -0.061913 -0.172283 0.363721 -0.078643 0.394107 0.101695 0.077589 0.031720 0.029188 -0.161891 -0.092963 0.284009 0.117611 0.026908 -0.052225 3.222615 1.431587 -4.336619 0.741779 -0.732518 2.119765 3.222615 1.431587 -12.184619 0.741779 -0.732518 -5.728235 0.000000 0.000000 -7.848000 0.000000 0.000000 -7.848000 0.000000 0.000000 0.000000 0.000000 0.000000 0.000000 0.000000 0.000000 0.000000 0.000000 0.000000 0.000000 0.000000 0.000000 0.000000 0.000000 0.000000 0.000000 0.000000 0.000000 0.000000 0.000000 0.000000 0.000000
1.584952 0.000000 0.058088 0.022434 0.011433 0.971813 0.001690 0.254030 0.005669 0.185444 -0.018384 -0.000851 0.913354 0.001426 0.222259 -0.007790 -0.859717 0.536144 -0.053552 -0.252574 0.102687 -0.109576 0.044899 -0.395997 -0.296004 -0.124889 -0.273931 0.114249 -0.142011 -0.061469 -0.165180 0.390719 -0.075727 0.435897 0.097520 0.086255 0.035178 0.030082 -0.162709 -0.098706 0.330091 0.118778 0.032456 -0.051789 3.425511 1.542059 -5.250035 0.873287 -0.785158 1.175204 3.425511 1.542059 -13.098035 0.873287 -0.785158 -6.672796 0.000000 0.000000 -7.848000 0.000000 0.000000 -7.848000 0.000000 0.000000 0.000000 0.000000 0.000000 0.000000 0.000000 0.000000 0.000000 0.000000 0.000000 0.000000 0.000000 0.000000 0.000000 0.000000 0.000000 0.000000 0.000000 0.000000 0.000000 0.000000 0.000000 0.000000
1.619122 0.000000 0.058112 0.022434 0.011325 0.971465 0.001702 0.253742 0.005669 0.185444 -0.018384 -0.000863 0.913138 0.001486 0.222152 -0.007790 -0.863208 0.543701 -0.045840 -0.210251 0.107834 -0.107005 0.044803 -0.354223 -0.279328 -0.119176 -0.200986 0.126398 -0.130948 -0.058139 -0.168014 0.398369 -0.068028 0.478933 0.102670 0.089226 0.035082 0.072270 -0.146036 -0.092983 0.403466 0.130922 0.043735 -0.048468 3.686377 1.619965 -6.340069 0.909136 -0.784723 0.156016 3.686377 1.619965 -14.188069 0.909136 -0.784723 -7.691984 0.000000 0.000000 -7.848000 0.000000 0.000000 -7.848000 0.000000 0.000000 0.000000 0.000000 0.000000 0.000000 0.000000 0.000000 0.000000 0.000000 0.000000 0.000000 0.000000 0.000000 0.000000 0.000000 0.000000 0.000000 0.000000 0.000000 0.000000 0.000000 0.000000 0.000000
1.665741 0.000000 0.058100 0.022434 0.011337 0.970794 0.001690 0.253107 0.005669 0.185504 -0.018384 -0.000827 0.912743 0.001450 0.221900 -0.007778 -0.863059 0.535495 -0.042320 -0.143304 0.098163 -0.104322 0.045011 -0.323064 -0.294427 -0.132873 -0.111227 0.110371 -0.118164 -0.059321 -0.166379 0.390155 -0.064542 0.547407 0.093009 0.092776 0.035292 0.104042 -0.161171 -0.106664 0.493952 0.114892 0.056909 -0.049650 4.057725 1.681736 -7.948247 1.047574 -0.905478 -1.377344 4.057725 1.681736 -15.796247 1.047574 -0.905478 -9.225344 0.000000 0.000000 -7.848000 0.000000 0.000000 -7.848000 0.000000 0.000000 0.000000 0.000000 0.000000 0.000000 0.000000 0.000000 0.000000 0.000000 0.000000 0.000000 0.000000 0.000000 0.000000 0.000000 0.000000 0.000000 0.000000 0.000000 0.000000 0.000000 0.000000 0.000000
1.706429 0.000000 0.058519 0.022375 0.011373 0.968421 0.001666 0.252340 0.005669 0.185168 -0.018360 -0.000851 0.912107 0.001486 0.221361 -0.007778 -0.872024 0.535392 -0.037726 -0.116355 0.104861 -0.111265 0.051743 -0.372920 -0.293351 -0.125417 -0.061941 0.112639 -0.124141 -0.061525 -0.172405 0.390187 -0.060012 0.578060 0.099726 0.087633 0.042045 0.056554 -0.160202 -0.099221 0.545186 0.117146 0.051927 -0.051872 4.256270 1.723009 -8.654504 1.390182 -0.978876 -2.914442 4.256270 1.723009 -16.502504 1.390182 -0.978876 -10.762442 0.000000 0.000000 -7.848000 0.000000 0.000000 -7.848000 0.000000 0.000000 0.000000 0.000000 0.000000 0.000000 0.000000 0.000000 0.000000 0.000000 0.000000 0.000000 0.000000 0.000000 0.000000 0.000000 0.000000 0.000000 0.000000 0.000000 0.000000 0.000000 0.000000 0.000000
1.736866 0.000000 0.058687 0.022339 0.011337 0.967978 0.001678 0.252232 0.005669 0.185036 -0.018384 -0.000827 0.911964 0.001486 0.221241 -0.007790 -0.822683 0.517387 -0.039705 -0.062244 0.098597 -0.098560 0.049709 -0.351380 -0.300583 -0.134087 0.002959 0.123364 -0.113055 -0.064075 -0.122802 0.372314 -0.061982 0.632699 0.093469 0.100593 0.040019 0.078794 -0.167404 -0.107872 0.610614 0.127873 0.063272 -0.054414 4.280051 1.708147 -9.309194 1.494351 -1.054663 -4.028836 4.280051 1.708147 -17.157194 1.494351 -1.054663 -11.876836 0.000000 0.000000 -7.848000 0.000000 0.000000 -7.848000 0.000000 0.000000 0.000000 0.000000 0.000000 0.000000 0.000000 0.000000 0.000000 0.000000 0.000000 0.000000 0.000000 0.000000 0.000000 0.000000 0.000000 0.000000 0.000000 0.000000 0.000000 0.000000 0.000000 0.000000
1.771007 0.000000 0.058819 0.022327 0.011301 0.967235 0.001702 0.251992 0.005669 0.184845 -0.018360 -0.000827 0.910657 0.001450 0.220953 -0.007790 -0.823556 0.528997 -0.034497 -0.005342 0.093610 -0.090264 0.048501 -0.354538 -0.300469 -0.128384 0.053627 0.133678 -0.110302 -0.065349 -0.122755 0.383984 -0.056797 0.690756 0.088484 0.109450 0.038811 0.078482 -0.167405 -0.102155 0.663946 0.138184 0.067203 -0.055695 4.604361 1.806531 -10.689978 1.654204 -1.100921 -5.071534 4.604361 1.806531 -18.537978 1.654204 -1.100921 -12.919534 0.000000 0.000000 -7.848000 0.000000 0.000000 -7.848000 0.000000 0.000000 0.000000 0.000000 0.000000 0.000000 0.000000 0.000000 0.000000 0.000000 0.000000 0.000000 0.000000 0.000000 0.000000 0.000000 0.000000 0.000000 0.000000 0.000000 0.000000 0.000000 0.000000 0.000000
1.815727 0.000000 0.059022 0.022303 0.011313 0.966660 0.001702 0.251896 0.005645 0.184461 -0.018336 -0.000815 0.909603 0.001450 0.220594 -0.007790 -0.817543 0.526060 -0.032644 0.058233 0.087563 -0.075565 0.048151 -0.370047 -0.272836 -0.132270 0.118931 0.145320 -0.104186 -0.068077 -0.116391 0.381108 -0.054953 0.755010 0.082445 0.124462 0.038474 0.066039 -0.139923 -0.106050 0.731848 0.149817 0.074501 -0.058439 4.922229 1.871580 -12.142430 1.908101 -1.113571 -6.555021 4.922229 1.871580 -19.990430 1.908101 -1.113571 -14.403021 0.000000 0.000000 -7.848000 0.000000 0.000000 -7.848000 0.000000 0.000000 0.000000 0.000000 0.000000 0.000000 0.000000 0.000000 0.000000 0.000000 0.000000 0.000000 0.000000 0.000000 0.000000 0.000000 0.000000 0.000000 0.000000 0.000000 0.000000 0.000000 0.000000 0.000000
1.850482 0.000000 0.059106 0.022303 0.011313 0.966420 0.001690 0.251837 0.005657 0.184425 -0.018324 -0.000815 0.909219 0.001498 0.220462 -0.007778 -0.805051 0.505231 -0.036711 0.103432 0.094337 -0.065650 0.046215 -0.300568 -0.280525 -0.131755 0.189293 0.151740 -0.089429 -0.070010 -0.103738 0.360274 -0.059033 0.800507 0.089218 0.134521 0.036536 0.136322 -0.147671 -0.105536 0.802991 0.156228 0.089624 -0.060388 5.097266 1.864882 -13.055065 1.831753 -1.155886 -7.220588 5.097266 1.864882 -20.903065 1.831753 -1.155886 -15.068588 0.000000 0.000000 -7.848000 0.000000 0.000000 -7.848000 0.000000 0.000000 0.000000 0.000000 0.000000 0.000000 0.000000 0.000000 0.000000 0.000000 0.000000 0.000000 0.000000 0.000000 0.000000 0.000000 0.000000 0.000000 0.000000 0.000000 0.000000 0.000000 0.000000 0.000000
1.884921 0.000000 0.059514 0.022255 0.011289 0.965221 0.001690 0.251753 0.005645 0.183862 -0.018300 -0.000815 0.907949 0.001450 0.220270 -0.007778 -0.777163 0.525143 -0.019165 0.149088 0.101053 -0.054654 0.048585 -0.353942 -0.286977 -0.137923 0.196112 0.146314 -0.089244 -0.072830 -0.075139 0.380339 -0.041504 0.847525 0.095943 0.146101 0.038922 0.086789 -0.154280 -0.111715 0.812939 0.150799 0.091135 -0.063219 5.206319 1.961368 -13.800928 2.080525 -1.219328 -7.951455 5.206319 1.961368 -21.648928 2.080525 -1.219328 -15.799455 0.000000 0.000000 -7.848000 0.000000 0.000000 -7.848000 0.000000 0.000000 0.000000 0.000000 0.000000 0.000000 0.000000 0.000000 0.000000 0.000000 0.000000 0.000000 0.000000 0.000000 0.000000 0.000000 0.000000 0.000000 0.000000 0.000000 0.000000 0.000000 0.000000 0.000000
1.916282 0.000000 0.059622 0.022243 0.011337 0.964802 0.001702 0.251657 0.005633 0.183718 -0.018288 -0.000815 0.906271 0.001462 0.220246 -0.007778 -0.762965 0.506861 -0.034733 0.195535 0.094943 -0.042894 0.046316 -0.359309 -0.295082 -0.144022 0.195654 0.142204 -0.083767 -0.073298 -0.060549 0.362048 -0.057085 0.894548 0.089836 0.158132 0.036657 0.084540 -0.162471 -0.117777 0.815504 0.146689 0.097831 -0.063697 5.372769 1.949560 -14.692984 2.109865 -1.247174 -8.000739 5.372769 1.949560 -22.540984 2.109865 -1.247174 -15.848739 0.000000 0.000000 -7.848000 0.000000 0.000000 -7.848000 0.000000 0.000000 0.000000 0.000000 0.000000 0.000000 0.000000 0.000000 0.000000 0.000000 0.000000 0.000000 0.000000 0.000000 0.000000 0.000000 0.000000 0.000000 0.000000 0.000000 0.000000 0.000000 0.000000 0.000000
1.951709 0.000000 0.060137 0.022195 0.011325 0.963508 0.001666 0.251465 0.005633 0.183718 -0.018204 -0.000719 0.903323 0.001486 0.220042 -0.007790 -0.736442 0.530504 -0.027131 0.236656 0.102073 -0.030885 0.051580 -0.290199 -0.280464 -0.135891 0.243350 0.149777 -0.058958 -0.072737 -0.033420 0.385832 -0.049509 0.937089 0.096976 0.170791 0.041939 0.158482 -0.148252 -0.109644 0.868210 0.154250 0.124725 -0.063171 5.458898 2.043098 -15.326339 1.971628 -1.205827 -8.173851 5.458898 2.043098 -23.174339 1.971628 -1.205827 -16.021851 0.000000 0.000000 -7.848000 0.000000 0.000000 -7.848000 0.000000 0.000000 0.000000 0.000000 0.000000 0.000000 0.000000 0.000000 0.000000 0.000000 0.000000 0.000000 0.000000 0.000000 0.000000 0.000000 0.000000 0.000000 0.000000 0.000000 0.000000 0.000000 0.000000 0.000000
2.002990 0.000000 0.060964 0.022027 0.011289 0.961494 0.001678 0.251261 0.005609 0.183874 -0.018096 -0.000695 0.901322 0.001462 0.219791 -0.007778 -0.684867 0.531128 -0.045689 0.309549 0.092673 -0.002674 0.052875 -0.299869 -0.294297 -0.146041 0.284269 0.142208 -0.038327 -0.073362 0.018966 0.386967 -0.068021 1.012089 0.087606 0.199935 0.043288 0.151696 -0.162444 -0.119826 0.912358 0.146665 0.146747 -0.063833 5.560206 2.075880 -16.328631 2.145087 -1.295545 -9.137300 5.560206 2.075880 -24.176631 2.145087 -1.295545 -16.985300 0.000000 0.000000 -7.848000 0.000000 0.000000 -7.848000 0.000000 0.000000 0.000000 0.000000 0.000000 0.000000 0.000000 0.000000 0.000000 0.000000 0.000000 0.000000 0.000000 0.000000 0.000000 0.000000 0.000000 0.000000 0.000000 0.000000 0.000000 0.000000 0.000000 0.000000
2.056365 0.000000 0.061215 0.022039 0.011265 0.960596 0.001666 0.251189 0.005597 0.183898 -0.018108 -0.000671 0.900842 0.001426 0.219731 -0.007778 -0.698979 0.532557 -0.039361 0.366938 0.102720 0.020336 0.055461 -0.285796 -0.272237 -0.149237 0.331274 0.136953 -0.020518 -0.068798 0.005550 0.388377 -0.061746 1.070587 0.097653 0.223423 0.045874 0.166496 -0.140375 -0.122995 0.960155 0.141414 0.164896 -0.059261 5.953903 2.162948 -17.877157 2.228010 -1.284174 -9.946649 5.953903 2.162948 -25.725157 2.228010 -1.284174 -17.794649 0.000000 0.000000 -7.848000 0.000000 0.000000 -7.848000 0.000000 0.000000 0.000000 0.000000 0.000000 0.000000 0.000000 0.000000 0.000000 0.000000 0.000000 0.000000 0.000000 0.000000 0.000000 0.000000 0.000000 0.000000 0.000000 0.000000 0.000000 0.000000 0.000000 0.000000
2.108211 0.000000 0.062713 0.021703 0.011253 0.956952 0.001690 0.250950 0.005561 0.184030 -0.018060 -0.000671 0.899057 0.001474 0.219479 -0.007778 -0.609445 0.516114 -0.038166 0.429426 0.093081 0.054184 0.049239 -0.256491 -0.256660 -0.135331 0.384014 0.149445 -0.002759 -0.071925 0.096459 0.372901 -0.060437 1.136798 0.088069 0.258871 0.039757 0.198405 -0.124964 -0.109066 1.015802 0.153897 0.183919 -0.062410 5.780339 2.124945 -18.086036 2.263532 -1.266712 -10.643929 5.780339 2.124945 -25.934036 2.263532 -1.266712 -18.491929 0.000000 0.000000 -7.848000 0.000000 0.000000 -7.848000 0.000000 0.000000 0.000000 0.000000 0.000000 0.000000 0.000000 0.000000 0.000000 0.000000 0.000000 0.000000 0.000000 0.000000 0.000000 0.000000 0.000000 0.000000 0.000000 0.000000 0.000000 0.000000 0.000000 0.000000
2.157015 0.000000 0.062833 0.021655 0.011241 0.956437 0.001678 0.250938 0.005561 0.183994 -0.018048 -0.000659 0.898649 0.001450 0.219455 -0.007790 -0.590173 0.534708 -0.045908 0.483060 0.087560 0.081041 0.050970 -0.226495 -0.265786 -0.147213 0.454593 0.142036 0.024577 -0.073824 0.116186 0.391647 -0.068157 1.191085 0.082556 0.285998 0.041504 0.229171 -0.134142 -0.120950 1.087126 0.146490 0.211562 -0.064307 5.970574 2.211493 -19.118611 2.361088 -1.352068 -11.794882 5.970574 2.211493 -26.966611 2.361088 -1.352068 -19.642882 0.000000 0.000000 -7.848000 0.000000 0.000000 -7.848000 0.000000 0.000000 0.000000 0.000000 0.000000 0.000000 0.000000 0.000000 0.000000 0.000000 0.000000 0.000000 0.000000 0.000000 0.000000 0.000000 0.000000 0.000000 0.000000 0.000000 0.000000 0.000000 0.000000 0.000000
2.206481 0.000000 0.063804 0.021440 0.011193 0.953860 0.001642 0.250518 0.005561 0.184305 -0.017904 -0.000539 0.894167 0.001450 0.219108 -0.007778 -0.556813 0.508000 -0.046462 0.502457 0.097286 0.091074 0.048467 -0.243955 -0.256608 -0.135077 0.398687 0.152498 0.025824 -0.072756 0.150938 0.365597 -0.068645 1.213412 0.092322 0.297382 0.039071 0.218125 -0.125559 -0.108807 1.038346 0.156931 0.215800 -0.063297 5.871170 2.140181 -19.023089 2.272156 -1.270170 -10.763166 5.871170 2.140181 -26.871089 2.272156 -1.270170 -18.611166 0.000000 0.000000 -7.848000 0.000000 0.000000 -7.848000 0.000000 0.000000 0.000000 0.000000 0.000000 0.000000 0.000000 0.000000 0.000000 0.000000 0.000000 0.000000 0.000000 0.000000 0.000000 0.000000 0.000000 0.000000 0.000000 0.000000 0.000000 0.000000 0.000000 0.000000
2.234576 0.000000 0.063876 0.021392 0.011205 0.953537 0.001654 0.250362 0.005537 0.184329 -0.017845 -0.000515 0.893292 0.001438 0.219024 -0.007766 -0.516466 0.521663 -0.040143 0.532315 0.093301 0.107163 0.049330 -0.225705 -0.248801 -0.129375 0.389770 0.157121 0.034407 -0.072075 0.191674 0.379396 -0.062299 1.243784 0.088350 0.313739 0.039954 0.237750 -0.117968 -0.103139 1.030888 0.161544 0.224999 -0.062639 5.821869 2.184426 -19.237420 2.171601 -1.225312 -10.386403 5.821869 2.184426 -27.085420 2.171601 -1.225312 -18.234403 0.000000 0.000000 -7.848000 0.000000 0.000000 -7.848000 0.000000 0.000000 0.000000 0.000000 0.000000 0.000000 0.000000 0.000000 0.000000 0.000000 0.000000 0.000000 0.000000 0.000000 0.000000 0.000000 0.000000 0.000000 0.000000 0.000000 0.000000 0.000000 0.000000 0.000000
2.273330 0.000000 0.064978 0.021308 0.011193 0.951416 0.001654 0.249655 0.005513 0.184186 -0.017833 -0.000419 0.890404 0.001450 0.218556 -0.007754 -0.476268 0.510610 -0.039991 0.540682 0.087960 0.104869 0.045623 -0.172528 -0.278032 -0.130473 0.396425 0.161804 0.054411 -0.073971 0.232337 0.368566 -0.062198 1.254327 0.083031 0.312603 0.036273 0.296230 -0.147416 -0.104175 1.042830 0.166218 0.247305 -0.064556 5.624748 2.134175 -18.801076 1.989439 -1.267128 -9.945190 5.624748 2.134175 -26.649076 1.989439 -1.267128 -17.793190 0.000000 0.000000 -7.848000 0.000000 0.000000 -7.848000 0.000000 0.000000 0.000000 0.000000 0.000000 0.000000 0.000000 0.000000 0.000000 0.000000 0.000000 0.000000 0.000000 0.000000 0.000000 0.000000 0.000000 0.000000 0.000000 0.000000 0.000000 0.000000 0.000000 0.000000
2.305324 0.000000 0.065302 0.021272 0.011229 0.950876 0.001666 0.249296 0.005537 0.184210 -0.017785 -0.000407 0.889949 0.001402 0.218532 -0.007766 -0.425931 0.536071 -0.029967 0.559642 0.085521 0.110140 0.047292 -0.160662 -0.263440 -0.123858 0.387028 0.155325 0.061510 -0.073289 0.282776 0.394078 -0.052181 1.273893 0.080596 0.318259 0.037940 0.308765 -0.132970 -0.097593 1.034161 0.159738 0.254704 -0.063878 5.461277 2.190485 -18.617961 1.911382 -1.211087 -9.636713 5.461277 2.190485 -26.465961 1.911382 -1.211087 -17.484713 0.000000 0.000000 -7.848000 0.000000 0.000000 -7.848000 0.000000 0.000000 0.000000 0.000000 0.000000 0.000000 0.000000 0.000000 0.000000 0.000000 0.000000 0.000000 0.000000 0.000000 0.000000 0.000000 0.000000 0.000000 0.000000 0.000000 0.000000 0.000000 0.000000 0.000000
2.348707 0.000000 0.067255 0.021164 0.011157 0.946970 0.001642 0.248373 0.005501 0.184833 -0.017749 -0.000372 0.884879 0.001414 0.217981 -0.007742 -0.369704 0.513402 -0.034369 0.600297 0.108018 0.124651 0.045237 -0.116881 -0.252512 -0.117865 0.396068 0.148280 0.082446 -0.074685 0.339847 0.371730 -0.056708 1.318423 0.103123 0.334698 0.035921 0.359041 -0.122220 -0.091429 1.050911 0.152688 0.278946 -0.065293 5.335945 2.137062 -18.668707 1.764967 -1.160828 -9.286638 5.335945 2.137062 -26.516707 1.764967 -1.160828 -17.134638 0.000000 0.000000 -7.848000 0.000000 0.000000 -7.848000 0.000000 0.000000 0.000000 0.000000 0.000000 0.000000 0.000000 0.000000 0.000000 0.000000 0.000000 0.000000 0.000000 0.000000 0.000000 0.000000 0.000000 0.000000 0.000000 0.000000 0.000000 0.000000 0.000000 0.000000
2.388150 0.000000 0.067819 0.021128 0.011217 0.945927 0.001606 0.248109 0.005501 0.184821 -0.017749 -0.000360 0.884316 0.001438 0.217693 -0.007742 -0.304471 0.520443 -0.030379 0.641896 0.100183 0.129134 0.046618 -0.084246 -0.268613 -0.129984 0.423509 0.142811 0.097096 -0.077600 0.405189 0.378803 -0.052752 1.361004 0.095296 0.339683 0.037313 0.392783 -0.138352 -0.103529 1.079483 0.147214 0.294163 -0.068214 5.200152 2.158757 -18.771847 1.722953 -1.217623 -9.514735 5.200152 2.158757 -26.619847 1.722953 -1.217623 -17.362735 0.000000 0.000000 -7.848000 0.000000 0.000000 -7.848000 0.000000 0.000000 0.000000 0.000000 0.000000 0.000000 0.000000 0.000000 0.000000 0.000000 0.000000 0.000000 0.000000 0.000000 0.000000 0.000000 0.000000 0.000000 0.000000 0.000000 0.000000 0.000000 0.000000 0.000000
2.428619 0.000000 0.068969 0.021020 0.011169 0.943254 0.001654 0.247438 0.005465 0.184701 -0.017713 -0.000192 0.882315 0.001462 0.216747 -0.007730 -0.246700 0.512444 -0.031156 0.715641 0.105846 0.156206 0.045961 -0.037168 -0.237186 -0.116834 0.492487 0.152004 0.115796 -0.078531 0.464112 0.371125 -0.053576 1.437711 0.100983 0.368215 0.036685 0.443988 -0.107272 -0.090378 1.152551 0.156384 0.314875 -0.069178 5.262015 2.179177 -19.638203 1.735984 -1.164745 -10.289176 5.262015 2.179177 -27.486203 1.735984 -1.164745 -18.137176 0.000000 0.000000 -7.848000 0.000000 0.000000 -7.848000 0.000000 0.000000 0.000000 0.000000 0.000000 0.000000 0.000000 0.000000 0.000000 0.000000 0.000000 0.000000 0.000000 0.000000 0.000000 0.000000 0.000000 0.000000 0.000000 0.000000 0.000000 0.000000 0.000000 0.000000
2.476912 0.000000 0.069425 0.020984 0.011157 0.942236 0.001618 0.247378 0.005501 0.184701 -0.017725 -0.000168 0.882051 0.001438 0.216627 -0.007730 -0.161333 0.512226 -0.029148 0.790496 0.096687 0.186612 0.047421 0.000588 -0.289344 -0.125322 0.568511 0.158531 0.135509 -0.084007 0.549745 0.371000 -0.051589 1.513541 0.091825 0.399040 0.038149 0.482235 -0.159423 -0.098847 1.229086 0.162912 0.334840 -0.074649 5.197610 2.207110 -20.290676 1.823662 -1.345268 -11.408993 5.197610 2.207110 -28.138676 1.823662 -1.345268 -19.256993 0.000000 0.000000 -7.848000 0.000000 0.000000 -7.848000 0.000000 0.000000 0.000000 0.000000 0.000000 0.000000 0.000000 0.000000 0.000000 0.000000 0.000000 0.000000 0.000000 0.000000 0.000000 0.000000 0.000000 0.000000 0.000000 0.000000 0.000000 0.000000 0.000000 0.000000
2.512916 0.000000 0.071090 0.020781 0.011121 0.934458 0.001606 0.246659 0.005441 0.184857 -0.017665 -0.000168 0.878480 0.001378 0.216112 -0.007730 -0.200399 0.502334 -0.032336 0.756828 0.102118 0.193992 0.045866 0.007244 -0.292946 -0.121794 0.605181 0.163011 0.147809 -0.084192 0.518226 0.361700 -0.054930 1.490275 0.097294 0.410916 0.036667 0.494380 -0.163246 -0.095246 1.271701 0.167389 0.349724 -0.074845 5.195153 2.150144 -19.631805 1.917347 -1.377777 -11.967504 5.195153 2.150144 -27.479805 1.917347 -1.377777 -19.815504 0.000000 0.000000 -7.848000 0.000000 0.000000 -7.848000 0.000000 0.000000 0.000000 0.000000 0.000000 0.000000 0.000000 0.000000 0.000000 0.000000 0.000000 0.000000 0.000000 0.000000 0.000000 0.000000 0.000000 0.000000 0.000000 0.000000 0.000000 0.000000 0.000000 0.000000
2.541241 0.000000 0.071090 0.020769 0.011121 0.933427 0.001630 0.246444 0.005441 0.184857 -0.017653 -0.000180 0.877665 0.001402 0.216052 -0.007718 -0.135238 0.514569 -0.018653 0.770145 0.106432 0.214794 0.047572 0.012182 -0.291930 -0.127987 0.623439 0.166089 0.155661 -0.084096 0.585114 0.373968 -0.041275 1.505388 0.101610 0.432529 0.038373 0.500638 -0.162277 -0.101423 1.291334 0.170462 0.358150 -0.074761 4.933009 2.164216 -19.171916 1.957763 -1.394569 -12.266168 4.933009 2.164216 -27.019916 1.957763 -1.394569 -20.114168 0.000000 0.000000 -7.848000 0.000000 0.000000 -7.848000 0.000000 0.000000 0.000000 0.000000 0.000000 0.000000 0.000000 0.000000 0.000000 0.000000 0.000000 0.000000 0.000000 0.000000 0.000000 0.000000 0.000000 0.000000 0.000000 0.000000 0.000000 0.000000 0.000000 0.000000
2.582591 0.000000 0.071114 0.020757 0.011097 0.928622 0.001618 0.245796 0.005441 0.184988 -0.017569 -0.000156 0.872296 0.001498 0.215177 -0.007718 -0.079118 0.513258 -0.020164 0.783207 0.111201 0.245589 0.047681 0.052110 -0.289273 -0.121655 0.656025 0.156925 0.176607 -0.081130 0.648978 0.372720 -0.042948 1.526538 0.106384 0.466856 0.038489 0.549169 -0.160001 -0.094990 1.333064 0.161277 0.383107 -0.071843 4.711177 2.131549 -18.634374 1.907539 -1.384558 -12.363684 4.711177 2.131549 -26.482374 1.907539 -1.384558 -20.211684 0.000000 0.000000 -7.848000 0.000000 0.000000 -7.848000 0.000000 0.000000 0.000000 0.000000 0.000000 0.000000 0.000000 0.000000 0.000000 0.000000 0.000000 0.000000 0.000000 0.000000 0.000000 0.000000 0.000000 0.000000 0.000000 0.000000 0.000000 0.000000 0.000000 0.000000
2.614938 0.000000 0.071114 0.020685 0.011073 0.927124 0.001606 0.245737 0.005429 0.184941 -0.017521 -0.000156 0.871361 0.001498 0.214973 -0.007730 -0.060612 0.499926 -0.024965 0.769811 0.113584 0.256925 0.045863 0.074773 -0.298988 -0.111373 0.663895 0.161049 0.185190 -0.082653 0.669832 0.359633 -0.047729 1.515580 0.108780 0.479204 0.036701 0.573575 -0.169876 -0.084728 1.342670 0.165394 0.392466 -0.073379 4.541393 2.066738 -18.079204 1.841391 -1.390678 -12.268542 4.541393 2.066738 -25.927204 1.841391 -1.390678 -20.116542 0.000000 0.000000 -7.848000 0.000000 0.000000 -7.848000 0.000000 0.000000 0.000000 0.000000 0.000000 0.000000 0.000000 0.000000 0.000000 0.000000 0.000000 0.000000 0.000000 0.000000 0.000000 0.000000 0.000000 0.000000 0.000000 0.000000 0.000000 0.000000 0.000000 0.000000
2.641268 0.000000 0.071066 0.020625 0.011073 0.921263 0.001594 0.242297 0.005405 0.184833 -0.017485 -0.000096 0.863164 0.001498 0.214554 -0.007718 -0.032852 0.524415 -0.018287 0.781194 0.116460 0.246345 0.048639 0.066988 -0.273172 -0.102376 0.633507 0.164988 0.190600 -0.081578 0.708883 0.384320 -0.041237 1.538632 0.111715 0.474685 0.039509 0.579218 -0.144418 -0.075518 1.326081 0.169335 0.403574 -0.072336 4.463249 2.110585 -17.691317 1.799789 -1.291481 -11.587417 4.463249 2.110585 -25.539317 1.799789 -1.291481 -19.435417 0.000000 0.000000 -7.848000 0.000000 0.000000 -7.848000 0.000000 0.000000 0.000000 0.000000 0.000000 0.000000 0.000000 0.000000 0.000000 0.000000 0.000000 0.000000 0.000000 0.000000 0.000000 0.000000 0.000000 0.000000 0.000000 0.000000 0.000000 0.000000 0.000000 0.000000
2.673084 0.000000 0.071054 0.020637 0.011085 0.920029 0.001606 0.241614 0.005393 0.184605 -0.017509 -0.000096 0.861726 0.001438 0.213559 -0.007718 -0.018088 0.516412 -0.010957 0.790227 0.108531 0.240667 0.050059 0.094879 -0.286227 -0.105397 0.632935 0.157582 0.190577 -0.085018 0.725999 0.376273 -0.033970 1.550094 0.103793 0.470255 0.040928 0.610653 -0.157460 -0.078467 1.328852 0.161924 0.405281 -0.075764 4.429988 2.094264 -17.636628 1.690525 -1.308083 -11.260508 4.429988 2.094264 -25.484628 1.690525 -1.308083 -19.108508 0.000000 0.000000 -7.848000 0.000000 0.000000 -7.848000 0.000000 0.000000 0.000000 0.000000 0.000000 0.000000 0.000000 0.000000 0.000000 0.000000 0.000000 0.000000 0.000000 0.000000 0.000000 0.000000 0.000000 0.000000 0.000000 0.000000 0.000000 0.000000 0.000000 0.000000
2.701350 0.000000 0.071174 0.020421 0.011073 0.911604 0.001594 0.239145 0.005393 0.184425 -0.017185 0.000024 0.854715 0.001438 0.211354 -0.007706 0.021047 0.502548 -0.016095 0.801256 0.110978 0.230972 0.048454 0.115780 -0.263028 -0.100791 0.605220 0.161988 0.190788 -0.085095 0.779209 0.363072 -0.039216 1.575936 0.106300 0.467520 0.039397 0.644445 -0.135505 -0.073995 1.314231 0.166261 0.411604 -0.075968 4.267156 2.022862 -16.998325 1.531125 -1.202114 -10.369111 4.267156 2.022862 -24.846325 1.531125 -1.202114 -18.217111 0.000000 0.000000 -7.848000 0.000000 0.000000 -7.848000 0.000000 0.000000 0.000000 0.000000 0.000000 0.000000 0.000000 0.000000 0.000000 0.000000 0.000000 0.000000 0.000000 0.000000 0.000000 0.000000 0.000000 0.000000 0.000000 0.000000 0.000000 0.000000 0.000000 0.000000
2.728371 0.000000 0.071150 0.020445 0.011085 0.911149 0.001594 0.238582 0.005381 0.184473 -0.017030 0.000072 0.852941 0.001450 0.210707 -0.007694 0.075907 0.499359 -0.017682 0.833872 0.113335 0.230034 0.049819 0.157505 -0.244635 -0.099196 0.594745 0.165143 0.182111 -0.084022 0.835182 0.359805 -0.040849 1.609675 0.108662 0.467254 0.040758 0.689212 -0.117652 -0.072513 1.306974 0.169385 0.404472 -0.074955 4.141503 2.013872 -17.016926 1.316960 -1.118114 -9.686801 4.141503 2.013872 -24.864926 1.316960 -1.118114 -17.534801 0.000000 0.000000 -7.848000 0.000000 0.000000 -7.848000 0.000000 0.000000 0.000000 0.000000 0.000000 0.000000 0.000000 0.000000 0.000000 0.000000 0.000000 0.000000 0.000000 0.000000 0.000000 0.000000 0.000000 0.000000 0.000000 0.000000 0.000000 0.000000 0.000000 0.000000
2.765022 0.000000 0.071282 0.020361 0.011049 0.904797 0.001594 0.237983 0.005333 0.184126 -0.016311 0.000264 0.844073 0.001414 0.207591 -0.007694 0.046911 0.509563 -0.016778 0.795774 0.116515 0.222810 0.052543 0.178103 -0.258232 -0.109474 0.546639 0.167722 0.159734 -0.089700 0.815848 0.370314 -0.040083 1.581824 0.111863 0.464421 0.043525 0.726640 -0.133758 -0.083332 1.275756 0.171835 0.390080 -0.080888 4.098136 2.005414 -16.303274 1.096545 -1.092404 -8.408727 4.098136 2.005414 -24.151274 1.096545 -1.092404 -16.256727 0.000000 0.000000 -7.848000 0.000000 0.000000 -7.848000 0.000000 0.000000 0.000000 0.000000 0.000000 0.000000 0.000000 0.000000 0.000000 0.000000 0.000000 0.000000 0.000000 0.000000 0.000000 0.000000 0.000000 0.000000 0.000000 0.000000 0.000000 0.000000 0.000000 0.000000
2.807530 0.000000 0.071246 0.020301 0.011037 0.900315 0.001558 0.236617 0.005333 0.182088 -0.015879 0.000407 0.841748 0.001414 0.204870 -0.007670 0.077412 0.520842 -0.014662 0.834966 0.119716 0.234527 0.058364 0.239650 -0.229794 -0.105918 0.581422 0.171551 0.134618 -0.090153 0.854109 0.381800 -0.038071 1.629028 0.115091 0.479914 0.049375 0.799564 -0.107029 -0.080319 1.319193 0.175556 0.369488 -0.081532 4.147733 2.048301 -16.602442 0.943760 -1.004761 -8.231597 4.147733 2.048301 -24.450442 0.943760 -1.004761 -16.079597 0.000000 0.000000 -7.848000 0.000000 0.000000 -7.848000 0.000000 0.000000 0.000000 0.000000 0.000000 0.000000 0.000000 0.000000 0.000000 0.000000 0.000000 0.000000 0.000000 0.000000 0.000000 0.000000 0.000000 0.000000 0.000000 0.000000 0.000000 0.000000 0.000000 0.000000
2.835852 0.000000 0.071270 0.020325 0.011037 0.898709 0.001558 0.236473 0.005321 0.182088 -0.015723 0.000443 0.840621 0.001438 0.204235 -0.007658 0.088066 0.522496 -0.015283 0.845547 0.121145 0.239063 0.058659 0.249941 -0.221612 -0.106276 0.594619 0.164512 0.109725 -0.089273 0.867215 0.383390 -0.038772 1.642198 0.116518 0.485556 0.049666 0.812009 -0.099366 -0.080819 1.334611 0.168485 0.345732 -0.080714 4.147251 2.054174 -16.646029 0.928899 -0.985461 -8.236384 4.147251 2.054174 -24.494029 0.928899 -0.985461 -16.084384 0.000000 0.000000 -7.848000 0.000000 0.000000 -7.848000 0.000000 0.000000 0.000000 0.000000 0.000000 0.000000 0.000000 0.000000 0.000000 0.000000 0.000000 0.000000 0.000000 0.000000 0.000000 0.000000 0.000000 0.000000 0.000000 0.000000 0.000000 0.000000 0.000000 0.000000
2.863988 0.000000 0.071270 0.020337 0.011061 0.893664 0.001546 0.235610 0.005333 0.181897 -0.015424 0.000563 0.838117 0.001438 0.203600 -0.007646 0.086401 0.509636 -0.019311 0.855991 0.121943 0.242763 0.056218 0.281485 -0.200484 -0.092636 0.631975 0.167740 0.105375 -0.088642 0.873717 0.370480 -0.042992 1.661138 0.117317 0.493038 0.047220 0.848421 -0.079307 -0.067472 1.376696 0.171663 0.343524 -0.080197 4.205177 2.022286 -16.661094 0.905868 -0.929301 -8.473252 4.205177 2.022286 -24.509094 0.905868 -0.929301 -16.321252 0.000000 0.000000 -7.848000 0.000000 0.000000 -7.848000 0.000000 0.000000 0.000000 0.000000 0.000000 0.000000 0.000000 0.000000 0.000000 0.000000 0.000000 0.000000 0.000000 0.000000 0.000000 0.000000 0.000000 0.000000 0.000000 0.000000 0.000000 0.000000 0.000000 0.000000
2.892914 0.000000 0.071246 0.020349 0.011073 0.892345 0.001558 0.234843 0.005309 0.182016 -0.015256 0.000563 0.836547 0.001402 0.203576 -0.007646 0.126234 0.508188 -0.020167 0.877428 0.122898 0.241256 0.056413 0.289248 -0.196831 -0.085978 0.633011 0.170055 0.095834 -0.088219 0.916083 0.368995 -0.043914 1.685175 0.118283 0.492878 0.047417 0.858283 -0.076145 -0.060948 1.380083 0.173961 0.334935 -0.079821 4.101143 2.013308 -16.584806 0.869228 -0.906721 -8.346277 4.101143 2.013308 -24.432806 0.869228 -0.906721 -16.194277 0.000000 0.000000 -7.848000 0.000000 0.000000 -7.848000 0.000000 0.000000 0.000000 0.000000 0.000000 0.000000 0.000000 0.000000 0.000000 0.000000 0.000000 0.000000 0.000000 0.000000 0.000000 0.000000 0.000000 0.000000 0.000000 0.000000 0.000000 0.000000 0.000000 0.000000
2.924546 0.000000 0.071246 0.020277 0.011061 0.885347 0.001522 0.234208 0.005297 0.181968 -0.014177 0.000599 0.831525 0.001450 0.202677 -0.007622 0.074158 0.522654 -0.019791 0.812070 0.124133 0.235001 0.057535 0.299014 -0.157784 -0.074630 0.645316 0.162806 0.096315 -0.088090 0.874951 0.383712 -0.043700 1.631197 0.119534 0.491493 0.048575 0.876603 -0.040330 -0.050680 1.401100 0.166555 0.339259 -0.080064 4.045571 2.001911 -15.611679 0.863380 -0.797505 -8.340882 4.045571 2.001911 -23.459679 0.863380 -0.797505 -16.188882 0.000000 0.000000 -7.848000 0.000000 0.000000 -7.848000 0.000000 0.000000 0.000000 0.000000 0.000000 0.000000 0.000000 0.000000 0.000000 0.000000 0.000000 0.000000 0.000000 0.000000 0.000000 0.000000 0.000000 0.000000 0.000000 0.000000 0.000000 0.000000 0.000000 0.000000
2.959916 0.000000 0.071222 0.020181 0.011014 0.877557 0.001534 0.232266 0.005285 0.181741 -0.012979 0.000755 0.825306 0.001402 0.202378 -0.007610 0.136594 0.513341 -0.025049 0.790226 0.124252 0.249366 0.058340 0.276136 -0.118086 -0.066316 0.585188 0.155644 0.088088 -0.089042 0.950347 0.374759 -0.049131 1.622788 0.119686 0.512056 0.049418 0.864276 -0.004354 -0.043609 1.351463 0.159235 0.335359 -0.081415 3.605101 1.907516 -14.311390 0.766214 -0.650324 -7.415907 3.605101 1.907516 -22.159390 0.766214 -0.650324 -15.263907 0.000000 0.000000 -7.848000 0.000000 0.000000 -7.848000 0.000000 0.000000 0.000000 0.000000 0.000000 0.000000 0.000000 0.000000 0.000000 0.000000 0.000000 0.000000 0.000000 0.000000 0.000000 0.000000 0.000000 0.000000 0.000000 0.000000 0.000000 0.000000 0.000000 0.000000
2.989906 0.000000 0.071234 0.020217 0.011049 0.875615 0.001534 0.231847 0.005285 0.181801 -0.012524 0.000767 0.822501 0.001462 0.202174 -0.007586 0.120909 0.541722 -0.009487 0.768882 0.125789 0.243422 0.062594 0.318537 -0.078713 -0.069806 0.571339 0.150858 0.094400 -0.091197 0.937786 0.403002 -0.033679 1.604716 0.121221 0.507602 0.053659 0.910974 0.033653 -0.047549 1.342129 0.154382 0.343562 -0.083737 3.592173 1.975938 -14.027609 0.536271 -0.526152 -6.768604 3.592173 1.975938 -21.875609 0.536271 -0.526152 -14.616604 0.000000 0.000000 -7.848000 0.000000 0.000000 -7.848000 0.000000 0.000000 0.000000 0.000000 0.000000 0.000000 0.000000 0.000000 0.000000 0.000000 0.000000 0.000000 0.000000 0.000000 0.000000 0.000000 0.000000 0.000000 0.000000 0.000000 0.000000 0.000000 0.000000 0.000000
3.014696 0.000000 0.071186 0.020217 0.011014 0.872392 0.001546 0.229750 0.005309 0.181513 -0.011589 0.000863 0.817588 0.001450 0.200892 -0.007586 0.169245 0.545667 -0.002513 0.792293 0.126376 0.239287 0.062807 0.323565 -0.037947 -0.059487 0.550092 0.147774 0.094136 -0.089566 0.992358 0.406990 -0.026833 1.634537 0.121829 0.506864 0.053867 0.925260 0.071537 -0.038214 1.329967 0.151165 0.347437 -0.082422 3.455357 1.980231 -13.842982 0.440852 -0.394101 -6.279703 3.455357 1.980231 -21.690982 0.440852 -0.394101 -14.127703 0.000000 0.000000 -7.848000 0.000000 0.000000 -7.848000 0.000000 0.000000 0.000000 0.000000 0.000000 0.000000 0.000000 0.000000 0.000000 0.000000 0.000000 0.000000 0.000000 0.000000 0.000000 0.000000 0.000000 0.000000 0.000000 0.000000 0.000000 0.000000 0.000000 0.000000
3.052094 0.000000 0.071162 0.020086 0.010990 0.870426 0.001534 0.228156 0.005261 0.181453 -0.010918 0.000863 0.812015 0.001426 0.200376 -0.007550 0.195362 0.521448 -0.002727 0.830533 0.125671 0.236691 0.058826 0.339889 -0.048111 -0.067661 0.487678 0.153592 0.096753 -0.099088 1.022454 0.383208 -0.026987 1.676871 0.121176 0.506531 0.049947 0.950644 0.059364 -0.047042 1.276819 0.156893 0.353975 -0.092174 3.499823 1.936057 -14.174011 0.178842 -0.370556 -5.102528 3.499823 1.936057 -22.022011 0.178842 -0.370556 -12.950528 0.000000 0.000000 -7.848000 0.000000 0.000000 -7.848000 0.000000 0.000000 0.000000 0.000000 0.000000 0.000000 0.000000 0.000000 0.000000 0.000000 0.000000 0.000000 0.000000 0.000000 0.000000 0.000000 0.000000 0.000000 0.000000 0.000000 0.000000 0.000000 0.000000 0.000000
3.088953 0.000000 0.071174 0.020098 0.010942 0.869683 0.001522 0.227928 0.005273 0.181285 -0.010834 0.000911 0.810026 0.001426 0.200149 -0.007550 0.171665 0.548823 0.010191 0.855098 0.127010 0.232181 0.063361 0.364037 -0.029995 -0.065979 0.446968 0.147420 0.112487 -0.101962 0.999970 0.410600 -0.014105 1.702713 0.122515 0.502626 0.054478 0.978460 0.077132 -0.045434 1.239657 0.150709 0.371222 -0.095084 3.761555 2.047009 -14.844051 -0.052066 -0.288487 -4.274789 3.761555 2.047009 -22.692051 -0.052066 -0.288487 -12.122789 0.000000 0.000000 -7.848000 0.000000 0.000000 -7.848000 0.000000 0.000000 0.000000 0.000000 0.000000 0.000000 0.000000 0.000000 0.000000 0.000000 0.000000 0.000000 0.000000 0.000000 0.000000 0.000000 0.000000 0.000000 0.000000 0.000000 0.000000 0.000000 0.000000 0.000000
3.116811 0.000000 0.071234 0.020110 0.010942 0.868389 0.001522 0.227808 0.005249 0.181321 -0.010738 0.000983 0.807641 0.001438 0.199993 -0.007538 0.173313 0.565190 0.009282 0.856258 0.136521 0.227002 0.065765 0.395241 0.009532 -0.054398 0.401675 0.144524 0.115775 -0.098291 1.003444 0.426942 -0.015072 1.705865 0.132028 0.498302 0.056885 1.013291 0.116262 -0.033926 1.198178 0.147799 0.376103 -0.091456 3.759840 2.084465 -14.799573 -0.345880 -0.135893 -3.249310 3.759840 2.084465 -22.647573 -0.345880 -0.135893 -11.097310 0.000000 0.000000 -7.848000 0.000000 0.000000 -7.848000 0.000000 0.000000 0.000000 0.000000 0.000000 0.000000 0.000000 0.000000 0.000000 0.000000 0.000000 0.000000 0.000000 0.000000 0.000000 0.000000 0.000000 0.000000 0.000000 0.000000 0.000000 0.000000 0.000000 0.000000
3.146245 0.000000 0.071234 0.020110 0.010942 0.863775 0.001498 0.226921 0.005237 0.179787 -0.009995 0.001618 0.803518 0.001474 0.198219 -0.007514 0.144467 0.547313 0.008943 0.838935 0.144089 0.219010 0.067392 0.391707 0.053866 -0.044919 0.417107 0.141808 0.122124 -0.097511 0.981999 0.409091 -0.015570 1.696240 0.139607 0.493776 0.058523 1.021708 0.157487 -0.025453 1.223560 0.144946 0.387127 -0.090995 3.814255 2.035274 -14.581857 -0.281713 -0.032176 -3.485222 3.814255 2.035274 -22.429857 -0.281713 -0.032176 -11.333222 0.000000 0.000000 -7.848000 0.000000 0.000000 -7.848000 0.000000 0.000000 0.000000 0.000000 0.000000 0.000000 0.000000 0.000000 0.000000 0.000000 0.000000 0.000000 0.000000 0.000000 0.000000 0.000000 0.000000 0.000000 0.000000 0.000000 0.000000 0.000000 0.000000 0.000000
3.189911 0.000000 0.071234 0.020086 0.010894 0.861534 0.001486 0.226574 0.005237 0.178924 -0.009755 0.001846 0.803099 0.001414 0.198147 -0.007502 0.139415 0.571289 0.021470 0.835964 0.141423 0.224959 0.067790 0.400543 0.086694 -0.041420 0.464111 0.137667 0.143319 -0.099295 0.980488 0.433198 -0.003089 1.696947 0.136948 0.501352 0.058933 1.033791 0.189268 -0.022332 1.272575 0.140767 0.409157 -0.092876 3.842287 2.100068 -14.548977 -0.157447 0.018590 -4.192573 3.842287 2.100068 -22.396977 -0.157447 0.018590 -12.040573 0.000000 0.000000 -7.848000 0.000000 0.000000 -7.848000 0.000000 0.000000 0.000000 0.000000 0.000000 0.000000 0.000000 0.000000 0.000000 0.000000 0.000000 0.000000 0.000000 0.000000 0.000000 0.000000 0.000000 0.000000 0.000000 0.000000 0.000000 0.000000 0.000000 0.000000
3.229326 0.000000 0.071186 0.020122 0.010918 0.856237 0.001498 0.225076 0.005225 0.177283 -0.008916 0.001905 0.801685 0.001438 0.197967 -0.007466 0.135416 0.556385 0.020355 0.824771 0.138512 0.211485 0.066941 0.409133 0.138589 -0.021505 0.508750 0.135297 0.161057 -0.098680 0.985375 0.418191 -0.004431 1.694926 0.134047 0.492171 0.058076 1.049529 0.238500 -0.003500 1.322044 0.138270 0.428905 -0.092576 3.791229 2.046167 -14.155160 -0.046368 0.136742 -4.815734 3.791229 2.046167 -22.003160 -0.046368 0.136742 -12.663734 0.000000 0.000000 -7.848000 0.000000 0.000000 -7.848000 0.000000 0.000000 0.000000 0.000000 0.000000 0.000000 0.000000 0.000000 0.000000 0.000000 0.000000 0.000000 0.000000 0.000000 0.000000 0.000000 0.000000 0.000000 0.000000 0.000000 0.000000 0.000000 0.000000 0.000000
3.265278 0.000000 0.071186 0.020133 0.010906 0.854919 0.001450 0.224393 0.005213 0.176971 -0.008653 0.001941 0.800702 0.001450 0.197824 -0.007466 0.191676 0.559966 0.024865 0.878352 0.136771 0.212866 0.067903 0.401107 0.137088 -0.019808 0.541562 0.132280 0.172612 -0.102439 1.043995 0.421768 0.000017 1.750961 0.132319 0.494806 0.059048 1.044018 0.236161 -0.002123 1.356964 0.135216 0.441362 -0.096429 3.764606 2.074022 -14.511395 0.108514 0.108605 -5.425481 3.764606 2.074022 -22.359395 0.108514 0.108605 -13.273481 0.000000 0.000000 -7.848000 0.000000 0.000000 -7.848000 0.000000 0.000000 0.000000 0.000000 0.000000 0.000000 0.000000 0.000000 0.000000 0.000000 0.000000 0.000000 0.000000 0.000000 0.000000 0.000000 0.000000 0.000000 0.000000 0.000000 0.000000 0.000000 0.000000 0.000000
3.300109 0.000000 0.071210 0.020145 0.010942 0.852294 0.001486 0.223781 0.005225 0.176719 -0.008161 0.002001 0.797215 0.001450 0.197308 -0.007454 0.224892 0.563139 0.029557 0.894386 0.146504 0.223114 0.069709 0.416263 0.144935 -0.015804 0.545292 0.130442 0.181620 -0.102057 1.081381 0.424869 0.004599 1.771373 0.142049 0.507063 0.060839 1.065537 0.242466 0.001335 1.366875 0.133311 0.453051 -0.096221 3.678313 2.082137 -14.427077 0.059845 0.138114 -5.340960 3.678313 2.082137 -22.275077 0.059845 0.138114 -13.188960 0.000000 0.000000 -7.848000 0.000000 0.000000 -7.848000 0.000000 0.000000 0.000000 0.000000 0.000000 0.000000 0.000000 0.000000 0.000000 0.000000 0.000000 0.000000 0.000000 0.000000 0.000000 0.000000 0.000000 0.000000 0.000000 0.000000 0.000000 0.000000 0.000000 0.000000
3.356348 0.000000 0.071474 0.020026 0.010882 0.842155 0.001474 0.222739 0.005189 0.176348 -0.008149 0.002073 0.790887 0.001402 0.196553 -0.007442 0.145912 0.559847 0.030192 0.778537 0.141377 0.203923 0.069501 0.423155 0.133416 -0.029384 0.562190 0.127379 0.211303 -0.106136 1.017184 0.422039 0.005028 1.671297 0.136948 0.494685 0.060686 1.083481 0.230682 -0.012188 1.394702 0.130250 0.487418 -0.100318 3.495890 1.998216 -12.826829 0.119223 0.086037 -5.606237 3.495890 1.998216 -20.674829 0.119223 0.086037 -13.454237 0.000000 0.000000 -7.848000 0.000000 0.000000 -7.848000 0.000000 0.000000 0.000000 0.000000 0.000000 0.000000 0.000000 0.000000 0.000000 0.000000 0.000000 0.000000 0.000000 0.000000 0.000000 0.000000 0.000000 0.000000 0.000000 0.000000 0.000000 0.000000 0.000000 0.000000
3.403826 0.000000 0.071486 0.020026 0.010918 0.839771 0.001450 0.222200 0.005189 0.176264 -0.008125 0.002049 0.789509 0.001414 0.196481 -0.007442 0.190919 0.562247 0.018152 0.750363 0.138398 0.213436 0.070162 0.421192 0.179519 -0.009109 0.576557 0.126740 0.234339 -0.104226 1.065972 0.424415 -0.007098 1.647077 0.133976 0.506009 0.061353 1.083873 0.276712 0.008080 1.411391 0.129610 0.511416 -0.098419 3.117845 1.943830 -11.890722 0.175989 0.202659 -5.868690 3.117845 1.943830 -19.738722 0.175989 0.202659 -13.716690 0.000000 0.000000 -7.848000 0.000000 0.000000 -7.848000 0.000000 0.000000 0.000000 0.000000 0.000000 0.000000 0.000000 0.000000 0.000000 0.000000 0.000000 0.000000 0.000000 0.000000 0.000000 0.000000 0.000000 0.000000 0.000000 0.000000 0.000000 0.000000 0.000000 0.000000
3.444782 0.000000 0.070743 0.020110 0.010942 0.832352 0.001438 0.217082 0.005177 0.175928 -0.008101 0.002109 0.779993 0.001450 0.195355 -0.007466 0.186253 0.556862 0.007201 0.828123 0.136357 0.204635 0.072093 0.387962 0.185028 0.000355 0.548749 0.125879 0.247234 -0.106974 1.077320 0.418844 -0.018407 1.740355 0.131993 0.505411 0.063275 1.066523 0.281887 0.017645 1.399592 0.128754 0.531183 -0.101197 3.523677 1.975922 -12.930271 0.245572 0.226991 -5.677307 3.523677 1.975922 -20.778271 0.245572 0.226991 -13.525307 0.000000 0.000000 -7.848000 0.000000 0.000000 -7.848000 0.000000 0.000000 0.000000 0.000000 0.000000 0.000000 0.000000 0.000000 0.000000 0.000000 0.000000 0.000000 0.000000 0.000000 0.000000 0.000000 0.000000 0.000000 0.000000 0.000000 0.000000 0.000000 0.000000 0.000000
3.505894 0.000000 0.070839 0.020074 0.010918 0.830099 0.001438 0.216950 0.005165 0.176012 -0.008089 0.002133 0.775811 0.001390 0.195043 -0.007442 0.262237 0.579511 0.025770 0.841748 0.134592 0.199732 0.074606 0.448084 0.224197 0.015216 0.517024 0.125367 0.278658 -0.108532 1.156387 0.441636 0.000129 1.757331 0.130235 0.501923 0.065804 1.132817 0.320933 0.032563 1.374417 0.128245 0.565363 -0.102761 3.196578 2.016913 -12.425611 -0.122719 0.377591 -4.757153 3.196578 2.016913 -20.273611 -0.122719 0.377591 -12.605153 0.000000 0.000000 -7.848000 0.000000 0.000000 -7.848000 0.000000 0.000000 0.000000 0.000000 0.000000 0.000000 0.000000 0.000000 0.000000 0.000000 0.000000 0.000000 0.000000 0.000000 0.000000 0.000000 0.000000 0.000000 0.000000 0.000000 0.000000 0.000000 0.000000 0.000000
3.571326 0.000000 0.070923 0.019846 0.010822 0.823125 0.001438 0.216615 0.005165 0.174934 -0.008101 0.002109 0.767290 0.001414 0.192646 -0.007442 0.214045 0.572805 0.030416 0.864531 0.132706 0.205845 0.078019 0.381885 0.230781 0.019370 0.481033 0.124277 0.254856 -0.112059 1.118286 0.435729 0.004819 1.790721 0.128377 0.512484 0.069295 1.083802 0.327300 0.036815 1.354665 0.127149 0.548999 -0.106319 3.569178 2.038575 -13.065996 0.045121 0.392149 -4.619451 3.569178 2.038575 -20.913996 0.045121 0.392149 -12.467451 0.000000 0.000000 -7.848000 0.000000 0.000000 -7.848000 0.000000 0.000000 0.000000 0.000000 0.000000 0.000000 0.000000 0.000000 0.000000 0.000000 0.000000 0.000000 0.000000 0.000000 0.000000 0.000000 0.000000 0.000000 0.000000 0.000000 0.000000 0.000000 0.000000 0.000000
3.622776 0.000000 0.071007 0.019870 0.010846 0.820955 0.001462 0.216579 0.005153 0.174442 -0.008089 0.002145 0.765660 0.001414 0.191784 -0.007430 0.254651 0.553390 0.010993 0.851107 0.131100 0.236709 0.074356 0.445047 0.226645 0.007592 0.491142 0.140110 0.247403 -0.112955 1.161808 0.416226 -0.014704 1.780463 0.126766 0.544651 0.065623 1.151310 0.322995 0.025013 1.368541 0.142971 0.543383 -0.107234 3.295769 1.944487 -12.513364 -0.204230 0.395377 -4.222742 3.295769 1.944487 -20.361364 -0.204230 0.395377 -12.070742 0.000000 0.000000 -7.848000 0.000000 0.000000 -7.848000 0.000000 0.000000 0.000000 0.000000 0.000000 0.000000 0.000000 0.000000 0.000000 0.000000 0.000000 0.000000 0.000000 0.000000 0.000000 0.000000 0.000000 0.000000 0.000000 0.000000 0.000000 0.000000 0.000000 0.000000
3.665379 0.000000 0.070827 0.019882 0.010882 0.813118 0.001438 0.213367 0.005141 0.172237 -0.008101 0.002181 0.760974 0.001390 0.187685 -0.007442 0.309659 0.576028 0.020922 0.884909 0.130933 0.229615 0.080360 0.501636 0.217629 0.010167 0.520543 0.136329 0.224693 -0.115061 1.230519 0.438855 -0.005062 1.828243 0.126637 0.544425 0.071638 1.223599 0.313624 0.027545 1.410905 0.139166 0.527411 -0.109375 3.176396 1.998011 -12.342892 -0.363107 0.387348 -4.066935 3.176396 1.998011 -20.190892 -0.363107 0.387348 -11.914935 0.000000 0.000000 -7.848000 0.000000 0.000000 -7.848000 0.000000 0.000000 0.000000 0.000000 0.000000 0.000000 0.000000 0.000000 0.000000 0.000000 0.000000 0.000000 0.000000 0.000000 0.000000 0.000000 0.000000 0.000000 0.000000 0.000000 0.000000 0.000000 0.000000 0.000000
3.705007 0.000000 0.070803 0.019894 0.010858 0.812842 0.001438 0.213056 0.005141 0.172034 -0.008065 0.002169 0.760387 0.001426 0.187421 -0.007406 0.300860 0.590006 0.026675 0.877728 0.130614 0.209262 0.081557 0.497888 0.232731 0.004594 0.506077 0.133968 0.198465 -0.114253 1.222368 0.452830 0.000668 1.821698 0.126321 0.524444 0.072831 1.221461 0.328592 0.021925 1.397799 0.136789 0.501828 -0.108599 3.176810 2.031833 -12.238646 -0.417471 0.427057 -3.789871 3.176810 2.031833 -20.086646 -0.417471 0.427057 -11.637871 0.000000 0.000000 -7.848000 0.000000 0.000000 -7.848000 0.000000 0.000000 0.000000 0.000000 0.000000 0.000000 0.000000 0.000000 0.000000 0.000000 0.000000 0.000000 0.000000 0.000000 0.000000 0.000000 0.000000 0.000000 0.000000 0.000000 0.000000 0.000000 0.000000 0.000000
3.747602 0.000000 0.071246 0.019726 0.010786 0.803303 0.001426 0.212289 0.005117 0.172081 -0.007993 0.002109 0.753664 0.001330 0.185708 -0.007406 0.204514 0.565769 0.022584 0.819266 0.129623 0.208006 0.077339 0.511818 0.219353 0.007886 0.577205 0.144732 0.193988 -0.119861 1.138884 0.429207 -0.003540 1.777284 0.125358 0.529198 0.068680 1.246120 0.314988 0.025261 1.480167 0.147552 0.502509 -0.114219 3.380373 1.957401 -11.902398 -0.231986 0.365181 -4.614047 3.380373 1.957401 -19.750398 -0.231986 0.365181 -12.462047 0.000000 0.000000 -7.848000 0.000000 0.000000 -7.848000 0.000000 0.000000 0.000000 0.000000 0.000000 0.000000 0.000000 0.000000 0.000000 0.000000 0.000000 0.000000 0.000000 0.000000 0.000000 0.000000 0.000000 0.000000 0.000000 0.000000 0.000000 0.000000 0.000000 0.000000
3.799772 0.000000 0.071246 0.019714 0.010810 0.799803 0.001414 0.211917 0.005093 0.172034 -0.007993 0.002133 0.752406 0.001450 0.185264 -0.007406 0.221399 0.610027 0.031296 0.772019 0.146144 0.230673 0.080331 0.548464 0.224488 0.017309 0.636269 0.155642 0.192766 -0.114966 1.160979 0.473503 0.005076 1.735458 0.141887 0.554212 0.071686 1.285006 0.320050 0.034696 1.541487 0.158451 0.502360 -0.109353 3.098021 2.027995 -11.070013 -0.199088 0.372180 -5.117354 3.098021 2.027995 -18.918013 -0.199088 0.372180 -12.965354 0.000000 0.000000 -7.848000 0.000000 0.000000 -7.848000 0.000000 0.000000 0.000000 0.000000 0.000000 0.000000 0.000000 0.000000 0.000000 0.000000 0.000000 0.000000 0.000000 0.000000 0.000000 0.000000 0.000000 0.000000 0.000000 0.000000 0.000000 0.000000 0.000000 0.000000
3.849961 0.000000 0.070347 0.019690 0.010822 0.786441 0.001402 0.207914 0.005057 0.172070 -0.007874 0.002229 0.738192 0.001366 0.181693 -0.007394 0.297828 0.622155 0.038689 0.820879 0.157569 0.258068 0.085729 0.532632 0.215084 0.019740 0.590890 0.147281 0.166321 -0.120808 1.261233 0.485837 0.012096 1.807713 0.153367 0.592590 0.077122 1.291853 0.309954 0.037201 1.519750 0.150078 0.486743 -0.115249 2.974968 2.057508 -10.973368 -0.298770 0.376605 -4.412240 2.974968 2.057508 -18.821368 -0.298770 0.376605 -12.260240 0.000000 0.000000 -7.848000 0.000000 0.000000 -7.848000 0.000000 0.000000 0.000000 0.000000 0.000000 0.000000 0.000000 0.000000 0.000000 0.000000 0.000000 0.000000 0.000000 0.000000 0.000000 0.000000 0.000000 0.000000 0.000000 0.000000 0.000000 0.000000 0.000000 0.000000
3.876860 0.000000 0.070587 0.019582 0.010798 0.774025 0.001414 0.204954 0.004997 0.169037 -0.007886 0.002289 0.723907 0.001402 0.178349 -0.007382 0.284828 0.636509 0.040662 0.849375 0.153872 0.267830 0.086010 0.544002 0.216718 0.014360 0.630818 0.144051 0.174227 -0.122468 1.266697 0.500628 0.013794 1.855776 0.149723 0.611394 0.077458 1.334381 0.310943 0.031844 1.587459 0.146833 0.507056 -0.116990 3.195411 2.107623 -11.258570 -0.184026 0.357236 -4.783552 3.195411 2.107623 -19.106570 -0.184026 0.357236 -12.631552 0.000000 0.000000 -7.848000 0.000000 0.000000 -7.848000 0.000000 0.000000 0.000000 0.000000 0.000000 0.000000 0.000000 0.000000 0.000000 0.000000 0.000000 0.000000 0.000000 0.000000 0.000000 0.000000 0.000000 0.000000 0.000000 0.000000 0.000000 0.000000 0.000000 0.000000
3.912623 0.000000 0.070647 0.019462 0.010810 0.764114 0.001414 0.203181 0.004961 0.168043 -0.007682 0.002325 0.714811 0.001390 0.176743 -0.007358 0.278922 0.643422 0.039791 0.903544 0.149338 0.303387 0.087597 0.580766 0.210245 0.020201 0.690068 0.140512 0.191807 -0.126143 1.275445 0.507952 0.012760 1.925274 0.145227 0.653839 0.079100 1.387890 0.303596 0.037485 1.662592 0.143267 0.531615 -0.120767 3.528834 2.158923 -11.978387 -0.119453 0.330775 -5.274952 3.528834 2.158923 -19.826387 -0.119453 0.330775 -13.122952 0.000000 0.000000 -7.848000 0.000000 0.000000 -7.848000 0.000000 0.000000 0.000000 0.000000 0.000000 0.000000 0.000000 0.000000 0.000000 0.000000 0.000000 0.000000 0.000000 0.000000 0.000000 0.000000 0.000000 0.000000 0.000000 0.000000 0.000000 0.000000 0.000000 0.000000
3.944004 0.000000 0.070851 0.019450 0.010798 0.760531 0.001402 0.202953 0.004973 0.168055 -0.007646 0.002325 0.712402 0.001414 0.176492 -0.007358 0.262989 0.643225 0.037945 0.897163 0.145797 0.319801 0.084319 0.620325 0.198008 0.020977 0.711187 0.147606 0.197440 -0.129817 1.264036 0.507821 0.010814 1.923910 0.141683 0.672385 0.075826 1.430984 0.291218 0.038250 1.687404 0.150357 0.538828 -0.124462 3.595149 2.156702 -11.987564 -0.218623 0.307951 -5.268020 3.595149 2.156702 -19.835564 -0.218623 0.307951 -13.116020 0.000000 0.000000 -7.848000 0.000000 0.000000 -7.848000 0.000000 0.000000 0.000000 0.000000 0.000000 0.000000 0.000000 0.000000 0.000000 0.000000 0.000000 0.000000 0.000000 0.000000 0.000000 0.000000 0.000000 0.000000 0.000000 0.000000 0.000000 0.000000 0.000000 0.000000
3.978673 0.000000 0.070647 0.019450 0.010786 0.749350 0.001402 0.198603 0.004949 0.167827 -0.007586 0.002337 0.703414 0.001354 0.175869 -0.007358 0.308871 0.633588 0.032621 0.905027 0.153266 0.313166 0.082442 0.638260 0.188960 0.011870 0.689944 0.154064 0.217679 -0.133298 1.328352 0.498319 0.005134 1.950632 0.149207 0.674970 0.073967 1.462638 0.281823 0.029178 1.680085 0.156823 0.564907 -0.127968 3.377749 2.100879 -11.454246 -0.350064 0.294193 -4.892045 3.377749 2.100879 -19.302246 -0.350064 0.294193 -12.740045 0.000000 0.000000 -7.848000 0.000000 0.000000 -7.848000 0.000000 0.000000 0.000000 0.000000 0.000000 0.000000 0.000000 0.000000 0.000000 0.000000 0.000000 0.000000 0.000000 0.000000 0.000000 0.000000 0.000000 0.000000 0.000000 0.000000 0.000000 0.000000 0.000000 0.000000
4.007573 0.000000 0.070587 0.019450 0.010726 0.747085 0.001402 0.197692 0.004926 0.167755 -0.007586 0.002337 0.700921 0.001390 0.175581 -0.007370 0.298614 0.668571 0.054621 0.921749 0.159401 0.306265 0.086010 0.668842 0.195026 0.016533 0.700551 0.149649 0.241401 -0.133135 1.321880 0.533410 0.027069 1.971194 0.155359 0.669954 0.077545 1.497098 0.287838 0.033872 1.694618 0.152409 0.590316 -0.127814 3.529865 2.220212 -11.714864 -0.435180 0.317405 -4.872655 3.529865 2.220212 -19.562864 -0.435180 0.317405 -12.720655 0.000000 0.000000 -7.848000 0.000000 0.000000 -7.848000 0.000000 0.000000 0.000000 0.000000 0.000000 0.000000 0.000000 0.000000 0.000000 0.000000 0.000000 0.000000 0.000000 0.000000 0.000000 0.000000 0.000000 0.000000 0.000000 0.000000 0.000000 0.000000 0.000000 0.000000
4.042185 0.000000 0.070767 0.019343 0.010642 0.741248 0.001438 0.196733 0.004938 0.167671 -0.007562 0.002325 0.692053 0.001438 0.174970 -0.007382 0.333888 0.658206 0.047470 0.968152 0.153680 0.335167 0.086302 0.684127 0.173211 0.013468 0.659857 0.155497 0.271694 -0.142143 1.365169 0.523488 0.019877 2.026200 0.149653 0.702702 0.077865 1.525408 0.265812 0.030899 1.667352 0.158264 0.626247 -0.136853 3.589420 2.202084 -12.044128 -0.614255 0.286546 -4.329863 3.589420 2.202084 -19.892128 -0.614255 0.286546 -12.177863 0.000000 0.000000 -7.848000 0.000000 0.000000 -7.848000 0.000000 0.000000 0.000000 0.000000 0.000000 0.000000 0.000000 0.000000 0.000000 0.000000 0.000000 0.000000 0.000000 0.000000 0.000000 0.000000 0.000000 0.000000 0.000000 0.000000 0.000000 0.000000 0.000000 0.000000
4.082222 0.000000 0.070875 0.019307 0.010630 0.738276 0.001378 0.196421 0.004926 0.167695 -0.007562 0.002301 0.688134 0.001366 0.174347 -0.007346 0.344435 0.651069 0.042023 0.999857 0.148182 0.347801 0.086724 0.694531 0.180107 0.022911 0.599777 0.149221 0.278757 -0.146575 1.379637 0.516501 0.014386 2.062146 0.144168 0.717179 0.078316 1.541566 0.272671 0.040406 1.613301 0.151989 0.635963 -0.141285 3.694298 2.194882 -12.362372 -0.877750 0.347138 -3.516874 3.694298 2.194882 -20.210372 -0.877750 0.347138 -11.364874 0.000000 0.000000 -7.848000 0.000000 0.000000 -7.848000 0.000000 0.000000 0.000000 0.000000 0.000000 0.000000 0.000000 0.000000 0.000000 0.000000 0.000000 0.000000 0.000000 0.000000 0.000000 0.000000 0.000000 0.000000 0.000000 0.000000 0.000000 0.000000 0.000000 0.000000
4.114831 0.000000 0.070827 0.019295 0.010594 0.732272 0.001378 0.194588 0.004938 0.164256 -0.007562 0.002277 0.684779 0.001402 0.172070 -0.007346 0.354869 0.687873 0.061248 0.978285 0.145647 0.347653 0.091124 0.641683 0.190244 0.031976 0.636232 0.155661 0.290200 -0.146335 1.399369 0.553443 0.033446 2.050168 0.141652 0.721581 0.082724 1.504325 0.282403 0.049290 1.660729 0.158406 0.652633 -0.141109 3.556941 2.277171 -11.897551 -0.478264 0.339720 -4.331699 3.556941 2.277171 -19.745551 -0.478264 0.339720 -12.179699 0.000000 0.000000 -7.848000 0.000000 0.000000 -7.848000 0.000000 0.000000 0.000000 0.000000 0.000000 0.000000 0.000000 0.000000 0.000000 0.000000 0.000000 0.000000 0.000000 0.000000 0.000000 0.000000 0.000000 0.000000 0.000000 0.000000 0.000000 0.000000 0.000000 0.000000
4.149199 0.000000 0.070803 0.019199 0.010474 0.723164 0.001390 0.191065 0.004890 0.160792 -0.007466 0.002337 0.679458 0.001462 0.170188 -0.007358 0.339050 0.675437 0.063959 0.969294 0.142256 0.328355 0.090216 0.637383 0.203379 0.034325 0.658455 0.150212 0.289292 -0.148673 1.397846 0.541539 0.036004 2.055995 0.138324 0.709538 0.081868 1.518150 0.294743 0.051335 1.696492 0.152928 0.657847 -0.143552 3.569998 2.237010 -11.613117 -0.364962 0.359454 -4.587193 3.569998 2.237010 -19.461117 -0.364962 0.359454 -12.435193 0.000000 0.000000 -7.848000 0.000000 0.000000 -7.848000 0.000000 0.000000 0.000000 0.000000 0.000000 0.000000 0.000000 0.000000 0.000000 0.000000 0.000000 0.000000 0.000000 0.000000 0.000000 0.000000 0.000000 0.000000 0.000000 0.000000 0.000000 0.000000 0.000000 0.000000
4.189265 0.000000 0.070827 0.019199 0.010498 0.719365 0.001402 0.190429 0.004878 0.159762 -0.007418 0.002373 0.676953 0.001462 0.168870 -0.007322 0.347861 0.682632 0.074642 0.976940 0.139669 0.328553 0.092076 0.601054 0.195806 0.031446 0.736636 0.157161 0.276290 -0.151154 1.412030 0.548744 0.046574 2.069267 0.135743 0.712251 0.083730 1.488888 0.286829 0.048350 1.780441 0.159857 0.647629 -0.146081 3.567382 2.264300 -11.585579 0.094585 0.286857 -5.703089 3.567382 2.264300 -19.433579 0.094585 0.286857 -13.551089 0.000000 0.000000 -7.848000 0.000000 0.000000 -7.848000 0.000000 0.000000 0.000000 0.000000 0.000000 0.000000 0.000000 0.000000 0.000000 0.000000 0.000000 0.000000 0.000000 0.000000 0.000000 0.000000 0.000000 0.000000 0.000000 0.000000 0.000000 0.000000 0.000000 0.000000
4.217808 0.000000 0.070707 0.019235 0.010462 0.708915 0.001366 0.188128 0.004866 0.156838 -0.007358 0.002409 0.668336 0.001438 0.167264 -0.007322 0.354203 0.682978 0.070485 0.938525 0.146950 0.320878 0.092733 0.584609 0.174552 0.029111 0.710883 0.152259 0.278037 -0.152937 1.433879 0.549165 0.042072 2.046794 0.143047 0.711870 0.084397 1.493277 0.264927 0.045843 1.771881 0.154945 0.656872 -0.147937 3.338764 2.223495 -10.820960 0.105263 0.242539 -5.455879 3.338764 2.223495 -18.668960 0.105263 0.242539 -13.303879 0.000000 0.000000 -7.848000 0.000000 0.000000 -7.848000 0.000000 0.000000 0.000000 0.000000 0.000000 0.000000 0.000000 0.000000 0.000000 0.000000 0.000000 0.000000 0.000000 0.000000 0.000000 0.000000 0.000000 0.000000 0.000000 0.000000 0.000000 0.000000 0.000000 0.000000
4.249358 0.000000 0.070683 0.018983 0.010450 0.699603 0.001402 0.184953 0.004806 0.154177 -0.007310 0.002421 0.657407 0.001378 0.164855 -0.007322 0.414038 0.663855 0.056100 0.973726 0.143133 0.329932 0.092153 0.613079 0.167489 0.027503 0.723804 0.147471 0.297164 -0.155046 1.507805 0.530869 0.027744 2.096603 0.139307 0.727953 0.083915 1.545259 0.257276 0.044135 1.805187 0.150151 0.685052 -0.150107 3.186119 2.151085 -10.687633 0.058632 0.227464 -5.413292 3.186119 2.151085 -18.535633 0.058632 0.227464 -13.261292 0.000000 0.000000 -7.848000 0.000000 0.000000 -7.848000 0.000000 0.000000 0.000000 0.000000 0.000000 0.000000 0.000000 0.000000 0.000000 0.000000 0.000000 0.000000 0.000000 0.000000 0.000000 0.000000 0.000000 0.000000 0.000000 0.000000 0.000000 0.000000 0.000000 0.000000
4.287510 0.000000 0.070707 0.018887 0.010426 0.697674 0.001402 0.184210 0.004794 0.154129 -0.007274 0.002409 0.654123 0.001390 0.164028 -0.007322 0.449250 0.706999 0.065864 0.999716 0.141153 0.309640 0.096302 0.573769 0.157228 0.030045 0.680689 0.154885 0.277438 -0.155629 1.545890 0.574333 0.037578 2.125613 0.137350 0.709142 0.088101 1.510951 0.246874 0.046671 1.767203 0.157560 0.667679 -0.150711 3.121643 2.259897 -10.694773 0.066606 0.217157 -5.076076 3.121643 2.259897 -18.542773 0.066606 0.217157 -12.924076 0.000000 0.000000 -7.848000 0.000000 0.000000 -7.848000 0.000000 0.000000 0.000000 0.000000 0.000000 0.000000 0.000000 0.000000 0.000000 0.000000 0.000000 0.000000 0.000000 0.000000 0.000000 0.000000 0.000000 0.000000 0.000000 0.000000 0.000000 0.000000 0.000000 0.000000
4.333853 0.000000 0.070683 0.018887 0.010438 0.693875 0.001426 0.181693 0.004770 0.153518 -0.007179 0.002517 0.646597 0.001366 0.160217 -0.007298 0.438845 0.725476 0.078779 1.006109 0.138301 0.280323 0.096790 0.548168 0.138896 0.014809 0.668156 0.162085 0.206799 -0.162599 1.541875 0.592849 0.050368 2.138616 0.134533 0.683355 0.088594 1.499187 0.227933 0.031346 1.768116 0.164731 0.603749 -0.157744 3.183288 2.317160 -10.673058 0.084335 0.162365 -4.809759 3.183288 2.317160 -18.521058 0.084335 0.162365 -12.657759 0.000000 0.000000 -7.848000 0.000000 0.000000 -7.848000 0.000000 0.000000 0.000000 0.000000 0.000000 0.000000 0.000000 0.000000 0.000000 0.000000 0.000000 0.000000 0.000000 0.000000 0.000000 0.000000 0.000000 0.000000 0.000000 0.000000 0.000000 0.000000 0.000000 0.000000
4.373671 0.000000 0.070791 0.018899 0.010462 0.691598 0.001390 0.181657 0.004782 0.152703 -0.007155 0.002505 0.645554 0.001378 0.159079 -0.007298 0.418870 0.731080 0.086136 1.010240 0.136345 0.276731 0.097568 0.482756 0.141990 0.024325 0.687199 0.154514 0.182237 -0.163063 1.524598 0.598409 0.057642 2.145720 0.132573 0.680991 0.089373 1.438022 0.230878 0.040794 1.790329 0.157150 0.580847 -0.158233 3.308791 2.347280 -10.809691 0.444924 0.150908 -5.321628 3.308791 2.347280 -18.657691 0.444924 0.150908 -13.169628 0.000000 0.000000 -7.848000 0.000000 0.000000 -7.848000 0.000000 0.000000 0.000000 0.000000 0.000000 0.000000 0.000000 0.000000 0.000000 0.000000 0.000000 0.000000 0.000000 0.000000 0.000000 0.000000 0.000000 0.000000 0.000000 0.000000 0.000000 0.000000 0.000000 0.000000
4.425980 0.000000 0.070791 0.018647 0.010426 0.684179 0.001402 0.180830 0.004758 0.151205 -0.007215 0.002493 0.643589 0.001354 0.158300 -0.007286 0.399490 0.704567 0.079388 0.996243 0.149870 0.272078 0.093891 0.474890 0.144226 0.026187 0.812668 0.162781 0.195029 -0.168778 1.515320 0.572715 0.051038 2.142219 0.146138 0.680900 0.085787 1.437301 0.233109 0.042667 1.920942 0.165417 0.595974 -0.163950 3.324283 2.268051 -10.605505 0.984626 0.093666 -6.796749 3.324283 2.268051 -18.453505 0.984626 0.093666 -14.644749 0.000000 0.000000 -7.848000 0.000000 0.000000 -7.848000 0.000000 0.000000 0.000000 0.000000 0.000000 0.000000 0.000000 0.000000 0.000000 0.000000 0.000000 0.000000 0.000000 0.000000 0.000000 0.000000 0.000000 0.000000 0.000000 0.000000 0.000000 0.000000 0.000000 0.000000
4.473082 0.000000 0.070791 0.018600 0.010402 0.681423 0.001378 0.180387 0.004746 0.151193 -0.007179 0.002493 0.642582 0.001402 0.158216 -0.007310 0.434919 0.738218 0.095933 0.978641 0.160059 0.273960 0.096797 0.497525 0.136261 0.028382 0.849620 0.153514 0.204278 -0.169950 1.554557 0.606565 0.067576 2.128574 0.156341 0.684546 0.088721 1.461352 0.225035 0.044823 1.959347 0.156149 0.605837 -0.165140 3.076989 2.340849 -10.160797 1.029800 0.066944 -7.095816 3.076989 2.340849 -18.008797 1.029800 0.066944 -14.943816 0.000000 0.000000 -7.848000 0.000000 0.000000 -7.848000 0.000000 0.000000 0.000000 0.000000 0.000000 0.000000 0.000000 0.000000 0.000000 0.000000 0.000000 0.000000 0.000000 0.000000 0.000000 0.000000 0.000000 0.000000 0.000000 0.000000 0.000000 0.000000 0.000000 0.000000
4.553878 0.000000 0.070707 0.018707 0.010450 0.671812 0.001378 0.177990 0.004746 0.151277 -0.006555 0.002625 0.636099 0.001402 0.157533 -0.007286 0.467361 0.746896 0.104883 0.975406 0.172561 0.309661 0.102646 0.493922 0.153367 0.034597 0.965031 0.141528 0.247346 -0.169646 1.600858 0.615007 0.076111 2.139630 0.168852 0.726868 0.094543 1.466526 0.240220 0.050214 2.083959 0.144096 0.652845 -0.165061 2.942618 2.360336 -9.890542 1.531123 0.059188 -8.463502 2.942618 2.360336 -17.738542 1.531123 0.059188 -16.311502 0.000000 0.000000 -7.848000 0.000000 0.000000 -7.848000 0.000000 0.000000 0.000000 0.000000 0.000000 0.000000 0.000000 0.000000 0.000000 0.000000 0.000000 0.000000 0.000000 0.000000 0.000000 0.000000 0.000000 0.000000 0.000000 0.000000 0.000000 0.000000 0.000000 0.000000
4.592826 0.000000 0.070623 0.018300 0.010354 0.661925 0.001390 0.176576 0.004686 0.151409 -0.006531 0.002589 0.627015 0.001426 0.156802 -0.007274 0.493626 0.704187 0.075910 0.975756 0.162714 0.325195 0.098761 0.474845 0.149343 0.033130 0.912174 0.137809 0.255644 -0.167826 1.640725 0.573661 0.047457 2.153977 0.159078 0.748581 0.090813 1.459412 0.236044 0.048831 2.043756 0.140380 0.666493 -0.163271 2.793632 2.206368 -9.596962 1.435136 0.067521 -7.925541 2.793632 2.206368 -17.444962 1.435136 0.067521 -15.773541 0.000000 0.000000 -7.848000 0.000000 0.000000 -7.848000 0.000000 0.000000 0.000000 0.000000 0.000000 0.000000 0.000000 0.000000 0.000000 0.000000 0.000000 0.000000 0.000000 0.000000 0.000000 0.000000 0.000000 0.000000 0.000000 0.000000 0.000000 0.000000 0.000000 0.000000
4.630956 0.000000 0.070527 0.018228 0.010366 0.660822 0.001402 0.176156 0.004674 0.151301 -0.006519 0.002589 0.625001 0.001378 0.156598 -0.007274 0.491510 0.721955 0.087105 0.947018 0.156379 0.319729 0.101872 0.486405 0.148926 0.032264 0.893593 0.135025 0.260811 -0.171402 1.640488 0.591624 0.058725 2.127044 0.152758 0.743988 0.093949 1.474009 0.235559 0.047964 2.028168 0.137600 0.672936 -0.166845 2.674960 2.242800 -9.262302 1.316123 0.076819 -7.652751 2.674960 2.242800 -17.110302 1.316123 0.076819 -15.500751 0.000000 0.000000 -7.848000 0.000000 0.000000 -7.848000 0.000000 0.000000 0.000000 0.000000 0.000000 0.000000 0.000000 0.000000 0.000000 0.000000 0.000000 0.000000 0.000000 0.000000 0.000000 0.000000 0.000000 0.000000 0.000000 0.000000 0.000000 0.000000 0.000000 0.000000
4.688218 0.000000 0.070551 0.018264 0.010258 0.652853 0.001378 0.173723 0.004674 0.151049 -0.006412 0.002744 0.608631 0.001390 0.153698 -0.007262 0.478741 0.742733 0.099733 0.974656 0.166653 0.341772 0.105699 0.497649 0.145330 0.029594 0.755424 0.131382 0.249617 -0.180100 1.638985 0.612560 0.071095 2.166428 0.163056 0.771609 0.097780 1.508708 0.231160 0.045275 1.914002 0.133948 0.672379 -0.175627 2.916201 2.327043 -9.617035 0.727885 0.135410 -5.921804 2.916201 2.327043 -17.465035 0.727885 0.135410 -13.769804 0.000000 0.000000 -7.848000 0.000000 0.000000 -7.848000 0.000000 0.000000 0.000000 0.000000 0.000000 0.000000 0.000000 0.000000 0.000000 0.000000 0.000000 0.000000 0.000000 0.000000 0.000000 0.000000 0.000000 0.000000 0.000000 0.000000 0.000000 0.000000 0.000000 0.000000
4.723364 0.000000 0.070527 0.018276 0.010247 0.650408 0.001390 0.173340 0.004662 0.150546 -0.006436 0.002732 0.606594 0.001414 0.152403 -0.007250 0.466673 0.729860 0.096145 0.964248 0.159401 0.338451 0.104650 0.553523 0.159422 0.036577 0.753887 0.130293 0.244014 -0.178622 1.630252 0.599706 0.067430 2.159450 0.155807 0.769813 0.096730 1.569234 0.245240 0.052287 1.916538 0.132852 0.668837 -0.174161 2.918938 2.288212 -9.516276 0.439014 0.198442 -5.539822 2.918938 2.288212 -17.364276 0.439014 0.198442 -13.387822 0.000000 0.000000 -7.848000 0.000000 0.000000 -7.848000 0.000000 0.000000 0.000000 0.000000 0.000000 0.000000 0.000000 0.000000 0.000000 0.000000 0.000000 0.000000 0.000000 0.000000 0.000000 0.000000 0.000000 0.000000 0.000000 0.000000 0.000000 0.000000 0.000000 0.000000
4.756076 0.000000 0.069928 0.018276 0.010211 0.633954 0.001450 0.167983 0.004650 0.148161 -0.005932 0.002792 0.598444 0.001402 0.149743 -0.007215 0.496893 0.754959 0.103891 0.981015 0.154667 0.345608 0.106619 0.590299 0.170305 0.039926 0.788286 0.129445 0.252493 -0.180773 1.685280 0.625103 0.074768 2.201092 0.151130 0.788817 0.098710 1.624283 0.254378 0.054816 1.966251 0.131938 0.684350 -0.176534 2.866903 2.344060 -9.310679 0.411689 0.228310 -5.649955 2.866903 2.344060 -17.158679 0.411689 0.228310 -13.497955 0.000000 0.000000 -7.848000 0.000000 0.000000 -7.848000 0.000000 0.000000 0.000000 0.000000 0.000000 0.000000 0.000000 0.000000 0.000000 0.000000 0.000000 0.000000 0.000000 0.000000 0.000000 0.000000 0.000000 0.000000 0.000000 0.000000 0.000000 0.000000 0.000000 0.000000
4.789611 0.000000 0.070407 0.017761 0.009935 0.622209 0.001426 0.167480 0.004566 0.148257 -0.005693 0.002756 0.589612 0.001366 0.148269 -0.007203 0.468501 0.741165 0.095770 0.976469 0.149691 0.363863 0.106984 0.615249 0.163130 0.037060 0.822096 0.138825 0.272012 -0.183875 1.670309 0.613216 0.067112 2.211204 0.146231 0.813222 0.099278 1.660927 0.246513 0.051702 2.012362 0.141299 0.709301 -0.179723 3.005937 2.299661 -9.317025 0.449577 0.202347 -5.866030 3.005937 2.299661 -17.165025 0.449577 0.202347 -13.714030 0.000000 0.000000 -7.848000 0.000000 0.000000 -7.848000 0.000000 0.000000 0.000000 0.000000 0.000000 0.000000 0.000000 0.000000 0.000000 0.000000 0.000000 0.000000 0.000000 0.000000 0.000000 0.000000 0.000000 0.000000 0.000000 0.000000 0.000000 0.000000 0.000000 0.000000
4.814870 0.000000 0.070264 0.017725 0.009923 0.619453 0.001390 0.167072 0.004554 0.148125 -0.005693 0.002780 0.586448 0.001378 0.147861 -0.007203 0.492279 0.755282 0.103112 0.986838 0.147239 0.375254 0.108186 0.613526 0.160635 0.035039 0.822324 0.136812 0.282132 -0.186112 1.698031 0.627495 0.074450 2.225451 0.143792 0.826324 0.100508 1.663747 0.243921 0.049697 2.017116 0.139287 0.721375 -0.181972 2.955773 2.338757 -9.305633 0.474524 0.191793 -5.891443 2.955773 2.338757 -17.153633 0.474524 0.191793 -13.739443 0.000000 0.000000 -7.848000 0.000000 0.000000 -7.848000 0.000000 0.000000 0.000000 0.000000 0.000000 0.000000 0.000000 0.000000 0.000000 0.000000 0.000000 0.000000 0.000000 0.000000 0.000000 0.000000 0.000000 0.000000 0.000000 0.000000 0.000000 0.000000 0.000000 0.000000
4.845138 0.000000 0.070299 0.017821 0.009971 0.606402 0.001426 0.163165 0.004518 0.147058 -0.005417 0.002780 0.566830 0.001450 0.143919 -0.007179 0.490337 0.778587 0.112421 0.959040 0.144725 0.373435 0.110556 0.578535 0.155492 0.034453 0.757447 0.144134 0.254410 -0.185564 1.713679 0.650676 0.083286 2.216007 0.141313 0.833200 0.102858 1.658006 0.237665 0.048815 1.981022 0.146579 0.706497 -0.181592 2.847743 2.383378 -8.853681 0.371158 0.203999 -5.205915 2.847743 2.383378 -16.701681 0.371158 0.203999 -13.053915 0.000000 0.000000 -7.848000 0.000000 0.000000 -7.848000 0.000000 0.000000 0.000000 0.000000 0.000000 0.000000 0.000000 0.000000 0.000000 0.000000 0.000000 0.000000 0.000000 0.000000 0.000000 0.000000 0.000000 0.000000 0.000000 0.000000 0.000000 0.000000 0.000000 0.000000
4.880002 0.000000 0.070287 0.017797 0.009971 0.603046 0.001390 0.162290 0.004518 0.145441 -0.005441 0.002756 0.565691 0.001414 0.142397 -0.007167 0.486270 0.771751 0.107324 0.916628 0.141433 0.362608 0.110981 0.589717 0.180128 0.034440 0.765296 0.141027 0.253359 -0.184652 1.714088 0.643955 0.078142 2.178231 0.138035 0.824531 0.103304 1.675631 0.262231 0.048745 1.993100 0.143466 0.707620 -0.180691 2.650186 2.335799 -8.356641 0.344018 0.260702 -5.200576 2.650186 2.335799 -16.204641 0.344018 0.260702 -13.048576 0.000000 0.000000 -7.848000 0.000000 0.000000 -7.848000 0.000000 0.000000 0.000000 0.000000 0.000000 0.000000 0.000000 0.000000 0.000000 0.000000 0.000000 0.000000 0.000000 0.000000 0.000000 0.000000 0.000000 0.000000 0.000000 0.000000 0.000000 0.000000 0.000000 0.000000
4.916258 0.000000 0.070144 0.017605 0.009875 0.593243 0.001390 0.159043 0.004470 0.141594 -0.005321 0.002852 0.558848 0.001402 0.138346 -0.007131 0.540749 0.785354 0.113275 0.970763 0.139208 0.388591 0.117719 0.590080 0.194127 0.041940 0.799406 0.149490 0.221608 -0.184992 1.782178 0.658365 0.084150 2.246287 0.135879 0.857174 0.110129 1.696526 0.275328 0.055851 2.042663 0.151892 0.683334 -0.181149 2.663772 2.383529 -8.589019 0.447243 0.296094 -5.363073 2.663772 2.383529 -16.437019 0.447243 0.296094 -13.211073 0.000000 0.000000 -7.848000 0.000000 0.000000 -7.848000 0.000000 0.000000 0.000000 0.000000 0.000000 0.000000 0.000000 0.000000 0.000000 0.000000 0.000000 0.000000 0.000000 0.000000 0.000000 0.000000 0.000000 0.000000 0.000000 0.000000 0.000000 0.000000 0.000000 0.000000
4.957624 0.000000 0.070144 0.017665 0.009887 0.590199 0.001438 0.158983 0.004458 0.140707 -0.004985 0.002852 0.556356 0.001378 0.137579 -0.007119 0.557617 0.770088 0.104510 0.986775 0.136367 0.409111 0.110928 0.619923 0.188596 0.040067 0.831622 0.157054 0.225798 -0.190043 1.802660 0.642968 0.075229 2.266060 0.133028 0.879248 0.103310 1.732127 0.268844 0.053432 2.079487 0.159421 0.689611 -0.186322 2.666490 2.339799 -8.681636 0.440441 0.278412 -5.521729 2.666490 2.339799 -16.529636 0.440441 0.278412 -13.369729 0.000000 0.000000 -7.848000 0.000000 0.000000 -7.848000 0.000000 0.000000 0.000000 0.000000 0.000000 0.000000 0.000000 0.000000 0.000000 0.000000 0.000000 0.000000 0.000000 0.000000 0.000000 0.000000 0.000000 0.000000 0.000000 0.000000 0.000000 0.000000 0.000000 0.000000
4.995753 0.000000 0.070168 0.017713 0.009923 0.582721 0.001426 0.158827 0.004446 0.139401 -0.004626 0.002972 0.549860 0.001414 0.137243 -0.007107 0.565371 0.785913 0.110090 0.952212 0.134974 0.437084 0.117368 0.638262 0.163029 0.027643 0.795196 0.150147 0.237336 -0.196831 1.819191 0.658726 0.080571 2.240666 0.131629 0.911015 0.109746 1.761920 0.241994 0.040397 2.052943 0.152478 0.705230 -0.193273 2.514493 2.366117 -8.316270 0.243676 0.222121 -5.099953 2.514493 2.366117 -16.164270 0.243676 0.222121 -12.947953 0.000000 0.000000 -7.848000 0.000000 0.000000 -7.848000 0.000000 0.000000 0.000000 0.000000 0.000000 0.000000 0.000000 0.000000 0.000000 0.000000 0.000000 0.000000 0.000000 0.000000 0.000000 0.000000 0.000000 0.000000 0.000000 0.000000 0.000000 0.000000 0.000000 0.000000
5.032591 0.000000 0.070144 0.017701 0.009887 0.580360 0.001402 0.158551 0.004446 0.139041 -0.004554 0.002972 0.547511 0.001366 0.137100 -0.007095 0.572715 0.800916 0.109548 0.975110 0.133675 0.471272 0.121015 0.622917 0.186986 0.034402 0.843064 0.157100 0.260169 -0.195276 1.829485 0.673851 0.079999 2.266592 0.130335 0.946523 0.113406 1.750406 0.265711 0.047039 2.104241 0.159428 0.729489 -0.191741 2.637958 2.413803 -8.591709 0.528425 0.261761 -5.676060 2.637958 2.413803 -16.439709 0.528425 0.261761 -13.524060 0.000000 0.000000 -7.848000 0.000000 0.000000 -7.848000 0.000000 0.000000 0.000000 0.000000 0.000000 0.000000 0.000000 0.000000 0.000000 0.000000 0.000000 0.000000 0.000000 0.000000 0.000000 0.000000 0.000000 0.000000 0.000000 0.000000 0.000000 0.000000 0.000000 0.000000
5.070397 0.000000 0.070156 0.017701 0.009923 0.575183 0.001390 0.155627 0.004446 0.137723 -0.004434 0.003008 0.541256 0.001402 0.136884 -0.007059 0.589509 0.791522 0.106254 0.996432 0.132271 0.466125 0.117536 0.620026 0.201440 0.037136 0.815776 0.162772 0.278336 -0.197104 1.853645 0.664495 0.076565 2.295594 0.128967 0.945369 0.109936 1.758532 0.279606 0.049537 2.086386 0.165081 0.751520 -0.193656 2.636403 2.388623 -8.625844 0.457803 0.307619 -5.445909 2.636403 2.388623 -16.473844 0.457803 0.307619 -13.293909 0.000000 0.000000 -7.848000 0.000000 0.000000 -7.848000 0.000000 0.000000 0.000000 0.000000 0.000000 0.000000 0.000000 0.000000 0.000000 0.000000 0.000000 0.000000 0.000000 0.000000 0.000000 0.000000 0.000000 0.000000 0.000000 0.000000 0.000000 0.000000 0.000000 0.000000
5.118505 0.000000 0.070144 0.017701 0.009911 0.574020 0.001438 0.154692 0.004434 0.137699 -0.004410 0.003020 0.538487 0.001438 0.136800 -0.007095 0.615132 0.790661 0.107425 1.047484 0.131102 0.441978 0.118255 0.596151 0.190836 0.035944 0.738433 0.168116 0.293203 -0.200500 1.881084 0.663673 0.077705 2.348516 0.127809 0.922257 0.110648 1.738041 0.268894 0.048325 2.012526 0.170433 0.767816 -0.197066 2.705887 2.401754 -8.903720 0.291572 0.302377 -4.874322 2.705887 2.401754 -16.751720 0.291572 0.302377 -12.722322 0.000000 0.000000 -7.848000 0.000000 0.000000 -7.848000 0.000000 0.000000 0.000000 0.000000 0.000000 0.000000 0.000000 0.000000 0.000000 0.000000 0.000000 0.000000 0.000000 0.000000 0.000000 0.000000 0.000000 0.000000 0.000000 0.000000 0.000000 0.000000 0.000000 0.000000
5.171751 0.000000 0.070216 0.017557 0.009863 0.566614 0.001438 0.150989 0.004422 0.136213 -0.004410 0.002972 0.528732 0.001366 0.135110 -0.007071 0.584715 0.812969 0.108236 1.050183 0.130228 0.415955 0.115139 0.552495 0.190646 0.038287 0.750129 0.156445 0.320535 -0.205118 1.860742 0.686547 0.078547 2.361796 0.126996 0.901621 0.107590 1.710519 0.268523 0.050648 2.038738 0.158766 0.801497 -0.201709 2.851533 2.453779 -8.903724 0.599208 0.283282 -5.223130 2.851533 2.453779 -16.751724 0.599208 0.283282 -13.071130 0.000000 0.000000 -7.848000 0.000000 0.000000 -7.848000 0.000000 0.000000 0.000000 0.000000 0.000000 0.000000 0.000000 0.000000 0.000000 0.000000 0.000000 0.000000 0.000000 0.000000 0.000000 0.000000 0.000000 0.000000 0.000000 0.000000 0.000000 0.000000 0.000000 0.000000
5.210722 0.000000 0.070204 0.017581 0.009839 0.564133 0.001438 0.150438 0.004398 0.135314 -0.004410 0.002948 0.527713 0.001378 0.134115 -0.007059 0.576883 0.802369 0.107119 1.042416 0.129601 0.397598 0.116450 0.552377 0.188838 0.039846 0.774886 0.162291 0.324450 -0.204880 1.856033 0.675971 0.077342 2.357256 0.126379 0.884739 0.108902 1.714387 0.266659 0.052162 2.066268 0.164605 0.806821 -0.201490 2.825181 2.422949 -8.775422 0.708977 0.272427 -5.454359 2.825181 2.422949 -16.623422 0.708977 0.272427 -13.302359 0.000000 0.000000 -7.848000 0.000000 0.000000 -7.848000 0.000000 0.000000 0.000000 0.000000 0.000000 0.000000 0.000000 0.000000 0.000000 0.000000 0.000000 0.000000 0.000000 0.000000 0.000000 0.000000 0.000000 0.000000 0.000000 0.000000 0.000000 0.000000 0.000000 0.000000
5.251601 0.000000 0.070060 0.017557 0.009863 0.552772 0.001402 0.146243 0.004362 0.132641 -0.004206 0.003068 0.522932 0.001438 0.132258 -0.007047 0.619619 0.813810 0.107784 1.021622 0.141856 0.356845 0.116517 0.594579 0.203694 0.040282 0.811678 0.167243 0.340174 -0.205535 1.913942 0.687651 0.077781 2.352020 0.138695 0.851519 0.109008 1.769946 0.280541 0.052115 2.112843 0.169524 0.827024 -0.202280 2.452287 2.414597 -8.116037 0.675633 0.306323 -5.601931 2.452287 2.414597 -15.964037 0.675633 0.306323 -13.449931 0.000000 0.000000 -7.848000 0.000000 0.000000 -7.848000 0.000000 0.000000 0.000000 0.000000 0.000000 0.000000 0.000000 0.000000 0.000000 0.000000 0.000000 0.000000 0.000000 0.000000 0.000000 0.000000 0.000000 0.000000 0.000000 0.000000 0.000000 0.000000 0.000000 0.000000
5.297272 0.000000 0.069928 0.017593 0.009911 0.551370 0.001390 0.145692 0.004362 0.132641 -0.004087 0.003188 0.521278 0.001450 0.132174 -0.007023 0.621154 0.831995 0.112579 1.064404 0.138675 0.336051 0.122629 0.559125 0.222215 0.044705 0.850980 0.171834 0.354705 -0.204827 1.917637 0.705704 0.082490 2.396850 0.135518 0.831715 0.115113 1.736459 0.298553 0.056338 2.154173 0.174098 0.842397 -0.201627 2.624966 2.481297 -8.436545 1.021107 0.330132 -6.149541 2.624966 2.481297 -16.284545 1.021107 0.330132 -13.997541 0.000000 0.000000 -7.848000 0.000000 0.000000 -7.848000 0.000000 0.000000 0.000000 0.000000 0.000000 0.000000 0.000000 0.000000 0.000000 0.000000 0.000000 0.000000 0.000000 0.000000 0.000000 0.000000 0.000000 0.000000 0.000000 0.000000 0.000000 0.000000 0.000000 0.000000
5.339421 0.000000 0.069988 0.017353 0.009863 0.541136 0.001414 0.143164 0.004290 0.132558 -0.003895 0.003416 0.511547 0.001378 0.130556 -0.006999 0.586528 0.828896 0.107304 1.074362 0.136147 0.311415 0.124680 0.534162 0.200550 0.037834 0.897109 0.174554 0.380183 -0.209539 1.895428 0.703467 0.077360 2.419803 0.133056 0.813076 0.117262 1.723650 0.275928 0.049179 2.212792 0.176804 0.873367 -0.206419 2.812175 2.471378 -8.490531 1.381836 0.246602 -6.699078 2.812175 2.471378 -16.338531 1.381836 0.246602 -14.547078 0.000000 0.000000 -7.848000 0.000000 0.000000 -7.848000 0.000000 0.000000 0.000000 0.000000 0.000000 0.000000 0.000000 0.000000 0.000000 0.000000 0.000000 0.000000 0.000000 0.000000 0.000000 0.000000 0.000000 0.000000 0.000000 0.000000 0.000000 0.000000 0.000000 0.000000
5.387063 0.000000 0.069952 0.017233 0.009851 0.538535 0.001414 0.141390 0.004254 0.132641 -0.003871 0.003439 0.507712 0.001378 0.130328 -0.006999 0.621508 0.819667 0.100892 1.130444 0.133667 0.278507 0.121810 0.557954 0.205410 0.042645 0.918312 0.162561 0.412499 -0.211195 1.934178 0.694618 0.071072 2.479746 0.130620 0.782229 0.114444 1.751698 0.280650 0.053976 2.238550 0.164814 0.907583 -0.208091 2.830056 2.448793 -8.699322 1.388296 0.259540 -6.847293 2.830056 2.448793 -16.547322 1.388296 0.259540 -14.695293 0.000000 0.000000 -7.848000 0.000000 0.000000 -7.848000 0.000000 0.000000 0.000000 0.000000 0.000000 0.000000 0.000000 0.000000 0.000000 0.000000 0.000000 0.000000 0.000000 0.000000 0.000000 0.000000 0.000000 0.000000 0.000000 0.000000 0.000000 0.000000 0.000000 0.000000
5.431820 0.000000 0.069592 0.017281 0.009851 0.520211 0.001438 0.138765 0.004182 0.131551 -0.003643 0.003499 0.488992 0.001378 0.125798 -0.006951 0.626753 0.856802 0.117126 1.114449 0.132936 0.289120 0.128986 0.570706 0.200157 0.042277 0.899145 0.167972 0.393909 -0.216904 1.961479 0.731970 0.086878 2.486134 0.129921 0.802661 0.121634 1.790297 0.274406 0.053278 2.244589 0.170200 0.900407 -0.213943 2.773811 2.541784 -8.385331 1.235318 0.263142 -6.422294 2.773811 2.541784 -16.233331 1.235318 0.263142 -14.270294 0.000000 0.000000 -7.848000 0.000000 0.000000 -7.848000 0.000000 0.000000 0.000000 0.000000 0.000000 0.000000 0.000000 0.000000 0.000000 0.000000 0.000000 0.000000 0.000000 0.000000 0.000000 0.000000 0.000000 0.000000 0.000000 0.000000 0.000000 0.000000 0.000000 0.000000
5.485289 0.000000 0.069125 0.017305 0.009863 0.518498 0.001426 0.138274 0.004182 0.130376 -0.003631 0.003523 0.488249 0.001378 0.124768 -0.006951 0.641526 0.838440 0.107314 1.101624 0.147723 0.306257 0.124446 0.566525 0.204984 0.048118 0.882183 0.173035 0.373259 -0.215879 1.979484 0.713579 0.077018 2.475954 0.144713 0.821006 0.117095 1.790377 0.279064 0.059024 2.230260 0.175257 0.881101 -0.212939 2.652378 2.477072 -8.227387 1.160989 0.291183 -6.216786 2.652378 2.477072 -16.075387 1.160989 0.291183 -14.064786 0.000000 0.000000 -7.848000 0.000000 0.000000 -7.848000 0.000000 0.000000 0.000000 0.000000 0.000000 0.000000 0.000000 0.000000 0.000000 0.000000 0.000000 0.000000 0.000000 0.000000 0.000000 0.000000 0.000000 0.000000 0.000000 0.000000 0.000000 0.000000 0.000000 0.000000
5.541181 0.000000 0.069101 0.017221 0.009815 0.505507 0.001438 0.137231 0.004123 0.129118 -0.003176 0.003787 0.479021 0.001342 0.119411 -0.006903 0.648180 0.873837 0.133072 1.097262 0.142218 0.355472 0.124825 0.627987 0.221459 0.046730 0.914063 0.176811 0.308256 -0.222200 2.000503 0.749492 0.102663 2.486485 0.139236 0.876556 0.117524 1.867551 0.293795 0.056829 2.276513 0.178977 0.823336 -0.219461 2.702564 2.591253 -8.205339 0.893356 0.342544 -5.953303 2.702564 2.591253 -16.053339 0.893356 0.342544 -13.801303 0.000000 0.000000 -7.848000 0.000000 0.000000 -7.848000 0.000000 0.000000 0.000000 0.000000 0.000000 0.000000 0.000000 0.000000 0.000000 0.000000 0.000000 0.000000 0.000000 0.000000 0.000000 0.000000 0.000000 0.000000 0.000000 0.000000 0.000000 0.000000 0.000000 0.000000
5.633903 0.000000 0.069077 0.017305 0.009791 0.502103 0.001414 0.136968 0.004123 0.129034 -0.003092 0.003895 0.475558 0.001342 0.118320 -0.006891 0.681979 0.852463 0.146134 1.165799 0.134911 0.466725 0.129609 0.736846 0.236833 0.044660 1.027479 0.181407 0.302440 -0.220904 2.038062 0.728012 0.115531 2.558895 0.131923 0.989455 0.122290 1.980872 0.308742 0.054616 2.394430 0.183563 0.819619 -0.218208 3.004502 2.600708 -8.950792 0.794377 0.367944 -6.409810 3.004502 2.600708 -16.798792 0.794377 0.367944 -14.257810 0.000000 0.000000 -7.848000 0.000000 0.000000 -7.848000 0.000000 0.000000 0.000000 0.000000 0.000000 0.000000 0.000000 0.000000 0.000000 0.000000 0.000000 0.000000 0.000000 0.000000 0.000000 0.000000 0.000000 0.000000 0.000000 0.000000 0.000000 0.000000 0.000000 0.000000
5.704638 0.000000 0.069077 0.017066 0.009599 0.487830 0.001426 0.132522 0.004075 0.128315 -0.003080 0.003799 0.460434 0.001342 0.115516 -0.006867 0.650860 0.848413 0.152806 1.055209 0.132077 0.429096 0.125119 0.759980 0.217685 0.042545 0.905523 0.182970 0.280849 -0.227287 2.023710 0.725131 0.122312 2.465720 0.129173 0.960066 0.117904 2.023226 0.289475 0.052527 2.291379 0.185130 0.806349 -0.224640 2.603985 2.543685 -7.872742 0.164960 0.370086 -5.155470 2.603985 2.543685 -15.720742 0.164960 0.370086 -13.003470 0.000000 0.000000 -7.848000 0.000000 0.000000 -7.848000 0.000000 0.000000 0.000000 0.000000 0.000000 0.000000 0.000000 0.000000 0.000000 0.000000 0.000000 0.000000 0.000000 0.000000 0.000000 0.000000 0.000000 0.000000 0.000000 0.000000 0.000000 0.000000 0.000000 0.000000
5.801006 0.000000 0.068933 0.017066 0.009587 0.471783 0.001390 0.128015 0.004027 0.124360 -0.002816 0.003763 0.447479 0.001342 0.112460 -0.006843 0.750988 0.892022 0.171784 1.014448 0.159933 0.427030 0.124552 0.683546 0.202843 0.041723 0.911498 0.184538 0.266843 -0.244459 2.142400 0.769091 0.140985 2.444037 0.157093 0.966893 0.117376 1.971494 0.273632 0.051087 2.316989 0.186674 0.800997 -0.241976 1.924609 2.620553 -7.011990 0.583015 0.312704 -5.406340 1.924609 2.620553 -14.859990 0.583015 0.312704 -13.254340 0.000000 0.000000 -7.848000 0.000000 0.000000 -7.848000 0.000000 0.000000 0.000000 0.000000 0.000000 0.000000 0.000000 0.000000 0.000000 0.000000 0.000000 0.000000 0.000000 0.000000 0.000000 0.000000 0.000000 0.000000 0.000000 0.000000 0.000000 0.000000 0.000000 0.000000
5.846834 0.000000 0.068909 0.016946 0.009551 0.469782 0.001366 0.127740 0.003991 0.123629 -0.002852 0.003763 0.446712 0.001318 0.112184 -0.006855 0.749181 0.901195 0.204134 0.972784 0.152377 0.416783 0.128181 0.676693 0.218110 0.052319 0.941736 0.185296 0.266775 -0.243300 2.142781 0.778659 0.173498 2.404606 0.149563 0.957621 0.121061 1.967350 0.288929 0.061700 2.348930 0.187439 0.801682 -0.240807 1.750302 2.670627 -6.653273 0.732879 0.352651 -5.661188 1.750302 2.670627 -14.501273 0.732879 0.352651 -13.509188 0.000000 0.000000 -7.848000 0.000000 0.000000 -7.848000 0.000000 0.000000 0.000000 0.000000 0.000000 0.000000 0.000000 0.000000 0.000000 0.000000 0.000000 0.000000 0.000000 0.000000 0.000000 0.000000 0.000000 0.000000 0.000000 0.000000 0.000000 0.000000 0.000000 0.000000
5.915489 0.000000 0.068909 0.016826 0.009515 0.467864 0.001378 0.127344 0.004003 0.122814 -0.002852 0.003787 0.446017 0.001342 0.111993 -0.006855 0.744103 0.872134 0.185997 0.880503 0.164972 0.404676 0.129680 0.657520 0.214200 0.051572 0.961070 0.185842 0.263637 -0.249316 2.139791 0.749972 0.155522 2.314491 0.162167 0.946490 0.122596 1.950986 0.284913 0.060899 2.369938 0.187983 0.799262 -0.246841 1.312664 2.536924 -5.853911 0.912189 0.330560 -5.879958 1.312664 2.536924 -13.701911 0.912189 0.330560 -13.727958 0.000000 0.000000 -7.848000 0.000000 0.000000 -7.848000 0.000000 0.000000 0.000000 0.000000 0.000000 0.000000 0.000000 0.000000 0.000000 0.000000 0.000000 0.000000 0.000000 0.000000 0.000000 0.000000 0.000000 0.000000 0.000000 0.000000 0.000000 0.000000 0.000000 0.000000
5.985425 0.000000 0.068897 0.016790 0.009551 0.458073 0.001354 0.123893 0.003943 0.120214 -0.002445 0.004039 0.434596 0.001330 0.110375 -0.006783 0.765179 0.882972 0.157953 0.988559 0.173390 0.435920 0.136165 0.673833 0.191032 0.039231 0.962032 0.185844 0.299475 -0.251752 2.172005 0.761055 0.127346 2.434112 0.170645 0.983277 0.129122 1.986075 0.260062 0.047720 2.386414 0.187939 0.841712 -0.249484 1.738366 2.563323 -6.659503 0.917549 0.263465 -5.874674 1.738366 2.563323 -14.507503 0.917549 0.263465 -13.722674 0.000000 0.000000 -7.848000 0.000000 0.000000 -7.848000 0.000000 0.000000 0.000000 0.000000 0.000000 0.000000 0.000000 0.000000 0.000000 0.000000 0.000000 0.000000 0.000000 0.000000 0.000000 0.000000 0.000000 0.000000 0.000000 0.000000 0.000000 0.000000 0.000000 0.000000
6.060883 0.000000 0.067112 0.016766 0.009599 0.441667 0.001342 0.118608 0.003907 0.118404 -0.002361 0.004051 0.414115 0.001330 0.108589 -0.006747 0.698659 0.872734 0.154562 1.051683 0.178922 0.392836 0.139096 0.600218 0.210961 0.052049 0.791415 0.186298 0.340022 -0.248285 2.127798 0.751199 0.123789 2.517694 0.176251 0.949745 0.132105 1.938007 0.279435 0.060354 2.239606 0.188394 0.892217 -0.246114 2.316089 2.568358 -7.144773 0.635812 0.361698 -4.816253 2.316089 2.568358 -14.992773 0.635812 0.361698 -12.664253 0.000000 0.000000 -7.848000 0.000000 0.000000 -7.848000 0.000000 0.000000 0.000000 0.000000 0.000000 0.000000 0.000000 0.000000 0.000000 0.000000 0.000000 0.000000 0.000000 0.000000 0.000000 0.000000 0.000000 0.000000 0.000000 0.000000 0.000000 0.000000 0.000000 0.000000
6.118814 0.000000 0.066824 0.016814 0.009623 0.441667 0.001354 0.118608 0.003919 0.117577 -0.002373 0.004051 0.413719 0.001342 0.108469 -0.006747 0.709177 0.895768 0.168288 1.056518 0.164074 0.372310 0.144349 0.554738 0.211785 0.052829 0.727738 0.186489 0.366613 -0.247885 2.139002 0.774087 0.137450 2.522804 0.161395 0.929330 0.137339 1.894957 0.280228 0.061104 2.177192 0.188584 0.919342 -0.245724 2.272378 2.638718 -7.099912 0.644137 0.370431 -4.561744 2.272378 2.638718 -14.947912 0.644137 0.370431 -12.409744 0.000000 0.000000 -7.848000 0.000000 0.000000 -7.848000 0.000000 0.000000 0.000000 0.000000 0.000000 0.000000 0.000000 0.000000 0.000000 0.000000 0.000000 0.000000 0.000000 0.000000 0.000000 0.000000 0.000000 0.000000 0.000000 0.000000 0.000000 0.000000 0.000000 0.000000
6.178728 0.000000 0.066692 0.016311 0.009420 0.416152 0.001318 0.112915 0.003763 0.111993 -0.002205 0.004087 0.397325 0.001378 0.104167 -0.006675 0.615830 0.918819 0.205868 0.948369 0.171646 0.314007 0.141848 0.555536 0.189936 0.049221 0.780108 0.186553 0.387967 -0.252601 2.072053 0.799204 0.175464 2.441874 0.169112 0.883331 0.135073 1.926607 0.257392 0.056924 2.253106 0.188617 0.951128 -0.250618 2.211952 2.710379 -6.267452 0.930195 0.300350 -4.946941 2.211952 2.710379 -14.115452 0.930195 0.300350 -12.794941 0.000000 0.000000 -7.848000 0.000000 0.000000 -7.848000 0.000000 0.000000 0.000000 0.000000 0.000000 0.000000 0.000000 0.000000 0.000000 0.000000 0.000000 0.000000 0.000000 0.000000 0.000000 0.000000 0.000000 0.000000 0.000000 0.000000 0.000000 0.000000 0.000000 0.000000
6.239900 0.000000 0.066692 0.016334 0.009432 0.414678 0.001294 0.112029 0.003787 0.112017 -0.002205 0.004099 0.395983 0.001318 0.103711 -0.006687 0.660215 0.944280 0.241930 0.927075 0.177132 0.287682 0.142447 0.545408 0.189834 0.045752 0.812773 0.186445 0.393462 -0.256113 2.118113 0.824617 0.211457 2.422323 0.174602 0.857910 0.135669 1.917865 0.257266 0.053460 2.287249 0.188518 0.957319 -0.254114 1.874142 2.802964 -5.898260 1.129860 0.281119 -5.236664 1.874142 2.802964 -13.746260 1.129860 0.281119 -13.084664 0.000000 0.000000 -7.848000 0.000000 0.000000 -7.848000 0.000000 0.000000 0.000000 0.000000 0.000000 0.000000 0.000000 0.000000 0.000000 0.000000 0.000000 0.000000 0.000000 0.000000 0.000000 0.000000 0.000000 0.000000 0.000000 0.000000 0.000000 0.000000 0.000000 0.000000
6.297145 0.000000 0.066692 0.016334 0.009420 0.412881 0.001306 0.111238 0.003763 0.111933 -0.002229 0.004075 0.394281 0.001318 0.102669 -0.006675 0.699396 0.952553 0.240419 0.925209 0.180458 0.280121 0.140364 0.549831 0.173673 0.044137 0.822914 0.186465 0.376651 -0.261828 2.159226 0.832957 0.209917 2.422466 0.177943 0.851338 0.133590 1.924482 0.241171 0.051889 2.299548 0.188535 0.941613 -0.259829 1.651708 2.806400 -5.721488 1.134452 0.240500 -5.246892 1.651708 2.806400 -13.569488 1.134452 0.240500 -13.094892 0.000000 0.000000 -7.848000 0.000000 0.000000 -7.848000 0.000000 0.000000 0.000000 0.000000 0.000000 0.000000 0.000000 0.000000 0.000000 0.000000 0.000000 0.000000 0.000000 0.000000 0.000000 0.000000 0.000000 0.000000 0.000000 0.000000 0.000000 0.000000 0.000000 0.000000
6.336797 0.000000 0.066644 0.016059 0.009192 0.392627 0.001258 0.104179 0.003727 0.110435 -0.002241 0.004003 0.368371 0.001306 0.093717 -0.006615 0.703148 0.930033 0.237906 0.934190 0.181690 0.264819 0.136709 0.511084 0.174166 0.051235 0.790096 0.186644 0.333864 -0.261980 2.183770 0.811893 0.207562 2.452968 0.179287 0.846244 0.130073 1.916365 0.241437 0.059012 2.296314 0.188709 0.912621 -0.260065 1.635537 2.746155 -5.602087 1.132392 0.259947 -4.882385 1.635537 2.746155 -13.450087 1.132392 0.259947 -12.730385 0.000000 0.000000 -7.848000 0.000000 0.000000 -7.848000 0.000000 0.000000 0.000000 0.000000 0.000000 0.000000 0.000000 0.000000 0.000000 0.000000 0.000000 0.000000 0.000000 0.000000 0.000000 0.000000 0.000000 0.000000 0.000000 0.000000 0.000000 0.000000 0.000000 0.000000
6.390025 0.000000 0.066656 0.016011 0.009144 0.389775 0.001258 0.103580 0.003715 0.109955 -0.002241 0.003991 0.366526 0.001318 0.093213 -0.006627 0.689702 0.947911 0.258593 1.043458 0.183719 0.275345 0.141226 0.579733 0.169773 0.052067 0.865841 0.186722 0.337371 -0.264905 2.173008 0.830022 0.228292 2.565042 0.181330 0.858022 0.134612 1.987964 0.237021 0.059825 2.374395 0.188791 0.917164 -0.263001 2.239694 2.868635 -6.459892 1.109340 0.244923 -5.207289 2.239694 2.868635 -14.307892 1.109340 0.244923 -13.055289 0.000000 0.000000 -7.848000 0.000000 0.000000 -7.848000 0.000000 0.000000 0.000000 0.000000 0.000000 0.000000 0.000000 0.000000 0.000000 0.000000 0.000000 0.000000 0.000000 0.000000 0.000000 0.000000 0.000000 0.000000 0.000000 0.000000 0.000000 0.000000 0.000000 0.000000
6.453721 0.000000 0.066632 0.015963 0.009144 0.369126 0.001246 0.100260 0.003679 0.108062 -0.002037 0.004218 0.352264 0.001342 0.091152 -0.006543 0.757864 0.960842 0.276049 1.038948 0.185509 0.313228 0.144721 0.626757 0.138101 0.048500 0.843950 0.186790 0.353371 -0.268152 2.260071 0.843494 0.245533 2.580145 0.183165 0.904450 0.138153 2.052700 0.204242 0.055790 2.368012 0.188827 0.939744 -0.266395 1.945678 2.912950 -6.198902 0.829014 0.185900 -4.895602 1.945678 2.912950 -14.046902 0.829014 0.185900 -12.743602 0.000000 0.000000 -7.848000 0.000000 0.000000 -7.848000 0.000000 0.000000 0.000000 0.000000 0.000000 0.000000 0.000000 0.000000 0.000000 0.000000 0.000000 0.000000 0.000000 0.000000 0.000000 0.000000 0.000000 0.000000 0.000000 0.000000 0.000000 0.000000 0.000000 0.000000
6.512091 0.000000 0.066620 0.015951 0.009132 0.367233 0.001258 0.100188 0.003679 0.107894 -0.002049 0.004206 0.350287 0.001306 0.090792 -0.006531 0.765094 0.953971 0.277683 0.977188 0.186398 0.327356 0.144902 0.623364 0.150283 0.055722 0.835050 0.186825 0.347096 -0.271502 2.268944 0.836707 0.247163 2.520074 0.184053 0.919267 0.138337 2.051532 0.216440 0.063030 2.361172 0.188863 0.934360 -0.269738 1.650167 2.877270 -5.770032 0.789734 0.226527 -4.813043 1.650167 2.877270 -13.618032 0.789734 0.226527 -12.661043 0.000000 0.000000 -7.848000 0.000000 0.000000 -7.848000 0.000000 0.000000 0.000000 0.000000 0.000000 0.000000 0.000000 0.000000 0.000000 0.000000 0.000000 0.000000 0.000000 0.000000 0.000000 0.000000 0.000000 0.000000 0.000000 0.000000 0.000000 0.000000 0.000000 0.000000
6.563429 0.000000 0.066548 0.015747 0.009144 0.348046 0.001246 0.095323 0.003571 0.103328 -0.002013 0.004087 0.328871 0.001318 0.087449 -0.006495 0.784478 0.952331 0.247314 0.985220 0.186869 0.350276 0.144845 0.555705 0.135246 0.056900 0.854557 0.186806 0.384720 -0.270888 2.305878 0.835945 0.216880 2.546240 0.184621 0.950408 0.138389 2.013537 0.201078 0.063954 2.404565 0.188842 0.982106 -0.269235 1.608053 2.819534 -5.710965 1.307506 0.175990 -5.153435 1.608053 2.819534 -13.558965 1.307506 0.175990 -13.001435 0.000000 0.000000 -7.848000 0.000000 0.000000 -7.848000 0.000000 0.000000 0.000000 0.000000 0.000000 0.000000 0.000000 0.000000 0.000000 0.000000 0.000000 0.000000 0.000000 0.000000 0.000000 0.000000 0.000000 0.000000 0.000000 0.000000 0.000000 0.000000 0.000000 0.000000
6.620138 0.000000 0.066548 0.015603 0.009108 0.344523 0.001234 0.094735 0.003559 0.102669 -0.002025 0.004075 0.326846 0.001306 0.087281 -0.006495 0.797257 0.929676 0.222189 1.059090 0.187163 0.379174 0.145242 0.648454 0.109959 0.045640 0.942190 0.186677 0.449157 -0.277416 2.321685 0.813743 0.191961 2.623253 0.184934 0.980673 0.138842 2.109500 0.175786 0.052684 2.494535 0.188716 1.047498 -0.275765 1.895320 2.752564 -6.217507 1.329878 0.089010 -5.648721 1.895320 2.752564 -14.065507 1.329878 0.089010 -13.496721 0.000000 0.000000 -7.848000 0.000000 0.000000 -7.848000 0.000000 0.000000 0.000000 0.000000 0.000000 0.000000 0.000000 0.000000 0.000000 0.000000 0.000000 0.000000 0.000000 0.000000 0.000000 0.000000 0.000000 0.000000 0.000000 0.000000 0.000000 0.000000 0.000000 0.000000
6.665114 0.000000 0.066560 0.015196 0.009120 0.325504 0.001258 0.090553 0.003535 0.101938 -0.001798 0.004206 0.312680 0.001318 0.083326 -0.006388 0.834822 0.950200 0.248611 1.112845 0.187767 0.423025 0.150995 0.703495 0.103416 0.045187 1.022224 0.186664 0.473736 -0.282387 2.375484 0.835534 0.218846 2.693900 0.185611 1.032042 0.144745 2.178938 0.168330 0.051797 2.588412 0.188663 1.078314 -0.280877 2.045219 2.858402 -6.490038 1.434911 0.063877 -6.022203 2.045219 2.858402 -14.338038 1.434911 0.063877 -13.870203 0.000000 0.000000 -7.848000 0.000000 0.000000 -7.848000 0.000000 0.000000 0.000000 0.000000 0.000000 0.000000 0.000000 0.000000 0.000000 0.000000 0.000000 0.000000 0.000000 0.000000 0.000000 0.000000 0.000000 0.000000 0.000000 0.000000 0.000000 0.000000 0.000000 0.000000
6.718004 0.000000 0.066393 0.014836 0.009048 0.309732 0.001234 0.086322 0.003475 0.101590 -0.001714 0.004182 0.293002 0.001306 0.078700 -0.006352 0.880804 0.981998 0.268281 1.183313 0.188200 0.434434 0.151244 0.686707 0.113398 0.056855 0.948553 0.186907 0.430711 -0.284098 2.435053 0.868586 0.238973 2.778225 0.186129 1.049722 0.145148 2.179713 0.177984 0.063340 2.532481 0.188902 1.043127 -0.282668 2.173903 2.975303 -6.776605 1.128810 0.127372 -5.378999 2.173903 2.975303 -14.624605 1.128810 0.127372 -13.226999 0.000000 0.000000 -7.848000 0.000000 0.000000 -7.848000 0.000000 0.000000 0.000000 0.000000 0.000000 0.000000 0.000000 0.000000 0.000000 0.000000 0.000000 0.000000 0.000000 0.000000 0.000000 0.000000 0.000000 0.000000 0.000000 0.000000 0.000000 0.000000 0.000000 0.000000
6.759896 0.000000 0.066297 0.014393 0.009036 0.290018 0.001234 0.081313 0.003427 0.092902 -0.001534 0.004266 0.280659 0.001342 0.071558 -0.006268 0.885502 0.964746 0.268989 1.176660 0.187974 0.445168 0.152547 0.750506 0.099672 0.049486 1.043015 0.186863 0.434122 -0.287985 2.455731 0.852720 0.240250 2.788031 0.185993 1.067831 0.146625 2.273820 0.163189 0.055186 2.645181 0.188820 1.054947 -0.286755 2.132879 2.932510 -6.628338 1.266723 0.076377 -5.763258 2.132879 2.932510 -14.476338 1.266723 0.076377 -13.611258 0.000000 0.000000 -7.848000 0.000000 0.000000 -7.848000 0.000000 0.000000 0.000000 0.000000 0.000000 0.000000 0.000000 0.000000 0.000000 0.000000 0.000000 0.000000 0.000000 0.000000 0.000000 0.000000 0.000000 0.000000 0.000000 0.000000 0.000000 0.000000 0.000000 0.000000
6.799382 0.000000 0.066285 0.014069 0.009048 0.277507 0.001234 0.079767 0.003416 0.092183 -0.001426 0.004206 0.266014 0.001330 0.070108 -0.006232 0.923793 0.963374 0.268006 1.220210 0.187926 0.501761 0.152830 0.751887 0.087174 0.051109 1.062384 0.186903 0.441420 -0.292120 2.503234 0.852248 0.239716 2.841137 0.185979 1.128435 0.147027 2.287650 0.150431 0.056609 2.676403 0.188854 1.067085 -0.290962 2.226011 2.938793 -6.876230 1.364692 0.048140 -5.837945 2.226011 2.938793 -14.724230 1.364692 0.048140 -13.685945 0.000000 0.000000 -7.848000 0.000000 0.000000 -7.848000 0.000000 0.000000 0.000000 0.000000 0.000000 0.000000 0.000000 0.000000 0.000000 0.000000 0.000000 0.000000 0.000000 0.000000 0.000000 0.000000 0.000000 0.000000 0.000000 0.000000 0.000000 0.000000 0.000000 0.000000
6.832755 0.000000 0.066285 0.013674 0.009048 0.268063 0.001246 0.078461 0.003368 0.092171 -0.001330 0.004266 0.253418 0.001306 0.069245 -0.006208 0.951289 0.978619 0.274753 1.221590 0.188156 0.514910 0.156255 0.740202 0.079268 0.053007 1.008792 0.186920 0.430689 -0.294562 2.537528 0.868501 0.247080 2.849579 0.186255 1.144567 0.150593 2.284973 0.142131 0.058341 2.632157 0.188868 1.060109 -0.293459 2.127342 2.978893 -6.807402 1.180414 0.046671 -5.462569 2.127342 2.978893 -14.655402 1.180414 0.046671 -13.310569 0.000000 0.000000 -7.848000 0.000000 0.000000 -7.848000 0.000000 0.000000 0.000000 0.000000 0.000000 0.000000 0.000000 0.000000 0.000000 0.000000 0.000000 0.000000 0.000000 0.000000 0.000000 0.000000 0.000000 0.000000 0.000000 0.000000 0.000000 0.000000 0.000000 0.000000
6.857836 0.000000 0.066249 0.013626 0.009060 0.266697 0.001246 0.077442 0.003368 0.091631 -0.001330 0.004242 0.252184 0.001318 0.068382 -0.006196 0.967756 0.975025 0.279514 1.213767 0.188175 0.509286 0.159042 0.699844 0.077905 0.057627 0.989996 0.186929 0.423384 -0.295166 2.555258 0.865018 0.251912 2.843015 0.186288 1.139604 0.153397 2.246829 0.140774 0.062937 2.614842 0.188873 1.053520 -0.294077 1.999016 2.974038 -6.701754 1.296385 0.050413 -5.414184 1.999016 2.974038 -14.549754 1.296385 0.050413 -13.262184 0.000000 0.000000 -7.848000 0.000000 0.000000 -7.848000 0.000000 0.000000 0.000000 0.000000 0.000000 0.000000 0.000000 0.000000 0.000000 0.000000 0.000000 0.000000 0.000000 0.000000 0.000000 0.000000 0.000000 0.000000 0.000000 0.000000 0.000000 0.000000 0.000000 0.000000
6.884633 0.000000 0.065973 0.013542 0.009036 0.263893 0.001258 0.073212 0.003356 0.089318 -0.001330 0.004194 0.250926 0.001294 0.067291 -0.006208 0.980613 0.960776 0.274614 1.241229 0.187974 0.497142 0.159509 0.755788 0.074807 0.051890 1.058744 0.186920 0.448952 -0.298307 2.571674 0.851078 0.247144 2.873750 0.186140 1.129431 0.153899 2.308811 0.137658 0.057091 2.686341 0.188868 1.080329 -0.297231 2.024055 2.937359 -6.783587 1.363874 0.024458 -5.758795 2.024055 2.937359 -14.631587 1.363874 0.024458 -13.606795 0.000000 0.000000 -7.848000 0.000000 0.000000 -7.848000 0.000000 0.000000 0.000000 0.000000 0.000000 0.000000 0.000000 0.000000 0.000000 0.000000 0.000000 0.000000 0.000000 0.000000 0.000000 0.000000 0.000000 0.000000 0.000000 0.000000 0.000000 0.000000 0.000000 0.000000
6.918836 0.000000 0.065985 0.013279 0.009012 0.261795 0.001246 0.072792 0.003332 0.089115 -0.001294 0.004206 0.249679 0.001294 0.067172 -0.006208 0.976376 0.954720 0.276569 1.243670 0.187960 0.497291 0.161596 0.748399 0.071668 0.055291 1.075005 0.186970 0.456000 -0.299467 2.568917 0.845647 0.249555 2.877743 0.186150 1.130251 0.156081 2.302725 0.134409 0.060417 2.703645 0.188917 1.087798 -0.298408 2.055984 2.928477 -6.797510 1.484525 0.018955 -5.883850 2.055984 2.928477 -14.645510 1.484525 0.018955 -13.731850 0.000000 0.000000 -7.848000 0.000000 0.000000 -7.848000 0.000000 0.000000 0.000000 0.000000 0.000000 0.000000 0.000000 0.000000 0.000000 0.000000 0.000000 0.000000 0.000000 0.000000 0.000000 0.000000 0.000000 0.000000 0.000000 0.000000 0.000000 0.000000 0.000000 0.000000
6.945377 0.000000 0.065997 0.012464 0.009084 0.255168 0.001246 0.072133 0.003320 0.089139 -0.001210 0.004326 0.245784 0.001330 0.067112 -0.006184 0.963858 0.953893 0.277226 1.212889 0.187975 0.495484 0.160641 0.745271 0.075619 0.054877 1.086431 0.187105 0.468220 -0.300747 2.560900 0.846455 0.251611 2.851654 0.186214 1.130369 0.155398 2.302179 0.137944 0.059838 2.717784 0.189042 1.101071 -0.299740 1.983781 2.914818 -6.604703 1.568473 0.023452 -5.971874 1.983781 2.914818 -14.452703 1.568473 0.023452 -13.819874 0.000000 0.000000 -7.848000 0.000000 0.000000 -7.848000 0.000000 0.000000 0.000000 0.000000 0.000000 0.000000 0.000000 0.000000 0.000000 0.000000 0.000000 0.000000 0.000000 0.000000 0.000000 0.000000 0.000000 0.000000 0.000000 0.000000 0.000000 0.000000 0.000000 0.000000
6.979365 0.000000 0.065997 0.012344 0.009096 0.252915 0.001246 0.071929 0.003320 0.089055 -0.001150 0.004362 0.244382 0.001306 0.066932 -0.006184 0.985502 0.947361 0.285663 1.194324 0.188079 0.501610 0.164168 0.735022 0.083460 0.057549 1.097363 0.186993 0.481694 -0.301812 2.584056 0.840181 0.260245 2.834662 0.186325 1.137137 0.158966 2.293090 0.145590 0.062394 2.729791 0.188928 1.114988 -0.300822 1.802177 2.908144 -6.453414 1.685609 0.040515 -6.082792 1.802177 2.908144 -14.301414 1.685609 0.040515 -13.930792 0.000000 0.000000 -7.848000 0.000000 0.000000 -7.848000 0.000000 0.000000 0.000000 0.000000 0.000000 0.000000 0.000000 0.000000 0.000000 0.000000 0.000000 0.000000 0.000000 0.000000 0.000000 0.000000 0.000000 0.000000 0.000000 0.000000 0.000000 0.000000 0.000000 0.000000
7.032328 0.000000 0.065638 0.011984 0.009084 0.244934 0.001258 0.069053 0.003296 0.088707 -0.001067 0.004290 0.239996 0.001294 0.066321 -0.006148 0.974117 0.926892 0.282764 1.167956 0.188163 0.422371 0.164750 0.767597 0.076616 0.050216 1.135016 0.186882 0.520535 -0.304979 2.579237 0.820620 0.257949 2.814563 0.186459 1.060772 0.159677 2.329446 0.138656 0.054906 2.770847 0.188805 1.155235 -0.304027 1.597746 2.840144 -6.094372 1.755845 0.005210 -6.311154 1.597746 2.840144 -13.942372 1.755845 0.005210 -14.159154 0.000000 0.000000 -7.848000 0.000000 0.000000 -7.848000 0.000000 0.000000 0.000000 0.000000 0.000000 0.000000 0.000000 0.000000 0.000000 0.000000 0.000000 0.000000 0.000000 0.000000 0.000000 0.000000 0.000000 0.000000 0.000000 0.000000 0.000000 0.000000 0.000000 0.000000
7.077598 0.000000 0.065254 0.011924 0.009060 0.243807 0.001246 0.067363 0.003296 0.088719 -0.001043 0.004290 0.237479 0.001282 0.066213 -0.006136 1.032092 0.921078 0.290078 1.206768 0.188121 0.404358 0.164750 0.765585 0.081450 0.051909 1.117156 0.186946 0.544670 -0.302804 2.639132 0.815010 0.265385 2.854780 0.186437 1.043561 0.159707 2.329084 0.143425 0.056559 2.754720 0.188866 1.180052 -0.301864 1.441161 2.839704 -6.155526 1.725883 0.021516 -6.252521 1.441161 2.839704 -14.003526 1.725883 0.021516 -14.100521 0.000000 0.000000 -7.848000 0.000000 0.000000 -7.848000 0.000000 0.000000 0.000000 0.000000 0.000000 0.000000 0.000000 0.000000 0.000000 0.000000 0.000000 0.000000 0.000000 0.000000 0.000000 0.000000 0.000000 0.000000 0.000000 0.000000 0.000000 0.000000 0.000000 0.000000
7.144479 0.000000 0.065266 0.011745 0.009012 0.239253 0.001246 0.065937 0.003236 0.088707 -0.000923 0.004218 0.228084 0.001282 0.064871 -0.006124 1.025170 0.897278 0.283640 1.236611 0.188026 0.415447 0.165348 0.783307 0.053160 0.045701 1.040532 0.186805 0.566724 -0.310349 2.635373 0.791756 0.259243 2.887923 0.186382 1.056137 0.160376 2.353216 0.114970 0.050153 2.684748 0.188722 1.204870 -0.309468 1.611612 2.786804 -6.344079 1.362619 -0.035360 -5.780954 1.611612 2.786804 -14.192079 1.362619 -0.035360 -13.628954 0.000000 0.000000 -7.848000 0.000000 0.000000 -7.848000 0.000000 0.000000 0.000000 0.000000 0.000000 0.000000 0.000000 0.000000 0.000000 0.000000 0.000000 0.000000 0.000000 0.000000 0.000000 0.000000 0.000000 0.000000 0.000000 0.000000 0.000000 0.000000 0.000000 0.000000
7.196711 0.000000 0.065254 0.011109 0.009036 0.232722 0.001246 0.063684 0.003224 0.088396 -0.000935 0.004206 0.218784 0.001294 0.061311 -0.006112 1.057931 0.880661 0.291236 1.220271 0.188064 0.380870 0.165453 0.835027 0.083814 0.062366 0.955422 0.187077 0.507313 -0.306747 2.672710 0.776467 0.267937 2.876317 0.186471 1.023712 0.160697 2.412272 0.145595 0.066834 2.606795 0.188995 1.148741 -0.305895 1.305595 2.746987 -6.076788 0.601777 0.096514 -4.998299 1.305595 2.746987 -13.924788 0.601777 0.096514 -12.846299 0.000000 0.000000 -7.848000 0.000000 0.000000 -7.848000 0.000000 0.000000 0.000000 0.000000 0.000000 0.000000 0.000000 0.000000 0.000000 0.000000 0.000000 0.000000 0.000000 0.000000 0.000000 0.000000 0.000000 0.000000 0.000000 0.000000 0.000000 0.000000 0.000000 0.000000
7.241255 0.000000 0.064751 0.010954 0.009072 0.224237 0.001258 0.060329 0.003212 0.085280 -0.000863 0.004206 0.213691 0.001270 0.058207 -0.006088 1.090297 0.882047 0.291429 1.266464 0.188138 0.378068 0.163760 0.795599 0.071449 0.059420 0.987170 0.187113 0.498366 -0.307410 2.711963 0.778260 0.268379 2.928897 0.186584 1.023836 0.159067 2.383089 0.132930 0.063605 2.644440 0.189023 1.142497 -0.306618 1.341774 2.756374 -6.235700 0.951685 0.052768 -5.222708 1.341774 2.756374 -14.083700 0.951685 0.052768 -13.070708 0.000000 0.000000 -7.848000 0.000000 0.000000 -7.848000 0.000000 0.000000 0.000000 0.000000 0.000000 0.000000 0.000000 0.000000 0.000000 0.000000 0.000000 0.000000 0.000000 0.000000 0.000000 0.000000 0.000000 0.000000 0.000000 0.000000 0.000000 0.000000 0.000000 0.000000
7.291589 0.000000 0.064559 0.010894 0.009072 0.223674 0.001234 0.060293 0.003224 0.084285 -0.000875 0.004206 0.213415 0.001294 0.058016 -0.006088 1.080164 0.857582 0.288028 1.281107 0.187991 0.364063 0.165336 0.801027 0.058997 0.056707 1.016953 0.186975 0.487014 -0.311077 2.702564 0.753923 0.265094 2.944009 0.186436 1.010014 0.160670 2.390763 0.120459 0.060865 2.675042 0.188884 1.131484 -0.310297 1.419977 2.702024 -6.301043 1.046999 0.015375 -5.358232 1.419977 2.702024 -14.149043 1.046999 0.015375 -13.206232 0.000000 0.000000 -7.848000 0.000000 0.000000 -7.848000 0.000000 0.000000 0.000000 0.000000 0.000000 0.000000 0.000000 0.000000 0.000000 0.000000 0.000000 0.000000 0.000000 0.000000 0.000000 0.000000 0.000000 0.000000 0.000000 0.000000 0.000000 0.000000 0.000000 0.000000
7.331205 0.000000 0.064583 0.010426 0.009036 0.218065 0.001258 0.060281 0.003152 0.083147 -0.000767 0.004254 0.209568 0.001330 0.056973 -0.006040 1.056141 0.849478 0.288498 1.284532 0.187990 0.377550 0.166361 0.806768 0.054977 0.055469 1.084148 0.187068 0.487207 -0.313447 2.681793 0.746895 0.266385 2.950843 0.186475 1.024797 0.161853 2.401372 0.116063 0.059369 2.745557 0.188959 1.133084 -0.312738 1.581079 2.690532 -6.375485 1.317149 -0.007902 -5.717341 1.581079 2.690532 -14.223485 1.317149 -0.007902 -13.565341 0.000000 0.000000 -7.848000 0.000000 0.000000 -7.848000 0.000000 0.000000 0.000000 0.000000 0.000000 0.000000 0.000000 0.000000 0.000000 0.000000 0.000000 0.000000 0.000000 0.000000 0.000000 0.000000 0.000000 0.000000 0.000000 0.000000 0.000000 0.000000 0.000000 0.000000
7.378759 0.000000 0.064535 0.010211 0.009048 0.204846 0.001234 0.058531 0.003128 0.082895 -0.000683 0.004230 0.204067 0.001306 0.052455 -0.006028 1.050051 0.833927 0.283856 1.256823 0.187935 0.370278 0.166572 0.846272 0.061892 0.052032 1.178344 0.187052 0.433147 -0.316123 2.683715 0.731946 0.262061 2.931387 0.186448 1.020895 0.162158 2.445621 0.122817 0.055775 2.844303 0.188939 1.081383 -0.315455 1.467467 2.639704 -6.157955 1.425307 -0.009000 -6.028375 1.467467 2.639704 -14.005955 1.425307 -0.009000 -13.876375 0.000000 0.000000 -7.848000 0.000000 0.000000 -7.848000 0.000000 0.000000 0.000000 0.000000 0.000000 0.000000 0.000000 0.000000 0.000000 0.000000 0.000000 0.000000 0.000000 0.000000 0.000000 0.000000 0.000000 0.000000 0.000000 0.000000 0.000000 0.000000 0.000000 0.000000
7.415146 0.000000 0.064319 0.010151 0.009048 0.203552 0.001258 0.057596 0.003128 0.082895 -0.000683 0.004230 0.202066 0.001318 0.051940 -0.006016 1.078739 0.825919 0.283179 1.302168 0.187862 0.387177 0.169302 0.838971 0.058371 0.055066 1.190132 0.187135 0.404122 -0.319616 2.713756 0.724082 0.261497 2.977807 0.186384 1.038328 0.164903 2.439592 0.119282 0.058810 2.857415 0.189019 1.052926 -0.318959 1.545444 2.631685 -6.389284 1.463643 -0.012501 -6.034975 1.545444 2.631685 -14.237284 1.463643 -0.012501 -13.882975 0.000000 0.000000 -7.848000 0.000000 0.000000 -7.848000 0.000000 0.000000 0.000000 0.000000 0.000000 0.000000 0.000000 0.000000 0.000000 0.000000 0.000000 0.000000 0.000000 0.000000 0.000000 0.000000 0.000000 0.000000 0.000000 0.000000 0.000000 0.000000 0.000000 0.000000
7.447306 0.000000 0.063672 0.010055 0.009048 0.201239 0.001222 0.056590 0.003140 0.082835 -0.000563 0.004230 0.193413 0.001270 0.050597 -0.005992 1.102707 0.826226 0.287631 1.349204 0.187863 0.410422 0.172471 0.838971 0.053060 0.054412 1.158846 0.186961 0.382483 -0.319908 2.740513 0.724624 0.266151 3.026750 0.186395 1.062428 0.168122 2.444942 0.113694 0.057939 2.831599 0.188840 1.033516 -0.319297 1.678407 2.653721 -6.649580 1.294104 -0.015898 -5.780113 1.678407 2.653721 -14.497580 1.294104 -0.015898 -13.628113 0.000000 0.000000 -7.848000 0.000000 0.000000 -7.848000 0.000000 0.000000 0.000000 0.000000 0.000000 0.000000 0.000000 0.000000 0.000000 0.000000 0.000000 0.000000 0.000000 0.000000 0.000000 0.000000 0.000000 0.000000 0.000000 0.000000 0.000000 0.000000 0.000000 0.000000
7.493007 0.000000 0.063648 0.009959 0.009036 0.200376 0.001246 0.056590 0.003116 0.082559 -0.000575 0.004230 0.191172 0.001318 0.050262 -0.006016 1.087200 0.806994 0.275997 1.377179 0.187761 0.432898 0.172231 0.857012 0.043122 0.051378 1.122661 0.186903 0.372624 -0.317927 2.725531 0.705617 0.254690 3.055232 0.186303 1.085095 0.167909 2.464863 0.103764 0.054915 2.796950 0.188788 1.024275 -0.317332 1.903657 2.601772 -6.872527 1.036353 -0.031637 -5.519112 1.903657 2.601772 -14.720527 1.036353 -0.031637 -13.367112 0.000000 0.000000 -7.848000 0.000000 0.000000 -7.848000 0.000000 0.000000 0.000000 0.000000 0.000000 0.000000 0.000000 0.000000 0.000000 0.000000 0.000000 0.000000 0.000000 0.000000 0.000000 0.000000 0.000000 0.000000 0.000000 0.000000 0.000000 0.000000 0.000000 0.000000
7.542200 0.000000 0.063672 0.009420 0.009048 0.190921 0.001246 0.055523 0.003080 0.080822 -0.000455 0.004230 0.181525 0.001318 0.049615 -0.005968 1.018300 0.815652 0.284625 1.303630 0.187916 0.443657 0.170295 0.864754 0.031305 0.056797 1.091364 0.187000 0.390978 -0.322054 2.661928 0.715420 0.264256 2.987220 0.186496 1.098076 0.166162 2.481514 0.091602 0.060033 2.772265 0.188871 1.045174 -0.321536 1.967475 2.627028 -6.572060 0.905038 -0.039251 -5.343371 1.967475 2.627028 -14.420060 0.905038 -0.039251 -13.191371 0.000000 0.000000 -7.848000 0.000000 0.000000 -7.848000 0.000000 0.000000 0.000000 0.000000 0.000000 0.000000 0.000000 0.000000 0.000000 0.000000 0.000000 0.000000 0.000000 0.000000 0.000000 0.000000 0.000000 0.000000 0.000000 0.000000 0.000000 0.000000 0.000000 0.000000
7.587790 0.000000 0.063648 0.009204 0.009036 0.188728 0.001246 0.054924 0.003068 0.080774 -0.000431 0.004206 0.179811 0.001270 0.049567 -0.005980 1.035851 0.786670 0.276795 1.282347 0.187784 0.448602 0.168596 0.903719 0.023722 0.059408 1.072613 0.187111 0.405166 -0.321399 2.680817 0.686903 0.256814 2.967288 0.186380 1.103605 0.164536 2.521507 0.084015 0.062603 2.754511 0.188987 1.059738 -0.320875 1.768842 2.538795 -6.421265 0.649437 -0.041073 -5.200283 1.768842 2.538795 -14.269265 0.649437 -0.041073 -13.048283 0.000000 0.000000 -7.848000 0.000000 0.000000 -7.848000 0.000000 0.000000 0.000000 0.000000 0.000000 0.000000 0.000000 0.000000 0.000000 0.000000 0.000000 0.000000 0.000000 0.000000 0.000000 0.000000 0.000000 0.000000 0.000000 0.000000 0.000000 0.000000 0.000000 0.000000
7.624871 0.000000 0.063013 0.008940 0.009072 0.182076 0.001246 0.051664 0.003092 0.078065 -0.000300 0.004254 0.177007 0.001270 0.049099 -0.005968 1.087348 0.804201 0.288632 1.300334 0.187973 0.458805 0.170874 0.849997 0.036790 0.067639 1.115271 0.187177 0.422889 -0.319294 2.737680 0.704975 0.269135 2.989880 0.186596 1.115941 0.166911 2.474739 0.096639 0.070457 2.800264 0.189046 1.078669 -0.318842 1.622732 2.596938 -6.429263 1.143376 -0.011133 -5.547756 1.622732 2.596938 -14.277263 1.143376 -0.011133 -13.395756 0.000000 0.000000 -7.848000 0.000000 0.000000 -7.848000 0.000000 0.000000 0.000000 0.000000 0.000000 0.000000 0.000000 0.000000 0.000000 0.000000 0.000000 0.000000 0.000000 0.000000 0.000000 0.000000 0.000000 0.000000 0.000000 0.000000 0.000000 0.000000 0.000000 0.000000
7.672581 0.000000 0.062534 0.008832 0.009048 0.181261 0.001246 0.051304 0.003068 0.077059 -0.000300 0.004206 0.176887 0.001306 0.049051 -0.005968 1.056597 0.800820 0.286409 1.299695 0.187900 0.455091 0.173435 0.792864 0.030615 0.059923 1.155812 0.187135 0.436292 -0.320674 2.708364 0.701871 0.267138 2.989995 0.186537 1.112552 0.169516 2.419664 0.090517 0.062701 2.841412 0.189004 1.092303 -0.320240 1.773096 2.589917 -6.462923 1.653842 -0.057470 -5.894552 1.773096 2.589917 -14.310923 1.653842 -0.057470 -13.742552 0.000000 0.000000 -7.848000 0.000000 0.000000 -7.848000 0.000000 0.000000 0.000000 0.000000 0.000000 0.000000 0.000000 0.000000 0.000000 0.000000 0.000000 0.000000 0.000000 0.000000 0.000000 0.000000 0.000000 0.000000 0.000000 0.000000 0.000000 0.000000 0.000000 0.000000
7.720151 0.000000 0.061851 0.008317 0.009036 0.177450 0.001258 0.051149 0.003044 0.075884 -0.000108 0.004314 0.171902 0.001294 0.048464 -0.005944 1.060876 0.774375 0.278153 1.392188 0.187765 0.491333 0.174030 0.811816 0.031137 0.056222 1.212212 0.187068 0.469753 -0.321532 2.715968 0.676480 0.259858 3.084889 0.186428 1.149707 0.170286 2.443652 0.090420 0.058580 2.901248 0.188925 1.127109 -0.321180 2.209451 2.542102 -7.011735 1.868185 -0.072165 -6.220359 2.209451 2.542102 -14.859735 1.868185 -0.072165 -14.068359 0.000000 0.000000 -7.848000 0.000000 0.000000 -7.848000 0.000000 0.000000 0.000000 0.000000 0.000000 0.000000 0.000000 0.000000 0.000000 0.000000 0.000000 0.000000 0.000000 0.000000 0.000000 0.000000 0.000000 0.000000 0.000000 0.000000 0.000000 0.000000 0.000000 0.000000
7.765990 0.000000 0.061851 0.008269 0.009048 0.175761 0.001258 0.051149 0.003056 0.075884 -0.000072 0.004302 0.169828 0.001306 0.048428 -0.005920 1.039302 0.768065 0.282721 1.418724 0.187735 0.510078 0.177066 0.794989 0.015004 0.055411 1.229888 0.187132 0.500865 -0.325513 2.695246 0.670252 0.264506 3.112311 0.186396 1.168781 0.173338 2.427900 0.074227 0.057704 2.920042 0.188980 1.158639 -0.325183 2.472565 2.552404 -7.222188 2.097177 -0.116870 -6.403917 2.472565 2.552404 -15.070188 2.097177 -0.116870 -14.251917 0.000000 0.000000 -7.848000 0.000000 0.000000 -7.848000 0.000000 0.000000 0.000000 0.000000 0.000000 0.000000 0.000000 0.000000 0.000000 0.000000 0.000000 0.000000 0.000000 0.000000 0.000000 0.000000 0.000000 0.000000 0.000000 0.000000 0.000000 0.000000 0.000000 0.000000
7.816238 0.000000 0.061743 0.008161 0.009000 0.166808 0.001234 0.050226 0.003032 0.074554 -0.000048 0.004159 0.165310 0.001294 0.047134 -0.005920 1.003859 0.743942 0.271502 1.347895 0.187573 0.498540 0.175975 0.759820 0.009915 0.060124 1.301226 0.187018 0.526383 -0.327975 2.664619 0.646536 0.253462 3.046320 0.186250 1.159145 0.172303 2.397862 0.069302 0.062333 2.994696 0.188870 1.185538 -0.327666 2.302018 2.462719 -6.826365 2.642471 -0.137554 -6.871286 2.302018 2.462719 -14.674365 2.642471 -0.137554 -14.719286 0.000000 0.000000 -7.848000 0.000000 0.000000 -7.848000 0.000000 0.000000 0.000000 0.000000 0.000000 0.000000 0.000000 0.000000 0.000000 0.000000 0.000000 0.000000 0.000000 0.000000 0.000000 0.000000 0.000000 0.000000 0.000000 0.000000 0.000000 0.000000 0.000000 0.000000
7.868517 0.000000 0.061311 0.008089 0.009012 0.164807 0.001258 0.049219 0.003020 0.073763 -0.000048 0.004182 0.165250 0.001306 0.046870 -0.005908 1.032349 0.743467 0.277404 1.328909 0.187669 0.520772 0.181475 0.754392 -0.001084 0.057278 1.371297 0.187106 0.550437 -0.334502 2.695098 0.646213 0.259513 3.028741 0.186358 1.182015 0.177826 2.394055 0.058228 0.059448 3.065246 0.188953 1.209801 -0.334205 2.117659 2.468210 -6.719478 3.032721 -0.183602 -7.305087 2.117659 2.468210 -14.567478 3.032721 -0.183602 -15.153087 0.000000 0.000000 -7.848000 0.000000 0.000000 -7.848000 0.000000 0.000000 0.000000 0.000000 0.000000 0.000000 0.000000 0.000000 0.000000 0.000000 0.000000 0.000000 0.000000 0.000000 0.000000 0.000000 0.000000 0.000000 0.000000 0.000000 0.000000 0.000000 0.000000 0.000000
7.910063 0.000000 0.060928 0.007970 0.008976 0.157724 0.001258 0.046463 0.003020 0.073248 0.000228 0.004302 0.160289 0.001306 0.046379 -0.005872 1.077865 0.752181 0.299257 1.375183 0.187785 0.524703 0.185604 0.735632 0.016743 0.054026 1.382586 0.187190 0.566318 -0.336398 2.745211 0.655316 0.281585 3.079202 0.186497 1.187802 0.182006 2.378865 0.075286 0.055648 3.079449 0.189019 1.226811 -0.336211 2.117539 2.539086 -6.875106 3.202715 -0.155838 -7.398149 2.117539 2.539086 -14.723106 3.202715 -0.155838 -15.246149 0.000000 0.000000 -7.848000 0.000000 0.000000 -7.848000 0.000000 0.000000 0.000000 0.000000 0.000000 0.000000 0.000000 0.000000 0.000000 0.000000 0.000000 0.000000 0.000000 0.000000 0.000000 0.000000 0.000000 0.000000 0.000000 0.000000 0.000000 0.000000 0.000000 0.000000
7.955927 0.000000 0.060952 0.007814 0.008892 0.152320 0.001258 0.045504 0.003020 0.072792 0.000264 0.004218 0.149791 0.001306 0.044198 -0.005860 1.029617 0.738949 0.303978 1.352663 0.187650 0.535770 0.183987 0.733232 0.009413 0.058237 1.321106 0.187086 0.570155 -0.335912 2.699596 0.642588 0.286583 3.059449 0.186372 1.199987 0.180447 2.382791 0.068001 0.059785 3.023859 0.188916 1.233056 -0.335762 2.283910 2.523474 -6.826790 2.957030 -0.150503 -7.023801 2.283910 2.523474 -14.674790 2.957030 -0.150503 -14.871801 0.000000 0.000000 -7.848000 0.000000 0.000000 -7.848000 0.000000 0.000000 0.000000 0.000000 0.000000 0.000000 0.000000 0.000000 0.000000 0.000000 0.000000 0.000000 0.000000 0.000000 0.000000 0.000000 0.000000 0.000000 0.000000 0.000000 0.000000 0.000000 0.000000 0.000000
8.010349 0.000000 0.060928 0.007706 0.008880 0.149815 0.001258 0.044989 0.002996 0.072792 0.000264 0.004206 0.146243 0.001270 0.043443 -0.005872 1.047918 0.739141 0.317174 1.361707 0.187624 0.531041 0.183744 0.777516 0.004693 0.060108 1.271408 0.187085 0.561587 -0.336607 2.719177 0.643036 0.299973 3.069786 0.186361 1.195785 0.180243 2.428870 0.063300 0.061658 2.976028 0.188923 1.225253 -0.336453 2.230622 2.550522 -6.830023 2.496751 -0.141094 -6.662572 2.230622 2.550522 -14.678023 2.496751 -0.141094 -14.510572 0.000000 0.000000 -7.848000 0.000000 0.000000 -7.848000 0.000000 0.000000 0.000000 0.000000 0.000000 0.000000 0.000000 0.000000 0.000000 0.000000 0.000000 0.000000 0.000000 0.000000 0.000000 0.000000 0.000000 0.000000 0.000000 0.000000 0.000000 0.000000 0.000000 0.000000
8.061445 0.000000 0.060748 0.007682 0.008904 0.142445 0.001246 0.041813 0.002972 0.071774 0.000479 0.004266 0.136824 0.001330 0.040015 -0.005848 1.042003 0.741578 0.316625 1.363789 0.187590 0.534632 0.181918 0.826702 0.002850 0.063010 1.278850 0.187183 0.543477 -0.339640 2.717417 0.645583 0.299451 3.075913 0.186356 1.201183 0.178441 2.484876 0.060899 0.064107 2.989003 0.189011 1.209517 -0.339610 2.279280 2.556644 -6.819172 2.246235 -0.130100 -6.544196 2.279280 2.556644 -14.667172 2.246235 -0.130100 -14.392196 0.000000 0.000000 -7.848000 0.000000 0.000000 -7.848000 0.000000 0.000000 0.000000 0.000000 0.000000 0.000000 0.000000 0.000000 0.000000 0.000000 0.000000 0.000000 0.000000 0.000000 0.000000 0.000000 0.000000 0.000000 0.000000 0.000000 0.000000 0.000000 0.000000 0.000000
8.119028 0.000000 0.060748 0.007622 0.008856 0.140395 0.001246 0.041765 0.002984 0.071558 0.000479 0.004218 0.136572 0.001306 0.039320 -0.005836 1.026179 0.741170 0.324559 1.312263 0.187694 0.525923 0.181753 0.860209 -0.006933 0.058744 1.281405 0.187154 0.526324 -0.339892 2.702504 0.645390 0.307494 3.025331 0.186457 1.192819 0.178298 2.519013 0.051194 0.059837 2.991886 0.188980 1.192557 -0.339857 2.124152 2.561087 -6.552510 2.063126 -0.154827 -6.474641 2.124152 2.561087 -14.400510 2.063126 -0.154827 -14.322641 0.000000 0.000000 -7.848000 0.000000 0.000000 -7.848000 0.000000 0.000000 0.000000 0.000000 0.000000 0.000000 0.000000 0.000000 0.000000 0.000000 0.000000 0.000000 0.000000 0.000000 0.000000 0.000000 0.000000 0.000000 0.000000 0.000000 0.000000 0.000000 0.000000 0.000000
8.177806 0.000000 0.060724 0.007514 0.008904 0.132689 0.001246 0.040399 0.002948 0.071474 0.000635 0.004278 0.135985 0.001306 0.038913 -0.005824 1.041317 0.757132 0.332612 1.332413 0.187610 0.548634 0.185978 0.884600 0.005808 0.055949 1.371787 0.187113 0.535626 -0.340435 2.721214 0.661561 0.315720 3.049159 0.186396 1.216991 0.182568 2.543897 0.063538 0.056740 3.082647 0.188931 1.202037 -0.340455 2.192993 2.619930 -6.652411 2.341784 -0.146004 -6.920440 2.192993 2.619930 -14.500411 2.341784 -0.146004 -14.768440 0.000000 0.000000 -7.848000 0.000000 0.000000 -7.848000 0.000000 0.000000 0.000000 0.000000 0.000000 0.000000 0.000000 0.000000 0.000000 0.000000 0.000000 0.000000 0.000000 0.000000 0.000000 0.000000 0.000000 0.000000 0.000000 0.000000 0.000000 0.000000 0.000000 0.000000
8.243189 0.000000 0.060472 0.007478 0.008868 0.126110 0.001270 0.037235 0.002924 0.071450 0.000671 0.004254 0.132713 0.001318 0.037247 -0.005800 1.058428 0.770056 0.335860 1.390847 0.187805 0.517843 0.192313 0.906268 -0.006229 0.055406 1.485699 0.187158 0.504352 -0.343978 2.742010 0.674717 0.319033 3.111036 0.186619 1.187739 0.188920 2.567317 0.051469 0.056132 3.198345 0.188970 1.171576 -0.344025 2.318971 2.665864 -6.832071 2.676213 -0.187322 -7.392829 2.318971 2.665864 -14.680071 2.676213 -0.187322 -15.240829 0.000000 0.000000 -7.848000 0.000000 0.000000 -7.848000 0.000000 0.000000 0.000000 0.000000 0.000000 0.000000 0.000000 0.000000 0.000000 0.000000 0.000000 0.000000 0.000000 0.000000 0.000000 0.000000 0.000000 0.000000 0.000000 0.000000 0.000000 0.000000 0.000000 0.000000
8.290767 0.000000 0.060484 0.007466 0.008868 0.125403 0.001258 0.037187 0.002936 0.071462 0.000671 0.004266 0.131743 0.001294 0.036840 -0.005812 1.056949 0.771638 0.353465 1.395065 0.187463 0.511536 0.196368 0.941617 -0.005282 0.059996 1.547194 0.187197 0.502984 -0.345026 2.740805 0.676324 0.336658 3.115558 0.186274 1.181544 0.192983 2.603132 0.052397 0.060721 3.260343 0.189015 1.170430 -0.345067 2.348349 2.710259 -6.844101 2.753636 -0.181216 -7.648990 2.348349 2.710259 -14.692101 2.753636 -0.181216 -15.496990 0.000000 0.000000 -7.848000 0.000000 0.000000 -7.848000 0.000000 0.000000 0.000000 0.000000 0.000000 0.000000 0.000000 0.000000 0.000000 0.000000 0.000000 0.000000 0.000000 0.000000 0.000000 0.000000 0.000000 0.000000 0.000000 0.000000 0.000000 0.000000 0.000000 0.000000
8.344162 0.000000 0.060472 0.007370 0.008844 0.119770 0.001258 0.036995 0.002900 0.071378 0.000683 0.004242 0.123210 0.001306 0.032214 -0.005788 1.037926 0.767872 0.341794 1.340877 0.187622 0.510602 0.193781 0.940557 0.013734 0.066079 1.494457 0.187134 0.424072 -0.344985 2.724113 0.672847 0.325154 3.063770 0.186447 1.181477 0.190435 2.606577 0.071415 0.066780 3.212166 0.188951 1.093597 -0.345061 2.196483 2.665453 -6.569353 2.369447 -0.112934 -7.169351 2.196483 2.665453 -14.417353 2.369447 -0.112934 -15.017351 0.000000 0.000000 -7.848000 0.000000 0.000000 -7.848000 0.000000 0.000000 0.000000 0.000000 0.000000 0.000000 0.000000 0.000000 0.000000 0.000000 0.000000 0.000000 0.000000 0.000000 0.000000 0.000000 0.000000 0.000000 0.000000 0.000000 0.000000 0.000000 0.000000 0.000000
8.404945 0.000000 0.060389 0.007346 0.008868 0.115204 0.001246 0.032777 0.002888 0.070204 0.000695 0.004242 0.118200 0.001318 0.029517 -0.005776 1.100340 0.772644 0.323919 1.445759 0.187511 0.492477 0.198052 0.973422 -0.001541 0.060335 1.561705 0.187154 0.389192 -0.347573 2.789063 0.677695 0.307311 3.171163 0.186368 1.164624 0.194726 2.644088 0.056075 0.060963 3.282456 0.188972 1.060039 -0.347680 2.291570 2.652207 -6.948485 2.447684 -0.161398 -7.366752 2.291570 2.652207 -14.796485 2.447684 -0.161398 -15.214752 0.000000 0.000000 -7.848000 0.000000 0.000000 -7.848000 0.000000 0.000000 0.000000 0.000000 0.000000 0.000000 0.000000 0.000000 0.000000 0.000000 0.000000 0.000000 0.000000 0.000000 0.000000 0.000000 0.000000 0.000000 0.000000 0.000000 0.000000 0.000000 0.000000 0.000000
8.456649 0.000000 0.060400 0.007310 0.008808 0.114533 0.001246 0.032657 0.002864 0.069904 0.000707 0.004206 0.117302 0.001342 0.029493 -0.005776 1.087802 0.785530 0.332397 1.461631 0.187613 0.473581 0.197173 0.989304 -0.001930 0.062431 1.545601 0.187325 0.353821 -0.347927 2.776784 0.690771 0.315860 3.187318 0.186480 1.145838 0.193862 2.660893 0.055721 0.063028 3.266858 0.189142 1.024845 -0.348049 2.405597 2.701034 -7.004067 2.232095 -0.150230 -7.190040 2.405597 2.701034 -14.852067 2.232095 -0.150230 -15.038040 0.000000 0.000000 -7.848000 0.000000 0.000000 -7.848000 0.000000 0.000000 0.000000 0.000000 0.000000 0.000000 0.000000 0.000000 0.000000 0.000000 0.000000 0.000000 0.000000 0.000000 0.000000 0.000000 0.000000 0.000000 0.000000 0.000000 0.000000 0.000000 0.000000 0.000000
8.506207 0.000000 0.060412 0.007274 0.008880 0.110063 0.001258 0.032309 0.002864 0.069209 0.000779 0.004254 0.113874 0.001306 0.029253 -0.005764 1.045167 0.783472 0.334380 1.405391 0.187502 0.456676 0.193459 0.990092 0.013428 0.064273 1.542544 0.187257 0.342984 -0.348409 2.735887 0.688692 0.317890 3.132907 0.186370 1.129597 0.190159 2.664384 0.070839 0.064699 3.265548 0.189071 1.014633 -0.348556 2.348693 2.691670 -6.725246 2.189196 -0.111535 -7.134941 2.348693 2.691670 -14.573246 2.189196 -0.111535 -14.982941 0.000000 0.000000 -7.848000 0.000000 0.000000 -7.848000 0.000000 0.000000 0.000000 0.000000 0.000000 0.000000 0.000000 0.000000 0.000000 0.000000 0.000000 0.000000 0.000000 0.000000 0.000000 0.000000 0.000000 0.000000 0.000000 0.000000 0.000000 0.000000 0.000000 0.000000
8.555305 0.000000 0.060365 0.007274 0.008868 0.106012 0.001258 0.029985 0.002852 0.067831 0.000827 0.004254 0.105257 0.001282 0.028870 -0.005716 1.073573 0.790205 0.340691 1.479507 0.187658 0.454963 0.194363 0.921552 0.002395 0.062687 1.437064 0.187000 0.337738 -0.348714 2.766206 0.695509 0.324195 3.208937 0.186545 1.128748 0.191070 2.601793 0.059660 0.062963 3.164156 0.188801 1.010828 -0.348898 2.532651 2.734445 -7.032942 2.092200 -0.127080 -6.651119 2.532651 2.734445 -14.880942 2.092200 -0.127080 -14.499119 0.000000 0.000000 -7.848000 0.000000 0.000000 -7.848000 0.000000 0.000000 0.000000 0.000000 0.000000 0.000000 0.000000 0.000000 0.000000 0.000000 0.000000 0.000000 0.000000 0.000000 0.000000 0.000000 0.000000 0.000000 0.000000 0.000000 0.000000 0.000000 0.000000 0.000000
8.594980 0.000000 0.060365 0.007250 0.008820 0.105162 0.001270 0.029949 0.002828 0.067291 0.000815 0.004182 0.102801 0.001282 0.028846 -0.005740 1.059420 0.763806 0.322917 1.475439 0.187423 0.448509 0.191152 0.937300 -0.002905 0.060324 1.362696 0.187190 0.342447 -0.347363 2.752377 0.669258 0.306468 3.205203 0.186318 1.122411 0.187866 2.619459 0.054506 0.060609 3.090966 0.189000 1.015942 -0.347548 2.546634 2.638642 -7.007381 1.703407 -0.129324 -6.269090 2.546634 2.638642 -14.855381 1.703407 -0.129324 -14.117090 0.000000 0.000000 -7.848000 0.000000 0.000000 -7.848000 0.000000 0.000000 0.000000 0.000000 0.000000 0.000000 0.000000 0.000000 0.000000 0.000000 0.000000 0.000000 0.000000 0.000000 0.000000 0.000000 0.000000 0.000000 0.000000 0.000000 0.000000 0.000000 0.000000 0.000000
8.634104 0.000000 0.060353 0.007143 0.008808 0.094855 0.001270 0.029014 0.002816 0.063912 0.000827 0.004242 0.097372 0.001294 0.027791 -0.005704 1.062595 0.784808 0.337996 1.366792 0.187484 0.424173 0.193572 0.962024 0.002271 0.067467 1.369777 0.187176 0.366347 -0.343464 2.759418 0.690591 0.321728 3.100555 0.186390 1.099516 0.190331 2.652472 0.059444 0.067582 3.101517 0.188977 1.041114 -0.343694 2.034570 2.688586 -6.392819 1.659954 -0.098447 -6.296692 2.034570 2.688586 -14.240819 1.659954 -0.098447 -14.144692 0.000000 0.000000 -7.848000 0.000000 0.000000 -7.848000 0.000000 0.000000 0.000000 0.000000 0.000000 0.000000 0.000000 0.000000 0.000000 0.000000 0.000000 0.000000 0.000000 0.000000 0.000000 0.000000 0.000000 0.000000 0.000000 0.000000 0.000000 0.000000 0.000000 0.000000
8.684318 0.000000 0.060245 0.007155 0.008832 0.090649 0.001270 0.028043 0.002828 0.063876 0.000887 0.004254 0.097120 0.001318 0.027755 -0.005681 1.128301 0.781392 0.335658 1.393417 0.187565 0.445369 0.192771 0.959825 -0.004282 0.063376 1.415679 0.187247 0.391839 -0.348878 2.826899 0.687161 0.319362 3.128862 0.186472 1.121359 0.189531 2.650435 0.052757 0.063375 3.147531 0.189039 1.066646 -0.349137 1.847540 2.675471 -6.475823 1.926471 -0.131940 -6.572433 1.847540 2.675471 -14.323823 1.926471 -0.131940 -14.420433 0.000000 0.000000 -7.848000 0.000000 0.000000 -7.848000 0.000000 0.000000 0.000000 0.000000 0.000000 0.000000 0.000000 0.000000 0.000000 0.000000 0.000000 0.000000 0.000000 0.000000 0.000000 0.000000 0.000000 0.000000 0.000000 0.000000 0.000000 0.000000 0.000000 0.000000
8.724061 0.000000 0.060257 0.007119 0.008784 0.089894 0.001258 0.027923 0.002792 0.063876 0.000887 0.004242 0.095754 0.001306 0.027684 -0.005704 1.133478 0.792437 0.347342 1.378619 0.187454 0.452547 0.195279 0.933262 -0.011654 0.059238 1.417642 0.187169 0.402683 -0.350426 2.832332 0.698377 0.331116 3.114344 0.186374 1.128640 0.192058 2.624373 0.045415 0.059239 3.150015 0.188969 1.077673 -0.350682 1.784816 2.722029 -6.413915 2.100308 -0.161182 -6.629171 1.784816 2.722029 -14.261915 2.100308 -0.161182 -14.477171 0.000000 0.000000 -7.848000 0.000000 0.000000 -7.848000 0.000000 0.000000 0.000000 0.000000 0.000000 0.000000 0.000000 0.000000 0.000000 0.000000 0.000000 0.000000 0.000000 0.000000 0.000000 0.000000 0.000000 0.000000 0.000000 0.000000 0.000000 0.000000 0.000000 0.000000
8.763905 0.000000 0.060257 0.007095 0.008748 0.089282 0.001246 0.026869 0.002792 0.063888 0.000923 0.004254 0.093213 0.001330 0.027192 -0.005669 1.137440 0.782580 0.350025 1.422313 0.187331 0.447431 0.192983 0.950948 0.002015 0.061870 1.455378 0.187221 0.423651 -0.349614 2.836628 0.688641 0.333846 3.158383 0.186259 1.123724 0.189776 2.643003 0.058987 0.061802 3.188751 0.189010 1.099020 -0.349897 1.941933 2.716117 -6.605530 2.201029 -0.131374 -6.821882 1.941933 2.716117 -14.453530 2.201029 -0.131374 -14.669882 0.000000 0.000000 -7.848000 0.000000 0.000000 -7.848000 0.000000 0.000000 0.000000 0.000000 0.000000 0.000000 0.000000 0.000000 0.000000 0.000000 0.000000 0.000000 0.000000 0.000000 0.000000 0.000000 0.000000 0.000000 0.000000 0.000000 0.000000 0.000000 0.000000 0.000000
8.794679 0.000000 0.060257 0.007095 0.008748 0.089247 0.001270 0.026449 0.002780 0.063876 0.000923 0.004242 0.092806 0.001342 0.026976 -0.005669 1.147848 0.775178 0.352685 1.446826 0.187438 0.442014 0.191942 0.953029 -0.005031 0.059273 1.462474 0.187215 0.429235 -0.354049 2.847096 0.681245 0.336506 3.182958 0.186372 1.118361 0.188729 2.645275 0.051963 0.059206 3.196028 0.189004 1.104682 -0.354338 1.982862 2.710223 -6.700872 2.238209 -0.154804 -6.864067 1.982862 2.710223 -14.548872 2.238209 -0.154804 -14.712067 0.000000 0.000000 -7.848000 0.000000 0.000000 -7.848000 0.000000 0.000000 0.000000 0.000000 0.000000 0.000000 0.000000 0.000000 0.000000 0.000000 0.000000 0.000000 0.000000 0.000000 0.000000 0.000000 0.000000 0.000000 0.000000 0.000000 0.000000 0.000000 0.000000 0.000000
8.828423 0.000000 0.060269 0.007095 0.008748 0.088755 0.001258 0.024184 0.002780 0.063876 0.000935 0.004254 0.091799 0.001318 0.026665 -0.005669 1.167180 0.785858 0.380300 1.477932 0.187418 0.414323 0.194118 0.968151 -0.010757 0.054579 1.497929 0.187179 0.440683 -0.354742 2.866830 0.691942 0.364118 3.214500 0.186367 1.090993 0.190910 2.660789 0.046194 0.054488 3.231890 0.188968 1.116292 -0.355029 1.994645 2.797838 -6.776364 2.342522 -0.181805 -7.038057 1.994645 2.797838 -14.624364 2.342522 -0.181805 -14.886057 0.000000 0.000000 -7.848000 0.000000 0.000000 -7.848000 0.000000 0.000000 0.000000 0.000000 0.000000 0.000000 0.000000 0.000000 0.000000 0.000000 0.000000 0.000000 0.000000 0.000000 0.000000 0.000000 0.000000 0.000000 0.000000 0.000000 0.000000 0.000000 0.000000 0.000000
8.858212 0.000000 0.060245 0.007083 0.008737 0.088288 0.001246 0.023873 0.002780 0.063888 0.000935 0.004242 0.091547 0.001294 0.026653 -0.005669 1.144441 0.776703 0.365762 1.476045 0.187398 0.392741 0.192173 0.973429 -0.008178 0.067085 1.520883 0.187230 0.447936 -0.355561 2.844329 0.682837 0.349604 3.212823 0.186349 1.069504 0.188974 2.666135 0.048797 0.066995 3.254933 0.189021 1.123576 -0.355840 2.047372 2.745538 -6.743217 2.417109 -0.151760 -7.153006 2.047372 2.745538 -14.591217 2.417109 -0.151760 -15.001006 0.000000 0.000000 -7.848000 0.000000 0.000000 -7.848000 0.000000 0.000000 0.000000 0.000000 0.000000 0.000000 0.000000 0.000000 0.000000 0.000000 0.000000 0.000000 0.000000 0.000000 0.000000 0.000000 0.000000 0.000000 0.000000 0.000000 0.000000 0.000000 0.000000 0.000000
8.895001 0.000000 0.060245 0.007047 0.008713 0.085328 0.001270 0.023693 0.002780 0.063888 0.000947 0.004242 0.089966 0.001318 0.026581 -0.005633 1.137946 0.794256 0.373569 1.457030 0.187574 0.377542 0.192327 0.934825 -0.004312 0.074172 1.494198 0.187057 0.448551 -0.354402 2.838849 0.700530 0.357475 3.194862 0.186526 1.054667 0.189135 2.628094 0.052629 0.074059 3.228833 0.188836 1.124394 -0.354698 1.986660 2.794972 -6.621843 2.493545 -0.127280 -7.058801 1.986660 2.794972 -14.469843 2.493545 -0.127280 -14.906801 0.000000 0.000000 -7.848000 0.000000 0.000000 -7.848000 0.000000 0.000000 0.000000 0.000000 0.000000 0.000000 0.000000 0.000000 0.000000 0.000000 0.000000 0.000000 0.000000 0.000000 0.000000 0.000000 0.000000 0.000000 0.000000 0.000000 0.000000 0.000000 0.000000 0.000000
8.922565 0.000000 0.060269 0.007047 0.008689 0.083638 0.001246 0.023633 0.002780 0.063876 0.000959 0.004254 0.089067 0.001342 0.026521 -0.005645 1.141971 0.796092 0.390696 1.436619 0.187373 0.371504 0.193613 0.955336 -0.007936 0.069077 1.498244 0.187299 0.453596 -0.354960 2.843400 0.702430 0.374600 3.175032 0.186326 1.048825 0.190431 2.648947 0.048966 0.068940 3.233216 0.189081 1.129556 -0.355269 1.879846 2.832845 -6.507248 2.420386 -0.144949 -7.064066 1.879846 2.832845 -14.355248 2.420386 -0.144949 -14.912066 0.000000 0.000000 -7.848000 0.000000 0.000000 -7.848000 0.000000 0.000000 0.000000 0.000000 0.000000 0.000000 0.000000 0.000000 0.000000 0.000000 0.000000 0.000000 0.000000 0.000000 0.000000 0.000000 0.000000 0.000000 0.000000 0.000000 0.000000 0.000000 0.000000 0.000000
8.962706 0.000000 0.060245 0.007035 0.008701 0.079240 0.001282 0.023249 0.002780 0.063852 0.000971 0.004254 0.087485 0.001318 0.026102 -0.005645 1.148246 0.782489 0.371510 1.381746 0.187439 0.367275 0.191845 0.942285 -0.008802 0.068407 1.511376 0.187152 0.461654 -0.356484 2.851195 0.688876 0.355428 3.121702 0.186393 1.045131 0.188659 2.636534 0.048079 0.068246 3.246975 0.188936 1.137857 -0.356793 1.577137 2.746592 -6.214950 2.561165 -0.152646 -7.149566 1.577137 2.746592 -14.062950 2.561165 -0.152646 -14.997566 0.000000 0.000000 -7.848000 0.000000 0.000000 -7.848000 0.000000 0.000000 0.000000 0.000000 0.000000 0.000000 0.000000 0.000000 0.000000 0.000000 0.000000 0.000000 0.000000 0.000000 0.000000 0.000000 0.000000 0.000000 0.000000 0.000000 0.000000 0.000000 0.000000 0.000000
9.009240 0.000000 0.060221 0.007047 0.008689 0.075668 0.001246 0.022375 0.002756 0.063840 0.000983 0.004254 0.086958 0.001306 0.025682 -0.005645 1.171205 0.780734 0.376777 1.333404 0.187339 0.354165 0.191499 0.969169 -0.007106 0.069352 1.571146 0.187216 0.476317 -0.357476 2.875428 0.687177 0.360668 3.074648 0.186307 1.032505 0.188326 2.663668 0.049754 0.069168 3.306988 0.189000 1.152635 -0.357787 1.226056 2.739536 -5.930416 2.707744 -0.154256 -7.432725 1.226056 2.739536 -13.778416 2.707744 -0.154256 -15.280725 0.000000 0.000000 -7.848000 0.000000 0.000000 -7.848000 0.000000 0.000000 0.000000 0.000000 0.000000 0.000000 0.000000 0.000000 0.000000 0.000000 0.000000 0.000000 0.000000 0.000000 0.000000 0.000000 0.000000 0.000000 0.000000 0.000000 0.000000 0.000000 0.000000 0.000000
9.050165 0.000000 0.060221 0.007047 0.008665 0.074086 0.001246 0.021955 0.002756 0.063840 0.001007 0.004242 0.086838 0.001282 0.025586 -0.005633 1.213890 0.785459 0.402068 1.333224 0.187256 0.365691 0.193610 0.992845 -0.009657 0.067087 1.624780 0.187173 0.488576 -0.356085 2.918655 0.691967 0.385959 3.075030 0.186225 1.044243 0.190439 2.687397 0.047182 0.066859 3.360675 0.188954 1.164919 -0.356398 1.048723 2.803898 -5.912100 2.844617 -0.170266 -7.688324 1.048723 2.803898 -13.760100 2.844617 -0.170266 -15.536324 0.000000 0.000000 -7.848000 0.000000 0.000000 -7.848000 0.000000 0.000000 0.000000 0.000000 0.000000 0.000000 0.000000 0.000000 0.000000 0.000000 0.000000 0.000000 0.000000 0.000000 0.000000 0.000000 0.000000 0.000000 0.000000 0.000000 0.000000 0.000000 0.000000 0.000000
9.088915 0.000000 0.060209 0.007023 0.008641 0.074086 0.001246 0.021955 0.002768 0.063828 0.000983 0.004242 0.086766 0.001330 0.025538 -0.005621 1.189179 0.777316 0.407272 1.316405 0.187287 0.362214 0.189553 0.988273 -0.022568 0.057432 1.642398 0.187278 0.496353 -0.359043 2.893968 0.683906 0.391211 3.058215 0.186253 1.040766 0.186390 2.682877 0.034306 0.057248 3.378329 0.189054 1.172712 -0.359364 1.094940 2.796737 -5.850594 2.975326 -0.223962 -7.795102 1.094940 2.796737 -13.698594 2.975326 -0.223962 -15.643102 0.000000 0.000000 -7.848000 0.000000 0.000000 -7.848000 0.000000 0.000000 0.000000 0.000000 0.000000 0.000000 0.000000 0.000000 0.000000 0.000000 0.000000 0.000000 0.000000 0.000000 0.000000 0.000000 0.000000 0.000000 0.000000 0.000000 0.000000 0.000000 0.000000 0.000000
9.121206 0.000000 0.060185 0.007035 0.008629 0.074027 0.001258 0.021955 0.002756 0.063828 0.001019 0.004266 0.086346 0.001306 0.025371 -0.005633 1.195299 0.780717 0.396581 1.325700 0.187391 0.364110 0.190025 0.987134 -0.012754 0.065029 1.668319 0.187180 0.502906 -0.358268 2.900150 0.687315 0.380501 3.067537 0.186361 1.042672 0.186855 2.681902 0.044019 0.064776 3.404419 0.188960 1.179335 -0.358594 1.101496 2.780640 -5.889841 3.094173 -0.190147 -7.928312 1.101496 2.780640 -13.737841 3.094173 -0.190147 -15.776312 0.000000 0.000000 -7.848000 0.000000 0.000000 -7.848000 0.000000 0.000000 0.000000 0.000000 0.000000 0.000000 0.000000 0.000000 0.000000 0.000000 0.000000 0.000000 0.000000 0.000000 0.000000 0.000000 0.000000 0.000000 0.000000 0.000000 0.000000 0.000000 0.000000 0.000000
9.160853 0.000000 0.060209 0.007023 0.008617 0.073427 0.001246 0.021907 0.002756 0.063840 0.001043 0.004254 0.082751 0.001270 0.025275 -0.005621 1.193199 0.805115 0.419553 1.328698 0.187437 0.362962 0.192572 0.984492 -0.010065 0.067708 1.607234 0.187129 0.496371 -0.355998 2.898200 0.711761 0.403494 3.070727 0.186408 1.041589 0.189410 2.680466 0.046686 0.067411 3.344608 0.188907 1.173230 -0.356327 1.156017 2.886209 -5.907591 2.824783 -0.167637 -7.609629 1.156017 2.886209 -13.755591 2.824783 -0.167637 -15.457629 0.000000 0.000000 -7.848000 0.000000 0.000000 -7.848000 0.000000 0.000000 0.000000 0.000000 0.000000 0.000000 0.000000 0.000000 0.000000 0.000000 0.000000 0.000000 0.000000 0.000000 0.000000 0.000000 0.000000 0.000000 0.000000 0.000000 0.000000 0.000000 0.000000 0.000000
9.209377 0.000000 0.060209 0.007023 0.008593 0.073152 0.001258 0.021859 0.002744 0.063828 0.001043 0.004266 0.080306 0.001306 0.025239 -0.005621 1.177819 0.783072 0.416224 1.349438 0.187451 0.371023 0.189607 0.995856 -0.018140 0.061199 1.537895 0.187222 0.505194 -0.358648 2.882913 0.689770 0.400167 3.091561 0.186425 1.049684 0.186443 2.692671 0.038587 0.060899 3.276125 0.188999 1.182340 -0.358993 1.324862 2.840160 -6.032490 2.489692 -0.188766 -7.277218 1.324862 2.840160 -13.880490 2.489692 -0.188766 -15.125218 0.000000 0.000000 -7.848000 0.000000 0.000000 -7.848000 0.000000 0.000000 0.000000 0.000000 0.000000 0.000000 0.000000 0.000000 0.000000 0.000000 0.000000 0.000000 0.000000 0.000000 0.000000 0.000000 0.000000 0.000000 0.000000 0.000000 0.000000 0.000000 0.000000 0.000000
9.250585 0.000000 0.060197 0.007011 0.008593 0.072672 0.001246 0.021739 0.002732 0.063648 0.001043 0.004242 0.075956 0.001354 0.023201 -0.005609 1.190842 0.791193 0.406113 1.370077 0.187442 0.375072 0.191318 1.016161 -0.011682 0.066155 1.506564 0.187245 0.482578 -0.358436 2.896118 0.697922 0.390078 3.112372 0.186421 1.053797 0.188163 2.714936 0.045082 0.065850 3.246561 0.189022 1.160457 -0.358810 1.352863 2.837545 -6.121642 2.198436 -0.155109 -7.043475 1.352863 2.837545 -13.969642 2.198436 -0.155109 -14.891475 0.000000 0.000000 -7.848000 0.000000 0.000000 -7.848000 0.000000 0.000000 0.000000 0.000000 0.000000 0.000000 0.000000 0.000000 0.000000 0.000000 0.000000 0.000000 0.000000 0.000000 0.000000 0.000000 0.000000 0.000000 0.000000 0.000000 0.000000 0.000000 0.000000 0.000000
9.293622 0.000000 0.060209 0.006987 0.008593 0.072505 0.001258 0.021596 0.002744 0.063217 0.001031 0.004266 0.075764 0.001330 0.022434 -0.005609 1.205531 0.780762 0.414954 1.405637 0.187293 0.385004 0.188506 1.072436 -0.016252 0.062693 1.518975 0.187201 0.481373 -0.359731 2.910853 0.687529 0.398964 3.147997 0.186270 1.063760 0.185355 2.772119 0.040477 0.062391 3.259259 0.188980 1.159403 -0.360098 1.450993 2.842787 -6.294056 1.966999 -0.168206 -7.043019 1.450993 2.842787 -14.142056 1.966999 -0.168206 -14.891019 0.000000 0.000000 -7.848000 0.000000 0.000000 -7.848000 0.000000 0.000000 0.000000 0.000000 0.000000 0.000000 0.000000 0.000000 0.000000 0.000000 0.000000 0.000000 0.000000 0.000000 0.000000 0.000000 0.000000 0.000000 0.000000 0.000000 0.000000 0.000000 0.000000 0.000000
9.328450 0.000000 0.060209 0.006987 0.008593 0.072289 0.001258 0.021488 0.002744 0.063217 0.001055 0.004254 0.075764 0.001318 0.022446 -0.005597 1.191038 0.800670 0.418011 1.425357 0.187391 0.387500 0.190464 1.090647 -0.015959 0.061015 1.525158 0.187256 0.475507 -0.358548 2.896438 0.707440 0.402020 3.167799 0.186368 1.066289 0.187312 2.790329 0.040750 0.060669 3.265440 0.189030 1.153536 -0.358920 1.631304 2.898880 -6.405076 1.889863 -0.169363 -7.043543 1.631304 2.898880 -14.253076 1.889863 -0.169363 -14.891543 0.000000 0.000000 -7.848000 0.000000 0.000000 -7.848000 0.000000 0.000000 0.000000 0.000000 0.000000 0.000000 0.000000 0.000000 0.000000 0.000000 0.000000 0.000000 0.000000 0.000000 0.000000 0.000000 0.000000 0.000000 0.000000 0.000000 0.000000 0.000000 0.000000 0.000000
9.385038 0.000000 0.060209 0.006975 0.008557 0.072073 0.001258 0.021392 0.002720 0.063205 0.001067 0.004254 0.075764 0.001342 0.022434 -0.005585 1.183579 0.790804 0.429099 1.455989 0.187284 0.396154 0.190742 1.100769 -0.010120 0.066098 1.531939 0.187350 0.466212 -0.358568 2.889057 0.697672 0.413134 3.198510 0.186269 1.074976 0.187597 2.800474 0.046564 0.065728 3.272226 0.189120 1.144243 -0.358952 1.822444 2.913713 -6.572948 1.842459 -0.144774 -7.046436 1.822444 2.913713 -14.420948 1.842459 -0.144774 -14.894436 0.000000 0.000000 -7.848000 0.000000 0.000000 -7.848000 0.000000 0.000000 0.000000 0.000000 0.000000 0.000000 0.000000 0.000000 0.000000 0.000000 0.000000 0.000000 0.000000 0.000000 0.000000 0.000000 0.000000 0.000000 0.000000 0.000000 0.000000 0.000000 0.000000 0.000000
9.432098 0.000000 0.060209 0.007011 0.008557 0.071941 0.001246 0.021392 0.002732 0.063205 0.001067 0.004242 0.075764 0.001294 0.022422 -0.005609 1.187309 0.800894 0.434245 1.496257 0.187331 0.404673 0.190701 1.089107 -0.015402 0.063080 1.518429 0.187213 0.459423 -0.356942 2.892827 0.707700 0.418212 3.238820 0.186312 1.083508 0.187547 2.788813 0.041312 0.062712 3.258717 0.188992 1.137456 -0.357309 2.005088 2.956670 -6.774768 1.836736 -0.160837 -6.981869 2.005088 2.956670 -14.622768 1.836736 -0.160837 -14.829869 0.000000 0.000000 -7.848000 0.000000 0.000000 -7.848000 0.000000 0.000000 0.000000 0.000000 0.000000 0.000000 0.000000 0.000000 0.000000 0.000000 0.000000 0.000000 0.000000 0.000000 0.000000 0.000000 0.000000 0.000000 0.000000 0.000000 0.000000 0.000000 0.000000 0.000000
9.472347 0.000000 0.060209 0.006987 0.008557 0.071258 0.001246 0.021260 0.002720 0.063205 0.001055 0.004254 0.075740 0.001318 0.022399 -0.005585 1.182948 0.812514 0.441795 1.503204 0.187385 0.407051 0.191327 1.085839 -0.017846 0.060812 1.542643 0.199824 0.461208 -0.358500 2.888691 0.719372 0.425806 3.246000 0.186372 1.085970 0.188183 2.785555 0.038858 0.060465 3.282942 0.201595 1.139246 -0.358873 2.075394 3.001067 -6.815182 1.966084 -0.175577 -7.103219 2.075394 3.001067 -14.663182 1.966084 -0.175577 -14.951219 0.000000 0.000000 -7.848000 0.000000 0.000000 -7.848000 0.000000 0.000000 0.000000 0.000000 0.000000 0.000000 0.000000 0.000000 0.000000 0.000000 0.000000 0.000000 0.000000 0.000000 0.000000 0.000000 0.000000 0.000000 0.000000 0.000000 0.000000 0.000000 0.000000 0.000000
9.503298 0.000000 0.060221 0.006987 0.008557 0.071102 0.001246 0.021188 0.002732 0.063205 0.001079 0.004254 0.075728 0.001306 0.022399 -0.005597 1.220164 0.815880 0.453240 1.534150 0.187347 0.415525 0.193542 1.081829 -0.018246 0.060529 1.550433 0.197801 0.457057 -0.359364 2.925941 0.722737 0.437250 3.277000 0.186330 1.094467 0.190397 2.781549 0.038422 0.060137 3.290736 0.199575 1.135097 -0.359739 2.045296 3.038237 -6.943150 2.013780 -0.178597 -7.135942 2.045296 3.038237 -14.791150 2.013780 -0.178597 -14.983942 0.000000 0.000000 -7.848000 0.000000 0.000000 -7.848000 0.000000 0.000000 0.000000 0.000000 0.000000 0.000000 0.000000 0.000000 0.000000 0.000000 0.000000 0.000000 0.000000 0.000000 0.000000 0.000000 0.000000 0.000000 0.000000 0.000000 0.000000 0.000000 0.000000 0.000000
9.546007 0.000000 0.060221 0.006987 0.008557 0.070635 0.001246 0.020960 0.002732 0.063217 0.001079 0.004266 0.075740 0.001342 0.022363 -0.005585 1.195867 0.798773 0.437075 1.530140 0.187232 0.411959 0.192688 1.077886 -0.012833 0.063813 1.562560 0.195644 0.453254 -0.359496 2.901810 0.705636 0.421084 3.273162 0.186217 1.090972 0.189544 2.777586 0.043808 0.063420 3.302859 0.197414 1.131295 -0.359884 2.123731 2.967660 -6.934527 2.074217 -0.161919 -7.188688 2.123731 2.967660 -14.782527 2.074217 -0.161919 -15.036688 0.000000 0.000000 -7.848000 0.000000 0.000000 -7.848000 0.000000 0.000000 0.000000 0.000000 0.000000 0.000000 0.000000 0.000000 0.000000 0.000000 0.000000 0.000000 0.000000 0.000000 0.000000 0.000000 0.000000 0.000000 0.000000 0.000000 0.000000 0.000000 0.000000 0.000000
9.594283 0.000000 0.060209 0.006987 0.008533 0.070563 0.001258 0.020924 0.002720 0.063193 0.001079 0.004242 0.075716 0.001330 0.022363 -0.005585 1.192135 0.782945 0.415307 1.553716 0.187361 0.413922 0.189505 1.080991 -0.012153 0.064627 1.579142 0.193608 0.456096 -0.356895 2.898126 0.689858 0.399319 3.296769 0.186349 1.092948 0.186358 2.780740 0.044533 0.064236 3.319456 0.195378 1.134142 -0.357279 2.223029 2.889452 -7.046708 2.134434 -0.160051 -7.268810 2.223029 2.889452 -14.894708 2.134434 -0.160051 -15.116810 0.000000 0.000000 -7.848000 0.000000 0.000000 -7.848000 0.000000 0.000000 0.000000 0.000000 0.000000 0.000000 0.000000 0.000000 0.000000 0.000000 0.000000 0.000000 0.000000 0.000000 0.000000 0.000000 0.000000 0.000000 0.000000 0.000000 0.000000 0.000000 0.000000 0.000000
9.630473 0.000000 0.060209 0.006987 0.008521 0.070479 0.001258 0.020793 0.002708 0.063205 0.001079 0.004254 0.075716 0.001306 0.022351 -0.005585 1.199598 0.796336 0.424540 1.568495 0.187402 0.415240 0.194953 1.097167 -0.016607 0.060036 1.591781 0.192486 0.458422 -0.359063 2.905628 0.703277 0.408553 3.311588 0.186395 1.094288 0.191807 2.796896 0.040057 0.059644 3.332093 0.194257 1.136467 -0.359440 2.267411 2.943147 -7.113079 2.116614 -0.180868 -7.318424 2.267411 2.943147 -14.961079 2.116614 -0.180868 -15.166424 0.000000 0.000000 -7.848000 0.000000 0.000000 -7.848000 0.000000 0.000000 0.000000 0.000000 0.000000 0.000000 0.000000 0.000000 0.000000 0.000000 0.000000 0.000000 0.000000 0.000000 0.000000 0.000000 0.000000 0.000000 0.000000 0.000000 0.000000 0.000000 0.000000 0.000000
9.686215 0.000000 0.060209 0.006975 0.008521 0.070479 0.001246 0.020781 0.002720 0.063193 0.001091 0.004254 0.075704 0.001270 0.022339 -0.005585 1.209248 0.786994 0.432445 1.586174 0.187252 0.413007 0.197403 1.091798 -0.015972 0.060152 1.613513 0.191047 0.452953 -0.360165 2.915280 0.693952 0.416482 3.329268 0.186242 1.092055 0.194264 2.791554 0.040672 0.059737 3.353835 0.192818 1.131003 -0.360534 2.291673 2.945788 -7.183861 2.228951 -0.183123 -7.415476 2.291673 2.945788 -15.031861 2.228951 -0.183123 -15.263476 0.000000 0.000000 -7.848000 0.000000 0.000000 -7.848000 0.000000 0.000000 0.000000 0.000000 0.000000 0.000000 0.000000 0.000000 0.000000 0.000000 0.000000 0.000000 0.000000 0.000000 0.000000 0.000000 0.000000 0.000000 0.000000 0.000000 0.000000 0.000000 0.000000 0.000000
9.737858 0.000000 0.060221 0.006975 0.008521 0.070371 0.001246 0.020673 0.002696 0.063205 0.001079 0.004254 0.075644 0.001294 0.022315 -0.005573 1.189160 0.802580 0.440672 1.606314 0.187223 0.412171 0.195952 1.098703 -0.018142 0.061520 1.650001 0.189987 0.464559 -0.360241 2.895214 0.709547 0.424708 3.349449 0.186221 1.091240 0.192815 2.798459 0.038519 0.061128 3.390341 0.191754 1.142616 -0.360614 2.497300 3.004161 -7.296097 2.373777 -0.189982 -7.602533 2.497300 3.004161 -15.144097 2.373777 -0.189982 -15.450533 0.000000 0.000000 -7.848000 0.000000 0.000000 -7.848000 0.000000 0.000000 0.000000 0.000000 0.000000 0.000000 0.000000 0.000000 0.000000 0.000000 0.000000 0.000000 0.000000 0.000000 0.000000 0.000000 0.000000 0.000000 0.000000 0.000000 0.000000 0.000000 0.000000 0.000000
9.792225 0.000000 0.060221 0.006975 0.008521 0.070359 0.001258 0.020637 0.002696 0.063205 0.001091 0.004242 0.075596 0.001342 0.022303 -0.005573 1.197993 0.791698 0.427426 1.609907 0.187287 0.412730 0.198303 1.148012 -0.015861 0.061321 1.665999 0.189303 0.470548 -0.361112 2.904055 0.698665 0.411462 3.353050 0.186285 1.091804 0.195161 2.847785 0.040801 0.060908 3.406357 0.191069 1.148612 -0.361504 2.451977 2.951480 -7.302940 2.198083 -0.183366 -7.641317 2.451977 2.951480 -15.150940 2.198083 -0.183366 -15.489317 0.000000 0.000000 -7.848000 0.000000 0.000000 -7.848000 0.000000 0.000000 0.000000 0.000000 0.000000 0.000000 0.000000 0.000000 0.000000 0.000000 0.000000 0.000000 0.000000 0.000000 0.000000 0.000000 0.000000 0.000000 0.000000 0.000000 0.000000 0.000000 0.000000 0.000000
9.829532 0.000000 0.060209 0.006975 0.008521 0.070264 0.001246 0.020589 0.002708 0.063193 0.001091 0.004242 0.075489 0.001342 0.022255 -0.005561 1.188491 0.789019 0.409662 1.619956 0.187340 0.414426 0.196989 1.142896 -0.012073 0.065709 1.673965 0.188833 0.471492 -0.360340 2.894608 0.695983 0.393698 3.363138 0.186335 1.093516 0.193852 2.842730 0.044585 0.065294 3.414368 0.190595 1.149574 -0.360734 2.532688 2.908117 -7.357775 2.255226 -0.166943 -7.683941 2.532688 2.908117 -15.205775 2.255226 -0.166943 -15.531941 0.000000 0.000000 -7.848000 0.000000 0.000000 -7.848000 0.000000 0.000000 0.000000 0.000000 0.000000 0.000000 0.000000 0.000000 0.000000 0.000000 0.000000 0.000000 0.000000 0.000000 0.000000 0.000000 0.000000 0.000000 0.000000 0.000000 0.000000 0.000000 0.000000 0.000000
9.885210 0.000000 0.060197 0.006975 0.008521 0.070252 0.001246 0.020565 0.002696 0.063193 0.001091 0.004242 0.075477 0.001318 0.022255 -0.005561 1.186072 0.794088 0.430622 1.635698 0.187369 0.417644 0.196971 1.141031 -0.020560 0.058091 1.695460 0.188546 0.474137 -0.362483 2.892216 0.701057 0.414659 3.378890 0.186367 1.096739 0.193834 2.840868 0.036098 0.057677 3.435867 0.190309 1.152220 -0.362869 2.639295 2.971805 -7.443582 2.375011 -0.206414 -7.794200 2.639295 2.971805 -15.291582 2.375011 -0.206414 -15.642200 0.000000 0.000000 -7.848000 0.000000 0.000000 -7.848000 0.000000 0.000000 0.000000 0.000000 0.000000 0.000000 0.000000 0.000000 0.000000 0.000000 0.000000 0.000000 0.000000 0.000000 0.000000 0.000000 0.000000 0.000000 0.000000 0.000000 0.000000 0.000000 0.000000 0.000000
9.970735 0.000000 0.060185 0.006951 0.008533 0.070156 0.001246 0.020481 0.002708 0.063205 0.001103 0.004254 0.075381 0.001294 0.022207 -0.005549 1.183979 0.784547 0.443633 1.680022 0.187227 0.426662 0.200578 1.166702 -0.012951 0.065580 1.714625 0.187781 0.480171 -0.355815 2.890181 0.691532 0.427714 3.423257 0.186222 1.105776 0.197448 2.866555 0.043662 0.065142 3.455065 0.189540 1.158268 -0.356198 2.865609 2.995756 -7.671283 2.325003 -0.171043 -7.868422 2.865609 2.995756 -15.519283 2.325003 -0.171043 -15.716422 0.000000 0.000000 -7.848000 0.000000 0.000000 -7.848000 0.000000 0.000000 0.000000 0.000000 0.000000 0.000000 0.000000 0.000000 0.000000 0.000000 0.000000 0.000000 0.000000 0.000000 0.000000 0.000000 0.000000 0.000000 0.000000 0.000000 0.000000 0.000000 0.000000 0.000000
10.052663 1.000000 0.060233 0.006963 0.008509 0.070096 0.001246 0.020457 0.002696 0.063193 0.001091 0.004254 0.075357 0.001294 0.022147 -0.005537 1.180866 0.809796 0.449000 1.703830 0.187395 0.431654 0.196425 1.130874 -0.007933 0.070090 1.729571 0.187596 0.479837 -0.357181 2.887005 0.716810 0.433058 3.447072 0.186394 1.110772 0.193292 2.830761 0.048695 0.069674 3.470029 0.189351 1.157945 -0.357561 3.013250 3.065124 -7.795940 2.568868 -0.157155 -7.971513 3.013250 3.065124 -15.643940 2.568868 -0.157155 -15.819513 0.000000 0.000000 -7.848000 0.000000 0.000000 -7.848000 0.000000 0.000000 0.000000 0.000000 0.000000 0.000000 0.000000 0.000000 0.000000 0.000000 0.000000 0.000000 0.000000 0.000000 0.000000 0.000000 0.000000 0.000000 0.000000 0.000000 0.000000 0.000000 0.000000 0.000000
10.112746 1.000000 0.060209 0.006963 0.008509 0.070096 0.001258 0.020457 0.002696 0.063205 0.001115 0.004242 0.075357 0.001306 0.022147 -0.005549 1.193492 0.796729 0.412027 1.720110 0.187448 0.432245 0.194462 1.140592 -0.016330 0.061347 1.735524 0.187544 0.474003 -0.360379 2.899674 0.703742 0.396087 3.463359 0.186448 1.111366 0.191326 2.840459 0.040285 0.060888 3.475978 0.189303 1.152110 -0.360769 2.983843 2.953331 -7.853836 2.546168 -0.195172 -7.981439 2.983843 2.953331 -15.701836 2.546168 -0.195172 -15.829439 0.000000 0.000000 -7.848000 0.000000 0.000000 -7.848000 0.000000 0.000000 0.000000 0.000000 0.000000 0.000000 0.000000 0.000000 0.000000 0.000000 0.000000 0.000000 0.000000 0.000000 0.000000 0.000000 0.000000 0.000000 0.000000 0.000000 0.000000 0.000000 0.000000 0.000000
10.168473 1.000000 0.060221 0.006951 0.008521 0.070060 0.001270 0.020421 0.002696 0.063205 0.001115 0.004254 0.075345 0.001282 0.022111 -0.005537 1.224226 0.788649 0.427677 1.732328 0.187267 0.433257 0.191248 1.134395 -0.014885 0.062652 1.733632 0.187357 0.473172 -0.360717 2.930401 0.695660 0.411757 3.475589 0.186267 1.112384 0.188111 2.834269 0.041704 0.062192 3.474094 0.189112 1.151284 -0.361101 2.887148 2.970251 -7.887018 2.566591 -0.189609 -7.976467 2.887148 2.970251 -15.735018 2.566591 -0.189609 -15.824467 0.000000 0.000000 -7.848000 0.000000 0.000000 -7.848000 0.000000 0.000000 0.000000 0.000000 0.000000 0.000000 0.000000 0.000000 0.000000 0.000000 0.000000 0.000000 0.000000 0.000000 0.000000 0.000000 0.000000 0.000000 0.000000 0.000000 0.000000 0.000000 0.000000 0.000000
10.226382 1.000000 0.060221 0.006951 0.008509 0.070024 0.001246 0.020373 0.002696 0.063181 0.001139 0.004242 0.075297 0.001318 0.022075 -0.005537 1.194588 0.788152 0.418915 1.723446 0.187245 0.426510 0.191320 1.164685 -0.012603 0.064568 1.760686 0.187460 0.484395 -0.357319 2.900779 0.695187 0.402996 3.466723 0.186246 1.105645 0.188191 2.864621 0.043967 0.064063 3.501176 0.189215 1.162518 -0.357723 2.981771 2.950434 -7.858044 2.545054 -0.180386 -8.095060 2.981771 2.950434 -15.706044 2.545054 -0.180386 -15.943060 0.000000 0.000000 -7.848000 0.000000 0.000000 -7.848000 0.000000 0.000000 0.000000 0.000000 0.000000 0.000000 0.000000 0.000000 0.000000 0.000000 0.000000 0.000000 0.000000 0.000000 0.000000 0.000000 0.000000 0.000000 0.000000 0.000000 0.000000 0.000000 0.000000 0.000000
10.271947 1.000000 0.060209 0.006951 0.008521 0.070036 0.001246 0.020361 0.002696 0.063181 0.001139 0.004242 0.075285 0.001294 0.022075 -0.005525 1.191850 0.787163 0.429351 1.729868 0.187300 0.430529 0.191682 1.142114 -0.009466 0.066684 1.763783 0.187475 0.479753 -0.357844 2.898060 0.694176 0.413432 3.473146 0.186301 1.109666 0.188553 2.842054 0.047102 0.066178 3.504276 0.189227 1.157878 -0.358240 3.039059 2.975310 -7.900129 2.663477 -0.171920 -8.121973 3.039059 2.975310 -15.748129 2.663477 -0.171920 -15.969973 0.000000 0.000000 -7.848000 0.000000 0.000000 -7.848000 0.000000 0.000000 0.000000 0.000000 0.000000 0.000000 0.000000 0.000000 0.000000 0.000000 0.000000 0.000000 0.000000 0.000000 0.000000 0.000000 0.000000 0.000000 0.000000 0.000000 0.000000 0.000000 0.000000 0.000000
10.331553 1.000000 0.060197 0.006963 0.008545 0.070000 0.001258 0.020373 0.002696 0.063193 0.001139 0.004254 0.075261 0.001318 0.022087 -0.005537 1.189817 0.779843 0.419129 1.732101 0.187239 0.425308 0.195773 1.143432 -0.013799 0.064420 1.756508 0.187248 0.478455 -0.355658 2.896056 0.686791 0.403185 3.475392 0.186239 1.104448 0.192635 2.843357 0.042750 0.063914 3.497005 0.189002 1.156580 -0.356061 3.038125 2.938617 -7.900316 2.626490 -0.183798 -8.084506 3.038125 2.938617 -15.748316 2.626490 -0.183798 -15.932506 0.000000 0.000000 -7.848000 0.000000 0.000000 -7.848000 0.000000 0.000000 0.000000 0.000000 0.000000 0.000000 0.000000 0.000000 0.000000 0.000000 0.000000 0.000000 0.000000 0.000000 0.000000 0.000000 0.000000 0.000000 0.000000 0.000000 0.000000 0.000000 0.000000 0.000000
10.364327 1.000000 0.060197 0.006951 0.008509 0.070000 0.001246 0.020361 0.002696 0.063169 0.001174 0.004266 0.075249 0.001306 0.022051 -0.005537 1.189746 0.791434 0.432905 1.733419 0.187334 0.425662 0.196215 1.153241 -0.009179 0.067706 1.765458 0.187340 0.478559 -0.356143 2.895988 0.698469 0.416988 3.476712 0.186335 1.104803 0.193087 2.853218 0.047286 0.067130 3.505970 0.189094 1.156692 -0.356555 3.062516 2.994763 -7.910140 2.609690 -0.166784 -8.116250 3.062516 2.994763 -15.758140 2.609690 -0.166784 -15.964250 0.000000 0.000000 -7.848000 0.000000 0.000000 -7.848000 0.000000 0.000000 0.000000 0.000000 0.000000 0.000000 0.000000 0.000000 0.000000 0.000000 0.000000 0.000000 0.000000 0.000000 0.000000 0.000000 0.000000 0.000000 0.000000 0.000000 0.000000 0.000000 0.000000 0.000000
10.403087 1.000000 0.060197 0.006939 0.008509 0.070000 0.001246 0.020349 0.002696 0.063181 0.001162 0.004254 0.075249 0.001342 0.022027 -0.005525 1.181090 0.798725 0.424663 1.719504 0.187359 0.424545 0.195185 1.162971 -0.011838 0.064762 1.764888 0.187341 0.475485 -0.357696 2.887333 0.705781 0.408768 3.462798 0.186359 1.103688 0.192060 2.862929 0.044666 0.064210 3.505399 0.189091 1.153619 -0.358116 3.042144 2.987905 -7.849635 2.555260 -0.178446 -8.099086 3.042144 2.987905 -15.697635 2.555260 -0.178446 -15.947086 0.000000 0.000000 -7.848000 0.000000 0.000000 -7.848000 0.000000 0.000000 0.000000 0.000000 0.000000 0.000000 0.000000 0.000000 0.000000 0.000000 0.000000 0.000000 0.000000 0.000000 0.000000 0.000000 0.000000 0.000000 0.000000 0.000000 0.000000 0.000000 0.000000 0.000000
10.446627 1.000000 0.060221 0.006939 0.008497 0.069988 0.001270 0.020349 0.002684 0.063169 0.001174 0.004242 0.075237 0.001342 0.022027 -0.005525 1.192508 0.793750 0.419449 1.730363 0.187339 0.427598 0.194654 1.152357 -0.015282 0.062789 1.774048 0.187357 0.476347 -0.353444 2.898714 0.700831 0.403554 3.473653 0.186343 1.106739 0.191522 2.852339 0.041224 0.062215 3.514567 0.189107 1.154483 -0.353868 3.028986 2.966438 -7.894449 2.654866 -0.190929 -8.154479 3.028986 2.966438 -15.742449 2.654866 -0.190929 -16.002479 0.000000 0.000000 -7.848000 0.000000 0.000000 -7.848000 0.000000 0.000000 0.000000 0.000000 0.000000 0.000000 0.000000 0.000000 0.000000 0.000000 0.000000 0.000000 0.000000 0.000000 0.000000 0.000000 0.000000 0.000000 0.000000 0.000000 0.000000 0.000000 0.000000 0.000000
10.486530 1.000000 0.060221 0.006939 0.008509 0.069976 0.001246 0.020337 0.002696 0.063181 0.001162 0.004254 0.075237 0.001342 0.022015 -0.005525 1.201525 0.786001 0.412170 1.735061 0.187215 0.428115 0.193663 1.149973 -0.017633 0.061679 1.767513 0.187274 0.476210 -0.355491 2.907735 0.693056 0.396274 3.478357 0.186216 1.107258 0.190538 2.849936 0.038871 0.061128 3.508029 0.189024 1.154346 -0.355911 2.993538 2.933050 -7.907373 2.640940 -0.198463 -8.126189 2.993538 2.933050 -15.755373 2.640940 -0.198463 -15.974189 0.000000 0.000000 -7.848000 0.000000 0.000000 -7.848000 0.000000 0.000000 0.000000 0.000000 0.000000 0.000000 0.000000 0.000000 0.000000 0.000000 0.000000 0.000000 0.000000 0.000000 0.000000 0.000000 0.000000 0.000000 0.000000 0.000000 0.000000 0.000000 0.000000 0.000000
10.539610 1.000000 0.060209 0.006927 0.008521 0.069988 0.001246 0.020337 0.002696 0.063181 0.001174 0.004266 0.075249 0.001330 0.022015 -0.005513 1.199295 0.790766 0.414452 1.733436 0.187309 0.426568 0.194679 1.149711 -0.016432 0.063837 1.763567 0.187156 0.477606 -0.356647 2.905522 0.697819 0.398577 3.476732 0.186309 1.105712 0.191557 2.849671 0.040026 0.063261 3.504080 0.188902 1.155741 -0.357068 3.000005 2.948316 -7.899564 2.625328 -0.190841 -8.110096 3.000005 2.948316 -15.747564 2.625328 -0.190841 -15.958096 0.000000 0.000000 -7.848000 0.000000 0.000000 -7.848000 0.000000 0.000000 0.000000 0.000000 0.000000 0.000000 0.000000 0.000000 0.000000 0.000000 0.000000 0.000000 0.000000 0.000000 0.000000 0.000000 0.000000 0.000000 0.000000 0.000000 0.000000 0.000000 0.000000 0.000000
10.601438 1.000000 0.060197 0.006939 0.008485 0.070000 0.001246 0.020337 0.002684 0.063169 0.001174 0.004254 0.075249 0.001306 0.022003 -0.005525 1.192226 0.781100 0.402856 1.739883 0.187356 0.428488 0.192210 1.138443 -0.012590 0.063907 1.754163 0.187191 0.476114 -0.358772 2.898472 0.688204 0.386964 3.483179 0.186360 1.107631 0.189086 2.838425 0.043895 0.063332 3.494680 0.188942 1.154252 -0.359184 3.053137 2.903101 -7.937175 2.638037 -0.183500 -8.073699 3.053137 2.903101 -15.785175 2.638037 -0.183500 -15.921699 0.000000 0.000000 -7.848000 0.000000 0.000000 -7.848000 0.000000 0.000000 0.000000 0.000000 0.000000 0.000000 0.000000 0.000000 0.000000 0.000000 0.000000 0.000000 0.000000 0.000000 0.000000 0.000000 0.000000 0.000000 0.000000 0.000000 0.000000 0.000000 0.000000 0.000000
10.658172 1.000000 0.060197 0.006951 0.008509 0.069976 0.001270 0.020325 0.002684 0.063169 0.001186 0.004242 0.075237 0.001318 0.021991 -0.005525 1.177389 0.784743 0.423908 1.733156 0.187383 0.425107 0.193304 1.139848 -0.013084 0.080277 1.748965 0.187285 0.469984 -0.360221 2.883642 0.691783 0.407991 3.476460 0.186387 1.104254 0.190168 2.839835 0.043403 0.079681 3.489488 0.189035 1.148124 -0.360641 3.112716 2.960621 -7.916989 2.583926 -0.145807 -8.032489 3.112716 2.960621 -15.764989 2.583926 -0.145807 -15.880489 0.000000 0.000000 -7.848000 0.000000 0.000000 -7.848000 0.000000 0.000000 0.000000 0.000000 0.000000 0.000000 0.000000 0.000000 0.000000 0.000000 0.000000 0.000000 0.000000 0.000000 0.000000 0.000000 0.000000 0.000000 0.000000 0.000000 0.000000 0.000000 0.000000 0.000000
10.740054 1.000000 0.060209 0.006927 0.008509 0.069976 0.001246 0.020325 0.002684 0.063169 0.001198 0.004254 0.075237 0.001294 0.021979 -0.005525 1.191026 0.780963 0.414109 1.715221 0.187289 0.422591 0.193082 1.148636 -0.019623 0.070900 1.751643 0.187214 0.474840 -0.356084 2.897258 0.688042 0.398237 3.458522 0.186293 1.101738 0.189962 2.848625 0.036822 0.070280 3.492167 0.188965 1.152982 -0.356500 2.949283 2.923150 -7.814202 2.569815 -0.178841 -8.048047 2.949283 2.923150 -15.662202 2.569815 -0.178841 -15.896047 0.000000 0.000000 -7.848000 0.000000 0.000000 -7.848000 0.000000 0.000000 0.000000 0.000000 0.000000 0.000000 0.000000 0.000000 0.000000 0.000000 0.000000 0.000000 0.000000 0.000000 0.000000 0.000000 0.000000 0.000000 0.000000 0.000000 0.000000 0.000000 0.000000 0.000000
10.783411 1.000000 0.060221 0.006927 0.008521 0.069976 0.001246 0.020325 0.002708 0.063181 0.001198 0.004242 0.075237 0.001294 0.021991 -0.005525 1.202327 0.776795 0.408415 1.725719 0.187296 0.425344 0.192541 1.114562 -0.013469 0.086604 1.755898 0.187309 0.472628 -0.359490 2.908538 0.683844 0.392540 3.469016 0.186293 1.104489 0.189419 2.814527 0.042999 0.085986 3.496416 0.189060 1.150767 -0.359906 2.934868 2.902287 -7.856830 2.744853 -0.135600 -8.093278 2.934868 2.902287 -15.704830 2.744853 -0.135600 -15.941278 0.000000 0.000000 -7.848000 0.000000 0.000000 -7.848000 0.000000 0.000000 0.000000 0.000000 0.000000 0.000000 0.000000 0.000000 0.000000 0.000000 0.000000 0.000000 0.000000 0.000000 0.000000 0.000000 0.000000 0.000000 0.000000 0.000000 0.000000 0.000000 0.000000 0.000000
10.821715 1.000000 0.060209 0.006927 0.008509 0.069964 0.001234 0.020313 0.002696 0.063169 0.001198 0.004254 0.075237 0.001330 0.021967 -0.005501 1.187531 0.780704 0.408344 1.720541 0.187208 0.422118 0.190428 1.144118 -0.018994 0.077137 1.762952 0.187318 0.476380 -0.360948 2.893769 0.687780 0.392471 3.463847 0.186209 1.101267 0.187311 2.844108 0.037442 0.076517 3.503477 0.189060 1.154523 -0.361377 2.984722 2.909867 -7.840027 2.640659 -0.167321 -8.107419 2.984722 2.909867 -15.688027 2.640659 -0.167321 -15.955419 0.000000 0.000000 -7.848000 0.000000 0.000000 -7.848000 0.000000 0.000000 0.000000 0.000000 0.000000 0.000000 0.000000 0.000000 0.000000 0.000000 0.000000 0.000000 0.000000 0.000000 0.000000 0.000000 0.000000 0.000000 0.000000 0.000000 0.000000 0.000000 0.000000 0.000000
10.874667 1.000000 0.060209 0.006939 0.008509 0.069964 0.001258 0.020301 0.002684 0.063169 0.001198 0.004254 0.075249 0.001306 0.021955 -0.005513 1.191881 0.782870 0.391186 1.728090 0.187364 0.424394 0.191218 1.139909 -0.009343 0.080535 1.756713 0.187215 0.467995 -0.356487 2.898120 0.689929 0.375290 3.471397 0.186368 1.103544 0.188090 2.839896 0.047098 0.079915 3.497235 0.188961 1.146138 -0.356908 2.987580 2.876103 -7.872277 2.610748 -0.136876 -8.064690 2.987580 2.876103 -15.720277 2.610748 -0.136876 -15.912690 0.000000 0.000000 -7.848000 0.000000 0.000000 -7.848000 0.000000 0.000000 0.000000 0.000000 0.000000 0.000000 0.000000 0.000000 0.000000 0.000000 0.000000 0.000000 0.000000 0.000000 0.000000 0.000000 0.000000 0.000000 0.000000 0.000000 0.000000 0.000000 0.000000 0.000000
10.950008 1.000000 0.060209 0.006927 0.008497 0.069964 0.001246 0.020313 0.002684 0.063169 0.001210 0.004242 0.075249 0.001270 0.021967 -0.005513 1.187857 0.774546 0.389857 1.733005 0.187235 0.425443 0.190929 1.149586 -0.015300 0.093530 1.761043 0.187220 0.475731 -0.359582 2.894095 0.681648 0.373985 3.476311 0.186240 1.104592 0.187808 2.849572 0.041144 0.092888 3.501564 0.188967 1.153873 -0.359995 3.025749 2.857522 -7.900483 2.587024 -0.120297 -8.088051 3.025749 2.857522 -15.748483 2.587024 -0.120297 -15.936051 0.000000 0.000000 -7.848000 0.000000 0.000000 -7.848000 0.000000 0.000000 0.000000 0.000000 0.000000 0.000000 0.000000 0.000000 0.000000 0.000000 0.000000 0.000000 0.000000 0.000000 0.000000 0.000000 0.000000 0.000000 0.000000 0.000000 0.000000 0.000000 0.000000 0.000000
11.023063 1.000000 0.060209 0.006915 0.008521 0.069964 0.001246 0.020301 0.002696 0.063169 0.001210 0.004242 0.075249 0.001318 0.021967 -0.005513 1.187045 0.771097 0.367012 1.736450 0.187287 0.425979 0.190924 1.158094 -0.016971 0.081196 1.757823 0.187278 0.477318 -0.360916 2.893283 0.678169 0.351160 3.479757 0.186289 1.105129 0.187807 2.858080 0.039472 0.080555 3.498344 0.189024 1.155460 -0.361345 3.026321 2.798256 -7.913860 2.543085 -0.151497 -8.070581 3.026321 2.798256 -15.761860 2.543085 -0.151497 -15.918581 0.000000 0.000000 -7.848000 0.000000 0.000000 -7.848000 0.000000 0.000000 0.000000 0.000000 0.000000 0.000000 0.000000 0.000000 0.000000 0.000000 0.000000 0.000000 0.000000 0.000000 0.000000 0.000000 0.000000 0.000000 0.000000 0.000000 0.000000 0.000000 0.000000 0.000000
11.087638 1.000000 0.060221 0.006915 0.008509 0.069940 0.001246 0.020301 0.002684 0.063193 0.001234 0.004266 0.075249 0.001306 0.021967 -0.005513 1.197553 0.781731 0.383389 1.741178 0.187342 0.427674 0.192460 1.151240 -0.009860 0.080440 1.775257 0.187239 0.478029 -0.356317 2.903778 0.688830 0.367538 3.484489 0.186347 1.106825 0.189344 2.851185 0.046499 0.079752 3.515771 0.188985 1.156168 -0.356750 3.015011 2.858534 -7.932870 2.651491 -0.139914 -8.160389 3.015011 2.858534 -15.780870 2.651491 -0.139914 -16.008389 0.000000 0.000000 -7.848000 0.000000 0.000000 -7.848000 0.000000 0.000000 0.000000 0.000000 0.000000 0.000000 0.000000 0.000000 0.000000 0.000000 0.000000 0.000000 0.000000 0.000000 0.000000 0.000000 0.000000 0.000000 0.000000 0.000000 0.000000 0.000000 0.000000 0.000000
11.148249 1.000000 0.060197 0.006927 0.008497 0.069964 0.001246 0.020313 0.002672 0.063169 0.001210 0.004266 0.075249 0.001342 0.021967 -0.005513 1.181265 0.781801 0.368374 1.735791 0.187281 0.425500 0.191915 1.128262 -0.013304 0.073499 1.755347 0.187303 0.473985 -0.354796 2.887524 0.688907 0.352504 3.479101 0.186289 1.104650 0.188796 2.828248 0.043094 0.072855 3.495868 0.189049 1.152126 -0.355232 3.060062 2.824398 -7.915699 2.683935 -0.161955 -8.082703 3.060062 2.824398 -15.763699 2.683935 -0.161955 -15.930703 0.000000 0.000000 -7.848000 0.000000 0.000000 -7.848000 0.000000 0.000000 0.000000 0.000000 0.000000 0.000000 0.000000 0.000000 0.000000 0.000000 0.000000 0.000000 0.000000 0.000000 0.000000 0.000000 0.000000 0.000000 0.000000 0.000000 0.000000 0.000000 0.000000 0.000000
11.236961 1.000000 0.060221 0.006927 0.008497 0.069964 0.001246 0.020337 0.002684 0.063169 0.001234 0.004254 0.075237 0.001294 0.021967 -0.005513 1.203022 0.785509 0.388558 1.720361 0.187360 0.430235 0.193826 1.141178 -0.018745 0.064566 1.752853 0.187315 0.476200 -0.359121 2.909237 0.692611 0.372686 3.463661 0.186364 1.109380 0.190706 2.841169 0.037636 0.063878 3.493378 0.189061 1.154343 -0.359550 2.906894 2.873414 -7.836917 2.621287 -0.193740 -8.065043 2.906894 2.873414 -15.684917 2.621287 -0.193740 -15.913043 0.000000 0.000000 -7.848000 0.000000 0.000000 -7.848000 0.000000 0.000000 0.000000 0.000000 0.000000 0.000000 0.000000 0.000000 0.000000 0.000000 0.000000 0.000000 0.000000 0.000000 0.000000 0.000000 0.000000 0.000000 0.000000 0.000000 0.000000 0.000000 0.000000 0.000000
11.314121 1.000000 0.060209 0.006915 0.008509 0.069964 0.001246 0.020277 0.002696 0.063181 0.001234 0.004254 0.075225 0.001294 0.021955 -0.005513 1.184149 0.772718 0.409961 1.720605 0.187278 0.425326 0.192446 1.132086 -0.020637 0.060192 1.738904 0.187341 0.471841 -0.356388 2.890390 0.679813 0.394111 3.463915 0.186279 1.104479 0.189329 2.832060 0.035745 0.059505 3.479430 0.189087 1.149985 -0.356817 3.005127 2.898834 -7.849657 2.603692 -0.205309 -8.000691 3.005127 2.898834 -15.697657 2.603692 -0.205309 -15.848691 0.000000 0.000000 -7.848000 0.000000 0.000000 -7.848000 0.000000 0.000000 0.000000 0.000000 0.000000 0.000000 0.000000 0.000000 0.000000 0.000000 0.000000 0.000000 0.000000 0.000000 0.000000 0.000000 0.000000 0.000000 0.000000 0.000000 0.000000 0.000000 0.000000 0.000000
11.389252 1.000000 0.060209 0.006927 0.008521 0.069940 0.001246 0.020289 0.002696 0.063169 0.001234 0.004266 0.075237 0.001306 0.021955 -0.005501 1.182320 0.779489 0.385171 1.728386 0.187246 0.421348 0.192768 1.152831 -0.010423 0.068244 1.754110 0.187213 0.479486 -0.357067 2.888566 0.686542 0.369296 3.471701 0.186247 1.100501 0.189647 2.852823 0.045931 0.067555 3.494636 0.188955 1.157630 -0.357500 3.026209 2.856956 -7.875381 2.564259 -0.166383 -8.064681 3.026209 2.856956 -15.723381 2.564259 -0.166383 -15.912681 0.000000 0.000000 -7.848000 0.000000 0.000000 -7.848000 0.000000 0.000000 0.000000 0.000000 0.000000 0.000000 0.000000 0.000000 0.000000 0.000000 0.000000 0.000000 0.000000 0.000000 0.000000 0.000000 0.000000 0.000000 0.000000 0.000000 0.000000 0.000000 0.000000 0.000000
11.452204 1.000000 0.060209 0.006915 0.008521 0.069964 0.001270 0.020289 0.002696 0.063193 0.001234 0.004254 0.075237 0.001306 0.021967 -0.005501 1.192172 0.783072 0.394298 1.732654 0.187338 0.423028 0.189748 1.149919 -0.014221 0.066072 1.753901 0.187301 0.480260 -0.362583 2.898411 0.690145 0.378446 3.475962 0.186339 1.102179 0.186623 2.849867 0.042157 0.065385 3.494419 0.189042 1.158400 -0.363016 3.005879 2.883970 -7.891286 2.584505 -0.181837 -8.068978 3.005879 2.883970 -15.739286 2.584505 -0.181837 -15.916978 0.000000 0.000000 -7.848000 0.000000 0.000000 -7.848000 0.000000 0.000000 0.000000 0.000000 0.000000 0.000000 0.000000 0.000000 0.000000 0.000000 0.000000 0.000000 0.000000 0.000000 0.000000 0.000000 0.000000 0.000000 0.000000 0.000000 0.000000 0.000000 0.000000 0.000000
11.505041 1.000000 0.060209 0.006903 0.008509 0.069940 0.001234 0.020301 0.002684 0.063181 0.001246 0.004254 0.075237 0.001306 0.021955 -0.005465 1.183753 0.779144 0.408562 1.733715 0.187341 0.420570 0.189540 1.148275 -0.007847 0.070684 1.750518 0.187177 0.478860 -0.357788 2.889999 0.686264 0.392734 3.477029 0.186346 1.099723 0.186431 2.848246 0.048499 0.069973 3.491041 0.188907 1.157003 -0.358227 3.058128 2.910160 -7.901898 2.567563 -0.155628 -8.050389 3.058128 2.910160 -15.749898 2.567563 -0.155628 -15.898389 0.000000 0.000000 -7.848000 0.000000 0.000000 -7.848000 0.000000 0.000000 0.000000 0.000000 0.000000 0.000000 0.000000 0.000000 0.000000 0.000000 0.000000 0.000000 0.000000 0.000000 0.000000 0.000000 0.000000 0.000000 0.000000 0.000000 0.000000 0.000000 0.000000 0.000000
11.550399 1.000000 0.060209 0.006915 0.008497 0.069940 0.001246 0.020301 0.002684 0.063169 0.001246 0.004266 0.075225 0.001306 0.021943 -0.005501 1.196354 0.783752 0.408697 1.742642 0.187396 0.425021 0.190498 1.138402 -0.008692 0.069497 1.745346 0.187358 0.472544 -0.356072 2.902601 0.690874 0.392848 3.485956 0.186401 1.104173 0.187382 2.838399 0.047643 0.068785 3.485878 0.189100 1.150690 -0.356510 3.043277 2.921037 -7.940542 2.585811 -0.159277 -8.023606 3.043277 2.921037 -15.788542 2.585811 -0.159277 -15.871606 0.000000 0.000000 -7.848000 0.000000 0.000000 -7.848000 0.000000 0.000000 0.000000 0.000000 0.000000 0.000000 0.000000 0.000000 0.000000 0.000000 0.000000 0.000000 0.000000 0.000000 0.000000 0.000000 0.000000 0.000000 0.000000 0.000000 0.000000 0.000000 0.000000 0.000000
11.587040 1.000000 0.060209 0.006903 0.008521 0.069940 0.001246 0.020289 0.002684 0.063169 0.001246 0.004266 0.075249 0.001282 0.021955 -0.005489 1.191224 0.774723 0.391182 1.739441 0.187299 0.423927 0.190252 1.144032 -0.008743 0.067590 1.750757 0.187321 0.476029 -0.357681 2.897470 0.681820 0.375353 3.482757 0.186305 1.103081 0.187139 2.844021 0.047588 0.066879 3.491279 0.189059 1.154172 -0.358111 3.034817 2.861521 -7.924680 2.588485 -0.164843 -8.050927 3.034817 2.861521 -15.772680 2.588485 -0.164843 -15.898927 0.000000 0.000000 -7.848000 0.000000 0.000000 -7.848000 0.000000 0.000000 0.000000 0.000000 0.000000 0.000000 0.000000 0.000000 0.000000 0.000000 0.000000 0.000000 0.000000 0.000000 0.000000 0.000000 0.000000 0.000000 0.000000 0.000000 0.000000 0.000000 0.000000 0.000000
11.651806 1.000000 0.060209 0.006891 0.008509 0.069964 0.001258 0.020289 0.002684 0.063181 0.001258 0.004266 0.075237 0.001282 0.021931 -0.005501 1.194447 0.782561 0.400044 1.742155 0.187308 0.425871 0.188216 1.141403 -0.013667 0.064007 1.764719 0.187217 0.478535 -0.359602 2.900687 0.689700 0.384239 3.485464 0.186314 1.105023 0.185103 2.841378 0.042649 0.063273 3.505245 0.188959 1.156680 -0.360035 3.044872 2.897643 -7.940013 2.673572 -0.186454 -8.125046 3.044872 2.897643 -15.788013 2.673572 -0.186454 -15.973046 0.000000 0.000000 -7.848000 0.000000 0.000000 -7.848000 0.000000 0.000000 0.000000 0.000000 0.000000 0.000000 0.000000 0.000000 0.000000 0.000000 0.000000 0.000000 0.000000 0.000000 0.000000 0.000000 0.000000 0.000000 0.000000 0.000000 0.000000 0.000000 0.000000 0.000000
11.720489 1.000000 0.060221 0.006891 0.008509 0.069940 0.001246 0.020289 0.002684 0.063169 0.001246 0.004254 0.075237 0.001318 0.021943 -0.005501 1.191884 0.776123 0.394886 1.741987 0.187252 0.426272 0.188656 1.141107 -0.014099 0.063260 1.757327 0.187425 0.478155 -0.360661 2.898111 0.683262 0.379080 3.485300 0.186258 1.105425 0.185547 2.841101 0.042257 0.062549 3.497855 0.189166 1.156300 -0.361102 3.050235 2.872987 -7.941146 2.643324 -0.188562 -8.090035 3.050235 2.872987 -15.789146 2.643324 -0.188562 -15.938035 0.000000 0.000000 -7.848000 0.000000 0.000000 -7.848000 0.000000 0.000000 0.000000 0.000000 0.000000 0.000000 0.000000 0.000000 0.000000 0.000000 0.000000 0.000000 0.000000 0.000000 0.000000 0.000000 0.000000 0.000000 0.000000 0.000000 0.000000 0.000000 0.000000 0.000000
11.761571 1.000000 0.060209 0.006891 0.008509 0.069940 0.001246 0.020289 0.002672 0.063157 0.001270 0.004242 0.075225 0.001294 0.021943 -0.005501 1.180390 0.768967 0.388267 1.738463 0.187330 0.425036 0.187661 1.134571 -0.010100 0.066203 1.766028 0.187215 0.477475 -0.360467 2.886638 0.676110 0.372462 3.481779 0.186339 1.104190 0.184553 2.834590 0.046239 0.065448 3.506564 0.188957 1.155623 -0.360908 3.082441 2.843213 -7.931396 2.709186 -0.175315 -8.135104 3.082441 2.843213 -15.779396 2.709186 -0.175315 -15.983104 0.000000 0.000000 -7.848000 0.000000 0.000000 -7.848000 0.000000 0.000000 0.000000 0.000000 0.000000 0.000000 0.000000 0.000000 0.000000 0.000000 0.000000 0.000000 0.000000 0.000000 0.000000 0.000000 0.000000 0.000000 0.000000 0.000000 0.000000 0.000000 0.000000 0.000000
11.816210 1.000000 0.060209 0.006891 0.008509 0.069940 0.001246 0.020289 0.002684 0.063169 0.001270 0.004266 0.075237 0.001342 0.021955 -0.005489 1.215382 0.776732 0.396597 1.744381 0.187290 0.427564 0.186865 1.141368 -0.016811 0.062034 1.763060 0.187263 0.482347 -0.361440 2.921630 0.683871 0.380791 3.487697 0.186295 1.106718 0.183756 2.841361 0.039479 0.061277 3.503586 0.189000 1.160491 -0.361898 2.943279 2.874634 -7.933436 2.677362 -0.198104 -8.125268 2.943279 2.874634 -15.781436 2.677362 -0.198104 -15.973268 0.000000 0.000000 -7.848000 0.000000 0.000000 -7.848000 0.000000 0.000000 0.000000 0.000000 0.000000 0.000000 0.000000 0.000000 0.000000 0.000000 0.000000 0.000000 0.000000 0.000000 0.000000 0.000000 0.000000 0.000000 0.000000 0.000000 0.000000 0.000000 0.000000 0.000000
11.852180 1.000000 0.060209 0.006891 0.008497 0.069964 0.001246 0.020265 0.002684 0.063169 0.001270 0.004254 0.075237 0.001318 0.021919 -0.005501 1.194961 0.775823 0.407791 1.733138 0.187315 0.420609 0.187879 1.158511 -0.018790 0.059565 1.771265 0.187329 0.480825 -0.362475 2.901205 0.682985 0.391987 3.476449 0.186321 1.099763 0.184771 2.858508 0.037527 0.058810 3.511795 0.189071 1.158972 -0.362923 2.994914 2.898861 -7.888745 2.624839 -0.207560 -8.144991 2.994914 2.898861 -15.736745 2.624839 -0.207560 -15.992991 0.000000 0.000000 -7.848000 0.000000 0.000000 -7.848000 0.000000 0.000000 0.000000 0.000000 0.000000 0.000000 0.000000 0.000000 0.000000 0.000000 0.000000 0.000000 0.000000 0.000000 0.000000 0.000000 0.000000 0.000000 0.000000 0.000000 0.000000 0.000000 0.000000 0.000000
11.896293 1.000000 0.060209 0.006891 0.008521 0.069964 0.001246 0.020289 0.002684 0.063169 0.001294 0.004242 0.075225 0.001306 0.021955 -0.005501 1.210334 0.782344 0.424427 1.747551 0.187345 0.427543 0.189783 1.174056 -0.015800 0.062586 1.770983 0.187239 0.482943 -0.359102 2.916573 0.689460 0.408620 3.490859 0.186350 1.106694 0.186674 2.874052 0.040500 0.061787 3.511513 0.188980 1.161088 -0.359554 3.008504 2.953786 -7.958512 2.542251 -0.191327 -8.131747 3.008504 2.953786 -15.806512 2.542251 -0.191327 -15.979747 0.000000 0.000000 -7.848000 0.000000 0.000000 -7.848000 0.000000 0.000000 0.000000 0.000000 0.000000 0.000000 0.000000 0.000000 0.000000 0.000000 0.000000 0.000000 0.000000 0.000000 0.000000 0.000000 0.000000 0.000000 0.000000 0.000000 0.000000 0.000000 0.000000 0.000000
11.934127 1.000000 0.060209 0.006867 0.008509 0.069964 0.001246 0.020289 0.002684 0.063181 0.001294 0.004242 0.075237 0.001306 0.021919 -0.005489 1.192317 0.779391 0.405449 1.726580 0.187197 0.424174 0.189904 1.185076 -0.015367 0.062264 1.778163 0.187298 0.477728 -0.357358 2.898558 0.686569 0.389689 3.469889 0.186202 1.103325 0.186803 2.885052 0.040930 0.061465 3.518690 0.189036 1.155875 -0.357811 2.987180 2.900670 -7.867218 2.506526 -0.189950 -8.144887 2.987180 2.900670 -15.715218 2.506526 -0.189950 -15.992887 0.000000 0.000000 -7.848000 0.000000 0.000000 -7.848000 0.000000 0.000000 0.000000 0.000000 0.000000 0.000000 0.000000 0.000000 0.000000 0.000000 0.000000 0.000000 0.000000 0.000000 0.000000 0.000000 0.000000 0.000000 0.000000 0.000000 0.000000 0.000000 0.000000 0.000000
11.985910 1.000000 0.060209 0.006879 0.008521 0.069964 0.001258 0.020289 0.002696 0.063157 0.001294 0.004254 0.075237 0.001270 0.021919 -0.005501 1.198823 0.779503 0.405206 1.733664 0.187290 0.429567 0.191028 1.131347 -0.013224 0.065280 1.757693 0.187233 0.473588 -0.354817 2.905063 0.686635 0.389422 3.476972 0.186291 1.108718 0.187918 2.831366 0.043054 0.064479 3.498227 0.188975 1.151737 -0.355258 2.994568 2.902246 -7.904479 2.684037 -0.180188 -8.091604 2.994568 2.902246 -15.752479 2.684037 -0.180188 -15.939604 0.000000 0.000000 -7.848000 0.000000 0.000000 -7.848000 0.000000 0.000000 0.000000 0.000000 0.000000 0.000000 0.000000 0.000000 0.000000 0.000000 0.000000 0.000000 0.000000 0.000000 0.000000 0.000000 0.000000 0.000000 0.000000 0.000000 0.000000 0.000000 0.000000 0.000000
12.053554 1.000000 0.060197 0.006891 0.008509 0.069940 0.001234 0.020289 0.002684 0.063157 0.001306 0.004254 0.075237 0.001282 0.021919 -0.005501 1.191083 0.777240 0.422036 1.734889 0.187230 0.428081 0.195062 1.148320 -0.011108 0.065815 1.762294 0.187309 0.482922 -0.352753 2.897352 0.684379 0.406231 3.478209 0.186236 1.107236 0.191958 2.848339 0.045149 0.064992 3.502828 0.189051 1.161072 -0.353202 3.049471 2.939765 -7.917634 2.631339 -0.173114 -8.114426 3.049471 2.939765 -15.765634 2.631339 -0.173114 -15.962426 0.000000 0.000000 -7.848000 0.000000 0.000000 -7.848000 0.000000 0.000000 0.000000 0.000000 0.000000 0.000000 0.000000 0.000000 0.000000 0.000000 0.000000 0.000000 0.000000 0.000000 0.000000 0.000000 0.000000 0.000000 0.000000 0.000000 0.000000 0.000000 0.000000 0.000000
12.093030 1.000000 0.060221 0.006891 0.008509 0.069964 0.001246 0.020289 0.002684 0.063145 0.001306 0.004242 0.075225 0.001270 0.021919 -0.005489 1.196415 0.783442 0.423510 1.738558 0.187283 0.428812 0.195881 1.152886 -0.013477 0.062713 1.758162 0.187327 0.477454 -0.352972 2.902634 0.690580 0.407705 3.481863 0.186288 1.107962 0.192772 2.852929 0.042799 0.061890 3.498704 0.189064 1.155605 -0.353418 3.044099 2.956423 -7.931878 2.583659 -0.183787 -8.080797 3.044099 2.956423 -15.779878 2.583659 -0.183787 -15.928797 0.000000 0.000000 -7.848000 0.000000 0.000000 -7.848000 0.000000 0.000000 0.000000 0.000000 0.000000 0.000000 0.000000 0.000000 0.000000 0.000000 0.000000 0.000000 0.000000 0.000000 0.000000 0.000000 0.000000 0.000000 0.000000 0.000000 0.000000 0.000000 0.000000 0.000000
12.135969 1.000000 0.060209 0.006879 0.008509 0.069940 0.001246 0.020277 0.002696 0.063157 0.001306 0.004254 0.075237 0.001270 0.021895 -0.005501 1.185288 0.781703 0.429810 1.734374 0.187321 0.426449 0.194695 1.154386 -0.011686 0.065264 1.749431 0.187231 0.465078 -0.351851 2.891537 0.688858 0.414027 3.477691 0.186322 1.105604 0.191590 2.854407 0.044572 0.064441 3.489968 0.188973 1.143230 -0.352296 3.082664 2.967413 -7.919070 2.511627 -0.171409 -8.013853 3.082664 2.967413 -15.767070 2.511627 -0.171409 -15.861853 0.000000 0.000000 -7.848000 0.000000 0.000000 -7.848000 0.000000 0.000000 0.000000 0.000000 0.000000 0.000000 0.000000 0.000000 0.000000 0.000000 0.000000 0.000000 0.000000 0.000000 0.000000 0.000000 0.000000 0.000000 0.000000 0.000000 0.000000 0.000000 0.000000 0.000000
12.181024 1.000000 0.060209 0.006891 0.008509 0.069964 0.001246 0.020289 0.002696 0.063157 0.001294 0.004254 0.075237 0.001282 0.021883 -0.005489 1.182939 0.782081 0.422426 1.735221 0.187354 0.423510 0.193805 1.152834 -0.017444 0.061053 1.763351 0.187278 0.461514 -0.349158 2.889179 0.689216 0.406621 3.478529 0.186356 1.102662 0.190696 2.852857 0.038830 0.060252 3.503889 0.189015 1.139667 -0.349604 3.087447 2.950943 -7.918257 2.580257 -0.193935 -8.075134 3.087447 2.950943 -15.766257 2.580257 -0.193935 -15.923134 0.000000 0.000000 -7.848000 0.000000 0.000000 -7.848000 0.000000 0.000000 0.000000 0.000000 0.000000 0.000000 0.000000 0.000000 0.000000 0.000000 0.000000 0.000000 0.000000 0.000000 0.000000 0.000000 0.000000 0.000000 0.000000 0.000000 0.000000 0.000000 0.000000 0.000000
12.255337 1.000000 0.060209 0.006879 0.008497 0.069964 0.001246 0.020277 0.002684 0.063169 0.001294 0.004254 0.075225 0.001294 0.021955 -0.005477 1.194829 0.773952 0.410598 1.741252 0.187297 0.421416 0.192901 1.166664 -0.014989 0.062274 1.769721 0.187233 0.466982 -0.349320 2.901071 0.681133 0.394817 3.484562 0.186303 1.100568 0.189797 2.866662 0.041280 0.061473 3.510251 0.188967 1.145128 -0.349770 3.034389 2.905534 -7.928995 2.544022 -0.185909 -8.101996 3.034389 2.905534 -15.776995 2.544022 -0.185909 -15.949996 0.000000 0.000000 -7.848000 0.000000 0.000000 -7.848000 0.000000 0.000000 0.000000 0.000000 0.000000 0.000000 0.000000 0.000000 0.000000 0.000000 0.000000 0.000000 0.000000 0.000000 0.000000 0.000000 0.000000 0.000000 0.000000 0.000000 0.000000 0.000000 0.000000 0.000000
12.289857 1.000000 0.060221 0.006867 0.008509 0.069940 0.001246 0.020277 0.002684 0.063157 0.001306 0.004254 0.075237 0.001306 0.021895 -0.005489 1.195834 0.778684 0.411025 1.742522 0.187285 0.422901 0.193204 1.144933 -0.017148 0.061125 1.752966 0.187273 0.463141 -0.354209 2.902062 0.685862 0.395264 3.485836 0.186291 1.102055 0.190103 2.844954 0.039105 0.060302 3.493503 0.189010 1.141292 -0.354666 3.040654 2.916679 -7.936997 2.579405 -0.194562 -8.037218 3.040654 2.916679 -15.784997 2.579405 -0.194562 -15.885218 0.000000 0.000000 -7.848000 0.000000 0.000000 -7.848000 0.000000 0.000000 0.000000 0.000000 0.000000 0.000000 0.000000 0.000000 0.000000 0.000000 0.000000 0.000000 0.000000 0.000000 0.000000 0.000000 0.000000 0.000000 0.000000 0.000000 0.000000 0.000000 0.000000 0.000000
12.331295 1.000000 0.060209 0.006879 0.008497 0.069964 0.001246 0.020277 0.002684 0.063157 0.001306 0.004242 0.075225 0.001282 0.021883 -0.005501 1.188532 0.771845 0.414581 1.740208 0.187388 0.423013 0.188902 1.141521 -0.013877 0.061812 1.750574 0.187350 0.465783 -0.353543 2.894775 0.679027 0.398800 3.483518 0.186394 1.102166 0.185798 2.841546 0.042403 0.060990 3.491116 0.189091 1.143937 -0.353992 3.066523 2.909756 -7.933492 2.588917 -0.186293 -8.033902 3.066523 2.909756 -15.781492 2.588917 -0.186293 -15.881902 0.000000 0.000000 -7.848000 0.000000 0.000000 -7.848000 0.000000 0.000000 0.000000 0.000000 0.000000 0.000000 0.000000 0.000000 0.000000 0.000000 0.000000 0.000000 0.000000 0.000000 0.000000 0.000000 0.000000 0.000000 0.000000 0.000000 0.000000 0.000000 0.000000 0.000000
12.369886 1.000000 0.060221 0.006879 0.008533 0.069964 0.001258 0.020289 0.002696 0.063145 0.001306 0.004242 0.075225 0.001282 0.021895 -0.005489 1.206368 0.776845 0.418014 1.750828 0.187242 0.428032 0.188874 1.157836 -0.012943 0.063261 1.759746 0.187327 0.472341 -0.354869 2.912586 0.683954 0.402228 3.494133 0.186243 1.107182 0.185764 2.857882 0.043333 0.062438 3.500291 0.189064 1.150495 -0.355318 3.035769 2.928613 -7.977036 2.555037 -0.181515 -8.073564 3.035769 2.928613 -15.825036 2.555037 -0.181515 -15.921564 0.000000 0.000000 -7.848000 0.000000 0.000000 -7.848000 0.000000 0.000000 0.000000 0.000000 0.000000 0.000000 0.000000 0.000000 0.000000 0.000000 0.000000 0.000000 0.000000 0.000000 0.000000 0.000000 0.000000 0.000000 0.000000 0.000000 0.000000 0.000000 0.000000 0.000000
12.411358 1.000000 0.060209 0.006879 0.008521 0.069952 0.001258 0.020265 0.002684 0.063157 0.001306 0.004254 0.075225 0.001282 0.021895 -0.005465 1.178178 0.796896 0.418763 1.733964 0.187323 0.418957 0.187886 1.148433 -0.009869 0.068138 1.753020 0.187213 0.468054 -0.354861 2.884424 0.704033 0.402979 3.477279 0.186328 1.098112 0.184777 2.848458 0.046376 0.067314 3.493561 0.188943 1.146207 -0.355312 3.103331 2.970337 -7.907475 2.560651 -0.163606 -8.041589 3.103331 2.970337 -15.755475 2.560651 -0.163606 -15.889589 0.000000 0.000000 -7.848000 0.000000 0.000000 -7.848000 0.000000 0.000000 0.000000 0.000000 0.000000 0.000000 0.000000 0.000000 0.000000 0.000000 0.000000 0.000000 0.000000 0.000000 0.000000 0.000000 0.000000 0.000000 0.000000 0.000000 0.000000 0.000000 0.000000 0.000000
12.470978 1.000000 0.060209 0.006879 0.008509 0.069952 0.001246 0.020289 0.002660 0.063169 0.001306 0.004242 0.075249 0.001282 0.021883 -0.005465 1.188898 0.780913 0.385597 1.742233 0.187339 0.420477 0.191163 1.129320 -0.009802 0.066219 1.754641 0.187357 0.472626 -0.353560 2.895143 0.688080 0.369815 3.485546 0.186353 1.099630 0.188059 2.829317 0.046467 0.065397 3.495171 0.189087 1.150777 -0.354011 3.052192 2.861940 -7.932524 2.676388 -0.170156 -8.076948 3.052192 2.861940 -15.780524 2.676388 -0.170156 -15.924948 0.000000 0.000000 -7.848000 0.000000 0.000000 -7.848000 0.000000 0.000000 0.000000 0.000000 0.000000 0.000000 0.000000 0.000000 0.000000 0.000000 0.000000 0.000000 0.000000 0.000000 0.000000 0.000000 0.000000 0.000000 0.000000 0.000000 0.000000 0.000000 0.000000 0.000000
12.505195 1.000000 0.060197 0.006867 0.008509 0.069940 0.001246 0.020289 0.002684 0.063157 0.001306 0.004254 0.075237 0.001306 0.021871 -0.005525 1.176302 0.779405 0.375929 1.736945 0.187309 0.419635 0.189031 1.126474 -0.013785 0.062654 1.747693 0.187185 0.471210 -0.351942 2.882572 0.686585 0.360170 3.480266 0.186315 1.098790 0.185930 2.826497 0.042480 0.061831 3.488232 0.188934 1.149364 -0.352398 3.083988 2.835941 -7.915794 2.663280 -0.185104 -8.045056 3.083988 2.835941 -15.763794 2.663280 -0.185104 -15.893056 0.000000 0.000000 -7.848000 0.000000 0.000000 -7.848000 0.000000 0.000000 0.000000 0.000000 0.000000 0.000000 0.000000 0.000000 0.000000 0.000000 0.000000 0.000000 0.000000 0.000000 0.000000 0.000000 0.000000 0.000000 0.000000 0.000000 0.000000 0.000000 0.000000 0.000000
12.540669 1.000000 0.060209 0.006855 0.008521 0.069952 0.001246 0.020265 0.002672 0.063133 0.001318 0.004242 0.075237 0.001270 0.021883 -0.005477 1.195331 0.784460 0.385046 1.742978 0.187323 0.422400 0.190625 1.142849 -0.010706 0.064850 1.749131 0.187330 0.467375 -0.350856 2.901577 0.691640 0.369307 3.486294 0.186333 1.101556 0.187529 2.842914 0.045546 0.064004 3.489677 0.189064 1.145530 -0.351307 3.027447 2.867031 -7.933727 2.574103 -0.171297 -8.027929 3.027447 2.867031 -15.781727 2.574103 -0.171297 -15.875929 0.000000 0.000000 -7.848000 0.000000 0.000000 -7.848000 0.000000 0.000000 0.000000 0.000000 0.000000 0.000000 0.000000 0.000000 0.000000 0.000000 0.000000 0.000000 0.000000 0.000000 0.000000 0.000000 0.000000 0.000000 0.000000 0.000000 0.000000 0.000000 0.000000 0.000000
12.572153 1.000000 0.060221 0.006867 0.008497 0.069928 0.001258 0.020265 0.002672 0.063157 0.001330 0.004266 0.075249 0.001282 0.021895 -0.005489 1.186951 0.789138 0.383150 1.739772 0.187371 0.421970 0.190020 1.163200 -0.012704 0.063716 1.749616 0.187263 0.466375 -0.351170 2.893185 0.696343 0.367390 3.483091 0.186380 1.101127 0.186916 2.863219 0.043487 0.062846 3.490149 0.189000 1.144526 -0.351628 3.056980 2.872402 -7.925246 2.470875 -0.175673 -8.009089 3.056980 2.872402 -15.773246 2.470875 -0.175673 -15.857089 0.000000 0.000000 -7.848000 0.000000 0.000000 -7.848000 0.000000 0.000000 0.000000 0.000000 0.000000 0.000000 0.000000 0.000000 0.000000 0.000000 0.000000 0.000000 0.000000 0.000000 0.000000 0.000000 0.000000 0.000000 0.000000 0.000000 0.000000 0.000000 0.000000 0.000000
12.600284 1.000000 0.060209 0.006891 0.008497 0.069952 0.001246 0.020277 0.002672 0.063157 0.001306 0.004266 0.075237 0.001294 0.021883 -0.005465 1.186429 0.791636 0.388517 1.740613 0.187298 0.423272 0.190973 1.124225 -0.013522 0.065850 1.738438 0.187197 0.464003 -0.349925 2.892675 0.698802 0.372713 3.483926 0.186307 1.102426 0.187865 2.824248 0.042701 0.065024 3.478976 0.188927 1.142156 -0.350379 3.071621 2.891017 -7.933280 2.618255 -0.174617 -7.989066 3.071621 2.891017 -15.781280 2.618255 -0.174617 -15.837066 0.000000 0.000000 -7.848000 0.000000 0.000000 -7.848000 0.000000 0.000000 0.000000 0.000000 0.000000 0.000000 0.000000 0.000000 0.000000 0.000000 0.000000 0.000000 0.000000 0.000000 0.000000 0.000000 0.000000 0.000000 0.000000 0.000000 0.000000 0.000000 0.000000 0.000000
12.640603 1.000000 0.060209 0.006867 0.008497 0.069952 0.001258 0.020277 0.002672 0.063157 0.001306 0.004254 0.075249 0.001282 0.021895 -0.005465 1.196934 0.793138 0.406950 1.744381 0.187368 0.425382 0.191834 1.158804 -0.013398 0.063768 1.749514 0.187278 0.470947 -0.347886 2.903180 0.700343 0.391192 3.487695 0.186378 1.104536 0.188730 2.858822 0.042847 0.062944 3.490047 0.189007 1.149097 -0.348337 3.053070 2.936759 -7.948895 2.501534 -0.176680 -8.021504 3.053070 2.936759 -15.796895 2.501534 -0.176680 -15.869504 0.000000 0.000000 -7.848000 0.000000 0.000000 -7.848000 0.000000 0.000000 0.000000 0.000000 0.000000 0.000000 0.000000 0.000000 0.000000 0.000000 0.000000 0.000000 0.000000 0.000000 0.000000 0.000000 0.000000 0.000000 0.000000 0.000000 0.000000 0.000000 0.000000 0.000000
12.666125 1.000000 0.060209 0.006879 0.008497 0.069940 0.001246 0.020277 0.002672 0.063157 0.001306 0.004266 0.075237 0.001282 0.021883 -0.005465 1.182902 0.790602 0.405092 1.738380 0.187270 0.423441 0.191925 1.138499 -0.010903 0.066127 1.738866 0.187214 0.467530 -0.347702 2.889152 0.697787 0.389310 3.481698 0.186279 1.102596 0.188821 2.838522 0.045320 0.065302 3.479404 0.188943 1.145683 -0.348153 3.092744 2.927843 -7.929602 2.550565 -0.166429 -7.983750 3.092744 2.927843 -15.777602 2.550565 -0.166429 -15.831750 0.000000 0.000000 -7.848000 0.000000 0.000000 -7.848000 0.000000 0.000000 0.000000 0.000000 0.000000 0.000000 0.000000 0.000000 0.000000 0.000000 0.000000 0.000000 0.000000 0.000000 0.000000 0.000000 0.000000 0.000000 0.000000 0.000000 0.000000 0.000000 0.000000 0.000000
12.702622 1.000000 0.060209 0.006867 0.008485 0.069928 0.001246 0.020301 0.002672 0.063145 0.001306 0.004266 0.075225 0.001294 0.021883 -0.005465 1.196814 0.783142 0.400327 1.746506 0.187288 0.427519 0.188959 1.147154 -0.012581 0.065998 1.754819 0.187318 0.470778 -0.347777 2.903066 0.690370 0.384570 3.489825 0.186298 1.106672 0.185859 2.847202 0.043642 0.065172 3.495365 0.189048 1.148934 -0.348232 3.055408 2.900322 -7.961294 2.582482 -0.171789 -8.056751 3.055408 2.900322 -15.809294 2.582482 -0.171789 -15.904751 0.000000 0.000000 -7.848000 0.000000 0.000000 -7.848000 0.000000 0.000000 0.000000 0.000000 0.000000 0.000000 0.000000 0.000000 0.000000 0.000000 0.000000 0.000000 0.000000 0.000000 0.000000 0.000000 0.000000 0.000000 0.000000 0.000000 0.000000 0.000000 0.000000 0.000000
12.738142 1.000000 0.060209 0.006843 0.008497 0.069928 0.001246 0.020289 0.002672 0.063157 0.001330 0.004254 0.075249 0.001282 0.021883 -0.005465 1.194276 0.780080 0.398212 1.742412 0.187221 0.425669 0.189248 1.153640 -0.010205 0.065447 1.759932 0.187391 0.469072 -0.348459 2.900529 0.687325 0.382498 3.485733 0.186231 1.104824 0.186156 2.853660 0.046001 0.064578 3.500466 0.189120 1.147224 -0.348918 3.043813 2.888315 -7.940604 2.567090 -0.168271 -8.071452 3.043813 2.888315 -15.788604 2.567090 -0.168271 -15.919452 0.000000 0.000000 -7.848000 0.000000 0.000000 -7.848000 0.000000 0.000000 0.000000 0.000000 0.000000 0.000000 0.000000 0.000000 0.000000 0.000000 0.000000 0.000000 0.000000 0.000000 0.000000 0.000000 0.000000 0.000000 0.000000 0.000000 0.000000 0.000000 0.000000 0.000000
12.779736 1.000000 0.060209 0.006843 0.008497 0.069928 0.001246 0.020277 0.002672 0.063157 0.001330 0.004242 0.075249 0.001294 0.021895 -0.005465 1.185739 0.785683 0.403709 1.739906 0.187315 0.422469 0.191062 1.165290 -0.018381 0.059535 1.753445 0.187340 0.469660 -0.352405 2.891993 0.692929 0.387995 3.483228 0.186325 1.101625 0.187970 2.865308 0.037847 0.058667 3.493978 0.189069 1.147811 -0.352867 3.078888 2.913725 -7.931906 2.489736 -0.198145 -8.032635 3.078888 2.913725 -15.779906 2.489736 -0.198145 -15.880635 0.000000 0.000000 -7.848000 0.000000 0.000000 -7.848000 0.000000 0.000000 0.000000 0.000000 0.000000 0.000000 0.000000 0.000000 0.000000 0.000000 0.000000 0.000000 0.000000 0.000000 0.000000 0.000000 0.000000 0.000000 0.000000 0.000000 0.000000 0.000000 0.000000 0.000000
12.819562 1.000000 0.060209 0.006831 0.008521 0.069940 0.001246 0.020265 0.002672 0.063133 0.001330 0.004242 0.075249 0.001282 0.021871 -0.005453 1.183659 0.777558 0.399504 1.739875 0.187184 0.423248 0.190920 1.146683 -0.016990 0.061749 1.746952 0.187287 0.465463 -0.351488 2.889910 0.684778 0.383811 3.483194 0.186194 1.102404 0.187831 2.846746 0.039234 0.060880 3.487495 0.189013 1.143619 -0.351948 3.082838 2.887618 -7.934209 2.547501 -0.190608 -8.011320 3.082838 2.887618 -15.782209 2.547501 -0.190608 -15.859320 0.000000 0.000000 -7.848000 0.000000 0.000000 -7.848000 0.000000 0.000000 0.000000 0.000000 0.000000 0.000000 0.000000 0.000000 0.000000 0.000000 0.000000 0.000000 0.000000 0.000000 0.000000 0.000000 0.000000 0.000000 0.000000 0.000000 0.000000 0.000000 0.000000 0.000000
12.862443 1.000000 0.060209 0.006843 0.008509 0.069928 0.001246 0.020277 0.002672 0.063157 0.001330 0.004242 0.075225 0.001294 0.021871 -0.005453 1.186843 0.777082 0.410059 1.740314 0.187266 0.421356 0.190421 1.162611 -0.010844 0.079143 1.754808 0.187444 0.471249 -0.350321 2.893096 0.684305 0.394344 3.483636 0.186276 1.100513 0.187328 2.862639 0.045380 0.078275 3.495351 0.189170 1.149405 -0.350784 3.072604 2.910480 -7.931671 2.491720 -0.137057 -8.039755 3.072604 2.910480 -15.779671 2.491720 -0.137057 -15.887755 0.000000 0.000000 -7.848000 0.000000 0.000000 -7.848000 0.000000 0.000000 0.000000 0.000000 0.000000 0.000000 0.000000 0.000000 0.000000 0.000000 0.000000 0.000000 0.000000 0.000000 0.000000 0.000000 0.000000 0.000000 0.000000 0.000000 0.000000 0.000000 0.000000 0.000000
12.896514 1.000000 0.060221 0.006831 0.008497 0.069928 0.001258 0.020289 0.002660 0.063157 0.001330 0.004266 0.075237 0.001318 0.021883 -0.005453 1.189338 0.780838 0.423543 1.739504 0.187284 0.422039 0.194133 1.159115 -0.012287 0.077603 1.752302 0.187221 0.474369 -0.349732 2.895571 0.688107 0.407851 3.482821 0.186298 1.101193 0.191041 2.859139 0.043892 0.076733 3.492841 0.188946 1.152522 -0.350203 3.070557 2.950461 -7.929821 2.506644 -0.143449 -8.037774 3.070557 2.950461 -15.777821 2.506644 -0.143449 -15.885774 0.000000 0.000000 -7.848000 0.000000 0.000000 -7.848000 0.000000 0.000000 0.000000 0.000000 0.000000 0.000000 0.000000 0.000000 0.000000 0.000000 0.000000 0.000000 0.000000 0.000000 0.000000 0.000000 0.000000 0.000000 0.000000 0.000000 0.000000 0.000000 0.000000 0.000000
12.934146 1.000000 0.060221 0.006855 0.008521 0.069928 0.001246 0.020277 0.002660 0.063157 0.001330 0.004242 0.075237 0.001246 0.021871 -0.005477 1.199676 0.779633 0.405222 1.746356 0.187355 0.425367 0.195504 1.149584 -0.013648 0.071690 1.759747 0.187329 0.473588 -0.351019 2.905907 0.686817 0.389483 3.489674 0.186368 1.104522 0.192408 2.849608 0.042584 0.070823 3.500286 0.189063 1.151743 -0.351465 3.038597 2.906588 -7.955026 2.592864 -0.162711 -8.081938 3.038597 2.906588 -15.803026 2.592864 -0.162711 -15.929938 0.000000 0.000000 -7.848000 0.000000 0.000000 -7.848000 0.000000 0.000000 0.000000 0.000000 0.000000 0.000000 0.000000 0.000000 0.000000 0.000000 0.000000 0.000000 0.000000 0.000000 0.000000 0.000000 0.000000 0.000000 0.000000 0.000000 0.000000 0.000000 0.000000 0.000000
12.970988 1.000000 0.060209 0.006843 0.008533 0.069928 0.001246 0.020277 0.002696 0.063145 0.001330 0.004254 0.075249 0.001282 0.021883 -0.005465 1.171127 0.773716 0.400047 1.733588 0.187333 0.421072 0.194133 1.152551 -0.012299 0.072878 1.763393 0.187224 0.473732 -0.349922 2.877379 0.680886 0.384329 3.476910 0.186336 1.100229 0.191039 2.852592 0.043907 0.072009 3.503931 0.188953 1.151885 -0.350380 3.114641 2.882666 -7.912335 2.591851 -0.156884 -8.096200 3.114641 2.882666 -15.760335 2.591851 -0.156884 -15.944200 0.000000 0.000000 -7.848000 0.000000 0.000000 -7.848000 0.000000 0.000000 0.000000 0.000000 0.000000 0.000000 0.000000 0.000000 0.000000 0.000000 0.000000 0.000000 0.000000 0.000000 0.000000 0.000000 0.000000 0.000000 0.000000 0.000000 0.000000 0.000000 0.000000 0.000000
13.008867 1.000000 0.060209 0.006855 0.008509 0.069928 0.001246 0.020277 0.002660 0.063133 0.001330 0.004266 0.075237 0.001282 0.021871 -0.005465 1.190078 0.785319 0.405771 1.741249 0.187379 0.422226 0.192264 1.150454 -0.015944 0.066433 1.754253 0.187247 0.471918 -0.353521 2.896332 0.692526 0.390034 3.484571 0.186393 1.101382 0.189168 2.850522 0.040239 0.065561 3.494800 0.188976 1.150075 -0.353980 3.063460 2.918056 -7.934131 2.567516 -0.179409 -8.053362 3.063460 2.918056 -15.782131 2.567516 -0.179409 -15.901362 0.000000 0.000000 -7.848000 0.000000 0.000000 -7.848000 0.000000 0.000000 0.000000 0.000000 0.000000 0.000000 0.000000 0.000000 0.000000 0.000000 0.000000 0.000000 0.000000 0.000000 0.000000 0.000000 0.000000 0.000000 0.000000 0.000000 0.000000 0.000000 0.000000 0.000000
13.034460 1.000000 0.060209 0.006867 0.008533 0.069916 0.001258 0.020277 0.002672 0.063157 0.001330 0.004254 0.075261 0.001330 0.021883 -0.005465 1.210403 0.788209 0.411806 1.746827 0.187345 0.425003 0.194229 1.165253 -0.013732 0.068056 1.758087 0.187300 0.472429 -0.352506 2.916659 0.695347 0.396043 3.490152 0.186355 1.104161 0.191124 2.865268 0.042473 0.067187 3.498617 0.189029 1.150580 -0.352980 2.994741 2.937646 -7.947982 2.505595 -0.169745 -8.057770 2.994741 2.937646 -15.795982 2.505595 -0.169745 -15.905770 0.000000 0.000000 -7.848000 0.000000 0.000000 -7.848000 0.000000 0.000000 0.000000 0.000000 0.000000 0.000000 0.000000 0.000000 0.000000 0.000000 0.000000 0.000000 0.000000 0.000000 0.000000 0.000000 0.000000 0.000000 0.000000 0.000000 0.000000 0.000000 0.000000 0.000000
13.065861 1.000000 0.060209 0.006831 0.008521 0.069928 0.001246 0.020277 0.002660 0.063145 0.001330 0.004242 0.075225 0.001306 0.021883 -0.005453 1.194818 0.786068 0.409646 1.738953 0.187228 0.422439 0.193983 1.147758 -0.012585 0.069131 1.749040 0.187184 0.472282 -0.353539 2.901072 0.693292 0.393953 3.482275 0.186242 1.101596 0.190895 2.847806 0.043639 0.068263 3.489586 0.188909 1.150437 -0.354005 3.033094 2.927966 -7.920392 2.555193 -0.165976 -8.031389 3.033094 2.927966 -15.768392 2.555193 -0.165976 -15.879389 0.000000 0.000000 -7.848000 0.000000 0.000000 -7.848000 0.000000 0.000000 0.000000 0.000000 0.000000 0.000000 0.000000 0.000000 0.000000 0.000000 0.000000 0.000000 0.000000 0.000000 0.000000 0.000000 0.000000 0.000000 0.000000 0.000000 0.000000 0.000000 0.000000 0.000000
13.091124 1.000000 0.060209 0.006843 0.008521 0.069928 0.001234 0.020277 0.002672 0.063157 0.001330 0.004254 0.075237 0.001282 0.021883 -0.005465 1.184606 0.772011 0.389049 1.737533 0.187275 0.424059 0.193000 1.133335 -0.003848 0.069355 1.747285 0.187243 0.472551 -0.352928 2.890859 0.679211 0.373332 3.480854 0.186285 1.103216 0.189911 2.833358 0.052358 0.068486 3.487823 0.188972 1.150704 -0.353387 3.058094 2.852185 -7.921842 2.617270 -0.148642 -8.037201 3.058094 2.852185 -15.769842 2.617270 -0.148642 -15.885201 0.000000 0.000000 -7.848000 0.000000 0.000000 -7.848000 0.000000 0.000000 0.000000 0.000000 0.000000 0.000000 0.000000 0.000000 0.000000 0.000000 0.000000 0.000000 0.000000 0.000000 0.000000 0.000000 0.000000 0.000000 0.000000 0.000000 0.000000 0.000000 0.000000 0.000000
13.114326 1.000000 0.060209 0.006843 0.008509 0.069928 0.001246 0.020277 0.002660 0.063157 0.001330 0.004254 0.075225 0.001294 0.021871 -0.005465 1.199734 0.784174 0.399822 1.744185 0.187240 0.426845 0.193291 1.142277 -0.007184 0.072913 1.748774 0.187354 0.471374 -0.353503 2.905988 0.691400 0.384107 3.487507 0.186254 1.106001 0.190199 2.842306 0.049022 0.072044 3.489318 0.189083 1.149530 -0.353966 3.029851 2.901891 -7.946641 2.574392 -0.146602 -8.032617 3.029851 2.901891 -15.794641 2.574392 -0.146602 -15.880617 0.000000 0.000000 -7.848000 0.000000 0.000000 -7.848000 0.000000 0.000000 0.000000 0.000000 0.000000 0.000000 0.000000 0.000000 0.000000 0.000000 0.000000 0.000000 0.000000 0.000000 0.000000 0.000000 0.000000 0.000000 0.000000 0.000000 0.000000 0.000000 0.000000 0.000000
13.140657 1.000000 0.060209 0.006855 0.008509 0.069928 0.001246 0.020277 0.002672 0.063157 0.001330 0.004266 0.075237 0.001294 0.021883 -0.005465 1.189739 0.787850 0.399570 1.738276 0.187376 0.424667 0.192870 1.157041 -0.006109 0.073197 1.757456 0.187380 0.473656 -0.354267 2.895992 0.695052 0.383833 3.481597 0.186386 1.103823 0.189773 2.857065 0.050074 0.072327 3.497994 0.189110 1.151809 -0.354730 3.053526 2.908669 -7.924105 2.539228 -0.143768 -8.063583 3.053526 2.908669 -15.772105 2.539228 -0.143768 -15.911583 0.000000 0.000000 -7.848000 0.000000 0.000000 -7.848000 0.000000 0.000000 0.000000 0.000000 0.000000 0.000000 0.000000 0.000000 0.000000 0.000000 0.000000 0.000000 0.000000 0.000000 0.000000 0.000000 0.000000 0.000000 0.000000 0.000000 0.000000 0.000000 0.000000 0.000000
13.168933 1.000000 0.060209 0.006843 0.008521 0.069916 0.001246 0.020289 0.002660 0.063157 0.001330 0.004266 0.075225 0.001294 0.021871 -0.005465 1.193004 0.776370 0.403694 1.743047 0.187167 0.427115 0.192135 1.151231 -0.005807 0.074145 1.745647 0.187213 0.469818 -0.352927 2.899260 0.683574 0.387978 3.486371 0.186181 1.106271 0.189043 2.851260 0.050376 0.073275 3.486190 0.188942 1.147973 -0.353390 3.058311 2.895279 -7.948507 2.509595 -0.139064 -8.005884 3.058311 2.895279 -15.796507 2.509595 -0.139064 -15.853884 0.000000 0.000000 -7.848000 0.000000 0.000000 -7.848000 0.000000 0.000000 0.000000 0.000000 0.000000 0.000000 0.000000 0.000000 0.000000 0.000000 0.000000 0.000000 0.000000 0.000000 0.000000 0.000000 0.000000 0.000000 0.000000 0.000000 0.000000 0.000000 0.000000 0.000000
13.200210 1.000000 0.060209 0.006843 0.008497 0.069928 0.001246 0.020277 0.002672 0.063157 0.001330 0.004242 0.075225 0.001270 0.021895 -0.005477 1.192067 0.774845 0.409649 1.743734 0.187379 0.427128 0.189610 1.148179 -0.016619 0.064667 1.746801 0.187298 0.469323 -0.356181 2.898321 0.682090 0.393935 3.487056 0.186389 1.106284 0.186518 2.848204 0.039614 0.063800 3.487341 0.189032 1.147476 -0.356635 3.069443 2.905178 -7.953613 2.544103 -0.185087 -8.016094 3.069443 2.905178 -15.801613 2.544103 -0.185087 -15.864094 0.000000 0.000000 -7.848000 0.000000 0.000000 -7.848000 0.000000 0.000000 0.000000 0.000000 0.000000 0.000000 0.000000 0.000000 0.000000 0.000000 0.000000 0.000000 0.000000 0.000000 0.000000 0.000000 0.000000 0.000000 0.000000 0.000000 0.000000 0.000000 0.000000 0.000000
13.230394 1.000000 0.060209 0.006831 0.008521 0.069928 0.001246 0.020277 0.002649 0.063133 0.001330 0.004266 0.075237 0.001294 0.021871 -0.005453 1.182587 0.787414 0.399334 1.737182 0.187367 0.424615 0.189652 1.131797 -0.005953 0.073401 1.739140 0.187233 0.464438 -0.353097 2.888841 0.694642 0.383641 3.480504 0.186385 1.103771 0.186564 2.831864 0.050226 0.072530 3.479687 0.188959 1.142595 -0.353561 3.084731 2.906605 -7.925374 2.572914 -0.141971 -7.983914 3.084731 2.906605 -15.773374 2.572914 -0.141971 -15.831914 0.000000 0.000000 -7.848000 0.000000 0.000000 -7.848000 0.000000 0.000000 0.000000 0.000000 0.000000 0.000000 0.000000 0.000000 0.000000 0.000000 0.000000 0.000000 0.000000 0.000000 0.000000 0.000000 0.000000 0.000000 0.000000 0.000000 0.000000 0.000000 0.000000 0.000000
13.269254 1.000000 0.060209 0.006831 0.008521 0.069940 0.001258 0.020277 0.002672 0.063169 0.001330 0.004266 0.075237 0.001306 0.021871 -0.005465 1.198929 0.798017 0.415069 1.744248 0.187256 0.425035 0.194247 1.153326 -0.007926 0.070968 1.752287 0.187318 0.471795 -0.355028 2.905178 0.705236 0.399375 3.487566 0.186266 1.104191 0.191154 2.853330 0.048257 0.070098 3.492823 0.189047 1.149948 -0.355495 3.051209 2.966175 -7.947631 2.535400 -0.152494 -8.039887 3.051209 2.966175 -15.795631 2.535400 -0.152494 -15.887887 0.000000 0.000000 -7.848000 0.000000 0.000000 -7.848000 0.000000 0.000000 0.000000 0.000000 0.000000 0.000000 0.000000 0.000000 0.000000 0.000000 0.000000 0.000000 0.000000 0.000000 0.000000 0.000000 0.000000 0.000000 0.000000 0.000000 0.000000 0.000000 0.000000 0.000000
13.301710 1.000000 0.060221 0.006843 0.008509 0.069928 0.001258 0.020277 0.002660 0.063145 0.001330 0.004242 0.075237 0.001282 0.021871 -0.005465 1.194390 0.790096 0.419119 1.743336 0.187275 0.425186 0.195123 1.132241 -0.011501 0.066798 1.738203 0.187383 0.462317 -0.354973 2.900623 0.697322 0.403404 3.486654 0.186289 1.104342 0.192027 2.832287 0.044727 0.065930 3.478747 0.189112 1.140472 -0.355431 3.069303 2.960213 -7.948384 2.571459 -0.169195 -7.976832 3.069303 2.960213 -15.796384 2.571459 -0.169195 -15.824832 0.000000 0.000000 -7.848000 0.000000 0.000000 -7.848000 0.000000 0.000000 0.000000 0.000000 0.000000 0.000000 0.000000 0.000000 0.000000 0.000000 0.000000 0.000000 0.000000 0.000000 0.000000 0.000000 0.000000 0.000000 0.000000 0.000000 0.000000 0.000000 0.000000 0.000000
13.339024 1.000000 0.060185 0.006831 0.008509 0.069928 0.001246 0.020277 0.002660 0.063157 0.001330 0.004266 0.075237 0.001294 0.021883 -0.005465 1.191710 0.793620 0.431198 1.741805 0.187303 0.425090 0.197743 1.150465 -0.012246 0.065784 1.761223 0.187379 0.465978 -0.356410 2.898007 0.700867 0.415507 3.485134 0.186317 1.104249 0.194655 2.850489 0.043937 0.064913 3.501761 0.189108 1.144131 -0.356872 3.088436 2.996574 -7.945969 2.585580 -0.175126 -8.074991 3.088436 2.996574 -15.793969 2.585580 -0.175126 -15.922991 0.000000 0.000000 -7.848000 0.000000 0.000000 -7.848000 0.000000 0.000000 0.000000 0.000000 0.000000 0.000000 0.000000 0.000000 0.000000 0.000000 0.000000 0.000000 0.000000 0.000000 0.000000 0.000000 0.000000 0.000000 0.000000 0.000000 0.000000 0.000000 0.000000 0.000000
13.400401 1.000000 0.060209 0.006843 0.008509 0.069928 0.001246 0.020277 0.002660 0.063157 0.001330 0.004254 0.075237 0.001258 0.021871 -0.005465 1.186559 0.784006 0.419223 1.739092 0.187151 0.424611 0.195911 1.138184 -0.011057 0.067318 1.749800 0.187181 0.457074 -0.353854 2.892813 0.691233 0.403508 3.482414 0.186165 1.103767 0.192819 2.838208 0.045149 0.066449 3.490339 0.188910 1.135229 -0.354304 3.086769 2.948374 -7.934559 2.580666 -0.167260 -8.015485 3.086769 2.948374 -15.782559 2.580666 -0.167260 -15.863485 0.000000 0.000000 -7.848000 0.000000 0.000000 -7.848000 0.000000 0.000000 0.000000 0.000000 0.000000 0.000000 0.000000 0.000000 0.000000 0.000000 0.000000 0.000000 0.000000 0.000000 0.000000 0.000000 0.000000 0.000000 0.000000 0.000000 0.000000 0.000000 0.000000 0.000000
13.441850 1.000000 0.060209 0.006831 0.008497 0.069928 0.001258 0.020277 0.002672 0.063133 0.001330 0.004266 0.075225 0.001282 0.021871 -0.005453 1.176311 0.783201 0.427162 1.735335 0.187300 0.423507 0.192396 1.143579 -0.010749 0.066746 1.752323 0.187337 0.459059 -0.350286 2.882565 0.690466 0.411471 3.478657 0.186310 1.102663 0.189304 2.843651 0.045430 0.065874 3.492874 0.189062 1.137217 -0.350746 3.126362 2.964196 -7.925737 2.567311 -0.166327 -8.025809 3.126362 2.964196 -15.773737 2.567311 -0.166327 -15.873809 0.000000 0.000000 -7.848000 0.000000 0.000000 -7.848000 0.000000 0.000000 0.000000 0.000000 0.000000 0.000000 0.000000 0.000000 0.000000 0.000000 0.000000 0.000000 0.000000 0.000000 0.000000 0.000000 0.000000 0.000000 0.000000 0.000000 0.000000 0.000000 0.000000 0.000000
13.486863 1.000000 0.060221 0.006831 0.008509 0.069940 0.001246 0.020289 0.002660 0.063145 0.001330 0.004254 0.075237 0.001330 0.021871 -0.005465 1.197475 0.786652 0.421280 1.746756 0.187372 0.428460 0.191921 1.131637 -0.012958 0.064649 1.744361 0.187335 0.456545 -0.350613 2.903703 0.693898 0.405587 3.490069 0.186386 1.107613 0.188833 2.831683 0.043246 0.063779 3.484905 0.189063 1.134700 -0.351087 3.073557 2.957485 -7.968051 2.592812 -0.175918 -7.995730 3.073557 2.957485 -15.816051 2.592812 -0.175918 -15.843730 0.000000 0.000000 -7.848000 0.000000 0.000000 -7.848000 0.000000 0.000000 0.000000 0.000000 0.000000 0.000000 0.000000 0.000000 0.000000 0.000000 0.000000 0.000000 0.000000 0.000000 0.000000 0.000000 0.000000 0.000000 0.000000 0.000000 0.000000 0.000000 0.000000 0.000000
13.535010 1.000000 0.060209 0.006843 0.008521 0.069928 0.001246 0.020265 0.002672 0.063133 0.001342 0.004254 0.075237 0.001270 0.021883 -0.005453 1.195210 0.788000 0.436547 1.743088 0.187270 0.426730 0.193702 1.163486 -0.011983 0.065792 1.758926 0.187184 0.467292 -0.349782 2.901464 0.695200 0.420831 3.486411 0.186280 1.105888 0.190610 2.863552 0.044198 0.064900 3.499472 0.188910 1.145448 -0.350241 3.078979 2.996014 -7.952590 2.509540 -0.170152 -8.053726 3.078979 2.996014 -15.800590 2.509540 -0.170152 -15.901726 0.000000 0.000000 -7.848000 0.000000 0.000000 -7.848000 0.000000 0.000000 0.000000 0.000000 0.000000 0.000000 0.000000 0.000000 0.000000 0.000000 0.000000 0.000000 0.000000 0.000000 0.000000 0.000000 0.000000 0.000000 0.000000 0.000000 0.000000 0.000000 0.000000 0.000000
13.580819 1.000000 0.060221 0.006831 0.008509 0.069928 0.001246 0.020277 0.002672 0.063157 0.001330 0.004254 0.075237 0.001330 0.021871 -0.005453 1.204797 0.798832 0.411120 1.748278 0.187311 0.429134 0.192623 1.146408 -0.006843 0.070946 1.753027 0.187241 0.468638 -0.345502 2.911030 0.706074 0.395427 3.491596 0.186321 1.108290 0.189535 2.846433 0.049358 0.070076 3.493566 0.188966 1.146792 -0.345977 3.043185 2.958443 -7.968001 2.566741 -0.147215 -8.043541 3.043185 2.958443 -15.816001 2.566741 -0.147215 -15.891541 0.000000 0.000000 -7.848000 0.000000 0.000000 -7.848000 0.000000 0.000000 0.000000 0.000000 0.000000 0.000000 0.000000 0.000000 0.000000 0.000000 0.000000 0.000000 0.000000 0.000000 0.000000 0.000000 0.000000 0.000000 0.000000 0.000000 0.000000 0.000000 0.000000 0.000000
13.611034 1.000000 0.060185 0.006831 0.008497 0.069928 0.001246 0.020277 0.002672 0.063133 0.001330 0.004254 0.075237 0.001294 0.021871 -0.005453 1.187106 0.806521 0.419131 1.740552 0.187334 0.426259 0.192633 1.148441 -0.014498 0.064096 1.753270 0.187341 0.470526 -0.345650 2.893403 0.713787 0.403441 3.483881 0.186344 1.105418 0.189545 2.848508 0.041704 0.063225 3.493817 0.189066 1.148683 -0.346113 3.106524 2.993346 -7.944360 2.571004 -0.178736 -8.048133 3.106524 2.993346 -15.792360 2.571004 -0.178736 -15.896133 0.000000 0.000000 -7.848000 0.000000 0.000000 -7.848000 0.000000 0.000000 0.000000 0.000000 0.000000 0.000000 0.000000 0.000000 0.000000 0.000000 0.000000 0.000000 0.000000 0.000000 0.000000 0.000000 0.000000 0.000000 0.000000 0.000000 0.000000 0.000000 0.000000 0.000000
13.667939 1.000000 0.060209 0.006855 0.008509 0.069928 0.001246 0.020277 0.002672 0.063145 0.001354 0.004254 0.075237 0.001318 0.021871 -0.005489 1.212431 0.791187 0.410563 1.743383 0.187301 0.423821 0.188785 1.144669 -0.016789 0.059850 1.746920 0.187216 0.474509 -0.348378 2.918685 0.698390 0.394825 3.486704 0.186310 1.102978 0.185688 2.844715 0.039384 0.058936 3.487463 0.188952 1.152665 -0.348854 2.967029 2.937168 -7.927524 2.575248 -0.193974 -8.030702 2.967029 2.937168 -15.775524 2.575248 -0.193974 -15.878702 0.000000 0.000000 -7.848000 0.000000 0.000000 -7.848000 0.000000 0.000000 0.000000 0.000000 0.000000 0.000000 0.000000 0.000000 0.000000 0.000000 0.000000 0.000000 0.000000 0.000000 0.000000 0.000000 0.000000 0.000000 0.000000 0.000000 0.000000 0.000000 0.000000 0.000000
13.719050 1.000000 0.060209 0.006843 0.008509 0.069928 0.001270 0.020277 0.002660 0.063133 0.001354 0.004242 0.075225 0.001318 0.021883 -0.005453 1.176785 0.814612 0.413493 1.729664 0.187423 0.419632 0.190595 1.156672 -0.016535 0.060529 1.746496 0.187359 0.470722 -0.355088 2.883039 0.721838 0.397778 3.472985 0.186436 1.098788 0.187495 2.856742 0.039649 0.059615 3.487046 0.189084 1.148879 -0.355567 3.099946 2.994434 -7.889541 2.504678 -0.192932 -8.009928 3.099946 2.994434 -15.737541 2.504678 -0.192932 -15.857928 0.000000 0.000000 -7.848000 0.000000 0.000000 -7.848000 0.000000 0.000000 0.000000 0.000000 0.000000 0.000000 0.000000 0.000000 0.000000 0.000000 0.000000 0.000000 0.000000 0.000000 0.000000 0.000000 0.000000 0.000000 0.000000 0.000000 0.000000 0.000000 0.000000 0.000000
13.769626 1.000000 0.060185 0.006819 0.008509 0.069928 0.001246 0.020277 0.002660 0.063157 0.001342 0.004254 0.075237 0.001282 0.021871 -0.005477 1.202035 0.819601 0.410340 1.742822 0.187271 0.425410 0.194459 1.154800 -0.008453 0.067767 1.744231 0.187347 0.471446 -0.352316 2.908332 0.726868 0.394672 3.486151 0.186286 1.104569 0.191375 2.854825 0.047737 0.066876 3.484770 0.189080 1.149601 -0.352777 3.039147 2.998608 -7.938395 2.494569 -0.158499 -8.000431 3.039147 2.998608 -15.786395 2.494569 -0.158499 -15.848431 0.000000 0.000000 -7.848000 0.000000 0.000000 -7.848000 0.000000 0.000000 0.000000 0.000000 0.000000 0.000000 0.000000 0.000000 0.000000 0.000000 0.000000 0.000000 0.000000 0.000000 0.000000 0.000000 0.000000 0.000000 0.000000 0.000000 0.000000 0.000000 0.000000 0.000000
13.803226 1.000000 0.060209 0.006831 0.008509 0.069928 0.001246 0.020289 0.002672 0.063133 0.001342 0.004254 0.075225 0.001294 0.021871 -0.005477 1.193655 0.796337 0.384250 1.741921 0.187240 0.425600 0.189204 1.154709 -0.013695 0.063034 1.746948 0.187228 0.473594 -0.352766 2.899908 0.703580 0.368557 3.485242 0.186250 1.104755 0.186116 2.854780 0.042495 0.062141 3.487499 0.188961 1.151752 -0.353232 3.043729 2.889097 -7.936515 2.518027 -0.180919 -8.018632 3.043729 2.889097 -15.784515 2.518027 -0.180919 -15.866632 0.000000 0.000000 -7.848000 0.000000 0.000000 -7.848000 0.000000 0.000000 0.000000 0.000000 0.000000 0.000000 0.000000 0.000000 0.000000 0.000000 0.000000 0.000000 0.000000 0.000000 0.000000 0.000000 0.000000 0.000000 0.000000 0.000000 0.000000 0.000000 0.000000 0.000000
13.829601 1.000000 0.060209 0.006831 0.008509 0.069928 0.001258 0.020277 0.002649 0.063145 0.001354 0.004254 0.075225 0.001306 0.021859 -0.005453 1.205077 0.800629 0.392605 1.745831 0.187195 0.427097 0.190874 1.155876 -0.010588 0.068576 1.743730 0.187166 0.470270 -0.350659 2.911331 0.707879 0.376913 3.489153 0.186213 1.106253 0.187783 2.855928 0.045573 0.067661 3.484278 0.188891 1.148428 -0.351134 3.013868 2.917389 -7.948854 2.485062 -0.159935 -7.994527 3.013868 2.917389 -15.796854 2.485062 -0.159935 -15.842527 0.000000 0.000000 -7.848000 0.000000 0.000000 -7.848000 0.000000 0.000000 0.000000 0.000000 0.000000 0.000000 0.000000 0.000000 0.000000 0.000000 0.000000 0.000000 0.000000 0.000000 0.000000 0.000000 0.000000 0.000000 0.000000 0.000000 0.000000 0.000000 0.000000 0.000000
13.868341 1.000000 0.060221 0.006831 0.008497 0.069928 0.001246 0.020265 0.002660 0.063157 0.001342 0.004254 0.075225 0.001294 0.021871 -0.005453 1.194542 0.798920 0.382165 1.741459 0.187341 0.425637 0.191215 1.159540 -0.002122 0.062591 1.745340 0.187307 0.472438 -0.351865 2.900777 0.706189 0.366474 3.484778 0.186356 1.104793 0.188127 2.859568 0.054060 0.061699 3.485883 0.189032 1.150594 -0.352332 3.037264 2.890039 -7.933327 2.477158 -0.157014 -8.003782 3.037264 2.890039 -15.781327 2.477158 -0.157014 -15.851782 0.000000 0.000000 -7.848000 0.000000 0.000000 -7.848000 0.000000 0.000000 0.000000 0.000000 0.000000 0.000000 0.000000 0.000000 0.000000 0.000000 0.000000 0.000000 0.000000 0.000000 0.000000 0.000000 0.000000 0.000000 0.000000 0.000000 0.000000 0.000000 0.000000 0.000000
13.899793 1.000000 0.060221 0.006843 0.008509 0.069928 0.001258 0.020277 0.002672 0.063157 0.001342 0.004266 0.075237 0.001258 0.021883 -0.005453 1.192256 0.799866 0.377963 1.741445 0.187373 0.424038 0.192028 1.154089 -0.004215 0.073392 1.745501 0.187226 0.470465 -0.351256 2.898489 0.707088 0.362248 3.484763 0.186383 1.103193 0.188931 2.854113 0.051944 0.072499 3.486040 0.188952 1.148618 -0.351711 3.043507 2.882866 -7.931565 2.494761 -0.136477 -8.003758 3.043507 2.882866 -15.779565 2.494761 -0.136477 -15.851758 0.000000 0.000000 -7.848000 0.000000 0.000000 -7.848000 0.000000 0.000000 0.000000 0.000000 0.000000 0.000000 0.000000 0.000000 0.000000 0.000000 0.000000 0.000000 0.000000 0.000000 0.000000 0.000000 0.000000 0.000000 0.000000 0.000000 0.000000 0.000000 0.000000 0.000000
13.926814 1.000000 0.060209 0.006831 0.008509 0.069928 0.001270 0.020265 0.002660 0.063133 0.001354 0.004266 0.075237 0.001306 0.021871 -0.005453 1.185162 0.803096 0.388249 1.727650 0.187342 0.422122 0.193834 1.153211 -0.006916 0.070697 1.746200 0.187314 0.469041 -0.351346 2.891417 0.710342 0.372557 3.470973 0.186355 1.101280 0.190738 2.853279 0.049223 0.069781 3.486747 0.189038 1.147198 -0.351821 3.026522 2.911682 -7.872200 2.503706 -0.148276 -8.005825 3.026522 2.911682 -15.720200 2.503706 -0.148276 -15.853825 0.000000 0.000000 -7.848000 0.000000 0.000000 -7.848000 0.000000 0.000000 0.000000 0.000000 0.000000 0.000000 0.000000 0.000000 0.000000 0.000000 0.000000 0.000000 0.000000 0.000000 0.000000 0.000000 0.000000 0.000000 0.000000 0.000000 0.000000 0.000000 0.000000 0.000000
13.963342 1.000000 0.060209 0.006831 0.008509 0.069928 0.001246 0.020289 0.002660 0.063169 0.001354 0.004242 0.075237 0.001306 0.021871 -0.005453 1.215522 0.797526 0.389147 1.740615 0.187248 0.427513 0.193271 1.152975 -0.002769 0.074053 1.746895 0.187261 0.471108 -0.350020 2.921775 0.704773 0.373455 3.483936 0.186262 1.106669 0.190183 2.852979 0.053416 0.073141 3.487430 0.188986 1.149261 -0.350494 2.933719 2.901166 -7.915124 2.506138 -0.131906 -8.012384 2.933719 2.901166 -15.763124 2.506138 -0.131906 -15.860384 0.000000 0.000000 -7.848000 0.000000 0.000000 -7.848000 0.000000 0.000000 0.000000 0.000000 0.000000 0.000000 0.000000 0.000000 0.000000 0.000000 0.000000 0.000000 0.000000 0.000000 0.000000 0.000000 0.000000 0.000000 0.000000 0.000000 0.000000 0.000000 0.000000 0.000000
13.996116 1.000000 0.060185 0.006819 0.008497 0.069928 0.001246 0.020277 0.002660 0.063133 0.001342 0.004266 0.075237 0.001318 0.021871 -0.005477 1.202219 0.789292 0.396723 1.737575 0.187247 0.426032 0.192264 1.153038 -0.007292 0.068971 1.747267 0.187276 0.472362 -0.351121 2.908516 0.696582 0.381056 3.480904 0.186261 1.105191 0.189180 2.853106 0.048874 0.068077 3.487814 0.189008 1.150519 -0.351595 2.987343 2.902456 -7.911484 2.516975 -0.153476 -8.017772 2.987343 2.902456 -15.759484 2.516975 -0.153476 -15.865772 0.000000 0.000000 -7.848000 0.000000 0.000000 -7.848000 0.000000 0.000000 0.000000 0.000000 0.000000 0.000000 0.000000 0.000000 0.000000 0.000000 0.000000 0.000000 0.000000 0.000000 0.000000 0.000000 0.000000 0.000000 0.000000 0.000000 0.000000 0.000000 0.000000 0.000000
14.029333 1.000000 0.060209 0.006831 0.008497 0.069928 0.001246 0.020277 0.002660 0.063157 0.001342 0.004242 0.075237 0.001294 0.021859 -0.005465 1.200472 0.791172 0.411900 1.736935 0.187259 0.425648 0.193352 1.150204 -0.016503 0.061651 1.744849 0.187327 0.469115 -0.351979 2.906727 0.698440 0.396209 3.480257 0.186273 1.104805 0.190264 2.850230 0.039705 0.060761 3.485390 0.189056 1.147271 -0.352445 3.005661 2.942313 -7.912408 2.526447 -0.189515 -8.005008 3.005661 2.942313 -15.760408 2.526447 -0.189515 -15.853008 0.000000 0.000000 -7.848000 0.000000 0.000000 -7.848000 0.000000 0.000000 0.000000 0.000000 0.000000 0.000000 0.000000 0.000000 0.000000 0.000000 0.000000 0.000000 0.000000 0.000000 0.000000 0.000000 0.000000 0.000000 0.000000 0.000000 0.000000 0.000000 0.000000 0.000000
14.062973 1.000000 0.060209 0.006831 0.008521 0.069916 0.001246 0.020277 0.002660 0.063145 0.001342 0.004254 0.075237 0.001306 0.021883 -0.005465 1.204137 0.790008 0.409254 1.739718 0.187299 0.426630 0.190829 1.147199 -0.005961 0.070719 1.746314 0.187257 0.468272 -0.349708 2.910394 0.697232 0.393561 3.483043 0.186313 1.105788 0.187741 2.847244 0.050225 0.069826 3.486856 0.188985 1.146426 -0.350179 2.997663 2.933096 -7.923208 2.533060 -0.146429 -8.010644 2.997663 2.933096 -15.771208 2.533060 -0.146429 -15.858644 0.000000 0.000000 -7.848000 0.000000 0.000000 -7.848000 0.000000 0.000000 0.000000 0.000000 0.000000 0.000000 0.000000 0.000000 0.000000 0.000000 0.000000 0.000000 0.000000 0.000000 0.000000 0.000000 0.000000 0.000000 0.000000 0.000000 0.000000 0.000000 0.000000 0.000000
14.095008 1.000000 0.060185 0.006819 0.008497 0.069928 0.001246 0.020277 0.002660 0.063145 0.001354 0.004254 0.075225 0.001306 0.021871 -0.005453 1.189121 0.795797 0.413279 1.734412 0.187392 0.422522 0.187952 1.144240 -0.005100 0.072069 1.744106 0.187245 0.465832 -0.351061 2.895418 0.703086 0.397612 3.477741 0.186406 1.101681 0.184868 2.844290 0.051062 0.071154 3.484654 0.188970 1.143989 -0.351536 3.050748 2.953517 -7.905257 2.532847 -0.141812 -7.998083 3.050748 2.953517 -15.753257 2.532847 -0.141812 -15.846083 0.000000 0.000000 -7.848000 0.000000 0.000000 -7.848000 0.000000 0.000000 0.000000 0.000000 0.000000 0.000000 0.000000 0.000000 0.000000 0.000000 0.000000 0.000000 0.000000 0.000000 0.000000 0.000000 0.000000 0.000000 0.000000 0.000000 0.000000 0.000000 0.000000 0.000000
14.138779 1.000000 0.060209 0.006843 0.008509 0.069928 0.001258 0.020265 0.002672 0.063157 0.001354 0.004242 0.075237 0.001282 0.021871 -0.005453 1.202674 0.794546 0.428714 1.742409 0.187272 0.428769 0.190396 1.152416 -0.013654 0.063318 1.750711 0.187192 0.466952 -0.352406 2.908929 0.701768 0.412999 3.485732 0.186282 1.107927 0.187300 2.852441 0.042530 0.062405 3.491251 0.188917 1.145106 -0.352873 3.038586 2.988718 -7.944964 2.533618 -0.180354 -8.025875 3.038586 2.988718 -15.792964 2.533618 -0.180354 -15.873875 0.000000 0.000000 -7.848000 0.000000 0.000000 -7.848000 0.000000 0.000000 0.000000 0.000000 0.000000 0.000000 0.000000 0.000000 0.000000 0.000000 0.000000 0.000000 0.000000 0.000000 0.000000 0.000000 0.000000 0.000000 0.000000 0.000000 0.000000 0.000000 0.000000 0.000000
14.180001 1.000000 0.060221 0.006831 0.008509 0.069916 0.001246 0.020277 0.002660 0.063157 0.001342 0.004254 0.075237 0.001294 0.021871 -0.005453 1.185248 0.795948 0.426166 1.736674 0.187337 0.426263 0.188451 1.147441 0.008958 0.086173 1.747549 0.187263 0.464419 -0.349617 2.891485 0.703195 0.410473 3.479996 0.186351 1.105420 0.185363 2.847465 0.065140 0.085281 3.488088 0.188988 1.142574 -0.350084 3.097387 2.985797 -7.928978 2.508655 -0.079930 -8.004742 3.097387 2.985797 -15.776978 2.508655 -0.079930 -15.852742 0.000000 0.000000 -7.848000 0.000000 0.000000 -7.848000 0.000000 0.000000 0.000000 0.000000 0.000000 0.000000 0.000000 0.000000 0.000000 0.000000 0.000000 0.000000 0.000000 0.000000 0.000000 0.000000 0.000000 0.000000 0.000000 0.000000 0.000000 0.000000 0.000000 0.000000
14.211414 1.000000 0.060209 0.006819 0.008509 0.069916 0.001246 0.020277 0.002660 0.063133 0.001354 0.004254 0.075237 0.001294 0.021871 -0.005453 1.193625 0.789066 0.430160 1.742257 0.187354 0.430333 0.186919 1.144767 -0.000419 0.076603 1.744566 0.187340 0.465351 -0.351017 2.899883 0.696332 0.414490 3.485582 0.186368 1.109491 0.183835 2.844835 0.055742 0.075688 3.485113 0.189065 1.143508 -0.351488 3.084927 2.980744 -7.955593 2.524878 -0.121673 -7.997615 3.084927 2.980744 -15.803593 2.524878 -0.121673 -15.845615 0.000000 0.000000 -7.848000 0.000000 0.000000 -7.848000 0.000000 0.000000 0.000000 0.000000 0.000000 0.000000 0.000000 0.000000 0.000000 0.000000 0.000000 0.000000 0.000000 0.000000 0.000000 0.000000 0.000000 0.000000 0.000000 0.000000 0.000000 0.000000 0.000000 0.000000
14.251062 1.000000 0.060209 0.006819 0.008509 0.069916 0.001258 0.020277 0.002660 0.063145 0.001354 0.004242 0.075225 0.001294 0.021859 -0.005453 1.215756 0.793895 0.430475 1.743697 0.187282 0.430077 0.189527 1.145232 -0.010016 0.068839 1.744860 0.187323 0.464270 -0.351767 2.922014 0.701161 0.414805 3.487023 0.186296 1.109235 0.186439 2.845283 0.046168 0.067925 3.485408 0.189048 1.142429 -0.352237 2.979981 2.989405 -7.941795 2.533733 -0.159605 -7.998618 2.979981 2.989405 -15.789795 2.533733 -0.159605 -15.846618 0.000000 0.000000 -7.848000 0.000000 0.000000 -7.848000 0.000000 0.000000 0.000000 0.000000 0.000000 0.000000 0.000000 0.000000 0.000000 0.000000 0.000000 0.000000 0.000000 0.000000 0.000000 0.000000 0.000000 0.000000 0.000000 0.000000 0.000000 0.000000 0.000000 0.000000
14.288958 1.000000 0.060209 0.006831 0.008509 0.069916 0.001246 0.020277 0.002660 0.063157 0.001354 0.004254 0.075249 0.001282 0.021859 -0.005453 1.204924 0.787639 0.409060 1.741634 0.187258 0.428893 0.189241 1.168760 -0.004774 0.071296 1.750175 0.187331 0.465040 -0.350834 2.911182 0.694885 0.393368 3.484960 0.186272 1.108051 0.186153 2.868783 0.051388 0.070381 3.490711 0.189057 1.143194 -0.351301 3.004334 2.927644 -7.935558 2.431125 -0.140954 -8.001654 3.004334 2.927644 -15.783558 2.431125 -0.140954 -15.849654 0.000000 0.000000 -7.848000 0.000000 0.000000 -7.848000 0.000000 0.000000 0.000000 0.000000 0.000000 0.000000 0.000000 0.000000 0.000000 0.000000 0.000000 0.000000 0.000000 0.000000 0.000000 0.000000 0.000000 0.000000 0.000000 0.000000 0.000000 0.000000 0.000000 0.000000
14.331774 1.000000 0.060209 0.006819 0.008509 0.069928 0.001246 0.020277 0.002660 0.063157 0.001342 0.004242 0.075237 0.001294 0.021871 -0.005465 1.194432 0.802316 0.423159 1.735953 0.187299 0.426208 0.190487 1.149226 -0.005618 0.070819 1.744010 0.187372 0.466038 -0.350413 2.900686 0.709582 0.407489 3.479275 0.186313 1.105364 0.187403 2.849251 0.050590 0.069928 3.484549 0.189101 1.144193 -0.350880 3.048617 2.991011 -7.916804 2.508126 -0.145132 -7.993546 3.048617 2.991011 -15.764804 2.508126 -0.145132 -15.841546 0.000000 0.000000 -7.848000 0.000000 0.000000 -7.848000 0.000000 0.000000 0.000000 0.000000 0.000000 0.000000 0.000000 0.000000 0.000000 0.000000 0.000000 0.000000 0.000000 0.000000 0.000000 0.000000 0.000000 0.000000 0.000000 0.000000 0.000000 0.000000 0.000000 0.000000
14.384334 1.000000 0.060209 0.006819 0.008509 0.069928 0.001258 0.020277 0.002672 0.063133 0.001342 0.004254 0.075237 0.001306 0.021883 -0.005453 1.200059 0.797437 0.435526 1.742487 0.187259 0.428493 0.191692 1.145576 -0.008361 0.069396 1.744040 0.187359 0.469119 -0.349966 2.906313 0.704699 0.419856 3.485809 0.186269 1.107650 0.188604 2.845642 0.047820 0.068503 3.484586 0.189083 1.147274 -0.350437 3.059164 3.011257 -7.948739 2.535723 -0.154395 -8.003513 3.059164 3.011257 -15.796739 2.535723 -0.154395 -15.851513 0.000000 0.000000 -7.848000 0.000000 0.000000 -7.848000 0.000000 0.000000 0.000000 0.000000 0.000000 0.000000 0.000000 0.000000 0.000000 0.000000 0.000000 0.000000 0.000000 0.000000 0.000000 0.000000 0.000000 0.000000 0.000000 0.000000 0.000000 0.000000 0.000000 0.000000
14.438681 1.000000 0.060209 0.006819 0.008509 0.069916 0.001246 0.020277 0.002660 0.063133 0.001354 0.004254 0.075237 0.001294 0.021895 -0.005453 1.193833 0.791138 0.424574 1.740322 0.187309 0.427329 0.195005 1.149523 -0.008595 0.068063 1.764443 0.187273 0.467776 -0.356743 2.900091 0.698404 0.408904 3.483647 0.186324 1.106487 0.191921 2.849588 0.047566 0.067148 3.504987 0.188997 1.145930 -0.357214 3.067930 2.974431 -7.939969 2.604041 -0.163055 -8.093821 3.067930 2.974431 -15.787969 2.604041 -0.163055 -15.941821 0.000000 0.000000 -7.848000 0.000000 0.000000 -7.848000 0.000000 0.000000 0.000000 0.000000 0.000000 0.000000 0.000000 0.000000 0.000000 0.000000 0.000000 0.000000 0.000000 0.000000 0.000000 0.000000 0.000000 0.000000 0.000000 0.000000 0.000000 0.000000 0.000000 0.000000
14.479002 1.000000 0.060185 0.006819 0.008485 0.069928 0.001246 0.020277 0.002660 0.063133 0.001354 0.004242 0.075237 0.001318 0.021859 -0.005453 1.190518 0.778325 0.424774 1.741011 0.187177 0.425024 0.193068 1.139856 -0.010117 0.067914 1.755628 0.187279 0.467352 -0.354987 2.896816 0.685636 0.409108 3.484340 0.186191 1.104183 0.189984 2.839925 0.046066 0.067000 3.496177 0.189004 1.145510 -0.355466 3.076147 2.948041 -7.941466 2.615623 -0.165638 -8.060808 3.076147 2.948041 -15.789466 2.615623 -0.165638 -15.908808 0.000000 0.000000 -7.848000 0.000000 0.000000 -7.848000 0.000000 0.000000 0.000000 0.000000 0.000000 0.000000 0.000000 0.000000 0.000000 0.000000 0.000000 0.000000 0.000000 0.000000 0.000000 0.000000 0.000000 0.000000 0.000000 0.000000 0.000000 0.000000 0.000000 0.000000
14.519869 1.000000 0.060221 0.006831 0.008521 0.069916 0.001246 0.020277 0.002660 0.063133 0.001354 0.004254 0.075225 0.001318 0.021883 -0.005465 1.182170 0.785712 0.409403 1.738973 0.187327 0.424647 0.193101 1.148497 -0.009755 0.068092 1.758626 0.187401 0.468054 -0.351177 2.888406 0.692936 0.393708 3.482295 0.186341 1.103803 0.190012 2.848567 0.046409 0.067177 3.499176 0.189129 1.146210 -0.351655 3.101948 2.928491 -7.936173 2.584306 -0.162417 -8.067688 3.101948 2.928491 -15.784173 2.584306 -0.162417 -15.915688 0.000000 0.000000 -7.848000 0.000000 0.000000 -7.848000 0.000000 0.000000 0.000000 0.000000 0.000000 0.000000 0.000000 0.000000 0.000000 0.000000 0.000000 0.000000 0.000000 0.000000 0.000000 0.000000 0.000000 0.000000 0.000000 0.000000 0.000000 0.000000 0.000000 0.000000
14.552998 1.000000 0.060197 0.006843 0.008485 0.069928 0.001246 0.020277 0.002660 0.063133 0.001342 0.004266 0.075225 0.001294 0.021859 -0.005465 1.189481 0.791175 0.414520 1.738181 0.187325 0.422244 0.192524 1.151351 -0.010788 0.065137 1.756509 0.187286 0.469235 -0.353756 2.895757 0.698447 0.398809 3.481506 0.186339 1.101401 0.189432 2.851423 0.045374 0.064244 3.497061 0.189015 1.147395 -0.354223 3.063546 2.949697 -7.922229 2.565841 -0.171893 -8.057974 3.063546 2.949697 -15.770229 2.565841 -0.171893 -15.905974 0.000000 0.000000 -7.848000 0.000000 0.000000 -7.848000 0.000000 0.000000 0.000000 0.000000 0.000000 0.000000 0.000000 0.000000 0.000000 0.000000 0.000000 0.000000 0.000000 0.000000 0.000000 0.000000 0.000000 0.000000 0.000000 0.000000 0.000000 0.000000 0.000000 0.000000
14.601120 1.000000 0.060209 0.006819 0.008509 0.069916 0.001258 0.020277 0.002660 0.063133 0.001366 0.004266 0.075237 0.001246 0.021871 -0.005465 1.192782 0.778309 0.388808 1.742498 0.187335 0.421777 0.194196 1.142541 -0.009978 0.068330 1.751342 0.187188 0.466023 -0.351821 2.899040 0.685576 0.373138 3.485824 0.186349 1.100934 0.191108 2.842610 0.046145 0.067391 3.491889 0.188917 1.144179 -0.352280 3.037137 2.864466 -7.933321 2.579620 -0.161880 -8.035238 3.037137 2.864466 -15.781321 2.579620 -0.161880 -15.883238 0.000000 0.000000 -7.848000 0.000000 0.000000 -7.848000 0.000000 0.000000 0.000000 0.000000 0.000000 0.000000 0.000000 0.000000 0.000000 0.000000 0.000000 0.000000 0.000000 0.000000 0.000000 0.000000 0.000000 0.000000 0.000000 0.000000 0.000000 0.000000 0.000000 0.000000
14.630224 1.000000 0.060209 0.006819 0.008521 0.069928 0.001258 0.020277 0.002649 0.063157 0.001354 0.004254 0.075237 0.001270 0.021871 -0.005465 1.190259 0.775482 0.378625 1.742570 0.187352 0.420930 0.191306 1.150291 -0.004446 0.062741 1.753557 0.187270 0.466189 -0.350974 2.896513 0.682729 0.362954 3.485893 0.186370 1.100086 0.188218 2.850316 0.051720 0.061827 3.494097 0.188999 1.144343 -0.351437 3.038950 2.834118 -7.932291 2.550503 -0.162799 -8.039523 3.038950 2.834118 -15.780291 2.550503 -0.162799 -15.887523 0.000000 0.000000 -7.848000 0.000000 0.000000 -7.848000 0.000000 0.000000 0.000000 0.000000 0.000000 0.000000 0.000000 0.000000 0.000000 0.000000 0.000000 0.000000 0.000000 0.000000 0.000000 0.000000 0.000000 0.000000 0.000000 0.000000 0.000000 0.000000 0.000000 0.000000
14.657937 1.000000 0.060185 0.006831 0.008485 0.069916 0.001258 0.020277 0.002649 0.063133 0.001366 0.004266 0.075237 0.001282 0.021871 -0.005453 1.188801 0.784661 0.396116 1.741127 0.187296 0.421304 0.192607 1.135213 0.010084 0.069694 1.744840 0.187257 0.462163 -0.350990 2.895102 0.691956 0.380428 3.484460 0.186314 1.100464 0.189517 2.835281 0.066203 0.068755 3.485387 0.188982 1.140319 -0.351461 3.060193 2.894040 -7.931065 2.569195 -0.116874 -8.003105 3.060193 2.894040 -15.779065 2.569195 -0.116874 -15.851105 0.000000 0.000000 -7.848000 0.000000 0.000000 -7.848000 0.000000 0.000000 0.000000 0.000000 0.000000 0.000000 0.000000 0.000000 0.000000 0.000000 0.000000 0.000000 0.000000 0.000000 0.000000 0.000000 0.000000 0.000000 0.000000 0.000000 0.000000 0.000000 0.000000 0.000000
14.690114 1.000000 0.060209 0.006831 0.008497 0.069928 0.001258 0.020277 0.002660 0.063145 0.001366 0.004254 0.075237 0.001282 0.021871 -0.005477 1.194655 0.782153 0.396823 1.743803 0.187315 0.423222 0.192913 1.151537 -0.001365 0.061006 1.751360 0.187278 0.464159 -0.354593 2.900910 0.689422 0.381132 3.487125 0.186329 1.102378 0.189821 2.851583 0.054785 0.060069 3.491903 0.189011 1.142315 -0.355063 3.044113 2.890720 -7.942023 2.530972 -0.161265 -8.024463 3.044113 2.890720 -15.790023 2.530972 -0.161265 -15.872463 0.000000 0.000000 -7.848000 0.000000 0.000000 -7.848000 0.000000 0.000000 0.000000 0.000000 0.000000 0.000000 0.000000 0.000000 0.000000 0.000000 0.000000 0.000000 0.000000 0.000000 0.000000 0.000000 0.000000 0.000000 0.000000 0.000000 0.000000 0.000000 0.000000 0.000000
14.716208 1.000000 0.060185 0.006807 0.008497 0.069928 0.001258 0.020265 0.002660 0.063133 0.001366 0.004254 0.075237 0.001282 0.021871 -0.005453 1.179334 0.772933 0.379670 1.737291 0.187405 0.422817 0.190753 1.136410 0.000123 0.065978 1.755558 0.187293 0.462421 -0.352717 2.885633 0.680242 0.364026 3.480621 0.186420 1.101977 0.187669 2.836478 0.056264 0.065041 3.496106 0.189018 1.140578 -0.353188 3.075115 2.831463 -7.921313 2.619348 -0.148103 -8.054261 3.075115 2.831463 -15.769313 2.619348 -0.148103 -15.902261 0.000000 0.000000 -7.848000 0.000000 0.000000 -7.848000 0.000000 0.000000 0.000000 0.000000 0.000000 0.000000 0.000000 0.000000 0.000000 0.000000 0.000000 0.000000 0.000000 0.000000 0.000000 0.000000 0.000000 0.000000 0.000000 0.000000 0.000000 0.000000 0.000000 0.000000
14.746501 1.000000 0.060209 0.006819 0.008509 0.069916 0.001270 0.020265 0.002660 0.063133 0.001390 0.004266 0.075237 0.001294 0.021871 -0.005465 1.192970 0.779214 0.378279 1.743016 0.187279 0.425340 0.192087 1.150606 0.005662 0.069806 1.757439 0.187313 0.463031 -0.351713 2.899229 0.686480 0.362609 3.486343 0.186293 1.104499 0.188995 2.850675 0.061745 0.068822 3.497986 0.189041 1.141188 -0.352196 3.037088 2.841407 -7.940212 2.548563 -0.125976 -8.049402 3.037088 2.841407 -15.788212 2.548563 -0.125976 -15.897402 0.000000 0.000000 -7.848000 0.000000 0.000000 -7.848000 0.000000 0.000000 0.000000 0.000000 0.000000 0.000000 0.000000 0.000000 0.000000 0.000000 0.000000 0.000000 0.000000 0.000000 0.000000 0.000000 0.000000 0.000000 0.000000 0.000000 0.000000 0.000000 0.000000 0.000000
14.773794 1.000000 0.060185 0.006819 0.008497 0.069928 0.001270 0.020277 0.002660 0.063133 0.001366 0.004254 0.075225 0.001270 0.021871 -0.005453 1.180075 0.780629 0.383200 1.736523 0.187246 0.423314 0.192693 1.143504 -0.004044 0.064310 1.754374 0.187227 0.464796 -0.352211 2.886373 0.687918 0.367533 3.479853 0.186259 1.102473 0.189602 2.843575 0.052098 0.063372 3.494925 0.188952 1.142955 -0.352678 3.076464 2.856131 -7.918930 2.585514 -0.159497 -8.046851 3.076464 2.856131 -15.766930 2.585514 -0.159497 -15.894851 0.000000 0.000000 -7.848000 0.000000 0.000000 -7.848000 0.000000 0.000000 0.000000 0.000000 0.000000 0.000000 0.000000 0.000000 0.000000 0.000000 0.000000 0.000000 0.000000 0.000000 0.000000 0.000000 0.000000 0.000000 0.000000 0.000000 0.000000 0.000000 0.000000 0.000000
14.796700 1.000000 0.060185 0.006819 0.008521 0.069928 0.001246 0.020277 0.002649 0.063157 0.001390 0.004266 0.075237 0.001330 0.021871 -0.005465 1.180256 0.778812 0.375931 1.738715 0.187307 0.424455 0.192061 1.149761 -0.003997 0.064088 1.756271 0.187287 0.467221 -0.352135 2.886552 0.686061 0.360261 3.482045 0.186325 1.103614 0.188978 2.849788 0.052086 0.063105 3.496811 0.189014 1.145376 -0.352629 3.080485 2.835952 -7.929714 2.565751 -0.159401 -8.054538 3.080485 2.835952 -15.777714 2.565751 -0.159401 -15.902538 0.000000 0.000000 -7.848000 0.000000 0.000000 -7.848000 0.000000 0.000000 0.000000 0.000000 0.000000 0.000000 0.000000 0.000000 0.000000 0.000000 0.000000 0.000000 0.000000 0.000000 0.000000 0.000000 0.000000 0.000000 0.000000 0.000000 0.000000 0.000000 0.000000 0.000000
14.820327 1.000000 0.060185 0.006831 0.008497 0.069928 0.001258 0.020277 0.002649 0.063133 0.001366 0.004254 0.075237 0.001318 0.021871 -0.005453 1.195553 0.780735 0.383774 1.743539 0.187126 0.426407 0.192162 1.138787 0.004254 0.066917 1.757291 0.187264 0.464351 -0.351073 2.901851 0.688008 0.368085 3.486868 0.186144 1.105566 0.189071 2.838855 0.060395 0.065979 3.497838 0.188988 1.142508 -0.351555 3.033353 2.857202 -7.943382 2.614728 -0.136929 -8.063365 3.033353 2.857202 -15.791382 2.614728 -0.136929 -15.911365 0.000000 0.000000 -7.848000 0.000000 0.000000 -7.848000 0.000000 0.000000 0.000000 0.000000 0.000000 0.000000 0.000000 0.000000 0.000000 0.000000 0.000000 0.000000 0.000000 0.000000 0.000000 0.000000 0.000000 0.000000 0.000000 0.000000 0.000000 0.000000 0.000000 0.000000
14.843204 1.000000 0.060209 0.006819 0.008521 0.069916 0.001258 0.020289 0.002660 0.063157 0.001366 0.004242 0.075225 0.001318 0.021859 -0.005453 1.192690 0.787916 0.392195 1.741915 0.187170 0.426345 0.193630 1.156663 -0.006578 0.059927 1.760111 0.187329 0.465196 -0.352114 2.898947 0.695159 0.376524 3.485240 0.186184 1.105502 0.190542 2.856694 0.049586 0.058991 3.500655 0.189053 1.143353 -0.352597 3.051836 2.892304 -7.940262 2.547970 -0.174283 -8.063030 3.051836 2.892304 -15.788262 2.547970 -0.174283 -15.911030 0.000000 0.000000 -7.848000 0.000000 0.000000 -7.848000 0.000000 0.000000 0.000000 0.000000 0.000000 0.000000 0.000000 0.000000 0.000000 0.000000 0.000000 0.000000 0.000000 0.000000 0.000000 0.000000 0.000000 0.000000 0.000000 0.000000 0.000000 0.000000 0.000000 0.000000
14.873773 1.000000 0.060209 0.006819 0.008485 0.069904 0.001270 0.020277 0.002696 0.063157 0.001366 0.004254 0.075225 0.001294 0.021859 -0.005453 1.187137 0.772511 0.381458 1.740781 0.187249 0.423718 0.189301 1.128491 -0.004254 0.063352 1.751908 0.187335 0.459930 -0.351179 2.893400 0.679810 0.365790 3.484110 0.186251 1.102877 0.186208 2.828521 0.051888 0.062415 3.492453 0.189059 1.138087 -0.351654 3.052439 2.834001 -7.932354 2.644149 -0.162725 -8.040660 3.052439 2.834001 -15.780354 2.644149 -0.162725 -15.888660 0.000000 0.000000 -7.848000 0.000000 0.000000 -7.848000 0.000000 0.000000 0.000000 0.000000 0.000000 0.000000 0.000000 0.000000 0.000000 0.000000 0.000000 0.000000 0.000000 0.000000 0.000000 0.000000 0.000000 0.000000 0.000000 0.000000 0.000000 0.000000 0.000000 0.000000
14.914950 1.000000 0.060209 0.006819 0.008485 0.069904 0.001270 0.020277 0.002672 0.063133 0.001366 0.004266 0.075237 0.001330 0.021859 -0.005453 1.189389 0.772070 0.369419 1.741477 0.187342 0.424577 0.189207 1.154268 -0.002548 0.068390 1.767373 0.187146 0.461374 -0.349506 2.895652 0.679378 0.353751 3.484806 0.186352 1.103736 0.186115 2.854338 0.053571 0.067451 3.507921 0.188870 1.139532 -0.349993 3.035844 2.804889 -7.932841 2.575546 -0.146305 -8.090039 3.035844 2.804889 -15.780841 2.575546 -0.146305 -15.938039 0.000000 0.000000 -7.848000 0.000000 0.000000 -7.848000 0.000000 0.000000 0.000000 0.000000 0.000000 0.000000 0.000000 0.000000 0.000000 0.000000 0.000000 0.000000 0.000000 0.000000 0.000000 0.000000 0.000000 0.000000 0.000000 0.000000 0.000000 0.000000 0.000000 0.000000
14.962033 1.000000 0.060221 0.006819 0.008497 0.069928 0.001246 0.020277 0.002649 0.063133 0.001366 0.004254 0.075237 0.001318 0.021859 -0.005453 1.187611 0.778903 0.365491 1.742806 0.187291 0.425811 0.190401 1.160511 -0.007570 0.063947 1.757403 0.187345 0.458697 -0.353472 2.893845 0.686196 0.349822 3.486124 0.186309 1.104967 0.187317 2.860580 0.048571 0.063009 3.497951 0.189069 1.136856 -0.353955 3.054282 2.811020 -7.942643 2.501954 -0.166193 -8.033306 3.054282 2.811020 -15.790643 2.501954 -0.166193 -15.881306 0.000000 0.000000 -7.848000 0.000000 0.000000 -7.848000 0.000000 0.000000 0.000000 0.000000 0.000000 0.000000 0.000000 0.000000 0.000000 0.000000 0.000000 0.000000 0.000000 0.000000 0.000000 0.000000 0.000000 0.000000 0.000000 0.000000 0.000000 0.000000 0.000000 0.000000
14.996224 1.000000 0.060209 0.006819 0.008509 0.069904 0.001258 0.020253 0.002660 0.063133 0.001390 0.004242 0.075237 0.001258 0.021859 -0.005465 1.198458 0.788281 0.382317 1.742263 0.187230 0.425510 0.193440 1.170609 -0.010690 0.059984 1.762327 0.187280 0.461692 -0.356218 2.904722 0.695548 0.366648 3.485595 0.186244 1.104671 0.190352 2.870678 0.045439 0.059003 3.502876 0.189008 1.139851 -0.356688 3.014517 2.868999 -7.932961 2.482045 -0.182555 -8.053575 3.014517 2.868999 -15.780961 2.482045 -0.182555 -15.901575 0.000000 0.000000 -7.848000 0.000000 0.000000 -7.848000 0.000000 0.000000 0.000000 0.000000 0.000000 0.000000 0.000000 0.000000 0.000000 0.000000 0.000000 0.000000 0.000000 0.000000 0.000000 0.000000 0.000000 0.000000 0.000000 0.000000 0.000000 0.000000 0.000000 0.000000
15.030416 1.000000 0.060209 0.006819 0.008521 0.069916 0.001270 0.020277 0.002660 0.063133 0.001366 0.004254 0.075225 0.001282 0.021871 -0.005453 1.188469 0.779567 0.386262 1.741672 0.187371 0.425896 0.190884 1.158325 -0.008414 0.064347 1.756247 0.187290 0.463302 -0.354060 2.894726 0.686811 0.370591 3.484998 0.186385 1.105054 0.187792 2.858397 0.047728 0.063410 3.496798 0.189014 1.141460 -0.354531 3.061729 2.860754 -7.940658 2.516950 -0.167619 -8.038738 3.061729 2.860754 -15.788658 2.516950 -0.167619 -15.886738 0.000000 0.000000 -7.848000 0.000000 0.000000 -7.848000 0.000000 0.000000 0.000000 0.000000 0.000000 0.000000 0.000000 0.000000 0.000000 0.000000 0.000000 0.000000 0.000000 0.000000 0.000000 0.000000 0.000000 0.000000 0.000000 0.000000 0.000000 0.000000 0.000000 0.000000
15.067716 1.000000 0.060209 0.006819 0.008497 0.069928 0.001246 0.020265 0.002660 0.063133 0.001354 0.004266 0.075237 0.001282 0.021871 -0.005453 1.196497 0.772726 0.373959 1.744923 0.187302 0.427123 0.190804 1.141429 0.000895 0.063394 1.754398 0.187280 0.462648 -0.353392 2.902753 0.680015 0.358290 3.488246 0.186316 1.106280 0.187720 2.841497 0.057034 0.062477 3.494946 0.189006 1.140805 -0.353859 3.023075 2.817531 -7.948274 2.590475 -0.152090 -8.044949 3.023075 2.817531 -15.796274 2.590475 -0.152090 -15.892949 0.000000 0.000000 -7.848000 0.000000 0.000000 -7.848000 0.000000 0.000000 0.000000 0.000000 0.000000 0.000000 0.000000 0.000000 0.000000 0.000000 0.000000 0.000000 0.000000 0.000000 0.000000 0.000000 0.000000 0.000000 0.000000 0.000000 0.000000 0.000000 0.000000 0.000000
15.094195 1.000000 0.060209 0.006831 0.008497 0.069904 0.001246 0.020265 0.002649 0.063157 0.001366 0.004242 0.075237 0.001246 0.021871 -0.005465 1.200404 0.782419 0.392105 1.741789 0.187234 0.426083 0.192199 1.151413 -0.002850 0.060127 1.756066 0.187296 0.465677 -0.353855 2.906668 0.689692 0.376415 3.485120 0.186252 1.105243 0.189111 2.851438 0.053319 0.059192 3.496605 0.189025 1.143832 -0.354314 3.007308 2.878936 -7.931737 2.556318 -0.166919 -8.049901 3.007308 2.878936 -15.779737 2.556318 -0.166919 -15.897901 0.000000 0.000000 -7.848000 0.000000 0.000000 -7.848000 0.000000 0.000000 0.000000 0.000000 0.000000 0.000000 0.000000 0.000000 0.000000 0.000000 0.000000 0.000000 0.000000 0.000000 0.000000 0.000000 0.000000 0.000000 0.000000 0.000000 0.000000 0.000000 0.000000 0.000000
15.148992 1.000000 0.060209 0.006819 0.008509 0.069928 0.001246 0.020265 0.002649 0.063133 0.001366 0.004254 0.075225 0.001306 0.021871 -0.005453 1.197410 0.782209 0.394892 1.742352 0.187286 0.426718 0.195948 1.154258 -0.005171 0.061925 1.754827 0.204602 0.464465 -0.352439 2.903665 0.689479 0.379223 3.485675 0.186304 1.105876 0.192864 2.854330 0.050970 0.060987 3.495378 0.206327 1.142623 -0.352918 3.029015 2.887146 -7.939139 2.533776 -0.165944 -8.038596 3.029015 2.887146 -15.787139 2.533776 -0.165944 -15.886596 0.000000 0.000000 -7.848000 0.000000 0.000000 -7.848000 0.000000 0.000000 0.000000 0.000000 0.000000 0.000000 0.000000 0.000000 0.000000 0.000000 0.000000 0.000000 0.000000 0.000000 0.000000 0.000000 0.000000 0.000000 0.000000 0.000000 0.000000 0.000000 0.000000 0.000000
15.191140 1.000000 0.060209 0.006807 0.008497 0.069916 0.001246 0.020277 0.002660 0.063133 0.001390 0.004254 0.075237 0.001282 0.021871 -0.005453 1.195559 0.772769 0.402582 1.743826 0.187278 0.427634 0.194057 1.140969 0.001578 0.068772 1.753438 0.200798 0.461156 -0.350561 2.901818 0.680077 0.386936 3.487152 0.186292 1.106792 0.190977 2.841037 0.057680 0.067789 3.493985 0.202523 1.139313 -0.351040 3.046736 2.885498 -7.950624 2.580625 -0.136442 -8.036691 3.046736 2.885498 -15.798624 2.580625 -0.136442 -15.884691 0.000000 0.000000 -7.848000 0.000000 0.000000 -7.848000 0.000000 0.000000 0.000000 0.000000 0.000000 0.000000 0.000000 0.000000 0.000000 0.000000 0.000000 0.000000 0.000000 0.000000 0.000000 0.000000 0.000000 0.000000 0.000000 0.000000 0.000000 0.000000 0.000000 0.000000
15.230450 1.000000 0.060221 0.006831 0.008509 0.069916 0.001258 0.020277 0.002649 0.063133 0.001366 0.004242 0.075237 0.001318 0.021847 -0.005453 1.202916 0.779011 0.405694 1.746925 0.187294 0.428803 0.194239 1.113201 0.005866 0.063856 1.753314 0.198185 0.459727 -0.351264 2.909152 0.686261 0.390002 3.490247 0.186311 1.107959 0.191148 2.813271 0.062030 0.062919 3.493864 0.199910 1.137886 -0.351746 3.030516 2.905648 -7.961266 2.722985 -0.142616 -8.061130 3.030516 2.905648 -15.809266 2.722985 -0.142616 -15.909130 0.000000 0.000000 -7.848000 0.000000 0.000000 -7.848000 0.000000 0.000000 0.000000 0.000000 0.000000 0.000000 0.000000 0.000000 0.000000 0.000000 0.000000 0.000000 0.000000 0.000000 0.000000 0.000000 0.000000 0.000000 0.000000 0.000000 0.000000 0.000000 0.000000 0.000000
15.274520 1.000000 0.060209 0.006819 0.008509 0.069928 0.001246 0.020277 0.002660 0.063145 0.001366 0.004254 0.075225 0.001318 0.021859 -0.005453 1.192939 0.796967 0.405122 1.742003 0.187437 0.424217 0.193870 1.142111 -0.006032 0.059801 1.759355 0.195697 0.462757 -0.351471 2.899193 0.704233 0.389452 3.485325 0.186451 1.103373 0.190785 2.842163 0.050110 0.058863 3.499904 0.197421 1.140915 -0.351954 3.062435 2.940798 -7.939141 2.615336 -0.174314 -8.068849 3.062435 2.940798 -15.787141 2.615336 -0.174314 -15.916849 0.000000 0.000000 -7.848000 0.000000 0.000000 -7.848000 0.000000 0.000000 0.000000 0.000000 0.000000 0.000000 0.000000 0.000000 0.000000 0.000000 0.000000 0.000000 0.000000 0.000000 0.000000 0.000000 0.000000 0.000000 0.000000 0.000000 0.000000 0.000000 0.000000 0.000000
15.313577 1.000000 0.060209 0.006819 0.008509 0.069916 0.001246 0.020277 0.002649 0.063157 0.001390 0.004266 0.075237 0.001330 0.021859 -0.005453 1.174452 0.787918 0.400946 1.733244 0.187374 0.421361 0.193133 1.117893 0.003376 0.067961 1.752527 0.194118 0.460275 -0.349807 2.880710 0.695188 0.385277 3.476570 0.186392 1.100519 0.190050 2.817921 0.059455 0.066978 3.493068 0.195842 1.138430 -0.350301 3.105554 2.912592 -7.908730 2.693909 -0.136787 -8.053142 3.105554 2.912592 -15.756730 2.693909 -0.136787 -15.901142 0.000000 0.000000 -7.848000 0.000000 0.000000 -7.848000 0.000000 0.000000 0.000000 0.000000 0.000000 0.000000 0.000000 0.000000 0.000000 0.000000 0.000000 0.000000 0.000000 0.000000 0.000000 0.000000 0.000000 0.000000 0.000000 0.000000 0.000000 0.000000 0.000000 0.000000
15.357229 1.000000 0.060209 0.006807 0.008509 0.069916 0.001246 0.020277 0.002660 0.063145 0.001390 0.004266 0.075237 0.001330 0.021859 -0.005453 1.188460 0.786900 0.400999 1.742049 0.187331 0.425414 0.190320 1.131670 -0.002241 0.064313 1.754650 0.192607 0.465701 -0.355994 2.894718 0.694186 0.385352 3.485375 0.186345 1.104572 0.187240 2.831719 0.053838 0.063329 3.495194 0.194331 1.143857 -0.356488 3.078258 2.909810 -7.944544 2.649048 -0.158392 -8.061495 3.078258 2.909810 -15.792544 2.649048 -0.158392 -15.909495 0.000000 0.000000 -7.848000 0.000000 0.000000 -7.848000 0.000000 0.000000 0.000000 0.000000 0.000000 0.000000 0.000000 0.000000 0.000000 0.000000 0.000000 0.000000 0.000000 0.000000 0.000000 0.000000 0.000000 0.000000 0.000000 0.000000 0.000000 0.000000 0.000000 0.000000
15.399591 1.000000 0.060221 0.006807 0.008497 0.069928 0.001270 0.020277 0.002660 0.063133 0.001390 0.004254 0.075237 0.001342 0.021859 -0.005453 1.189684 0.786739 0.403577 1.739104 0.187308 0.424502 0.194287 1.129995 -0.006438 0.063687 1.750917 0.191486 0.463708 -0.354461 2.895918 0.694046 0.387930 3.482422 0.186323 1.103657 0.191199 2.830065 0.049663 0.062705 3.491466 0.193210 1.141866 -0.354959 3.059700 2.916038 -7.928670 2.640622 -0.167404 -8.041953 3.059700 2.916038 -15.776670 2.640622 -0.167404 -15.889953 0.000000 0.000000 -7.848000 0.000000 0.000000 -7.848000 0.000000 0.000000 0.000000 0.000000 0.000000 0.000000 0.000000 0.000000 0.000000 0.000000 0.000000 0.000000 0.000000 0.000000 0.000000 0.000000 0.000000 0.000000 0.000000 0.000000 0.000000 0.000000 0.000000 0.000000
15.431082 1.000000 0.060185 0.006819 0.008509 0.069928 0.001258 0.020265 0.002649 0.063133 0.001366 0.004254 0.075237 0.001282 0.021871 -0.005453 1.197670 0.781106 0.389476 1.739917 0.187248 0.424821 0.191097 1.141167 -0.008800 0.063938 1.748957 0.190736 0.462607 -0.353663 2.903968 0.688377 0.373808 3.483247 0.186266 1.103981 0.188009 2.841235 0.047341 0.063000 3.489504 0.192461 1.140764 -0.354134 3.008156 2.869452 -7.922610 2.573253 -0.169934 -8.019827 3.008156 2.869452 -15.770610 2.573253 -0.169934 -15.867827 0.000000 0.000000 -7.848000 0.000000 0.000000 -7.848000 0.000000 0.000000 0.000000 0.000000 0.000000 0.000000 0.000000 0.000000 0.000000 0.000000 0.000000 0.000000 0.000000 0.000000 0.000000 0.000000 0.000000 0.000000 0.000000 0.000000 0.000000 0.000000 0.000000 0.000000
15.458143 1.000000 0.060209 0.006807 0.008497 0.069904 0.001270 0.020277 0.002660 0.063133 0.001366 0.004254 0.075237 0.001318 0.021871 -0.005453 1.197706 0.788314 0.396145 1.739491 0.187334 0.425141 0.192412 1.151068 0.005770 0.068523 1.751824 0.190408 0.463432 -0.352277 2.903969 0.695623 0.380499 3.482821 0.186348 1.104300 0.189324 2.851136 0.061911 0.067586 3.492371 0.192133 1.141588 -0.352760 3.016177 2.900138 -7.922726 2.523532 -0.128293 -8.023613 3.016177 2.900138 -15.770726 2.523532 -0.128293 -15.871613 0.000000 0.000000 -7.848000 0.000000 0.000000 -7.848000 0.000000 0.000000 0.000000 0.000000 0.000000 0.000000 0.000000 0.000000 0.000000 0.000000 0.000000 0.000000 0.000000 0.000000 0.000000 0.000000 0.000000 0.000000 0.000000 0.000000 0.000000 0.000000 0.000000 0.000000
15.489251 1.000000 0.060209 0.006819 0.008521 0.069916 0.001246 0.020277 0.002660 0.063157 0.001390 0.004254 0.075237 0.001282 0.021859 -0.005441 1.201247 0.782338 0.394231 1.742855 0.187309 0.426624 0.194070 1.153429 -0.007641 0.060578 1.750397 0.189842 0.462530 -0.353070 2.907504 0.689582 0.378560 3.486181 0.186323 1.105782 0.190986 2.853457 0.048458 0.059596 3.490938 0.191563 1.140685 -0.353549 3.010564 2.884728 -7.937571 2.517619 -0.173772 -8.015293 3.010564 2.884728 -15.785571 2.517619 -0.173772 -15.863293 0.000000 0.000000 -7.848000 0.000000 0.000000 -7.848000 0.000000 0.000000 0.000000 0.000000 0.000000 0.000000 0.000000 0.000000 0.000000 0.000000 0.000000 0.000000 0.000000 0.000000 0.000000 0.000000 0.000000 0.000000 0.000000 0.000000 0.000000 0.000000 0.000000 0.000000
15.516989 1.000000 0.060209 0.006819 0.008509 0.069916 0.001234 0.020289 0.002660 0.063145 0.001390 0.004266 0.075237 0.001306 0.021871 -0.005453 1.190877 0.792931 0.386550 1.739462 0.187313 0.425686 0.193665 1.146360 -0.006377 0.064184 1.755458 0.189448 0.460888 -0.351931 2.897134 0.700198 0.370881 3.482787 0.186328 1.104843 0.190585 2.846408 0.049702 0.063201 3.496001 0.191173 1.139043 -0.352418 3.047887 2.889015 -7.928285 2.569547 -0.163737 -8.041915 3.047887 2.889015 -15.776285 2.569547 -0.163737 -15.889915 0.000000 0.000000 -7.848000 0.000000 0.000000 -7.848000 0.000000 0.000000 0.000000 0.000000 0.000000 0.000000 0.000000 0.000000 0.000000 0.000000 0.000000 0.000000 0.000000 0.000000 0.000000 0.000000 0.000000 0.000000 0.000000 0.000000 0.000000 0.000000 0.000000 0.000000
15.559270 1.000000 0.060209 0.006819 0.008521 0.069928 0.001246 0.020277 0.002649 0.063133 0.001390 0.004254 0.075237 0.001306 0.021871 -0.005465 1.191272 0.788319 0.388972 1.743077 0.187245 0.429888 0.193328 1.136836 -0.002098 0.067527 1.751419 0.188958 0.463891 -0.350866 2.897526 0.695567 0.373302 3.486399 0.186263 1.109045 0.190244 2.836904 0.054007 0.066545 3.491967 0.190686 1.142048 -0.351352 3.068481 2.886359 -7.953122 2.601500 -0.147558 -8.036851 3.068481 2.886359 -15.801122 2.601500 -0.147558 -15.884851 0.000000 0.000000 -7.848000 0.000000 0.000000 -7.848000 0.000000 0.000000 0.000000 0.000000 0.000000 0.000000 0.000000 0.000000 0.000000 0.000000 0.000000 0.000000 0.000000 0.000000 0.000000 0.000000 0.000000 0.000000 0.000000 0.000000 0.000000 0.000000 0.000000 0.000000
15.590600 1.000000 0.060209 0.006807 0.008509 0.069916 0.001246 0.020289 0.002649 0.063133 0.001402 0.004254 0.075237 0.001270 0.021859 -0.005453 1.194892 0.784696 0.388436 1.742633 0.187316 0.429330 0.194728 1.130163 -0.004409 0.074743 1.750537 0.188833 0.462927 -0.351326 2.901149 0.691986 0.372789 3.485957 0.186334 1.108487 0.191648 2.830233 0.051673 0.073738 3.491085 0.190557 1.141085 -0.351804 3.044440 2.877360 -7.946538 2.625926 -0.136212 -8.035777 3.044440 2.877360 -15.794538 2.625926 -0.136212 -15.883777 0.000000 0.000000 -7.848000 0.000000 0.000000 -7.848000 0.000000 0.000000 0.000000 0.000000 0.000000 0.000000 0.000000 0.000000 0.000000 0.000000 0.000000 0.000000 0.000000 0.000000 0.000000 0.000000 0.000000 0.000000 0.000000 0.000000 0.000000 0.000000 0.000000 0.000000
15.619043 1.000000 0.060209 0.006831 0.008497 0.069916 0.001246 0.020277 0.002649 0.063145 0.001390 0.004266 0.075237 0.001282 0.021871 -0.005465 1.211084 0.792971 0.400504 1.744431 0.187201 0.427776 0.196941 1.135078 0.007349 0.076302 1.753347 0.188581 0.466584 -0.350623 2.917343 0.700244 0.384814 3.487757 0.186219 1.106934 0.193854 2.835125 0.063432 0.075319 3.493890 0.190309 1.144739 -0.351102 2.980360 2.921289 -7.939614 2.611130 -0.108404 -8.050421 2.980360 2.921289 -15.787614 2.611130 -0.108404 -15.898421 0.000000 0.000000 -7.848000 0.000000 0.000000 -7.848000 0.000000 0.000000 0.000000 0.000000 0.000000 0.000000 0.000000 0.000000 0.000000 0.000000 0.000000 0.000000 0.000000 0.000000 0.000000 0.000000 0.000000 0.000000 0.000000 0.000000 0.000000 0.000000 0.000000 0.000000
15.653839 1.000000 0.060209 0.006807 0.008497 0.069928 0.001258 0.020253 0.002660 0.063145 0.001390 0.004266 0.075237 0.001330 0.021847 -0.005441 1.198785 0.786642 0.393430 1.741161 0.187361 0.424152 0.194355 1.150218 -0.000753 0.070642 1.754247 0.188400 0.465400 -0.351000 2.905043 0.693950 0.377784 3.484486 0.186375 1.103311 0.191271 2.850269 0.055322 0.069659 3.494793 0.190120 1.143558 -0.351495 3.013235 2.891276 -7.927211 2.543855 -0.136598 -8.039346 3.013235 2.891276 -15.775211 2.543855 -0.136598 -15.887346 0.000000 0.000000 -7.848000 0.000000 0.000000 -7.848000 0.000000 0.000000 0.000000 0.000000 0.000000 0.000000 0.000000 0.000000 0.000000 0.000000 0.000000 0.000000 0.000000 0.000000 0.000000 0.000000 0.000000 0.000000 0.000000 0.000000 0.000000 0.000000 0.000000 0.000000
15.685536 1.000000 0.060209 0.006819 0.008485 0.069916 0.001246 0.020277 0.002649 0.063133 0.001390 0.004254 0.075237 0.001294 0.021871 -0.005465 1.212504 0.780418 0.391577 1.745009 0.187293 0.426476 0.193555 1.144904 -0.006673 0.066097 1.754971 0.188178 0.469168 -0.351676 2.918763 0.687734 0.375911 3.488335 0.186311 1.105634 0.190471 2.844973 0.049432 0.065114 3.495518 0.189907 1.147324 -0.352158 2.958226 2.872949 -7.936414 2.588849 -0.160566 -8.056422 2.958226 2.872949 -15.784414 2.588849 -0.160566 -15.904422 0.000000 0.000000 -7.848000 0.000000 0.000000 -7.848000 0.000000 0.000000 0.000000 0.000000 0.000000 0.000000 0.000000 0.000000 0.000000 0.000000 0.000000 0.000000 0.000000 0.000000 0.000000 0.000000 0.000000 0.000000 0.000000 0.000000 0.000000 0.000000 0.000000 0.000000
15.725137 1.000000 0.060209 0.006795 0.008509 0.069928 0.001246 0.020265 0.002649 0.063133 0.001402 0.004254 0.075237 0.001306 0.021859 -0.005441 1.201371 0.773751 0.401929 1.741160 0.187233 0.425038 0.192753 1.135462 -0.005672 0.068226 1.758586 0.188010 0.464069 -0.350435 2.907627 0.681061 0.386305 3.484483 0.186251 1.104196 0.189678 2.835532 0.050405 0.067220 3.499135 0.189730 1.142227 -0.350926 3.000193 2.883635 -7.927850 2.641640 -0.154208 -8.072225 3.000193 2.883635 -15.775850 2.641640 -0.154208 -15.920225 0.000000 0.000000 -7.848000 0.000000 0.000000 -7.848000 0.000000 0.000000 0.000000 0.000000 0.000000 0.000000 0.000000 0.000000 0.000000 0.000000 0.000000 0.000000 0.000000 0.000000 0.000000 0.000000 0.000000 0.000000 0.000000 0.000000 0.000000 0.000000 0.000000 0.000000
15.766113 1.000000 0.060209 0.006819 0.008509 0.069916 0.001246 0.020277 0.002649 0.063157 0.001390 0.004266 0.075261 0.001294 0.021859 -0.005441 1.197093 0.777163 0.387500 1.740173 0.187306 0.422661 0.192193 1.160221 -0.012963 0.062812 1.767841 0.187762 0.467835 -0.351162 2.903351 0.684433 0.371831 3.483499 0.186324 1.101819 0.189110 2.860241 0.043112 0.061829 3.508374 0.189483 1.145988 -0.351646 3.004357 2.857132 -7.919855 2.569273 -0.180878 -8.100776 3.004357 2.857132 -15.767855 2.569273 -0.180878 -15.948776 0.000000 0.000000 -7.848000 0.000000 0.000000 -7.848000 0.000000 0.000000 0.000000 0.000000 0.000000 0.000000 0.000000 0.000000 0.000000 0.000000 0.000000 0.000000 0.000000 0.000000 0.000000 0.000000 0.000000 0.000000 0.000000 0.000000 0.000000 0.000000 0.000000 0.000000
15.815832 1.000000 0.060209 0.006807 0.008497 0.069916 0.001246 0.020289 0.002649 0.063133 0.001402 0.004254 0.075237 0.001294 0.021871 -0.005441 1.205437 0.771150 0.404528 1.748266 0.187182 0.427138 0.192373 1.132978 -0.003397 0.071449 1.752357 0.187737 0.466738 -0.349069 2.911695 0.678462 0.388883 3.491591 0.186200 1.106295 0.189293 2.833047 0.052681 0.070443 3.492904 0.189458 1.144895 -0.349556 3.014535 2.885516 -7.961626 2.628079 -0.141085 -8.049552 3.014535 2.885516 -15.809626 2.628079 -0.141085 -15.897552 0.000000 0.000000 -7.848000 0.000000 0.000000 -7.848000 0.000000 0.000000 0.000000 0.000000 0.000000 0.000000 0.000000 0.000000 0.000000 0.000000 0.000000 0.000000 0.000000 0.000000 0.000000 0.000000 0.000000 0.000000 0.000000 0.000000 0.000000 0.000000 0.000000 0.000000
15.839049 1.000000 0.060209 0.006807 0.008521 0.069916 0.001246 0.020265 0.002649 0.063145 0.001402 0.004266 0.075237 0.001318 0.021859 -0.005453 1.183166 0.778841 0.405936 1.735139 0.187340 0.421971 0.192382 1.134760 -0.006135 0.068274 1.750067 0.187652 0.466994 -0.349860 2.889424 0.686108 0.390288 3.478466 0.186359 1.101130 0.189302 2.834810 0.049924 0.067268 3.490611 0.189376 1.145151 -0.350354 3.068311 2.904450 -7.911447 2.613528 -0.153801 -8.038403 3.068311 2.904450 -15.759447 2.613528 -0.153801 -15.886403 0.000000 0.000000 -7.848000 0.000000 0.000000 -7.848000 0.000000 0.000000 0.000000 0.000000 0.000000 0.000000 0.000000 0.000000 0.000000 0.000000 0.000000 0.000000 0.000000 0.000000 0.000000 0.000000 0.000000 0.000000 0.000000 0.000000 0.000000 0.000000 0.000000 0.000000
15.874953 1.000000 0.060209 0.006783 0.008509 0.069928 0.001258 0.020265 0.002660 0.063133 0.001402 0.004254 0.075225 0.001282 0.021871 -0.005441 1.198462 0.793662 0.409483 1.742591 0.187360 0.425144 0.191415 1.132867 -0.005402 0.069447 1.759953 0.187460 0.465593 -0.351526 2.904718 0.700988 0.393881 3.485915 0.186375 1.104302 0.188339 2.832940 0.050676 0.068442 3.500504 0.189181 1.143751 -0.352009 3.039274 2.942307 -7.939313 2.662861 -0.151867 -8.083823 3.039274 2.942307 -15.787313 2.662861 -0.151867 -15.931823 0.000000 0.000000 -7.848000 0.000000 0.000000 -7.848000 0.000000 0.000000 0.000000 0.000000 0.000000 0.000000 0.000000 0.000000 0.000000 0.000000 0.000000 0.000000 0.000000 0.000000 0.000000 0.000000 0.000000 0.000000 0.000000 0.000000 0.000000 0.000000 0.000000 0.000000
15.905956 1.000000 0.060197 0.006795 0.008509 0.069928 0.001258 0.020277 0.002660 0.063145 0.001402 0.004242 0.075237 0.001282 0.021859 -0.005453 1.197059 0.805280 0.410752 1.741951 0.187293 0.425446 0.194086 1.131829 0.001860 0.066785 1.756084 0.187632 0.466670 -0.351827 2.903335 0.712586 0.395128 3.485277 0.186307 1.104604 0.191006 2.831877 0.057964 0.065781 3.496628 0.189356 1.144827 -0.352310 3.052707 2.970382 -7.938782 2.651222 -0.142987 -8.069007 3.052707 2.970382 -15.786782 2.651222 -0.142987 -15.917007 0.000000 0.000000 -7.848000 0.000000 0.000000 -7.848000 0.000000 0.000000 0.000000 0.000000 0.000000 0.000000 0.000000 0.000000 0.000000 0.000000 0.000000 0.000000 0.000000 0.000000 0.000000 0.000000 0.000000 0.000000 0.000000 0.000000 0.000000 0.000000 0.000000 0.000000
15.933844 1.000000 0.060221 0.006807 0.008509 0.069928 0.001258 0.020277 0.002649 0.063133 0.001402 0.004254 0.075237 0.001306 0.021871 -0.005453 1.192485 0.795231 0.393576 1.742045 0.187383 0.424390 0.192020 1.122509 -0.003094 0.064674 1.754992 0.187478 0.468832 -0.351886 2.898719 0.702521 0.377928 3.485364 0.186401 1.103545 0.188936 2.822577 0.052987 0.063668 3.495539 0.189202 1.146989 -0.352376 3.054952 2.909576 -7.937821 2.703449 -0.159002 -8.077718 3.054952 2.909576 -15.785821 2.703449 -0.159002 -15.925718 0.000000 0.000000 -7.848000 0.000000 0.000000 -7.848000 0.000000 0.000000 0.000000 0.000000 0.000000 0.000000 0.000000 0.000000 0.000000 0.000000 0.000000 0.000000 0.000000 0.000000 0.000000 0.000000 0.000000 0.000000 0.000000 0.000000 0.000000 0.000000 0.000000 0.000000
15.975970 1.000000 0.060209 0.006783 0.008521 0.069916 0.001246 0.020265 0.002660 0.063157 0.001402 0.004266 0.075237 0.001282 0.021871 -0.005441 1.193722 0.786016 0.396292 1.742320 0.187118 0.424587 0.196088 1.147527 -0.000769 0.067560 1.761887 0.187512 0.469856 -0.350644 2.899981 0.693319 0.380688 3.485647 0.186133 1.103747 0.193015 2.847554 0.055287 0.066554 3.502426 0.189233 1.148010 -0.351128 3.047454 2.898414 -7.938760 2.601689 -0.145282 -8.087193 3.047454 2.898414 -15.786760 2.601689 -0.145282 -15.935193 0.000000 0.000000 -7.848000 0.000000 0.000000 -7.848000 0.000000 0.000000 0.000000 0.000000 0.000000 0.000000 0.000000 0.000000 0.000000 0.000000 0.000000 0.000000 0.000000 0.000000 0.000000 0.000000 0.000000 0.000000 0.000000 0.000000 0.000000 0.000000 0.000000 0.000000
16.013162 1.000000 0.060209 0.006783 0.008497 0.069904 0.001258 0.020265 0.002649 0.063121 0.001402 0.004242 0.075237 0.001282 0.021871 -0.005441 1.178913 0.791171 0.398649 1.734483 0.187339 0.422046 0.195289 1.126847 -0.009083 0.063900 1.748146 0.187441 0.467260 -0.350887 2.885177 0.698523 0.383048 3.477814 0.186357 1.101206 0.192214 2.826937 0.047017 0.062895 3.488697 0.189162 1.145418 -0.351371 3.089704 2.914135 -7.911455 2.652296 -0.171110 -8.038632 3.089704 2.914135 -15.759455 2.652296 -0.171110 -15.886632 0.000000 0.000000 -7.848000 0.000000 0.000000 -7.848000 0.000000 0.000000 0.000000 0.000000 0.000000 0.000000 0.000000 0.000000 0.000000 0.000000 0.000000 0.000000 0.000000 0.000000 0.000000 0.000000 0.000000 0.000000 0.000000 0.000000 0.000000 0.000000 0.000000 0.000000
16.041172 1.000000 0.060197 0.006783 0.008509 0.069928 0.001258 0.020277 0.002660 0.063133 0.001402 0.004242 0.075237 0.001294 0.021847 -0.005453 1.211776 0.789020 0.402126 1.746662 0.187207 0.429042 0.196012 1.152954 0.008204 0.068188 1.754585 0.187567 0.468488 -0.350190 2.918052 0.696345 0.386525 3.489988 0.186221 1.108200 0.192935 2.853025 0.064308 0.067184 3.495135 0.189291 1.146648 -0.350677 2.987830 2.916840 -7.952131 2.533571 -0.123624 -8.044276 2.987830 2.916840 -15.800131 2.533571 -0.123624 -15.892276 0.000000 0.000000 -7.848000 0.000000 0.000000 -7.848000 0.000000 0.000000 0.000000 0.000000 0.000000 0.000000 0.000000 0.000000 0.000000 0.000000 0.000000 0.000000 0.000000 0.000000 0.000000 0.000000 0.000000 0.000000 0.000000 0.000000 0.000000 0.000000 0.000000 0.000000
16.078754 1.000000 0.060209 0.006783 0.008533 0.069928 0.001258 0.020277 0.002660 0.063145 0.001390 0.004266 0.075237 0.001282 0.021847 -0.005453 1.199022 0.800011 0.386157 1.741647 0.187365 0.424648 0.193816 1.144328 0.014537 0.067199 1.751135 0.187390 0.469558 -0.350172 2.905276 0.707292 0.370552 3.484969 0.186379 1.103804 0.190739 2.844378 0.070616 0.066215 3.491681 0.189115 1.147716 -0.350651 3.017508 2.901733 -7.929268 2.562191 -0.113437 -8.038389 3.017508 2.901733 -15.777268 2.562191 -0.113437 -15.886389 0.000000 0.000000 -7.848000 0.000000 0.000000 -7.848000 0.000000 0.000000 0.000000 0.000000 0.000000 0.000000 0.000000 0.000000 0.000000 0.000000 0.000000 0.000000 0.000000 0.000000 0.000000 0.000000 0.000000 0.000000 0.000000 0.000000 0.000000 0.000000 0.000000 0.000000
16.109619 1.000000 0.060185 0.006783 0.008497 0.069916 0.001234 0.020277 0.002660 0.063133 0.001402 0.004254 0.075237 0.001318 0.021859 -0.005453 1.211482 0.801102 0.402661 1.743071 0.187263 0.423655 0.192986 1.149856 0.008142 0.064600 1.752459 0.187419 0.468959 -0.350561 2.917784 0.708451 0.387062 3.486404 0.186278 1.102815 0.189918 2.849926 0.064224 0.063595 3.493008 0.189143 1.147117 -0.351056 2.971000 2.940211 -7.925627 2.544248 -0.132209 -8.039016 2.971000 2.940211 -15.773627 2.544248 -0.132209 -15.887016 0.000000 0.000000 -7.848000 0.000000 0.000000 -7.848000 0.000000 0.000000 0.000000 0.000000 0.000000 0.000000 0.000000 0.000000 0.000000 0.000000 0.000000 0.000000 0.000000 0.000000 0.000000 0.000000 0.000000 0.000000 0.000000 0.000000 0.000000 0.000000 0.000000 0.000000
16.138965 1.000000 0.060221 0.006771 0.008497 0.069928 0.001258 0.020277 0.002649 0.063133 0.001390 0.004254 0.075261 0.001318 0.021859 -0.005453 1.207994 0.792934 0.397634 1.743801 0.187358 0.422699 0.191796 1.162372 0.010493 0.061233 1.766036 0.187435 0.469394 -0.351107 2.914229 0.700306 0.382056 3.487120 0.186377 1.101855 0.188724 2.862434 0.066594 0.060251 3.506576 0.189159 1.147549 -0.351598 2.981183 2.911758 -7.929389 2.540915 -0.136133 -8.092440 2.981183 2.911758 -15.777389 2.540915 -0.136133 -15.940440 0.000000 0.000000 -7.848000 0.000000 0.000000 -7.848000 0.000000 0.000000 0.000000 0.000000 0.000000 0.000000 0.000000 0.000000 0.000000 0.000000 0.000000 0.000000 0.000000 0.000000 0.000000 0.000000 0.000000 0.000000 0.000000 0.000000 0.000000 0.000000 0.000000 0.000000
16.180914 1.000000 0.060197 0.006783 0.008509 0.069928 0.001258 0.020277 0.002660 0.063133 0.001402 0.004254 0.075237 0.001306 0.021859 -0.005453 1.197098 0.788035 0.397975 1.740355 0.187246 0.422471 0.189640 1.140260 0.008085 0.078862 1.751842 0.187338 0.467339 -0.349826 2.903374 0.695361 0.382374 3.483681 0.186261 1.101629 0.186563 2.840330 0.064167 0.077857 3.492390 0.189062 1.145497 -0.350316 3.019179 2.902585 -7.922639 2.576552 -0.099874 -8.039080 3.019179 2.902585 -15.770639 2.576552 -0.099874 -15.887080 0.000000 0.000000 -7.848000 0.000000 0.000000 -7.848000 0.000000 0.000000 0.000000 0.000000 0.000000 0.000000 0.000000 0.000000 0.000000 0.000000 0.000000 0.000000 0.000000 0.000000 0.000000 0.000000 0.000000 0.000000 0.000000 0.000000 0.000000 0.000000 0.000000 0.000000
16.223818 1.000000 0.060221 0.006819 0.008521 0.069904 0.001246 0.020277 0.002649 0.063133 0.001402 0.004266 0.075237 0.001330 0.021859 -0.005453 1.195162 0.789337 0.414169 1.739896 0.187268 0.420578 0.190671 1.150290 0.002522 0.075059 1.755622 0.187321 0.467686 -0.349880 2.901401 0.696585 0.398497 3.483222 0.186286 1.099736 0.187587 2.850361 0.058580 0.074052 3.496170 0.189044 1.145844 -0.350379 3.036910 2.943765 -7.921727 2.548077 -0.119492 -8.048942 3.036910 2.943765 -15.769727 2.548077 -0.119492 -15.896942 0.000000 0.000000 -7.848000 0.000000 0.000000 -7.848000 0.000000 0.000000 0.000000 0.000000 0.000000 0.000000 0.000000 0.000000 0.000000 0.000000 0.000000 0.000000 0.000000 0.000000 0.000000 0.000000 0.000000 0.000000 0.000000 0.000000 0.000000 0.000000 0.000000 0.000000
16.247613 1.000000 0.060209 0.006771 0.008509 0.069928 0.001246 0.020277 0.002660 0.063133 0.001390 0.004254 0.075237 0.001306 0.021859 -0.005453 1.200998 0.789719 0.416798 1.740374 0.187199 0.419751 0.192253 1.138469 -0.004591 0.069940 1.748790 0.187332 0.466727 -0.350589 2.907253 0.697064 0.401219 3.483697 0.186214 1.098908 0.189185 2.838539 0.051511 0.068958 3.489338 0.189056 1.144885 -0.351075 3.009978 2.950009 -7.917827 2.586216 -0.146611 -8.027850 3.009978 2.950009 -15.765827 2.586216 -0.146611 -15.875850 0.000000 0.000000 -7.848000 0.000000 0.000000 -7.848000 0.000000 0.000000 0.000000 0.000000 0.000000 0.000000 0.000000 0.000000 0.000000 0.000000 0.000000 0.000000 0.000000 0.000000 0.000000 0.000000 0.000000 0.000000 0.000000 0.000000 0.000000 0.000000 0.000000 0.000000
16.279871 1.000000 0.060209 0.006795 0.008509 0.069904 0.001246 0.020277 0.002649 0.063133 0.001402 0.004254 0.075225 0.001294 0.021871 -0.005453 1.189480 0.791681 0.414857 1.738193 0.187182 0.422255 0.192031 1.147632 -0.002062 0.069954 1.752954 0.187336 0.470528 -0.350497 2.895742 0.698991 0.399232 3.481522 0.186201 1.101414 0.188955 2.847704 0.054020 0.068948 3.493506 0.189060 1.148686 -0.350984 3.064147 2.951104 -7.922459 2.562386 -0.141117 -8.045729 3.064147 2.951104 -15.770459 2.562386 -0.141117 -15.893729 0.000000 0.000000 -7.848000 0.000000 0.000000 -7.848000 0.000000 0.000000 0.000000 0.000000 0.000000 0.000000 0.000000 0.000000 0.000000 0.000000 0.000000 0.000000 0.000000 0.000000 0.000000 0.000000 0.000000 0.000000 0.000000 0.000000 0.000000 0.000000 0.000000 0.000000
16.306071 1.000000 0.060209 0.006771 0.008497 0.069916 0.001246 0.020265 0.002660 0.063133 0.001390 0.004242 0.075225 0.001282 0.021847 -0.005453 1.197532 0.796866 0.412334 1.740838 0.187265 0.423459 0.190600 1.147104 -0.005426 0.068491 1.752195 0.187273 0.471123 -0.350424 2.903792 0.704234 0.396755 3.484166 0.186280 1.102618 0.187532 2.847179 0.050699 0.067510 3.492749 0.188998 1.149284 -0.350903 3.037310 2.954582 -7.929373 2.566053 -0.151517 -8.044222 3.037310 2.954582 -15.777373 2.566053 -0.151517 -15.892222 0.000000 0.000000 -7.848000 0.000000 0.000000 -7.848000 0.000000 0.000000 0.000000 0.000000 0.000000 0.000000 0.000000 0.000000 0.000000 0.000000 0.000000 0.000000 0.000000 0.000000 0.000000 0.000000 0.000000 0.000000 0.000000 0.000000 0.000000 0.000000 0.000000 0.000000
16.331995 1.000000 0.060221 0.006795 0.008509 0.069928 0.001246 0.020277 0.002649 0.063121 0.001402 0.004254 0.075237 0.001306 0.021859 -0.005453 1.201337 0.789992 0.404583 1.745664 0.187371 0.427643 0.189186 1.153989 -0.008860 0.064620 1.762869 0.187410 0.471186 -0.351135 2.907571 0.697301 0.388958 3.488982 0.186390 1.106798 0.186110 2.854080 0.047221 0.063614 3.503421 0.189135 1.149345 -0.351625 3.036062 2.923100 -7.954665 2.582425 -0.168433 -8.089039 3.036062 2.923100 -15.802665 2.582425 -0.168433 -15.937039 0.000000 0.000000 -7.848000 0.000000 0.000000 -7.848000 0.000000 0.000000 0.000000 0.000000 0.000000 0.000000 0.000000 0.000000 0.000000 0.000000 0.000000 0.000000 0.000000 0.000000 0.000000 0.000000 0.000000 0.000000 0.000000 0.000000 0.000000 0.000000 0.000000 0.000000
16.363683 1.000000 0.060209 0.006783 0.008509 0.069916 0.001246 0.020277 0.002649 0.063133 0.001402 0.004242 0.075237 0.001306 0.021871 -0.005453 1.213041 0.797645 0.403487 1.745307 0.187286 0.427585 0.189655 1.120779 -0.001105 0.071646 1.752211 0.187372 0.469338 -0.349456 2.919300 0.704975 0.387885 3.488633 0.186305 1.106743 0.186583 2.820848 0.054999 0.070642 3.492758 0.189096 1.147495 -0.349947 2.977889 2.934488 -7.942100 2.693991 -0.137695 -8.065520 2.977889 2.934488 -15.790100 2.693991 -0.137695 -15.913520 0.000000 0.000000 -7.848000 0.000000 0.000000 -7.848000 0.000000 0.000000 0.000000 0.000000 0.000000 0.000000 0.000000 0.000000 0.000000 0.000000 0.000000 0.000000 0.000000 0.000000 0.000000 0.000000 0.000000 0.000000 0.000000 0.000000 0.000000 0.000000 0.000000 0.000000
16.410924 1.000000 0.060209 0.006783 0.008521 0.069916 0.001258 0.020277 0.002649 0.063133 0.001390 0.004242 0.075237 0.001294 0.021859 -0.005465 1.196416 0.787824 0.384970 1.739730 0.187308 0.425540 0.190046 1.133004 -0.013766 0.064124 1.752240 0.187170 0.471840 -0.347456 2.902674 0.695131 0.369367 3.483056 0.186326 1.104698 0.186971 2.833074 0.042362 0.063143 3.492789 0.188899 1.149998 -0.347938 3.015433 2.872367 -7.923681 2.648623 -0.179167 -8.060737 3.015433 2.872367 -15.771681 2.648623 -0.179167 -15.908737 0.000000 0.000000 -7.848000 0.000000 0.000000 -7.848000 0.000000 0.000000 0.000000 0.000000 0.000000 0.000000 0.000000 0.000000 0.000000 0.000000 0.000000 0.000000 0.000000 0.000000 0.000000 0.000000 0.000000 0.000000 0.000000 0.000000 0.000000 0.000000 0.000000 0.000000
16.470074 1.000000 0.060197 0.006783 0.008509 0.069916 0.001246 0.020277 0.002660 0.063157 0.001402 0.004242 0.075237 0.001270 0.021847 -0.005453 1.202943 0.796896 0.400675 1.743896 0.187235 0.427458 0.193344 1.137901 -0.006139 0.068051 1.752167 0.187407 0.468629 -0.347542 2.909223 0.704222 0.385074 3.487226 0.186249 1.106618 0.190271 2.837929 0.049966 0.067048 3.492709 0.189132 1.146786 -0.348021 3.021643 2.929075 -7.944095 2.609162 -0.153615 -8.048321 3.021643 2.929075 -15.792095 2.609162 -0.153615 -15.896321 0.000000 0.000000 -7.848000 0.000000 0.000000 -7.848000 0.000000 0.000000 0.000000 0.000000 0.000000 0.000000 0.000000 0.000000 0.000000 0.000000 0.000000 0.000000 0.000000 0.000000 0.000000 0.000000 0.000000 0.000000 0.000000 0.000000 0.000000 0.000000 0.000000 0.000000
16.505995 1.000000 0.060209 0.006783 0.008533 0.069928 0.001270 0.020265 0.002649 0.063133 0.001390 0.004266 0.075237 0.001270 0.021871 -0.005453 1.193821 0.775518 0.371726 1.742617 0.187387 0.429269 0.189213 1.140617 -0.008808 0.067108 1.752691 0.187124 0.471266 -0.347883 2.900076 0.682802 0.356122 3.485940 0.186406 1.108427 0.186133 2.840686 0.047271 0.066124 3.493238 0.188848 1.149423 -0.348358 3.030601 2.817438 -7.943745 2.604812 -0.161304 -8.053551 3.030601 2.817438 -15.791745 2.604812 -0.161304 -15.901551 0.000000 0.000000 -7.848000 0.000000 0.000000 -7.848000 0.000000 0.000000 0.000000 0.000000 0.000000 0.000000 0.000000 0.000000 0.000000 0.000000 0.000000 0.000000 0.000000 0.000000 0.000000 0.000000 0.000000 0.000000 0.000000 0.000000 0.000000 0.000000 0.000000 0.000000
16.542209 1.000000 0.060209 0.006783 0.008497 0.069916 0.001246 0.020265 0.002660 0.063145 0.001402 0.004242 0.075237 0.001270 0.021847 -0.005453 1.178111 0.784424 0.382242 1.735343 0.187353 0.423741 0.188615 1.120179 -0.008142 0.067452 1.747333 0.187242 0.467230 -0.348062 2.884371 0.691772 0.366641 3.478670 0.186367 1.102900 0.185543 2.820228 0.047963 0.066449 3.487879 0.188967 1.145388 -0.348541 3.083034 2.859856 -7.915898 2.679150 -0.160480 -8.040241 3.083034 2.859856 -15.763898 2.679150 -0.160480 -15.888241 0.000000 0.000000 -7.848000 0.000000 0.000000 -7.848000 0.000000 0.000000 0.000000 0.000000 0.000000 0.000000 0.000000 0.000000 0.000000 0.000000 0.000000 0.000000 0.000000 0.000000 0.000000 0.000000 0.000000 0.000000 0.000000 0.000000 0.000000 0.000000 0.000000 0.000000
16.579838 1.000000 0.060209 0.006795 0.008509 0.069916 0.001246 0.020277 0.002660 0.063157 0.001402 0.004242 0.075237 0.001330 0.021871 -0.005453 1.200676 0.806966 0.408340 1.743300 0.187344 0.427113 0.189365 1.138451 -0.014100 0.073733 1.750886 0.187455 0.467374 -0.349413 2.906934 0.714272 0.392716 3.486626 0.186359 1.106271 0.186288 2.838477 0.042004 0.072730 3.491425 0.189178 1.145528 -0.349911 3.041382 2.966281 -7.944303 2.598737 -0.157178 -8.038595 3.041382 2.966281 -15.792303 2.598737 -0.157178 -15.886595 0.000000 0.000000 -7.848000 0.000000 0.000000 -7.848000 0.000000 0.000000 0.000000 0.000000 0.000000 0.000000 0.000000 0.000000 0.000000 0.000000 0.000000 0.000000 0.000000 0.000000 0.000000 0.000000 0.000000 0.000000 0.000000 0.000000 0.000000 0.000000 0.000000 0.000000
16.618816 1.000000 0.060209 0.006795 0.008497 0.069928 0.001270 0.020265 0.002649 0.063133 0.001402 0.004242 0.075237 0.001294 0.021859 -0.005441 1.213949 0.799480 0.404874 1.745069 0.187349 0.430269 0.189535 1.136733 -0.019513 0.070066 1.748299 0.187246 0.468730 -0.349381 2.920206 0.706812 0.389251 3.488392 0.186367 1.109427 0.186451 2.836803 0.036587 0.069062 3.488847 0.188966 1.146888 -0.349869 2.979199 2.941552 -7.945525 2.605167 -0.176625 -8.031631 2.979199 2.941552 -15.793525 2.605167 -0.176625 -15.879631 0.000000 0.000000 -7.848000 0.000000 0.000000 -7.848000 0.000000 0.000000 0.000000 0.000000 0.000000 0.000000 0.000000 0.000000 0.000000 0.000000 0.000000 0.000000 0.000000 0.000000 0.000000 0.000000 0.000000 0.000000 0.000000 0.000000 0.000000 0.000000 0.000000 0.000000
16.650586 1.000000 0.060209 0.006783 0.008497 0.069904 0.001258 0.020277 0.002660 0.063157 0.001390 0.004254 0.075237 0.001306 0.021871 -0.005453 1.199198 0.785934 0.397427 1.741120 0.187274 0.428740 0.186856 1.131848 -0.006402 0.077117 1.745939 0.187378 0.466520 -0.348150 2.905461 0.693282 0.381826 3.484450 0.186289 1.107899 0.183780 2.831874 0.049700 0.076136 3.486478 0.189103 1.144674 -0.348637 3.021050 2.896356 -7.935838 2.602349 -0.133044 -8.018896 3.021050 2.896356 -15.783838 2.602349 -0.133044 -15.866896 0.000000 0.000000 -7.848000 0.000000 0.000000 -7.848000 0.000000 0.000000 0.000000 0.000000 0.000000 0.000000 0.000000 0.000000 0.000000 0.000000 0.000000 0.000000 0.000000 0.000000 0.000000 0.000000 0.000000 0.000000 0.000000 0.000000 0.000000 0.000000 0.000000 0.000000
16.683453 1.000000 0.060185 0.006783 0.008497 0.069916 0.001246 0.020265 0.002660 0.063145 0.001390 0.004242 0.075249 0.001318 0.021871 -0.005453 1.197241 0.791124 0.403874 1.738604 0.187199 0.427019 0.191385 1.133708 -0.015585 0.069621 1.746425 0.187337 0.465590 -0.349340 2.903544 0.698473 0.388274 3.481939 0.186214 1.106180 0.188313 2.833751 0.040539 0.068640 3.486964 0.189061 1.143744 -0.349830 3.025923 2.923360 -7.924139 2.604899 -0.169554 -8.019757 3.025923 2.923360 -15.772139 2.604899 -0.169554 -15.867757 0.000000 0.000000 -7.848000 0.000000 0.000000 -7.848000 0.000000 0.000000 0.000000 0.000000 0.000000 0.000000 0.000000 0.000000 0.000000 0.000000 0.000000 0.000000 0.000000 0.000000 0.000000 0.000000 0.000000 0.000000 0.000000 0.000000 0.000000 0.000000 0.000000 0.000000
16.729503 1.000000 0.060209 0.006783 0.008509 0.069916 0.001258 0.020265 0.002660 0.063157 0.001402 0.004254 0.075249 0.001330 0.021859 -0.005453 1.191448 0.774207 0.373821 1.738337 0.187284 0.426685 0.182425 1.147231 -0.006150 0.073655 1.765685 0.187315 0.470202 -0.348545 2.897708 0.681533 0.358219 3.481664 0.186299 1.105844 0.179349 2.847255 0.049931 0.072650 3.506222 0.189039 1.148356 -0.349043 3.019174 2.815819 -7.921101 2.618282 -0.142050 -8.104857 3.019174 2.815819 -15.769101 2.618282 -0.142050 -15.952857 0.000000 0.000000 -7.848000 0.000000 0.000000 -7.848000 0.000000 0.000000 0.000000 0.000000 0.000000 0.000000 0.000000 0.000000 0.000000 0.000000 0.000000 0.000000 0.000000 0.000000 0.000000 0.000000 0.000000 0.000000 0.000000 0.000000 0.000000 0.000000 0.000000 0.000000
16.768295 1.000000 0.060209 0.006771 0.008497 0.069916 0.001258 0.020265 0.002660 0.063121 0.001390 0.004254 0.075249 0.001306 0.021859 -0.005453 1.197724 0.785119 0.390561 1.742570 0.187309 0.428255 0.184815 1.144158 -0.015364 0.066304 1.762150 0.187309 0.471951 -0.349769 2.903984 0.692487 0.374983 3.485897 0.186324 1.107414 0.181743 2.844245 0.040737 0.065321 3.502699 0.189034 1.150109 -0.350255 3.028016 2.878271 -7.941673 2.633865 -0.178451 -8.096537 3.028016 2.878271 -15.789673 2.633865 -0.178451 -15.944537 0.000000 0.000000 -7.848000 0.000000 0.000000 -7.848000 0.000000 0.000000 0.000000 0.000000 0.000000 0.000000 0.000000 0.000000 0.000000 0.000000 0.000000 0.000000 0.000000 0.000000 0.000000 0.000000 0.000000 0.000000 0.000000 0.000000 0.000000 0.000000 0.000000 0.000000
16.813937 1.000000 0.060185 0.006771 0.008497 0.069916 0.001246 0.020277 0.002649 0.063121 0.001402 0.004242 0.075237 0.001306 0.021871 -0.005453 1.211046 0.782996 0.389868 1.743566 0.187283 0.428762 0.185690 1.129236 -0.009095 0.071772 1.750789 0.187167 0.466191 -0.348284 2.917348 0.690369 0.374292 3.486900 0.186302 1.107923 0.182623 2.829326 0.047008 0.070767 3.491340 0.188891 1.144349 -0.348774 2.963049 2.870891 -7.934877 2.642665 -0.151926 -8.044854 2.963049 2.870891 -15.782877 2.642665 -0.151926 -15.892854 0.000000 0.000000 -7.848000 0.000000 0.000000 -7.848000 0.000000 0.000000 0.000000 0.000000 0.000000 0.000000 0.000000 0.000000 0.000000 0.000000 0.000000 0.000000 0.000000 0.000000 0.000000 0.000000 0.000000 0.000000 0.000000 0.000000 0.000000 0.000000 0.000000 0.000000
16.878518 1.000000 0.060209 0.006771 0.008497 0.069928 0.001246 0.020277 0.002660 0.063133 0.001402 0.004242 0.075237 0.001294 0.021871 -0.005453 1.191789 0.771487 0.385788 1.739493 0.187283 0.422806 0.186656 1.143001 -0.014169 0.064557 1.773787 0.187315 0.471639 -0.349997 2.898045 0.678855 0.370210 3.482816 0.186298 1.101963 0.183588 2.843070 0.041935 0.063553 3.514334 0.189040 1.149795 -0.350484 3.023559 2.839472 -7.921334 2.690715 -0.181935 -8.152201 3.023559 2.839472 -15.769334 2.690715 -0.181935 -16.000201 0.000000 0.000000 -7.848000 0.000000 0.000000 -7.848000 0.000000 0.000000 0.000000 0.000000 0.000000 0.000000 0.000000 0.000000 0.000000 0.000000 0.000000 0.000000 0.000000 0.000000 0.000000 0.000000 0.000000 0.000000 0.000000 0.000000 0.000000 0.000000 0.000000 0.000000
16.911268 1.000000 0.060209 0.006783 0.008497 0.069916 0.001246 0.020265 0.002649 0.063145 0.001402 0.004242 0.075237 0.001294 0.021859 -0.005453 1.197949 0.797851 0.397879 1.740186 0.187315 0.425644 0.187083 1.139578 -0.011604 0.066487 1.766589 0.187301 0.471498 -0.349536 2.904210 0.705204 0.382278 3.483513 0.186333 1.104803 0.184011 2.839627 0.044500 0.065483 3.507134 0.189026 1.149655 -0.350022 3.025216 2.921591 -7.927174 2.673542 -0.171353 -8.120791 3.025216 2.921591 -15.775174 2.673542 -0.171353 -15.968791 0.000000 0.000000 -7.848000 0.000000 0.000000 -7.848000 0.000000 0.000000 0.000000 0.000000 0.000000 0.000000 0.000000 0.000000 0.000000 0.000000 0.000000 0.000000 0.000000 0.000000 0.000000 0.000000 0.000000 0.000000 0.000000 0.000000 0.000000 0.000000 0.000000 0.000000
16.951435 1.000000 0.060185 0.006783 0.008509 0.069916 0.001258 0.020265 0.002660 0.063133 0.001402 0.004254 0.075237 0.001330 0.021859 -0.005453 1.209695 0.807042 0.397836 1.741412 0.187368 0.426232 0.188207 1.146168 -0.010073 0.067877 1.764942 0.187300 0.473744 -0.349126 2.915997 0.714368 0.382235 3.484747 0.186383 1.105394 0.185131 2.846238 0.046008 0.066872 3.505490 0.189024 1.151902 -0.349624 2.976871 2.939460 -7.923422 2.634348 -0.163933 -8.110544 2.976871 2.939460 -15.771422 2.634348 -0.163933 -15.958544 0.000000 0.000000 -7.848000 0.000000 0.000000 -7.848000 0.000000 0.000000 0.000000 0.000000 0.000000 0.000000 0.000000 0.000000 0.000000 0.000000 0.000000 0.000000 0.000000 0.000000 0.000000 0.000000 0.000000 0.000000 0.000000 0.000000 0.000000 0.000000 0.000000 0.000000
16.988672 1.000000 0.060209 0.006783 0.008521 0.069928 0.001258 0.020277 0.002660 0.063145 0.001402 0.004242 0.075237 0.001270 0.021871 -0.005453 1.214574 0.794491 0.383936 1.746063 0.187212 0.428247 0.186525 1.134474 -0.011160 0.066943 1.756496 0.187238 0.472754 -0.349405 2.920829 0.701794 0.368332 3.489385 0.186226 1.107404 0.183448 2.834521 0.044945 0.065939 3.497040 0.188963 1.150910 -0.349883 2.957047 2.881273 -7.941571 2.657614 -0.168509 -8.080500 2.957047 2.881273 -15.789571 2.657614 -0.168509 -15.928500 0.000000 0.000000 -7.848000 0.000000 0.000000 -7.848000 0.000000 0.000000 0.000000 0.000000 0.000000 0.000000 0.000000 0.000000 0.000000 0.000000 0.000000 0.000000 0.000000 0.000000 0.000000 0.000000 0.000000 0.000000 0.000000 0.000000 0.000000 0.000000 0.000000 0.000000
17.019475 1.000000 0.060209 0.006783 0.008509 0.069928 0.001246 0.020277 0.002660 0.063121 0.001402 0.004266 0.075237 0.001306 0.021859 -0.005453 1.204389 0.797186 0.390389 1.742593 0.187284 0.428962 0.186351 1.141407 0.001303 0.067910 1.756904 0.187406 0.474114 -0.349074 2.910644 0.704511 0.374787 3.485915 0.186299 1.108119 0.183279 2.841498 0.057362 0.066903 3.497456 0.189130 1.152273 -0.349565 3.002351 2.902508 -7.937392 2.618031 -0.139831 -8.077459 3.002351 2.902508 -15.785392 2.618031 -0.139831 -15.925459 0.000000 0.000000 -7.848000 0.000000 0.000000 -7.848000 0.000000 0.000000 0.000000 0.000000 0.000000 0.000000 0.000000 0.000000 0.000000 0.000000 0.000000 0.000000 0.000000 0.000000 0.000000 0.000000 0.000000 0.000000 0.000000 0.000000 0.000000 0.000000 0.000000 0.000000
17.062382 1.000000 0.060185 0.006783 0.008509 0.069916 0.001246 0.020241 0.002649 0.063133 0.001390 0.004254 0.075237 0.001306 0.021859 -0.005453 1.188563 0.784358 0.383703 1.735680 0.187300 0.425389 0.182914 1.141578 -0.010111 0.060645 1.754589 0.187360 0.475023 -0.350536 2.894868 0.691688 0.368103 3.479017 0.186319 1.104553 0.179842 2.841647 0.045991 0.059662 3.495138 0.189085 1.153181 -0.351022 3.034044 2.859530 -7.910947 2.621475 -0.180498 -8.070355 3.034044 2.859530 -15.758947 2.621475 -0.180498 -15.918355 0.000000 0.000000 -7.848000 0.000000 0.000000 -7.848000 0.000000 0.000000 0.000000 0.000000 0.000000 0.000000 0.000000 0.000000 0.000000 0.000000 0.000000 0.000000 0.000000 0.000000 0.000000 0.000000 0.000000 0.000000 0.000000 0.000000 0.000000 0.000000 0.000000 0.000000
17.094563 1.000000 0.060209 0.006795 0.008509 0.069928 0.001246 0.020277 0.002660 0.063133 0.001402 0.004254 0.075237 0.001294 0.021835 -0.005453 1.196316 0.792895 0.395566 1.740093 0.187257 0.425426 0.186719 1.123636 -0.003657 0.067968 1.750011 0.187229 0.471052 -0.348904 2.902571 0.700201 0.379942 3.483415 0.186272 1.104582 0.183643 2.823709 0.052424 0.066963 3.490562 0.188953 1.149212 -0.349391 3.028042 2.906253 -7.927293 2.677111 -0.150631 -8.056500 3.028042 2.906253 -15.775293 2.677111 -0.150631 -15.904500 0.000000 0.000000 -7.848000 0.000000 0.000000 -7.848000 0.000000 0.000000 0.000000 0.000000 0.000000 0.000000 0.000000 0.000000 0.000000 0.000000 0.000000 0.000000 0.000000 0.000000 0.000000 0.000000 0.000000 0.000000 0.000000 0.000000 0.000000 0.000000 0.000000 0.000000
17.131110 1.000000 0.060209 0.006783 0.008497 0.069904 0.001246 0.020277 0.002660 0.063133 0.001402 0.004254 0.075237 0.001294 0.021859 -0.005453 1.197896 0.794343 0.411847 1.739491 0.187273 0.425393 0.188720 1.113268 -0.008148 0.065642 1.748037 0.187266 0.472140 -0.349303 2.904159 0.701692 0.396246 3.482821 0.186288 1.104552 0.185648 2.813338 0.047934 0.064637 3.488585 0.188991 1.150298 -0.349789 3.030942 2.947441 -7.926137 2.728820 -0.166317 -8.060107 3.030942 2.947441 -15.774137 2.728820 -0.166317 -15.908107 0.000000 0.000000 -7.848000 0.000000 0.000000 -7.848000 0.000000 0.000000 0.000000 0.000000 0.000000 0.000000 0.000000 0.000000 0.000000 0.000000 0.000000 0.000000 0.000000 0.000000 0.000000 0.000000 0.000000 0.000000 0.000000 0.000000 0.000000 0.000000 0.000000 0.000000
17.165531 1.000000 0.060209 0.006771 0.008509 0.069916 0.001246 0.020253 0.002684 0.063121 0.001402 0.004242 0.075237 0.001294 0.021859 -0.005453 1.189481 0.788972 0.406068 1.737629 0.187315 0.424578 0.188673 1.124465 -0.011464 0.062898 1.750511 0.187279 0.471034 -0.349915 2.895743 0.696310 0.390488 3.480958 0.186322 1.103739 0.185603 2.824556 0.044640 0.061894 3.491063 0.189003 1.149193 -0.350401 3.057068 2.923669 -7.922418 2.683942 -0.178805 -8.059559 3.057068 2.923669 -15.770418 2.683942 -0.178805 -15.907559 0.000000 0.000000 -7.848000 0.000000 0.000000 -7.848000 0.000000 0.000000 0.000000 0.000000 0.000000 0.000000 0.000000 0.000000 0.000000 0.000000 0.000000 0.000000 0.000000 0.000000 0.000000 0.000000 0.000000 0.000000 0.000000 0.000000 0.000000 0.000000 0.000000 0.000000
17.217031 1.000000 0.060221 0.006771 0.008497 0.069916 0.001246 0.020277 0.002649 0.063109 0.001402 0.004242 0.075237 0.001318 0.021859 -0.005453 1.199653 0.773555 0.394013 1.744172 0.187299 0.427473 0.187209 1.123804 -0.007186 0.066024 1.745186 0.187302 0.466282 -0.349406 2.905892 0.680927 0.378435 3.487495 0.186318 1.106630 0.184141 2.823916 0.048917 0.065019 3.485742 0.189026 1.144442 -0.349901 3.019616 2.863536 -7.946433 2.650375 -0.161556 -8.025094 3.019616 2.863536 -15.794433 2.650375 -0.161556 -15.873094 0.000000 0.000000 -7.848000 0.000000 0.000000 -7.848000 0.000000 0.000000 0.000000 0.000000 0.000000 0.000000 0.000000 0.000000 0.000000 0.000000 0.000000 0.000000 0.000000 0.000000 0.000000 0.000000 0.000000 0.000000 0.000000 0.000000 0.000000 0.000000 0.000000 0.000000
17.254553 1.000000 0.060185 0.006771 0.008509 0.069904 0.001246 0.020277 0.002660 0.063133 0.001402 0.004242 0.075237 0.001282 0.021859 -0.005453 1.181217 0.771891 0.381769 1.736473 0.187268 0.424713 0.188140 1.129879 -0.011899 0.063023 1.747947 0.187274 0.465983 -0.349950 2.887522 0.679237 0.366190 3.479810 0.186283 1.103875 0.185071 2.829949 0.044205 0.062019 3.488496 0.188998 1.144142 -0.350433 3.066043 2.832686 -7.919694 2.635486 -0.178103 -8.032596 3.066043 2.832686 -15.767694 2.635486 -0.178103 -15.880596 0.000000 0.000000 -7.848000 0.000000 0.000000 -7.848000 0.000000 0.000000 0.000000 0.000000 0.000000 0.000000 0.000000 0.000000 0.000000 0.000000 0.000000 0.000000 0.000000 0.000000 0.000000 0.000000 0.000000 0.000000 0.000000 0.000000 0.000000 0.000000 0.000000 0.000000
17.297939 1.000000 0.060209 0.006783 0.008497 0.069916 0.001246 0.020265 0.002684 0.063121 0.001402 0.004254 0.075225 0.001294 0.021859 -0.005453 1.211596 0.783037 0.392792 1.741056 0.187333 0.429059 0.187590 1.135017 -0.009876 0.065046 1.746832 0.187279 0.464153 -0.349534 2.917856 0.690377 0.377190 3.484383 0.186340 1.108219 0.184517 2.835113 0.046205 0.064040 3.487388 0.189004 1.142313 -0.350021 2.952110 2.878059 -7.923860 2.597826 -0.168167 -8.018234 2.952110 2.878059 -15.771860 2.597826 -0.168167 -15.866234 0.000000 0.000000 -7.848000 0.000000 0.000000 -7.848000 0.000000 0.000000 0.000000 0.000000 0.000000 0.000000 0.000000 0.000000 0.000000 0.000000 0.000000 0.000000 0.000000 0.000000 0.000000 0.000000 0.000000 0.000000 0.000000 0.000000 0.000000 0.000000 0.000000 0.000000
17.341875 1.000000 0.060209 0.006783 0.008521 0.069904 0.001246 0.020265 0.002660 0.063133 0.001402 0.004254 0.075237 0.001354 0.021871 -0.005441 1.204420 0.773803 0.373998 1.745091 0.187288 0.430246 0.184681 1.140489 -0.008936 0.067113 1.749211 0.187293 0.464193 -0.346098 2.910683 0.681107 0.358395 3.488423 0.186303 1.109406 0.181608 2.840558 0.047140 0.066107 3.489758 0.189012 1.142350 -0.346604 2.988560 2.816411 -7.947528 2.577123 -0.159813 -8.023698 2.988560 2.816411 -15.795528 2.577123 -0.159813 -15.871698 0.000000 0.000000 -7.848000 0.000000 0.000000 -7.848000 0.000000 0.000000 0.000000 0.000000 0.000000 0.000000 0.000000 0.000000 0.000000 0.000000 0.000000 0.000000 0.000000 0.000000 0.000000 0.000000 0.000000 0.000000 0.000000 0.000000 0.000000 0.000000 0.000000 0.000000
17.384593 1.000000 0.060209 0.006783 0.008521 0.069916 0.001246 0.020265 0.002660 0.063145 0.001426 0.004242 0.075237 0.001306 0.021859 -0.005453 1.199817 0.781916 0.400214 1.742635 0.187261 0.428998 0.185398 1.166587 -0.010924 0.063664 1.753545 0.187351 0.469061 -0.347766 2.906076 0.689219 0.384610 3.485963 0.186275 1.108157 0.182325 2.866636 0.045140 0.062616 3.494090 0.189075 1.147218 -0.348264 3.024535 2.894442 -7.943246 2.473843 -0.170496 -8.029087 3.024535 2.894442 -15.791246 2.473843 -0.170496 -15.877087 0.000000 0.000000 -7.848000 0.000000 0.000000 -7.848000 0.000000 0.000000 0.000000 0.000000 0.000000 0.000000 0.000000 0.000000 0.000000 0.000000 0.000000 0.000000 0.000000 0.000000 0.000000 0.000000 0.000000 0.000000 0.000000 0.000000 0.000000 0.000000 0.000000 0.000000
17.438904 1.000000 0.060185 0.006771 0.008521 0.069916 0.001246 0.020265 0.002660 0.063121 0.001426 0.004254 0.075237 0.001294 0.021883 -0.005453 1.189378 0.779565 0.397266 1.737666 0.187292 0.423104 0.186816 1.155088 -0.008558 0.066331 1.768930 0.187288 0.466898 -0.347753 2.895680 0.686889 0.381686 3.481001 0.186307 1.102266 0.183747 2.855177 0.047483 0.065280 3.509479 0.189012 1.145055 -0.348248 3.042557 2.882972 -7.917861 2.593191 -0.162776 -8.107806 3.042557 2.882972 -15.765861 2.593191 -0.162776 -15.955806 0.000000 0.000000 -7.848000 0.000000 0.000000 -7.848000 0.000000 0.000000 0.000000 0.000000 0.000000 0.000000 0.000000 0.000000 0.000000 0.000000 0.000000 0.000000 0.000000 0.000000 0.000000 0.000000 0.000000 0.000000 0.000000 0.000000 0.000000 0.000000 0.000000 0.000000
17.494596 1.000000 0.060221 0.006771 0.008497 0.069904 0.001258 0.020289 0.002684 0.063133 0.001402 0.004242 0.075237 0.001330 0.021859 -0.005441 1.188157 0.780628 0.399598 1.739929 0.187363 0.421468 0.192578 1.141799 -0.013959 0.061942 1.756358 0.187398 0.462153 -0.349099 2.894398 0.687988 0.384018 3.483254 0.186370 1.100625 0.189505 2.841869 0.042141 0.060938 3.496906 0.189118 1.140311 -0.349598 3.058679 2.893381 -7.927210 2.605361 -0.184110 -8.053646 3.058679 2.893381 -15.775210 2.605361 -0.184110 -15.901646 0.000000 0.000000 -7.848000 0.000000 0.000000 -7.848000 0.000000 0.000000 0.000000 0.000000 0.000000 0.000000 0.000000 0.000000 0.000000 0.000000 0.000000 0.000000 0.000000 0.000000 0.000000 0.000000 0.000000 0.000000 0.000000 0.000000 0.000000 0.000000 0.000000 0.000000
17.539141 1.000000 0.060185 0.006783 0.008497 0.069916 0.001246 0.020265 0.002649 0.063133 0.001402 0.004254 0.075237 0.001306 0.021847 -0.005453 1.216255 0.776302 0.380633 1.745101 0.187298 0.424254 0.190829 1.140249 -0.016794 0.060866 1.750637 0.187317 0.459892 -0.352294 2.922558 0.683654 0.365033 3.488435 0.186316 1.103416 0.187758 2.840321 0.039287 0.059861 3.491187 0.189041 1.138051 -0.352785 2.924087 2.836869 -7.926890 2.587258 -0.192816 -8.024342 2.924087 2.836869 -15.774890 2.587258 -0.192816 -15.872342 0.000000 0.000000 -7.848000 0.000000 0.000000 -7.848000 0.000000 0.000000 0.000000 0.000000 0.000000 0.000000 0.000000 0.000000 0.000000 0.000000 0.000000 0.000000 0.000000 0.000000 0.000000 0.000000 0.000000 0.000000 0.000000 0.000000 0.000000 0.000000 0.000000 0.000000
17.581893 1.000000 0.060221 0.006771 0.008521 0.069916 0.001246 0.020265 0.002649 0.063133 0.001402 0.004242 0.075237 0.001330 0.021871 -0.005465 1.205946 0.798788 0.392206 1.742850 0.187318 0.424371 0.192729 1.150502 -0.016326 0.074534 1.754448 0.187296 0.461907 -0.351745 2.912184 0.706115 0.376624 3.486174 0.186336 1.103529 0.189661 2.850570 0.039781 0.073530 3.494995 0.189024 1.140064 -0.352243 2.990180 2.911919 -7.929081 2.542972 -0.159618 -8.033196 2.990180 2.911919 -15.777081 2.542972 -0.159618 -15.881196 0.000000 0.000000 -7.848000 0.000000 0.000000 -7.848000 0.000000 0.000000 0.000000 0.000000 0.000000 0.000000 0.000000 0.000000 0.000000 0.000000 0.000000 0.000000 0.000000 0.000000 0.000000 0.000000 0.000000 0.000000 0.000000 0.000000 0.000000 0.000000 0.000000 0.000000
17.621049 1.000000 0.060197 0.006771 0.008497 0.069904 0.001246 0.020277 0.002649 0.063121 0.001426 0.004242 0.075237 0.001306 0.021859 -0.005453 1.190846 0.785475 0.387538 1.737550 0.187229 0.423092 0.191731 1.138586 -0.016294 0.073324 1.748604 0.187309 0.463395 -0.351021 2.897131 0.692848 0.371960 3.480884 0.186248 1.102253 0.188664 2.838678 0.039770 0.072274 3.489156 0.189033 1.141554 -0.351520 3.031036 2.874028 -7.914421 2.582847 -0.162429 -8.020227 3.031036 2.874028 -15.762421 2.582847 -0.162429 -15.868227 0.000000 0.000000 -7.848000 0.000000 0.000000 -7.848000 0.000000 0.000000 0.000000 0.000000 0.000000 0.000000 0.000000 0.000000 0.000000 0.000000 0.000000 0.000000 0.000000 0.000000 0.000000 0.000000 0.000000 0.000000 0.000000 0.000000 0.000000 0.000000 0.000000 0.000000
17.655205 1.000000 0.060209 0.006771 0.008521 0.069916 0.001246 0.020265 0.002660 0.063109 0.001426 0.004242 0.075237 0.001318 0.021859 -0.005453 1.190295 0.785398 0.379469 1.738400 0.187312 0.423672 0.192142 1.143225 -0.013942 0.071140 1.760801 0.187354 0.466654 -0.351149 2.896555 0.692722 0.363888 3.481728 0.186327 1.102831 0.189074 2.843338 0.042121 0.070090 3.501357 0.189077 1.144814 -0.351651 3.032376 2.855742 -7.918522 2.618544 -0.164206 -8.079777 3.032376 2.855742 -15.766522 2.618544 -0.164206 -15.927777 0.000000 0.000000 -7.848000 0.000000 0.000000 -7.848000 0.000000 0.000000 0.000000 0.000000 0.000000 0.000000 0.000000 0.000000 0.000000 0.000000 0.000000 0.000000 0.000000 0.000000 0.000000 0.000000 0.000000 0.000000 0.000000 0.000000 0.000000 0.000000 0.000000 0.000000
17.687762 1.000000 0.060209 0.006759 0.008509 0.069916 0.001246 0.020265 0.002649 0.063133 0.001402 0.004242 0.075237 0.001318 0.021859 -0.005453 1.197631 0.779825 0.370202 1.742464 0.187237 0.423621 0.191724 1.153207 -0.015769 0.069112 1.764564 0.187254 0.468110 -0.353026 2.903891 0.687195 0.354646 3.485792 0.186256 1.102780 0.188660 2.853276 0.040334 0.068108 3.505113 0.188978 1.146268 -0.353520 3.001596 2.822194 -7.928747 2.588782 -0.173146 -8.091309 3.001596 2.822194 -15.776747 2.588782 -0.173146 -15.939309 0.000000 0.000000 -7.848000 0.000000 0.000000 -7.848000 0.000000 0.000000 0.000000 0.000000 0.000000 0.000000 0.000000 0.000000 0.000000 0.000000 0.000000 0.000000 0.000000 0.000000 0.000000 0.000000 0.000000 0.000000 0.000000 0.000000 0.000000 0.000000 0.000000 0.000000
17.739121 1.000000 0.060209 0.006771 0.008497 0.069916 0.001234 0.020265 0.002625 0.063133 0.001426 0.004242 0.075237 0.001306 0.021859 -0.005453 1.222305 0.806926 0.384833 1.745668 0.187327 0.425726 0.192894 1.167529 -0.015550 0.066313 1.756290 0.187292 0.468916 -0.352606 2.928566 0.714306 0.369255 3.488995 0.186354 1.104886 0.189831 2.867599 0.040514 0.065264 3.496839 0.189016 1.147074 -0.353104 2.919782 2.909667 -7.928541 2.482025 -0.176063 -8.040622 2.919782 2.909667 -15.776541 2.482025 -0.176063 -15.888622 0.000000 0.000000 -7.848000 0.000000 0.000000 -7.848000 0.000000 0.000000 0.000000 0.000000 0.000000 0.000000 0.000000 0.000000 0.000000 0.000000 0.000000 0.000000 0.000000 0.000000 0.000000 0.000000 0.000000 0.000000 0.000000 0.000000 0.000000 0.000000 0.000000 0.000000
17.809474 1.000000 0.060209 0.006771 0.008521 0.069916 0.001258 0.020277 0.002649 0.063133 0.001402 0.004254 0.075237 0.001318 0.021859 -0.005453 1.202830 0.792304 0.387670 1.741788 0.187312 0.425472 0.183899 1.142526 0.014665 0.073116 1.747985 0.187217 0.470420 -0.349861 2.909089 0.699631 0.372090 3.485115 0.186330 1.104631 0.180827 2.842596 0.070746 0.072110 3.488534 0.188941 1.148578 -0.350355 2.995093 2.884791 -7.927693 2.554518 -0.099112 -8.025622 2.995093 2.884791 -15.775693 2.554518 -0.099112 -15.873622 0.000000 0.000000 -7.848000 0.000000 0.000000 -7.848000 0.000000 0.000000 0.000000 0.000000 0.000000 0.000000 0.000000 0.000000 0.000000 0.000000 0.000000 0.000000 0.000000 0.000000 0.000000 0.000000 0.000000 0.000000 0.000000 0.000000 0.000000 0.000000 0.000000 0.000000
17.882506 1.000000 0.060209 0.006771 0.008509 0.069916 0.001246 0.020265 0.002637 0.063145 0.001426 0.004242 0.075249 0.001282 0.021859 -0.005453 1.195829 0.783516 0.388112 1.739668 0.187308 0.425080 0.186114 1.149919 -0.002981 0.063815 1.749497 0.187313 0.467207 -0.350986 2.902089 0.690869 0.372532 3.482996 0.186331 1.104239 0.183046 2.849964 0.053083 0.062766 3.490038 0.189037 1.145363 -0.351476 3.016605 2.869096 -7.923410 2.534843 -0.156311 -8.022397 3.016605 2.869096 -15.771410 2.534843 -0.156311 -15.870397 0.000000 0.000000 -7.848000 0.000000 0.000000 -7.848000 0.000000 0.000000 0.000000 0.000000 0.000000 0.000000 0.000000 0.000000 0.000000 0.000000 0.000000 0.000000 0.000000 0.000000 0.000000 0.000000 0.000000 0.000000 0.000000 0.000000 0.000000 0.000000 0.000000 0.000000
17.925419 1.000000 0.060209 0.006783 0.008497 0.069928 0.001246 0.020277 0.002649 0.063133 0.001426 0.004242 0.075249 0.001306 0.021871 -0.005441 1.193117 0.782893 0.405112 1.741848 0.187315 0.426415 0.188078 1.149469 0.016495 0.069859 1.749799 0.187374 0.465888 -0.349433 2.899373 0.690245 0.389511 3.485170 0.186334 1.105572 0.185006 2.849534 0.072555 0.068810 3.490342 0.189094 1.144043 -0.349931 3.055642 2.909338 -7.941962 2.519641 -0.101777 -8.019459 3.055642 2.909338 -15.789962 2.519641 -0.101777 -15.867459 0.000000 0.000000 -7.848000 0.000000 0.000000 -7.848000 0.000000 0.000000 0.000000 0.000000 0.000000 0.000000 0.000000 0.000000 0.000000 0.000000 0.000000 0.000000 0.000000 0.000000 0.000000 0.000000 0.000000 0.000000 0.000000 0.000000 0.000000 0.000000 0.000000 0.000000
17.967673 1.000000 0.060185 0.006771 0.008497 0.069916 0.001258 0.020277 0.002637 0.063121 0.001426 0.004242 0.075237 0.001306 0.021859 -0.005453 1.190733 0.805171 0.411480 1.740474 0.187376 0.426077 0.190231 1.122920 0.006098 0.065652 1.743195 0.187186 0.462266 -0.350204 2.897036 0.712547 0.395904 3.483807 0.186399 1.105238 0.187160 2.823011 0.062162 0.064602 3.483747 0.188910 1.140425 -0.350702 3.080134 2.970684 -7.938868 2.631422 -0.134878 -8.008433 3.080134 2.970684 -15.786868 2.631422 -0.134878 -15.856433 0.000000 0.000000 -7.848000 0.000000 0.000000 -7.848000 0.000000 0.000000 0.000000 0.000000 0.000000 0.000000 0.000000 0.000000 0.000000 0.000000 0.000000 0.000000 0.000000 0.000000 0.000000 0.000000 0.000000 0.000000 0.000000 0.000000 0.000000 0.000000 0.000000 0.000000
18.011038 1.000000 0.060209 0.006783 0.008497 0.069916 0.001246 0.020265 0.002637 0.063133 0.001426 0.004254 0.075249 0.001306 0.021859 -0.005453 1.193041 0.791625 0.402576 1.741428 0.187219 0.426301 0.189503 1.139664 0.000764 0.064342 1.750049 0.187288 0.464063 -0.350261 2.899302 0.698981 0.386976 3.484756 0.186241 1.105460 0.186432 2.839731 0.056806 0.063292 3.490593 0.189012 1.142220 -0.350759 3.057456 2.921826 -7.939561 2.581967 -0.148060 -8.028558 3.057456 2.921826 -15.787561 2.581967 -0.148060 -15.876558 0.000000 0.000000 -7.848000 0.000000 0.000000 -7.848000 0.000000 0.000000 0.000000 0.000000 0.000000 0.000000 0.000000 0.000000 0.000000 0.000000 0.000000 0.000000 0.000000 0.000000 0.000000 0.000000 0.000000 0.000000 0.000000 0.000000 0.000000 0.000000 0.000000 0.000000
18.049063 1.000000 0.060209 0.006771 0.008485 0.069904 0.001246 0.020265 0.002637 0.063145 0.001426 0.004254 0.075225 0.001306 0.021859 -0.005453 1.190532 0.790365 0.416530 1.739923 0.187179 0.423543 0.190752 1.138393 0.003955 0.067754 1.747137 0.187428 0.462227 -0.349592 2.896797 0.697764 0.400953 3.483254 0.186202 1.102703 0.187685 2.838446 0.059997 0.066704 3.487686 0.189151 1.140385 -0.350090 3.068955 2.951830 -7.932282 2.567629 -0.132947 -8.011563 3.068955 2.951830 -15.780282 2.567629 -0.132947 -15.859563 0.000000 0.000000 -7.848000 0.000000 0.000000 -7.848000 0.000000 0.000000 0.000000 0.000000 0.000000 0.000000 0.000000 0.000000 0.000000 0.000000 0.000000 0.000000 0.000000 0.000000 0.000000 0.000000 0.000000 0.000000 0.000000 0.000000 0.000000 0.000000 0.000000 0.000000
18.091353 1.000000 0.060209 0.006759 0.008497 0.069916 0.001246 0.020265 0.002625 0.063121 0.001426 0.004242 0.075237 0.001318 0.021859 -0.005453 1.187240 0.799638 0.408057 1.740080 0.187358 0.424157 0.189518 1.147072 -0.003331 0.064792 1.749363 0.187321 0.462515 -0.347244 2.893501 0.707038 0.392502 3.483407 0.186384 1.103317 0.186456 2.847163 0.052732 0.063743 3.489916 0.189045 1.140675 -0.347746 3.086647 2.951197 -7.935857 2.539431 -0.153219 -8.015076 3.086647 2.951197 -15.783857 2.539431 -0.153219 -15.863076 0.000000 0.000000 -7.848000 0.000000 0.000000 -7.848000 0.000000 0.000000 0.000000 0.000000 0.000000 0.000000 0.000000 0.000000 0.000000 0.000000 0.000000 0.000000 0.000000 0.000000 0.000000 0.000000 0.000000 0.000000 0.000000 0.000000 0.000000 0.000000 0.000000 0.000000
18.123868 1.000000 0.060197 0.006759 0.008497 0.069916 0.001246 0.020277 0.002660 0.063121 0.001426 0.004242 0.075237 0.001282 0.021859 -0.005453 1.181709 0.788632 0.392391 1.739411 0.187279 0.424514 0.187726 1.127078 -0.005737 0.065817 1.741820 0.187166 0.462357 -0.345258 2.887990 0.696020 0.376836 3.482741 0.186294 1.103673 0.184662 2.827169 0.050327 0.064768 3.482372 0.188890 1.140516 -0.345748 3.094077 2.892101 -7.935126 2.610079 -0.156094 -7.998375 3.094077 2.892101 -15.783126 2.610079 -0.156094 -15.846375 0.000000 0.000000 -7.848000 0.000000 0.000000 -7.848000 0.000000 0.000000 0.000000 0.000000 0.000000 0.000000 0.000000 0.000000 0.000000 0.000000 0.000000 0.000000 0.000000 0.000000 0.000000 0.000000 0.000000 0.000000 0.000000 0.000000 0.000000 0.000000 0.000000 0.000000
18.167833 1.000000 0.060209 0.006759 0.008509 0.069916 0.001246 0.020265 0.002637 0.063109 0.001426 0.004242 0.075237 0.001330 0.021835 -0.005453 1.195409 0.789167 0.411143 1.743975 0.187287 0.423658 0.189466 1.139505 -0.005827 0.065011 1.745366 0.187356 0.466542 -0.346484 2.901670 0.696541 0.395586 3.487302 0.186310 1.102818 0.186403 2.839620 0.050236 0.063961 3.485925 0.189080 1.144705 -0.346990 3.056700 2.936579 -7.945912 2.569837 -0.158047 -8.011237 3.056700 2.936579 -15.793912 2.569837 -0.158047 -15.859237 0.000000 0.000000 -7.848000 0.000000 0.000000 -7.848000 0.000000 0.000000 0.000000 0.000000 0.000000 0.000000 0.000000 0.000000 0.000000 0.000000 0.000000 0.000000 0.000000 0.000000 0.000000 0.000000 0.000000 0.000000 0.000000 0.000000 0.000000 0.000000 0.000000 0.000000
18.209436 1.000000 0.060209 0.006783 0.008509 0.069928 0.001258 0.020265 0.002649 0.063133 0.001426 0.004254 0.075225 0.001330 0.021859 -0.005453 1.202427 0.801860 0.420566 1.745515 0.187264 0.425261 0.189919 1.138802 -0.006927 0.065968 1.757563 0.187346 0.468738 -0.346818 2.908683 0.709189 0.404964 3.488839 0.186283 1.104418 0.186843 2.838877 0.049114 0.064917 3.498115 0.189070 1.146897 -0.347324 3.045079 2.984459 -7.951809 2.630458 -0.160186 -8.073468 3.045079 2.984459 -15.799809 2.630458 -0.160186 -15.921468 0.000000 0.000000 -7.848000 0.000000 0.000000 -7.848000 0.000000 0.000000 0.000000 0.000000 0.000000 0.000000 0.000000 0.000000 0.000000 0.000000 0.000000 0.000000 0.000000 0.000000 0.000000 0.000000 0.000000 0.000000 0.000000 0.000000 0.000000 0.000000 0.000000 0.000000
18.252980 1.000000 0.060209 0.006783 0.008533 0.069916 0.001246 0.020265 0.002649 0.063133 0.001426 0.004242 0.075237 0.001294 0.021859 -0.005441 1.185911 0.783639 0.391116 1.738568 0.187278 0.423215 0.188183 1.148151 -0.008389 0.064971 1.757976 0.187254 0.467843 -0.347483 2.892170 0.690923 0.375511 3.481895 0.186296 1.102374 0.185111 2.848222 0.047671 0.063922 3.498524 0.188974 1.146001 -0.347977 3.062294 2.878480 -7.924470 2.583949 -0.164768 -8.065010 3.062294 2.878480 -15.772470 2.583949 -0.164768 -15.913010 0.000000 0.000000 -7.848000 0.000000 0.000000 -7.848000 0.000000 0.000000 0.000000 0.000000 0.000000 0.000000 0.000000 0.000000 0.000000 0.000000 0.000000 0.000000 0.000000 0.000000 0.000000 0.000000 0.000000 0.000000 0.000000 0.000000 0.000000 0.000000 0.000000 0.000000
18.292421 1.000000 0.060209 0.006771 0.008509 0.069928 0.001246 0.020265 0.002637 0.063133 0.001426 0.004254 0.075237 0.001306 0.021859 -0.005441 1.211513 0.783032 0.392990 1.746485 0.187306 0.424320 0.191498 1.145948 -0.007502 0.066979 1.755023 0.187258 0.469611 -0.344988 2.917770 0.690385 0.377411 3.489809 0.186329 1.103478 0.188431 2.846019 0.048536 0.065928 3.495572 0.188978 1.147769 -0.345487 2.968284 2.880800 -7.940554 2.583191 -0.157167 -8.056031 2.968284 2.880800 -15.788554 2.583191 -0.157167 -15.904031 0.000000 0.000000 -7.848000 0.000000 0.000000 -7.848000 0.000000 0.000000 0.000000 0.000000 0.000000 0.000000 0.000000 0.000000 0.000000 0.000000 0.000000 0.000000 0.000000 0.000000 0.000000 0.000000 0.000000 0.000000 0.000000 0.000000 0.000000 0.000000 0.000000 0.000000
18.322227 1.000000 0.060209 0.006771 0.008509 0.069904 0.001258 0.020265 0.002649 0.063133 0.001426 0.004242 0.075237 0.001318 0.021871 -0.005453 1.196347 0.789634 0.400937 1.739313 0.187155 0.422437 0.191294 1.156716 0.000587 0.064687 1.760039 0.187277 0.470777 -0.346294 2.902611 0.696984 0.385358 3.482645 0.186174 1.101597 0.188222 2.856785 0.056651 0.063638 3.500587 0.189000 1.148934 -0.346796 3.021838 2.913216 -7.919018 2.548801 -0.146122 -8.071706 3.021838 2.913216 -15.767018 2.548801 -0.146122 -15.919706 0.000000 0.000000 -7.848000 0.000000 0.000000 -7.848000 0.000000 0.000000 0.000000 0.000000 0.000000 0.000000 0.000000 0.000000 0.000000 0.000000 0.000000 0.000000 0.000000 0.000000 0.000000 0.000000 0.000000 0.000000 0.000000 0.000000 0.000000 0.000000 0.000000 0.000000
18.370206 1.000000 0.060209 0.006771 0.008509 0.069916 0.001246 0.020277 0.002672 0.063121 0.001426 0.004254 0.075237 0.001294 0.021859 -0.005453 1.204765 0.782965 0.382391 1.746528 0.187260 0.426200 0.194311 1.141705 -0.005203 0.062784 1.754930 0.187238 0.467379 -0.350498 2.911024 0.690307 0.366811 3.489854 0.186271 1.105358 0.191242 2.841797 0.050838 0.061733 3.495482 0.188962 1.145538 -0.350992 2.998978 2.858378 -7.948557 2.603664 -0.164695 -8.056459 2.998978 2.858378 -15.796557 2.603664 -0.164695 -15.904459 0.000000 0.000000 -7.848000 0.000000 0.000000 -7.848000 0.000000 0.000000 0.000000 0.000000 0.000000 0.000000 0.000000 0.000000 0.000000 0.000000 0.000000 0.000000 0.000000 0.000000 0.000000 0.000000 0.000000 0.000000 0.000000 0.000000 0.000000 0.000000 0.000000 0.000000
18.401970 1.000000 0.060209 0.006771 0.008485 0.069916 0.001246 0.020265 0.002649 0.063133 0.001438 0.004242 0.075237 0.001318 0.021859 -0.005453 1.215322 0.775218 0.379931 1.745308 0.187270 0.425825 0.192712 1.145012 0.008598 0.066641 1.749708 0.187332 0.467289 -0.349623 2.921584 0.682613 0.364354 3.488635 0.186289 1.104985 0.189645 2.845082 0.064642 0.065570 3.490256 0.189055 1.145447 -0.350128 2.931581 2.833984 -7.931704 2.552147 -0.125978 -8.027022 2.931581 2.833984 -15.779704 2.552147 -0.125978 -15.875022 0.000000 0.000000 -7.848000 0.000000 0.000000 -7.848000 0.000000 0.000000 0.000000 0.000000 0.000000 0.000000 0.000000 0.000000 0.000000 0.000000 0.000000 0.000000 0.000000 0.000000 0.000000 0.000000 0.000000 0.000000 0.000000 0.000000 0.000000 0.000000 0.000000 0.000000
18.438789 1.000000 0.060197 0.006771 0.008497 0.069916 0.001246 0.020277 0.002613 0.063133 0.001426 0.004254 0.075237 0.001306 0.021859 -0.005453 1.200619 0.778258 0.383337 1.740479 0.187301 0.424671 0.192150 1.143412 0.000823 0.064540 1.749919 0.187216 0.466258 -0.349795 2.906900 0.685642 0.367760 3.483809 0.186331 1.103831 0.189084 2.843483 0.056864 0.063489 3.490467 0.188940 1.144416 -0.350294 2.988777 2.848925 -7.921204 2.565749 -0.147010 -8.028407 2.988777 2.848925 -15.769204 2.565749 -0.147010 -15.876407 0.000000 0.000000 -7.848000 0.000000 0.000000 -7.848000 0.000000 0.000000 0.000000 0.000000 0.000000 0.000000 0.000000 0.000000 0.000000 0.000000 0.000000 0.000000 0.000000 0.000000 0.000000 0.000000 0.000000 0.000000 0.000000 0.000000 0.000000 0.000000 0.000000 0.000000
18.482701 1.000000 0.060209 0.006783 0.008497 0.069916 0.001258 0.020265 0.002649 0.063133 0.001438 0.004242 0.075237 0.001318 0.021859 -0.005453 1.188011 0.777186 0.371831 1.722692 0.187377 0.420620 0.189467 1.137278 -0.003690 0.062080 1.746755 0.187339 0.467997 -0.350382 2.894272 0.684538 0.356230 3.466020 0.186395 1.099779 0.186392 2.837348 0.052353 0.061009 3.487303 0.189062 1.146155 -0.350888 2.958534 2.816220 -7.839748 2.591655 -0.162497 -8.023553 2.958534 2.816220 -15.687748 2.591655 -0.162497 -15.871553 0.000000 0.000000 -7.848000 0.000000 0.000000 -7.848000 0.000000 0.000000 0.000000 0.000000 0.000000 0.000000 0.000000 0.000000 0.000000 0.000000 0.000000 0.000000 0.000000 0.000000 0.000000 0.000000 0.000000 0.000000 0.000000 0.000000 0.000000 0.000000 0.000000 0.000000
18.533763 1.000000 0.060209 0.006771 0.008521 0.069904 0.001246 0.020277 0.002649 0.063121 0.001426 0.004254 0.075237 0.001318 0.021847 -0.005453 1.178179 0.779835 0.381007 1.722003 0.187297 0.420393 0.190806 1.130245 -0.008612 0.062542 1.741334 0.187213 0.468300 -0.349990 2.884441 0.687162 0.365426 3.465333 0.186316 1.099552 0.187738 2.830338 0.047429 0.061491 3.481887 0.188937 1.146460 -0.350492 3.014844 2.844950 -7.847035 2.607527 -0.171385 -8.005450 3.014844 2.844950 -15.695035 2.607527 -0.171385 -15.853450 0.000000 0.000000 -7.848000 0.000000 0.000000 -7.848000 0.000000 0.000000 0.000000 0.000000 0.000000 0.000000 0.000000 0.000000 0.000000 0.000000 0.000000 0.000000 0.000000 0.000000 0.000000 0.000000 0.000000 0.000000 0.000000 0.000000 0.000000 0.000000 0.000000 0.000000
18.565430 1.000000 0.060185 0.006747 0.008509 0.069928 0.001246 0.020277 0.002637 0.063133 0.001438 0.004254 0.075249 0.001330 0.021859 -0.005453 1.199606 0.786878 0.391627 1.734233 0.187242 0.424842 0.192656 1.159750 -0.003398 0.065202 1.766901 0.197284 0.472903 -0.351722 2.905904 0.694272 0.376094 3.477563 0.186265 1.104001 0.189596 2.859817 0.052623 0.064129 3.507445 0.199007 1.151060 -0.352232 2.978822 2.884750 -7.895249 2.569578 -0.155742 -8.105500 2.978822 2.884750 -15.743249 2.569578 -0.155742 -15.953500 0.000000 0.000000 -7.848000 0.000000 0.000000 -7.848000 0.000000 0.000000 0.000000 0.000000 0.000000 0.000000 0.000000 0.000000 0.000000 0.000000 0.000000 0.000000 0.000000 0.000000 0.000000 0.000000 0.000000 0.000000 0.000000 0.000000 0.000000 0.000000 0.000000 0.000000
18.598847 1.000000 0.060185 0.006759 0.008521 0.069904 0.001246 0.020289 0.002649 0.063121 0.001426 0.004242 0.075249 0.001318 0.021859 -0.005441 1.186977 0.780240 0.388281 1.731647 0.187246 0.424140 0.189721 1.137628 -0.003793 0.067209 1.753736 0.195436 0.466934 -0.350702 2.893280 0.687587 0.372725 3.474984 0.186265 1.103301 0.186657 2.837715 0.052267 0.066159 3.494284 0.197155 1.145091 -0.351205 3.024465 2.863543 -7.892415 2.614350 -0.151797 -8.052970 3.024465 2.863543 -15.740415 2.614350 -0.151797 -15.900970 0.000000 0.000000 -7.848000 0.000000 0.000000 -7.848000 0.000000 0.000000 0.000000 0.000000 0.000000 0.000000 0.000000 0.000000 0.000000 0.000000 0.000000 0.000000 0.000000 0.000000 0.000000 0.000000 0.000000 0.000000 0.000000 0.000000 0.000000 0.000000 0.000000 0.000000
18.636069 1.000000 0.060197 0.006759 0.008509 0.069916 0.001246 0.020265 0.002637 0.063121 0.001426 0.004254 0.075237 0.001318 0.021859 -0.005453 1.203690 0.776739 0.375449 1.740418 0.187323 0.426920 0.186992 1.146033 -0.011796 0.061832 1.755646 0.193971 0.466749 -0.351495 2.909972 0.684112 0.359893 3.483750 0.186346 1.106081 0.183929 2.846125 0.044245 0.060781 3.496198 0.195695 1.144908 -0.351997 2.969073 2.825104 -7.920626 2.587976 -0.180260 -8.055012 2.969073 2.825104 -15.768626 2.587976 -0.180260 -15.903012 0.000000 0.000000 -7.848000 0.000000 0.000000 -7.848000 0.000000 0.000000 0.000000 0.000000 0.000000 0.000000 0.000000 0.000000 0.000000 0.000000 0.000000 0.000000 0.000000 0.000000 0.000000 0.000000 0.000000 0.000000 0.000000 0.000000 0.000000 0.000000 0.000000 0.000000
18.672895 1.000000 0.060209 0.006759 0.008521 0.069916 0.001246 0.020277 0.002637 0.063121 0.001426 0.004254 0.075237 0.001270 0.021859 -0.005453 1.204989 0.777044 0.393971 1.742373 0.187233 0.427806 0.188963 1.140047 -0.011301 0.062171 1.750857 0.192745 0.464184 -0.353698 2.911248 0.684394 0.378413 3.485699 0.186256 1.106964 0.185899 2.840139 0.044741 0.061120 3.491409 0.194469 1.142343 -0.354185 2.987287 2.870141 -7.933942 2.593131 -0.179157 -8.033316 2.987287 2.870141 -15.781942 2.593131 -0.179157 -15.881316 0.000000 0.000000 -7.848000 0.000000 0.000000 -7.848000 0.000000 0.000000 0.000000 0.000000 0.000000 0.000000 0.000000 0.000000 0.000000 0.000000 0.000000 0.000000 0.000000 0.000000 0.000000 0.000000 0.000000 0.000000 0.000000 0.000000 0.000000 0.000000 0.000000 0.000000
18.711871 1.000000 0.060209 0.006771 0.008509 0.069904 0.001246 0.020265 0.002637 0.063121 0.001426 0.004254 0.075249 0.001306 0.021859 -0.005441 1.175654 0.780684 0.396393 1.727358 0.187254 0.424056 0.189786 1.146653 -0.014335 0.060170 1.751479 0.191754 0.463783 -0.353207 2.881918 0.688038 0.380814 3.470690 0.186277 1.103216 0.186719 2.846741 0.041702 0.059119 3.492027 0.193474 1.141941 -0.353706 3.070303 2.884105 -7.884183 2.564237 -0.189144 -8.029706 3.070303 2.884105 -15.732183 2.564237 -0.189144 -15.877706 0.000000 0.000000 -7.848000 0.000000 0.000000 -7.848000 0.000000 0.000000 0.000000 0.000000 0.000000 0.000000 0.000000 0.000000 0.000000 0.000000 0.000000 0.000000 0.000000 0.000000 0.000000 0.000000 0.000000 0.000000 0.000000 0.000000 0.000000 0.000000 0.000000 0.000000
18.746257 1.000000 0.060209 0.006771 0.008509 0.069904 0.001270 0.020265 0.002649 0.063145 0.001438 0.004242 0.075249 0.001318 0.021871 -0.005429 1.193628 0.777410 0.394711 1.737904 0.187319 0.427627 0.189850 1.151556 -0.008613 0.065405 1.754639 0.191003 0.467953 -0.351584 2.899892 0.684759 0.379132 3.481235 0.186338 1.106788 0.186774 2.851600 0.047423 0.064333 3.495179 0.192719 1.146107 -0.352091 3.026934 2.873658 -7.923230 2.552247 -0.164843 -8.046428 3.026934 2.873658 -15.771230 2.552247 -0.164843 -15.894428 0.000000 0.000000 -7.848000 0.000000 0.000000 -7.848000 0.000000 0.000000 0.000000 0.000000 0.000000 0.000000 0.000000 0.000000 0.000000 0.000000 0.000000 0.000000 0.000000 0.000000 0.000000 0.000000 0.000000 0.000000 0.000000 0.000000 0.000000 0.000000 0.000000 0.000000
18.783092 1.000000 0.060209 0.006759 0.008521 0.069916 0.001246 0.020277 0.002637 0.063133 0.001426 0.004242 0.075237 0.001294 0.021871 -0.005453 1.196581 0.776392 0.395797 1.741975 0.187264 0.429098 0.190446 1.137623 -0.011884 0.062860 1.746468 0.190276 0.467243 -0.351890 2.902840 0.683743 0.380239 3.485302 0.186287 1.108256 0.187382 2.837692 0.044180 0.061811 3.487015 0.191999 1.145400 -0.352384 3.032591 2.874981 -7.942649 2.591615 -0.177988 -8.020707 3.032591 2.874981 -15.790649 2.591615 -0.177988 -15.868707 0.000000 0.000000 -7.848000 0.000000 0.000000 -7.848000 0.000000 0.000000 0.000000 0.000000 0.000000 0.000000 0.000000 0.000000 0.000000 0.000000 0.000000 0.000000 0.000000 0.000000 0.000000 0.000000 0.000000 0.000000 0.000000 0.000000 0.000000 0.000000 0.000000 0.000000
18.806067 1.000000 0.060197 0.006759 0.008521 0.069904 0.001258 0.020277 0.002649 0.063133 0.001426 0.004242 0.075237 0.001318 0.021859 -0.005453 1.175338 0.770457 0.382144 1.732530 0.187316 0.425191 0.187762 1.121788 -0.018819 0.059230 1.740934 0.189826 0.464100 -0.353716 2.881622 0.677804 0.366586 3.475864 0.186335 1.104352 0.184694 2.821858 0.037244 0.058181 3.481482 0.191550 1.142258 -0.354218 3.079348 2.830451 -7.907703 2.651021 -0.202083 -8.005122 3.079348 2.830451 -15.755703 2.651021 -0.202083 -15.853122 0.000000 0.000000 -7.848000 0.000000 0.000000 -7.848000 0.000000 0.000000 0.000000 0.000000 0.000000 0.000000 0.000000 0.000000 0.000000 0.000000 0.000000 0.000000 0.000000 0.000000 0.000000 0.000000 0.000000 0.000000 0.000000 0.000000 0.000000 0.000000 0.000000 0.000000
18.829170 1.000000 0.060209 0.006783 0.008521 0.069904 0.001246 0.020265 0.002637 0.063109 0.001426 0.004254 0.075237 0.001294 0.021859 -0.005441 1.193774 0.785010 0.404128 1.738262 0.187299 0.425432 0.190991 1.119542 0.006108 0.072901 1.742407 0.189675 0.463941 -0.350535 2.900037 0.692321 0.388525 3.481593 0.186321 1.104593 0.187919 2.819655 0.062145 0.071850 3.482963 0.191395 1.142102 -0.351030 3.035721 2.911656 -7.922624 2.642756 -0.118445 -8.009570 3.035721 2.911656 -15.770624 2.642756 -0.118445 -15.857570 0.000000 0.000000 -7.848000 0.000000 0.000000 -7.848000 0.000000 0.000000 0.000000 0.000000 0.000000 0.000000 0.000000 0.000000 0.000000 0.000000 0.000000 0.000000 0.000000 0.000000 0.000000 0.000000 0.000000 0.000000 0.000000 0.000000 0.000000 0.000000 0.000000 0.000000
18.859533 1.000000 0.060221 0.006771 0.008497 0.069916 0.001246 0.020277 0.002637 0.063133 0.001438 0.004242 0.075237 0.001318 0.021859 -0.005453 1.199938 0.782783 0.403477 1.745580 0.187210 0.428773 0.189363 1.141916 -0.005301 0.062372 1.748491 0.189390 0.463269 -0.352644 2.906177 0.690159 0.387899 3.488902 0.186233 1.107930 0.186296 2.841987 0.050743 0.061300 3.489039 0.191113 1.141427 -0.353150 3.039870 2.905835 -7.957337 2.567539 -0.165403 -8.018292 3.039870 2.905835 -15.805337 2.567539 -0.165403 -15.866292 0.000000 0.000000 -7.848000 0.000000 0.000000 -7.848000 0.000000 0.000000 0.000000 0.000000 0.000000 0.000000 0.000000 0.000000 0.000000 0.000000 0.000000 0.000000 0.000000 0.000000 0.000000 0.000000 0.000000 0.000000 0.000000 0.000000 0.000000 0.000000 0.000000 0.000000
18.900610 1.000000 0.060185 0.006771 0.008509 0.069916 0.001246 0.020277 0.002637 0.063157 0.001426 0.004254 0.075237 0.001342 0.021871 -0.005441 1.188008 0.778709 0.397580 1.740086 0.187307 0.426673 0.191362 1.158378 -0.005868 0.065170 1.750349 0.188860 0.463577 -0.351213 2.894310 0.686063 0.382002 3.483420 0.186330 1.105833 0.188295 2.858405 0.050170 0.064120 3.490888 0.190579 1.141731 -0.351723 3.067182 2.884855 -7.937425 2.488604 -0.158007 -8.011140 3.067182 2.884855 -15.785425 2.488604 -0.158007 -15.859140 0.000000 0.000000 -7.848000 0.000000 0.000000 -7.848000 0.000000 0.000000 0.000000 0.000000 0.000000 0.000000 0.000000 0.000000 0.000000 0.000000 0.000000 0.000000 0.000000 0.000000 0.000000 0.000000 0.000000 0.000000 0.000000 0.000000 0.000000 0.000000 0.000000 0.000000
18.935749 1.000000 0.060209 0.006759 0.008497 0.069916 0.001246 0.020265 0.002649 0.063145 0.001426 0.004254 0.075237 0.001330 0.021859 -0.005441 1.194322 0.773092 0.393659 1.743516 0.187330 0.425464 0.190653 1.169177 -0.013391 0.060904 1.749491 0.199548 0.466052 -0.351646 2.900583 0.680484 0.378104 3.486844 0.186349 1.104624 0.187589 2.869226 0.042646 0.059854 3.490036 0.201267 1.144208 -0.352152 3.040622 2.863485 -7.944480 2.441459 -0.182107 -8.002664 3.040622 2.863485 -15.792480 2.441459 -0.182107 -15.850664 0.000000 0.000000 -7.848000 0.000000 0.000000 -7.848000 0.000000 0.000000 0.000000 0.000000 0.000000 0.000000 0.000000 0.000000 0.000000 0.000000 0.000000 0.000000 0.000000 0.000000 0.000000 0.000000 0.000000 0.000000 0.000000 0.000000 0.000000 0.000000 0.000000 0.000000
18.974897 1.000000 0.060209 0.006759 0.008509 0.069916 0.001246 0.020265 0.002637 0.063133 0.001426 0.004254 0.075261 0.001270 0.021859 -0.005453 1.191764 0.782104 0.401228 1.742144 0.187315 0.425532 0.192390 1.137073 -0.004443 0.069179 1.744282 0.197124 0.466533 -0.349737 2.898024 0.689477 0.385671 3.485471 0.186338 1.104691 0.189327 2.837136 0.051599 0.068129 3.484823 0.198848 1.144689 -0.350224 3.059490 2.900466 -7.942309 2.573745 -0.146751 -8.007835 3.059490 2.900466 -15.790309 2.573745 -0.146751 -15.855835 0.000000 0.000000 -7.848000 0.000000 0.000000 -7.848000 0.000000 0.000000 0.000000 0.000000 0.000000 0.000000 0.000000 0.000000 0.000000 0.000000 0.000000 0.000000 0.000000 0.000000 0.000000 0.000000 0.000000 0.000000 0.000000 0.000000 0.000000 0.000000 0.000000 0.000000
19.015071 1.000000 0.060197 0.006759 0.008509 0.069904 0.001246 0.020277 0.002649 0.063133 0.001426 0.004242 0.075237 0.001282 0.021871 -0.005441 1.185391 0.780077 0.401153 1.738139 0.187254 0.424365 0.195361 1.168974 -0.013493 0.060425 1.750109 0.195154 0.467264 -0.351424 2.891675 0.687446 0.385597 3.481473 0.186273 1.103526 0.192297 2.869043 0.042567 0.059376 3.490656 0.196874 1.145421 -0.351915 3.072006 2.897229 -7.927258 2.447961 -0.183671 -8.008164 3.072006 2.897229 -15.775258 2.447961 -0.183671 -15.856164 0.000000 0.000000 -7.848000 0.000000 0.000000 -7.848000 0.000000 0.000000 0.000000 0.000000 0.000000 0.000000 0.000000 0.000000 0.000000 0.000000 0.000000 0.000000 0.000000 0.000000 0.000000 0.000000 0.000000 0.000000 0.000000 0.000000 0.000000 0.000000 0.000000 0.000000
19.050693 1.000000 0.060185 0.006771 0.008521 0.069916 0.001246 0.020277 0.002649 0.063109 0.001438 0.004242 0.075237 0.001294 0.021859 -0.005453 1.204572 0.781058 0.412868 1.743278 0.187245 0.426751 0.194929 1.142358 -0.012138 0.073770 1.738930 0.193808 0.465043 -0.350824 2.910873 0.688385 0.397289 3.486612 0.186264 1.105911 0.191861 2.842471 0.043905 0.072698 3.479486 0.195532 1.143203 -0.351323 3.009529 2.925094 -7.940396 2.521362 -0.150855 -7.973869 3.009529 2.925094 -15.788396 2.521362 -0.150855 -15.821869 0.000000 0.000000 -7.848000 0.000000 0.000000 -7.848000 0.000000 0.000000 0.000000 0.000000 0.000000 0.000000 0.000000 0.000000 0.000000 0.000000 0.000000 0.000000 0.000000 0.000000 0.000000 0.000000 0.000000 0.000000 0.000000 0.000000 0.000000 0.000000 0.000000 0.000000
19.101503 1.000000 0.060209 0.006783 0.008521 0.069916 0.001246 0.020277 0.002637 0.063133 0.001426 0.004242 0.075225 0.001318 0.021871 -0.005453 1.200914 0.784252 0.412050 1.741864 0.187255 0.426416 0.194651 1.155828 -0.012188 0.070169 1.747774 0.192166 0.466436 -0.350893 2.907173 0.691563 0.396447 3.485190 0.186277 1.105574 0.191580 2.855900 0.043875 0.069120 3.488325 0.193890 1.144594 -0.351395 3.022638 2.929918 -7.936470 2.495565 -0.159352 -8.006003 3.022638 2.929918 -15.784470 2.495565 -0.159352 -15.854003 0.000000 0.000000 -7.848000 0.000000 0.000000 -7.848000 0.000000 0.000000 0.000000 0.000000 0.000000 0.000000 0.000000 0.000000 0.000000 0.000000 0.000000 0.000000 0.000000 0.000000 0.000000 0.000000 0.000000 0.000000 0.000000 0.000000 0.000000 0.000000 0.000000 0.000000
19.146510 1.000000 0.060209 0.006771 0.008497 0.069928 0.001234 0.020265 0.002637 0.063133 0.001450 0.004242 0.075237 0.001330 0.021871 -0.005453 1.184268 0.773186 0.399215 1.736763 0.187359 0.421525 0.191941 1.127190 -0.005022 0.075546 1.743580 0.191081 0.467621 -0.349167 2.890526 0.680562 0.383637 3.480087 0.186382 1.100683 0.188878 2.827260 0.051001 0.074452 3.484127 0.192804 1.145778 -0.349681 3.060252 2.876723 -7.915878 2.618941 -0.134025 -8.014681 3.060252 2.876723 -15.763878 2.618941 -0.134025 -15.862681 0.000000 0.000000 -7.848000 0.000000 0.000000 -7.848000 0.000000 0.000000 0.000000 0.000000 0.000000 0.000000 0.000000 0.000000 0.000000 0.000000 0.000000 0.000000 0.000000 0.000000 0.000000 0.000000 0.000000 0.000000 0.000000 0.000000 0.000000 0.000000 0.000000 0.000000
19.181639 1.000000 0.060209 0.006759 0.008497 0.069916 0.001258 0.020265 0.002637 0.063121 0.001450 0.004242 0.075237 0.001306 0.021847 -0.005441 1.197749 0.777449 0.403728 1.743913 0.187269 0.424986 0.195443 1.135258 0.002076 0.070957 1.743471 0.190397 0.465526 -0.349776 2.904010 0.684844 0.388172 3.487241 0.186292 1.104145 0.192376 2.835351 0.058096 0.069863 3.484024 0.192117 1.143686 -0.350283 3.034868 2.897345 -7.944504 2.572585 -0.129289 -8.002994 3.034868 2.897345 -15.792504 2.572585 -0.129289 -15.850994 0.000000 0.000000 -7.848000 0.000000 0.000000 -7.848000 0.000000 0.000000 0.000000 0.000000 0.000000 0.000000 0.000000 0.000000 0.000000 0.000000 0.000000 0.000000 0.000000 0.000000 0.000000 0.000000 0.000000 0.000000 0.000000 0.000000 0.000000 0.000000 0.000000 0.000000
19.224285 1.000000 0.060209 0.006759 0.008497 0.069916 0.001246 0.020265 0.002637 0.063133 0.001450 0.004266 0.075237 0.001318 0.021859 -0.005453 1.196202 0.775469 0.402421 1.742588 0.187314 0.425130 0.194716 1.144666 0.003289 0.072597 1.763207 0.189723 0.466923 -0.349237 2.902464 0.682865 0.386866 3.485916 0.186337 1.104289 0.191652 2.844738 0.059268 0.071500 3.503755 0.191446 1.145081 -0.349747 3.035025 2.889879 -7.939693 2.610283 -0.124625 -8.089117 3.035025 2.889879 -15.787693 2.610283 -0.124625 -15.937117 0.000000 0.000000 -7.848000 0.000000 0.000000 -7.848000 0.000000 0.000000 0.000000 0.000000 0.000000 0.000000 0.000000 0.000000 0.000000 0.000000 0.000000 0.000000 0.000000 0.000000 0.000000 0.000000 0.000000 0.000000 0.000000 0.000000 0.000000 0.000000 0.000000 0.000000
19.256054 1.000000 0.060209 0.006771 0.008497 0.069916 0.001246 0.020265 0.002637 0.063145 0.001438 0.004254 0.075237 0.001318 0.021871 -0.005453 1.188645 0.785660 0.408181 1.737078 0.187326 0.423223 0.193472 1.148221 -0.000721 0.071262 1.764908 0.189310 0.467478 -0.349150 2.894906 0.693036 0.392604 3.480406 0.186349 1.102383 0.190405 2.848270 0.055300 0.070189 3.505451 0.191033 1.145634 -0.349656 3.056806 2.923459 -7.918589 2.603673 -0.135968 -8.095282 3.056806 2.923459 -15.766589 2.603673 -0.135968 -15.943282 0.000000 0.000000 -7.848000 0.000000 0.000000 -7.848000 0.000000 0.000000 0.000000 0.000000 0.000000 0.000000 0.000000 0.000000 0.000000 0.000000 0.000000 0.000000 0.000000 0.000000 0.000000 0.000000 0.000000 0.000000 0.000000 0.000000 0.000000 0.000000 0.000000 0.000000
19.299541 1.000000 0.060209 0.006759 0.008521 0.069916 0.001246 0.020277 0.002637 0.063109 0.001438 0.004242 0.075237 0.001294 0.021847 -0.005453 1.203816 0.778024 0.402411 1.745543 0.187285 0.427023 0.189910 1.151388 -0.009168 0.063499 1.750683 0.188936 0.460971 -0.350782 2.910075 0.685375 0.386853 3.488870 0.186308 1.106181 0.186847 2.851502 0.046876 0.062427 3.491240 0.190660 1.139133 -0.351280 3.013022 2.893054 -7.949999 2.525036 -0.169065 -8.014796 3.013022 2.893054 -15.797999 2.525036 -0.169065 -15.862796 0.000000 0.000000 -7.848000 0.000000 0.000000 -7.848000 0.000000 0.000000 0.000000 0.000000 0.000000 0.000000 0.000000 0.000000 0.000000 0.000000 0.000000 0.000000 0.000000 0.000000 0.000000 0.000000 0.000000 0.000000 0.000000 0.000000 0.000000 0.000000 0.000000 0.000000
19.340675 1.000000 0.060197 0.006759 0.008497 0.069916 0.001246 0.020277 0.002649 0.063145 0.001450 0.004254 0.075237 0.001342 0.021871 -0.005453 1.204852 0.772443 0.397101 1.743193 0.187245 0.426626 0.189567 1.150512 -0.010083 0.065159 1.767137 0.188536 0.467203 -0.350047 2.911133 0.679835 0.381547 3.486523 0.186264 1.105786 0.186503 2.850561 0.045918 0.064064 3.507680 0.190259 1.145359 -0.350565 2.989206 2.868178 -7.936116 2.611603 -0.169609 -8.104854 2.989206 2.868178 -15.784116 2.611603 -0.169609 -15.952854 0.000000 0.000000 -7.848000 0.000000 0.000000 -7.848000 0.000000 0.000000 0.000000 0.000000 0.000000 0.000000 0.000000 0.000000 0.000000 0.000000 0.000000 0.000000 0.000000 0.000000 0.000000 0.000000 0.000000 0.000000 0.000000 0.000000 0.000000 0.000000 0.000000 0.000000
19.388561 1.000000 0.060209 0.006783 0.008533 0.069904 0.001246 0.020265 0.002637 0.063133 0.001450 0.004254 0.075237 0.001330 0.021871 -0.005441 1.223314 0.785977 0.406692 1.739360 0.187348 0.421756 0.191882 1.147307 -0.005683 0.069063 1.760465 0.188205 0.464503 -0.351976 2.929576 0.693265 0.391087 3.482691 0.186371 1.100917 0.188810 2.847377 0.050314 0.067968 3.501012 0.189925 1.142660 -0.352490 2.883907 2.915428 -7.894222 2.588759 -0.151508 -8.070350 2.883907 2.915428 -15.742222 2.588759 -0.151508 -15.918350 0.000000 0.000000 -7.848000 0.000000 0.000000 -7.848000 0.000000 0.000000 0.000000 0.000000 0.000000 0.000000 0.000000 0.000000 0.000000 0.000000 0.000000 0.000000 0.000000 0.000000 0.000000 0.000000 0.000000 0.000000 0.000000 0.000000 0.000000 0.000000 0.000000 0.000000
19.422406 1.000000 0.060209 0.006759 0.008497 0.069928 0.001246 0.020265 0.002613 0.063121 0.001426 0.004242 0.075237 0.001318 0.021859 -0.005441 1.203372 0.775089 0.397554 1.740536 0.187227 0.423562 0.190258 1.148707 -0.012857 0.062924 1.767693 0.188106 0.466108 -0.352774 2.909630 0.682492 0.381999 3.483860 0.186257 1.102720 0.187196 2.848798 0.043202 0.061874 3.508245 0.189825 1.144267 -0.353277 2.981487 2.874176 -7.919512 2.625445 -0.182009 -8.107769 2.981487 2.874176 -15.767512 2.625445 -0.182009 -15.955769 0.000000 0.000000 -7.848000 0.000000 0.000000 -7.848000 0.000000 0.000000 0.000000 0.000000 0.000000 0.000000 0.000000 0.000000 0.000000 0.000000 0.000000 0.000000 0.000000 0.000000 0.000000 0.000000 0.000000 0.000000 0.000000 0.000000 0.000000 0.000000 0.000000 0.000000
19.466046 1.000000 0.060185 0.006759 0.008509 0.069928 0.001246 0.020277 0.002660 0.063121 0.001438 0.004266 0.075237 0.001330 0.021847 -0.005453 1.194100 0.775650 0.411438 1.738655 0.187341 0.423741 0.191205 1.144046 -0.007871 0.068648 1.761711 0.187825 0.468022 -0.350894 2.900397 0.683016 0.395882 3.481985 0.186356 1.102900 0.188141 2.844140 0.048127 0.067573 3.502265 0.189549 1.146183 -0.351404 3.032932 2.909158 -7.922259 2.619090 -0.157344 -8.086169 3.032932 2.909158 -15.770259 2.619090 -0.157344 -15.934169 0.000000 0.000000 -7.848000 0.000000 0.000000 -7.848000 0.000000 0.000000 0.000000 0.000000 0.000000 0.000000 0.000000 0.000000 0.000000 0.000000 0.000000 0.000000 0.000000 0.000000 0.000000 0.000000 0.000000 0.000000 0.000000 0.000000 0.000000 0.000000 0.000000 0.000000
19.508909 1.000000 0.060209 0.006759 0.008497 0.069916 0.001270 0.020277 0.002637 0.063109 0.001450 0.004266 0.075237 0.001318 0.021859 -0.005453 1.204666 0.795437 0.412552 1.743024 0.187370 0.425750 0.191824 1.140161 -0.008403 0.067826 1.758341 0.187798 0.470534 -0.350633 2.910926 0.702832 0.396996 3.486351 0.186392 1.104908 0.188753 2.840275 0.047576 0.066728 3.498897 0.189521 1.148694 -0.351143 3.013771 2.952218 -7.937486 2.630160 -0.160241 -8.079054 3.013771 2.952218 -15.785486 2.630160 -0.160241 -15.927054 0.000000 0.000000 -7.848000 0.000000 0.000000 -7.848000 0.000000 0.000000 0.000000 0.000000 0.000000 0.000000 0.000000 0.000000 0.000000 0.000000 0.000000 0.000000 0.000000 0.000000 0.000000 0.000000 0.000000 0.000000 0.000000 0.000000 0.000000 0.000000 0.000000 0.000000
19.536873 1.000000 0.060209 0.006747 0.008497 0.069916 0.001246 0.020277 0.002649 0.063109 0.001450 0.004254 0.075249 0.001294 0.021859 -0.005441 1.199124 0.782164 0.403936 1.742131 0.187233 0.425640 0.190860 1.134596 -0.013214 0.063439 1.753451 0.187651 0.467742 -0.353037 2.905384 0.689576 0.388403 3.485457 0.186252 1.104798 0.187800 2.834706 0.042783 0.062343 3.494003 0.189371 1.145901 -0.353540 3.023544 2.905024 -7.936221 2.639288 -0.180992 -8.057404 3.023544 2.905024 -15.784221 2.639288 -0.180992 -15.905404 0.000000 0.000000 -7.848000 0.000000 0.000000 -7.848000 0.000000 0.000000 0.000000 0.000000 0.000000 0.000000 0.000000 0.000000 0.000000 0.000000 0.000000 0.000000 0.000000 0.000000 0.000000 0.000000 0.000000 0.000000 0.000000 0.000000 0.000000 0.000000 0.000000 0.000000
19.593307 1.000000 0.060209 0.006759 0.008497 0.069916 0.001246 0.020265 0.002637 0.063133 0.001438 0.004242 0.075237 0.001306 0.021859 -0.005453 1.198327 0.788394 0.408160 1.741708 0.187285 0.425739 0.192323 1.145788 -0.011897 0.064436 1.756094 0.187556 0.472503 -0.351932 2.904589 0.695790 0.392605 3.485036 0.186308 1.104899 0.189260 2.845859 0.044147 0.063365 3.496643 0.189280 1.150661 -0.352434 3.033177 2.928368 -7.936129 2.599675 -0.175200 -8.067827 3.033177 2.928368 -15.784129 2.599675 -0.175200 -15.915827 0.000000 0.000000 -7.848000 0.000000 0.000000 -7.848000 0.000000 0.000000 0.000000 0.000000 0.000000 0.000000 0.000000 0.000000 0.000000 0.000000 0.000000 0.000000 0.000000 0.000000 0.000000 0.000000 0.000000 0.000000 0.000000 0.000000 0.000000 0.000000 0.000000 0.000000
19.627662 1.000000 0.060221 0.006759 0.008509 0.069916 0.001234 0.020265 0.002649 0.063109 0.001438 0.004242 0.075237 0.001318 0.021859 -0.005441 1.196303 0.782664 0.403244 1.741601 0.187199 0.426006 0.191709 1.139822 -0.014124 0.062429 1.749625 0.187532 0.468302 -0.351919 2.902542 0.690033 0.387687 3.484925 0.186218 1.105164 0.188649 2.839935 0.041915 0.061356 3.490181 0.189251 1.146462 -0.352425 3.036258 2.905298 -7.936929 2.597781 -0.183805 -8.035584 3.036258 2.905298 -15.784929 2.597781 -0.183805 -15.883584 0.000000 0.000000 -7.848000 0.000000 0.000000 -7.848000 0.000000 0.000000 0.000000 0.000000 0.000000 0.000000 0.000000 0.000000 0.000000 0.000000 0.000000 0.000000 0.000000 0.000000 0.000000 0.000000 0.000000 0.000000 0.000000 0.000000 0.000000 0.000000 0.000000 0.000000
19.660953 1.000000 0.060209 0.006759 0.008533 0.069916 0.001246 0.020277 0.002637 0.063121 0.001438 0.004254 0.075237 0.001330 0.021859 -0.005441 1.199689 0.787049 0.409973 1.744512 0.187211 0.427574 0.193641 1.142787 -0.012973 0.063929 1.749557 0.187490 0.466969 -0.351306 2.905947 0.694377 0.394413 3.487838 0.186234 1.106732 0.190577 2.842879 0.043044 0.062856 3.490110 0.189209 1.145128 -0.351816 3.042670 2.931237 -7.951851 2.577583 -0.177236 -8.029465 3.042670 2.931237 -15.799851 2.577583 -0.177236 -15.877465 0.000000 0.000000 -7.848000 0.000000 0.000000 -7.848000 0.000000 0.000000 0.000000 0.000000 0.000000 0.000000 0.000000 0.000000 0.000000 0.000000 0.000000 0.000000 0.000000 0.000000 0.000000 0.000000 0.000000 0.000000 0.000000 0.000000 0.000000 0.000000 0.000000 0.000000
19.693724 1.000000 0.060209 0.006759 0.008521 0.069916 0.001246 0.020265 0.002637 0.063133 0.001438 0.004242 0.075237 0.001330 0.021859 -0.005441 1.194113 0.772151 0.382242 1.742634 0.187405 0.424620 0.189520 1.128647 -0.011286 0.065914 1.747770 0.187500 0.468339 -0.350504 2.900373 0.679501 0.366684 3.485962 0.186428 1.103779 0.186457 2.828718 0.044754 0.064843 3.488318 0.189219 1.146497 -0.351014 3.026769 2.834347 -7.936708 2.642747 -0.170346 -8.036829 3.026769 2.834347 -15.784708 2.642747 -0.170346 -15.884829 0.000000 0.000000 -7.848000 0.000000 0.000000 -7.848000 0.000000 0.000000 0.000000 0.000000 0.000000 0.000000 0.000000 0.000000 0.000000 0.000000 0.000000 0.000000 0.000000 0.000000 0.000000 0.000000 0.000000 0.000000 0.000000 0.000000 0.000000 0.000000 0.000000 0.000000
19.739060 1.000000 0.060209 0.006759 0.008509 0.069916 0.001258 0.020265 0.002637 0.063109 0.001450 0.004254 0.075237 0.001330 0.021859 -0.005441 1.208363 0.808685 0.416909 1.739491 0.187446 0.424118 0.193724 1.125079 -0.008559 0.081068 1.744029 0.187470 0.464876 -0.350171 2.914624 0.716058 0.401352 3.482818 0.186468 1.103277 0.190657 2.825193 0.047438 0.079971 3.484585 0.189189 1.143037 -0.350686 2.987818 2.988850 -7.915741 2.624671 -0.128969 -8.012458 2.987818 2.988850 -15.763741 2.624671 -0.128969 -15.860458 0.000000 0.000000 -7.848000 0.000000 0.000000 -7.848000 0.000000 0.000000 0.000000 0.000000 0.000000 0.000000 0.000000 0.000000 0.000000 0.000000 0.000000 0.000000 0.000000 0.000000 0.000000 0.000000 0.000000 0.000000 0.000000 0.000000 0.000000 0.000000 0.000000 0.000000
19.771514 1.000000 0.060209 0.006759 0.008509 0.069904 0.001246 0.020265 0.002637 0.063109 0.001450 0.004254 0.075237 0.001282 0.021859 -0.005441 1.197477 0.780922 0.387863 1.739336 0.187288 0.424317 0.190642 1.140674 -0.016688 0.074616 1.761532 0.187287 0.466697 -0.350554 2.903742 0.688295 0.372307 3.482668 0.186311 1.103478 0.187579 2.840788 0.039309 0.073520 3.502088 0.189006 1.144857 -0.351053 3.004161 2.864522 -7.918949 2.633644 -0.161668 -8.085074 3.004161 2.864522 -15.766949 2.633644 -0.161668 -15.933074 0.000000 0.000000 -7.848000 0.000000 0.000000 -7.848000 0.000000 0.000000 0.000000 0.000000 0.000000 0.000000 0.000000 0.000000 0.000000 0.000000 0.000000 0.000000 0.000000 0.000000 0.000000 0.000000 0.000000 0.000000 0.000000 0.000000 0.000000 0.000000 0.000000 0.000000
19.813888 1.000000 0.060221 0.006759 0.008509 0.069904 0.001258 0.020265 0.002649 0.063121 0.001450 0.004242 0.075249 0.001318 0.021859 -0.005453 1.195630 0.786449 0.382126 1.724658 0.187257 0.424110 0.192152 1.148948 -0.023386 0.065530 1.762258 0.187561 0.471010 -0.351951 2.901873 0.693818 0.366569 3.467986 0.186275 1.103270 0.189084 2.849036 0.032638 0.064435 3.502806 0.189284 1.149168 -0.352461 2.948107 2.859916 -7.850925 2.613347 -0.196556 -8.091223 2.948107 2.859916 -15.698925 2.613347 -0.196556 -15.939223 0.000000 0.000000 -7.848000 0.000000 0.000000 -7.848000 0.000000 0.000000 0.000000 0.000000 0.000000 0.000000 0.000000 0.000000 0.000000 0.000000 0.000000 0.000000 0.000000 0.000000 0.000000 0.000000 0.000000 0.000000 0.000000 0.000000 0.000000 0.000000 0.000000 0.000000
19.838998 1.000000 0.060185 0.006759 0.008509 0.069916 0.001246 0.020277 0.002637 0.063133 0.001438 0.004254 0.075249 0.001318 0.021871 -0.005441 1.198336 0.792946 0.388832 1.727579 0.187303 0.424793 0.192795 1.124709 0.001081 0.076087 1.753961 0.187461 0.469427 -0.351152 2.904638 0.700320 0.373277 3.470913 0.186326 1.103954 0.189732 2.824775 0.057099 0.075013 3.494505 0.189180 1.147582 -0.351658 2.957667 2.889462 -7.864825 2.676715 -0.123074 -8.069164 2.957667 2.889462 -15.712825 2.676715 -0.123074 -15.917164 0.000000 0.000000 -7.848000 0.000000 0.000000 -7.848000 0.000000 0.000000 0.000000 0.000000 0.000000 0.000000 0.000000 0.000000 0.000000 0.000000 0.000000 0.000000 0.000000 0.000000 0.000000 0.000000 0.000000 0.000000 0.000000 0.000000 0.000000 0.000000 0.000000 0.000000
19.884883 1.000000 0.060209 0.006759 0.008497 0.069916 0.001246 0.020277 0.002637 0.063133 0.001426 0.004242 0.075237 0.001342 0.021859 -0.005453 1.191945 0.802454 0.389994 1.730455 0.187307 0.422391 0.192477 1.132971 -0.009116 0.068190 1.750608 0.187478 0.466285 -0.351919 2.898205 0.709849 0.374439 3.473782 0.186330 1.101550 0.189414 2.833041 0.046947 0.067141 3.491157 0.189202 1.144443 -0.352428 3.005145 2.912906 -7.880049 2.626056 -0.161101 -8.041540 3.005145 2.912906 -15.728049 2.626056 -0.161101 -15.889540 0.000000 0.000000 -7.848000 0.000000 0.000000 -7.848000 0.000000 0.000000 0.000000 0.000000 0.000000 0.000000 0.000000 0.000000 0.000000 0.000000 0.000000 0.000000 0.000000 0.000000 0.000000 0.000000 0.000000 0.000000 0.000000 0.000000 0.000000 0.000000 0.000000 0.000000
19.941269 1.000000 0.060185 0.006771 0.008497 0.069880 0.001246 0.020265 0.002649 0.063145 0.001438 0.004242 0.075237 0.001294 0.021859 -0.005441 1.183063 0.795278 0.392848 1.729580 0.187282 0.422150 0.196336 1.151246 -0.014432 0.062595 1.773059 0.187197 0.466540 -0.355763 2.889377 0.702651 0.377271 3.472927 0.186300 1.101315 0.193269 2.851295 0.041609 0.061524 3.513604 0.188917 1.144697 -0.356262 3.045378 2.907588 -7.883879 2.637918 -0.187666 -8.131732 3.045378 2.907588 -15.731879 2.637918 -0.187666 -15.979732 0.000000 0.000000 -7.848000 0.000000 0.000000 -7.848000 0.000000 0.000000 0.000000 0.000000 0.000000 0.000000 0.000000 0.000000 0.000000 0.000000 0.000000 0.000000 0.000000 0.000000 0.000000 0.000000 0.000000 0.000000 0.000000 0.000000 0.000000 0.000000 0.000000 0.000000
19.993229 1.000000 0.060209 0.006771 0.008509 0.069904 0.001246 0.020265 0.002649 0.063133 0.001462 0.004242 0.075237 0.001306 0.021871 -0.005453 1.199809 0.800913 0.401976 1.737408 0.187369 0.425093 0.196529 1.143930 -0.008670 0.066943 1.764905 0.187393 0.464448 -0.350165 2.906073 0.708263 0.386396 3.480740 0.186387 1.104254 0.193461 2.844000 0.047334 0.065826 3.505452 0.189116 1.142604 -0.350674 3.008867 2.940235 -7.912691 2.628711 -0.162832 -8.094931 3.008867 2.940235 -15.760691 2.628711 -0.162832 -15.942931 0.000000 0.000000 -7.848000 0.000000 0.000000 -7.848000 0.000000 0.000000 0.000000 0.000000 0.000000 0.000000 0.000000 0.000000 0.000000 0.000000 0.000000 0.000000 0.000000 0.000000 0.000000 0.000000 0.000000 0.000000 0.000000 0.000000 0.000000 0.000000 0.000000 0.000000
# 记录总帧数: 475
