# DIFR双臂协作搬运实验数据（力传感器版本，公式41 QP）
# 方法: DIFR (Dynamic Internal Force Regulation)
# 力传感器: 共享内存 6_axis_force_shm
# 时间: 2026-09-11 19:03:18.220536
# 阶段: MOVE=10.0s, GRASP=15.0s, TEST=15.0s
# QP参数: F_0=5.5, F_min=2.0, F_max=10.0, mu=0.3, m_object=1.0
# actuation_mode: ik
# action_offset_unit: m_total_closure
# ik_max_displacement_per_hand_m: 0.015
# 列: time phase(0=MOVE,1=GRASP,2=TEST) left_q(7) right_q(7) left_gmo_F(3) right_gmo_F(3) force_left_normal F_I_est(内力估计,N) F_E_corrected(TEST切向碰撞力,N) F_E_sensor_raw(N) F_I_des(期望内力) delta(滑动位移) action_offset(执行偏移) fc(摩擦锥裕度) difr_active force_left_6dof(6) actual_total_closure(m) closure_limit(m) left_joint_tracking_rmse(rad) right_joint_tracking_rmse(rad) sent_target_total_closure(m)
#================================================================================
0.001259 0.000000 0.089510 0.151085 -0.126254 1.083110 1.005213 -0.478278 -0.055823 0.210551 -0.014884 0.118896 0.984444 -0.980585 -1.064846 0.045564 0.029788 0.003911 0.151530 -0.112344 -0.125196 0.200041 0.027768 0.027768 0.000000 0.010647 5.500000 0.000000 0.000000 0.000000 0.000000 -0.010647 0.002190 -0.027768 0.000031 0.000416 0.000094 nan 0.030000 0.000046 0.000174 nan
0.023347 0.000000 0.089522 0.151061 -0.126278 1.083122 1.005225 -0.478242 -0.055823 0.210527 -0.014884 0.118896 0.984432 -0.980609 -1.064834 0.045564 0.015329 0.750443 2.719196 -0.214801 -0.130181 3.270883 -0.000702 0.000000 0.000000 0.032822 5.500000 0.000000 0.000000 0.000000 0.000000 -0.032822 -0.013807 0.000702 -0.001396 0.000321 -0.000074 nan 0.030000 0.000059 0.000178 nan
0.053120 0.000000 0.089510 0.151085 -0.126254 1.083098 1.005225 -0.478278 -0.055835 0.210527 -0.014884 0.118884 0.984444 -0.980621 -1.064822 0.045564 0.122749 0.998553 5.052482 -0.477944 -0.270569 6.182645 -0.020543 0.000000 0.000000 0.008393 5.500000 0.000000 0.000000 0.000000 0.000000 -0.008393 -0.004427 0.020543 0.000244 -0.000132 -0.000085 nan 0.030000 0.000045 0.000182 nan
0.086732 0.000000 0.089510 0.151085 -0.126278 1.083098 1.005225 -0.478278 -0.055811 0.210527 -0.014884 0.118884 0.984444 -0.980645 -1.064834 0.045564 0.078431 1.331532 6.463902 -0.631642 -0.536524 7.960466 -0.012080 0.000000 0.000000 -0.000129 5.500000 0.000000 0.000000 0.000000 0.000000 0.000129 -0.005515 0.012080 -0.000447 0.000239 -0.000393 nan 0.030000 0.000045 0.000180 nan
0.110534 0.000000 0.089510 0.151085 -0.126278 1.083110 1.005201 -0.478290 -0.055823 0.210527 -0.014884 0.118872 0.984456 -0.980681 -1.064822 0.045576 0.094480 1.417544 6.841741 -0.760587 -0.596945 8.614082 0.012059 0.012059 0.000000 0.012316 5.500000 0.000000 0.000000 0.000000 0.000000 -0.012316 -0.008144 -0.012059 -0.000101 0.000335 -0.000502 nan 0.030000 0.000048 0.000188 nan
0.139752 0.000000 0.089534 0.151097 -0.126290 1.083110 1.005225 -0.478278 -0.055823 0.210551 -0.014884 0.118896 0.984432 -0.980645 -1.064822 0.045576 0.109215 1.556508 7.270004 -0.622685 -0.553485 8.830174 0.008394 0.008394 0.000000 0.012896 5.500000 0.000000 0.000000 0.000000 0.000000 -0.012896 0.010388 -0.008394 0.000042 0.000342 -0.000239 nan 0.030000 0.000052 0.000190 nan
0.169946 0.000000 0.089522 0.151097 -0.126278 1.083098 1.005225 -0.478278 -0.055823 0.210551 -0.014884 0.118896 0.984432 -0.980609 -1.064822 0.045564 0.102699 1.477579 7.467568 -0.570902 -0.682332 9.133209 0.010446 0.010446 0.000000 -0.006373 5.500000 0.000000 0.000000 0.000000 0.000000 0.006373 -0.010911 -0.010446 0.000059 0.000132 -0.000590 nan 0.030000 0.000061 0.000196 nan
0.199877 0.000000 0.089522 0.151061 -0.126278 1.083110 1.005213 -0.478290 -0.055823 0.210551 -0.014860 0.118872 0.984456 -0.980693 -1.064810 0.045564 -0.020775 1.751485 7.713042 -0.671905 -0.504093 9.398614 0.009207 0.009207 0.000000 0.009930 5.500000 0.000000 0.000000 0.000000 0.000000 -0.009930 -0.011646 -0.009207 -0.000627 0.000689 -0.000339 nan 0.030000 0.000086 0.000219 nan
0.235195 0.000000 0.089510 0.151085 -0.126290 1.083098 1.005201 -0.478314 -0.055823 0.210539 -0.014884 0.118896 0.984444 -0.980609 -1.064798 0.045576 0.114055 1.457941 7.677486 -0.641390 -0.626532 9.338024 0.024453 0.024453 0.000000 0.029656 5.500000 0.000000 0.000000 0.000000 0.000000 -0.029656 0.000038 -0.024453 -0.000348 0.000609 -0.000131 nan 0.030000 0.000099 0.000231 nan
0.266077 0.000000 0.089522 0.151085 -0.126302 1.083110 1.005225 -0.477919 -0.055835 0.210551 -0.014860 0.118884 0.984444 -0.980597 -1.064822 0.045576 0.045312 1.728440 8.080418 -0.858919 -0.677429 9.646609 -0.002045 0.000000 0.000000 0.018502 5.500000 0.000000 0.000000 0.000000 0.000000 -0.018502 0.006031 0.002045 -0.000513 0.000277 0.000072 nan 0.030000 0.000252 0.000251 nan
0.300263 0.000000 0.089390 0.150965 -0.126290 1.083182 1.005237 -0.476685 -0.055835 0.210551 -0.014860 0.118896 0.984444 -0.980537 -1.064762 0.045564 -0.043131 1.488467 8.196179 -0.737781 -0.562310 9.631525 0.015121 0.015121 0.000000 0.018541 5.500000 0.000000 0.000000 0.000000 0.000000 -0.018541 -0.006127 -0.015121 -0.000970 -0.000027 -0.000009 nan 0.030000 0.000748 0.000301 nan
0.323783 0.000000 0.089390 0.150965 -0.126278 1.083206 1.005237 -0.476625 -0.055823 0.210551 -0.014860 0.118884 0.984432 -0.980573 -1.064750 0.045564 -0.139459 1.620866 8.425468 -0.615137 -0.692627 9.588921 0.034305 0.034305 0.000000 0.018267 5.500000 0.000000 0.000000 0.000000 0.000000 -0.018267 0.015220 -0.034305 0.000401 0.000624 -0.000325 nan 0.030000 0.000804 0.000330 nan
0.345464 0.000000 0.089330 0.150929 -0.126290 1.083242 1.005213 -0.476421 -0.055799 0.210551 -0.014848 0.118884 0.984456 -0.980573 -1.064750 0.045564 -0.181290 1.541593 8.503706 -0.770113 -0.671152 9.654326 0.014146 0.014146 0.000000 0.023819 5.500000 0.000000 0.000000 0.000000 0.000000 -0.023819 0.003081 -0.014146 0.000067 0.000893 -0.000079 nan 0.030000 0.000917 0.000366 nan
0.371191 0.000000 0.089318 0.150929 -0.126278 1.083326 1.005213 -0.476361 -0.055823 0.210527 -0.014860 0.118884 0.984456 -0.980609 -1.064739 0.045564 -0.252729 1.523728 8.467666 -0.699066 -0.713481 9.783177 0.012944 0.012944 0.000000 0.016941 5.500000 0.000000 0.000000 0.000000 0.000000 -0.016941 0.004391 -0.012944 -0.000040 0.000629 0.000241 nan 0.030000 0.000994 0.000406 nan
0.399593 0.000000 0.089294 0.150917 -0.126278 1.083374 1.005213 -0.476337 -0.055811 0.210551 -0.014872 0.118884 0.984456 -0.980609 -1.064739 0.045564 -0.188969 1.515313 8.616413 -0.720307 -0.614446 9.777449 0.009696 0.009696 0.000000 0.024153 5.500000 0.000000 0.000000 0.000000 0.000000 -0.024153 0.006930 -0.009696 -0.000436 0.000598 -0.000069 nan 0.030000 0.001071 0.000461 nan
0.430706 0.000000 0.089259 0.150869 -0.126290 1.083446 1.005225 -0.476229 -0.055823 0.210527 -0.014836 0.118896 0.984444 -0.980585 -1.064715 0.045564 -0.138180 1.596079 8.473536 -0.848543 -0.781527 9.899529 0.017659 0.017659 0.000000 0.022081 5.500000 0.000000 0.000000 0.000000 0.000000 -0.022081 -0.003931 -0.017659 -0.000298 0.000269 -0.000433 nan 0.030000 0.001201 0.000539 nan
0.460116 0.000000 0.089247 0.150869 -0.126302 1.083470 1.005249 -0.476205 -0.055823 0.210527 -0.014836 0.118907 0.984444 -0.980597 -1.064703 0.045576 -0.101345 1.564334 8.599186 -0.883895 -0.744772 9.760258 0.014421 0.014421 0.000000 0.029736 5.500000 0.000000 0.000000 0.000000 0.000000 -0.029736 0.004456 -0.014421 0.000059 0.000347 -0.000420 nan 0.030000 0.001301 0.000619 nan
0.500036 0.000000 0.089199 0.150809 -0.126278 1.083578 1.005213 -0.476157 -0.055823 0.210551 -0.014836 0.118907 0.984444 -0.980573 -1.064691 0.045552 0.019746 1.496792 8.240270 -0.552867 -0.661503 9.832304 0.025181 0.025181 0.000000 0.020733 5.500000 0.000000 0.000000 0.000000 0.000000 -0.020733 0.000669 -0.025181 -0.000395 0.000848 -0.000236 nan 0.030000 0.001479 0.000747 nan
0.532150 0.000000 0.089187 0.150809 -0.126278 1.083602 1.005201 -0.476145 -0.055835 0.210527 -0.014836 0.118896 0.984432 -0.980609 -1.064691 0.045564 -0.054830 1.546587 8.175450 -0.685038 -0.677207 9.684137 0.031473 0.031473 0.000000 0.020404 5.500000 0.000000 0.000000 0.000000 0.000000 -0.020404 0.001416 -0.031473 -0.000214 0.000225 -0.000193 nan 0.030000 0.001619 0.000856 nan
0.565244 0.000000 0.089163 0.150798 -0.126278 1.083602 1.005213 -0.476181 -0.055823 0.210527 -0.014824 0.118884 0.984444 -0.980537 -1.064679 0.045564 0.034061 1.645648 8.299610 -0.894257 -0.605407 9.702169 0.036621 0.036621 0.000000 0.021275 5.500000 0.000000 0.000000 0.000000 0.000000 -0.021275 0.004640 -0.036621 -0.000090 0.000380 -0.000029 nan 0.030000 0.001763 0.000995 nan
0.594954 0.000000 0.089163 0.150798 -0.126254 1.083590 1.005213 -0.476145 -0.055823 0.210527 -0.014824 0.118860 0.984456 -0.980573 -1.064691 0.045576 -0.166802 1.829593 8.398866 -0.906860 -0.797282 9.692001 0.017176 0.017176 0.000000 0.020509 5.500000 0.000000 0.000000 0.000000 0.000000 -0.020509 0.003491 -0.017176 -0.000241 0.000472 -0.000633 nan 0.030000 0.001928 0.001129 nan
0.623162 0.000000 0.089175 0.150798 -0.126278 1.083554 1.005213 -0.476145 -0.055811 0.210527 -0.014824 0.118884 0.984456 -0.980621 -1.064667 0.045564 0.120196 1.605608 8.062214 -0.667312 -0.562745 9.380074 0.018718 0.018718 0.000000 0.019375 5.500000 0.000000 0.000000 0.000000 0.000000 -0.019375 0.011425 -0.018718 0.000007 0.000666 0.000415 nan 0.030000 0.002086 0.001274 nan
0.657209 0.000000 0.089139 0.150798 -0.126254 1.083590 1.005213 -0.476157 -0.055811 0.210527 -0.014824 0.118884 0.984444 -0.980561 -1.064667 0.045564 -0.178742 1.689311 8.210182 -0.676816 -0.508399 9.470272 0.014376 0.014376 0.000000 0.018231 5.500000 0.000000 0.000000 0.000000 0.000000 -0.018231 0.008265 -0.014376 -0.000257 0.000192 0.000340 nan 0.030000 0.002306 0.001456 nan
0.697909 0.000000 0.089151 0.150798 -0.126266 1.083602 1.005189 -0.476157 -0.055823 0.210527 -0.014824 0.118860 0.984444 -0.980525 -1.064679 0.045564 -0.206558 1.584804 8.163310 -0.773288 -0.644778 9.518354 0.004167 0.004167 0.000000 0.008680 5.500000 0.000000 0.000000 0.000000 0.000000 -0.008680 0.002899 -0.004167 -0.000328 0.000096 0.000262 nan 0.030000 0.002601 0.001700 nan
0.743808 0.000000 0.089115 0.150774 -0.126254 1.083602 1.005189 -0.476157 -0.055799 0.210551 -0.014824 0.118919 0.984444 -0.980549 -1.064667 0.045564 -0.140963 1.579882 8.043670 -0.868049 -0.634558 9.541239 0.015004 0.015004 0.000000 0.033149 5.500000 0.000000 0.000000 0.000000 0.000000 -0.033149 0.010872 -0.015004 0.000232 0.000499 -0.000387 nan 0.030000 0.002973 0.002021 nan
0.786149 0.000000 0.089103 0.150774 -0.126254 1.083590 1.005201 -0.476157 -0.055811 0.210551 -0.014824 0.118884 0.984444 -0.980561 -1.064667 0.045576 0.033529 1.635148 7.765437 -0.574166 -0.437160 9.299913 -0.013245 0.000000 0.000000 0.013493 5.500000 0.000000 0.000000 0.000000 0.000000 -0.013493 -0.001944 0.013245 0.000430 0.000570 -0.000409 nan 0.030000 0.003355 0.002344 nan
0.821793 0.000000 0.089103 0.150774 -0.126254 1.083590 1.005141 -0.476157 -0.055811 0.210539 -0.014824 0.118872 0.984420 -0.980513 -1.064667 0.045564 0.104504 1.595352 7.650700 -0.636675 -0.469808 9.383754 -0.014381 0.000000 0.000000 0.013953 5.500000 0.000000 0.000000 0.000000 0.000000 -0.013953 -0.005342 0.014381 -0.000242 0.000322 -0.001194 nan 0.030000 0.003710 0.002633 nan
0.871442 0.000000 0.088971 0.150798 -0.126242 1.083602 1.005129 -0.476193 -0.055811 0.210539 -0.014824 0.118884 0.984444 -0.980525 -1.064643 0.045564 0.021948 1.538145 7.785657 -0.796048 -0.561881 9.516177 -0.032760 0.000000 0.000000 0.020008 5.500000 0.000000 0.000000 0.000000 0.000000 -0.020008 -0.010043 0.032760 0.000189 0.000040 -0.001924 nan 0.030000 0.004237 0.003100 nan
0.914102 0.000000 0.088923 0.150774 -0.126254 1.083602 1.005129 -0.476193 -0.055811 0.210539 -0.014824 0.118884 0.984444 -0.980513 -1.064667 0.045564 -0.015142 1.570789 7.552310 -0.681048 -0.436721 9.242033 -0.049168 0.000000 0.000000 0.002265 5.500000 0.000000 0.000000 0.000000 0.000000 -0.002265 0.008333 0.049168 0.000736 0.000301 -0.001275 nan 0.030000 0.004754 0.003529 nan
0.941609 0.000000 0.088875 0.150798 -0.126254 1.083578 1.005057 -0.476229 -0.055823 0.210527 -0.014824 0.118884 0.984432 -0.980489 -1.064679 0.045552 0.107916 1.633172 6.880443 -0.637766 -0.370289 9.117360 -0.044972 0.000000 0.000000 0.014613 5.500000 0.000000 0.000000 0.000000 0.000000 -0.014613 -0.005133 0.044972 0.000332 0.000575 -0.001870 nan 0.030000 0.005090 0.003820 nan
0.991066 0.000000 0.088875 0.150798 -0.126242 1.083542 1.005093 -0.476241 -0.055811 0.210527 -0.014824 0.118860 0.984432 -0.980453 -1.064679 0.045552 0.387312 1.576637 6.079992 -0.920912 -0.259978 8.944431 -0.044269 0.000000 0.000000 0.036965 5.500000 0.000000 0.000000 0.000000 0.000000 -0.036965 -0.020042 0.044269 0.000659 0.000516 -0.003024 nan 0.030000 0.005773 0.004397 nan
1.024685 0.000000 0.088887 0.150809 -0.126254 1.083554 1.005033 -0.476253 -0.055823 0.210503 -0.014836 0.118896 0.984444 -0.980477 -1.064691 0.045564 0.251672 1.592907 6.019225 -0.743384 -0.245709 8.889989 -0.020913 0.000000 0.000000 0.040623 5.500000 0.000000 0.000000 0.000000 0.000000 -0.040623 -0.009091 0.020913 0.000314 0.000067 -0.002370 nan 0.030000 0.006281 0.004818 nan
1.054240 0.000000 0.088683 0.150809 -0.126254 1.083542 1.005081 -0.476373 -0.055811 0.210503 -0.014836 0.118872 0.984432 -0.980382 -1.064667 0.045564 0.409715 1.385026 5.761831 -0.677055 -0.215013 8.814428 -0.017874 0.000000 0.000000 0.015424 5.500000 0.000000 0.000000 0.000000 0.000000 -0.015424 -0.023987 0.017874 0.000118 0.000127 -0.002445 nan 0.030000 0.006702 0.005210 nan
1.094869 0.000000 0.088671 0.150833 -0.126254 1.083518 1.005069 -0.476337 -0.055823 0.210491 -0.014836 0.118907 0.984408 -0.980394 -1.064679 0.045564 0.329609 1.550078 5.382893 -0.589499 -0.215607 8.575975 -0.051388 0.000000 0.000000 0.033007 5.500000 0.000000 0.000000 0.000000 0.000000 -0.033007 -0.016198 0.051388 0.000285 0.000311 -0.002853 nan 0.030000 0.007393 0.005776 nan
1.132316 0.000000 0.088504 0.150857 -0.126254 1.083446 1.005057 -0.476637 -0.055799 0.210479 -0.014848 0.118896 0.984396 -0.980417 -1.064679 0.045564 0.716679 1.553684 4.091245 -0.730391 -0.023897 8.392578 -0.045793 0.000000 0.000000 0.026708 5.500000 0.000000 0.000000 0.000000 0.000000 -0.026708 -0.004669 0.045793 0.000512 0.000142 -0.003037 nan 0.030000 0.007957 0.006332 nan
1.192959 0.000000 0.088492 0.150857 -0.126278 1.083410 1.005081 -0.476709 -0.055799 0.210491 -0.014860 0.118896 0.984396 -0.980406 -1.064691 0.045564 0.870813 1.618303 3.073880 -0.582664 0.067426 8.157455 -0.016528 0.000000 0.000000 0.038232 5.500000 0.000000 0.000000 0.000000 0.000000 -0.038232 -0.008949 0.016528 0.000579 0.000359 -0.002987 nan 0.030000 0.009114 0.007314 nan
1.243215 0.000000 0.088480 0.150857 -0.126254 1.083410 1.005057 -0.476756 -0.055799 0.210467 -0.014848 0.118884 0.984372 -0.980310 -1.064691 0.045564 0.717109 1.560072 3.444504 -0.724288 0.016244 8.234539 0.002637 0.002637 0.000000 0.074833 5.500000 0.000000 0.000000 0.000000 0.000000 -0.074833 -0.013884 -0.002637 0.000604 0.000543 -0.003805 nan 0.030000 0.010164 0.008188 nan
1.287569 0.000000 0.088228 0.150989 -0.126218 1.083302 1.005045 -0.477464 -0.055787 0.210419 -0.014884 0.118884 0.984276 -0.980346 -1.064703 0.045564 1.183316 1.532360 2.650420 -0.837354 0.281705 7.323380 0.003554 0.003554 0.000000 0.064989 5.500000 0.000000 0.000000 0.000000 0.000000 -0.064989 -0.003163 -0.003554 0.000868 0.000658 -0.003973 nan 0.030000 0.010922 0.008981 nan
1.319707 0.000000 0.088252 0.151001 -0.126194 1.083290 1.004985 -0.477631 -0.055799 0.210419 -0.014884 0.118884 0.984300 -0.980406 -1.064715 0.045552 0.928534 1.424497 2.516016 -0.701111 0.419451 7.108028 0.010808 0.010808 0.000000 0.059177 5.500000 0.000000 0.000000 0.000000 0.000000 -0.059177 0.019348 -0.010808 0.001932 0.001114 -0.004019 nan 0.030000 0.011641 0.009622 nan
1.358637 0.000000 0.088264 0.151025 -0.126170 1.083302 1.004985 -0.477715 -0.055787 0.210407 -0.014884 0.118896 0.984252 -0.980394 -1.064691 0.045552 1.141443 1.500112 1.978624 -0.634031 0.504357 7.086775 0.015785 0.015785 0.000000 0.093319 5.500000 0.000000 0.000000 0.000000 0.000000 -0.093319 -0.017718 -0.015785 0.000947 0.000970 -0.005051 nan 0.030000 0.012591 0.010416 nan
1.407453 0.000000 0.087988 0.151241 -0.126194 1.082811 1.005021 -0.478410 -0.055787 0.210359 -0.014908 0.118884 0.984240 -0.980394 -1.064750 0.045564 1.216480 1.399506 1.351774 -0.430415 0.711940 6.694618 -0.018326 0.000000 0.000000 0.054950 5.500000 0.000000 0.000000 0.000000 0.000000 -0.054950 0.032925 0.018326 0.002441 0.000843 -0.003761 nan 0.030000 0.013536 0.011459 nan
1.461373 0.000000 0.087952 0.151277 -0.126182 1.082703 1.004997 -0.478626 -0.055787 0.210323 -0.014908 0.118896 0.984217 -0.980346 -1.064762 0.045564 1.254190 1.502197 1.004357 -0.633400 0.756976 6.677405 -0.003375 0.000000 0.000000 0.086585 5.500000 0.000000 0.000000 0.000000 0.000000 -0.086585 -0.002196 0.003375 0.001165 -0.000086 -0.004677 nan 0.030000 0.014958 0.012696 nan
1.498726 0.000000 0.087521 0.151576 -0.126170 1.081960 1.004925 -0.480316 -0.055775 0.210119 -0.015040 0.118919 0.984085 -0.980394 -1.064798 0.045564 1.335293 1.425243 0.498508 -0.680916 0.943194 6.006771 0.013967 0.013967 0.000000 0.089050 5.500000 0.000000 0.000000 0.000000 0.000000 -0.089050 0.033800 -0.013967 0.002853 0.000932 -0.006522 nan 0.030000 0.015384 0.013517 nan
1.548446 0.000000 0.087521 0.151600 -0.126170 1.081864 1.004925 -0.480531 -0.055775 0.210095 -0.015040 0.118896 0.984073 -0.980406 -1.064834 0.045564 1.011834 1.606178 0.307952 -0.699253 1.180086 5.639494 -0.004817 0.000000 0.000000 0.077166 5.500000 0.000000 0.000000 0.000000 0.000000 -0.077166 0.034143 0.004817 0.002197 0.001089 -0.005852 nan 0.030000 0.016843 0.014780 nan
1.585987 0.000000 0.087521 0.151636 -0.126182 1.081708 1.004889 -0.480867 -0.055763 0.210071 -0.015064 0.118896 0.984049 -0.980394 -1.064846 0.045564 1.123118 1.431720 0.295997 -0.718148 1.181772 5.498460 0.005235 0.005235 0.000000 0.067124 5.500000 0.000000 0.000000 0.000000 0.000000 -0.067124 0.029647 -0.005235 0.002362 0.001024 -0.005126 nan 0.030000 0.017936 0.015772 nan
1.624790 0.000000 0.087293 0.152284 -0.126146 1.080845 1.004889 -0.485409 -0.055751 0.209820 -0.015340 0.118896 0.983881 -0.980382 -1.064990 0.045552 0.728746 1.304066 1.022763 -0.718703 1.390935 4.851726 0.016068 0.016068 0.000000 0.116418 5.500000 0.000000 0.000000 0.000000 0.000000 -0.116418 -0.003115 -0.016068 0.001688 0.000931 -0.006121 nan 0.030000 0.017862 0.016705 nan
1.670547 0.000000 0.087293 0.152320 -0.126134 1.080845 1.004913 -0.485817 -0.055763 0.209808 -0.015400 0.118919 0.983881 -0.980382 -1.065002 0.045552 0.670785 1.367466 1.155704 -0.619433 1.690046 4.546068 0.011330 0.011330 0.000000 0.152016 5.500000 0.000000 0.000000 0.000000 0.000000 -0.152016 0.027202 -0.011330 0.002770 0.001056 -0.008561 nan 0.030000 0.019371 0.018026 nan
1.745372 0.000000 0.087437 0.153075 -0.126134 1.078916 1.004913 -0.489556 -0.055727 0.208310 -0.016418 0.118896 0.983342 -0.980417 -1.065314 0.045540 0.780668 0.907160 -1.264290 -0.068265 2.244365 2.462720 0.049655 0.049655 0.000000 0.176600 5.500000 0.000000 0.000000 0.000000 0.000000 -0.176600 0.058635 -0.049655 0.004295 0.002032 -0.009793 nan 0.030000 0.020754 0.019739 nan
1.798553 0.000000 0.087473 0.153098 -0.126086 1.078856 1.004913 -0.489735 -0.055739 0.208310 -0.016538 0.118896 0.983258 -0.980417 -1.065362 0.045552 0.988618 0.908548 -1.553143 -0.683426 2.306100 2.599169 0.103108 0.103108 0.000000 0.233519 5.500000 0.000000 0.000000 0.000000 0.000000 -0.233519 -0.006481 -0.103108 0.002888 0.000995 -0.011372 nan 0.030000 0.022789 0.021430 nan
1.844781 0.000000 0.087485 0.153110 -0.126014 1.078844 1.004889 -0.489771 -0.055751 0.208226 -0.016634 0.118884 0.983234 -0.980417 -1.065386 0.045516 1.152903 1.030471 -1.583444 -0.484707 2.330111 2.467751 0.074722 0.074722 0.000000 0.261437 5.500000 0.000000 0.000000 0.000000 0.000000 -0.261437 0.048312 -0.074722 0.004249 0.001717 -0.014031 nan 0.030000 0.024674 0.022969 nan
1.877600 0.000000 0.087557 0.153506 -0.126050 1.077729 1.004901 -0.492096 -0.055727 0.204403 -0.017461 0.118860 0.982515 -0.980394 -1.066093 0.045516 0.959285 1.065959 -1.928601 0.754098 2.597588 1.673885 0.074516 0.074516 0.000000 0.225247 5.500000 0.000000 0.000000 0.000000 0.000000 -0.225247 0.084879 -0.074516 0.004890 0.001316 -0.013180 nan 0.030000 0.025235 0.023110 nan
1.907456 0.000000 0.087569 0.153542 -0.126002 1.077717 1.004913 -0.492252 -0.055739 0.203912 -0.017533 0.118860 0.982503 -0.980406 -1.066141 0.045540 0.965524 1.046714 -2.396686 0.209098 2.803837 1.345020 0.157062 0.157062 0.000000 0.352082 5.500000 0.000000 0.000000 0.000000 0.000000 -0.352082 0.017586 -0.157062 0.004153 0.001275 -0.018719 nan 0.030000 0.026494 0.024096 nan
1.962553 0.000000 0.087533 0.153626 -0.125966 1.077574 1.004913 -0.492576 -0.055727 0.203432 -0.017689 0.118848 0.982359 -0.980406 -1.066213 0.045540 1.098385 1.062190 -3.919987 0.574432 3.034200 0.376205 0.147570 0.147570 0.000000 0.333687 5.500000 0.000000 0.000000 0.000000 0.000000 -0.333687 0.033045 -0.147570 0.004719 0.001323 -0.018555 nan 0.030000 0.028852 0.026011 nan
1.999030 0.000000 0.087725 0.154573 -0.125834 1.076088 1.004937 -0.497741 -0.055715 0.201659 -0.019762 0.118704 0.980921 -0.980477 -1.066836 0.045528 0.955616 0.808103 -4.612981 -0.285763 2.981764 -0.142979 0.125273 0.125273 0.000000 0.294299 5.500000 0.000000 0.000000 0.000000 0.000000 -0.294299 0.115352 -0.125273 0.006822 0.002659 -0.017853 nan 0.030000 0.028973 0.026351 nan
2.031881 0.000000 0.087748 0.154680 -0.125846 1.075836 1.004937 -0.498376 -0.055715 0.201563 -0.020026 0.118668 0.980765 -0.980465 -1.066932 0.045504 1.182224 0.682520 -5.543507 0.119631 3.245034 -0.903569 0.135674 0.135674 0.000000 0.357477 5.500000 0.000000 0.000000 0.000000 0.000000 -0.357477 0.047829 -0.135674 0.005025 0.001922 -0.017913 nan 0.030000 0.030333 0.027542 nan
2.082304 0.000000 0.087772 0.154800 -0.125834 1.075728 1.004937 -0.499251 -0.055679 0.201575 -0.020229 0.118680 0.980394 -0.980513 -1.067039 0.045528 0.652109 0.611216 -5.256950 0.040731 3.469695 -1.143965 0.153433 0.153433 0.000000 0.364588 5.500000 0.000000 0.000000 0.000000 0.000000 -0.364588 0.032035 -0.153433 0.005052 0.001712 -0.019430 nan 0.030000 0.032590 0.029463 nan
2.120456 0.000000 0.087772 0.154896 -0.125774 1.075620 1.004949 -0.499886 -0.055703 0.201563 -0.020481 0.118716 0.980118 -0.980513 -1.067195 0.045516 0.792774 0.607243 -5.266266 0.002945 3.434725 -1.124116 0.200436 0.200436 0.000000 0.378539 5.500000 0.000000 0.000000 0.000000 0.000000 -0.378539 0.035409 -0.200436 0.005266 0.001742 -0.019719 nan 0.030000 0.034354 0.030939 nan
2.158844 0.000000 0.087904 0.155447 -0.125750 1.073223 1.004949 -0.505159 -0.055691 0.199705 -0.022291 0.118584 0.978368 -0.980477 -1.067914 0.045504 0.734940 0.308082 -5.484345 0.408789 3.961462 -1.854389 0.131785 0.131785 0.000000 0.309249 5.500000 0.000000 0.000000 0.000000 0.000000 -0.309249 0.058640 -0.131785 0.005631 0.000953 -0.020330 nan 0.030000 0.034594 0.031464 nan
2.205130 0.000000 0.087940 0.155483 -0.125750 1.072876 1.004925 -0.505890 -0.055679 0.199585 -0.022399 0.118620 0.978009 -0.980501 -1.068070 0.045504 0.131677 0.452451 -4.527444 0.328410 3.708572 -1.775387 0.197472 0.197472 0.000000 0.439778 5.500000 0.000000 0.000000 0.000000 0.000000 -0.439778 0.066389 -0.197472 0.006037 0.002081 -0.021166 nan 0.030000 0.036828 0.033379 nan
2.245741 0.000000 0.087940 0.155543 -0.125727 1.072588 1.004937 -0.506573 -0.055679 0.199513 -0.022518 0.118620 0.977385 -0.980465 -1.068250 0.045504 0.335548 0.487893 -5.032103 0.298545 3.822114 -1.880273 0.143487 0.143487 0.000000 0.386056 5.500000 0.000000 0.000000 0.000000 0.000000 -0.386056 0.058821 -0.143487 0.006095 0.002253 -0.019892 nan 0.030000 0.038841 0.035021 nan
2.289850 0.000000 0.087904 0.156478 -0.125535 1.066884 1.004889 -0.511511 -0.055667 0.195511 -0.026425 0.118656 0.970423 -0.980417 -1.070623 0.045456 0.441333 0.234599 -6.429103 1.067840 3.560034 -2.707628 0.096783 0.096783 0.000000 0.282393 5.500000 0.000000 0.000000 0.000000 0.000000 -0.282393 0.078781 -0.096783 0.005303 0.001450 -0.017648 nan 0.030000 0.038736 0.033673 nan
2.364049 0.000000 0.087904 0.156706 -0.125535 1.065841 1.004877 -0.512961 -0.055655 0.194420 -0.027576 0.118584 0.969704 -0.980406 -1.071066 0.045468 0.364385 -0.087229 -7.109893 0.727286 3.663106 -3.057354 0.191666 0.191666 0.000000 0.374872 5.500000 0.000000 0.000000 0.000000 0.000000 -0.374872 0.041496 -0.191666 0.005497 0.001486 -0.021910 nan 0.030000 0.042492 0.036701 nan
2.416847 0.000000 0.087808 0.158012 -0.125439 1.055666 1.004722 -0.522320 -0.055607 0.188356 -0.038314 0.118009 0.961351 -0.980358 -1.076435 0.045432 -0.141493 -0.456257 -5.361559 0.107658 2.888345 -2.492846 0.250047 0.250047 0.000000 0.448381 5.500000 0.000000 0.000000 0.000000 0.000000 -0.448381 0.073236 -0.250047 0.006824 0.002267 -0.023465 nan 0.030000 0.041072 0.033805 nan
2.465063 0.000000 0.087808 0.158180 -0.125271 1.055079 1.004650 -0.523771 -0.055583 0.188164 -0.038937 0.117961 0.961135 -0.980370 -1.077094 0.045420 -1.304209 -0.386994 -3.996847 -0.113463 2.849243 -1.870608 0.182190 0.182190 0.000000 0.387170 5.500000 0.000000 0.000000 0.000000 0.000000 -0.387170 0.097681 -0.182190 0.006819 0.002380 -0.019905 nan 0.030000 0.043606 0.036045 nan
2.502457 0.000000 0.087808 0.158264 -0.125271 1.054756 1.004650 -0.524789 -0.055607 0.188068 -0.039284 0.117913 0.960967 -0.980334 -1.077538 0.045420 -1.554292 -0.475780 -3.452677 0.004815 2.641533 -1.621782 0.239807 0.239807 0.000000 0.445025 5.500000 0.000000 0.000000 0.000000 0.000000 -0.445025 0.094945 -0.239807 0.007312 0.002812 -0.019774 nan 0.030000 0.045695 0.037865 nan
2.529733 0.000000 0.087569 0.160924 -0.125019 1.051376 1.004362 -0.532351 -0.055559 0.186846 -0.040734 0.117757 0.957336 -0.980334 -1.082631 0.045372 -1.159206 -0.149645 -4.923837 -0.185833 3.644841 -1.711956 0.256334 0.256334 0.000000 0.451031 5.500000 0.000000 0.000000 0.000000 0.000000 -0.451031 0.067390 -0.256334 0.007080 0.003858 -0.019314 nan 0.030000 0.044747 0.037240 nan
2.588004 0.000000 0.087569 0.161451 -0.125019 1.050705 1.004362 -0.534029 -0.055547 0.186762 -0.040806 0.117757 0.956137 -0.980358 -1.083170 0.045372 -1.292926 -0.394119 -6.485665 -0.214477 3.324869 -2.023765 0.212301 0.212301 0.000000 0.425232 5.500000 0.000000 0.000000 0.000000 0.000000 -0.425232 0.057759 -0.212301 0.007033 0.002504 -0.023512 nan 0.030000 0.048037 0.040055 nan
2.663418 0.000000 0.087557 0.161847 -0.125031 1.050297 1.004362 -0.534856 -0.055547 0.186654 -0.040854 0.117745 0.955263 -0.980322 -1.083470 0.045396 -1.313218 -0.356912 -5.963382 -0.270901 3.483510 -1.927468 0.235238 0.235238 0.000000 0.473047 5.500000 0.000000 0.000000 0.000000 0.000000 -0.473047 0.070497 -0.235238 0.008053 0.002887 -0.028207 nan 0.030000 0.052479 0.044091 nan
2.715856 0.000000 0.086934 0.169793 -0.124480 1.035042 1.004206 -0.543533 -0.055499 0.180866 -0.042508 0.117589 0.949103 -0.980106 -1.086753 0.045324 -2.193296 0.493906 -0.974323 0.477400 4.098583 -3.140425 0.189077 0.189077 0.000000 0.395048 5.500000 0.000000 0.000000 0.000000 0.000000 -0.395048 0.061453 -0.189077 0.007113 0.002529 -0.022652 nan 0.030000 0.050070 0.043906 nan
2.759801 0.000000 0.086886 0.170260 -0.124456 1.033975 1.004194 -0.544611 -0.055499 0.180614 -0.042616 0.117577 0.948563 -0.980058 -1.086945 0.045312 -2.625679 0.148932 -0.138475 0.218142 4.334744 -3.590340 0.200600 0.200600 0.000000 0.346616 5.500000 0.000000 0.000000 0.000000 0.000000 -0.346616 0.174277 -0.200600 0.010924 0.004767 -0.019951 nan 0.030000 0.052700 0.046345 nan
2.820463 0.000000 0.086454 0.170967 -0.124432 1.033148 1.004194 -0.545977 -0.055487 0.180267 -0.042880 0.117577 0.947868 -0.980046 -1.087173 0.045312 -2.817885 0.606488 -0.490975 0.047406 4.555625 -3.811408 0.192653 0.192653 0.000000 0.421848 5.500000 0.000000 0.000000 0.000000 0.000000 -0.421848 0.153053 -0.192653 0.009586 0.003930 -0.025069 nan 0.030000 0.056552 0.049802 nan
2.901757 0.000000 0.077514 0.175269 -0.123677 1.029361 1.003895 -0.554534 -0.055427 0.175629 -0.051568 0.117397 0.933943 -0.980022 -1.089546 0.045264 -0.469213 -0.350899 -5.976961 0.230254 2.109067 -0.921655 0.297451 0.297451 0.000000 0.574464 5.500000 0.000000 0.000000 0.000000 0.000000 -0.574464 0.051927 -0.297451 0.007732 0.003523 -0.030468 nan 0.030000 0.056918 0.048496 nan
2.953762 0.000000 0.077226 0.175233 -0.123677 1.029109 1.003871 -0.555109 -0.055415 0.175509 -0.052251 0.117290 0.932624 -0.980022 -1.089594 0.045288 -1.081620 0.099934 -4.866495 0.110719 2.818967 -1.218109 0.177807 0.177807 0.000000 0.399557 5.500000 0.000000 0.000000 0.000000 0.000000 -0.399557 0.170871 -0.177807 0.009308 0.004185 -0.022930 nan 0.030000 0.061229 0.051835 nan
3.007655 0.000000 0.075872 0.176180 -0.121892 1.011900 1.003188 -0.573313 -0.055367 0.170320 -0.060293 0.115612 0.921431 -0.979914 -1.097887 0.045216 -0.755650 -0.504602 -5.483929 -0.485068 3.626007 -2.284750 0.337870 0.337870 0.000000 0.607125 5.500000 0.000000 0.000000 0.000000 0.000000 -0.607125 0.003123 -0.337870 0.007660 0.003914 -0.031222 nan 0.030000 0.057460 0.049211 nan
3.069356 0.000000 0.075333 0.176336 -0.121604 1.011469 1.003164 -0.574955 -0.055343 0.170044 -0.060664 0.115444 0.920976 -0.979926 -1.099217 0.045204 -1.670027 -0.570111 -5.582706 -1.164718 3.857748 -2.522953 0.301394 0.301394 0.000000 0.592211 5.500000 0.000000 0.000000 0.000000 0.000000 -0.592211 0.090469 -0.301394 0.009150 0.003126 -0.032515 nan 0.030000 0.061630 0.053043 nan
3.114862 0.000000 0.074494 0.176600 -0.121544 1.011229 1.003128 -0.576285 -0.055355 0.169685 -0.060916 0.114989 0.920508 -0.979914 -1.100404 0.045193 -1.347629 -0.664859 -6.486611 -0.873018 3.783617 -2.587568 0.291612 0.291612 0.000000 0.529130 5.500000 0.000000 0.000000 0.000000 0.000000 -0.529130 0.191722 -0.291612 0.011387 0.006084 -0.026702 nan 0.030000 0.065501 0.055832 nan
3.169338 0.000000 0.066728 0.178505 -0.119567 1.000455 1.002636 -0.587131 -0.055283 0.164364 -0.061503 0.113311 0.911856 -0.979782 -1.107031 0.045109 -1.005280 -1.328643 -4.295845 0.213831 4.758151 -3.114124 0.312637 0.312637 0.000000 0.590805 5.500000 0.000000 0.000000 0.000000 0.000000 -0.590805 0.079445 -0.312637 0.009526 0.004455 -0.030932 nan 0.030000 0.063743 0.055511 nan
3.241965 0.000000 0.066357 0.178505 -0.119423 0.998166 1.002540 -0.587551 -0.055295 0.162890 -0.061599 0.113299 0.911676 -0.979758 -1.107079 0.045109 -1.016621 -1.162892 -4.916183 0.180487 4.808349 -3.444464 0.339870 0.339870 0.000000 0.644531 5.500000 0.000000 0.000000 0.000000 0.000000 -0.644531 0.051768 -0.339870 0.008722 0.004604 -0.031326 nan 0.030000 0.068062 0.060054 nan
3.287573 0.000000 0.060077 0.186439 -0.118476 0.986901 1.000970 -0.607888 -0.055211 0.147813 -0.069389 0.112915 0.889661 -0.979686 -1.112963 0.044977 -0.991421 0.085971 -6.381018 0.898472 3.652945 -2.556544 0.290418 0.290418 0.000000 0.574792 5.500000 0.000000 0.000000 0.000000 0.000000 -0.574792 0.149008 -0.290418 0.011169 0.005050 -0.031475 nan 0.030000 0.063703 0.053602 nan
3.324313 0.000000 0.059813 0.187565 -0.118476 0.985703 1.000970 -0.608151 -0.055211 0.146855 -0.070887 0.112819 0.888403 -0.979674 -1.113167 0.044989 -0.630562 -0.277707 -6.933691 0.705033 3.863490 -2.537717 0.213539 0.213539 0.000000 0.370161 5.500000 0.000000 0.000000 0.000000 0.000000 -0.370161 0.043367 -0.213539 0.006476 0.003062 -0.020837 nan 0.030000 0.067253 0.055601 nan
3.350874 0.000000 0.059705 0.188248 -0.118464 0.984900 1.000946 -0.608199 -0.055211 0.146447 -0.071702 0.112712 0.887636 -0.979650 -1.113191 0.044989 -0.637937 0.047016 -6.905346 0.953517 4.002424 -2.576363 0.312529 0.312529 0.000000 0.701305 5.500000 0.000000 0.000000 0.000000 0.000000 -0.701305 0.197468 -0.312529 0.013286 0.005499 -0.043455 nan 0.030000 0.069591 0.057209 nan
3.410062 0.000000 0.056769 0.203708 -0.111873 0.965401 0.999964 -0.627158 -0.055103 0.141689 -0.089390 0.108098 0.880098 -0.979591 -1.124204 0.044893 -1.831151 -0.337636 -5.468227 -1.020745 4.450856 -3.785457 0.302085 0.302085 0.000000 0.630821 5.500000 0.000000 0.000000 0.000000 0.000000 -0.630821 0.069036 -0.302085 0.009324 0.004800 -0.035960 nan 0.030000 0.063318 0.054475 nan
3.450174 0.000000 0.056745 0.203984 -0.111609 0.964287 0.999892 -0.627890 -0.055115 0.141654 -0.089858 0.108086 0.879414 -0.979555 -1.125235 0.044881 -2.122699 -0.055878 -5.363910 -1.182288 3.676179 -3.273419 0.262069 0.262069 0.000000 0.541585 5.500000 0.000000 0.000000 0.000000 0.000000 -0.541585 0.167701 -0.262069 0.011633 0.005714 -0.029793 nan 0.030000 0.067138 0.057292 nan
3.490213 0.000000 0.056613 0.204271 -0.111262 0.962885 0.999736 -0.628704 -0.055115 0.141606 -0.090301 0.108074 0.878192 -0.979579 -1.126541 0.044893 -2.024954 0.458342 -5.036802 -1.068100 3.437240 -3.110456 0.345061 0.345061 0.000000 0.706453 5.500000 0.000000 0.000000 0.000000 0.000000 -0.706453 0.074803 -0.345061 0.010420 0.005478 -0.039322 nan 0.030000 0.070323 0.059884 nan
3.545286 0.000000 0.049411 0.207387 -0.109392 0.948719 0.998058 -0.647004 -0.055044 0.131167 -0.095059 0.107774 0.859305 -0.979495 -1.133252 0.044809 -1.095364 -0.221004 -6.153256 1.528810 4.254115 -3.121027 0.356067 0.356067 0.000000 0.697642 5.500000 0.000000 0.000000 0.000000 0.000000 -0.697642 0.081980 -0.356067 0.010909 0.004994 -0.039269 nan 0.030000 0.066301 0.055901 nan
3.587867 0.000000 0.048824 0.207531 -0.109380 0.947365 0.997974 -0.647172 -0.055044 0.130041 -0.095598 0.107762 0.857699 -0.979471 -1.133528 0.044809 -1.114334 -0.050757 -5.679638 0.494309 3.979042 -3.070601 0.348601 0.348601 0.000000 0.665590 5.500000 0.000000 0.000000 0.000000 0.000000 -0.665590 0.041582 -0.348601 0.009138 0.005485 -0.032917 nan 0.030000 0.070262 0.058615 nan
3.635670 0.000000 0.048189 0.207699 -0.109356 0.945531 0.997783 -0.647891 -0.055044 0.129394 -0.096317 0.107738 0.855242 -0.979483 -1.133792 0.044797 -0.559177 -0.384493 -7.330215 0.183289 4.030235 -3.492445 0.319357 0.319357 0.000000 0.603340 5.500000 0.000000 0.000000 0.000000 0.000000 -0.603340 0.019596 -0.319357 0.007479 0.005341 -0.028544 nan 0.030000 0.074141 0.061629 nan
3.689493 0.000000 0.040615 0.212552 -0.109020 0.931702 0.993816 -0.661949 -0.055008 0.119866 -0.101231 0.107019 0.843342 -0.979315 -1.139616 0.044761 -1.119356 0.634585 -6.079348 0.672376 5.497313 -4.289871 0.389078 0.389078 0.000000 0.746435 5.500000 0.000000 0.000000 0.000000 0.000000 -0.746435 0.055161 -0.389078 0.010366 0.006271 -0.038622 nan 0.030000 0.070777 0.059774 nan
3.743875 0.000000 0.039356 0.213499 -0.108985 0.931090 0.993600 -0.663111 -0.054996 0.118884 -0.101231 0.107043 0.843270 -0.979339 -1.140215 0.044749 -0.838232 0.012392 -6.062722 1.090077 4.946046 -4.033075 0.306887 0.306887 0.000000 0.609276 5.500000 0.000000 0.000000 0.000000 0.000000 -0.609276 0.120505 -0.306887 0.011246 0.005390 -0.038318 nan 0.030000 0.074886 0.063985 nan
3.800287 0.000000 0.034946 0.220030 -0.107786 0.910657 0.991239 -0.685773 -0.054960 0.111417 -0.108265 0.107103 0.829320 -0.979111 -1.152044 0.044677 -2.017537 -0.976587 -3.848019 1.034513 4.025509 -3.720780 0.360110 0.360110 0.000000 0.765966 5.500000 0.000000 0.000000 0.000000 0.000000 -0.765966 0.047404 -0.360110 0.010361 0.005628 -0.042752 nan 0.030000 0.068708 0.061093 nan
3.844950 0.000000 0.034191 0.220186 -0.107786 0.908848 0.991131 -0.687307 -0.054948 0.110674 -0.109752 0.107055 0.826432 -0.979099 -1.152151 0.044689 -1.884274 -0.726195 -4.335093 0.764602 4.666059 -3.467584 0.274747 0.274747 0.000000 0.723538 5.500000 0.000000 0.000000 0.000000 0.000000 -0.723538 0.122487 -0.274747 0.011901 0.005638 -0.045320 nan 0.030000 0.072396 0.064038 nan
3.889566 0.000000 0.021248 0.226885 -0.107391 0.891878 0.989058 -0.707561 -0.054900 0.100572 -0.128842 0.104934 0.803782 -0.978404 -1.160768 0.044605 0.083227 0.093557 -5.843065 0.816029 4.234545 -3.222301 0.273800 0.273800 0.000000 0.498376 5.500000 0.000000 0.000000 0.000000 0.000000 -0.498376 0.043756 -0.273800 0.008203 0.005158 -0.026905 nan 0.030000 0.065906 0.056111 nan
3.929435 0.000000 0.020289 0.227556 -0.107379 0.891051 0.989058 -0.708112 -0.054912 0.099900 -0.129094 0.104071 0.803782 -0.978380 -1.161140 0.044605 0.079423 -0.107033 -6.302659 0.732234 3.913930 -3.322697 0.273624 0.273624 0.000000 0.548492 5.500000 0.000000 0.000000 0.000000 0.000000 -0.548492 0.253901 -0.273624 0.014324 0.007558 -0.031680 nan 0.030000 0.069826 0.059310 nan
3.960929 0.000000 0.019414 0.228228 -0.107355 0.890188 0.989034 -0.708603 -0.054900 0.099193 -0.129226 0.103352 0.803698 -0.978380 -1.161439 0.044593 0.910179 -0.443651 -7.655413 1.033877 4.022100 -4.139220 0.322875 0.322875 0.000000 0.619485 5.500000 0.000000 0.000000 0.000000 0.000000 -0.619485 0.054396 -0.322875 0.009465 0.005037 -0.034653 nan 0.030000 0.073556 0.061815 nan
4.007316 0.000000 0.018959 0.229642 -0.107271 0.887468 0.988806 -0.710497 -0.054900 0.098163 -0.129514 0.102513 0.803291 -0.978332 -1.162446 0.044581 -1.224658 -0.189346 -6.044646 0.756119 4.393868 -3.945062 0.330834 0.330834 0.000000 0.580788 5.500000 0.000000 0.000000 0.000000 0.000000 -0.580788 0.103816 -0.330834 0.009676 0.007366 -0.022884 nan 0.030000 0.076939 0.065391 nan
4.052412 0.000000 0.016862 0.243603 -0.104023 0.868952 0.987452 -0.730343 -0.054816 0.089834 -0.134187 0.101770 0.788586 -0.978009 -1.173651 0.044533 -2.266483 0.302603 -4.942848 -0.539226 4.087727 -2.863353 0.393236 0.393236 0.000000 0.874109 5.500000 0.000000 0.000000 0.000000 0.000000 -0.874109 0.071500 -0.393236 0.011804 0.007267 -0.046592 nan 0.030000 0.071053 0.062014 nan
4.124025 0.000000 0.016850 0.244286 -0.103975 0.868005 0.987440 -0.731062 -0.054816 0.089223 -0.135290 0.101710 0.786405 -0.977877 -1.173975 0.044521 -1.604983 0.887265 -4.402188 -0.061228 4.217368 -1.835071 0.339803 0.339803 0.000000 0.670997 5.500000 0.000000 0.000000 0.000000 0.000000 -0.670997 0.056091 -0.339803 0.010169 0.006567 -0.034729 nan 0.030000 0.075912 0.066594 nan
4.218651 0.000000 0.014297 0.247306 -0.102633 0.855506 0.987033 -0.746797 -0.054756 0.081433 -0.143403 0.100056 0.769831 -0.977302 -1.179344 0.044449 -0.800380 -1.028205 -7.087184 0.284680 5.174444 -2.698681 0.374866 0.374866 0.000000 0.764193 5.500000 0.000000 0.000000 0.000000 0.000000 -0.764193 0.012653 -0.374866 0.009431 0.006968 -0.038302 nan 0.030000 0.075018 0.064961 nan
4.256544 0.000000 0.013998 0.247330 -0.102633 0.855446 0.987033 -0.746929 -0.054756 0.081277 -0.143535 0.100056 0.769375 -0.977302 -1.179368 0.044449 -1.018593 -0.321832 -6.660746 0.215977 4.682721 -2.577495 0.302578 0.302578 0.000000 0.742358 5.500000 0.000000 0.000000 0.000000 0.000000 -0.742358 0.142400 -0.302578 0.012647 0.007274 -0.044732 nan 0.030000 0.079374 0.069386 nan
4.331089 0.000000 0.006903 0.252627 -0.101806 0.835348 0.986314 -0.763851 -0.054684 0.070228 -0.153314 0.099697 0.757379 -0.973443 -1.191304 0.044354 -1.569278 -0.097765 -5.549718 0.068344 4.167007 -4.371942 0.395012 0.395012 0.000000 0.803168 5.500000 0.000000 0.000000 0.000000 0.000000 -0.803168 0.058742 -0.395012 0.010993 0.007514 -0.040545 nan 0.030000 0.075003 0.066803 nan
4.388583 0.000000 0.005225 0.253658 -0.101267 0.834102 0.985834 -0.767470 -0.054684 0.069425 -0.155232 0.099805 0.755102 -0.972041 -1.193305 0.044366 -1.944562 -0.196115 -5.823657 -1.035632 4.413218 -2.452200 0.413327 0.413327 0.000000 0.833775 5.500000 0.000000 0.000000 0.000000 0.000000 -0.833775 0.069537 -0.413327 0.011917 0.007908 -0.044411 nan 0.030000 0.078546 0.070407 nan
4.453075 0.000000 -0.004302 0.261484 -0.098882 0.813645 0.981999 -0.787148 -0.054600 0.060317 -0.172105 0.098510 0.734022 -0.970051 -1.199873 0.044282 -0.296355 -0.874455 -9.156365 0.128670 4.264414 -4.425388 0.466347 0.466347 0.000000 0.902263 5.500000 0.000000 0.000000 0.000000 0.000000 -0.902263 0.066094 -0.466347 0.012318 0.008721 -0.044910 nan 0.030000 0.072483 0.065186 nan
4.489524 0.000000 -0.005752 0.262323 -0.098690 0.812938 0.981808 -0.790755 -0.054588 0.059274 -0.173232 0.098450 0.732548 -0.969991 -1.200592 0.044282 -0.574825 -0.483728 -7.956503 -0.226431 3.959977 -3.643390 0.250662 0.250662 0.000000 0.498504 5.500000 0.000000 0.000000 0.000000 0.000000 -0.498504 0.180578 -0.250662 0.011494 0.007931 -0.026808 nan 0.030000 0.075609 0.068138 nan
4.536307 0.000000 -0.020229 0.273852 -0.098007 0.792097 0.980561 -0.812303 -0.054480 0.047517 -0.177414 0.098199 0.720899 -0.969128 -1.211905 0.044174 -0.510592 0.565194 -6.521239 -0.095412 5.294987 -3.808491 0.409023 0.409023 0.000000 0.777220 5.500000 0.000000 0.000000 0.000000 0.000000 -0.777220 0.050176 -0.409023 0.010774 0.008138 -0.037112 nan 0.030000 0.067378 0.065329 nan
4.589520 0.000000 -0.021128 0.275445 -0.097396 0.790659 0.980429 -0.812650 -0.054480 0.045948 -0.177546 0.098175 0.719880 -0.969068 -1.213499 0.044138 -0.646551 0.311633 -5.740473 0.014386 4.820978 -3.177140 0.325466 0.325466 0.000000 0.785694 5.500000 0.000000 0.000000 0.000000 0.000000 -0.785694 0.092882 -0.325466 0.011624 0.007701 -0.043899 nan 0.030000 0.071392 0.069276 nan
4.619201 0.000000 -0.022339 0.282756 -0.095958 0.776410 0.978931 -0.827619 -0.054384 0.036168 -0.189686 0.097504 0.702755 -0.967870 -1.225759 0.043862 0.165323 0.193030 -7.432625 1.391136 4.061368 -3.921781 0.361456 0.361456 0.000000 0.705103 5.500000 0.000000 0.000000 0.000000 0.000000 -0.705103 0.146965 -0.361456 0.012390 0.008560 -0.035577 nan 0.030000 0.068406 0.063233 nan
4.646377 0.000000 -0.022950 0.283631 -0.095562 0.775991 0.978895 -0.829248 -0.054384 0.034682 -0.191340 0.097216 0.701772 -0.967810 -1.226298 0.043850 -0.385059 0.154117 -7.668303 1.100753 4.577255 -4.402383 0.392510 0.392510 0.000000 0.841930 5.500000 0.000000 0.000000 0.000000 0.000000 -0.841930 0.053366 -0.392510 0.012260 0.007958 -0.047561 nan 0.030000 0.071797 0.065674 nan
4.673476 0.000000 -0.023333 0.284529 -0.095358 0.775260 0.978836 -0.831310 -0.054384 0.033688 -0.193054 0.097012 0.700154 -0.967786 -1.226897 0.043802 -0.835477 0.222025 -7.123684 0.442273 4.707798 -4.486789 0.370728 0.370728 0.000000 0.751631 5.500000 0.000000 0.000000 0.000000 0.000000 -0.751631 0.188089 -0.370728 0.014922 0.010109 -0.038157 nan 0.030000 0.075132 0.068074 nan
4.707465 0.000000 -0.030560 0.293146 -0.090541 0.761909 0.978596 -0.843881 -0.054301 0.018084 -0.211246 0.086227 0.685594 -0.964718 -1.237611 0.042412 0.094732 -0.485922 -8.319358 1.535381 4.222798 -5.407760 0.333810 0.333810 0.000000 0.729543 5.500000 0.000000 0.000000 0.000000 0.000000 -0.729543 0.118314 -0.333810 0.011889 0.007894 -0.041753 nan 0.030000 0.071448 0.060361 nan
4.738240 0.000000 -0.031315 0.293985 -0.090337 0.759632 0.978524 -0.845367 -0.054289 0.016574 -0.212289 0.085483 0.684910 -0.964395 -1.238270 0.042232 -1.158873 -0.027909 -7.627514 1.290458 3.997513 -4.991205 0.289721 0.289721 0.000000 0.506850 5.500000 0.000000 0.000000 0.000000 0.000000 -0.506850 0.158028 -0.289721 0.011588 0.008438 -0.025600 nan 0.030000 0.074592 0.063228 nan
4.776040 0.000000 -0.039081 0.296777 -0.089894 0.750920 0.977937 -0.858083 -0.054181 0.012344 -0.215680 0.084573 0.675167 -0.963088 -1.245101 0.041537 -0.571565 -0.713878 -7.536390 0.668673 4.997898 -4.742053 0.326037 0.326037 0.000000 0.733236 5.500000 0.000000 0.000000 0.000000 0.000000 -0.733236 0.144281 -0.326037 0.012535 0.008131 -0.042609 nan 0.030000 0.072873 0.062502 nan
4.814478 0.000000 -0.040171 0.297161 -0.089702 0.748726 0.977697 -0.859784 -0.054157 0.011589 -0.215776 0.084561 0.673370 -0.963064 -1.245724 0.041501 -0.456699 -0.812872 -8.717266 0.523410 4.926677 -5.469348 0.429710 0.429710 0.000000 0.776239 5.500000 0.000000 0.000000 0.000000 0.000000 -0.776239 0.004683 -0.429710 0.009852 0.007880 -0.039415 nan 0.030000 0.076224 0.065799 nan
4.876281 0.000000 -0.045252 0.300480 -0.089474 0.736742 0.976906 -0.870810 -0.054025 0.007993 -0.217106 0.084501 0.661086 -0.962609 -1.251429 0.041346 -0.928216 -0.722992 -7.206260 -0.007462 4.559225 -3.892689 0.349258 0.349258 0.000000 0.712174 5.500000 0.000000 0.000000 0.000000 0.000000 -0.712174 0.191411 -0.349258 0.014877 0.009950 -0.037800 nan 0.030000 0.075164 0.066296 nan
4.919482 0.000000 -0.046691 0.301200 -0.089486 0.735364 0.976822 -0.873458 -0.053989 0.007310 -0.217657 0.084489 0.658485 -0.962621 -1.252867 0.041334 -0.686387 -1.004031 -7.614770 -0.389557 4.796015 -3.110334 0.428991 0.428991 0.000000 0.890650 5.500000 0.000000 0.000000 0.000000 0.000000 -0.890650 -0.006551 -0.428991 0.010337 0.009000 -0.042395 nan 0.030000 0.078602 0.069496 nan
4.965523 0.000000 -0.049039 0.302458 -0.089390 0.733830 0.976774 -0.876023 -0.053941 0.005908 -0.218640 0.084477 0.655285 -0.962537 -1.255168 0.041298 0.659113 -1.065852 -9.858106 -0.514633 5.405751 -4.130041 0.411312 0.411312 0.000000 0.807560 5.500000 0.000000 0.000000 0.000000 0.000000 -0.807560 0.031358 -0.411312 0.010565 0.008616 -0.039426 nan 0.030000 0.081877 0.072395 nan
5.016902 0.000000 -0.060916 0.315365 -0.088240 0.707908 0.976007 -0.898362 -0.053593 -0.008413 -0.233776 0.083973 0.634828 -0.961794 -1.264827 0.041106 0.047163 0.136801 -8.058727 1.366879 3.931303 -5.070790 0.416968 0.416968 0.000000 0.896195 5.500000 0.000000 0.000000 0.000000 0.000000 -0.896195 0.038357 -0.416968 0.012004 0.008876 -0.046536 nan 0.030000 0.072745 0.065630 nan
5.055185 0.000000 -0.061443 0.316479 -0.087641 0.705212 0.975780 -0.900782 -0.053534 -0.009228 -0.235897 0.083854 0.632935 -0.961758 -1.265103 0.041082 -0.829138 -0.125839 -6.862045 0.772258 3.765757 -4.974699 0.452284 0.452284 0.000000 0.907684 5.500000 0.000000 0.000000 0.000000 0.000000 -0.907684 0.014657 -0.452284 0.011811 0.009700 -0.044160 nan 0.030000 0.075835 0.068579 nan
5.089355 0.000000 -0.066273 0.324197 -0.086802 0.689273 0.974689 -0.915271 -0.052743 -0.016406 -0.247462 0.080774 0.615929 -0.960919 -1.267787 0.040926 -0.389145 -0.506118 -7.745058 1.330570 3.525423 -4.992950 0.369775 0.369775 0.000000 0.769441 5.500000 0.000000 0.000000 0.000000 0.000000 -0.769441 -0.001338 -0.369775 0.007584 0.008479 -0.029658 nan 0.030000 0.071900 0.064357 nan
5.127782 0.000000 -0.066764 0.325120 -0.086526 0.686456 0.974485 -0.918819 -0.052671 -0.017389 -0.248816 0.080510 0.612849 -0.960763 -1.268626 0.040890 -1.069612 0.089260 -6.208771 1.182018 3.324860 -4.311860 0.383150 0.383150 0.000000 0.772291 5.500000 0.000000 0.000000 0.000000 0.000000 -0.772291 0.006730 -0.383150 0.009716 0.008297 -0.036905 nan 0.030000 0.074812 0.067043 nan
5.165214 0.000000 -0.067136 0.325899 -0.086514 0.684359 0.974353 -0.921335 -0.052647 -0.018060 -0.250003 0.080414 0.610357 -0.960620 -1.269225 0.040866 -1.663910 0.283181 -5.279395 0.543679 2.989139 -3.578144 0.357289 0.357289 0.000000 0.789045 5.500000 0.000000 0.000000 0.000000 0.000000 -0.789045 0.025688 -0.357289 0.010629 0.007856 -0.042596 nan 0.030000 0.078106 0.069696 nan
5.203139 0.000000 -0.072133 0.327097 -0.086262 0.672123 0.972831 -0.932121 -0.052167 -0.026581 -0.254102 0.080067 0.601944 -0.959996 -1.279724 0.040579 0.771573 -0.807979 -8.338788 0.913425 4.500854 -5.123143 0.372636 0.372636 0.000000 0.708205 5.500000 0.000000 0.000000 0.000000 0.000000 -0.708205 0.130072 -0.372636 0.012434 0.010238 -0.033594 nan 0.030000 0.076564 0.067737 nan
5.233234 0.000000 -0.072373 0.327181 -0.086227 0.671476 0.972772 -0.932864 -0.052167 -0.026701 -0.254102 0.080067 0.601261 -0.960032 -1.280035 0.040567 0.725050 -0.864000 -8.809704 1.032090 4.381711 -5.212979 0.330505 0.330505 0.000000 0.676999 5.500000 0.000000 0.000000 0.000000 0.000000 -0.676999 0.186542 -0.330505 0.013976 0.010171 -0.035874 nan 0.030000 0.080405 0.070360 nan
5.286736 0.000000 -0.072624 0.327505 -0.086023 0.669774 0.972592 -0.935225 -0.052107 -0.026677 -0.254126 0.080091 0.599439 -0.960032 -1.280982 0.040519 -0.745182 -0.496587 -6.907996 0.763537 3.962299 -4.731942 0.410655 0.410655 0.000000 0.773122 5.500000 0.000000 0.000000 0.000000 0.000000 -0.773122 -0.026932 -0.410655 0.008701 0.008098 -0.037452 nan 0.030000 0.084370 0.074535 nan
5.338956 0.000000 -0.076100 0.333006 -0.085627 0.659072 0.971837 -0.953117 -0.051736 -0.027552 -0.257158 0.079947 0.582433 -0.959817 -1.287082 0.040267 -0.223468 -0.364690 -7.595591 -0.189014 4.400783 -4.372719 0.465531 0.465531 0.000000 0.942742 5.500000 0.000000 0.000000 0.000000 0.000000 -0.942742 -0.023742 -0.465531 0.010992 0.009643 -0.044859 nan 0.030000 0.082190 0.073737 nan
5.397293 0.000000 -0.077286 0.333737 -0.085531 0.658198 0.971825 -0.954795 -0.051736 -0.027684 -0.257625 0.079875 0.579282 -0.959793 -1.287393 0.040243 0.278357 -0.962101 -8.595615 -0.824446 4.915240 -3.705565 0.385365 0.385365 0.000000 0.794934 5.500000 0.000000 0.000000 0.000000 0.000000 -0.794934 0.003268 -0.385365 0.010319 0.008660 -0.041068 nan 0.030000 0.086378 0.077822 nan
5.461882 0.000000 -0.078473 0.334228 -0.084968 0.657610 0.971789 -0.956329 -0.051640 -0.028546 -0.257877 0.079827 0.577076 -0.959553 -1.288053 0.040207 -0.046149 -0.683890 -8.409064 -0.021374 5.379876 -3.514450 0.492914 0.492914 0.000000 1.040245 5.500000 0.000000 0.000000 0.000000 0.000000 -1.040245 -0.034071 -0.492914 0.012599 0.010558 -0.051032 nan 0.030000 0.090846 0.082304 nan
5.511314 0.000000 -0.085843 0.337068 -0.081732 0.638088 0.970063 -0.972256 -0.051269 -0.041190 -0.262455 0.079623 0.564649 -0.959026 -1.299641 0.039812 0.843842 -1.948823 -7.972615 0.501650 5.034041 -4.005397 0.381930 0.381930 0.000000 0.799903 5.500000 0.000000 0.000000 0.000000 0.000000 -0.799903 0.162236 -0.381930 0.015154 0.011459 -0.040935 nan 0.030000 0.086283 0.079301 nan
5.572423 0.000000 -0.088204 0.337356 -0.081481 0.637681 0.969835 -0.974401 -0.051185 -0.043431 -0.264216 0.079647 0.563330 -0.959014 -1.301463 0.039752 2.360040 -1.701382 -10.223974 0.827687 6.032816 -5.306747 0.432415 0.432415 0.000000 0.885511 5.500000 0.000000 0.000000 0.000000 0.000000 -0.885511 -0.019653 -0.432415 0.010941 0.009737 -0.042177 nan 0.030000 0.090382 0.083121 nan
5.621056 0.000000 -0.090265 0.337967 -0.081433 0.636734 0.969668 -0.976415 -0.051101 -0.045228 -0.266242 0.079647 0.560874 -0.958990 -1.302877 0.039716 2.086589 -1.566423 -9.774245 0.163977 5.595148 -4.726729 1.221026 1.221026 0.000000 0.948801 5.500000 0.000000 0.000000 0.000000 0.000000 -0.948801 -0.126166 -1.221026 0.017503 0.012232 -0.039728 nan 0.030000 0.094029 0.086090 nan
5.682316 0.000000 -0.100272 0.353583 -0.079623 0.611531 0.968218 -0.997771 -0.050310 -0.059717 -0.288604 0.077262 0.534233 -0.957935 -1.309001 0.038793 1.012825 0.942422 -8.835611 1.789911 3.616838 -4.512166 0.550620 0.550620 0.000000 1.033656 5.500000 0.000000 0.000000 0.000000 0.000000 -1.033656 -0.057064 -0.550620 0.012107 0.010783 -0.049453 nan 0.030000 0.085466 0.077302 nan
5.740273 0.000000 -0.101003 0.355752 -0.078473 0.608391 0.967942 -1.000347 -0.050142 -0.061791 -0.290426 0.076543 0.531440 -0.957731 -1.310187 0.038481 -0.015653 0.253894 -7.050614 1.080731 3.845549 -3.550250 0.954881 0.954881 0.000000 1.057530 5.500000 0.000000 0.000000 0.000000 0.000000 -1.057530 -0.130985 -0.954881 0.013205 0.012643 -0.044057 nan 0.030000 0.088733 0.080597 nan
5.782842 0.000000 -0.106132 0.365099 -0.075776 0.587958 0.967091 -1.021320 -0.048476 -0.067327 -0.295255 0.073547 0.518701 -0.952674 -1.325000 0.036432 0.060498 -0.795357 -8.755783 -0.964208 5.441665 -5.015246 1.170464 1.170464 0.000000 1.147914 5.500000 0.000000 0.000000 0.000000 0.000000 -1.147914 0.003357 -1.170464 0.017827 0.016759 -0.040756 nan 0.030000 0.082594 0.077720 nan
5.839445 0.000000 -0.106168 0.365579 -0.075656 0.584710 0.967067 -1.024352 -0.048368 -0.067519 -0.295555 0.073523 0.516400 -0.951991 -1.325767 0.036252 -0.866817 -0.201045 -7.693676 -0.393614 4.634304 -4.203905 0.931520 0.931520 0.000000 1.032409 5.500000 0.000000 0.000000 0.000000 0.000000 -1.032409 -0.196668 -0.931520 0.010407 0.012277 -0.040822 nan 0.030000 0.086120 0.081738 nan
5.889485 0.000000 -0.115875 0.371283 -0.074422 0.571684 0.966396 -1.043227 -0.047026 -0.080103 -0.307767 0.073116 0.497285 -0.950361 -1.334479 0.035258 1.909480 -0.604959 -8.595712 1.098889 3.762714 -3.048171 1.169624 1.169624 0.000000 1.161809 5.500000 0.000000 0.000000 0.000000 0.000000 -1.161809 -0.143392 -1.169624 0.014711 0.016238 -0.046190 nan 0.030000 0.081934 0.076025 nan
5.937744 0.000000 -0.117074 0.371475 -0.073739 0.570413 0.966372 -1.043970 -0.046906 -0.082416 -0.309612 0.073104 0.495644 -0.950325 -1.334971 0.035210 1.428120 -0.638925 -8.477514 0.817924 3.977374 -3.077598 1.291107 1.291107 0.000000 1.154372 5.500000 0.000000 0.000000 0.000000 0.000000 -1.154372 -0.102974 -1.291107 0.016803 0.018521 -0.043976 nan 0.030000 0.085732 0.079049 nan
5.984354 0.000000 -0.118057 0.371643 -0.072900 0.568879 0.966204 -1.044725 -0.046774 -0.085016 -0.311961 0.073104 0.494110 -0.950253 -1.335378 0.035162 0.678605 -0.356402 -8.328329 0.511969 3.807311 -2.764657 1.682934 1.682934 0.000000 1.409844 5.500000 0.000000 0.000000 0.000000 0.000000 -1.409844 -0.166239 -1.682934 0.017328 0.023299 -0.043848 nan 0.030000 0.089469 0.081870 nan
6.021087 0.000000 -0.128435 0.380715 -0.069353 0.550651 0.961686 -1.066620 -0.044797 -0.103532 -0.330465 0.070347 0.477739 -0.949426 -1.349136 0.034383 -0.067135 0.398034 -8.795252 0.097979 4.040666 -4.362265 1.642953 1.642953 0.000000 1.340395 5.500000 0.000000 0.000000 0.000000 0.000000 -1.340395 -0.075280 -1.642953 0.018595 0.024057 -0.041491 nan 0.030000 0.082256 0.073149 nan
6.074249 0.000000 -0.128747 0.382752 -0.069329 0.549992 0.961566 -1.068298 -0.044629 -0.103759 -0.331556 0.070252 0.476085 -0.949402 -1.349723 0.034347 -0.040212 0.373016 -8.876004 0.874782 3.604388 -4.338668 1.591917 1.591917 0.000000 1.218826 5.500000 0.000000 0.000000 0.000000 0.000000 -1.218826 -0.134542 -1.591917 0.017440 0.022324 -0.043787 nan 0.030000 0.086142 0.076932 nan
6.128417 0.000000 -0.138130 0.402322 -0.067771 0.534808 0.959445 -1.085052 -0.042628 -0.108925 -0.340004 0.069940 0.454106 -0.948971 -1.361192 0.033616 0.675608 1.084549 -8.264651 -0.497134 4.560982 -2.865160 1.703019 1.703019 0.000000 1.352250 5.500000 0.000000 0.000000 0.000000 0.000000 -1.352250 -0.163112 -1.703019 0.014784 0.024268 -0.041697 nan 0.030000 0.080059 0.072690 nan
6.176614 0.000000 -0.138478 0.403233 -0.067279 0.532112 0.959217 -1.086502 -0.042568 -0.110003 -0.341251 0.069916 0.452309 -0.948887 -1.363182 0.033556 0.085694 1.022017 -8.949981 -0.532276 4.604661 -4.132000 1.733536 1.733536 0.000000 1.348296 5.500000 0.000000 0.000000 0.000000 0.000000 -1.348296 -0.191326 -1.733536 0.013131 0.024891 -0.038178 nan 0.030000 0.083451 0.075792 nan
6.218388 0.000000 -0.138849 0.404012 -0.066896 0.530074 0.958834 -1.088587 -0.042484 -0.110770 -0.342773 0.069904 0.450703 -0.948683 -1.364955 0.033544 -0.237192 1.217315 -8.622728 -1.114570 3.804582 -4.085819 1.575320 1.575320 0.000000 1.170121 5.500000 0.000000 0.000000 0.000000 0.000000 -1.170121 -0.181109 -1.575320 0.010777 0.022511 -0.035411 nan 0.030000 0.086734 0.078653 nan
6.272131 0.000000 -0.142744 0.409225 -0.065266 0.512002 0.955239 -1.103483 -0.041621 -0.124396 -0.362439 0.067447 0.441199 -0.947557 -1.372601 0.033268 0.348587 0.763304 -10.182382 0.853627 2.040349 -5.755905 1.774911 1.774911 0.000000 1.493089 5.500000 0.000000 0.000000 0.000000 0.000000 -1.493089 -0.387668 -1.774911 0.007918 0.023682 -0.051329 nan 0.030000 0.083091 0.073814 nan
6.338792 0.000000 -0.143379 0.409980 -0.065074 0.510840 0.954987 -1.106372 -0.041537 -0.125331 -0.364261 0.066081 0.439414 -0.947317 -1.373704 0.033244 -0.983375 0.969503 -8.678269 0.569600 1.870392 -4.929339 2.102583 2.102583 0.000000 1.368938 5.500000 0.000000 0.000000 0.000000 0.000000 -1.368938 -0.419733 -2.102583 0.009094 0.027796 -0.042413 nan 0.030000 0.087062 0.077630 nan
6.381520 0.000000 -0.144985 0.415122 -0.061012 0.501588 0.954160 -1.120657 -0.041130 -0.128747 -0.372230 0.062965 0.423942 -0.944800 -1.381661 0.033112 -0.916847 1.754093 -9.763291 -0.600432 2.983082 -5.482930 1.944312 1.944312 0.000000 1.345552 5.500000 0.000000 0.000000 0.000000 0.000000 -1.345552 -0.365648 -1.944312 0.007929 0.026245 -0.041640 nan 0.030000 0.085793 0.074774 nan
6.422594 0.000000 -0.145021 0.415757 -0.060580 0.499970 0.954124 -1.122083 -0.041082 -0.128926 -0.372985 0.062941 0.421809 -0.944764 -1.382800 0.033100 -1.302067 1.646477 -9.754846 -1.215921 1.887735 -4.704672 2.134317 2.134317 0.000000 1.470595 5.500000 0.000000 0.000000 0.000000 0.000000 -1.470595 -0.327086 -2.134317 0.014452 0.029865 -0.055940 nan 0.030000 0.089270 0.077727 nan
6.466557 0.000000 -0.145045 0.416416 -0.060389 0.498939 0.954040 -1.123497 -0.041070 -0.129226 -0.373524 0.062953 0.419712 -0.944740 -1.383878 0.033100 -2.023007 1.999157 -9.640522 -1.455302 1.983413 -3.954399 2.475683 2.475683 0.000000 1.649571 5.500000 0.000000 0.000000 0.000000 0.000000 -1.649571 -0.438869 -2.475683 0.015092 0.034890 -0.057496 nan 0.030000 0.092986 0.080814 nan
6.513554 0.000000 -0.147298 0.432942 -0.059502 0.475834 0.952866 -1.143055 -0.040794 -0.139700 -0.382081 0.062857 0.405990 -0.943266 -1.393586 0.032921 -2.917030 3.492893 -7.700857 0.275046 1.299788 -5.028958 2.305025 2.305025 0.000000 1.570904 5.500000 0.000000 0.000000 0.000000 0.000000 -1.570904 -0.590597 -2.305025 0.006541 0.030573 -0.049346 nan 0.030000 0.086575 0.076979 nan
6.569438 0.000000 -0.148185 0.433925 -0.059022 0.474420 0.952674 -1.143679 -0.040746 -0.141006 -0.383495 0.062857 0.405498 -0.943278 -1.393729 0.032909 -4.154787 3.433989 -7.147537 0.138870 1.417938 -4.872897 2.171536 2.171536 0.000000 1.405269 5.500000 0.000000 0.000000 0.000000 0.000000 -1.405269 -0.608284 -2.171536 0.003852 0.028623 -0.045392 nan 0.030000 0.090311 0.080634 nan
6.603162 0.000000 -0.148772 0.434440 -0.058783 0.473533 0.952506 -1.144697 -0.040710 -0.141737 -0.384454 0.062809 0.404995 -0.943242 -1.394137 0.032897 -3.789365 3.509750 -7.840426 0.301138 1.529233 -5.542818 1.800598 1.800598 0.000000 1.417474 5.500000 0.000000 0.000000 0.000000 0.000000 -1.417474 -0.474636 -1.800598 0.001163 0.023796 -0.038943 nan 0.030000 0.093685 0.083521 nan
6.664975 0.000000 -0.151529 0.443464 -0.057776 0.462076 0.949798 -1.164459 -0.040351 -0.146196 -0.400009 0.061000 0.386036 -0.943111 -1.403017 0.032777 -4.397126 4.525842 -10.639274 -2.212298 -0.086023 -5.955705 1.974446 1.974446 0.000000 1.526420 5.500000 0.000000 0.000000 0.000000 0.000000 -1.526420 -0.568098 -1.974446 -0.003541 0.024326 -0.044907 nan 0.030000 0.090950 0.079279 nan
6.705858 0.000000 -0.151972 0.444231 -0.057620 0.461093 0.949354 -1.166904 -0.040303 -0.146495 -0.402179 0.060676 0.382417 -0.943087 -1.404072 0.032789 -4.513193 4.134184 -9.999119 -2.507325 -0.377564 -5.209367 2.175964 2.175964 0.000000 1.502899 5.500000 0.000000 0.000000 0.000000 0.000000 -1.502899 -0.626283 -2.175964 -0.001216 0.027309 -0.046180 nan 0.030000 0.094208 0.081496 nan
6.733999 0.000000 -0.152116 0.444771 -0.057452 0.460398 0.949163 -1.167887 -0.040267 -0.146987 -0.403461 0.060424 0.380943 -0.943075 -1.404731 0.032777 -4.954693 4.390694 -9.583722 -2.414493 -0.324458 -4.749355 2.064813 2.064813 0.000000 1.461878 5.500000 0.000000 0.000000 0.000000 0.000000 -1.461878 -0.729428 -2.064813 -0.008059 0.023127 -0.042941 nan 0.030000 0.097564 0.083730 nan
6.769539 0.000000 -0.159426 0.452812 -0.055343 0.442625 0.948084 -1.187097 -0.039895 -0.155771 -0.413671 0.050238 0.369282 -0.942943 -1.413228 0.032717 -4.097814 4.251644 -9.992851 -1.042271 0.339736 -6.116947 2.061040 2.061040 0.000000 1.746571 5.500000 0.000000 0.000000 0.000000 0.000000 -1.746571 -0.675839 -2.061040 -0.008095 0.023195 -0.048950 nan 0.030000 0.091868 0.078809 nan
6.805444 0.000000 -0.160049 0.453004 -0.055056 0.442625 0.948060 -1.187505 -0.039872 -0.156130 -0.413695 0.049842 0.368707 -0.942943 -1.413240 0.032705 -4.103896 4.486100 -9.858492 -0.645087 -0.561010 -6.240930 2.524967 2.524967 0.000000 1.607097 5.500000 0.000000 0.000000 0.000000 0.000000 -1.607097 -0.653320 -2.524967 0.002131 0.033514 -0.055457 nan 0.030000 0.095565 0.081106 nan
6.849062 0.000000 -0.160900 0.453387 -0.054720 0.442506 0.947952 -1.188392 -0.039848 -0.156622 -0.413863 0.049435 0.367940 -0.942859 -1.413719 0.032693 -3.252353 4.466172 -11.141107 -0.016334 -0.581151 -7.600333 2.724699 2.724699 0.000000 1.787675 5.500000 0.000000 0.000000 0.000000 0.000000 -1.787675 -0.921371 -2.724699 -0.006315 0.032132 -0.045217 nan 0.030000 0.099296 0.083777 nan
6.899310 0.000000 -0.173915 0.467876 -0.051940 0.416440 0.947377 -1.215236 -0.039680 -0.167707 -0.432643 0.047997 0.336277 -0.942296 -1.424996 0.032537 -3.376253 5.672571 -9.424258 -0.592739 -2.494694 -5.510472 2.486396 2.486396 0.000000 1.995775 5.500000 0.000000 0.000000 0.000000 0.000000 -1.995775 -0.785230 -2.486396 -0.012472 0.026061 -0.042801 nan 0.030000 0.088924 0.073539 nan
6.961909 0.000000 -0.175761 0.471208 -0.051904 0.411706 0.947221 -1.217501 -0.039656 -0.170871 -0.435207 0.047458 0.333689 -0.942308 -1.426638 0.032549 -4.693261 5.919688 -8.881277 -0.176689 -2.227013 -5.681659 2.370095 2.370095 0.000000 1.890629 5.500000 0.000000 0.000000 0.000000 0.000000 -1.890629 -0.951445 -2.370095 -0.023160 0.017137 -0.041724 nan 0.030000 0.091211 0.075865 nan
6.996092 0.000000 -0.180219 0.479657 -0.049219 0.396055 0.945148 -1.237072 -0.038985 -0.181741 -0.446388 0.042316 0.321453 -0.942032 -1.436070 0.032381 -5.215702 5.983423 -10.393165 -1.248486 -2.898952 -6.639200 2.204528 2.204528 0.000000 1.928501 5.500000 0.000000 0.000000 0.000000 0.000000 -1.928501 -0.716098 -2.204528 -0.020326 0.015837 -0.036103 nan 0.030000 0.086499 0.070230 nan
7.041450 0.000000 -0.180231 0.479932 -0.049075 0.395455 0.945076 -1.237407 -0.038889 -0.181933 -0.446904 0.042328 0.320662 -0.942032 -1.436321 0.032381 -3.505066 6.286685 -11.424811 0.152694 -3.208631 -7.528525 2.468155 2.468155 0.000000 1.982844 5.500000 0.000000 0.000000 0.000000 0.000000 -1.982844 -0.985220 -2.468155 -0.027314 0.015171 -0.039263 nan 0.030000 0.090282 0.072825 nan
7.113975 0.000000 -0.180279 0.480579 -0.049015 0.393802 0.944788 -1.240859 -0.038709 -0.182100 -0.447898 0.042280 0.319080 -0.941972 -1.437004 0.032357 -5.740222 6.356753 -10.127586 0.192187 -3.636475 -7.836909 2.439418 2.439418 0.000000 2.005035 5.500000 0.000000 0.000000 0.000000 0.000000 -2.005035 -1.064932 -2.439418 -0.036097 0.008931 -0.035304 nan 0.030000 0.093871 0.076620 nan
7.165325 0.000000 -0.180458 0.487051 -0.048189 0.377743 0.944105 -1.256977 -0.038002 -0.184006 -0.454226 0.041501 0.305778 -0.941972 -1.442445 0.032297 -5.988412 7.036969 -10.769625 0.388778 -2.866602 -8.668517 2.500701 2.500701 0.000000 2.069988 5.500000 0.000000 0.000000 0.000000 0.000000 -2.069988 -1.117484 -2.500701 -0.044069 0.003791 -0.034468 nan 0.030000 0.091169 0.075095 nan
7.198044 0.000000 -0.180470 0.488070 -0.047901 0.376293 0.943937 -1.258344 -0.037930 -0.184018 -0.454622 0.041453 0.303524 -0.941996 -1.442997 0.032286 -5.972590 7.506069 -10.641579 -0.140514 -2.771921 -8.534591 2.617224 2.617224 0.000000 2.206172 5.500000 0.000000 0.000000 0.000000 0.000000 -2.206172 -1.078232 -2.617224 -0.039446 0.005604 -0.044594 nan 0.030000 0.094204 0.076435 nan
7.248695 0.000000 -0.180482 0.489460 -0.047781 0.374435 0.943710 -1.260177 -0.037822 -0.184150 -0.455041 0.041394 0.301116 -0.941972 -1.443859 0.032274 -6.747105 7.205923 -10.748836 -0.645378 -3.152457 -8.141191 2.669074 2.669074 0.000000 2.282290 5.500000 0.000000 0.000000 0.000000 0.000000 -2.282290 -1.289397 -2.669074 -0.052578 -0.003396 -0.039877 nan 0.030000 0.097417 0.078705 nan
7.290334 0.000000 -0.183562 0.499766 -0.046283 0.352648 0.943674 -1.285800 -0.037487 -0.190777 -0.465599 0.041286 0.288364 -0.941816 -1.454741 0.032214 -6.697921 7.840307 -10.695295 0.787107 -4.489933 -7.953756 2.593841 2.593841 0.000000 2.322898 5.500000 0.000000 0.000000 0.000000 0.000000 -2.322898 -1.300098 -2.593841 -0.062985 -0.015998 -0.034654 nan 0.030000 0.090922 0.074449 nan
7.330597 0.000000 -0.183982 0.500377 -0.046271 0.351641 0.943638 -1.286662 -0.037439 -0.191939 -0.466786 0.041286 0.287921 -0.941816 -1.455041 0.032214 -7.096603 8.160360 -10.729120 0.335572 -4.466483 -8.485641 2.675406 2.675406 0.000000 2.603720 5.500000 0.000000 0.000000 0.000000 0.000000 -2.603720 -1.622774 -2.675406 -0.061158 -0.015600 -0.058127 nan 0.030000 0.094141 0.076149 nan
7.362931 0.000000 -0.184317 0.500797 -0.046259 0.350646 0.943638 -1.287286 -0.037463 -0.192778 -0.467732 0.041262 0.287442 -0.941804 -1.455125 0.032202 -7.116195 8.249941 -10.652142 0.364593 -4.539340 -8.500858 2.613137 2.613137 0.000000 2.516856 5.500000 0.000000 0.000000 0.000000 0.000000 -2.516856 -1.439087 -2.613137 -0.055965 -0.013760 -0.046807 nan 0.030000 0.097329 0.077492 nan
7.410123 0.000000 -0.188608 0.507124 -0.045432 0.334408 0.943135 -1.301223 -0.037127 -0.202030 -0.480268 0.038853 0.276979 -0.941649 -1.459547 0.032178 -7.948417 9.144882 -10.986105 -1.310220 -4.996423 -9.107781 2.620493 2.620493 0.000000 2.600797 5.500000 0.000000 0.000000 0.000000 0.000000 -2.600797 -1.459124 -2.620493 -0.052753 -0.013145 -0.064025 nan 0.030000 0.093854 0.073464 nan
7.472189 0.000000 -0.188883 0.508035 -0.045300 0.333209 0.942859 -1.303536 -0.037031 -0.202030 -0.481131 0.038805 0.274355 -0.941625 -1.460230 0.032154 -7.994969 9.264110 -10.900661 -0.918366 -5.589566 -8.092555 2.674331 2.674331 0.000000 2.603409 5.500000 0.000000 0.000000 0.000000 0.000000 -2.603409 -1.724232 -2.674331 -0.063795 -0.016184 -0.046062 nan 0.030000 0.097194 0.075953 nan
7.512669 0.000000 -0.189147 0.508742 -0.045145 0.332526 0.942655 -1.304435 -0.036959 -0.202042 -0.481754 0.038709 0.272893 -0.941589 -1.460673 0.032154 -7.520648 9.357007 -10.790785 -0.934043 -5.519262 -8.009764 2.683596 2.683596 0.000000 2.682224 5.500000 0.000000 0.000000 0.000000 0.000000 -2.682224 -1.763913 -2.683596 -0.068597 -0.020291 -0.053245 nan 0.030000 0.100526 0.077571 nan
7.543910 0.000000 -0.198183 0.519720 -0.040063 0.305730 0.940270 -1.331651 -0.034539 -0.211126 -0.493247 0.033196 0.253718 -0.940882 -1.472442 0.032058 -7.357827 9.411237 -10.219515 0.081451 -6.561736 -7.956082 2.642716 2.642716 0.000000 2.687245 5.500000 0.000000 0.000000 0.000000 0.000000 -2.687245 -1.269540 -2.642716 -0.046422 -0.010671 -0.062774 nan 0.030000 0.090562 0.070093 nan
7.590353 0.000000 -0.199238 0.519924 -0.039955 0.305178 0.940127 -1.332214 -0.034407 -0.211761 -0.493990 0.032885 0.253694 -0.940882 -1.472885 0.032058 -7.235722 9.574293 -10.244165 -0.408149 -7.132619 -8.251212 2.512288 2.512288 0.000000 2.624106 5.500000 0.000000 0.000000 0.000000 0.000000 -2.624106 -1.678338 -2.512288 -0.063321 -0.016657 -0.041549 nan 0.030000 0.093548 0.072043 nan
7.629505 0.000000 -0.200137 0.519996 -0.039884 0.305070 0.940079 -1.332610 -0.034251 -0.212169 -0.494397 0.032609 0.253694 -0.940882 -1.473197 0.032058 -7.213097 9.826950 -10.317033 -0.419218 -6.950660 -8.248608 2.699942 2.699942 0.000000 2.979888 5.500000 0.000000 0.000000 0.000000 0.000000 -2.979888 -1.660404 -2.699942 -0.059337 -0.014351 -0.064154 nan 0.030000 0.095961 0.073713 nan
7.701110 0.000000 -0.208657 0.528576 -0.037666 0.285488 0.939455 -1.353930 -0.033556 -0.218448 -0.504931 0.030320 0.238834 -0.940330 -1.481442 0.031950 -8.261004 10.369672 -9.967239 -0.772617 -7.835488 -7.987813 2.583289 2.583289 0.000000 2.810102 5.500000 0.000000 0.000000 0.000000 0.000000 -2.810102 -2.114750 -2.583289 -0.078088 -0.025009 -0.056067 nan 0.030000 0.089470 0.070263 nan
7.755222 0.000000 -0.210012 0.529056 -0.037607 0.283055 0.939300 -1.356267 -0.033508 -0.219227 -0.507184 0.030188 0.236353 -0.940270 -1.481574 0.031938 -7.510159 10.354596 -9.963076 -0.958458 -8.287294 -8.226445 2.650804 2.650804 0.000000 3.009890 5.500000 0.000000 0.000000 0.000000 0.000000 -3.009890 -2.129721 -2.650804 -0.081986 -0.028899 -0.066705 nan 0.030000 0.091335 0.071616 nan
7.809975 0.000000 -0.215452 0.532399 -0.037055 0.259159 0.939084 -1.381026 -0.033268 -0.224129 -0.520595 0.025514 0.217550 -0.939252 -1.486811 0.031339 -8.823664 10.714494 -11.709485 -1.730472 -8.603766 -9.075817 2.544951 2.544951 0.000000 3.028050 5.500000 0.000000 0.000000 0.000000 0.000000 -3.028050 -2.174851 -2.544951 -0.082176 -0.029788 -0.069646 nan 0.030000 0.083875 0.066682 nan
7.838515 0.000000 -0.215512 0.532831 -0.036995 0.257637 0.939108 -1.382356 -0.033256 -0.224213 -0.520858 0.025323 0.217142 -0.939192 -1.487458 0.031279 -7.521013 10.493453 -12.169783 -1.857195 -9.082195 -9.070251 2.591077 2.591077 0.000000 3.206414 5.500000 0.000000 0.000000 0.000000 0.000000 -3.206414 -2.251975 -2.591077 -0.086254 -0.032832 -0.074480 nan 0.030000 0.085363 0.067632 nan
7.868863 0.000000 -0.215488 0.533130 -0.036660 0.256223 0.939132 -1.383878 -0.033232 -0.224237 -0.520906 0.025155 0.216783 -0.939180 -1.488057 0.031207 -7.259704 10.694155 -12.265437 -1.819049 -9.158869 -9.134192 2.622306 2.622306 0.000000 3.387178 5.500000 0.000000 0.000000 0.000000 0.000000 -3.387178 -2.190222 -2.622306 -0.079081 -0.027938 -0.078207 nan 0.030000 0.086955 0.068683 nan
7.907910 0.000000 -0.215488 0.533670 -0.036540 0.254221 0.939132 -1.385616 -0.033256 -0.224321 -0.521026 0.024939 0.216387 -0.939132 -1.488776 0.031123 -7.410370 10.580064 -12.099314 -1.953577 -9.251849 -8.843773 2.247586 2.247586 0.000000 3.115038 5.500000 0.000000 0.000000 0.000000 0.000000 -3.115038 -2.410474 -2.247586 -0.088639 -0.037574 -0.075870 nan 0.030000 0.088598 0.070001 nan
7.963039 0.000000 -0.218724 0.543485 -0.035246 0.233273 0.938724 -1.406181 -0.033160 -0.231439 -0.523291 0.023261 0.211857 -0.938257 -1.497657 0.030272 -6.919628 11.192258 -13.327114 -0.357554 -8.867887 -9.717313 2.020665 2.020665 0.000000 3.209698 5.500000 0.000000 0.000000 0.000000 0.000000 -3.209698 -2.471850 -2.020665 -0.090318 -0.044214 -0.086929 nan 0.030000 0.082063 0.068254 nan
8.006335 0.000000 -0.218724 0.544120 -0.034718 0.230445 0.938664 -1.408866 -0.033160 -0.232350 -0.524046 0.023273 0.210707 -0.938233 -1.498927 0.030236 -7.844509 11.847926 -12.961609 -0.369178 -8.943211 -10.019222 2.052517 2.052517 0.000000 3.683866 5.500000 0.000000 0.000000 0.000000 0.000000 -3.683866 -2.888374 -2.052517 -0.107887 -0.055871 -0.103852 nan 0.030000 0.082827 0.069168 nan
8.050443 0.000000 -0.226634 0.550435 -0.033388 0.205398 0.937634 -1.434464 -0.033100 -0.244514 -0.536666 0.021116 0.193294 -0.935992 -1.502271 0.029841 -6.535181 11.531084 -13.075378 -0.157194 -9.907285 -9.904154 1.990844 1.990844 0.000000 3.845766 5.500000 0.000000 0.000000 0.000000 0.000000 -3.845766 -2.967255 -1.990844 -0.110520 -0.058680 -0.104914 nan 0.030000 0.073680 0.062088 nan
8.094738 0.000000 -0.227856 0.550663 -0.033017 0.205302 0.937598 -1.437580 -0.033088 -0.245017 -0.537493 0.021272 0.192239 -0.935896 -1.502858 0.029793 -6.707102 11.311519 -13.096521 -0.483982 -9.607958 -9.235942 1.812295 1.812295 0.000000 3.659682 5.500000 0.000000 0.000000 0.000000 0.000000 -3.659682 -2.992444 -1.812295 -0.106249 -0.058557 -0.109220 nan 0.030000 0.074538 0.063080 nan
8.149163 0.000000 -0.230001 0.552449 -0.032813 0.203312 0.937598 -1.448833 -0.033052 -0.245449 -0.540848 0.021320 0.185803 -0.935812 -1.505674 0.029637 -6.365139 11.909626 -14.627380 -0.170063 -10.045821 -9.995087 1.727724 1.727724 0.000000 3.925062 5.500000 0.000000 0.000000 0.000000 0.000000 -3.925062 -3.216863 -1.727724 -0.111567 -0.061850 -0.119715 nan 0.030000 0.074142 0.062910 nan
8.190140 0.000000 -0.230013 0.552509 -0.032789 0.202977 0.937610 -1.449061 -0.033052 -0.245473 -0.540968 0.021320 0.185755 -0.935824 -1.505782 0.029625 -6.255585 11.650643 -14.346744 -0.053125 -9.580943 -10.145632 1.885701 1.885701 0.000000 3.849897 5.500000 0.000000 0.000000 0.000000 0.000000 -3.849897 -3.107309 -1.885701 -0.108736 -0.062003 -0.122103 nan 0.030000 0.075400 0.064114 nan
8.231880 0.000000 -0.230337 0.552820 -0.032633 0.202078 0.937586 -1.451493 -0.033041 -0.245569 -0.541327 0.021308 0.185384 -0.935812 -1.506597 0.029589 -5.882469 11.543316 -14.445798 0.082847 -9.531596 -10.322380 1.657261 1.657261 0.000000 3.196055 5.500000 0.000000 0.000000 0.000000 0.000000 -3.196055 -2.314993 -1.657261 -0.074648 -0.046756 -0.110566 nan 0.030000 0.076195 0.065156 nan
8.268507 0.000000 -0.236581 0.560826 -0.032214 0.183502 0.937430 -1.477643 -0.032981 -0.248289 -0.546181 0.021464 0.176552 -0.935836 -1.515465 0.029529 -5.874654 12.512730 -13.503095 0.308099 -9.813030 -10.262010 1.572480 1.572480 0.000000 2.858430 5.500000 0.000000 0.000000 0.000000 0.000000 -2.858430 -1.768857 -1.572480 -0.057908 -0.042041 -0.108575 nan 0.030000 0.069215 0.062833 nan
8.308111 0.000000 -0.237192 0.561497 -0.032214 0.182376 0.937406 -1.479009 -0.033017 -0.249128 -0.546624 0.021476 0.176192 -0.935812 -1.516112 0.029517 -6.897459 12.483766 -13.407676 -0.019670 -9.727815 -10.212091 1.583104 1.583104 0.000000 2.363015 5.500000 0.000000 0.000000 0.000000 0.000000 -2.363015 -1.367688 -1.583104 -0.041342 -0.029553 -0.097201 nan 0.030000 0.069778 0.063514 nan
8.362381 0.000000 -0.237887 0.562120 -0.032238 0.181333 0.937358 -1.480747 -0.032993 -0.250326 -0.547164 0.021500 0.175928 -0.935812 -1.517059 0.029517 -7.164634 11.988539 -13.460235 -0.252280 -9.791205 -10.613640 2.103276 2.103276 0.000000 2.237000 5.500000 0.000000 0.000000 0.000000 0.000000 -2.237000 -1.358007 -2.103276 -0.021587 0.001656 -0.083267 nan 0.030000 0.070647 0.064431 nan
8.418869 0.000000 -0.241506 0.563882 -0.032238 0.171446 0.937011 -1.497417 -0.032993 -0.262155 -0.555061 0.021068 0.167348 -0.935812 -1.521062 0.029457 -8.602641 12.148023 -13.407706 -0.414804 -10.100270 -9.922959 2.395013 2.395013 0.000000 2.015140 5.500000 0.000000 0.000000 0.000000 0.000000 -2.015140 -1.243766 -2.395013 -0.015838 0.008796 -0.079649 nan 0.030000 0.068032 0.059919 nan
8.466499 0.000000 -0.241506 0.564457 -0.032238 0.169445 0.937023 -1.498855 -0.032969 -0.262251 -0.555661 0.021044 0.166197 -0.935776 -1.521505 0.029445 -8.416276 12.020864 -13.785616 0.471965 -9.983350 -10.613256 3.208428 3.208428 0.000000 1.966855 5.500000 0.000000 0.000000 0.000000 0.000000 -1.966855 -1.138041 -3.208428 0.003200 0.043452 -0.066907 nan 0.030000 0.068622 0.060677 nan
8.509219 0.000000 -0.241542 0.564769 -0.032238 0.168414 0.936951 -1.499622 -0.032981 -0.262263 -0.555948 0.021020 0.165826 -0.935716 -1.521661 0.029445 -8.222612 12.149991 -13.648123 0.479211 -9.879791 -10.532983 3.328053 3.328053 0.000000 1.847864 5.500000 0.000000 0.000000 0.000000 0.000000 -1.847864 -1.073696 -3.328053 0.011336 0.056713 -0.060251 nan 0.030000 0.069272 0.061497 nan
8.579986 0.000000 -0.245964 0.567046 -0.032226 0.166077 0.936579 -1.505374 -0.032957 -0.262574 -0.556296 0.021164 0.164304 -0.931210 -1.522560 0.029301 -6.293542 11.660135 -14.346658 0.964179 -9.730254 -10.535060 3.625780 3.625780 0.000000 1.924590 5.500000 0.000000 0.000000 0.000000 0.000000 -1.924590 -1.112770 -3.625780 0.014257 0.064794 -0.059629 nan 0.030000 0.068530 0.062154 nan
8.622569 0.000000 -0.246300 0.567213 -0.032214 0.166065 0.936579 -1.505878 -0.032945 -0.262634 -0.556332 0.021164 0.163944 -0.931102 -1.522572 0.029277 -6.718135 11.870435 -14.261319 0.896931 -10.044179 -10.587076 3.708407 3.708407 0.000000 1.754974 5.500000 0.000000 0.000000 0.000000 0.000000 -1.754974 -0.890850 -3.708407 0.017989 0.067536 -0.048602 nan 0.030000 0.069196 0.062874 nan
8.655960 0.000000 -0.246587 0.567273 -0.032214 0.166041 0.936579 -1.506429 -0.032957 -0.262694 -0.556368 0.021128 0.163705 -0.931066 -1.522572 0.029265 -6.833645 11.882262 -14.069613 0.872409 -9.919978 -10.591445 3.701880 3.701880 0.000000 1.648940 5.500000 0.000000 0.000000 0.000000 0.000000 -1.648940 -0.914687 -3.701880 0.017069 0.065100 -0.047866 nan 0.030000 0.069684 0.063419 nan
8.709299 0.000000 -0.249751 0.569383 -0.031746 0.156885 0.935441 -1.512373 -0.032909 -0.263773 -0.559723 0.020817 0.152787 -0.929928 -1.524729 0.028702 -5.207745 11.478812 -14.038105 0.524696 -10.299765 -10.548157 4.122254 4.122254 0.000000 1.725146 5.500000 0.000000 0.000000 0.000000 0.000000 -1.725146 -0.863146 -4.122254 0.023193 0.076854 -0.042340 nan 0.030000 0.067416 0.061320 nan
8.760530 0.000000 -0.251261 0.569442 -0.031207 0.156754 0.935225 -1.512385 -0.032909 -0.264228 -0.560131 0.020781 0.152331 -0.929820 -1.525160 0.028451 -4.398256 11.380872 -14.116960 0.427513 -9.582803 -10.593537 3.980523 3.980523 0.000000 1.386311 5.500000 0.000000 0.000000 0.000000 0.000000 -1.386311 -0.729912 -3.980523 0.022696 0.074562 -0.028819 nan 0.030000 0.067692 0.061852 nan
8.808871 0.000000 -0.252436 0.569442 -0.031027 0.156718 0.935129 -1.512385 -0.032921 -0.264576 -0.560299 0.020757 0.151924 -0.929736 -1.525376 0.028283 -4.186005 10.940286 -14.256180 0.261232 -9.736354 -10.333638 3.760646 3.760646 0.000000 1.321663 5.500000 0.000000 0.000000 0.000000 0.000000 -1.321663 -0.508334 -3.760646 0.022424 0.069646 -0.023603 nan 0.030000 0.068039 0.062363 nan
8.848899 0.000000 -0.253778 0.569466 -0.030859 0.156718 0.935021 -1.512385 -0.032909 -0.264983 -0.560394 0.020781 0.151612 -0.929736 -1.525604 0.028163 -4.012496 10.974971 -14.140859 0.181539 -9.554665 -10.329626 3.652800 3.652800 0.000000 1.309254 5.500000 0.000000 0.000000 0.000000 0.000000 -1.309254 -0.518497 -3.652800 0.019833 0.065223 -0.027114 nan 0.030000 0.068190 0.062728 nan
8.886731 0.000000 -0.279856 0.571144 -0.019426 0.147058 0.931798 -1.513140 -0.032717 -0.276788 -0.561149 0.020793 0.139137 -0.929317 -1.530709 0.027288 -0.759782 10.942197 -12.417894 0.388063 -8.431175 -9.310348 3.896270 3.896270 0.000000 1.399798 5.500000 0.000000 0.000000 0.000000 0.000000 -1.399798 -0.762912 -3.896270 0.017767 0.066515 -0.036127 nan 0.030000 0.058272 0.056969 nan
8.932004 0.000000 -0.281581 0.571660 -0.019343 0.147058 0.931786 -1.513476 -0.032681 -0.277507 -0.561449 0.020805 0.138118 -0.929125 -1.531476 0.027204 0.992600 10.504300 -11.833276 -0.407649 -8.260422 -8.983293 4.345744 4.345744 0.000000 1.295662 5.500000 0.000000 0.000000 0.000000 0.000000 -1.295662 -0.838393 -4.345744 0.028918 0.081817 -0.030908 nan 0.030000 0.058328 0.057056 nan
8.971647 0.000000 -0.282876 0.571923 -0.019271 0.147034 0.931762 -1.513752 -0.032681 -0.277866 -0.561773 0.020805 0.137723 -0.929125 -1.531776 0.027120 1.527652 10.414717 -11.433468 0.004167 -8.481238 -8.971305 4.909775 4.909775 0.000000 1.175234 5.500000 0.000000 0.000000 0.000000 0.000000 -1.175234 -1.007488 -4.909775 0.036928 0.093133 -0.029703 nan 0.030000 0.058417 0.057293 nan
9.013696 0.000000 -0.286926 0.572822 -0.018588 0.140000 0.931438 -1.520259 -0.032561 -0.279916 -0.564169 0.020673 0.137243 -0.928430 -1.538247 0.023237 1.173608 9.973529 -12.121672 0.082987 -8.434297 -10.352068 5.268610 5.268610 0.000000 1.062969 5.500000 0.000000 0.000000 0.000000 0.000000 -1.062969 -0.885714 -5.268610 0.044023 0.099266 -0.022633 nan 0.030000 0.055785 0.056392 nan
9.058862 0.000000 -0.286926 0.572894 -0.018564 0.139305 0.931450 -1.520678 -0.032561 -0.279952 -0.564241 0.020649 0.137052 -0.928406 -1.538834 0.023058 1.634941 9.924523 -12.028558 0.216950 -8.372466 -10.096260 5.277418 5.277418 0.000000 0.977189 5.500000 0.000000 0.000000 0.000000 0.000000 -0.977189 -0.867529 -5.277418 0.046059 0.100320 -0.018947 nan 0.030000 0.056082 0.056762 nan
9.094429 0.000000 -0.286926 0.572990 -0.018576 0.138861 0.931462 -1.520834 -0.032549 -0.280035 -0.564277 0.020649 0.136848 -0.928382 -1.539158 0.022950 2.040370 10.011012 -11.988766 0.376375 -8.301796 -10.155778 5.314731 5.314731 0.000000 1.020711 5.500000 0.000000 0.000000 0.000000 0.000000 -1.020711 -0.896176 -5.314731 0.047336 0.100885 -0.021855 nan 0.030000 0.056320 0.057008 nan
9.144749 0.000000 -0.290294 0.577640 -0.018192 0.133564 0.931462 -1.529043 -0.032501 -0.288113 -0.565524 0.020793 0.134439 -0.928298 -1.541483 0.022554 3.433208 10.195569 -11.719833 3.180788 -7.109252 -10.251523 5.300277 5.300277 0.000000 0.876983 5.500000 0.000000 0.000000 0.000000 0.000000 -0.876983 -0.846182 -5.300277 0.047537 0.100189 -0.017373 nan 0.030000 0.054031 0.054453 nan
9.189590 0.000000 -0.291121 0.578215 -0.018108 0.132581 0.931486 -1.529331 -0.032501 -0.288976 -0.565548 0.020793 0.134379 -0.928310 -1.541507 0.022554 3.239206 10.218696 -11.962205 3.370733 -6.998242 -10.633453 5.324657 5.324657 0.000000 0.958997 5.500000 0.000000 0.000000 0.000000 0.000000 -0.958997 -0.837850 -5.324657 0.046974 0.100367 -0.020506 nan 0.030000 0.053895 0.054540 nan
9.235262 0.000000 -0.291648 0.578718 -0.018048 0.131395 0.931474 -1.529367 -0.032501 -0.289515 -0.565560 0.020781 0.134259 -0.928310 -1.541495 0.022554 2.969824 10.298200 -11.532890 3.576057 -6.867708 -10.739934 5.375257 5.375257 0.000000 0.983875 5.500000 0.000000 0.000000 0.000000 0.000000 -0.983875 -0.833664 -5.375257 0.047386 0.101220 -0.020994 nan 0.030000 0.053788 0.054679 nan
9.284204 0.000000 -0.295579 0.585465 -0.013518 0.127284 0.931042 -1.533094 -0.032417 -0.300552 -0.566734 0.020817 0.122311 -0.928298 -1.542334 0.022506 3.374689 11.611408 -12.649429 3.561346 -5.890328 -9.207322 5.320242 5.320242 0.000000 0.998313 5.500000 0.000000 0.000000 0.000000 0.000000 -0.998313 -0.783934 -5.320242 0.046958 0.100222 -0.020520 nan 0.030000 0.051448 0.049290 nan
9.328374 0.000000 -0.295591 0.585909 -0.013518 0.126793 0.931031 -1.533549 -0.032405 -0.301116 -0.567118 0.020793 0.121352 -0.928286 -1.542382 0.022518 3.904033 11.680822 -12.270713 3.951327 -5.660700 -9.289452 5.273065 5.273065 0.000000 0.965942 5.500000 0.000000 0.000000 0.000000 0.000000 -0.965942 -0.733059 -5.273065 0.047651 0.099641 -0.017872 nan 0.030000 0.051545 0.049144 nan
9.362868 0.000000 -0.295591 0.586136 -0.013518 0.126517 0.931031 -1.534029 -0.032381 -0.301403 -0.567369 0.020781 0.120765 -0.928298 -1.542442 0.022506 3.947557 11.987848 -12.313766 4.013275 -5.567895 -9.360289 5.408276 5.408276 0.000000 0.952108 5.500000 0.000000 0.000000 0.000000 0.000000 -0.952108 -0.696019 -5.408276 0.050907 0.102521 -0.017352 nan 0.030000 0.051626 0.049091 nan
9.413099 0.000000 -0.295555 0.587251 -0.013482 0.122035 0.930983 -1.538715 -0.032321 -0.303189 -0.568771 0.020685 0.119051 -0.928250 -1.542657 0.022458 3.372081 11.962930 -12.093843 4.309533 -5.462389 -9.961114 5.412679 5.412679 0.000000 1.000291 5.500000 0.000000 0.000000 0.000000 0.000000 -1.000291 -0.757227 -5.412679 0.050136 0.102513 -0.020470 nan 0.030000 0.050745 0.048320 nan
9.450192 0.000000 -0.295555 0.587311 -0.013458 0.121736 0.930983 -1.538739 -0.032321 -0.303309 -0.568819 0.020697 0.119039 -0.928274 -1.542669 0.022458 3.212102 11.991550 -12.108674 4.383147 -5.364852 -9.574138 5.386725 5.386725 0.000000 1.030942 5.500000 0.000000 0.000000 0.000000 0.000000 -1.030942 -0.806768 -5.386725 0.048927 0.101485 -0.024120 nan 0.030000 0.050813 0.048423 nan
9.490237 0.000000 -0.295555 0.587443 -0.013350 0.121244 0.930983 -1.539002 -0.032297 -0.303512 -0.568939 0.020697 0.119027 -0.928274 -1.542633 0.022458 3.279371 12.158331 -12.068948 4.817968 -5.467351 -9.793899 5.361951 5.361951 0.000000 1.016665 5.500000 0.000000 0.000000 0.000000 0.000000 -1.016665 -0.822764 -5.361951 0.049544 0.101389 -0.023517 nan 0.030000 0.050823 0.048486 nan
9.537078 0.000000 -0.295591 0.587958 -0.012727 0.119603 0.930851 -1.540980 -0.032226 -0.306473 -0.569862 0.020637 0.118320 -0.928274 -1.543053 0.022458 3.616317 12.145519 -12.545740 5.449423 -5.112373 -9.916009 5.371241 5.371241 0.000000 1.006939 5.500000 0.000000 0.000000 0.000000 0.000000 -1.006939 -0.790060 -5.371241 0.049971 0.101588 -0.023658 nan 0.030000 0.050507 0.047551 nan
9.576767 0.000000 -0.295555 0.587982 -0.012691 0.119555 0.930779 -1.541183 -0.032226 -0.306497 -0.569898 0.020613 0.118057 -0.928274 -1.543077 0.022434 3.651027 11.947389 -12.798676 5.421673 -5.084460 -9.854065 5.428832 5.428832 0.000000 0.933805 5.500000 0.000000 0.000000 0.000000 0.000000 -0.933805 -0.754121 -5.428832 0.050633 0.102697 -0.019232 nan 0.030000 0.050582 0.047578 nan
9.607358 0.000000 -0.295579 0.587970 -0.012643 0.119471 0.930767 -1.541315 -0.032226 -0.306509 -0.569958 0.020613 0.117781 -0.928274 -1.543077 0.022434 3.683941 11.944067 -12.611364 5.464413 -5.060470 -9.837722 5.370701 5.370701 0.000000 0.879977 5.500000 0.000000 0.000000 0.000000 0.000000 -0.879977 -0.752323 -5.370701 0.048891 0.102305 -0.016336 nan 0.030000 0.050610 0.047576 nan
9.667647 0.000000 -0.295591 0.588246 -0.012368 0.118200 0.930551 -1.543029 -0.032118 -0.306724 -0.570749 0.020517 0.115216 -0.928274 -1.543484 0.022446 4.241964 11.911516 -13.238222 5.849257 -5.185644 -10.227522 5.396533 5.396533 0.000000 0.985766 5.500000 0.000000 0.000000 0.000000 0.000000 -0.985766 -0.810537 -5.396533 0.049497 0.102046 -0.022164 nan 0.030000 0.050367 0.047017 nan
9.704451 0.000000 -0.295591 0.588222 -0.012368 0.118152 0.930527 -1.543173 -0.032106 -0.306736 -0.570761 0.020505 0.115228 -0.928274 -1.543508 0.022446 4.062306 12.020497 -13.255852 5.820633 -4.993154 -10.217406 5.386984 5.386984 0.000000 0.932130 5.500000 0.000000 0.000000 0.000000 0.000000 -0.932130 -0.844950 -5.386984 0.048548 0.101567 -0.019175 nan 0.030000 0.050394 0.047059 nan
9.748481 0.000000 -0.295699 0.588318 -0.012224 0.116966 0.930395 -1.546349 -0.032010 -0.306748 -0.571168 0.020529 0.115037 -0.928250 -1.544203 0.022434 3.838975 12.155455 -13.179938 5.781417 -5.014176 -10.487047 5.551187 5.551187 0.000000 0.871697 5.500000 0.000000 0.000000 0.000000 0.000000 -0.871697 -0.889194 -5.551187 0.049556 0.102667 -0.012722 nan 0.030000 0.050098 0.047009 nan
9.794700 0.000000 -0.295747 0.588330 -0.012224 0.116978 0.930371 -1.546456 -0.031986 -0.306748 -0.571168 0.020529 0.115001 -0.928274 -1.544239 0.022422 3.750137 11.829223 -13.220703 5.798119 -5.159843 -10.412636 5.613885 5.613885 0.000000 0.921499 5.500000 0.000000 0.000000 0.000000 0.000000 -0.921499 -0.852655 -5.613885 0.050945 0.103185 -0.017194 nan 0.030000 0.050107 0.047033 nan
9.831167 0.000000 -0.295771 0.588342 -0.012224 0.116978 0.930383 -1.546516 -0.031986 -0.306772 -0.571192 0.020529 0.114965 -0.928274 -1.544215 0.022434 3.729569 11.930167 -13.372813 5.898621 -5.062089 -10.413572 5.617815 5.617815 0.000000 0.973260 5.500000 0.000000 0.000000 0.000000 0.000000 -0.973260 -0.813672 -5.617815 0.052275 0.104393 -0.020104 nan 0.030000 0.050115 0.047034 nan
9.887058 0.000000 -0.295795 0.588545 -0.012152 0.116834 0.930252 -1.547930 -0.031878 -0.306784 -0.571624 0.020517 0.114054 -0.928274 -1.544982 0.022422 3.969541 12.080391 -13.259156 5.702969 -5.085631 -10.655751 5.569799 5.569799 0.000000 0.986673 5.500000 0.000000 0.000000 0.000000 0.000000 -0.986673 -0.807310 -5.569799 0.051286 0.103096 -0.021986 nan 0.030000 0.050052 0.046815 nan
9.931973 0.000000 -0.295795 0.588533 -0.012176 0.116846 0.930252 -1.547966 -0.031878 -0.306784 -0.571624 0.020529 0.113982 -0.928274 -1.544982 0.022411 4.007062 11.960926 -13.423708 5.877514 -5.015594 -10.570035 5.522498 5.522498 0.000000 1.001426 5.500000 0.000000 0.000000 0.000000 0.000000 -1.001426 -0.815342 -5.522498 0.050445 0.103117 -0.022361 nan 0.030000 0.050059 0.046806 nan
9.966728 0.000000 -0.295819 0.588557 -0.012164 0.116822 0.930240 -1.548002 -0.031866 -0.306784 -0.571671 0.020517 0.113814 -0.928250 -1.544994 0.022399 4.143927 11.807516 -13.540578 5.791666 -5.082672 -10.700938 5.543346 5.543346 0.000000 0.986988 5.500000 0.000000 0.000000 0.000000 0.000000 -0.986988 -0.827902 -5.543346 0.050041 0.102898 -0.021034 nan 0.030000 0.050045 0.046766 nan
10.054412 1.000000 -0.295855 0.589073 -0.011876 0.116654 0.930132 -1.548494 -0.031746 -0.306832 -0.572438 0.020385 0.108206 -0.928274 -1.545174 0.022411 4.065622 12.721462 -13.604038 4.121129 -5.271314 -9.486127 5.493303 5.493303 0.000000 0.991191 5.500000 0.000000 0.000000 0.000000 0.000000 -0.991191 -0.829290 -5.493303 0.049609 0.102159 -0.020938 0.000000 0.030000 0.049954 0.045620 0.009714
10.114577 1.000000 -0.295879 0.589109 -0.011864 0.116642 0.930108 -1.548566 -0.031746 -0.306856 -0.572558 0.020361 0.108038 -0.928274 -1.545198 0.022422 4.300885 11.955781 -13.421238 4.709037 -4.937905 -9.866080 5.468633 5.468633 0.000000 0.996426 5.500000 0.000000 0.000000 0.000000 0.000000 -0.996426 -0.826206 -5.468633 0.049488 0.101691 -0.021163 -0.000015 0.030000 0.049940 0.045571 0.009714
10.180639 1.000000 -0.295879 0.589109 -0.011852 0.116618 0.930108 -1.548638 -0.031746 -0.306868 -0.572750 0.020361 0.107798 -0.928274 -1.545198 0.022411 4.131771 12.086517 -13.560787 4.720260 -5.234836 -9.918086 5.427356 5.427356 0.000000 0.992596 5.500000 0.000000 0.000000 0.000000 0.000000 -0.992596 -0.804517 -5.427356 0.048897 0.100960 -0.019835 -0.000028 0.030000 0.049935 0.045507 0.009714
10.247989 1.000000 -0.295879 0.589157 -0.011852 0.116271 0.929988 -1.549872 -0.031638 -0.306904 -0.573014 0.020325 0.107439 -0.928274 -1.545522 0.022411 3.942190 12.397082 -13.516120 4.390017 -5.146521 -10.096337 5.365366 5.365366 0.000000 0.982616 5.500000 0.000000 0.000000 0.000000 0.000000 -0.982616 -0.797799 -5.365366 0.048305 0.100329 -0.019067 -0.000032 0.030000 0.049845 0.045402 0.009714
10.302058 1.000000 -0.295891 0.589157 -0.011852 0.116247 0.930000 -1.549920 -0.031626 -0.306892 -0.573026 0.020325 0.107439 -0.928250 -1.545534 0.022434 3.957853 12.272243 -13.771571 4.669022 -5.092077 -10.058656 5.371948 5.371948 0.000000 0.973938 5.500000 0.000000 0.000000 0.000000 0.000000 -0.973938 -0.791052 -5.371948 0.048721 0.099951 -0.019856 -0.000032 0.030000 0.049836 0.045403 0.009714
10.349918 1.000000 -0.295879 0.589168 -0.011828 0.116223 0.930000 -1.549920 -0.031614 -0.306904 -0.573050 0.020313 0.107427 -0.928250 -1.545546 0.022399 4.113333 12.331150 -13.493456 4.647804 -5.072579 -10.014427 5.340980 5.340980 0.000000 0.981337 5.500000 0.000000 0.000000 0.000000 0.000000 -0.981337 -0.780182 -5.340980 0.048268 0.099623 -0.017867 -0.000040 0.030000 0.049833 0.045392 0.009714
10.413332 1.000000 -0.295891 0.589204 -0.011840 0.116163 0.929976 -1.549836 -0.031495 -0.307012 -0.573158 0.020301 0.107415 -0.928250 -1.545666 0.022399 4.338371 11.832556 -13.784209 4.753435 -5.133253 -9.944965 5.328828 5.328828 0.000000 0.972920 5.500000 0.000000 0.000000 0.000000 0.000000 -0.972920 -0.780631 -5.328828 0.048013 0.098922 -0.018201 -0.000052 0.030000 0.049805 0.045347 0.009714
10.453188 1.000000 -0.295891 0.589180 -0.011828 0.116199 0.929976 -1.549836 -0.031495 -0.307012 -0.573146 0.020301 0.107391 -0.928250 -1.545666 0.022411 4.166875 12.138473 -13.862586 4.535929 -5.038282 -10.136664 5.303296 5.303296 0.000000 0.967752 5.500000 0.000000 0.000000 0.000000 0.000000 -0.967752 -0.779173 -5.303296 0.048075 0.098931 -0.018472 -0.000049 0.030000 0.049812 0.045345 0.009714
10.498058 1.000000 -0.295915 0.589192 -0.011828 0.116175 0.929964 -1.549824 -0.031483 -0.307024 -0.573146 0.020289 0.107403 -0.928274 -1.545677 0.022399 4.262365 12.124170 -13.764488 4.626547 -5.138514 -9.937716 5.290271 5.290271 0.000000 0.965417 5.500000 0.000000 0.000085 0.000000 0.000000 -0.965417 -0.790183 -5.290271 0.047631 0.099100 -0.018837 -0.000049 0.030000 0.049807 0.045342 0.009799
10.550489 1.000000 -0.295915 0.589180 -0.011828 0.116103 0.929952 -1.549920 -0.031399 -0.307072 -0.573193 0.020313 0.107367 -0.928250 -1.545917 0.022387 3.825327 12.242566 -13.815675 4.560827 -5.339195 -9.902346 5.278509 5.278509 0.000000 0.953713 5.500000 0.000000 0.000196 0.000000 0.000000 -0.953713 -0.785142 -5.278509 0.048002 0.097974 -0.019087 -0.000042 0.030000 0.049798 0.045312 0.009910
10.608002 1.000000 -0.295915 0.589204 -0.011828 0.116103 0.929928 -1.549908 -0.031387 -0.307048 -0.573193 0.020289 0.107355 -0.928250 -1.545929 0.022387 4.199243 12.203238 -13.648081 4.613471 -5.033362 -10.075523 5.293053 5.293053 0.000000 0.968267 5.500000 0.000000 0.000299 0.000000 0.000000 -0.968267 -0.802636 -5.293053 0.048136 0.098377 -0.019592 -0.000050 0.030000 0.049807 0.045315 0.010014
10.658675 1.000000 -0.295915 0.589192 -0.011828 0.116091 0.929928 -1.549908 -0.031387 -0.307060 -0.573182 0.020289 0.107343 -0.928238 -1.545941 0.022399 3.913125 12.280235 -13.701546 4.754695 -5.008475 -10.087652 5.292383 5.292383 0.000000 0.941208 5.500000 0.000000 0.000403 0.000000 0.000000 -0.941208 -0.779580 -5.292383 0.047698 0.098468 -0.018503 -0.000044 0.030000 0.049818 0.045311 0.010118
10.746562 1.000000 -0.295938 0.589180 -0.011828 0.116055 0.929832 -1.549896 -0.031303 -0.307072 -0.573205 0.020301 0.107331 -0.928250 -1.546049 0.022399 4.126854 12.060818 -13.493666 4.458495 -5.135205 -9.862703 5.314307 5.314307 0.000000 0.954943 5.500000 0.000000 0.000403 0.000000 0.000000 -0.954943 -0.793192 -5.314307 0.048105 0.098700 -0.019090 -0.000039 0.030000 0.049789 0.045304 0.010118
10.804469 1.000000 -0.295938 0.589204 -0.011816 0.116067 0.929832 -1.549920 -0.031279 -0.307084 -0.573205 0.020289 0.107331 -0.928250 -1.546073 0.022375 4.165411 11.756378 -13.592751 4.712204 -5.064353 -9.870664 5.402190 5.402190 0.000000 1.053187 5.500000 0.000000 0.000403 0.000000 0.000000 -1.053187 -0.819678 -5.402190 0.049032 0.099329 -0.026365 -0.000047 0.030000 0.049788 0.045298 0.010118
10.875104 1.000000 -0.295974 0.589180 -0.011828 0.116043 0.929676 -1.549920 -0.031195 -0.307084 -0.573205 0.020313 0.107331 -0.928250 -1.546157 0.022387 3.739839 12.102734 -13.540098 4.574460 -5.111122 -10.077816 5.383658 5.383658 0.000000 1.017361 5.500000 0.000000 0.000403 0.000000 0.000000 -1.017361 -0.807354 -5.383658 0.049199 0.099063 -0.022679 -0.000035 0.030000 0.049753 0.045299 0.010118
10.939126 1.000000 -0.295974 0.589180 -0.011828 0.116055 0.929676 -1.549920 -0.031195 -0.307096 -0.573205 0.020289 0.107319 -0.928250 -1.546133 0.022399 4.328696 11.840387 -13.545938 4.612030 -4.858139 -9.999765 5.366486 5.366486 0.000000 0.946388 5.500000 0.000000 0.000403 0.000000 0.000000 -0.946388 -0.796454 -5.366486 0.048162 0.099111 -0.016775 -0.000037 0.030000 0.049755 0.045293 0.010118
11.012180 1.000000 -0.296010 0.589180 -0.011816 0.116031 0.929544 -1.549908 -0.031087 -0.307096 -0.573205 0.020313 0.107307 -0.928238 -1.546181 0.022363 4.080342 11.963252 -13.596267 4.577278 -5.117121 -9.976785 5.327204 5.327204 0.000000 0.957135 5.500000 0.000000 0.000403 0.000000 0.000000 -0.957135 -0.837056 -5.327204 0.048223 0.098725 -0.021072 -0.000032 0.030000 0.049719 0.045288 0.010118
11.057622 1.000000 -0.296034 0.589180 -0.011804 0.116019 0.929532 -1.549920 -0.031075 -0.307096 -0.573205 0.020313 0.107307 -0.928238 -1.546193 0.022363 4.234933 12.203058 -13.580123 4.593350 -5.072790 -9.910937 5.343585 5.343585 0.000000 0.953853 5.500000 0.000000 0.000403 0.000000 0.000000 -0.953853 -0.819958 -5.343585 0.048090 0.098907 -0.020088 -0.000031 0.030000 0.049707 0.045288 0.010118
11.104651 1.000000 -0.296034 0.589192 -0.011816 0.115911 0.929305 -1.549824 -0.031027 -0.307120 -0.573205 0.020337 0.107307 -0.928250 -1.546169 0.022375 3.906307 12.347711 -13.791221 4.719528 -5.201048 -10.001335 5.327844 5.327844 0.000000 0.975226 5.500000 0.000000 0.000403 0.000000 0.000000 -0.975226 -0.776008 -5.327844 0.048464 0.098666 -0.020592 -0.000020 0.030000 0.049662 0.045285 0.010118
11.153509 1.000000 -0.296034 0.589180 -0.011816 0.115911 0.929293 -1.549824 -0.031039 -0.307108 -0.573205 0.020325 0.107295 -0.928238 -1.546169 0.022387 4.063289 12.253919 -13.631746 4.655175 -5.319422 -9.902171 5.328038 5.328038 0.000000 0.953283 5.500000 0.000000 0.000403 0.000000 0.000000 -0.953283 -0.779533 -5.328038 0.048577 0.098504 -0.019505 -0.000020 0.030000 0.049663 0.045285 0.010118
11.188952 1.000000 -0.296034 0.589180 -0.011804 0.115899 0.929281 -1.549812 -0.031015 -0.307108 -0.573205 0.020337 0.107307 -0.928262 -1.546181 0.022375 4.035406 12.250687 -13.656454 4.527370 -5.313519 -9.977413 5.309064 5.309064 0.000000 0.966308 5.500000 0.000000 0.000403 0.000000 0.000000 -0.966308 -0.771302 -5.309064 0.048480 0.098851 -0.019565 -0.000020 0.030000 0.049657 0.045289 0.010118
11.240017 1.000000 -0.296034 0.589180 -0.011828 0.115887 0.929257 -1.549788 -0.031027 -0.307096 -0.573217 0.020313 0.107319 -0.928250 -1.546181 0.022375 4.215784 12.442740 -13.572524 4.390429 -5.367117 -9.994090 5.324769 5.324769 0.000000 0.966954 5.500000 0.000000 0.000403 0.000000 0.000000 -0.966954 -0.780044 -5.324769 0.048013 0.098648 -0.020245 -0.000022 0.030000 0.049654 0.045291 0.010118
11.293209 1.000000 -0.296034 0.589168 -0.011828 0.115792 0.929113 -1.549752 -0.031015 -0.307120 -0.573205 0.020337 0.107247 -0.928238 -1.546145 0.022375 4.042342 12.389049 -13.515555 4.382945 -5.419768 -9.917574 5.308114 5.308114 0.000000 0.980296 5.500000 0.000000 0.000403 0.000000 0.000000 -0.980296 -0.783850 -5.308114 0.048527 0.098590 -0.019978 -0.000002 0.030000 0.049623 0.045273 0.010118
11.342774 1.000000 -0.296034 0.589157 -0.011816 0.115804 0.929113 -1.549752 -0.030991 -0.307120 -0.573205 0.020337 0.107259 -0.928250 -1.546145 0.022375 4.042295 12.491351 -13.540866 4.361510 -5.497489 -9.997728 5.312224 5.312224 0.000000 0.971224 5.500000 0.000000 0.000403 0.000000 0.000000 -0.971224 -0.774055 -5.312224 0.048405 0.098289 -0.019964 -0.000003 0.030000 0.049623 0.045276 0.010118
11.389409 1.000000 -0.296034 0.589133 -0.011816 0.115720 0.929101 -1.549692 -0.030967 -0.307120 -0.573205 0.020337 0.107175 -0.928238 -1.546169 0.022363 4.058881 12.444822 -13.532740 4.520929 -5.323224 -9.988761 5.308342 5.308342 0.000000 0.970182 5.500000 0.000000 0.000403 0.000000 0.000000 -0.970182 -0.798624 -5.308342 0.048138 0.097833 -0.019958 0.000013 0.030000 0.049605 0.045259 0.010118
11.456287 1.000000 -0.296046 0.589145 -0.011828 0.115696 0.929089 -1.549728 -0.030955 -0.307120 -0.573205 0.020337 0.107127 -0.928250 -1.546205 0.022363 4.212393 12.408218 -13.394991 4.502857 -5.209951 -9.874213 5.293330 5.293330 0.000000 0.969624 5.500000 0.000000 0.000507 0.000000 0.000000 -0.969624 -0.790701 -5.293330 0.047982 0.097989 -0.020236 0.000019 0.030000 0.049608 0.045252 0.010221
11.549858 1.000000 -0.296046 0.589133 -0.011840 0.115672 0.929089 -1.549692 -0.030943 -0.307120 -0.573205 0.020325 0.107055 -0.928238 -1.546253 0.022387 3.958004 12.506801 -13.499437 4.375367 -5.396750 -9.816098 5.297118 5.297118 0.000000 0.981742 5.500000 0.000000 0.000608 0.000000 0.000000 -0.981742 -0.793285 -5.297118 0.048010 0.097804 -0.020605 0.000028 0.030000 0.049616 0.045239 0.010323
11.598705 1.000000 -0.296058 0.589145 -0.011828 0.115660 0.929089 -1.549692 -0.030931 -0.307120 -0.573205 0.020349 0.107055 -0.928238 -1.546253 0.022375 4.084221 12.703574 -13.415924 4.362454 -5.321062 -9.849903 5.319663 5.319663 0.000000 0.973428 5.500000 0.000000 0.000608 0.000000 0.000000 -0.973428 -0.801537 -5.319663 0.047549 0.097668 -0.020682 0.000029 0.030000 0.049609 0.045240 0.010323
11.666016 1.000000 -0.296046 0.589133 -0.011828 0.115660 0.929065 -1.549680 -0.030931 -0.307108 -0.573217 0.020361 0.107067 -0.928238 -1.546253 0.022375 3.950319 12.461055 -13.353208 4.225289 -5.378665 -9.684502 5.322043 5.322043 0.000000 0.987810 5.500000 0.000000 0.000608 0.000000 0.000000 -0.987810 -0.793851 -5.322043 0.047926 0.097735 -0.020363 0.000028 0.030000 0.049610 0.045245 0.010323
11.717809 1.000000 -0.296082 0.589133 -0.011816 0.115636 0.929053 -1.549656 -0.030883 -0.307120 -0.573205 0.020349 0.107055 -0.928238 -1.546241 0.022375 3.898317 12.549597 -13.262503 4.396803 -5.261683 -9.788070 5.340640 5.340640 0.000000 0.977075 5.500000 0.000000 0.000608 0.000000 0.000000 -0.977075 -0.791073 -5.340640 0.048286 0.097865 -0.020171 0.000032 0.030000 0.049589 0.045240 0.010323
11.759643 1.000000 -0.296070 0.589133 -0.011828 0.115660 0.929053 -1.549644 -0.030883 -0.307120 -0.573205 0.020349 0.107055 -0.928238 -1.546265 0.022363 4.049779 12.603615 -13.371197 4.409221 -5.119827 -9.791314 5.367336 5.367336 0.000000 0.984574 5.500000 0.000000 0.000608 0.000000 0.000000 -0.984574 -0.804868 -5.367336 0.048521 0.097668 -0.020861 0.000031 0.030000 0.049598 0.045239 0.010323
11.823086 1.000000 -0.296070 0.589121 -0.011828 0.115624 0.929041 -1.549632 -0.030859 -0.307108 -0.573205 0.020349 0.107055 -0.928238 -1.546229 0.022375 3.720253 12.616358 -13.428381 4.443857 -5.297495 -9.877955 5.342971 5.342971 0.000000 0.976582 5.500000 0.000000 0.000608 0.000000 0.000000 -0.976582 -0.799314 -5.342971 0.048570 0.097781 -0.020430 0.000035 0.030000 0.049588 0.045244 0.010323
11.874031 1.000000 -0.296082 0.589121 -0.011840 0.115624 0.929053 -1.549644 -0.030847 -0.307120 -0.573229 0.020349 0.107055 -0.928238 -1.546229 0.022375 4.057866 12.489692 -13.438535 4.348910 -5.114706 -9.785726 5.344569 5.344569 0.000000 1.006262 5.500000 0.000000 0.000608 0.000000 0.000000 -1.006262 -0.792077 -5.344569 0.048402 0.097772 -0.020707 0.000034 0.030000 0.049585 0.045238 0.010323
11.911554 1.000000 -0.296082 0.589133 -0.011840 0.115624 0.929053 -1.549644 -0.030847 -0.307120 -0.573229 0.020349 0.107043 -0.928214 -1.546217 0.022363 4.083183 12.625889 -13.386184 4.498107 -5.321682 -9.883204 5.323841 5.323841 0.000000 0.995101 5.500000 0.000000 0.000608 0.000000 0.000000 -0.995101 -0.805886 -5.323841 0.048728 0.097905 -0.021028 0.000033 0.030000 0.049585 0.045233 0.010323
11.969289 1.000000 -0.296094 0.589133 -0.011828 0.115612 0.929053 -1.549644 -0.030847 -0.307120 -0.573205 0.020349 0.107055 -0.928238 -1.546241 0.022387 3.872629 12.613136 -13.701623 4.354747 -5.236261 -9.843261 5.351260 5.351260 0.000000 0.973693 5.500000 0.000000 0.000608 0.000000 0.000000 -0.973693 -0.804391 -5.351260 0.048636 0.097781 -0.020356 0.000036 0.030000 0.049579 0.045241 0.010323
12.054001 1.000000 -0.296094 0.589133 -0.011816 0.115612 0.929041 -1.549632 -0.030847 -0.307120 -0.573205 0.020349 0.107055 -0.928238 -1.546241 0.022375 4.113646 12.536249 -13.267751 4.360479 -5.546852 -9.981543 5.336580 5.336580 0.000000 1.002103 5.500000 0.000000 0.000608 0.000000 0.000000 -1.002103 -0.792301 -5.336580 0.048291 0.097842 -0.020476 0.000034 0.030000 0.049577 0.045240 0.010323
12.094565 1.000000 -0.296094 0.589133 -0.011828 0.115612 0.929029 -1.549632 -0.030847 -0.307132 -0.573217 0.020373 0.107055 -0.928238 -1.546229 0.022375 4.099357 12.352954 -13.355914 4.403883 -5.458434 -10.003184 5.321155 5.321155 0.000000 0.984613 5.500000 0.000000 0.000608 0.000000 0.000000 -0.984613 -0.786773 -5.321155 0.048802 0.098034 -0.020134 0.000038 0.030000 0.049576 0.045237 0.010323
12.147113 1.000000 -0.296106 0.589133 -0.011840 0.115588 0.928969 -1.549548 -0.030823 -0.307132 -0.573205 0.020361 0.107055 -0.928238 -1.546217 0.022375 3.715863 12.621103 -13.353284 4.409899 -5.461621 -10.046062 5.319960 5.319960 0.000000 0.981814 5.500000 0.000000 0.000608 0.000000 0.000000 -0.981814 -0.787717 -5.319960 0.048296 0.097570 -0.019975 0.000042 0.030000 0.049561 0.045237 0.010323
12.175000 1.000000 -0.296094 0.589133 -0.011840 0.115588 0.928945 -1.549524 -0.030847 -0.307132 -0.573217 0.020361 0.107031 -0.928238 -1.546217 0.022363 3.766329 12.603832 -13.328298 4.325326 -5.466764 -10.084793 5.335658 5.335658 0.000000 1.005890 5.500000 0.000000 0.000608 0.000000 0.000000 -1.005890 -0.797397 -5.335658 0.048390 0.097951 -0.020901 0.000041 0.030000 0.049565 0.045231 0.010323
12.203917 1.000000 -0.296094 0.589133 -0.011840 0.115576 0.928957 -1.549536 -0.030823 -0.307132 -0.573229 0.020373 0.107043 -0.928238 -1.546217 0.022387 3.920057 12.568811 -13.264942 4.368094 -5.548183 -10.027251 5.325125 5.325125 0.000000 0.977884 5.500000 0.000000 0.000608 0.000000 0.000000 -0.977884 -0.796172 -5.325125 0.048380 0.097735 -0.019908 0.000041 0.030000 0.049562 0.045235 0.010323
12.262786 1.000000 -0.296094 0.589133 -0.011852 0.115576 0.928957 -1.549524 -0.030823 -0.307132 -0.573217 0.020361 0.107031 -0.928214 -1.546217 0.022375 3.898851 12.508035 -13.515498 4.332405 -5.413281 -9.991547 5.331529 5.331529 0.000000 0.996382 5.500000 0.000000 0.000608 0.000000 0.000000 -0.996382 -0.796279 -5.331529 0.048085 0.097597 -0.020544 0.000043 0.030000 0.049562 0.045230 0.010323
12.289521 1.000000 -0.296106 0.589133 -0.011852 0.115576 0.928957 -1.549524 -0.030811 -0.307156 -0.573217 0.020385 0.107031 -0.928238 -1.546205 0.022339 4.041654 12.522391 -13.378840 4.311155 -5.395595 -10.028015 5.317828 5.317828 0.000000 0.997944 5.500000 0.000000 0.000608 0.000000 0.000000 -0.997944 -0.796161 -5.317828 0.048642 0.097493 -0.020617 0.000048 0.030000 0.049557 0.045224 0.010323
12.322069 1.000000 -0.296106 0.589145 -0.011864 0.115576 0.928933 -1.549500 -0.030799 -0.307144 -0.573217 0.020385 0.107031 -0.928214 -1.546217 0.022363 4.052990 12.612862 -13.405487 4.309286 -5.391327 -10.057062 5.325600 5.325600 0.000000 0.993794 5.500000 0.000000 0.000608 0.000000 0.000000 -0.993794 -0.793872 -5.325600 0.048422 0.097801 -0.020058 0.000047 0.030000 0.049554 0.045227 0.010323
12.347790 1.000000 -0.296106 0.589133 -0.011840 0.115564 0.928945 -1.549500 -0.030799 -0.307144 -0.573205 0.020385 0.107043 -0.928214 -1.546205 0.022375 4.016943 12.590617 -13.375920 4.378933 -5.526789 -9.998153 5.319900 5.319900 0.000000 1.000773 5.500000 0.000000 0.000608 0.000000 0.000000 -1.000773 -0.805652 -5.319900 0.048033 0.097854 -0.020322 0.000048 0.030000 0.049552 0.045231 0.010323
12.382458 1.000000 -0.296118 0.589133 -0.011852 0.115564 0.928957 -1.549488 -0.030787 -0.307144 -0.573205 0.020397 0.107043 -0.928238 -1.546205 0.022375 3.998982 12.550339 -13.350971 4.194346 -5.463400 -9.982074 5.322650 5.322650 0.000000 0.997409 5.500000 0.000000 0.000608 0.000000 0.000000 -0.997409 -0.806249 -5.322650 0.048158 0.097928 -0.020224 0.000052 0.030000 0.049549 0.045234 0.010323
12.435892 1.000000 -0.296118 0.589145 -0.011864 0.115564 0.928945 -1.549464 -0.030787 -0.307156 -0.573229 0.020385 0.107043 -0.928214 -1.546205 0.022375 3.911834 12.530694 -13.336210 4.334083 -5.594739 -9.978831 5.316288 5.316288 0.000000 0.974104 5.500000 0.000000 0.000608 0.000000 0.000000 -0.974104 -0.785382 -5.316288 0.048278 0.097663 -0.019747 0.000047 0.030000 0.049548 0.045226 0.010323
12.495176 1.000000 -0.296106 0.589133 -0.011852 0.115564 0.928945 -1.549464 -0.030775 -0.307156 -0.573217 0.020385 0.107043 -0.928214 -1.546205 0.022363 3.947455 12.555213 -13.523672 4.377928 -5.533635 -9.940852 5.317254 5.317254 0.000000 0.972941 5.500000 0.000000 0.000608 0.000000 0.000000 -0.972941 -0.787642 -5.317254 0.048282 0.097290 -0.019973 0.000048 0.030000 0.049551 0.045226 0.010323
12.524319 1.000000 -0.296118 0.589133 -0.011852 0.115540 0.928933 -1.549464 -0.030775 -0.307168 -0.573217 0.020373 0.107031 -0.928214 -1.546193 0.022363 3.938633 12.529530 -13.434178 4.340795 -5.543578 -9.990605 5.311243 5.311243 0.000000 0.994914 5.500000 0.000000 0.000608 0.000000 0.000000 -0.994914 -0.797497 -5.311243 0.048015 0.097455 -0.020385 0.000051 0.030000 0.049542 0.045219 0.010323
12.563316 1.000000 -0.296118 0.589145 -0.011852 0.115552 0.928945 -1.549464 -0.030775 -0.307156 -0.573205 0.020373 0.107043 -0.928214 -1.546193 0.022387 3.878956 12.642562 -13.436053 4.280196 -5.467177 -9.939246 5.315176 5.315176 0.000000 0.989263 5.500000 0.000000 0.000608 0.000000 0.000000 -0.989263 -0.800447 -5.315176 0.048158 0.097448 -0.020177 0.000048 0.030000 0.049544 0.045228 0.010323
12.609576 1.000000 -0.296118 0.589133 -0.011852 0.115540 0.928945 -1.549452 -0.030787 -0.307144 -0.573205 0.020385 0.107031 -0.928214 -1.546193 0.022363 3.961330 12.638573 -13.400323 4.290005 -5.424972 -10.037855 5.312508 5.312508 0.000000 0.999992 5.500000 0.000000 0.000608 0.000000 0.000000 -0.999992 -0.801072 -5.312508 0.048064 0.097260 -0.020688 0.000053 0.030000 0.049544 0.045228 0.010323
12.646685 1.000000 -0.296118 0.589133 -0.011852 0.115564 0.928945 -1.549464 -0.030764 -0.307144 -0.573229 0.020373 0.107031 -0.928214 -1.546193 0.022387 3.909255 12.597782 -13.306581 4.514987 -5.402093 -10.002972 5.335250 5.335250 0.000000 1.012045 5.500000 0.000000 0.000608 0.000000 0.000000 -1.012045 -0.794934 -5.335250 0.047938 0.097314 -0.020861 0.000046 0.030000 0.049546 0.045227 0.010323
12.706729 1.000000 -0.296118 0.589145 -0.011840 0.115564 0.928957 -1.549464 -0.030775 -0.307168 -0.573217 0.020385 0.107031 -0.928214 -1.546193 0.022399 3.951428 12.298900 -13.322074 4.491357 -5.387991 -9.813943 5.320314 5.320314 0.000000 0.980014 5.500000 0.000000 0.000608 0.000000 0.000000 -0.980014 -0.806085 -5.320314 0.048046 0.096964 -0.020426 0.000047 0.030000 0.049547 0.045223 0.010323
12.759685 1.000000 -0.296130 0.589145 -0.011852 0.115540 0.928933 -1.549464 -0.030764 -0.307156 -0.573241 0.020385 0.107043 -0.928214 -1.546193 0.022375 3.960147 12.645456 -13.369460 4.209372 -5.558566 -9.988014 5.314394 5.314394 0.000000 1.001793 5.500000 0.000000 0.000608 0.000000 0.000000 -1.001793 -0.789639 -5.314394 0.048246 0.097350 -0.020226 0.000045 0.030000 0.049537 0.045225 0.010323
12.810441 1.000000 -0.296130 0.589133 -0.011864 0.115552 0.928945 -1.549452 -0.030764 -0.307168 -0.573205 0.020373 0.107043 -0.928214 -1.546193 0.022399 3.740924 12.443274 -13.123505 4.488669 -5.220278 -9.860954 5.306280 5.306280 0.000000 0.988225 5.500000 0.000000 0.000608 0.000000 0.000000 -0.988225 -0.793766 -5.306280 0.048386 0.097302 -0.020127 0.000053 0.030000 0.049541 0.045225 0.010323
12.865677 1.000000 -0.296130 0.589145 -0.011852 0.115528 0.928945 -1.549464 -0.030764 -0.307144 -0.573205 0.020385 0.107019 -0.928238 -1.546193 0.022375 4.042699 12.437558 -13.391712 4.357362 -5.411453 -9.893388 5.335467 5.335467 0.000000 0.986844 5.500000 0.000000 0.000608 0.000000 0.000000 -0.986844 -0.795605 -5.335467 0.048597 0.097139 -0.020385 0.000054 0.030000 0.049535 0.045229 0.010323
12.928430 1.000000 -0.296142 0.589133 -0.011852 0.115528 0.928945 -1.549464 -0.030764 -0.307144 -0.573217 0.020373 0.107031 -0.928214 -1.546181 0.022375 3.933149 12.513745 -13.271249 4.337515 -5.475266 -10.072124 5.328123 5.328123 0.000000 0.999183 5.500000 0.000000 0.000608 0.000000 0.000000 -0.999183 -0.801690 -5.328123 0.048227 0.097749 -0.020523 0.000052 0.030000 0.049532 0.045227 0.010323
12.976200 1.000000 -0.296106 0.589133 -0.011864 0.115528 0.928933 -1.549476 -0.030752 -0.307144 -0.573205 0.020373 0.107043 -0.928238 -1.546181 0.022411 3.757370 12.486745 -13.393566 4.360799 -5.372160 -9.950650 5.318962 5.318962 0.000000 0.998639 5.500000 0.000000 0.000608 0.000000 0.000000 -0.998639 -0.785413 -5.318962 0.048538 0.097083 -0.020703 0.000053 0.030000 0.049541 0.045235 0.010323
13.026595 1.000000 -0.296118 0.589145 -0.011852 0.115504 0.928945 -1.549464 -0.030764 -0.307144 -0.573205 0.020373 0.107043 -0.928214 -1.546181 0.022399 3.927634 12.597856 -13.272622 4.691667 -5.506557 -9.963857 5.321492 5.321492 0.000000 0.995031 5.500000 0.000000 0.000608 0.000000 0.000000 -0.995031 -0.795404 -5.321492 0.048362 0.097464 -0.020180 0.000051 0.030000 0.049534 0.045232 0.010323
13.089231 1.000000 -0.296142 0.589133 -0.011852 0.115516 0.928945 -1.549464 -0.030752 -0.307144 -0.573217 0.020397 0.107031 -0.928238 -1.546169 0.022363 4.074449 12.551767 -13.366941 4.489723 -5.335035 -9.886723 5.353025 5.353025 0.000000 0.997647 5.500000 0.000000 0.000608 0.000000 0.000000 -0.997647 -0.791989 -5.353025 0.048820 0.097398 -0.020466 0.000056 0.030000 0.049529 0.045230 0.010323
13.154938 1.000000 -0.296130 0.589133 -0.011864 0.115516 0.928945 -1.549464 -0.030740 -0.307156 -0.573205 0.020397 0.107043 -0.928238 -1.546193 0.022375 3.566362 12.689480 -13.435286 4.298986 -5.364453 -9.892512 5.332338 5.332338 0.000000 1.004716 5.500000 0.000000 0.000608 0.000000 0.000000 -1.004716 -0.806456 -5.332338 0.048521 0.097265 -0.020098 0.000058 0.030000 0.049532 0.045231 0.010323
13.200923 1.000000 -0.296118 0.589133 -0.011888 0.115516 0.928945 -1.549464 -0.030728 -0.307168 -0.573229 0.020385 0.107031 -0.928238 -1.546193 0.022387 3.837600 12.811181 -13.406219 4.376963 -5.322875 -9.812186 5.336044 5.336044 0.000000 1.001584 5.500000 0.000000 0.000608 0.000000 0.000000 -1.001584 -0.799340 -5.336044 0.048389 0.097413 -0.019361 0.000057 0.030000 0.049535 0.045223 0.010323
13.253129 1.000000 -0.296130 0.589157 -0.011852 0.115516 0.928933 -1.549464 -0.030740 -0.307168 -0.573217 0.020385 0.107043 -0.928214 -1.546181 0.022375 3.965200 12.412577 -13.436315 4.322762 -5.613602 -9.873609 5.339248 5.339248 0.000000 1.004902 5.500000 0.000000 0.000608 0.000000 0.000000 -1.004902 -0.799035 -5.339248 0.048510 0.097295 -0.020064 0.000050 0.030000 0.049530 0.045223 0.010323
13.309054 1.000000 -0.296130 0.589145 -0.011864 0.115516 0.928957 -1.549464 -0.030728 -0.307144 -0.573205 0.020385 0.107019 -0.928214 -1.546181 0.022363 3.996873 12.563588 -13.363555 4.498708 -5.244310 -9.923628 5.311787 5.311787 0.000000 1.005453 5.500000 0.000000 0.000608 0.000000 0.000000 -1.005453 -0.805936 -5.311787 0.048023 0.097268 -0.020819 0.000056 0.030000 0.049531 0.045226 0.010323
13.372605 1.000000 -0.296130 0.589145 -0.011876 0.115504 0.928945 -1.549464 -0.030728 -0.307144 -0.573217 0.020385 0.107031 -0.928238 -1.546193 0.022387 3.799179 12.452191 -13.311204 4.535681 -5.401749 -10.019359 5.309196 5.309196 0.000000 1.005513 5.500000 0.000000 0.000608 0.000000 0.000000 -1.005513 -0.802047 -5.309196 0.048086 0.096871 -0.020350 0.000056 0.030000 0.049528 0.045231 0.010323
13.430949 1.000000 -0.296142 0.589145 -0.011852 0.115516 0.928945 -1.549464 -0.030728 -0.307144 -0.573229 0.020385 0.107043 -0.928214 -1.546181 0.022375 3.947800 12.659021 -13.319500 4.230981 -5.636284 -9.909450 5.320108 5.320108 0.000000 0.994785 5.500000 0.000000 0.000608 0.000000 0.000000 -0.994785 -0.804758 -5.320108 0.048281 0.097215 -0.020012 0.000049 0.030000 0.049526 0.045229 0.010323
13.483490 1.000000 -0.296142 0.589145 -0.011864 0.115504 0.928945 -1.549476 -0.030716 -0.307144 -0.573205 0.020397 0.107031 -0.928214 -1.546193 0.022351 3.965965 12.286962 -13.460179 4.507433 -5.169137 -9.876038 5.320232 5.320232 0.000000 1.002176 5.500000 0.000000 0.000608 0.000000 0.000000 -1.002176 -0.793371 -5.320232 0.048324 0.097000 -0.020318 0.000058 0.030000 0.049523 0.045228 0.010323
13.536787 1.000000 -0.296142 0.589133 -0.011876 0.115504 0.928921 -1.549452 -0.030716 -0.307156 -0.573205 0.020385 0.107031 -0.928214 -1.546205 0.022387 4.109860 12.568463 -13.439912 4.485116 -5.333912 -9.997494 5.311033 5.311033 0.000000 0.998552 5.500000 0.000000 0.000608 0.000000 0.000000 -0.998552 -0.807083 -5.311033 0.047683 0.096867 -0.019590 0.000061 0.030000 0.049522 0.045226 0.010323
13.582072 1.000000 -0.296130 0.589133 -0.011864 0.115504 0.928945 -1.549464 -0.030716 -0.307168 -0.573217 0.020397 0.107043 -0.928214 -1.546193 0.022375 3.966164 12.559397 -13.408111 4.523204 -5.494543 -9.900325 5.308197 5.308197 0.000000 0.997088 5.500000 0.000000 0.000608 0.000000 0.000000 -0.997088 -0.805974 -5.308197 0.047871 0.096867 -0.020311 0.000058 0.030000 0.049527 0.045224 0.010323
13.622276 1.000000 -0.296130 0.589133 -0.011864 0.115528 0.928933 -1.549452 -0.030716 -0.307156 -0.573205 0.020385 0.107019 -0.928214 -1.546193 0.022387 4.038954 12.563551 -13.395862 4.401493 -5.346426 -9.888879 5.305458 5.305458 0.000000 0.997510 5.500000 0.000000 0.000608 0.000000 0.000000 -0.997510 -0.806966 -5.305458 0.047867 0.097003 -0.020257 0.000058 0.030000 0.049531 0.045224 0.010323
13.658971 1.000000 -0.296130 0.589145 -0.011852 0.115504 0.928945 -1.549464 -0.030716 -0.307156 -0.573217 0.020385 0.107031 -0.928238 -1.546193 0.022387 4.070496 12.621084 -13.333867 4.289751 -5.518924 -9.962173 5.320370 5.320370 0.000000 1.004121 5.500000 0.000000 0.000608 0.000000 0.000000 -1.004121 -0.803865 -5.320370 0.048098 0.097486 -0.020662 0.000053 0.030000 0.049527 0.045227 0.010323
13.717926 1.000000 -0.296154 0.589145 -0.011876 0.115480 0.928945 -1.549452 -0.030716 -0.307144 -0.573217 0.020385 0.107031 -0.928238 -1.546181 0.022363 4.004437 12.550438 -13.364140 4.269788 -5.507486 -9.913922 5.310170 5.310170 0.000000 1.006528 5.500000 0.000000 0.000608 0.000000 0.000000 -1.006528 -0.801275 -5.310170 0.047754 0.097234 -0.020557 0.000059 0.030000 0.049516 0.045229 0.010323
13.784334 1.000000 -0.296130 0.589145 -0.011864 0.115504 0.928945 -1.549464 -0.030704 -0.307144 -0.573205 0.020397 0.107031 -0.928238 -1.546205 0.022363 3.666399 12.763460 -13.486856 4.365599 -5.323914 -9.757807 5.317185 5.317185 0.000000 1.006921 5.500000 0.000000 0.000608 0.000000 0.000000 -1.006921 -0.801316 -5.317185 0.048312 0.097033 -0.020674 0.000057 0.030000 0.049526 0.045231 0.010323
13.837808 1.000000 -0.296130 0.589157 -0.011864 0.115492 0.928921 -1.549464 -0.030692 -0.307144 -0.573205 0.020385 0.107019 -0.928238 -1.546181 0.022375 3.869358 12.653288 -13.233460 4.412350 -5.396198 -9.797168 5.312726 5.312726 0.000000 0.993085 5.500000 0.000000 0.000608 0.000000 0.000000 -0.993085 -0.802656 -5.312726 0.047907 0.097001 -0.020559 0.000056 0.030000 0.049520 0.045229 0.010323
13.877538 1.000000 -0.296130 0.589157 -0.011876 0.115480 0.928945 -1.549464 -0.030704 -0.307180 -0.573205 0.020373 0.107031 -0.928238 -1.546193 0.022375 4.009568 12.324851 -13.392046 4.453205 -5.377391 -9.783822 5.289943 5.289943 0.000000 1.000076 5.500000 0.000000 0.000694 0.000000 0.000000 -1.000076 -0.793369 -5.289943 0.048062 0.097264 -0.020256 0.000058 0.030000 0.049533 0.045221 0.010409
13.933475 1.000000 -0.296130 0.589145 -0.011840 0.115492 0.928945 -1.549464 -0.030704 -0.307168 -0.573229 0.020385 0.107019 -0.928214 -1.546193 0.022375 3.999286 12.659980 -13.424638 4.308750 -5.444635 -10.027493 5.306586 5.306586 0.000000 0.999439 5.500000 0.000000 0.000694 0.000000 0.000000 -0.999439 -0.816210 -5.306586 0.048077 0.097244 -0.020616 0.000052 0.030000 0.049535 0.045219 0.010409
13.991521 1.000000 -0.296130 0.589145 -0.011876 0.115492 0.928945 -1.549428 -0.030704 -0.307144 -0.573205 0.020397 0.107019 -0.928238 -1.546193 0.022375 3.877307 12.554168 -13.239946 4.121665 -5.510738 -10.009838 5.320446 5.320446 0.000000 0.993613 5.500000 0.000000 0.000694 0.000000 0.000000 -0.993613 -0.804499 -5.320446 0.048581 0.097177 -0.019746 0.000061 0.030000 0.049536 0.045231 0.010409
14.060293 1.000000 -0.296130 0.589145 -0.011864 0.115480 0.928945 -1.549464 -0.030692 -0.307168 -0.573205 0.020397 0.107019 -0.928238 -1.546181 0.022375 3.962409 12.518046 -13.356292 4.489154 -5.321767 -9.684773 5.319716 5.319716 0.000000 1.014957 5.500000 0.000000 0.000694 0.000000 0.000000 -1.014957 -0.821366 -5.319716 0.048441 0.097013 -0.020579 0.000062 0.030000 0.049532 0.045224 0.010409
14.117409 1.000000 -0.296154 0.589133 -0.011864 0.115492 0.928945 -1.549476 -0.030692 -0.307168 -0.573205 0.020397 0.107031 -0.928214 -1.546193 0.022375 3.944013 12.560362 -13.295594 4.320944 -5.354119 -9.711470 5.340945 5.340945 0.000000 1.019981 5.500000 0.000000 0.000694 0.000000 0.000000 -1.019981 -0.817899 -5.340945 0.048144 0.097355 -0.020116 0.000063 0.030000 0.049527 0.045224 0.010409
14.163223 1.000000 -0.296154 0.589145 -0.011852 0.115480 0.928933 -1.549464 -0.030680 -0.307168 -0.573205 0.020397 0.107019 -0.928214 -1.546181 0.022375 3.891211 12.767826 -13.406567 4.479614 -5.415682 -9.946829 5.325143 5.325143 0.000000 0.991609 5.500000 0.000000 0.000694 0.000000 0.000000 -0.991609 -0.795403 -5.325143 0.048420 0.097358 -0.019929 0.000061 0.030000 0.049522 0.045222 0.010409
14.217918 1.000000 -0.296142 0.589145 -0.011876 0.115456 0.928945 -1.549452 -0.030692 -0.307168 -0.573205 0.020397 0.107019 -0.928214 -1.546193 0.022375 3.953635 12.499691 -13.396004 4.469547 -5.265321 -9.964704 5.316530 5.316530 0.000000 1.005588 5.500000 0.000000 0.000694 0.000000 0.000000 -1.005588 -0.797908 -5.316530 0.048713 0.097215 -0.020553 0.000065 0.030000 0.049524 0.045222 0.010409
14.266407 1.000000 -0.296154 0.589145 -0.011864 0.115468 0.928933 -1.549428 -0.030692 -0.307168 -0.573205 0.020397 0.107019 -0.928214 -1.546193 0.022375 4.080650 12.296028 -13.427684 4.510573 -5.353149 -9.884079 5.342713 5.342713 0.000000 0.996694 5.500000 0.000000 0.000694 0.000000 0.000000 -0.996694 -0.802739 -5.342713 0.048594 0.097122 -0.020191 0.000064 0.030000 0.049521 0.045222 0.010409
14.327794 1.000000 -0.296154 0.589145 -0.011864 0.115468 0.928933 -1.549464 -0.030680 -0.307144 -0.573217 0.020397 0.107031 -0.928214 -1.546217 0.022375 3.862883 12.826166 -13.294987 4.466225 -5.381758 -9.929983 5.319328 5.319328 0.000000 1.003768 5.500000 0.000000 0.000694 0.000000 0.000000 -1.003768 -0.809572 -5.319328 0.048263 0.097069 -0.020157 0.000059 0.030000 0.049520 0.045230 0.010409
14.389267 1.000000 -0.296154 0.589145 -0.011864 0.115480 0.928945 -1.549464 -0.030692 -0.307192 -0.573229 0.020397 0.107019 -0.928214 -1.546193 0.022363 3.779387 12.568616 -13.493752 4.371189 -5.383065 -10.026700 5.322733 5.322733 0.000000 1.010244 5.500000 0.000000 0.000694 0.000000 0.000000 -1.010244 -0.814091 -5.322733 0.048156 0.096991 -0.020367 0.000060 0.030000 0.049525 0.045212 0.010409
14.444594 1.000000 -0.296154 0.589145 -0.011864 0.115456 0.928957 -1.549464 -0.030680 -0.307168 -0.573217 0.020397 0.107019 -0.928214 -1.546181 0.022375 4.011278 12.504050 -13.344175 4.242451 -5.527592 -10.019089 5.310981 5.310981 0.000000 1.000860 5.500000 0.000000 0.000694 0.000000 0.000000 -1.000860 -0.814132 -5.310981 0.048084 0.097041 -0.020486 0.000063 0.030000 0.049520 0.045221 0.010409
14.494238 1.000000 -0.296154 0.589157 -0.011876 0.115456 0.928921 -1.549452 -0.030680 -0.307168 -0.573229 0.020409 0.107019 -0.928214 -1.546169 0.022375 3.938962 12.598241 -13.363813 4.245112 -5.398526 -9.745420 5.331620 5.331620 0.000000 1.001278 5.500000 0.000000 0.000694 0.000000 0.000000 -1.001278 -0.813040 -5.331620 0.048243 0.096758 -0.020588 0.000062 0.030000 0.049517 0.045221 0.010409
14.549996 1.000000 -0.296154 0.589145 -0.011864 0.115480 0.928921 -1.549428 -0.030680 -0.307168 -0.573205 0.020409 0.107019 -0.928214 -1.546181 0.022375 3.935971 12.705403 -13.355654 4.260353 -5.340910 -10.024367 5.312536 5.312536 0.000000 1.008369 5.500000 0.000000 0.000694 0.000000 0.000000 -1.008369 -0.811695 -5.312536 0.048249 0.097267 -0.021044 0.000064 0.030000 0.049522 0.045223 0.010409
14.617584 1.000000 -0.296154 0.589145 -0.011852 0.115444 0.928885 -1.549405 -0.030680 -0.307168 -0.573217 0.020385 0.107019 -0.928214 -1.546181 0.022375 3.916022 12.530771 -13.360873 4.292566 -5.406581 -9.712532 5.314200 5.314200 0.000000 1.017317 5.500000 0.000000 0.000694 0.000000 0.000000 -1.017317 -0.817002 -5.314200 0.048047 0.097516 -0.021013 0.000060 0.030000 0.049511 0.045220 0.010409
14.668091 1.000000 -0.296154 0.589133 -0.011852 0.115420 0.928909 -1.549405 -0.030668 -0.307168 -0.573205 0.020385 0.107043 -0.928214 -1.546193 0.022375 3.841140 12.747381 -13.510917 4.165328 -5.435553 -9.871937 5.316666 5.316666 0.000000 1.021226 5.500000 0.000000 0.000694 0.000000 0.000000 -1.021226 -0.811133 -5.316666 0.048137 0.097271 -0.020583 0.000064 0.030000 0.049508 0.045225 0.010409
14.705588 1.000000 -0.296154 0.589157 -0.011864 0.115456 0.928885 -1.549393 -0.030668 -0.307168 -0.573205 0.020397 0.107019 -0.928214 -1.546169 0.022375 3.869104 12.662782 -13.484569 4.265886 -5.455393 -9.759158 5.305297 5.305297 0.000000 1.001597 5.500000 0.000000 0.000694 0.000000 0.000000 -1.001597 -0.804597 -5.305297 0.047947 0.096403 -0.020405 0.000062 0.030000 0.049513 0.045222 0.010409
14.753580 1.000000 -0.296154 0.589157 -0.011888 0.115420 0.928873 -1.549393 -0.030680 -0.307168 -0.573205 0.020397 0.107019 -0.928214 -1.546193 0.022351 3.774091 12.525906 -13.177484 4.497034 -5.362745 -9.932679 5.319161 5.319161 0.000000 1.002994 5.500000 0.000000 0.000694 0.000000 0.000000 -1.002994 -0.799858 -5.319161 0.048002 0.096825 -0.020451 0.000068 0.030000 0.049506 0.045220 0.010409
14.799322 1.000000 -0.296154 0.589168 -0.011852 0.115420 0.928885 -1.549405 -0.030680 -0.307168 -0.573217 0.020409 0.107019 -0.928214 -1.546169 0.022387 3.909474 12.529177 -13.370680 4.478696 -5.478040 -9.953455 5.304626 5.304626 0.000000 1.018046 5.500000 0.000000 0.000694 0.000000 0.000000 -1.018046 -0.817813 -5.304626 0.047793 0.096857 -0.020558 0.000061 0.030000 0.049506 0.045223 0.010409
14.856480 1.000000 -0.296154 0.589145 -0.011864 0.115432 0.928885 -1.549417 -0.030680 -0.307168 -0.573217 0.020397 0.107031 -0.928214 -1.546181 0.022375 3.977594 12.565349 -13.326927 4.363961 -5.416101 -9.806256 5.292681 5.292681 0.000000 1.022104 5.500000 0.000000 0.000798 0.000000 0.000000 -1.022104 -0.815120 -5.292681 0.047951 0.096494 -0.020685 0.000063 0.030000 0.049524 0.045225 0.010513
14.929079 1.000000 -0.296154 0.589133 -0.011864 0.115432 0.928873 -1.549405 -0.030668 -0.307144 -0.573205 0.020409 0.107031 -0.928214 -1.546169 0.022375 3.741946 12.541068 -13.253952 4.247138 -5.317403 -9.746673 5.333139 5.333139 0.000000 1.008911 5.500000 0.000000 0.000798 0.000000 0.000000 -1.008911 -0.828969 -5.333139 0.048068 0.096904 -0.020372 0.000067 0.030000 0.049522 0.045234 0.010513
14.966141 1.000000 -0.296154 0.589145 -0.011852 0.115420 0.928873 -1.549417 -0.030680 -0.307168 -0.573205 0.020397 0.107019 -0.928214 -1.546181 0.022387 3.823149 12.626251 -13.332687 4.336033 -5.343634 -9.878857 5.320554 5.320554 0.000000 1.030751 5.500000 0.000000 0.000798 0.000000 0.000000 -1.030751 -0.816163 -5.320554 0.048199 0.097014 -0.020978 0.000066 0.030000 0.049520 0.045225 0.010513
15.017057 1.000000 -0.296178 0.589145 -0.011864 0.115432 0.928885 -1.549393 -0.030656 -0.307168 -0.573217 0.020397 0.107019 -0.928214 -1.546181 0.022375 3.699140 12.361750 -13.387179 4.280737 -5.524079 -9.972894 5.314931 5.314931 0.000000 1.023069 5.500000 0.000000 0.000798 0.000000 0.000000 -1.023069 -0.815804 -5.314931 0.048282 0.097054 -0.021084 0.000066 0.030000 0.049514 0.045223 0.010513
15.063720 1.000000 -0.296178 0.589145 -0.011864 0.115420 0.928885 -1.549405 -0.030680 -0.307168 -0.573229 0.020397 0.107019 -0.928214 -1.546145 0.022375 3.634985 12.590318 -13.411987 4.404032 -5.463639 -9.947227 5.320301 5.320301 0.000000 1.014404 5.500000 0.000000 0.000798 0.000000 0.000000 -1.014404 -0.815465 -5.320301 0.047866 0.097002 -0.020829 0.000065 0.030000 0.049514 0.045222 0.010513
15.111381 1.000000 -0.296178 0.589157 -0.011876 0.115420 0.928885 -1.549405 -0.030668 -0.307168 -0.573205 0.020385 0.107031 -0.928214 -1.546169 0.022363 3.979586 12.526345 -13.232921 4.316989 -5.375336 -9.873967 5.341931 5.341931 0.000000 1.015287 5.500000 0.000000 0.000798 0.000000 0.000000 -1.015287 -0.816712 -5.341931 0.047913 0.096910 -0.021294 0.000066 0.030000 0.049513 0.045225 0.010513
15.193565 1.000000 -0.296178 0.589145 -0.011864 0.115420 0.928885 -1.549393 -0.030668 -0.307168 -0.573229 0.020397 0.107019 -0.928214 -1.546157 0.022363 3.918544 12.599358 -13.464436 4.477263 -5.359197 -9.940458 5.323567 5.323567 0.000000 1.019101 5.500000 0.000000 0.000798 0.000000 0.000000 -1.019101 -0.823216 -5.323567 0.048173 0.096950 -0.021105 0.000064 0.030000 0.049513 0.045221 0.010513
15.239763 1.000000 -0.296166 0.589145 -0.011864 0.115408 0.928873 -1.549393 -0.030668 -0.307168 -0.573205 0.020385 0.107031 -0.928214 -1.546169 0.022375 3.948459 12.582608 -13.422724 4.244763 -5.393959 -9.976653 5.337018 5.337018 0.000000 1.019785 5.500000 0.000000 0.000798 0.000000 0.000000 -1.019785 -0.817562 -5.337018 0.048318 0.096836 -0.020644 0.000066 0.030000 0.049513 0.045226 0.010513
15.297801 1.000000 -0.296154 0.589157 -0.011852 0.115408 0.928873 -1.549369 -0.030668 -0.307168 -0.573217 0.020409 0.107019 -0.928214 -1.546157 0.022399 3.852916 12.782594 -13.503730 4.261747 -5.400724 -9.772994 5.347377 5.347377 0.000000 1.028356 5.500000 0.000000 0.000798 0.000000 0.000000 -1.028356 -0.821833 -5.347377 0.048152 0.097433 -0.021144 0.000064 0.030000 0.049516 0.045226 0.010513
15.357764 1.000000 -0.296166 0.589145 -0.011876 0.115408 0.928873 -1.549393 -0.030668 -0.307168 -0.573217 0.020409 0.107019 -0.928214 -1.546181 0.022375 3.866997 12.545116 -13.277980 4.491951 -5.356808 -9.925834 5.339001 5.339001 0.000000 1.027582 5.500000 0.000000 0.000798 0.000000 0.000000 -1.027582 -0.806778 -5.339001 0.048225 0.097261 -0.020820 0.000070 0.030000 0.049514 0.045224 0.010513
15.416258 1.000000 -0.296154 0.589133 -0.011864 0.115408 0.928885 -1.549393 -0.030680 -0.307180 -0.573217 0.020397 0.107031 -0.928214 -1.546181 0.022375 3.968270 12.584331 -13.346807 4.520292 -5.408143 -9.842579 5.323498 5.323498 0.000000 1.019898 5.500000 0.000000 0.000798 0.000000 0.000000 -1.019898 -0.811400 -5.323498 0.048160 0.096792 -0.021271 0.000068 0.030000 0.049519 0.045222 0.010513
15.462198 1.000000 -0.296154 0.589145 -0.011864 0.115408 0.928885 -1.549405 -0.030656 -0.307180 -0.573205 0.020385 0.107019 -0.928214 -1.546145 0.022375 3.945026 12.609508 -13.351386 4.386854 -5.559440 -9.786324 5.325404 5.325404 0.000000 1.009183 5.500000 0.000000 0.000798 0.000000 0.000000 -1.009183 -0.823237 -5.325404 0.048171 0.097044 -0.021183 0.000067 0.030000 0.049517 0.045220 0.010513
15.513101 1.000000 -0.296166 0.589145 -0.011876 0.115384 0.928813 -1.549333 -0.030680 -0.307168 -0.573205 0.020397 0.107019 -0.928214 -1.546133 0.022363 3.837575 12.457435 -13.213956 4.124016 -5.362977 -9.955629 5.337232 5.337232 0.000000 1.030070 5.500000 0.000000 0.000798 0.000000 0.000000 -1.030070 -0.815488 -5.337232 0.048109 0.097142 -0.021622 0.000072 0.030000 0.049505 0.045224 0.010513
15.553704 1.000000 -0.296178 0.589157 -0.011852 0.115360 0.928813 -1.549333 -0.030668 -0.307168 -0.573205 0.020397 0.107019 -0.928214 -1.546109 0.022375 3.896436 12.573384 -13.281824 4.229704 -5.529450 -9.995297 5.315826 5.315826 0.000000 1.016821 5.500000 0.000000 0.000798 0.000000 0.000000 -1.016821 -0.830815 -5.315826 0.048550 0.097813 -0.020880 0.000069 0.030000 0.049495 0.045224 0.010513
15.600529 1.000000 -0.296166 0.589157 -0.011876 0.115384 0.928813 -1.549333 -0.030668 -0.307168 -0.573205 0.020397 0.107019 -0.928202 -1.546133 0.022375 3.896042 12.607241 -13.399552 4.188908 -5.412720 -10.025833 5.319506 5.319506 0.000000 1.023302 5.500000 0.000000 0.000798 0.000000 0.000000 -1.023302 -0.830640 -5.319506 0.048184 0.097208 -0.021349 0.000070 0.030000 0.049504 0.045223 0.010513
15.654076 1.000000 -0.296154 0.589168 -0.011876 0.115360 0.928801 -1.549345 -0.030668 -0.307168 -0.573229 0.020397 0.107019 -0.928214 -1.546145 0.022375 3.844088 12.627332 -13.378461 4.192637 -5.510685 -10.069522 5.311074 5.311074 0.000000 1.016298 5.500000 0.000000 0.000798 0.000000 0.000000 -1.016298 -0.825582 -5.311074 0.048638 0.097391 -0.021035 0.000065 0.030000 0.049501 0.045222 0.010513
15.711685 1.000000 -0.296178 0.589145 -0.011864 0.115348 0.928813 -1.549321 -0.030668 -0.307168 -0.573217 0.020385 0.107019 -0.928214 -1.546133 0.022363 3.992463 12.305362 -13.379342 4.320647 -5.448025 -9.953940 5.334469 5.334469 0.000000 1.025373 5.500000 0.000000 0.000798 0.000000 0.000000 -1.025373 -0.825437 -5.334469 0.048251 0.097097 -0.021803 0.000070 0.030000 0.049493 0.045222 0.010513
15.772077 1.000000 -0.296178 0.589180 -0.011876 0.115360 0.928813 -1.549309 -0.030668 -0.307180 -0.573229 0.020385 0.107019 -0.928214 -1.546133 0.022363 3.961780 12.735802 -13.385946 4.307786 -5.493517 -9.961207 5.331523 5.331523 0.000000 1.027273 5.500000 0.000000 0.000798 0.000000 0.000000 -1.027273 -0.824412 -5.331523 0.048476 0.097476 -0.021949 0.000063 0.030000 0.049495 0.045217 0.010513
15.826114 1.000000 -0.296154 0.589145 -0.011864 0.115348 0.928813 -1.549309 -0.030680 -0.307168 -0.573205 0.020409 0.107043 -0.928214 -1.546133 0.022375 3.895782 12.567709 -13.365614 4.280777 -5.401067 -10.100777 5.340030 5.340030 0.000000 1.030831 5.500000 0.000000 0.000798 0.000000 0.000000 -1.030831 -0.822797 -5.340030 0.048387 0.097395 -0.020889 0.000072 0.030000 0.049501 0.045229 0.010513
15.871575 1.000000 -0.296154 0.589157 -0.011864 0.115324 0.928813 -1.549321 -0.030680 -0.307168 -0.573205 0.020397 0.107031 -0.928214 -1.546145 0.022339 3.760374 12.770301 -13.459023 4.245363 -5.471434 -10.011738 5.341990 5.341990 0.000000 1.023844 5.500000 0.000000 0.000798 0.000000 0.000000 -1.023844 -0.815782 -5.341990 0.048522 0.097316 -0.021176 0.000071 0.030000 0.049496 0.045224 0.010513
15.934126 1.000000 -0.296154 0.589168 -0.011852 0.115336 0.928789 -1.549309 -0.030668 -0.307168 -0.573205 0.020409 0.107019 -0.928214 -1.546145 0.022375 4.030150 12.546483 -13.284703 4.288976 -5.397656 -10.053686 5.345153 5.345153 0.000000 1.023192 5.500000 0.000000 0.000798 0.000000 0.000000 -1.023192 -0.822762 -5.345153 0.048239 0.097159 -0.020933 0.000069 0.030000 0.049495 0.045225 0.010513
15.984004 1.000000 -0.296154 0.589157 -0.011864 0.115324 0.928813 -1.549321 -0.030668 -0.307192 -0.573217 0.020385 0.107019 -0.928214 -1.546145 0.022375 3.626609 12.441645 -13.289878 4.243829 -5.578924 -10.004738 5.331803 5.331803 0.000000 1.021880 5.500000 0.000000 0.000798 0.000000 0.000000 -1.021880 -0.824663 -5.331803 0.048292 0.097124 -0.021507 0.000070 0.030000 0.049495 0.045216 0.010513
16.045016 1.000000 -0.296178 0.589157 -0.011864 0.115324 0.928789 -1.549321 -0.030668 -0.307192 -0.573205 0.020397 0.107019 -0.928214 -1.546133 0.022375 3.785154 12.608054 -13.204153 4.219293 -5.316117 -9.940579 5.343849 5.343849 0.000000 1.023857 5.500000 0.000000 0.000798 0.000000 0.000000 -1.023857 -0.824805 -5.343849 0.048505 0.097686 -0.021521 0.000075 0.030000 0.049486 0.045217 0.010513
16.102543 1.000000 -0.296154 0.589168 -0.011876 0.115300 0.928813 -1.549309 -0.030668 -0.307180 -0.573217 0.020397 0.107019 -0.928214 -1.546133 0.022375 3.904054 12.450516 -13.515434 4.082713 -5.519813 -9.911447 5.353063 5.353063 0.000000 1.030853 5.500000 0.000000 0.000798 0.000000 0.000000 -1.030853 -0.840164 -5.353063 0.048149 0.097358 -0.022168 0.000072 0.030000 0.049491 0.045220 0.010513
16.160668 1.000000 -0.296166 0.589157 -0.011876 0.115264 0.928789 -1.549297 -0.030656 -0.307180 -0.573217 0.020397 0.107019 -0.928214 -1.546121 0.022375 3.979720 12.471648 -13.253033 4.418333 -5.425745 -9.882998 5.339526 5.339526 0.000000 1.033173 5.500000 0.000000 0.000798 0.000000 0.000000 -1.033173 -0.831422 -5.339526 0.048698 0.097952 -0.021547 0.000078 0.030000 0.049477 0.045220 0.010513
16.255335 1.000000 -0.296154 0.589157 -0.011876 0.115288 0.928789 -1.549297 -0.030656 -0.307192 -0.573217 0.020397 0.107019 -0.928214 -1.546133 0.022387 3.890820 12.401573 -13.437914 4.436531 -5.261846 -9.889554 5.355340 5.355340 0.000000 1.027790 5.500000 0.000000 0.000798 0.000000 0.000000 -1.027790 -0.825946 -5.355340 0.048648 0.097760 -0.022219 0.000076 0.030000 0.049486 0.045217 0.010513
16.306683 1.000000 -0.296154 0.589145 -0.011864 0.115240 0.928789 -1.549297 -0.030644 -0.307180 -0.573205 0.020397 0.107019 -0.928214 -1.546121 0.022375 3.739391 12.513401 -13.555063 4.260562 -5.454197 -10.079101 5.369763 5.369763 0.000000 1.029083 5.500000 0.000000 0.000798 0.000000 0.000000 -1.029083 -0.841523 -5.369763 0.048656 0.097755 -0.022612 0.000081 0.030000 0.049475 0.045221 0.010513
16.346572 1.000000 -0.296166 0.589145 -0.011864 0.115252 0.928777 -1.549297 -0.030656 -0.307192 -0.573217 0.020385 0.107019 -0.928214 -1.546121 0.022375 3.940077 12.592059 -13.378057 4.413852 -5.330463 -9.889741 5.366639 5.366639 0.000000 1.033049 5.500000 0.000000 0.000798 0.000000 0.000000 -1.033049 -0.833937 -5.366639 0.048999 0.097646 -0.022960 0.000078 0.030000 0.049474 0.045216 0.010513
16.411779 1.000000 -0.296166 0.589157 -0.011864 0.115240 0.928813 -1.549297 -0.030656 -0.307192 -0.573193 0.020397 0.107019 -0.928214 -1.546121 0.022375 3.914875 12.573771 -13.375784 4.464968 -5.329334 -9.894105 5.361453 5.361453 0.000000 1.017294 5.500000 0.000000 0.000798 0.000000 0.000000 -1.017294 -0.829673 -5.361453 0.048804 0.098118 -0.022097 0.000083 0.030000 0.049475 0.045218 0.010513
16.476669 1.000000 -0.296178 0.589157 -0.011864 0.115216 0.928789 -1.549285 -0.030668 -0.307180 -0.573205 0.020409 0.107019 -0.928214 -1.546121 0.022375 3.972535 12.441927 -13.318471 4.235533 -5.534755 -10.134638 5.369330 5.369330 0.000000 1.031238 5.500000 0.000000 0.000798 0.000000 0.000000 -1.031238 -0.839265 -5.369330 0.048789 0.097701 -0.022282 0.000084 0.030000 0.049465 0.045222 0.010513
16.551979 1.000000 -0.296178 0.589157 -0.011876 0.115204 0.928801 -1.549297 -0.030644 -0.307180 -0.573217 0.020409 0.107019 -0.928202 -1.546133 0.022375 3.786605 12.753968 -13.197267 4.273767 -5.497604 -9.919758 5.365329 5.365329 0.000000 1.026938 5.500000 0.000000 0.000798 0.000000 0.000000 -1.026938 -0.832895 -5.365329 0.049152 0.098152 -0.022118 0.000084 0.030000 0.049462 0.045219 0.010513
16.611568 1.000000 -0.296166 0.589145 -0.011864 0.115156 0.928777 -1.549297 -0.030656 -0.307180 -0.573217 0.020397 0.107019 -0.928214 -1.546109 0.022375 4.014022 12.597283 -13.441272 4.300512 -5.454301 -10.025330 5.357870 5.357870 0.000000 1.023888 5.500000 0.000000 0.000798 0.000000 0.000000 -1.023888 -0.842397 -5.357870 0.048771 0.097699 -0.022186 0.000086 0.030000 0.049456 0.045220 0.010513
16.657348 1.000000 -0.296166 0.589157 -0.011876 0.115132 0.928789 -1.549309 -0.030656 -0.307192 -0.573205 0.020385 0.107019 -0.928214 -1.546109 0.022375 3.861825 12.680446 -13.369418 4.238136 -5.407078 -10.017444 5.364858 5.364858 0.000000 1.036101 5.500000 0.000000 0.000798 0.000000 0.000000 -1.036101 -0.834981 -5.364858 0.048790 0.098027 -0.022339 0.000089 0.030000 0.049452 0.045217 0.010513
16.747482 1.000000 -0.296154 0.589168 -0.011852 0.115085 0.928813 -1.549285 -0.030644 -0.307192 -0.573217 0.020409 0.107019 -0.928214 -1.546109 0.022375 4.023350 12.508806 -13.270338 4.199394 -5.588903 -9.954813 5.367474 5.367474 0.000000 1.020476 5.500000 0.000000 0.000798 0.000000 0.000000 -1.020476 -0.838592 -5.367474 0.049022 0.098206 -0.022431 0.000088 0.030000 0.049447 0.045217 0.010513
16.807305 1.000000 -0.296166 0.589145 -0.011876 0.115085 0.928789 -1.549309 -0.030656 -0.307192 -0.573217 0.020397 0.107019 -0.928214 -1.546109 0.022375 3.868159 12.465996 -13.386693 4.269299 -5.372497 -10.044841 5.364117 5.364117 0.000000 1.020497 5.500000 0.000000 0.000798 0.000000 0.000000 -1.020497 -0.831411 -5.364117 0.048849 0.098009 -0.022201 0.000094 0.030000 0.049443 0.045216 0.010513
16.886711 1.000000 -0.296178 0.589168 -0.011864 0.115073 0.928777 -1.549297 -0.030644 -0.307180 -0.573205 0.020409 0.107019 -0.928214 -1.546109 0.022387 3.999356 12.620958 -13.331779 4.303823 -5.561198 -10.029120 5.381213 5.381213 0.000000 1.019768 5.500000 0.000000 0.000798 0.000000 0.000000 -1.019768 -0.828779 -5.381213 0.049037 0.097928 -0.022258 0.000093 0.030000 0.049434 0.045222 0.010513
16.952904 1.000000 -0.296154 0.589180 -0.011852 0.115037 0.928801 -1.549285 -0.030644 -0.307192 -0.573205 0.020421 0.107019 -0.928214 -1.546121 0.022375 3.449484 12.620447 -13.483900 4.333454 -5.309462 -10.034732 5.379241 5.379241 0.000000 1.021844 5.500000 0.000000 0.000798 0.000000 0.000000 -1.021844 -0.845174 -5.379241 0.048938 0.098100 -0.022672 0.000093 0.030000 0.049436 0.045219 0.010513
16.989196 1.000000 -0.296178 0.589168 -0.011876 0.115025 0.928813 -1.549297 -0.030656 -0.307192 -0.573205 0.020397 0.107019 -0.928214 -1.546097 0.022375 3.596728 12.545047 -13.305439 4.284646 -5.511434 -9.952527 5.379244 5.379244 0.000000 1.029584 5.500000 0.000000 0.000798 0.000000 0.000000 -1.029584 -0.848874 -5.379244 0.048830 0.098358 -0.022750 0.000097 0.030000 0.049430 0.045218 0.010513
17.045809 1.000000 -0.296178 0.589180 -0.011876 0.115037 0.928789 -1.549297 -0.030644 -0.307192 -0.573205 0.020409 0.107019 -0.928214 -1.546097 0.022375 3.683758 12.474710 -13.292779 4.446281 -5.307502 -9.896122 5.371082 5.371082 0.000000 1.018642 5.500000 0.000000 0.000798 0.000000 0.000000 -1.018642 -0.826303 -5.371082 0.049137 0.098157 -0.022305 0.000096 0.030000 0.049429 0.045218 0.010513
17.090061 1.000000 -0.296178 0.589157 -0.011864 0.115013 0.928801 -1.549297 -0.030644 -0.307192 -0.573205 0.020409 0.107019 -0.928214 -1.546109 0.022375 3.656876 12.625202 -13.325347 4.438304 -5.356103 -9.900844 5.370738 5.370738 0.000000 1.033724 5.500000 0.000000 0.000798 0.000000 0.000000 -1.033724 -0.850959 -5.370738 0.048575 0.098079 -0.023576 0.000100 0.030000 0.049425 0.045218 0.010513
17.148313 1.000000 -0.296166 0.589157 -0.011876 0.115001 0.928789 -1.549297 -0.030632 -0.307180 -0.573205 0.020409 0.107019 -0.928214 -1.546097 0.022375 3.660748 12.533605 -13.139084 4.264760 -5.524494 -10.037479 5.374667 5.374667 0.000000 1.022266 5.500000 0.000000 0.000798 0.000000 0.000000 -1.022266 -0.843341 -5.374667 0.049141 0.097917 -0.022131 0.000101 0.030000 0.049425 0.045222 0.010513
17.189323 1.000000 -0.296178 0.589180 -0.011876 0.114977 0.928813 -1.549297 -0.030644 -0.307204 -0.573229 0.020385 0.107019 -0.928214 -1.546097 0.022375 3.817183 12.384463 -13.213630 4.125933 -5.467791 -9.885192 5.378595 5.378595 0.000000 1.027406 5.500000 0.000000 0.000798 0.000000 0.000000 -1.027406 -0.844021 -5.378595 0.049288 0.098313 -0.022943 0.000094 0.030000 0.049419 0.045211 0.010513
17.219208 1.000000 -0.296178 0.589168 -0.011852 0.114953 0.928813 -1.549297 -0.030644 -0.307180 -0.573229 0.020409 0.107019 -0.928214 -1.546097 0.022375 3.878894 12.283874 -13.375975 4.168619 -5.471125 -10.070321 5.380443 5.380443 0.000000 1.022825 5.500000 0.000000 0.000798 0.000000 0.000000 -1.022825 -0.833853 -5.380443 0.049271 0.097778 -0.022502 0.000096 0.030000 0.049414 0.045220 0.010513
17.252918 1.000000 -0.296178 0.589145 -0.011876 0.114953 0.928777 -1.549297 -0.030644 -0.307204 -0.573205 0.020397 0.107019 -0.928214 -1.546097 0.022375 3.753199 12.487926 -13.252428 4.276662 -5.423052 -9.917867 5.374263 5.374263 0.000000 1.014834 5.500000 0.000000 0.000798 0.000000 0.000000 -1.014834 -0.837093 -5.374263 0.049381 0.098229 -0.022383 0.000107 0.030000 0.049413 0.045214 0.010513
17.287983 1.000000 -0.296166 0.589168 -0.011864 0.114929 0.928777 -1.549273 -0.030656 -0.307192 -0.573217 0.020397 0.107043 -0.928214 -1.546097 0.022375 3.729171 12.504058 -13.325281 4.347181 -5.424561 -9.926838 5.383033 5.383033 0.000000 1.037257 5.500000 0.000000 0.000798 0.000000 0.000000 -1.037257 -0.847312 -5.383033 0.049234 0.098486 -0.023451 0.000098 0.030000 0.049412 0.045221 0.010513
17.329151 1.000000 -0.296178 0.589157 -0.011864 0.114929 0.928801 -1.549297 -0.030644 -0.307192 -0.573229 0.020397 0.107019 -0.928214 -1.546109 0.022351 3.557446 12.338481 -13.429663 4.240086 -5.448575 -9.976583 5.397777 5.397777 0.000000 1.040361 5.500000 0.000000 0.000798 0.000000 0.000000 -1.040361 -0.835279 -5.397777 0.049591 0.098487 -0.023239 0.000101 0.030000 0.049409 0.045214 0.010513
17.378076 1.000000 -0.296166 0.589168 -0.011876 0.114917 0.928777 -1.549273 -0.030644 -0.307180 -0.573217 0.020409 0.107019 -0.928214 -1.546133 0.022375 3.740159 12.512404 -13.186845 4.243693 -5.464596 -10.027651 5.386005 5.386005 0.000000 1.023898 5.500000 0.000000 0.000798 0.000000 0.000000 -1.023898 -0.842494 -5.386005 0.049527 0.098359 -0.023306 0.000103 0.030000 0.049409 0.045221 0.010513
17.427644 1.000000 -0.296178 0.589180 -0.011876 0.114881 0.928813 -1.549273 -0.030656 -0.307180 -0.573205 0.020409 0.107019 -0.928214 -1.546109 0.022363 3.753579 12.478651 -13.248356 4.426381 -5.358646 -9.901153 5.397846 5.397846 0.000000 1.031231 5.500000 0.000000 0.000798 0.000000 0.000000 -1.031231 -0.843722 -5.397846 0.049347 0.098268 -0.023335 0.000107 0.030000 0.049402 0.045221 0.010513
17.464131 1.000000 -0.296178 0.589157 -0.011876 0.114881 0.928777 -1.549297 -0.030656 -0.307192 -0.573217 0.020409 0.107019 -0.928214 -1.546097 0.022363 3.918552 12.697982 -13.217523 4.334248 -5.425466 -9.975731 5.399977 5.399977 0.000000 1.022170 5.500000 0.000000 0.000798 0.000000 0.000000 -1.022170 -0.844537 -5.399977 0.049291 0.098597 -0.024123 0.000109 0.030000 0.049400 0.045216 0.010513
17.503575 1.000000 -0.296178 0.589168 -0.011864 0.114881 0.928789 -1.549285 -0.030656 -0.307180 -0.573217 0.020385 0.107043 -0.928214 -1.546097 0.022375 3.808517 12.599118 -13.231089 4.340546 -5.625872 -9.987313 5.397243 5.397243 0.000000 1.025845 5.500000 0.000000 0.000798 0.000000 0.000000 -1.025845 -0.852449 -5.397243 0.049205 0.098265 -0.023069 0.000101 0.030000 0.049400 0.045224 0.010513
17.553096 1.000000 -0.296166 0.589168 -0.011876 0.114857 0.928777 -1.549285 -0.030644 -0.307180 -0.573217 0.020385 0.107019 -0.928214 -1.546097 0.022363 3.568564 12.641752 -13.325778 4.203028 -5.464970 -10.003478 5.410507 5.410507 0.000000 1.037876 5.500000 0.000000 0.000798 0.000000 0.000000 -1.037876 -0.859438 -5.410507 0.049817 0.098597 -0.023839 0.000105 0.030000 0.049397 0.045219 0.010513
17.590447 1.000000 -0.296178 0.589168 -0.011864 0.114857 0.928789 -1.549285 -0.030632 -0.307192 -0.573217 0.020385 0.107019 -0.928202 -1.546097 0.022363 3.656258 12.400291 -13.302557 4.233215 -5.432409 -9.975928 5.400897 5.400897 0.000000 1.025576 5.500000 0.000000 0.000798 0.000000 0.000000 -1.025576 -0.855956 -5.400897 0.049524 0.098778 -0.023358 0.000105 0.030000 0.049393 0.045214 0.010513
17.629591 1.000000 -0.296190 0.589168 -0.011864 0.114869 0.928789 -1.549273 -0.030644 -0.307204 -0.573217 0.020409 0.107019 -0.928214 -1.546097 0.022375 3.793759 12.448208 -13.214115 4.426716 -5.327576 -9.871976 5.403591 5.403591 0.000000 1.023304 5.500000 0.000000 0.000798 0.000000 0.000000 -1.023304 -0.860827 -5.403591 0.049739 0.098819 -0.023110 0.000108 0.030000 0.049393 0.045214 0.010513
17.680994 1.000000 -0.296178 0.589180 -0.011876 0.114809 0.928777 -1.549273 -0.030656 -0.307192 -0.573205 0.020409 0.107019 -0.928214 -1.546109 0.022375 3.722856 12.740594 -13.153496 4.373822 -5.332236 -9.924036 5.410575 5.410575 0.000000 1.037031 5.500000 0.000000 0.000798 0.000000 0.000000 -1.037031 -0.855879 -5.410575 0.049560 0.098303 -0.023822 0.000113 0.030000 0.049385 0.045218 0.010513
17.717049 1.000000 -0.296178 0.589168 -0.011864 0.114809 0.928801 -1.549285 -0.030632 -0.307192 -0.573217 0.020397 0.107019 -0.928202 -1.546109 0.022351 3.754639 12.460691 -13.200047 4.414314 -5.489254 -9.847775 5.415983 5.415983 0.000000 1.023552 5.500000 0.000000 0.000798 0.000000 0.000000 -1.023552 -0.828851 -5.415983 0.050104 0.098840 -0.023308 0.000110 0.030000 0.049385 0.045214 0.010513
17.814708 1.000000 -0.296166 0.589192 -0.011864 0.114773 0.928789 -1.549285 -0.030632 -0.307192 -0.573217 0.020409 0.107031 -0.928190 -1.546097 0.022375 3.651717 12.409415 -13.504245 4.412074 -5.209250 -10.012861 5.410318 5.410318 0.000000 1.001407 5.500000 0.000000 0.000798 0.000000 0.000000 -1.001407 -0.845450 -5.410318 0.049872 0.098785 -0.022985 0.000108 0.030000 0.049380 0.045217 0.010513
17.853716 1.000000 -0.296166 0.589168 -0.011852 0.114773 0.928789 -1.549285 -0.030632 -0.307204 -0.573205 0.020385 0.107019 -0.928214 -1.546109 0.022375 3.675493 12.470624 -13.371297 4.433113 -5.381243 -9.904613 5.420365 5.420365 0.000000 1.023603 5.500000 0.000000 0.000798 0.000000 0.000000 -1.023603 -0.854224 -5.420365 0.049913 0.098592 -0.024129 0.000112 0.030000 0.049381 0.045213 0.010513
17.909227 1.000000 -0.296166 0.589192 -0.011876 0.114773 0.928801 -1.549273 -0.030632 -0.307204 -0.573205 0.020385 0.107019 -0.928214 -1.546109 0.022375 3.843160 12.306825 -13.222785 4.205659 -5.437952 -10.040604 5.420597 5.420597 0.000000 1.026764 5.500000 0.000000 0.000798 0.000000 0.000000 -1.026764 -0.857023 -5.420597 0.049881 0.098943 -0.024477 0.000111 0.030000 0.049382 0.045213 0.010513
17.963830 1.000000 -0.296178 0.589180 -0.011876 0.114713 0.928813 -1.549285 -0.030644 -0.307192 -0.573205 0.020385 0.107031 -0.928214 -1.546097 0.022375 3.733835 12.632337 -13.210985 4.285532 -5.516703 -10.030370 5.416912 5.416912 0.000000 1.025279 5.500000 0.000000 0.000798 0.000000 0.000000 -1.025279 -0.866873 -5.416912 0.049482 0.099169 -0.023828 0.000116 0.030000 0.049369 0.045219 0.010513
18.023169 1.000000 -0.296166 0.589168 -0.011876 0.114701 0.928777 -1.549285 -0.030644 -0.307192 -0.573217 0.020409 0.107019 -0.928214 -1.546097 0.022375 3.766289 12.491798 -13.167271 4.287696 -5.427417 -9.976319 5.416801 5.416801 0.000000 1.036941 5.500000 0.000000 0.000798 0.000000 0.000000 -1.036941 -0.849753 -5.416801 0.049991 0.099193 -0.024514 0.000120 0.030000 0.049368 0.045217 0.010513
18.097153 1.000000 -0.296154 0.589168 -0.011864 0.114701 0.928789 -1.549285 -0.030644 -0.307192 -0.573205 0.020409 0.107019 -0.928202 -1.546097 0.022363 3.739734 12.442267 -13.325121 4.497626 -5.357931 -9.861466 5.435075 5.435075 0.000000 1.032693 5.500000 0.000000 0.000798 0.000000 0.000000 -1.032693 -0.860998 -5.435075 0.050138 0.099107 -0.024777 0.000120 0.030000 0.049372 0.045216 0.010513
18.160460 1.000000 -0.296166 0.589168 -0.011864 0.114653 0.928789 -1.549297 -0.030644 -0.307192 -0.573205 0.020385 0.107019 -0.928214 -1.546097 0.022375 3.743067 12.702074 -13.078375 4.398872 -5.376487 -9.890291 5.459253 5.459253 0.000000 1.036214 5.500000 0.000000 0.000798 0.000000 0.000000 -1.036214 -0.864035 -5.459253 0.050205 0.099805 -0.024018 0.000122 0.030000 0.049359 0.045217 0.010513
18.217152 1.000000 -0.296178 0.589180 -0.011876 0.114653 0.928789 -1.549261 -0.030644 -0.307204 -0.573217 0.020397 0.107019 -0.928214 -1.546097 0.022375 3.612492 12.617723 -13.279623 4.329917 -5.434414 -9.984051 5.453624 5.453624 0.000000 1.033001 5.500000 0.000000 0.000798 0.000000 0.000000 -1.033001 -0.874671 -5.453624 0.049900 0.099514 -0.024682 0.000122 0.030000 0.049355 0.045213 0.010513
18.268753 1.000000 -0.296178 0.589168 -0.011852 0.114593 0.928777 -1.549273 -0.030644 -0.307192 -0.573217 0.020409 0.107019 -0.928214 -1.546097 0.022375 3.793471 12.405062 -13.287715 4.425475 -5.289350 -9.881496 5.458636 5.458636 0.000000 1.024252 5.500000 0.000000 0.000798 0.000000 0.000000 -1.024252 -0.852588 -5.458636 0.050140 0.099497 -0.023747 0.000126 0.030000 0.049343 0.045217 0.010513
18.326640 1.000000 -0.296178 0.589192 -0.011876 0.114593 0.928813 -1.549285 -0.030632 -0.307192 -0.573217 0.020397 0.107031 -0.928214 -1.546109 0.022363 3.724824 12.665073 -13.182568 4.209257 -5.610457 -10.087845 5.454739 5.454739 0.000000 1.013527 5.500000 0.000000 0.000798 0.000000 0.000000 -1.013527 -0.844671 -5.454739 0.050166 0.099557 -0.023605 0.000123 0.030000 0.049345 0.045218 0.010513
18.375088 1.000000 -0.296178 0.589180 -0.011852 0.114593 0.928789 -1.549261 -0.030632 -0.307192 -0.573217 0.020385 0.107007 -0.928214 -1.546109 0.022387 3.794408 12.531511 -13.213554 4.104335 -5.469806 -9.898370 5.467270 5.467270 0.000000 1.008536 5.500000 0.000000 0.000798 0.000000 0.000000 -1.008536 -0.843282 -5.467270 0.050365 0.099428 -0.023038 0.000122 0.030000 0.049342 0.045214 0.010513
18.425878 1.000000 -0.296178 0.589180 -0.011864 0.114581 0.928789 -1.549273 -0.030632 -0.307180 -0.573217 0.020409 0.107019 -0.928214 -1.546097 0.022363 3.606519 12.480610 -13.323541 4.248302 -5.381691 -9.999392 5.454111 5.454111 0.000000 1.011583 5.500000 0.000000 0.000798 0.000000 0.000000 -1.011583 -0.861746 -5.454111 0.050213 0.099809 -0.023517 0.000126 0.030000 0.049340 0.045220 0.010513
18.474967 1.000000 -0.296178 0.589168 -0.011876 0.114521 0.928789 -1.549285 -0.030632 -0.307204 -0.573205 0.020385 0.107019 -0.928214 -1.546097 0.022375 3.686765 12.537398 -13.206252 4.431556 -5.356734 -9.862772 5.459643 5.459643 0.000000 1.025513 5.500000 0.000000 0.000798 0.000000 0.000000 -1.025513 -0.865880 -5.459643 0.050172 0.099095 -0.023934 0.000134 0.030000 0.049330 0.045213 0.010513
18.514805 1.000000 -0.296166 0.589192 -0.011876 0.114521 0.928789 -1.549285 -0.030644 -0.307204 -0.573205 0.020385 0.107031 -0.928214 -1.546109 0.022375 3.722766 12.570940 -13.264173 4.328330 -5.472455 -10.008860 5.455216 5.455216 0.000000 1.028263 5.500000 0.000000 0.000798 0.000000 0.000000 -1.028263 -0.847402 -5.455216 0.050340 0.099408 -0.023704 0.000129 0.030000 0.049334 0.045215 0.010513
18.560293 1.000000 -0.296166 0.589168 -0.011864 0.114521 0.928777 -1.549273 -0.030632 -0.307204 -0.573205 0.020409 0.107019 -0.928214 -1.546097 0.022399 3.756757 12.531675 -13.188386 4.385607 -5.377938 -9.848096 5.451001 5.451001 0.000000 1.021681 5.500000 0.000000 0.000798 0.000000 0.000000 -1.021681 -0.852242 -5.451001 0.050031 0.099807 -0.023145 0.000135 0.030000 0.049332 0.045216 0.010513
18.621592 1.000000 -0.296154 0.589192 -0.011876 0.114413 0.928777 -1.549285 -0.030644 -0.307192 -0.573217 0.020385 0.107031 -0.928214 -1.546097 0.022375 3.420353 12.753114 -13.223039 4.418480 -5.372655 -9.944120 5.455167 5.455167 0.000000 1.031493 5.500000 0.000000 0.000798 0.000000 0.000000 -1.031493 -0.860943 -5.455167 0.050005 0.099659 -0.024114 0.000134 0.030000 0.049316 0.045218 0.010513
18.676389 1.000000 -0.296166 0.589192 -0.011852 0.114389 0.928789 -1.549285 -0.030632 -0.307204 -0.573205 0.020385 0.107019 -0.928214 -1.546121 0.022375 3.446292 12.586591 -12.925586 4.459659 -5.478019 -9.767939 5.460798 5.460798 0.000000 1.026948 5.500000 0.000000 0.000798 0.000000 0.000000 -1.026948 -0.855563 -5.460798 0.050227 0.099529 -0.023604 0.000137 0.030000 0.049307 0.045213 0.010513
18.729327 1.000000 -0.296178 0.589192 -0.011876 0.114401 0.928777 -1.549285 -0.030644 -0.307204 -0.573205 0.020385 0.107019 -0.928214 -1.546097 0.022363 3.514039 12.324726 -13.037731 4.327747 -5.488068 -10.001554 5.441136 5.441136 0.000000 1.030049 5.500000 0.000000 0.000798 0.000000 0.000000 -1.030049 -0.854884 -5.441136 0.050347 0.099711 -0.023969 0.000139 0.030000 0.049306 0.045212 0.010513
18.795102 1.000000 -0.296178 0.589192 -0.011864 0.114353 0.928777 -1.549273 -0.030632 -0.307204 -0.573205 0.020373 0.107019 -0.928202 -1.546097 0.022387 3.379440 12.616886 -13.222140 4.249066 -5.489518 -10.053738 5.445171 5.445171 0.000000 1.026833 5.500000 0.000000 0.000798 0.000000 0.000000 -1.026833 -0.857861 -5.445171 0.050198 0.100064 -0.023385 0.000140 0.030000 0.049296 0.045212 0.010513
18.838977 1.000000 -0.296178 0.589180 -0.011852 0.114353 0.928801 -1.549285 -0.030632 -0.307204 -0.573205 0.020397 0.107019 -0.928214 -1.546097 0.022363 3.528011 12.484518 -13.098162 4.293426 -5.436358 -9.975960 5.440917 5.440917 0.000000 1.020156 5.500000 0.000000 0.000798 0.000000 0.000000 -1.020156 -0.847078 -5.440917 0.050097 0.099571 -0.023616 0.000144 0.030000 0.049298 0.045213 0.010513
18.898860 1.000000 -0.296178 0.589192 -0.011888 0.114353 0.928777 -1.549285 -0.030632 -0.307192 -0.573229 0.020385 0.107019 -0.928214 -1.546109 0.022375 3.338873 12.511645 -13.168141 4.387566 -5.414956 -9.908463 5.463821 5.463821 0.000000 1.011780 5.500000 0.000000 0.000798 0.000000 0.000000 -1.011780 -0.857817 -5.463821 0.049917 0.100004 -0.023518 0.000140 0.030000 0.049297 0.045215 0.010513
18.955063 1.000000 -0.296178 0.589180 -0.011852 0.114341 0.928789 -1.549273 -0.030632 -0.307192 -0.573217 0.020373 0.107019 -0.928214 -1.546097 0.022375 3.652344 12.225969 -13.074078 4.280476 -5.387277 -10.005362 5.436107 5.436107 0.000000 1.033834 5.500000 0.000000 0.000798 0.000000 0.000000 -1.033834 -0.853665 -5.436107 0.050417 0.099717 -0.024007 0.000139 0.030000 0.049295 0.045215 0.010513
19.033379 1.000000 -0.296178 0.589180 -0.011852 0.114365 0.928789 -1.549297 -0.030620 -0.307192 -0.573205 0.020409 0.107019 -0.928214 -1.546097 0.022375 3.134051 12.804378 -13.259704 4.230290 -5.320046 -9.720074 5.439299 5.439299 0.000000 1.030333 5.500000 0.000000 0.000798 0.000000 0.000000 -1.030333 -0.853661 -5.439299 0.049996 0.099631 -0.024315 0.000144 0.030000 0.049298 0.045218 0.010513
19.083968 1.000000 -0.296166 0.589180 -0.011876 0.114318 0.928789 -1.549273 -0.030620 -0.307192 -0.573205 0.020385 0.107019 -0.928214 -1.546097 0.022363 3.584060 12.429001 -13.089620 4.180454 -5.367357 -9.752308 5.426903 5.426903 0.000000 1.026568 5.500000 0.000000 0.000798 0.000000 0.000000 -1.026568 -0.850150 -5.426903 0.050063 0.099466 -0.022965 0.000146 0.030000 0.049293 0.045216 0.010513
19.144416 1.000000 -0.296178 0.589216 -0.011852 0.114318 0.928789 -1.549273 -0.030632 -0.307180 -0.573217 0.020385 0.107019 -0.928214 -1.546085 0.022363 3.538448 12.661936 -13.018742 4.394360 -5.362312 -9.971297 5.450027 5.450027 0.000000 1.018130 5.500000 0.000000 0.000798 0.000000 0.000000 -1.018130 -0.852340 -5.450027 0.050084 0.099492 -0.023708 0.000135 0.030000 0.049289 0.045219 0.010513
19.195111 1.000000 -0.296178 0.589192 -0.011876 0.114306 0.928813 -1.549285 -0.030632 -0.307192 -0.573229 0.020385 0.107019 -0.928190 -1.546097 0.022363 3.586346 12.437017 -13.088759 4.315799 -5.504174 -9.932396 5.465417 5.465417 0.000000 1.023698 5.500000 0.000000 0.000798 0.000000 0.000000 -1.023698 -0.846044 -5.465417 0.050124 0.099636 -0.023396 0.000142 0.030000 0.049290 0.045212 0.010513
19.240937 1.000000 -0.296166 0.589192 -0.011876 0.114306 0.928777 -1.549261 -0.030632 -0.307180 -0.573205 0.020409 0.107019 -0.928214 -1.546097 0.022363 3.430006 12.567373 -13.137822 4.295048 -5.537980 -9.942269 5.438804 5.438804 0.000000 1.029076 5.500000 0.000000 0.000798 0.000000 0.000000 -1.029076 -0.843709 -5.438804 0.050248 0.100120 -0.023251 0.000148 0.030000 0.049291 0.045221 0.010513
19.290043 1.000000 -0.296166 0.589180 -0.011864 0.114306 0.928777 -1.549273 -0.030632 -0.307204 -0.573205 0.020385 0.107031 -0.928214 -1.546097 0.022375 3.480324 12.440476 -13.152294 4.333060 -5.468826 -9.921627 5.445864 5.445864 0.000000 1.012004 5.500000 0.000000 0.000798 0.000000 0.000000 -1.012004 -0.849571 -5.445864 0.049880 0.099795 -0.022795 0.000146 0.030000 0.049291 0.045215 0.010513
19.365160 1.000000 -0.296178 0.589192 -0.011876 0.114306 0.928789 -1.549285 -0.030620 -0.307204 -0.573205 0.020385 0.107019 -0.928214 -1.546097 0.022375 3.457310 12.633911 -13.111874 4.456203 -5.317503 -9.963539 5.455138 5.455138 0.000000 1.005817 5.500000 0.000000 0.000798 0.000000 0.000000 -1.005817 -0.835804 -5.455138 0.050476 0.099711 -0.023309 0.000147 0.030000 0.049287 0.045213 0.010513
19.426747 1.000000 -0.296178 0.589204 -0.011864 0.114282 0.928789 -1.549273 -0.030620 -0.307204 -0.573229 0.020385 0.107019 -0.928214 -1.546073 0.022363 3.674219 12.227113 -13.018562 4.276938 -5.456489 -10.043296 5.458030 5.458030 0.000000 1.040760 5.500000 0.000000 0.000798 0.000000 0.000000 -1.040760 -0.857433 -5.458030 0.050029 0.099597 -0.023600 0.000141 0.030000 0.049282 0.045211 0.010513
19.484179 1.000000 -0.296178 0.589180 -0.011852 0.114282 0.928789 -1.549249 -0.030620 -0.307204 -0.573229 0.020385 0.107019 -0.928214 -1.546097 0.022363 3.552337 12.419892 -13.080832 4.232515 -5.557196 -9.967455 5.468976 5.468976 0.000000 1.025704 5.500000 0.000000 0.000798 0.000000 0.000000 -1.025704 -0.853848 -5.468976 0.050535 0.099770 -0.024239 0.000144 0.030000 0.049282 0.045211 0.010513
19.541197 1.000000 -0.296178 0.589180 -0.011864 0.114246 0.928789 -1.549285 -0.030620 -0.307192 -0.573205 0.020397 0.107019 -0.928214 -1.546121 0.022375 3.757839 12.399681 -13.199338 4.393394 -5.373658 -9.865604 5.444244 5.444244 0.000000 1.036545 5.500000 0.000000 0.000798 0.000000 0.000000 -1.036545 -0.853540 -5.444244 0.050182 0.099700 -0.024251 0.000153 0.030000 0.049276 0.045217 0.010513
19.586197 1.000000 -0.296154 0.589192 -0.011864 0.114270 0.928777 -1.549285 -0.030644 -0.307180 -0.573205 0.020397 0.107019 -0.928214 -1.546097 0.022375 3.602076 12.449453 -13.200632 4.346345 -5.307907 -10.075847 5.449607 5.449607 0.000000 1.040817 5.500000 0.000000 0.000798 0.000000 0.000000 -1.040817 -0.859941 -5.449607 0.050083 0.100192 -0.024641 0.000147 0.030000 0.049288 0.045221 0.010513
19.664668 1.000000 -0.296178 0.589192 -0.011840 0.114270 0.928789 -1.549273 -0.030620 -0.307192 -0.573205 0.020397 0.107019 -0.928214 -1.546097 0.022375 3.504590 12.527700 -12.996028 4.508773 -5.474709 -9.740855 5.453493 5.453493 0.000000 1.033262 5.500000 0.000000 0.000798 0.000000 0.000000 -1.033262 -0.858832 -5.453493 0.050026 0.100093 -0.023975 0.000146 0.030000 0.049279 0.045218 0.010513
19.748107 1.000000 -0.296166 0.589204 -0.011864 0.114246 0.928789 -1.549261 -0.030620 -0.307204 -0.573229 0.020397 0.107031 -0.928214 -1.546097 0.022375 3.630450 12.265314 -13.050979 4.356313 -5.402943 -9.887702 5.444032 5.444032 0.000000 1.021020 5.500000 0.000000 0.000798 0.000000 0.000000 -1.021020 -0.846497 -5.444032 0.050241 0.099817 -0.022669 0.000144 0.030000 0.049279 0.045214 0.010513
19.804420 1.000000 -0.296154 0.589180 -0.011852 0.114246 0.928789 -1.549273 -0.030620 -0.307192 -0.573217 0.020385 0.107019 -0.928202 -1.546097 0.022375 3.467884 12.434563 -13.131343 4.350116 -5.350552 -9.849297 5.453908 5.453908 0.000000 1.018730 5.500000 0.000000 0.000798 0.000000 0.000000 -1.018730 -0.852388 -5.453908 0.050196 0.099981 -0.022903 0.000146 0.030000 0.049283 0.045215 0.010513
19.845815 1.000000 -0.296166 0.589180 -0.011852 0.114234 0.928777 -1.549273 -0.030632 -0.307204 -0.573205 0.020385 0.107019 -0.928214 -1.546109 0.022351 3.472062 12.538116 -13.096522 4.367158 -5.350812 -9.956284 5.469916 5.469916 0.000000 1.020572 5.500000 0.000000 0.000798 0.000000 0.000000 -1.020572 -0.853220 -5.469916 0.050237 0.100109 -0.023697 0.000150 0.030000 0.049277 0.045212 0.010513
19.891898 1.000000 -0.296178 0.589180 -0.011864 0.114234 0.928777 -1.549297 -0.030632 -0.307180 -0.573205 0.020385 0.107019 -0.928190 -1.546097 0.022375 3.638072 12.471041 -13.034564 4.413393 -5.287630 -9.931706 5.466279 5.466279 0.000000 1.020631 5.500000 0.000000 0.000798 0.000000 0.000000 -1.020631 -0.843630 -5.466279 0.050197 0.099899 -0.023158 0.000151 0.030000 0.049274 0.045218 0.010513
19.943641 1.000000 -0.296178 0.589180 -0.011852 0.114222 0.928789 -1.549285 -0.030632 -0.307204 -0.573217 0.020385 0.107019 -0.928214 -1.546097 0.022375 3.551262 12.405319 -13.111655 4.478586 -5.419294 -9.908095 5.445519 5.445519 0.000000 1.026579 5.500000 0.000000 0.000798 0.000000 0.000000 -1.026579 -0.850647 -5.445519 0.050356 0.099813 -0.023317 0.000150 0.030000 0.049272 0.045212 0.010513
20.001230 1.000000 -0.296166 0.589216 -0.011864 0.114222 0.928789 -1.549261 -0.030620 -0.307192 -0.573193 0.020385 0.107019 -0.928214 -1.546085 0.022363 3.534789 12.326834 -13.121619 4.461257 -5.299660 -9.894785 5.463868 5.463868 0.000000 1.010621 5.500000 0.000000 0.000798 0.000000 0.000000 -1.010621 -0.858827 -5.463868 0.050086 0.099789 -0.023257 0.000148 0.030000 0.049274 0.045217 0.010513
20.078201 1.000000 -0.296178 0.589192 -0.011852 0.114174 0.928813 -1.549273 -0.030620 -0.307180 -0.573205 0.020385 0.107007 -0.928202 -1.546097 0.022363 3.860698 12.529052 -13.199556 4.395523 -5.374579 -9.856184 5.466448 5.466448 0.000000 1.027208 5.500000 0.000000 0.000798 0.000000 0.000000 -1.027208 -0.864794 -5.466448 0.049718 0.099784 -0.023447 0.000153 0.030000 0.049264 0.045216 0.010513
20.140895 1.000000 -0.296178 0.589204 -0.011852 0.114186 0.928801 -1.549285 -0.030632 -0.307204 -0.573217 0.020385 0.107019 -0.928190 -1.546097 0.022375 3.540881 12.532349 -13.079994 4.285245 -5.721304 -9.969704 5.446876 5.446876 0.000000 1.043207 5.500000 0.000000 0.000798 0.000000 0.000000 -1.043207 -0.863813 -5.446876 0.049839 0.100055 -0.023363 0.000149 0.030000 0.049265 0.045210 0.010513
20.206796 1.000000 -0.296178 0.589204 -0.011864 0.114186 0.928789 -1.549261 -0.030632 -0.307204 -0.573217 0.020397 0.107019 -0.928214 -1.546097 0.022363 3.345683 12.629519 -13.169970 4.495750 -5.374509 -9.914268 5.444737 5.444737 0.000000 1.036570 5.500000 0.000000 0.000798 0.000000 0.000000 -1.036570 -0.843427 -5.444737 0.050500 0.100487 -0.023817 0.000152 0.030000 0.049265 0.045212 0.010513
20.264959 1.000000 -0.296190 0.589192 -0.011876 0.114150 0.928789 -1.549273 -0.030620 -0.307180 -0.573217 0.020385 0.107019 -0.928214 -1.546097 0.022375 3.492248 12.496890 -13.030426 4.394557 -5.337812 -9.932011 5.459918 5.459918 0.000000 1.020270 5.500000 0.000000 0.000798 0.000000 0.000000 -1.020270 -0.851662 -5.459918 0.050504 0.099959 -0.023352 0.000156 0.030000 0.049254 0.045219 0.010513
20.316008 1.000000 -0.296178 0.589204 -0.011852 0.114174 0.928789 -1.549285 -0.030620 -0.307180 -0.573205 0.020385 0.107019 -0.928214 -1.546097 0.022375 3.373484 12.563615 -13.265659 4.438577 -5.364138 -9.897036 5.463271 5.463271 0.000000 1.027809 5.500000 0.000000 0.000798 0.000000 0.000000 -1.027809 -0.859394 -5.463271 0.050117 0.100204 -0.024326 0.000150 0.030000 0.049261 0.045220 0.010513
20.386333 1.000000 -0.296178 0.589204 -0.011852 0.114174 0.928813 -1.549261 -0.030620 -0.307216 -0.573205 0.020397 0.107019 -0.928214 -1.546097 0.022375 3.594704 12.249046 -13.103454 4.661920 -5.266184 -9.886662 5.446516 5.446516 0.000000 1.020625 5.500000 0.000000 0.000798 0.000000 0.000000 -1.020625 -0.863706 -5.446516 0.050184 0.099755 -0.023648 0.000154 0.030000 0.049263 0.045210 0.010513
20.460522 1.000000 -0.296178 0.589192 -0.011852 0.114150 0.928777 -1.549273 -0.030620 -0.307204 -0.573205 0.020385 0.107019 -0.928202 -1.546097 0.022363 3.435292 12.597271 -12.980690 4.361789 -5.554181 -9.914804 5.463621 5.463621 0.000000 1.021324 5.500000 0.000000 0.000798 0.000000 0.000000 -1.021324 -0.857784 -5.463621 0.050307 0.100144 -0.023377 0.000155 0.030000 0.049256 0.045211 0.010513
20.534371 1.000000 -0.296178 0.589180 -0.011876 0.114138 0.928777 -1.549273 -0.030620 -0.307180 -0.573205 0.020385 0.107019 -0.928214 -1.546097 0.022363 3.575713 12.470513 -13.135393 4.385874 -5.336484 -9.957592 5.475707 5.475707 0.000000 1.018858 5.500000 0.000000 0.000798 0.000000 0.000000 -1.018858 -0.857913 -5.475707 0.050162 0.100104 -0.023283 0.000160 0.030000 0.049255 0.045220 0.010513
20.642034 1.000000 -0.296166 0.589204 -0.011864 0.114126 0.928789 -1.549285 -0.030620 -0.307192 -0.573229 0.020397 0.107019 -0.928202 -1.546097 0.022375 3.485628 12.565172 -13.009980 4.169555 -5.656855 -10.024103 5.470438 5.470438 0.000000 1.021807 5.500000 0.000000 0.000798 0.000000 0.000000 -1.021807 -0.844787 -5.470438 0.050351 0.100564 -0.022162 0.000153 0.030000 0.049256 0.045214 0.010513
20.697717 1.000000 -0.296178 0.589192 -0.011876 0.114114 0.928789 -1.549285 -0.030620 -0.307204 -0.573229 0.020397 0.107019 -0.928214 -1.546109 0.022375 3.656864 12.281587 -13.060331 4.435557 -5.456658 -9.832579 5.473239 5.473239 0.000000 1.020527 5.500000 0.000000 0.000798 0.000000 0.000000 -1.020527 -0.858990 -5.473239 0.050071 0.100095 -0.024101 0.000159 0.030000 0.049251 0.045212 0.010513
20.748698 1.000000 -0.296178 0.589216 -0.011876 0.114078 0.928813 -1.549285 -0.030632 -0.307192 -0.573217 0.020385 0.107019 -0.928214 -1.546097 0.022375 3.584908 12.286358 -13.144367 4.324636 -5.264368 -9.936044 5.478407 5.478407 0.000000 1.024358 5.500000 0.000000 0.000798 0.000000 0.000000 -1.024358 -0.864815 -5.478407 0.050291 0.100578 -0.022682 0.000157 0.030000 0.049246 0.045216 0.010513
20.812195 1.000000 -0.296166 0.589204 -0.011864 0.114090 0.928789 -1.549285 -0.030620 -0.307180 -0.573205 0.020385 0.107019 -0.928190 -1.546085 0.022375 3.545149 12.548173 -13.049286 4.477523 -5.334739 -9.865965 5.476075 5.476075 0.000000 1.019379 5.500000 0.000000 0.000798 0.000000 0.000000 -1.019379 -0.856323 -5.476075 0.050233 0.100149 -0.023574 0.000157 0.030000 0.049249 0.045218 0.010513
20.860953 1.000000 -0.296166 0.589204 -0.011864 0.114090 0.928777 -1.549273 -0.030620 -0.307180 -0.573205 0.020385 0.107031 -0.928202 -1.546109 0.022375 3.421550 12.317243 -13.095998 4.411479 -5.367016 -9.900580 5.487418 5.487418 0.000000 1.027714 5.500000 0.000000 0.000798 0.000000 0.000000 -1.027714 -0.857089 -5.487418 0.049929 0.100388 -0.024068 0.000157 0.030000 0.049248 0.045221 0.010513
20.937447 1.000000 -0.296166 0.589192 -0.011852 0.114066 0.928789 -1.549273 -0.030620 -0.307192 -0.573217 0.020385 0.107019 -0.928214 -1.546097 0.022375 3.773203 12.689183 -13.245920 4.264053 -5.318572 -9.721343 5.474765 5.474765 0.000000 1.020108 5.500000 0.000000 0.000798 0.000000 0.000000 -1.020108 -0.862412 -5.474765 0.050375 0.100284 -0.023528 0.000159 0.030000 0.049245 0.045216 0.010513
21.008792 1.000000 -0.296178 0.589204 -0.011864 0.114054 0.928777 -1.549285 -0.030620 -0.307192 -0.573205 0.020385 0.107019 -0.928214 -1.546085 0.022375 3.588370 12.413332 -13.010027 4.359760 -5.652364 -9.920904 5.471156 5.471156 0.000000 1.025617 5.500000 0.000000 0.000798 0.000000 0.000000 -1.025617 -0.857471 -5.471156 0.050270 0.100286 -0.023880 0.000162 0.030000 0.049238 0.045217 0.010513
21.079066 1.000000 -0.296178 0.589204 -0.011852 0.114054 0.928777 -1.549285 -0.030596 -0.307180 -0.573205 0.020397 0.107019 -0.928214 -1.546109 0.022363 3.332675 12.535741 -13.214703 4.176113 -5.617905 -10.036273 5.465889 5.465889 0.000000 1.034715 5.500000 0.000000 0.000798 0.000000 0.000000 -1.034715 -0.866880 -5.465889 0.050131 0.100402 -0.024547 0.000161 0.030000 0.049235 0.045220 0.010513
21.121633 1.000000 -0.296178 0.589216 -0.011852 0.114030 0.928789 -1.549249 -0.030608 -0.307204 -0.573217 0.020385 0.107019 -0.928214 -1.546097 0.022375 3.518696 12.578724 -12.998441 4.320241 -5.432217 -9.963704 5.475750 5.475750 0.000000 1.015700 5.500000 0.000000 0.000798 0.000000 0.000000 -1.015700 -0.851948 -5.475750 0.050355 0.100715 -0.023559 0.000159 0.030000 0.049233 0.045212 0.010513
21.199978 1.000000 -0.296154 0.589192 -0.011852 0.114030 0.928777 -1.549285 -0.030620 -0.307180 -0.573217 0.020373 0.107019 -0.928214 -1.546097 0.022387 3.532490 12.470582 -13.099764 4.284340 -5.529656 -9.993508 5.477064 5.477064 0.000000 1.041111 5.500000 0.000000 0.000798 0.000000 0.000000 -1.041111 -0.889580 -5.477064 0.050195 0.100863 -0.024545 0.000158 0.030000 0.049241 0.045219 0.010513
21.260902 1.000000 -0.296178 0.589204 -0.011852 0.114030 0.928777 -1.549273 -0.030620 -0.307180 -0.573217 0.020397 0.107019 -0.928214 -1.546097 0.022363 3.515485 12.365300 -13.228494 4.420231 -5.235461 -9.895705 5.470722 5.470722 0.000000 1.031614 5.500000 0.000000 0.000798 0.000000 0.000000 -1.031614 -0.854147 -5.470722 0.050305 0.100700 -0.023957 0.000161 0.030000 0.049233 0.045219 0.010513
21.321316 1.000000 -0.296178 0.589180 -0.011864 0.113994 0.928777 -1.549285 -0.030620 -0.307192 -0.573217 0.020385 0.107019 -0.928214 -1.546097 0.022375 3.626409 12.554522 -12.926891 4.155831 -5.368133 -9.730468 5.513601 5.513601 0.000000 1.035753 5.500000 0.000000 0.000798 0.000000 0.000000 -1.035753 -0.864455 -5.513601 0.050423 0.100728 -0.024087 0.000168 0.030000 0.049227 0.045216 0.010513
21.389199 1.000000 -0.296178 0.589180 -0.011864 0.113994 0.928789 -1.549273 -0.030620 -0.307192 -0.573205 0.020397 0.107019 -0.928214 -1.546085 0.022363 3.464035 12.526047 -13.160014 4.441610 -5.428268 -9.914514 5.495095 5.495095 0.000000 1.033469 5.500000 0.000000 0.000798 0.000000 0.000000 -1.033469 -0.873376 -5.495095 0.050781 0.100975 -0.025095 0.000172 0.030000 0.049228 0.045217 0.010513
21.439586 1.000000 -0.296154 0.589204 -0.011852 0.114006 0.928801 -1.549285 -0.030608 -0.307180 -0.573217 0.020385 0.107019 -0.928214 -1.546097 0.022375 3.555888 12.443006 -13.140361 4.422326 -5.463735 -9.898423 5.492364 5.492364 0.000000 1.034377 5.500000 0.000000 0.000798 0.000000 0.000000 -1.034377 -0.878690 -5.492364 0.050410 0.100488 -0.024563 0.000160 0.030000 0.049237 0.045219 0.010513
21.496232 1.000000 -0.296178 0.589204 -0.011864 0.113958 0.928777 -1.549285 -0.030608 -0.307180 -0.573229 0.020385 0.107019 -0.928214 -1.546097 0.022363 3.585787 12.493870 -12.944175 4.462635 -5.381565 -9.931112 5.514091 5.514091 0.000000 1.029735 5.500000 0.000000 0.000798 0.000000 0.000000 -1.029735 -0.883538 -5.514091 0.050249 0.100888 -0.024386 0.000164 0.030000 0.049219 0.045218 0.010513
21.545052 1.000000 -0.296154 0.589204 -0.011852 0.113958 0.928777 -1.549285 -0.030620 -0.307204 -0.573205 0.020385 0.107019 -0.928214 -1.546097 0.022375 3.670785 12.510609 -13.239352 4.438341 -5.319006 -9.920347 5.517227 5.517227 0.000000 1.020309 5.500000 0.000000 0.000798 0.000000 0.000000 -1.020309 -0.871585 -5.517227 0.050419 0.100947 -0.024478 0.000167 0.030000 0.049227 0.045213 0.010513
21.589941 1.000000 -0.296178 0.589204 -0.011852 0.113970 0.928789 -1.549273 -0.030584 -0.307204 -0.573205 0.020385 0.107019 -0.928214 -1.546097 0.022399 3.622794 12.583507 -13.014179 4.577263 -5.212750 -9.745569 5.519245 5.519245 0.000000 1.026166 5.500000 0.000000 0.000798 0.000000 0.000000 -1.026166 -0.867552 -5.519245 0.050806 0.100863 -0.024805 0.000167 0.030000 0.049220 0.045215 0.010513
21.635017 1.000000 -0.296166 0.589204 -0.011864 0.113934 0.928789 -1.549273 -0.030608 -0.307204 -0.573229 0.020385 0.107019 -0.928214 -1.546097 0.022375 3.585355 12.609784 -13.053140 4.460571 -5.456535 -9.811021 5.515206 5.515206 0.000000 1.014597 5.500000 0.000000 0.000798 0.000000 0.000000 -1.014597 -0.872346 -5.515206 0.050833 0.100896 -0.024479 0.000167 0.030000 0.049219 0.045211 0.010513
21.703621 1.000000 -0.296178 0.589192 -0.011852 0.113934 0.928777 -1.549273 -0.030608 -0.307180 -0.573229 0.020385 0.107043 -0.928214 -1.546097 0.022387 3.505318 12.265032 -13.146560 4.292855 -5.448267 -10.029644 5.517821 5.517821 0.000000 1.023949 5.500000 0.000000 0.000798 0.000000 0.000000 -1.023949 -0.855402 -5.517821 0.050788 0.100866 -0.024699 0.000165 0.030000 0.049214 0.045224 0.010513
21.754506 1.000000 -0.296178 0.589192 -0.011864 0.113910 0.928777 -1.549285 -0.030620 -0.307204 -0.573205 0.020385 0.107019 -0.928190 -1.546085 0.022363 3.392520 12.533880 -13.224428 4.516304 -5.189263 -9.760319 5.514677 5.514677 0.000000 1.030167 5.500000 0.000000 0.000798 0.000000 0.000000 -1.030167 -0.871643 -5.514677 0.050883 0.101109 -0.024778 0.000175 0.030000 0.049211 0.045210 0.010513
21.823689 1.000000 -0.296178 0.589216 -0.011852 0.113862 0.928789 -1.549273 -0.030608 -0.307204 -0.573217 0.020397 0.107019 -0.928202 -1.546097 0.022375 3.604522 12.535048 -12.943831 4.165197 -5.578607 -10.108550 5.524904 5.524904 0.000000 1.029871 5.500000 0.000000 0.000798 0.000000 0.000000 -1.029871 -0.877943 -5.524904 0.050547 0.100644 -0.025312 0.000173 0.030000 0.049201 0.045212 0.010513
21.861925 1.000000 -0.296154 0.589192 -0.011864 0.113862 0.928789 -1.549273 -0.030608 -0.307192 -0.573229 0.020385 0.107019 -0.928214 -1.546097 0.022375 3.522949 12.474031 -13.081937 4.181604 -5.542237 -10.101405 5.530679 5.530679 0.000000 1.030466 5.500000 0.000000 0.000798 0.000000 0.000000 -1.030466 -0.887076 -5.530679 0.050455 0.101064 -0.024618 0.000173 0.030000 0.049209 0.045215 0.010513
21.913080 1.000000 -0.296178 0.589216 -0.011852 0.113862 0.928777 -1.549273 -0.030620 -0.307204 -0.573217 0.020385 0.107019 -0.928214 -1.546097 0.022375 3.406473 12.588193 -13.180659 4.292886 -5.250082 -9.733543 5.524100 5.524100 0.000000 1.022798 5.500000 0.000000 0.000798 0.000000 0.000000 -1.022798 -0.866557 -5.524100 0.050393 0.101036 -0.024746 0.000171 0.030000 0.049201 0.045212 0.010513
21.970354 1.000000 -0.296178 0.589204 -0.011888 0.113838 0.928789 -1.549285 -0.030608 -0.307204 -0.573229 0.020385 0.107019 -0.928214 -1.546085 0.022375 3.667388 12.660619 -13.129370 4.352288 -5.373617 -9.815332 5.535399 5.535399 0.000000 1.034285 5.500000 0.000000 0.000798 0.000000 0.000000 -1.034285 -0.876766 -5.535399 0.050675 0.101308 -0.024663 0.000178 0.030000 0.049198 0.045211 0.010513
22.012102 1.000000 -0.296166 0.589216 -0.011852 0.113802 0.928801 -1.549285 -0.030620 -0.307204 -0.573205 0.020373 0.107019 -0.928202 -1.546097 0.022387 3.543368 12.495633 -13.219353 4.296415 -5.386385 -10.054073 5.515653 5.515653 0.000000 1.039817 5.500000 0.000000 0.000798 0.000000 0.000000 -1.039817 -0.880601 -5.515653 0.049959 0.101411 -0.025218 0.000176 0.030000 0.049195 0.045212 0.010513
22.059552 1.000000 -0.296178 0.589180 -0.011852 0.113778 0.928789 -1.549273 -0.030608 -0.307192 -0.573205 0.020385 0.107019 -0.928214 -1.546085 0.022375 3.594034 12.471018 -13.072506 4.238866 -5.313575 -9.797461 5.533277 5.533277 0.000000 1.028418 5.500000 0.000000 0.000798 0.000000 0.000000 -1.028418 -0.875842 -5.533277 0.050399 0.101024 -0.023900 0.000185 0.030000 0.049186 0.045217 0.010513
22.121199 1.000000 -0.296178 0.589204 -0.011864 0.113706 0.928789 -1.549261 -0.030632 -0.307180 -0.573217 0.020385 0.107019 -0.928214 -1.546097 0.022375 3.554199 12.198401 -13.172424 4.357910 -5.401468 -9.899746 5.524620 5.524620 0.000000 1.025134 5.500000 0.000000 0.000798 0.000000 0.000000 -1.025134 -0.885564 -5.524620 0.050115 0.101309 -0.024159 0.000185 0.030000 0.049174 0.045219 0.010513
22.168165 1.000000 -0.296178 0.589216 -0.011864 0.113706 0.928789 -1.549261 -0.030608 -0.307204 -0.573217 0.020385 0.107019 -0.928214 -1.546073 0.022375 3.603218 12.492746 -13.012576 4.416233 -5.376446 -9.822641 5.538433 5.538433 0.000000 1.022736 5.500000 0.000000 0.000798 0.000000 0.000000 -1.022736 -0.868218 -5.538433 0.050342 0.101135 -0.024584 0.000185 0.030000 0.049172 0.045212 0.010513
22.199097 1.000000 -0.296178 0.589216 -0.011852 0.113694 0.928777 -1.549261 -0.030620 -0.307204 -0.573217 0.020373 0.107019 -0.928214 -1.546085 0.022375 3.493486 12.533205 -13.114016 4.352428 -5.417125 -9.859566 5.530212 5.530212 0.000000 1.022564 5.500000 0.000000 0.000798 0.000000 0.000000 -1.022564 -0.869235 -5.530212 0.050527 0.100764 -0.024515 0.000183 0.030000 0.049169 0.045212 0.010513
22.224326 1.000000 -0.296178 0.589204 -0.011864 0.113658 0.928777 -1.549285 -0.030656 -0.307204 -0.573217 0.020373 0.107019 -0.928214 -1.546109 0.022363 3.390644 12.625700 -13.090295 4.330342 -5.442650 -9.886262 5.529108 5.529108 0.000000 1.027701 5.500000 0.000000 0.000798 0.000000 0.000000 -1.027701 -0.874905 -5.529108 0.050506 0.101219 -0.024150 0.000189 0.030000 0.049166 0.045211 0.010513
22.260481 1.000000 -0.296178 0.589204 -0.011852 0.113658 0.928777 -1.549273 -0.030620 -0.307192 -0.573217 0.020361 0.107019 -0.928214 -1.546085 0.022351 3.455818 12.384588 -13.141815 4.369648 -5.552369 -9.909992 5.538235 5.538235 0.000000 1.025155 5.500000 0.000000 0.000798 0.000000 0.000000 -1.025155 -0.873844 -5.538235 0.050441 0.101098 -0.024697 0.000185 0.030000 0.049163 0.045213 0.010513
22.311742 1.000000 -0.296166 0.589228 -0.011852 0.113658 0.928789 -1.549249 -0.030596 -0.307204 -0.573229 0.020373 0.107019 -0.928214 -1.546097 0.022375 3.531172 12.566491 -13.060663 4.430906 -5.258852 -9.898184 5.539948 5.539948 0.000000 1.012360 5.500000 0.000000 0.000798 0.000000 0.000000 -1.012360 -0.873042 -5.539948 0.050548 0.100953 -0.024517 0.000181 0.030000 0.049165 0.045211 0.010513
22.368665 1.000000 -0.296178 0.589204 -0.011852 0.113646 0.928813 -1.549285 -0.030620 -0.307180 -0.573205 0.020385 0.107019 -0.928214 -1.546073 0.022375 3.358955 12.558800 -13.225392 4.296020 -5.403727 -10.039010 5.540253 5.540253 0.000000 1.015240 5.500000 0.000000 0.000798 0.000000 0.000000 -1.015240 -0.879528 -5.540253 0.050323 0.101263 -0.024056 0.000190 0.030000 0.049164 0.045220 0.010513
22.424204 1.000000 -0.296166 0.589216 -0.011852 0.113646 0.928789 -1.549285 -0.030620 -0.307204 -0.573205 0.020385 0.107019 -0.928190 -1.546085 0.022363 3.334555 12.315805 -12.910972 4.297908 -5.431149 -9.947503 5.547538 5.547538 0.000000 1.006692 5.500000 0.000000 0.000798 0.000000 0.000000 -1.006692 -0.859986 -5.547538 0.050362 0.101285 -0.024145 0.000189 0.030000 0.049165 0.045210 0.010513
22.459921 1.000000 -0.296178 0.589216 -0.011876 0.113622 0.928777 -1.549273 -0.030620 -0.307192 -0.573205 0.020373 0.107019 -0.928214 -1.546085 0.022363 3.349287 12.519890 -12.945059 4.390592 -5.442975 -9.884279 5.538833 5.538833 0.000000 1.029749 5.500000 0.000000 0.000798 0.000000 0.000000 -1.029749 -0.880926 -5.538833 0.050335 0.100944 -0.024585 0.000192 0.030000 0.049157 0.045215 0.010513
22.516191 1.000000 -0.296178 0.589204 -0.011852 0.113634 0.928789 -1.549261 -0.030620 -0.307204 -0.573217 0.020373 0.107019 -0.928214 -1.546085 0.022363 3.591416 12.572911 -13.002646 4.418570 -5.263956 -9.911413 5.532262 5.532262 0.000000 1.027346 5.500000 0.000000 0.000798 0.000000 0.000000 -1.027346 -0.881727 -5.532262 0.050326 0.101462 -0.024512 0.000189 0.030000 0.049159 0.045211 0.010513
22.562042 1.000000 -0.296178 0.589216 -0.011864 0.113622 0.928789 -1.549273 -0.030620 -0.307204 -0.573205 0.020385 0.107031 -0.928214 -1.546109 0.022375 3.486835 12.500751 -13.032111 4.432323 -5.440833 -9.914098 5.536715 5.536715 0.000000 1.029815 5.500000 0.000000 0.000798 0.000000 0.000000 -1.029815 -0.885811 -5.536715 0.050417 0.101160 -0.025363 0.000192 0.030000 0.049157 0.045215 0.010513
22.599643 1.000000 -0.296178 0.589216 -0.011864 0.113610 0.928789 -1.549261 -0.030620 -0.307192 -0.573217 0.020385 0.107019 -0.928214 -1.546109 0.022339 3.497746 12.458331 -13.106948 4.350615 -5.494035 -9.875256 5.535135 5.535135 0.000000 1.035674 5.500000 0.000000 0.000798 0.000000 0.000000 -1.035674 -0.876092 -5.535135 0.050696 0.101253 -0.025103 0.000191 0.030000 0.049155 0.045213 0.010513
22.651600 1.000000 -0.296178 0.589228 -0.011852 0.113598 0.928789 -1.549273 -0.030632 -0.307192 -0.573217 0.020373 0.107019 -0.928214 -1.546085 0.022363 3.592384 12.431262 -13.031278 4.442214 -5.436894 -9.831006 5.550723 5.550723 0.000000 1.014790 5.500000 0.000000 0.000798 0.000000 0.000000 -1.014790 -0.873640 -5.550723 0.050451 0.101465 -0.024516 0.000187 0.030000 0.049153 0.045214 0.010513
22.684304 1.000000 -0.296178 0.589216 -0.011864 0.113610 0.928789 -1.549261 -0.030620 -0.307204 -0.573217 0.020373 0.107031 -0.928214 -1.546061 0.022363 3.442083 12.530989 -13.178414 4.342426 -5.343470 -9.940660 5.522891 5.522891 0.000000 1.029132 5.500000 0.000000 0.000798 0.000000 0.000000 -1.029132 -0.875832 -5.522891 0.050324 0.101520 -0.025078 0.000190 0.030000 0.049155 0.045213 0.010513
22.719409 1.000000 -0.296154 0.589216 -0.011864 0.113598 0.928777 -1.549261 -0.030632 -0.307204 -0.573205 0.020385 0.107019 -0.928190 -1.546049 0.022363 3.344335 12.525516 -13.087486 4.348418 -5.459659 -9.841774 5.562597 5.562597 0.000000 1.027076 5.500000 0.000000 0.000798 0.000000 0.000000 -1.027076 -0.877012 -5.562597 0.050596 0.101829 -0.025004 0.000193 0.030000 0.049160 0.045211 0.010513
22.752999 1.000000 -0.296166 0.589204 -0.011864 0.113598 0.928789 -1.549285 -0.030620 -0.307192 -0.573229 0.020385 0.107019 -0.928214 -1.546085 0.022363 3.534443 12.355625 -13.042614 4.335486 -5.372101 -9.974386 5.551291 5.551291 0.000000 1.018182 5.500000 0.000000 0.000798 0.000000 0.000000 -1.018182 -0.868470 -5.551291 0.050451 0.101322 -0.024748 0.000192 0.030000 0.049157 0.045214 0.010513
22.809654 1.000000 -0.296178 0.589204 -0.011864 0.113586 0.928813 -1.549273 -0.030620 -0.307192 -0.573217 0.020385 0.107031 -0.928214 -1.546109 0.022363 3.528368 12.466489 -13.067696 4.382350 -5.365521 -9.915767 5.541477 5.541477 0.000000 1.026780 5.500000 0.000000 0.000798 0.000000 0.000000 -1.026780 -0.876868 -5.541477 0.050413 0.101268 -0.024714 0.000194 0.030000 0.049153 0.045217 0.010513
22.861369 1.000000 -0.296178 0.589216 -0.011864 0.113551 0.928777 -1.549273 -0.030608 -0.307204 -0.573217 0.020397 0.107019 -0.928214 -1.546085 0.022363 3.529232 12.488561 -12.970878 4.339559 -5.431642 -9.881607 5.542194 5.542194 0.000000 1.028098 5.500000 0.000000 0.000798 0.000000 0.000000 -1.028098 -0.881181 -5.542194 0.050609 0.101521 -0.024632 0.000198 0.030000 0.049142 0.045212 0.010513
22.930015 1.000000 -0.296178 0.589216 -0.011852 0.113539 0.928789 -1.549261 -0.030620 -0.307192 -0.573205 0.020385 0.107019 -0.928214 -1.546085 0.022363 3.535181 12.470647 -13.138344 4.263566 -5.461481 -10.009783 5.547328 5.547328 0.000000 1.040459 5.500000 0.000000 0.000798 0.000000 0.000000 -1.040459 -0.883853 -5.547328 0.050515 0.101888 -0.024966 0.000197 0.030000 0.049141 0.045216 0.010513
22.970798 1.000000 -0.296166 0.589204 -0.011852 0.113515 0.928801 -1.549261 -0.030608 -0.307204 -0.573217 0.020385 0.107019 -0.928214 -1.546073 0.022363 3.407299 12.515599 -12.994958 4.283158 -5.534522 -10.000112 5.554550 5.554550 0.000000 1.016362 5.500000 0.000000 0.000798 0.000000 0.000000 -1.016362 -0.881621 -5.554550 0.050811 0.101638 -0.024818 0.000199 0.030000 0.049141 0.045212 0.010513
23.042141 1.000000 -0.296178 0.589216 -0.011852 0.113491 0.928813 -1.549261 -0.030608 -0.307192 -0.573217 0.020373 0.107019 -0.928214 -1.546073 0.022375 3.301707 12.524083 -13.190926 4.501715 -5.261315 -9.828462 5.564450 5.564450 0.000000 1.038604 5.500000 0.000000 0.000798 0.000000 0.000000 -1.038604 -0.877993 -5.564450 0.050333 0.101649 -0.025202 0.000197 0.030000 0.049133 0.045215 0.010513
23.102373 1.000000 -0.296166 0.589216 -0.011852 0.113455 0.928789 -1.549249 -0.030632 -0.307180 -0.573205 0.020385 0.107019 -0.928214 -1.546049 0.022363 3.556307 12.471120 -13.051073 4.375867 -5.344392 -9.995655 5.570550 5.570550 0.000000 1.018183 5.500000 0.000000 0.000798 0.000000 0.000000 -1.018183 -0.881922 -5.570550 0.050680 0.101566 -0.024579 0.000202 0.030000 0.049130 0.045220 0.010513
23.167078 1.000000 -0.296166 0.589216 -0.011852 0.113479 0.928789 -1.549261 -0.030620 -0.307204 -0.573229 0.020385 0.107019 -0.928214 -1.546073 0.022351 3.304213 12.517331 -12.951523 4.490435 -5.380255 -9.747823 5.559301 5.559301 0.000000 1.025906 5.500000 0.000000 0.000798 0.000000 0.000000 -1.025906 -0.882627 -5.559301 0.050672 0.102010 -0.024936 0.000198 0.030000 0.049133 0.045210 0.010513
23.227915 1.000000 -0.296178 0.589216 -0.011864 0.113443 0.928777 -1.549273 -0.030608 -0.307192 -0.573217 0.020385 0.107019 -0.928214 -1.546073 0.022375 3.561806 12.508798 -13.069824 4.407034 -5.415902 -9.947369 5.576443 5.576443 0.000000 1.017808 5.500000 0.000000 0.000798 0.000000 0.000000 -1.017808 -0.886740 -5.576443 0.050523 0.101950 -0.025002 0.000204 0.030000 0.049121 0.045216 0.010513
23.289940 1.000000 -0.296178 0.589228 -0.011852 0.113419 0.928789 -1.549237 -0.030620 -0.307204 -0.573229 0.020385 0.107019 -0.928214 -1.546085 0.022375 3.671492 12.499576 -13.048468 4.315222 -5.450157 -10.004903 5.584213 5.584213 0.000000 1.026210 5.500000 0.000000 0.000798 0.000000 0.000000 -1.026210 -0.890270 -5.584213 0.050873 0.102184 -0.024790 0.000201 0.030000 0.049118 0.045211 0.010513
23.339478 1.000000 -0.296178 0.589216 -0.011864 0.113407 0.928777 -1.549261 -0.030596 -0.307204 -0.573205 0.020385 0.107019 -0.928214 -1.546061 0.022363 3.518127 12.473599 -13.055967 4.394747 -5.345905 -9.841089 5.583084 5.583084 0.000000 1.024059 5.500000 0.000000 0.000798 0.000000 0.000000 -1.024059 -0.876434 -5.583084 0.051257 0.101881 -0.024651 0.000209 0.030000 0.049114 0.045213 0.010513
23.408134 1.000000 -0.296178 0.589216 -0.011852 0.113419 0.928801 -1.549261 -0.030620 -0.307204 -0.573205 0.020373 0.107019 -0.928214 -1.546061 0.022375 3.567727 12.449306 -13.080918 4.248990 -5.522207 -9.635435 5.586662 5.586662 0.000000 1.037481 5.500000 0.000000 0.000798 0.000000 0.000000 -1.037481 -0.885795 -5.586662 0.050798 0.102127 -0.025526 0.000206 0.030000 0.049120 0.045213 0.010513
23.447607 1.000000 -0.296178 0.589216 -0.011852 0.113371 0.928777 -1.549261 -0.030608 -0.307192 -0.573205 0.020373 0.107019 -0.928214 -1.546073 0.022363 3.382035 12.478745 -13.249856 4.272094 -5.432451 -9.889911 5.579216 5.579216 0.000000 1.023834 5.500000 0.000000 0.000798 0.000000 0.000000 -1.023834 -0.883459 -5.579216 0.050791 0.102356 -0.025357 0.000208 0.030000 0.049108 0.045215 0.010513
23.488919 1.000000 -0.296178 0.589240 -0.011852 0.113371 0.928813 -1.549273 -0.030620 -0.307192 -0.573217 0.020385 0.107019 -0.928214 -1.546097 0.022387 3.537140 12.514563 -13.089497 4.282265 -5.476366 -9.927687 5.583841 5.583841 0.000000 1.037918 5.500000 0.000000 0.000798 0.000000 0.000000 -1.037918 -0.879539 -5.583841 0.051089 0.102400 -0.024921 0.000204 0.030000 0.049111 0.045217 0.010513
23.533478 1.000000 -0.296178 0.589216 -0.011864 0.113359 0.928789 -1.549249 -0.030620 -0.307204 -0.573229 0.020373 0.107019 -0.928214 -1.546061 0.022375 3.360979 12.578347 -13.178756 4.379748 -5.421111 -9.885360 5.582444 5.582444 0.000000 1.039701 5.500000 0.000000 0.000798 0.000000 0.000000 -1.039701 -0.882574 -5.582444 0.050715 0.102030 -0.025066 0.000208 0.030000 0.049108 0.045211 0.010513
23.573035 1.000000 -0.296178 0.589216 -0.011852 0.113299 0.928777 -1.549237 -0.030608 -0.307204 -0.573217 0.020361 0.107019 -0.928214 -1.546061 0.022375 3.420297 12.388961 -13.166929 4.513273 -5.430275 -9.969954 5.589006 5.589006 0.000000 1.026393 5.500000 0.000000 0.000798 0.000000 0.000000 -1.026393 -0.889304 -5.589006 0.050869 0.102223 -0.025324 0.000211 0.030000 0.049094 0.045211 0.010513
23.617384 1.000000 -0.296178 0.589228 -0.011864 0.113323 0.928813 -1.549249 -0.030620 -0.307204 -0.573205 0.020385 0.107019 -0.928214 -1.546061 0.022363 3.492147 12.495640 -13.121859 4.408038 -5.425841 -10.115642 5.602888 5.602888 0.000000 1.033713 5.500000 0.000000 0.000798 0.000000 0.000000 -1.033713 -0.888426 -5.602888 0.050689 0.102271 -0.026034 0.000214 0.030000 0.049103 0.045213 0.010513
23.663475 1.000000 -0.296154 0.589228 -0.011864 0.113311 0.928789 -1.549273 -0.030608 -0.307192 -0.573205 0.020361 0.107019 -0.928214 -1.546061 0.022363 3.498139 12.502021 -13.083924 4.258942 -5.420561 -10.063746 5.603852 5.603852 0.000000 1.021834 5.500000 0.000000 0.000798 0.000000 0.000000 -1.021834 -0.880801 -5.603852 0.050773 0.102361 -0.025642 0.000210 0.030000 0.049105 0.045215 0.010513
23.714962 1.000000 -0.296166 0.589228 -0.011852 0.113311 0.928789 -1.549273 -0.030608 -0.307204 -0.573217 0.020385 0.107019 -0.928214 -1.546073 0.022363 3.329144 12.616214 -13.206684 4.332470 -5.379555 -9.872849 5.606564 5.606564 0.000000 1.021634 5.500000 0.000000 0.000798 0.000000 0.000000 -1.021634 -0.872145 -5.606564 0.050570 0.102261 -0.024940 0.000210 0.030000 0.049101 0.045212 0.010513
23.775788 1.000000 -0.296166 0.589216 -0.011852 0.113263 0.928813 -1.549249 -0.030620 -0.307204 -0.573217 0.020361 0.107019 -0.928214 -1.546061 0.022363 3.642687 12.449974 -12.917340 4.423410 -5.383578 -9.838627 5.588528 5.588528 0.000000 1.022379 5.500000 0.000000 0.000798 0.000000 0.000000 -1.022379 -0.878077 -5.588528 0.050563 0.102275 -0.025488 0.000213 0.030000 0.049095 0.045210 0.010513
23.810250 1.000000 -0.296178 0.589216 -0.011852 0.113275 0.928789 -1.549273 -0.030620 -0.307192 -0.573217 0.020361 0.107019 -0.928190 -1.546061 0.022363 3.577779 12.378448 -13.026403 4.158215 -5.338216 -9.952333 5.603590 5.603590 0.000000 1.035487 5.500000 0.000000 0.000798 0.000000 0.000000 -1.035487 -0.899016 -5.603590 0.050799 0.102495 -0.026095 0.000212 0.030000 0.049092 0.045212 0.010513
23.861190 1.000000 -0.296166 0.589216 -0.011864 0.113275 0.928801 -1.549261 -0.030608 -0.307192 -0.573217 0.020361 0.107019 -0.928214 -1.546061 0.022375 3.483304 12.572953 -13.083015 4.343547 -5.369723 -9.943988 5.609091 5.609091 0.000000 1.027419 5.500000 0.000000 0.000798 0.000000 0.000000 -1.027419 -0.901756 -5.609091 0.050310 0.102481 -0.025796 0.000213 0.030000 0.049096 0.045215 0.010513
23.934630 1.000000 -0.296178 0.589216 -0.011852 0.113251 0.928813 -1.549249 -0.030608 -0.307180 -0.573205 0.020373 0.107019 -0.928214 -1.546061 0.022363 3.555684 12.518861 -13.022914 4.450157 -5.400600 -9.823673 5.609517 5.609517 0.000000 1.027598 5.500000 0.000000 0.000798 0.000000 0.000000 -1.027598 -0.883400 -5.609517 0.050230 0.102638 -0.024730 0.000217 0.030000 0.049088 0.045219 0.010513
23.994648 1.000000 -0.296178 0.589228 -0.011876 0.113251 0.928789 -1.549249 -0.030620 -0.307204 -0.573217 0.020373 0.107019 -0.928214 -1.546061 0.022363 3.518306 12.421421 -13.068682 4.392375 -5.355229 -9.906951 5.605231 5.605231 0.000000 1.033146 5.500000 0.000000 0.000798 0.000000 0.000000 -1.033146 -0.886975 -5.605231 0.050646 0.102255 -0.024819 0.000217 0.030000 0.049087 0.045211 0.010513
24.051662 1.000000 -0.296178 0.589240 -0.011852 0.113203 0.928813 -1.549249 -0.030608 -0.307204 -0.573205 0.020361 0.107019 -0.928214 -1.546061 0.022375 3.533552 12.495720 -13.047786 4.293531 -5.411157 -9.990663 5.609403 5.609403 0.000000 1.014771 5.500000 0.000000 0.000798 0.000000 0.000000 -1.014771 -0.889880 -5.609403 0.050410 0.102255 -0.025257 0.000216 0.030000 0.049078 0.045212 0.010513
24.093928 1.000000 -0.296178 0.589228 -0.011852 0.113203 0.928777 -1.549237 -0.030620 -0.307204 -0.573229 0.020361 0.107031 -0.928214 -1.546073 0.022363 3.554586 12.456830 -13.010932 4.402767 -5.497360 -9.914792 5.619089 5.619089 0.000000 1.033906 5.500000 0.000000 0.000798 0.000000 0.000000 -1.033906 -0.885235 -5.619089 0.050788 0.102352 -0.024741 0.000213 0.030000 0.049077 0.045211 0.010513
24.138373 1.000000 -0.296178 0.589228 -0.011864 0.113191 0.928789 -1.549261 -0.030608 -0.307192 -0.573217 0.020385 0.107007 -0.928202 -1.546061 0.022375 3.522197 12.512423 -13.086769 4.389571 -5.376810 -9.939114 5.597709 5.597709 0.000000 1.021505 5.500000 0.000000 0.000798 0.000000 0.000000 -1.021505 -0.891063 -5.597709 0.050326 0.102524 -0.025047 0.000222 0.030000 0.049075 0.045213 0.010513
24.194769 1.000000 -0.296178 0.589216 -0.011888 0.113155 0.928789 -1.549249 -0.030608 -0.307192 -0.573229 0.020373 0.107019 -0.928214 -1.546049 0.022363 3.472971 12.407492 -13.147925 4.517612 -5.395691 -9.863610 5.602796 5.602796 0.000000 1.012498 5.500000 0.000000 0.000798 0.000000 0.000000 -1.012498 -0.889138 -5.602796 0.050147 0.102564 -0.024540 0.000225 0.030000 0.049069 0.045214 0.010513
24.245450 1.000000 -0.296178 0.589240 -0.011864 0.113143 0.928777 -1.549249 -0.030596 -0.307180 -0.573217 0.020373 0.107019 -0.928214 -1.546061 0.022375 3.431826 12.692070 -13.140610 4.434606 -5.355647 -9.892869 5.606436 5.606436 0.000000 1.014135 5.500000 0.000000 0.000798 0.000000 0.000000 -1.014135 -0.886445 -5.606436 0.050617 0.102442 -0.024225 0.000221 0.030000 0.049064 0.045219 0.010513
24.297701 1.000000 -0.296178 0.589228 -0.011852 0.113131 0.928789 -1.549261 -0.030596 -0.307204 -0.573229 0.020385 0.107019 -0.928214 -1.546061 0.022375 3.422347 12.229968 -12.965172 4.411688 -5.237498 -9.881823 5.594823 5.594823 0.000000 1.023517 5.500000 0.000000 0.000798 0.000000 0.000000 -1.023517 -0.889734 -5.594823 0.050275 0.102149 -0.024291 0.000223 0.030000 0.049062 0.045212 0.010513
24.352881 1.000000 -0.296178 0.589216 -0.011852 0.113095 0.928789 -1.549261 -0.030608 -0.307204 -0.573205 0.020361 0.107019 -0.928190 -1.546061 0.022363 3.336873 12.348404 -12.838079 4.484099 -5.460587 -9.850041 5.604485 5.604485 0.000000 1.025806 5.500000 0.000000 0.000798 0.000000 0.000000 -1.025806 -0.874984 -5.604485 0.050580 0.102101 -0.024471 0.000228 0.030000 0.049057 0.045209 0.010513
24.411939 1.000000 -0.296178 0.589228 -0.011864 0.113107 0.928789 -1.549249 -0.030620 -0.307204 -0.573229 0.020361 0.107019 -0.928214 -1.546073 0.022375 3.114724 12.690607 -13.061433 4.390676 -5.354453 -9.927496 5.612707 5.612707 0.000000 1.017403 5.500000 0.000000 0.000798 0.000000 0.000000 -1.017403 -0.886084 -5.612707 0.050584 0.102308 -0.024227 0.000223 0.030000 0.049060 0.045210 0.010513
24.465683 1.000000 -0.296178 0.589204 -0.011864 0.113095 0.928813 -1.549249 -0.030608 -0.307192 -0.573205 0.020373 0.107019 -0.928214 -1.546073 0.022375 3.319348 12.418005 -12.908977 4.428920 -5.265212 -9.882550 5.601777 5.601777 0.000000 1.031886 5.500000 0.000000 0.000798 0.000000 0.000000 -1.031886 -0.892825 -5.601777 0.050232 0.102521 -0.024964 0.000233 0.030000 0.049060 0.045216 0.010513
24.517789 1.000000 -0.296178 0.589216 -0.011852 0.113095 0.928789 -1.549249 -0.030620 -0.307204 -0.573229 0.020385 0.107019 -0.928214 -1.546061 0.022375 3.164822 12.489436 -13.066771 4.451758 -5.517300 -9.867636 5.597908 5.597908 0.000000 1.018750 5.500000 0.000000 0.000798 0.000000 0.000000 -1.018750 -0.877692 -5.597908 0.050331 0.102332 -0.024126 0.000228 0.030000 0.049058 0.045212 0.010513
24.564848 1.000000 -0.296178 0.589216 -0.011864 0.113107 0.928789 -1.549261 -0.030596 -0.307204 -0.573229 0.020373 0.107019 -0.928214 -1.546073 0.022375 3.261001 12.450471 -12.886227 4.246539 -5.462718 -10.047554 5.590751 5.590751 0.000000 1.027672 5.500000 0.000000 0.000798 0.000000 0.000000 -1.027672 -0.881253 -5.590751 0.050232 0.102466 -0.024118 0.000227 0.030000 0.049059 0.045211 0.010513
24.618288 1.000000 -0.296190 0.589240 -0.011852 0.113095 0.928789 -1.549249 -0.030620 -0.307204 -0.573217 0.020373 0.107019 -0.928214 -1.546061 0.022375 3.345968 12.429152 -12.968789 4.389184 -5.333003 -9.904054 5.593225 5.593225 0.000000 1.019422 5.500000 0.000000 0.000798 0.000000 0.000000 -1.019422 -0.878372 -5.593225 0.050297 0.102103 -0.024204 0.000225 0.030000 0.049054 0.045212 0.010513
24.671353 1.000000 -0.296166 0.589216 -0.011852 0.113095 0.928789 -1.549249 -0.030608 -0.307180 -0.573205 0.020385 0.107019 -0.928214 -1.546061 0.022375 3.305010 12.532546 -12.894536 4.218382 -5.410621 -10.002503 5.582427 5.582427 0.000000 1.015914 5.500000 0.000000 0.000798 0.000000 0.000000 -1.015914 -0.869031 -5.582427 0.050260 0.102477 -0.024055 0.000230 0.030000 0.049061 0.045221 0.010513
24.753251 1.000000 -0.296178 0.589228 -0.011864 0.113083 0.928813 -1.549237 -0.030608 -0.307180 -0.573229 0.020373 0.107019 -0.928214 -1.546073 0.022375 3.303287 12.214940 -12.954820 4.491899 -5.414117 -9.867677 5.601136 5.601136 0.000000 1.010158 5.500000 0.000000 0.000798 0.000000 0.000000 -1.010158 -0.858497 -5.601136 0.050583 0.102611 -0.023533 0.000225 0.030000 0.049057 0.045218 0.010513
24.800524 1.000000 -0.296178 0.589228 -0.011840 0.113083 0.928789 -1.549249 -0.030608 -0.307180 -0.573217 0.020349 0.107019 -0.928214 -1.546073 0.022375 3.381295 12.451013 -12.804352 4.444299 -5.401988 -9.858193 5.602782 5.602782 0.000000 1.008740 5.500000 0.000000 0.000798 0.000000 0.000000 -1.008740 -0.869547 -5.602782 0.050430 0.102589 -0.024011 0.000221 0.030000 0.049054 0.045217 0.010513
24.859757 1.000000 -0.296178 0.589228 -0.011864 0.113071 0.928813 -1.549237 -0.030608 -0.307204 -0.573217 0.020361 0.107019 -0.928214 -1.546061 0.022363 3.372513 12.425596 -12.892694 4.480080 -5.329981 -9.857932 5.599540 5.599540 0.000000 1.011557 5.500000 0.000000 0.000798 0.000000 0.000000 -1.011557 -0.887558 -5.599540 0.049989 0.102584 -0.023002 0.000228 0.030000 0.049055 0.045210 0.010513
24.910244 1.000000 -0.296178 0.589228 -0.011864 0.113095 0.928801 -1.549225 -0.030608 -0.307204 -0.573217 0.020361 0.107019 -0.928214 -1.546073 0.022375 3.151020 12.535713 -13.074708 4.462862 -5.376614 -9.836878 5.591090 5.591090 0.000000 1.015208 5.500000 0.000000 0.000798 0.000000 0.000000 -1.015208 -0.879155 -5.591090 0.050135 0.102100 -0.024300 0.000226 0.030000 0.049058 0.045211 0.010513
24.950726 1.000000 -0.296178 0.589228 -0.011864 0.113071 0.928801 -1.549249 -0.030608 -0.307180 -0.573217 0.020373 0.107019 -0.928214 -1.546061 0.022375 3.222432 12.443831 -12.986721 4.386985 -5.401554 -9.945607 5.596058 5.596058 0.000000 1.015863 5.500000 0.000000 0.000798 0.000000 0.000000 -1.015863 -0.876294 -5.596058 0.049882 0.102411 -0.024136 0.000228 0.030000 0.049054 0.045219 0.010513
25.012916 2.000000 -0.296178 0.589240 -0.011864 0.113083 0.928801 -1.549237 -0.030596 -0.307204 -0.573217 0.020373 0.107019 -0.928214 -1.546061 0.022363 0.050565 -0.001247 0.271490 0.078505 -0.178102 0.097054 5.595812 5.595812 0.007569 1.031087 5.500000 0.000000 0.000798 0.004587 0.000000 -1.031087 -0.870292 -5.595812 0.050358 0.102639 -0.023710 0.000226 0.030000 0.049054 0.045211 0.010513
25.155961 2.000000 -0.296178 0.589228 -0.011852 0.113071 0.928813 -1.549249 -0.030608 -0.307204 -0.573205 0.020373 0.107019 -0.928214 -1.546061 0.022363 -0.358704 -0.134396 -0.222112 -0.488004 0.186895 -0.294697 5.610370 5.610370 0.001038 1.024555 5.500000 0.000000 0.000798 0.000629 0.000000 -1.024555 -0.876292 -5.610370 0.050130 0.102410 -0.023572 0.000230 0.030000 0.049054 0.045212 0.010513
25.208279 2.000000 -0.296166 0.589228 -0.011852 0.113059 0.928789 -1.549237 -0.030608 -0.307192 -0.573205 0.020373 0.107031 -0.928214 -1.546061 0.022363 -0.104975 -0.005826 0.092259 -0.057815 0.073150 -0.100671 5.582326 5.582326 -0.007047 1.016471 5.500000 0.000000 0.000798 0.004271 0.000000 -1.016471 -0.866026 -5.582326 0.050491 0.102112 -0.023589 0.000229 0.030000 0.049053 0.045218 0.010513
25.267039 2.000000 -0.296178 0.589216 -0.011864 0.113071 0.928801 -1.549237 -0.030608 -0.307204 -0.573217 0.020373 0.107019 -0.928214 -1.546073 0.022375 0.118428 -0.018840 -0.052813 0.050042 0.030140 0.030222 5.582765 5.582765 -0.011630 1.011887 5.500000 0.000000 0.000798 0.007049 0.000000 -1.011887 -0.872791 -5.582765 0.050387 0.102558 -0.024066 0.000231 0.030000 0.049054 0.045212 0.010513
25.335643 2.000000 -0.296178 0.589240 -0.011852 0.113059 0.928813 -1.549237 -0.030596 -0.307180 -0.573217 0.020373 0.107031 -0.928214 -1.546061 0.022363 -0.240237 -0.150694 0.266395 -0.099958 -0.104714 -0.080795 5.610800 5.610800 -0.006568 1.016949 5.500000 0.000000 0.000798 0.003981 0.000000 -1.016949 -0.878762 -5.610800 0.050058 0.101863 -0.024009 0.000225 0.030000 0.049051 0.045220 0.010513
25.400128 2.000000 -0.296178 0.589228 -0.011864 0.113059 0.928777 -1.549237 -0.030608 -0.307204 -0.573229 0.020373 0.107019 -0.928214 -1.546061 0.022375 -0.150149 0.081397 0.101612 0.110358 0.030566 0.133274 5.604955 5.604955 -0.016232 1.007285 5.500000 0.000000 0.000798 0.009838 0.000000 -1.007285 -0.869677 -5.604955 0.049858 0.102381 -0.023634 0.000228 0.030000 0.049049 0.045211 0.010513
25.447891 2.000000 -0.296166 0.589240 -0.011864 0.113071 0.928789 -1.549237 -0.030608 -0.307180 -0.573229 0.020373 0.107019 -0.928202 -1.546061 0.022375 -0.081381 0.076657 0.188437 0.027570 0.114151 -0.017666 5.602598 5.602598 -0.011960 1.011557 5.500000 0.000000 0.000798 0.007249 0.000000 -1.011557 -0.864788 -5.602598 0.050229 0.102324 -0.024032 0.000223 0.030000 0.049056 0.045217 0.010513
25.486423 2.000000 -0.296178 0.589228 -0.011864 0.113071 0.928765 -1.549237 -0.030608 -0.307180 -0.573229 0.020361 0.107019 -0.928202 -1.546073 0.022375 -0.175366 0.068197 0.023557 0.059874 -0.044958 0.040914 5.603495 5.603495 -0.018640 1.004877 5.500000 0.000000 0.000798 0.011297 0.000000 -1.004877 -0.872451 -5.603495 0.050313 0.102130 -0.023735 0.000224 0.030000 0.049050 0.045216 0.010513
25.542601 2.000000 -0.296178 0.589240 -0.011852 0.113047 0.928789 -1.549237 -0.030596 -0.307204 -0.573205 0.020361 0.107019 -0.928214 -1.546073 0.022351 -0.108080 0.030118 0.184421 0.071336 0.025870 -0.020295 5.598232 5.598232 -0.006510 1.017007 5.500000 0.000000 0.000798 0.003945 0.000000 -1.017007 -0.877726 -5.598232 0.050018 0.102064 -0.023760 0.000228 0.030000 0.049046 0.045210 0.010513
25.588521 2.000000 -0.296178 0.589228 -0.011852 0.113035 0.928789 -1.549237 -0.030608 -0.307180 -0.573205 0.020385 0.107019 -0.928202 -1.546073 0.022363 -0.263785 -0.046704 0.065330 0.035992 0.008610 -0.010278 5.609504 5.609504 0.001350 1.024867 5.500000 0.000000 0.000798 0.000818 0.000000 -1.024867 -0.883362 -5.609504 0.049725 0.102092 -0.023825 0.000233 0.030000 0.049045 0.045219 0.010513
25.628733 2.000000 -0.296178 0.589240 -0.011864 0.113047 0.928789 -1.549237 -0.030620 -0.307204 -0.573217 0.020373 0.107019 -0.928214 -1.546097 0.022351 -0.155100 -0.208783 0.040326 0.044189 -0.105057 0.105788 5.605790 5.605790 -0.009126 1.014391 5.500000 0.000000 0.000798 0.005531 0.000000 -1.014391 -0.870490 -5.605790 0.050128 0.102554 -0.023737 0.000229 0.030000 0.049049 0.045210 0.010513
25.668724 2.000000 -0.296178 0.589240 -0.011876 0.113047 0.928789 -1.549237 -0.030596 -0.307204 -0.573217 0.020361 0.107019 -0.928214 -1.546061 0.022363 -0.061777 -0.058418 0.132721 -0.100083 -0.162833 -0.042173 5.592303 5.592303 -0.007813 1.015704 5.500000 0.000000 0.000798 0.004735 0.000000 -1.015704 -0.880981 -5.592303 0.049955 0.102315 -0.023414 0.000229 0.030000 0.049047 0.045210 0.010513
25.731927 2.000000 -0.296178 0.589240 -0.011852 0.113035 0.928789 -1.549249 -0.030608 -0.307180 -0.573229 0.020373 0.107019 -0.928202 -1.546061 0.022363 -0.109166 -0.029404 0.057976 -0.187666 -0.135703 -0.173688 5.596042 5.596042 -0.008597 1.014920 5.500000 0.000000 0.000798 0.005210 0.000000 -1.014920 -0.859672 -5.596042 0.050144 0.102042 -0.023317 0.000225 0.030000 0.049045 0.045216 0.010513
25.772789 2.000000 -0.296178 0.589240 -0.011876 0.113035 0.928789 -1.549237 -0.030584 -0.307192 -0.573217 0.020361 0.107019 -0.928214 -1.546061 0.022363 -0.135956 -0.055090 0.049926 -0.259289 -0.026232 0.021324 5.571458 5.571458 -0.005837 1.017680 5.500000 0.000000 0.000798 0.003538 0.000000 -1.017680 -0.869232 -5.571458 0.050110 0.102338 -0.024082 0.000229 0.030000 0.049044 0.045214 0.010513
25.843647 2.000000 -0.296190 0.589228 -0.011852 0.113023 0.928789 -1.549225 -0.030596 -0.307204 -0.573205 0.020373 0.107019 -0.928214 -1.546085 0.022363 -0.042434 0.059513 0.265846 0.140227 0.076935 0.052999 5.591997 5.591997 -0.010235 1.013282 5.500000 0.000000 0.000798 0.006203 0.000000 -1.013282 -0.865136 -5.591997 0.050010 0.102248 -0.023300 0.000234 0.030000 0.049038 0.045212 0.010513
25.890792 2.000000 -0.296178 0.589240 -0.011864 0.113035 0.928801 -1.549237 -0.030608 -0.307192 -0.573205 0.020361 0.107019 -0.928214 -1.546061 0.022363 -0.114313 -0.123883 0.070073 0.052898 0.034520 0.018836 5.586166 5.586166 -0.009280 1.014237 5.500000 0.000000 0.000798 0.005624 0.000000 -1.014237 -0.854054 -5.586166 0.049856 0.102152 -0.022022 0.000230 0.030000 0.049046 0.045215 0.010513
25.937856 2.000000 -0.296166 0.589240 -0.011852 0.113023 0.928789 -1.549237 -0.030608 -0.307192 -0.573205 0.020373 0.107019 -0.928202 -1.546061 0.022363 -0.152083 -0.036869 0.087828 -0.097090 -0.098411 -0.138468 5.613833 5.613833 -0.030037 0.993480 5.500000 0.000000 0.000798 0.018204 0.000000 -0.993480 -0.863152 -5.613833 0.049909 0.102103 -0.022646 0.000230 0.030000 0.049046 0.045214 0.010513
25.990565 2.000000 -0.296178 0.589216 -0.011852 0.113023 0.928789 -1.549237 -0.030608 -0.307180 -0.573229 0.020373 0.107019 -0.928214 -1.546061 0.022363 -0.173910 0.067152 0.058122 0.014665 0.005685 -0.015452 5.601604 5.601604 -0.017599 1.005919 5.500000 0.000000 0.000798 0.010666 0.000000 -1.005919 -0.865827 -5.601604 0.050190 0.102151 -0.023424 0.000230 0.030000 0.049044 0.045217 0.010513
26.040479 2.000000 -0.296166 0.589240 -0.011852 0.113035 0.928789 -1.549249 -0.030632 -0.307192 -0.573205 0.020361 0.107019 -0.928214 -1.546073 0.022375 -0.116800 -0.003945 0.091129 -0.091557 0.046419 0.220463 5.591865 5.591865 0.001649 1.025167 5.500000 0.000000 0.000798 0.001000 0.000000 -1.025167 -0.874823 -5.591865 0.049775 0.102155 -0.023746 0.000228 0.030000 0.049051 0.045216 0.010513
26.092783 2.000000 -0.296178 0.589240 -0.011852 0.113011 0.928789 -1.549237 -0.030608 -0.307204 -0.573217 0.020373 0.107019 -0.928214 -1.546085 0.022375 -0.185960 -0.177275 0.364306 0.023733 0.020801 0.028640 5.588236 5.588236 -0.001874 1.021643 5.500000 0.000000 0.000798 0.001136 0.000000 -1.021643 -0.872916 -5.588236 0.049838 0.102206 -0.023457 0.000230 0.030000 0.049041 0.045212 0.010513
26.136354 2.000000 -0.296178 0.589240 -0.011852 0.113023 0.928789 -1.549225 -0.030608 -0.307204 -0.573229 0.020373 0.107007 -0.928214 -1.546061 0.022375 -0.124300 -0.147419 0.149627 0.082797 0.060935 0.032558 5.604064 5.604064 -0.026858 0.996659 5.500000 0.000000 0.000798 0.016277 0.000000 -0.996659 -0.870870 -5.604064 0.049826 0.102089 -0.023328 0.000228 0.030000 0.049043 0.045209 0.010513
26.179475 2.000000 -0.296178 0.589228 -0.011876 0.113023 0.928777 -1.549237 -0.030584 -0.307180 -0.573229 0.020361 0.107019 -0.928214 -1.546061 0.022375 -0.144682 -0.057679 0.144282 0.014664 0.048277 -0.057601 5.600675 5.600675 0.000076 1.023594 5.500000 0.000000 0.000798 0.000046 0.000000 -1.023594 -0.881349 -5.600675 0.049793 0.102491 -0.023248 0.000230 0.030000 0.049041 0.045217 0.010513
26.254478 2.000000 -0.296166 0.589228 -0.011840 0.113011 0.928813 -1.549237 -0.030608 -0.307192 -0.573229 0.020361 0.107019 -0.928202 -1.546073 0.022387 -0.112489 0.116062 0.079074 0.062389 -0.052284 0.051808 5.604607 5.604607 -0.011977 1.011540 5.500000 0.000000 0.000798 0.007259 0.000000 -1.011540 -0.862704 -5.604607 0.050151 0.102589 -0.023276 0.000226 0.030000 0.049046 0.045213 0.010513
26.329329 2.000000 -0.296178 0.589252 -0.011852 0.113011 0.928789 -1.549237 -0.030608 -0.307204 -0.573217 0.020385 0.107019 -0.928214 -1.546073 0.022375 -0.456042 -0.211992 0.192716 0.070567 0.166337 0.007722 5.588124 5.588124 0.009226 1.032744 5.500000 0.000000 0.000798 0.005592 0.000000 -1.032744 -0.879634 -5.588124 0.049652 0.102451 -0.023590 0.000230 0.030000 0.049040 0.045212 0.010513
26.392655 2.000000 -0.296178 0.589240 -0.011864 0.113035 0.928789 -1.549237 -0.030608 -0.307204 -0.573229 0.020373 0.107019 -0.928214 -1.546085 0.022363 -0.107906 -0.060795 0.078342 -0.245964 0.021477 0.134484 5.591108 5.591108 -0.002116 1.021401 5.500000 0.000000 0.000798 0.001282 0.000000 -1.021401 -0.875685 -5.591108 0.049967 0.101804 -0.023697 0.000228 0.030000 0.049045 0.045210 0.010513
26.436634 2.000000 -0.296178 0.589240 -0.011852 0.113023 0.928777 -1.549237 -0.030620 -0.307204 -0.573229 0.020373 0.107019 -0.928214 -1.546061 0.022363 -0.079802 -0.100152 0.157782 -0.008052 -0.031102 0.067407 5.596187 5.596187 0.000711 1.024228 5.500000 0.000000 0.000798 0.000431 0.000000 -1.024228 -0.869818 -5.596187 0.049932 0.102302 -0.023630 0.000227 0.030000 0.049043 0.045210 0.010513
26.490066 2.000000 -0.296178 0.589252 -0.011864 0.113011 0.928777 -1.549237 -0.030596 -0.307204 -0.573217 0.020373 0.107019 -0.928214 -1.546061 0.022363 -0.040035 -0.101424 0.170520 0.121078 0.094795 0.066405 5.594848 5.594848 -0.012360 1.011158 5.500000 0.000000 0.000798 0.007491 0.000000 -1.011158 -0.872401 -5.594848 0.049653 0.101928 -0.022917 0.000230 0.030000 0.049039 0.045211 0.010513
26.546917 2.000000 -0.296166 0.589252 -0.011852 0.113011 0.928813 -1.549237 -0.030620 -0.307192 -0.573229 0.020361 0.107019 -0.928214 -1.546061 0.022351 -0.300251 0.076795 -0.046024 -0.236090 -0.043371 0.175540 5.593685 5.593685 0.004514 1.028031 5.500000 0.000000 0.000798 0.002736 0.000000 -1.028031 -0.874794 -5.593685 0.049813 0.101938 -0.023828 0.000224 0.030000 0.049047 0.045212 0.010513
26.593717 2.000000 -0.296178 0.589252 -0.011852 0.113011 0.928789 -1.549225 -0.030608 -0.307204 -0.573217 0.020373 0.107019 -0.928202 -1.546073 0.022363 -0.100270 -0.062561 0.095988 -0.156994 -0.007191 -0.041830 5.610757 5.610757 -0.009055 1.014463 5.500000 0.000000 0.000798 0.005488 0.000000 -1.014463 -0.875127 -5.610757 0.049432 0.102105 -0.023355 0.000228 0.030000 0.049040 0.045210 0.010513
26.666496 2.000000 -0.296178 0.589228 -0.011864 0.113011 0.928777 -1.549237 -0.030608 -0.307204 -0.573229 0.020385 0.107019 -0.928214 -1.546073 0.022363 -0.096665 -0.102570 0.135083 0.063768 0.055324 -0.005613 5.600282 5.600282 -0.012014 1.011503 5.500000 0.000000 0.000798 0.007281 0.000000 -1.011503 -0.873371 -5.600282 0.049422 0.102028 -0.023169 0.000233 0.030000 0.049040 0.045211 0.010513
26.741203 2.000000 -0.296178 0.589228 -0.011852 0.112999 0.928777 -1.549237 -0.030608 -0.307192 -0.573229 0.020373 0.107019 -0.928214 -1.546073 0.022375 -0.407012 0.064117 -0.033878 -0.145252 -0.183444 -0.121152 5.590620 5.590620 0.000530 1.024047 5.500000 0.000000 0.000798 0.000321 0.000000 -1.024047 -0.854009 -5.590620 0.050205 0.101924 -0.023443 0.000231 0.030000 0.049038 0.045214 0.010513
26.798360 2.000000 -0.296178 0.589252 -0.011852 0.112999 0.928777 -1.549237 -0.030608 -0.307180 -0.573229 0.020373 0.107019 -0.928214 -1.546073 0.022375 -0.058499 -0.042869 0.149835 0.026316 0.051112 0.023277 5.593505 5.593505 -0.027433 0.996084 5.500000 0.000000 0.000798 0.016626 0.000000 -0.996084 -0.868565 -5.593505 0.049540 0.101913 -0.023805 0.000226 0.030000 0.049037 0.045218 0.010513
26.855559 2.000000 -0.296178 0.589228 -0.011876 0.113011 0.928777 -1.549225 -0.030596 -0.307180 -0.573229 0.020373 0.107019 -0.928214 -1.546073 0.022375 0.121908 0.110592 -0.006521 -0.022454 0.015899 -0.090594 5.611505 5.611505 -0.002758 1.020759 5.500000 0.000000 0.000798 0.001672 0.000000 -1.020759 -0.876386 -5.611505 0.049892 0.101861 -0.023436 0.000232 0.030000 0.049040 0.045218 0.010513
26.898780 2.000000 -0.296178 0.589228 -0.011852 0.113011 0.928789 -1.549213 -0.030608 -0.307204 -0.573217 0.020385 0.107019 -0.928214 -1.546085 0.022363 -0.095618 -0.007249 0.192718 0.087721 0.127261 0.081357 5.594243 5.594243 -0.009602 1.013915 5.500000 0.000000 0.000798 0.005819 0.000000 -1.013915 -0.863693 -5.594243 0.050030 0.102049 -0.022935 0.000234 0.030000 0.049041 0.045212 0.010513
26.969600 2.000000 -0.296178 0.589228 -0.011840 0.112987 0.928789 -1.549237 -0.030596 -0.307204 -0.573217 0.020373 0.107019 -0.928214 -1.546061 0.022375 -0.344598 0.099588 -0.046231 0.148009 -0.088538 -0.162100 5.603256 5.603256 -0.017924 1.005593 5.500000 0.000000 0.000798 0.010863 0.000000 -1.005593 -0.856751 -5.603256 0.050152 0.101793 -0.023530 0.000233 0.030000 0.049035 0.045212 0.010513
27.016139 2.000000 -0.296178 0.589216 -0.011864 0.113011 0.928777 -1.549237 -0.030608 -0.307216 -0.573217 0.020373 0.107019 -0.928214 -1.546061 0.022363 -0.152425 -0.053731 0.063281 0.053124 0.022314 -0.048683 5.602127 5.602127 -0.007164 1.016353 5.500000 0.000000 0.000798 0.004342 0.000000 -1.016353 -0.872471 -5.602127 0.049655 0.102272 -0.024010 0.000237 0.030000 0.049041 0.045208 0.010513
27.063097 2.000000 -0.296178 0.589240 -0.011876 0.113011 0.928789 -1.549237 -0.030608 -0.307192 -0.573229 0.020373 0.107019 -0.928214 -1.546061 0.022375 -0.292321 0.038748 -0.016052 -0.055538 -0.019222 -0.114365 5.589602 5.589602 -0.009163 1.014354 5.500000 0.000000 0.000798 0.005553 0.000000 -1.014354 -0.870228 -5.589602 0.049630 0.101981 -0.023648 0.000231 0.030000 0.049041 0.045214 0.010513
27.117899 2.000000 -0.296178 0.589240 -0.011852 0.112999 0.928801 -1.549237 -0.030632 -0.307180 -0.573229 0.020373 0.107019 -0.928214 -1.546061 0.022375 -0.089955 -0.119996 0.161923 0.053642 -0.025367 -0.000595 5.583805 5.583805 0.005188 1.028705 5.500000 0.000000 0.000798 0.003144 0.000000 -1.028705 -0.871964 -5.583805 0.049538 0.102039 -0.023295 0.000228 0.030000 0.049041 0.045218 0.010513
27.205537 2.000000 -0.296178 0.589240 -0.011852 0.112987 0.928789 -1.549237 -0.030608 -0.307192 -0.573229 0.020361 0.107019 -0.928214 -1.546061 0.022363 -0.310062 0.227571 -0.113216 -0.262058 -0.025614 -0.153021 5.603890 5.603890 -0.011725 1.011792 5.500000 0.000000 0.000798 0.007106 0.000000 -1.011792 -0.877881 -5.603890 0.049384 0.101881 -0.023766 0.000228 0.030000 0.049036 0.045213 0.010513
27.272565 2.000000 -0.296178 0.589240 -0.011876 0.112975 0.928777 -1.549237 -0.030608 -0.307180 -0.573229 0.020373 0.107019 -0.928214 -1.546061 0.022363 -0.038395 -0.100950 0.203194 0.076652 0.004789 0.013464 5.603839 5.603839 -0.005196 1.018322 5.500000 0.000000 0.000798 0.003149 0.000000 -1.018322 -0.866018 -5.603839 0.049787 0.101929 -0.023274 0.000233 0.030000 0.049034 0.045217 0.010513
27.325387 2.000000 -0.296166 0.589240 -0.011864 0.112975 0.928789 -1.549237 -0.030596 -0.307204 -0.573205 0.020373 0.107019 -0.928214 -1.546073 0.022375 -0.102256 0.041827 0.161994 -0.029926 0.123923 0.035830 5.604643 5.604643 0.003574 1.027092 5.500000 0.000000 0.000798 0.002166 0.000000 -1.027092 -0.873244 -5.604643 0.049774 0.102289 -0.023596 0.000236 0.030000 0.049037 0.045213 0.010513
27.367590 2.000000 -0.296178 0.589252 -0.011840 0.112975 0.928789 -1.549237 -0.030596 -0.307204 -0.573217 0.020385 0.107019 -0.928202 -1.546061 0.022363 0.021236 -0.181893 -0.050303 0.044793 0.001515 0.034007 5.607300 5.607300 -0.005016 1.018501 5.500000 0.000000 0.000798 0.003040 0.000000 -1.018501 -0.876106 -5.607300 0.049902 0.102086 -0.023946 0.000231 0.030000 0.049032 0.045211 0.010513
27.419550 2.000000 -0.296178 0.589252 -0.011852 0.112999 0.928789 -1.549225 -0.030596 -0.307204 -0.573229 0.020385 0.107019 -0.928214 -1.546061 0.022351 -0.074700 -0.111952 0.119564 -0.009605 -0.007578 -0.045858 5.605978 5.605978 0.007802 1.031319 5.500000 0.000000 0.000798 0.004728 0.000000 -1.031319 -0.877415 -5.605978 0.049474 0.101828 -0.023861 0.000229 0.030000 0.049037 0.045210 0.010513
27.482244 2.000000 -0.296166 0.589240 -0.011864 0.112975 0.928813 -1.549237 -0.030608 -0.307192 -0.573217 0.020373 0.107019 -0.928214 -1.546061 0.022375 -0.048708 0.020403 0.072846 0.079185 0.055759 0.032322 5.614081 5.614081 -0.012765 1.010752 5.500000 0.000000 0.000798 0.007736 0.000000 -1.010752 -0.886486 -5.614081 0.049459 0.101834 -0.023422 0.000233 0.030000 0.049040 0.045215 0.010513
27.527149 2.000000 -0.296178 0.589240 -0.011864 0.112975 0.928789 -1.549237 -0.030596 -0.307204 -0.573217 0.020373 0.107019 -0.928202 -1.546061 0.022363 -0.188849 -0.121111 0.019675 0.005821 0.107197 0.035513 5.597224 5.597224 -0.014661 1.008856 5.500000 0.000000 0.000798 0.008885 0.000000 -1.008856 -0.858687 -5.597224 0.049840 0.101716 -0.022932 0.000235 0.030000 0.049033 0.045210 0.010513
27.613086 2.000000 -0.296178 0.589228 -0.011852 0.112951 0.928789 -1.549237 -0.030608 -0.307204 -0.573217 0.020385 0.107019 -0.928214 -1.546061 0.022363 0.000508 -0.014981 0.189667 0.057141 -0.138629 0.043970 5.598214 5.598214 -0.007882 1.015636 5.500000 0.000000 0.000798 0.004777 0.000000 -1.015636 -0.861365 -5.598214 0.049938 0.102126 -0.023952 0.000238 0.030000 0.049030 0.045212 0.010513
27.706330 2.000000 -0.296178 0.589240 -0.011864 0.112975 0.928789 -1.549237 -0.030596 -0.307204 -0.573217 0.020385 0.107007 -0.928214 -1.546061 0.022375 -0.157583 -0.080119 0.044291 0.120408 0.088622 -0.033739 5.623174 5.623174 -0.003875 1.019642 5.500000 0.000000 0.000798 0.002348 0.000000 -1.019642 -0.881471 -5.623174 0.049744 0.102258 -0.023858 0.000237 0.030000 0.049033 0.045210 0.010513
27.764462 2.000000 -0.296178 0.589228 -0.011864 0.112951 0.928789 -1.549249 -0.030608 -0.307204 -0.573205 0.020373 0.107019 -0.928214 -1.546061 0.022363 -0.273180 0.063887 0.031340 0.002480 0.134128 -0.020463 5.595471 5.595471 0.005417 1.028935 5.500000 0.000000 0.000798 0.003283 0.000000 -1.028935 -0.866125 -5.595471 0.050197 0.102172 -0.023785 0.000240 0.030000 0.049030 0.045212 0.010513
27.824549 2.000000 -0.296178 0.589228 -0.011864 0.112951 0.928789 -1.549237 -0.030596 -0.307180 -0.573205 0.020373 0.107019 -0.928202 -1.546073 0.022375 -0.048120 0.006027 0.223439 -0.107717 -0.108010 -0.093020 5.601013 5.601013 0.010793 1.034310 5.500000 0.000000 0.000798 0.006541 0.000000 -1.034310 -0.881449 -5.601013 0.049297 0.102419 -0.024225 0.000239 0.030000 0.049029 0.045219 0.010513
27.889512 2.000000 -0.296178 0.589228 -0.011864 0.112951 0.928789 -1.549237 -0.030608 -0.307204 -0.573217 0.020373 0.107019 -0.928214 -1.546061 0.022363 -0.099337 -0.043283 0.070216 -0.051233 0.021092 0.071671 5.609275 5.609275 -0.003088 1.020429 5.500000 0.000000 0.000798 0.001872 0.000000 -1.020429 -0.872955 -5.609275 0.049775 0.102185 -0.024021 0.000238 0.030000 0.049030 0.045211 0.010513
27.934390 2.000000 -0.296154 0.589228 -0.011852 0.112951 0.928789 -1.549237 -0.030596 -0.307192 -0.573205 0.020361 0.107019 -0.928214 -1.546073 0.022363 -0.139392 0.019539 0.082859 -0.009928 -0.059831 0.043104 5.616908 5.616908 -0.022306 1.001211 5.500000 0.000000 0.000798 0.013519 0.000000 -1.001211 -0.875485 -5.616908 0.049661 0.101847 -0.023669 0.000235 0.030000 0.049036 0.045215 0.010513
27.992294 2.000000 -0.296178 0.589240 -0.011852 0.112951 0.928789 -1.549237 -0.030596 -0.307204 -0.573229 0.020373 0.107019 -0.928214 -1.546073 0.022363 -0.074897 0.057634 0.094746 0.112335 -0.008449 0.056485 5.598299 5.598299 0.001355 1.024872 5.500000 0.000000 0.000798 0.000821 0.000000 -1.024872 -0.859226 -5.598299 0.050014 0.102337 -0.023388 0.000233 0.030000 0.049028 0.045210 0.010513
28.043973 2.000000 -0.296178 0.589240 -0.011852 0.112963 0.928789 -1.549237 -0.030608 -0.307204 -0.573229 0.020373 0.107019 -0.928214 -1.546073 0.022363 0.026744 -0.112897 0.192537 -0.110395 0.015787 -0.125703 5.596787 5.596787 -0.009157 1.014361 5.500000 0.000000 0.000798 0.005550 0.000000 -1.014361 -0.868526 -5.596787 0.049493 0.101802 -0.023581 0.000232 0.030000 0.049032 0.045210 0.010513
28.093273 2.000000 -0.296178 0.589240 -0.011864 0.112927 0.928813 -1.549225 -0.030608 -0.307204 -0.573229 0.020373 0.107019 -0.928214 -1.546061 0.022375 -0.072244 -0.191791 0.089587 -0.026612 0.021098 -0.023262 5.610827 5.610827 -0.013047 1.010470 5.500000 0.000000 0.000798 0.007907 0.000000 -1.010470 -0.876108 -5.610827 0.049562 0.102145 -0.023477 0.000236 0.030000 0.049027 0.045211 0.010513
28.121423 2.000000 -0.296178 0.589240 -0.011852 0.112939 0.928777 -1.549237 -0.030596 -0.307204 -0.573217 0.020373 0.107019 -0.928214 -1.546073 0.022339 -0.009976 -0.030058 0.005871 -0.026277 0.120402 -0.007300 5.621211 5.621211 -0.003927 1.019590 5.500000 0.000000 0.000798 0.002380 0.000000 -1.019590 -0.863644 -5.621211 0.049826 0.101640 -0.023467 0.000236 0.030000 0.049025 0.045209 0.010513
28.160030 2.000000 -0.296178 0.589252 -0.011852 0.112951 0.928789 -1.549237 -0.030608 -0.307192 -0.573217 0.020373 0.107019 -0.928214 -1.546073 0.022363 -0.186201 0.041887 -0.025163 -0.049018 -0.318349 -0.023819 5.607929 5.607929 -0.002025 1.021493 5.500000 0.000000 0.000798 0.001227 0.000000 -1.021493 -0.866088 -5.607929 0.049702 0.102226 -0.023569 0.000232 0.030000 0.049029 0.045214 0.010513
28.197446 2.000000 -0.296178 0.589240 -0.011852 0.112915 0.928789 -1.549237 -0.030596 -0.307204 -0.573229 0.020373 0.107019 -0.928202 -1.546061 0.022375 -0.123703 -0.060661 0.095853 -0.044195 -0.074149 -0.008206 5.615793 5.615793 -0.019097 1.004420 5.500000 0.000000 0.000798 0.011574 0.000000 -1.004420 -0.868618 -5.615793 0.049815 0.102137 -0.022956 0.000236 0.030000 0.049022 0.045210 0.010513
28.255425 2.000000 -0.296178 0.589240 -0.011864 0.112927 0.928813 -1.549225 -0.030596 -0.307204 -0.573229 0.020373 0.107019 -0.928214 -1.546061 0.022363 -0.163930 -0.315540 0.314272 -0.177439 -0.110770 -0.064938 5.598531 5.598531 -0.012108 1.011409 5.500000 0.000000 0.000798 0.007338 0.000000 -1.011409 -0.876054 -5.598531 0.049774 0.101787 -0.023428 0.000236 0.030000 0.049026 0.045210 0.010513
28.307046 2.000000 -0.296178 0.589240 -0.011864 0.112903 0.928777 -1.549237 -0.030608 -0.307204 -0.573229 0.020373 0.107019 -0.928214 -1.546061 0.022375 -0.179438 -0.063034 0.064802 0.023850 0.058216 0.007091 5.608673 5.608673 0.005607 1.029124 5.500000 0.000000 0.000798 0.003398 0.000000 -1.029124 -0.870324 -5.608673 0.049418 0.102379 -0.023863 0.000238 0.030000 0.049020 0.045211 0.010513
28.374953 2.000000 -0.296178 0.589240 -0.011864 0.112903 0.928777 -1.549237 -0.030596 -0.307204 -0.573229 0.020373 0.107019 -0.928214 -1.546073 0.022363 -0.252943 0.099635 -0.043258 0.024936 0.076516 0.009489 5.619334 5.619334 -0.003550 1.019967 5.500000 0.000000 0.000798 0.002152 0.000000 -1.019967 -0.869838 -5.619334 0.049850 0.102214 -0.023202 0.000238 0.030000 0.049019 0.045210 0.010513
28.411812 2.000000 -0.296178 0.589240 -0.011852 0.112915 0.928789 -1.549249 -0.030596 -0.307204 -0.573217 0.020373 0.107019 -0.928214 -1.546061 0.022363 -0.124814 0.043825 0.123345 0.032992 0.069651 0.021599 5.608371 5.608371 -0.020556 1.002961 5.500000 0.000000 0.000798 0.012458 0.000000 -1.002961 -0.870617 -5.608371 0.049476 0.101719 -0.023298 0.000238 0.030000 0.049022 0.045211 0.010513
28.449354 2.000000 -0.296190 0.589240 -0.011852 0.112903 0.928789 -1.549237 -0.030608 -0.307180 -0.573205 0.020373 0.107019 -0.928214 -1.546061 0.022387 -0.106207 -0.152017 0.148350 0.065167 -0.073278 0.023486 5.593404 5.593404 -0.009204 1.014313 5.500000 0.000000 0.000798 0.005578 0.000000 -1.014313 -0.865297 -5.593404 0.049711 0.101804 -0.023568 0.000240 0.030000 0.049017 0.045221 0.010513
28.503758 2.000000 -0.296178 0.589228 -0.011852 0.112903 0.928813 -1.549237 -0.030596 -0.307204 -0.573217 0.020385 0.107019 -0.928214 -1.546073 0.022375 -0.018585 0.008325 0.083675 -0.213599 -0.060350 -0.122298 5.587244 5.587244 -0.007390 1.016127 5.500000 0.000000 0.000798 0.004479 0.000000 -1.016127 -0.860972 -5.587244 0.049838 0.102074 -0.023311 0.000242 0.030000 0.049022 0.045212 0.010513
28.560579 2.000000 -0.296190 0.589252 -0.011864 0.112903 0.928777 -1.549237 -0.030608 -0.307204 -0.573229 0.020373 0.107019 -0.928214 -1.546061 0.022363 -0.096322 0.037765 0.122948 0.361044 -0.122561 -0.117151 5.598343 5.598343 -0.012582 1.010935 5.500000 0.000000 0.000798 0.007625 0.000000 -1.010935 -0.864581 -5.598343 0.050270 0.101617 -0.023460 0.000237 0.030000 0.049016 0.045210 0.010513
28.643742 2.000000 -0.296178 0.589240 -0.011852 0.112903 0.928777 -1.549237 -0.030596 -0.307204 -0.573229 0.020373 0.107019 -0.928214 -1.546061 0.022363 -0.084765 0.138074 -0.192142 -0.064576 0.172643 0.008982 5.604394 5.604394 -0.018248 1.005269 5.500000 0.000000 0.000798 0.011059 0.000000 -1.005269 -0.861381 -5.604394 0.050043 0.101988 -0.023856 0.000237 0.030000 0.049018 0.045210 0.010513
28.710879 2.000000 -0.296178 0.589240 -0.011864 0.112903 0.928801 -1.549225 -0.030608 -0.307192 -0.573229 0.020373 0.107019 -0.928214 -1.546073 0.022375 -0.058465 -0.014879 0.116195 -0.154969 -0.098221 -0.194330 5.603294 5.603294 -0.007038 1.016480 5.500000 0.000000 0.000798 0.004265 0.000000 -1.016480 -0.886791 -5.603294 0.049559 0.102151 -0.024009 0.000237 0.030000 0.049022 0.045214 0.010513
28.790606 2.000000 -0.296178 0.589240 -0.011864 0.112903 0.928789 -1.549237 -0.030608 -0.307180 -0.573217 0.020361 0.107019 -0.928214 -1.546061 0.022363 -0.317081 0.032310 0.012939 -0.154674 -0.042620 -0.048203 5.607296 5.607296 -0.015449 1.008068 5.500000 0.000000 0.000798 0.009363 0.000000 -1.008068 -0.874100 -5.607296 0.049701 0.102047 -0.023762 0.000237 0.030000 0.049021 0.045217 0.010513
28.842355 2.000000 -0.296178 0.589240 -0.011864 0.112903 0.928789 -1.549237 -0.030608 -0.307204 -0.573217 0.020385 0.107019 -0.928214 -1.546073 0.022363 -0.122615 -0.043159 0.071995 -0.015678 0.004499 0.033404 5.608814 5.608814 0.008791 1.032308 5.500000 0.000000 0.000798 0.005328 0.000000 -1.032308 -0.879551 -5.608814 0.049885 0.101921 -0.023979 0.000242 0.030000 0.049021 0.045212 0.010513
28.902464 2.000000 -0.296178 0.589228 -0.011852 0.112903 0.928801 -1.549237 -0.030608 -0.307204 -0.573205 0.020361 0.107019 -0.928214 -1.546061 0.022363 -0.217456 0.028194 0.251641 -0.117010 0.012170 -0.131163 5.605689 5.605689 -0.006372 1.017145 5.500000 0.000000 0.000798 0.003862 0.000000 -1.017145 -0.867378 -5.605689 0.049653 0.101929 -0.024004 0.000241 0.030000 0.049022 0.045211 0.010513
28.948793 2.000000 -0.296178 0.589252 -0.011852 0.112891 0.928789 -1.549237 -0.030608 -0.307192 -0.573217 0.020385 0.107019 -0.928214 -1.546073 0.022375 -0.145120 -0.034856 0.075080 0.013091 0.088568 0.001098 5.599047 5.599047 -0.017385 1.006132 5.500000 0.000000 0.000798 0.010536 0.000000 -1.006132 -0.867412 -5.599047 0.049668 0.102112 -0.023164 0.000238 0.030000 0.049018 0.045216 0.010513
29.005410 2.000000 -0.296178 0.589240 -0.011852 0.112891 0.928789 -1.549237 -0.030608 -0.307192 -0.573217 0.020373 0.107007 -0.928214 -1.546073 0.022363 -0.256851 -0.066637 0.316695 0.026452 -0.190544 0.023751 5.596238 5.596238 -0.002240 1.021278 5.500000 0.000000 0.000798 0.001357 0.000000 -1.021278 -0.876784 -5.596238 0.049671 0.101868 -0.024251 0.000240 0.030000 0.049018 0.045212 0.010513
29.037964 2.000000 -0.296178 0.589240 -0.011864 0.112891 0.928777 -1.549237 -0.030596 -0.307204 -0.573205 0.020373 0.107019 -0.928214 -1.546061 0.022375 -0.300041 -0.034436 0.167679 0.273441 -0.014911 0.176389 5.590010 5.590010 -0.000321 1.023196 5.500000 0.000000 0.000798 0.000194 0.000000 -1.023196 -0.886641 -5.590010 0.049610 0.101653 -0.024145 0.000243 0.030000 0.049017 0.045213 0.010513
29.089278 2.000000 -0.296178 0.589252 -0.011876 0.112879 0.928789 -1.549249 -0.030596 -0.307192 -0.573217 0.020361 0.107007 -0.928214 -1.546061 0.022363 -0.060809 -0.101035 0.141417 -0.151544 -0.042691 -0.184229 5.587103 5.587103 -0.000841 1.022677 5.500000 0.000000 0.000798 0.000509 0.000000 -1.022677 -0.871402 -5.587103 0.049716 0.101837 -0.024149 0.000240 0.030000 0.049015 0.045212 0.010513
29.141963 2.000000 -0.296166 0.589240 -0.011852 0.112891 0.928777 -1.549237 -0.030608 -0.307204 -0.573229 0.020373 0.107019 -0.928214 -1.546061 0.022363 -0.079372 -0.058181 0.113331 -0.123581 -0.194461 -0.044166 5.604538 5.604538 0.005300 1.028817 5.500000 0.000000 0.000798 0.003212 0.000000 -1.028817 -0.888073 -5.604538 0.049707 0.101891 -0.024042 0.000237 0.030000 0.049021 0.045210 0.010513
29.181005 2.000000 -0.296178 0.589240 -0.011852 0.112843 0.928789 -1.549225 -0.030608 -0.307180 -0.573205 0.020373 0.107019 -0.928214 -1.546061 0.022363 -0.029281 0.066126 0.118566 -0.008860 0.069126 -0.079517 5.616359 5.616359 -0.007557 1.015960 5.500000 0.000000 0.000798 0.004580 0.000000 -1.015960 -0.885040 -5.616359 0.050025 0.101842 -0.024026 0.000244 0.030000 0.049009 0.045219 0.010513
29.249017 2.000000 -0.296178 0.589240 -0.011864 0.112867 0.928789 -1.549249 -0.030596 -0.307204 -0.573217 0.020385 0.107019 -0.928214 -1.546049 0.022363 -0.125455 -0.014403 0.168933 0.104178 -0.074591 0.131394 5.600295 5.600295 -0.011312 1.012205 5.500000 0.000000 0.000798 0.006856 0.000000 -1.012205 -0.880292 -5.600295 0.049818 0.101918 -0.023662 0.000244 0.030000 0.049013 0.045212 0.010513
29.298919 2.000000 -0.296190 0.589240 -0.011852 0.112855 0.928801 -1.549237 -0.030608 -0.307204 -0.573229 0.020373 0.107019 -0.928202 -1.546061 0.022375 -0.218759 -0.007793 0.023727 -0.041656 0.074151 0.015073 5.612105 5.612105 -0.005295 1.018222 5.500000 0.000000 0.000798 0.003209 0.000000 -1.018222 -0.879437 -5.612105 0.050051 0.102024 -0.023047 0.000241 0.030000 0.049009 0.045210 0.010513
29.362532 2.000000 -0.296190 0.589240 -0.011864 0.112843 0.928789 -1.549237 -0.030608 -0.307204 -0.573217 0.020385 0.107019 -0.928202 -1.546061 0.022375 0.190190 -0.049584 -0.066427 0.053115 -0.024530 0.011399 5.609019 5.609019 -0.006626 1.016892 5.500000 0.000000 0.000798 0.004016 0.000000 -1.016892 -0.875369 -5.609019 0.049706 0.101707 -0.024527 0.000247 0.030000 0.049006 0.045211 0.010513
29.444337 2.000000 -0.296178 0.589252 -0.011864 0.112843 0.928789 -1.549249 -0.030596 -0.307204 -0.573217 0.020361 0.107007 -0.928214 -1.546073 0.022375 -0.151876 -0.011470 0.152116 -0.146760 -0.043188 -0.099760 5.624773 5.624773 -0.010163 1.013354 5.500000 0.000000 0.000798 0.006159 0.000000 -1.013354 -0.881800 -5.624773 0.049890 0.102057 -0.023778 0.000242 0.030000 0.049008 0.045209 0.010513
29.489898 2.000000 -0.296178 0.589240 -0.011852 0.112819 0.928789 -1.549237 -0.030632 -0.307204 -0.573229 0.020373 0.107019 -0.928214 -1.546061 0.022375 -0.017731 0.047219 0.091663 -0.024742 -0.098155 -0.095231 5.598282 5.598282 0.006178 1.029696 5.500000 0.000000 0.000798 0.003744 0.000000 -1.029696 -0.883685 -5.598282 0.049845 0.101729 -0.023967 0.000243 0.030000 0.049007 0.045211 0.010513
29.559128 2.000000 -0.296178 0.589240 -0.011852 0.112819 0.928777 -1.549237 -0.030596 -0.307204 -0.573229 0.020373 0.107019 -0.928202 -1.546061 0.022363 -0.191350 -0.204684 -0.016204 0.083425 0.030014 0.100187 5.611914 5.611914 -0.007813 1.015704 5.500000 0.000000 0.000798 0.004735 0.000000 -1.015704 -0.892836 -5.611914 0.049507 0.102092 -0.024142 0.000243 0.030000 0.049003 0.045209 0.010513
29.623940 2.000000 -0.296178 0.589240 -0.011852 0.112831 0.928777 -1.549237 -0.030608 -0.307192 -0.573229 0.020361 0.107019 -0.928214 -1.546073 0.022375 -0.271990 0.257227 0.029540 0.000223 -0.027163 0.003684 5.615691 5.615691 -0.012662 1.010855 5.500000 0.000000 0.000798 0.007674 0.000000 -1.010855 -0.880921 -5.615691 0.049973 0.101965 -0.024092 0.000240 0.030000 0.049006 0.045214 0.010513
29.673887 2.000000 -0.296178 0.589240 -0.011852 0.112796 0.928789 -1.549237 -0.030608 -0.307204 -0.573217 0.020373 0.107007 -0.928214 -1.546085 0.022387 -0.238295 0.066270 0.012277 0.028228 0.120519 0.019256 5.615503 5.615503 -0.027167 0.996350 5.500000 0.000000 0.000798 0.016465 0.000000 -0.996350 -0.879815 -5.615503 0.049879 0.101726 -0.023966 0.000248 0.030000 0.049000 0.045210 0.010513
29.716879 2.000000 -0.296178 0.589252 -0.011852 0.112796 0.928789 -1.549237 -0.030608 -0.307216 -0.573205 0.020361 0.107019 -0.928214 -1.546073 0.022363 -0.174612 0.043820 0.141950 0.100273 0.159795 0.112279 5.595659 5.595659 -0.015622 1.007896 5.500000 0.000000 0.000798 0.009468 0.000000 -1.007896 -0.883905 -5.595659 0.050013 0.101584 -0.023903 0.000246 0.030000 0.049000 0.045208 0.010513
29.760230 2.000000 -0.296178 0.589252 -0.011852 0.112808 0.928777 -1.549237 -0.030608 -0.307192 -0.573205 0.020361 0.107019 -0.928214 -1.546061 0.022363 -0.095672 -0.115306 0.065383 0.038954 0.056102 -0.048576 5.628031 5.628031 0.002023 1.025540 5.500000 0.000000 0.000798 0.001226 0.000000 -1.025540 -0.892185 -5.628031 0.050159 0.101968 -0.024842 0.000244 0.030000 0.049001 0.045215 0.010513
29.794655 2.000000 -0.296178 0.589240 -0.011864 0.112796 0.928777 -1.549237 -0.030608 -0.307204 -0.573229 0.020373 0.107019 -0.928214 -1.546073 0.022387 0.079388 -0.056377 0.039853 -0.004050 -0.150211 -0.060824 5.607387 5.607387 -0.012879 1.010638 5.500000 0.000000 0.000798 0.007805 0.000000 -1.010638 -0.882967 -5.607387 0.050388 0.101907 -0.024362 0.000246 0.030000 0.049000 0.045212 0.010513
29.826959 2.000000 -0.296178 0.589228 -0.011852 0.112784 0.928789 -1.549237 -0.030608 -0.307180 -0.573229 0.020373 0.107019 -0.928214 -1.546061 0.022363 0.091504 -0.017997 -0.015332 0.018194 -0.102720 -0.032450 5.601572 5.601572 -0.019670 1.003847 5.500000 0.000000 0.000798 0.011921 0.000000 -1.003847 -0.879731 -5.601572 0.050060 0.101730 -0.024093 0.000246 0.030000 0.048998 0.045217 0.010513
29.853719 2.000000 -0.296190 0.589252 -0.011864 0.112784 0.928789 -1.549237 -0.030596 -0.307204 -0.573229 0.020373 0.107019 -0.928214 -1.546073 0.022375 -0.011603 -0.080872 0.041305 0.077333 0.112729 0.046768 5.617637 5.617637 -0.010737 1.012780 5.500000 0.000000 0.000798 0.006507 0.000000 -1.012780 -0.874520 -5.617637 0.049878 0.102108 -0.024271 0.000246 0.030000 0.048994 0.045211 0.010513
29.887296 2.000000 -0.296178 0.589252 -0.011852 0.112772 0.928789 -1.549237 -0.030608 -0.307204 -0.573229 0.020373 0.107019 -0.928202 -1.546061 0.022375 -0.049933 0.151906 0.128269 0.085033 0.090036 0.006320 5.618657 5.618657 -0.006489 1.017028 5.500000 0.000000 0.000798 0.003933 0.000000 -1.017028 -0.881124 -5.618657 0.050013 0.102125 -0.024591 0.000245 0.030000 0.048996 0.045210 0.010513
29.925242 2.000000 -0.296166 0.589252 -0.011864 0.112760 0.928777 -1.549225 -0.030596 -0.307204 -0.573229 0.020373 0.107019 -0.928214 -1.546061 0.022375 -0.136304 -0.000787 0.076864 -0.052633 -0.073398 -0.069883 5.616862 5.616862 -0.020257 1.003260 5.500000 0.000000 0.000798 0.012277 0.000000 -1.003260 -0.886648 -5.616862 0.049770 0.101748 -0.024407 0.000246 0.030000 0.048995 0.045211 0.010513
29.970827 2.000000 -0.296178 0.589252 -0.011864 0.112772 0.928789 -1.549237 -0.030596 -0.307192 -0.573217 0.020361 0.107007 -0.928214 -1.546061 0.022363 -0.041180 -0.146694 0.070055 0.019127 0.044175 -0.015884 5.597921 5.597921 -0.005124 1.018393 5.500000 0.000000 0.000798 0.003106 0.000000 -1.018393 -0.879932 -5.597921 0.049916 0.102169 -0.023893 0.000247 0.030000 0.048995 0.045212 0.010513
30.016493 2.000000 -0.296178 0.589240 -0.011876 0.112748 0.928789 -1.549237 -0.030596 -0.307192 -0.573229 0.020373 0.107019 -0.928214 -1.546061 0.022363 -0.069401 -0.094913 0.182600 0.085549 -0.161848 0.097914 5.608525 5.608525 -0.012671 1.010846 5.500000 0.000000 0.000798 0.007679 0.000000 -1.010846 -0.874821 -5.608525 0.050109 0.102153 -0.024411 0.000251 0.030000 0.048991 0.045214 0.010513
30.061628 2.000000 -0.296190 0.589228 -0.011840 0.112736 0.928777 -1.549237 -0.030608 -0.307204 -0.573205 0.020385 0.107019 -0.928214 -1.546073 0.022351 -0.242584 0.107126 0.003198 0.061718 0.014016 -0.237584 5.610798 5.610798 -0.003023 1.020495 5.500000 0.000000 0.000798 0.001832 0.000000 -1.020495 -0.896620 -5.610798 0.049758 0.102289 -0.024644 0.000256 0.030000 0.048985 0.045212 0.010513
30.096800 2.000000 -0.296178 0.589240 -0.011864 0.112736 0.928777 -1.549249 -0.030608 -0.307192 -0.573229 0.020373 0.107019 -0.928202 -1.546073 0.022375 -0.153687 0.004569 0.096027 -0.045388 -0.215681 -0.138875 5.624037 5.624037 -0.009084 1.014433 5.500000 0.000000 0.000798 0.005505 0.000000 -1.014433 -0.883605 -5.624037 0.050478 0.102205 -0.023888 0.000250 0.030000 0.048989 0.045213 0.010513
30.146930 2.000000 -0.296178 0.589240 -0.011876 0.112724 0.928789 -1.549225 -0.030608 -0.307204 -0.573217 0.020373 0.107019 -0.928214 -1.546061 0.022363 0.067043 -0.196854 0.134460 0.095167 0.095084 0.030299 5.623513 5.623513 -0.001948 1.021569 5.500000 0.000000 0.000798 0.001181 0.000000 -1.021569 -0.894334 -5.623513 0.049905 0.102323 -0.024761 0.000255 0.030000 0.048988 0.045211 0.010513
30.215374 2.000000 -0.296190 0.589240 -0.011864 0.112724 0.928789 -1.549237 -0.030596 -0.307204 -0.573217 0.020385 0.107019 -0.928214 -1.546061 0.022387 -0.089242 0.020181 0.171259 0.001187 0.010824 -0.088085 5.619262 5.619262 0.001410 1.024927 5.500000 0.000000 0.000798 0.000855 0.000000 -1.024927 -0.876434 -5.619262 0.050233 0.102253 -0.025112 0.000256 0.030000 0.048983 0.045213 0.010513
30.261289 2.000000 -0.296178 0.589252 -0.011840 0.112736 0.928813 -1.549237 -0.030596 -0.307180 -0.573217 0.020373 0.107019 -0.928214 -1.546073 0.022363 -0.085151 -0.002688 0.048938 0.048657 -0.010354 0.059282 5.601638 5.601638 -0.006315 1.017202 5.500000 0.000000 0.000798 0.003827 0.000000 -1.017202 -0.889661 -5.601638 0.050151 0.102314 -0.024528 0.000246 0.030000 0.048990 0.045218 0.010513
30.316714 2.000000 -0.296190 0.589240 -0.011852 0.112724 0.928789 -1.549237 -0.030608 -0.307180 -0.573217 0.020373 0.107007 -0.928214 -1.546049 0.022375 -0.185175 -0.049198 0.168755 0.145666 0.083233 -0.127256 5.614927 5.614927 -0.005365 1.018152 5.500000 0.000000 0.000798 0.003251 0.000000 -1.018152 -0.876433 -5.614927 0.049973 0.101981 -0.024225 0.000252 0.030000 0.048983 0.045217 0.010513
30.391569 2.000000 -0.296178 0.589228 -0.011864 0.112724 0.928789 -1.549237 -0.030608 -0.307204 -0.573229 0.020361 0.107007 -0.928214 -1.546073 0.022375 -0.085566 -0.004973 0.118228 -0.169149 -0.142931 -0.028603 5.622562 5.622562 -0.001386 1.022132 5.500000 0.000000 0.000798 0.000840 0.000000 -1.022132 -0.893975 -5.622562 0.050149 0.101915 -0.024603 0.000253 0.030000 0.048988 0.045208 0.010513
30.447130 2.000000 -0.296202 0.589240 -0.011852 0.112700 0.928789 -1.549237 -0.030596 -0.307192 -0.573217 0.020361 0.107019 -0.928202 -1.546073 0.022363 -0.020285 0.140839 -0.112496 0.051052 0.036875 -0.031808 5.618422 5.618422 -0.007126 1.016391 5.500000 0.000000 0.000798 0.004319 0.000000 -1.016391 -0.891254 -5.618422 0.050067 0.101951 -0.024894 0.000253 0.030000 0.048974 0.045213 0.010513
30.492789 2.000000 -0.296178 0.589252 -0.011864 0.112700 0.928789 -1.549237 -0.030608 -0.307204 -0.573217 0.020373 0.107019 -0.928214 -1.546073 0.022387 -0.246568 0.120405 -0.022166 -0.056966 0.107353 -0.138632 5.608144 5.608144 -0.014403 1.009114 5.500000 0.000000 0.000798 0.008729 0.000000 -1.009114 -0.887840 -5.608144 0.049993 0.102365 -0.024143 0.000254 0.030000 0.048983 0.045213 0.010513
30.525484 2.000000 -0.296178 0.589240 -0.011852 0.112700 0.928813 -1.549225 -0.030608 -0.307204 -0.573229 0.020361 0.107019 -0.928214 -1.546061 0.022375 -0.218501 0.018418 -0.035166 0.001817 -0.023875 -0.059195 5.612920 5.612920 -0.003752 1.019765 5.500000 0.000000 0.000798 0.002274 0.000000 -1.019765 -0.878489 -5.612920 0.050198 0.102132 -0.024424 0.000251 0.030000 0.048985 0.045210 0.010513
30.560170 2.000000 -0.296190 0.589240 -0.011864 0.112700 0.928777 -1.549237 -0.030608 -0.307204 -0.573229 0.020349 0.107019 -0.928202 -1.546073 0.022387 -0.126855 0.049619 0.105070 -0.070457 0.025420 -0.162684 5.627546 5.627546 -0.002687 1.020830 5.500000 0.000000 0.000798 0.001628 0.000000 -1.020830 -0.885213 -5.627546 0.050398 0.102764 -0.024886 0.000251 0.030000 0.048978 0.045209 0.010513
30.600404 2.000000 -0.296178 0.589240 -0.011852 0.112676 0.928789 -1.549237 -0.030596 -0.307180 -0.573217 0.020373 0.107019 -0.928214 -1.546073 0.022375 -0.061402 -0.031198 0.082272 -0.002223 0.087003 0.007891 5.631778 5.631778 -0.009110 1.014407 5.500000 0.000000 0.000798 0.005521 0.000000 -1.014407 -0.890126 -5.631778 0.050626 0.102620 -0.024954 0.000254 0.030000 0.048977 0.045219 0.010513
30.658459 2.000000 -0.296178 0.589240 -0.011852 0.112664 0.928801 -1.549237 -0.030608 -0.307180 -0.573217 0.020361 0.107019 -0.928214 -1.546073 0.022363 -0.102105 -0.049603 0.143258 -0.126051 -0.117012 -0.183569 5.628069 5.628069 -0.002064 1.021453 5.500000 0.000000 0.000798 0.001251 0.000000 -1.021453 -0.887542 -5.628069 0.050574 0.102613 -0.025273 0.000254 0.030000 0.048977 0.045217 0.010513
30.711769 2.000000 -0.296178 0.589240 -0.011852 0.112652 0.928777 -1.549261 -0.030608 -0.307180 -0.573217 0.020373 0.107019 -0.928214 -1.546073 0.022351 -0.077039 -0.065856 0.127012 0.004954 0.015021 0.058894 5.626716 5.626716 -0.003533 1.019984 5.500000 0.000000 0.000798 0.002141 0.000000 -1.019984 -0.887964 -5.626716 0.050433 0.102302 -0.024419 0.000256 0.030000 0.048973 0.045217 0.010513
30.786260 2.000000 -0.296178 0.589252 -0.011852 0.112652 0.928789 -1.549237 -0.030596 -0.307192 -0.573229 0.020361 0.107019 -0.928214 -1.546073 0.022375 -0.023763 -0.050863 0.197360 -0.126265 -0.059845 -0.147673 5.621565 5.621565 -0.002933 1.020584 5.500000 0.000000 0.000798 0.001778 0.000000 -1.020584 -0.888587 -5.621565 0.050452 0.102371 -0.024984 0.000251 0.030000 0.048972 0.045214 0.010513
30.823291 2.000000 -0.296166 0.589252 -0.011852 0.112628 0.928777 -1.549237 -0.030596 -0.307192 -0.573217 0.020349 0.107019 -0.928214 -1.546073 0.022363 -0.076516 0.076461 0.117755 0.069536 -0.027240 -0.012331 5.621891 5.621891 0.007483 1.031000 5.500000 0.000000 0.000798 0.004535 0.000000 -1.031000 -0.907385 -5.621891 0.050068 0.102601 -0.025369 0.000253 0.030000 0.048970 0.045213 0.010513
30.857063 2.000000 -0.296178 0.589240 -0.011840 0.112628 0.928789 -1.549237 -0.030596 -0.307204 -0.573205 0.020373 0.107019 -0.928214 -1.546073 0.022375 -0.115278 -0.101585 0.044615 -0.057866 -0.075311 -0.129971 5.615710 5.615710 -0.017427 1.006090 5.500000 0.000000 0.000798 0.010562 0.000000 -1.006090 -0.883518 -5.615710 0.050458 0.102399 -0.025016 0.000260 0.030000 0.048968 0.045213 0.010513
30.901826 2.000000 -0.296178 0.589240 -0.011864 0.112580 0.928789 -1.549237 -0.030608 -0.307216 -0.573205 0.020361 0.107019 -0.928214 -1.546073 0.022375 -0.094354 -0.048149 0.069900 0.077959 0.055575 0.033042 5.613650 5.613650 -0.012371 1.011146 5.500000 0.000000 0.000798 0.007498 0.000000 -1.011146 -0.887491 -5.613650 0.050610 0.102258 -0.024013 0.000266 0.030000 0.048961 0.045208 0.010513
30.939486 2.000000 -0.296178 0.589240 -0.011852 0.112592 0.928789 -1.549237 -0.030608 -0.307204 -0.573229 0.020373 0.107019 -0.928214 -1.546061 0.022375 -0.067124 -0.073092 0.186519 0.055743 -0.039381 0.023831 5.621758 5.621758 -0.022233 1.001284 5.500000 0.000000 0.000798 0.013475 0.000000 -1.001284 -0.882164 -5.621758 0.050487 0.102529 -0.024403 0.000260 0.030000 0.048963 0.045211 0.010513
30.974078 2.000000 -0.296178 0.589240 -0.011864 0.112580 0.928789 -1.549237 -0.030608 -0.307204 -0.573253 0.020361 0.107007 -0.928190 -1.546073 0.022327 -0.140643 0.018287 0.020974 0.024533 -0.058562 0.065875 5.633494 5.633494 -0.014322 1.009195 5.500000 0.000000 0.000798 0.008680 0.000000 -1.009195 -0.885276 -5.633494 0.050536 0.102306 -0.024839 0.000258 0.030000 0.048961 0.045201 0.010513
31.001016 2.000000 -0.296190 0.589240 -0.011840 0.112580 0.928813 -1.549237 -0.030608 -0.307204 -0.573217 0.020361 0.107007 -0.928214 -1.546073 0.022375 -0.148143 0.025708 0.014035 -0.046243 -0.024182 -0.047828 5.613456 5.613456 0.000240 1.023758 5.500000 0.000000 0.000798 0.000146 0.000000 -1.023758 -0.891218 -5.613456 0.050432 0.102797 -0.024752 0.000262 0.030000 0.048958 0.045209 0.010513
31.047301 2.000000 -0.296178 0.589252 -0.011852 0.112580 0.928777 -1.549237 -0.030596 -0.307204 -0.573205 0.020349 0.107019 -0.928214 -1.546073 0.022351 -0.113243 -0.024291 0.119946 -0.048110 -0.065162 -0.087560 5.618330 5.618330 -0.012125 1.011392 5.500000 0.000000 0.000798 0.007348 0.000000 -1.011392 -0.899508 -5.618330 0.050426 0.102465 -0.025029 0.000260 0.030000 0.048958 0.045210 0.010513
31.082356 2.000000 -0.296166 0.589252 -0.011852 0.112568 0.928789 -1.549237 -0.030596 -0.307204 -0.573217 0.020373 0.107019 -0.928214 -1.546061 0.022375 -0.064381 -0.013847 0.114681 0.018975 -0.047033 -0.077881 5.631501 5.631501 -0.013086 1.010431 5.500000 0.000000 0.000798 0.007931 0.000000 -1.010431 -0.893260 -5.631501 0.050407 0.102534 -0.024729 0.000261 0.030000 0.048960 0.045212 0.010513
31.114970 2.000000 -0.296166 0.589240 -0.011864 0.112544 0.928789 -1.549237 -0.030596 -0.307204 -0.573217 0.020373 0.107019 -0.928214 -1.546061 0.022363 -0.082821 -0.071580 0.101430 -0.004709 -0.171146 0.031172 5.623481 5.623481 -0.008114 1.015403 5.500000 0.000000 0.000798 0.004917 0.000000 -1.015403 -0.884034 -5.623481 0.050348 0.102289 -0.024375 0.000267 0.030000 0.048957 0.045211 0.010513
31.146136 2.000000 -0.296178 0.589252 -0.011840 0.112556 0.928789 -1.549225 -0.030596 -0.307204 -0.573217 0.020373 0.107019 -0.928214 -1.546073 0.022399 -0.213558 -0.047837 0.222559 -0.003952 0.081643 -0.004268 5.613822 5.613822 -0.015020 1.008497 5.500000 0.000000 0.000798 0.009103 0.000000 -1.008497 -0.874577 -5.613822 0.050607 0.102363 -0.024444 0.000261 0.030000 0.048954 0.045213 0.010513
31.184238 2.000000 -0.296178 0.589252 -0.011852 0.112544 0.928789 -1.549237 -0.030596 -0.307204 -0.573229 0.020373 0.107007 -0.928214 -1.546073 0.022375 -0.101245 -0.069058 0.109421 0.063644 -0.055863 -0.001733 5.619546 5.619546 0.009682 1.033199 5.500000 0.000000 0.000798 0.005868 0.000000 -1.033199 -0.899556 -5.619546 0.050107 0.102406 -0.025682 0.000263 0.030000 0.048952 0.045209 0.010513
31.224932 2.000000 -0.296190 0.589240 -0.011852 0.112556 0.928789 -1.549225 -0.030584 -0.307192 -0.573205 0.020373 0.107019 -0.928214 -1.546073 0.022375 -0.223121 -0.155378 0.173262 -0.087572 0.099937 0.098097 5.615097 5.615097 0.003905 1.027423 5.500000 0.000000 0.000798 0.002367 0.000000 -1.027423 -0.890785 -5.615097 0.050760 0.102744 -0.024863 0.000267 0.030000 0.048950 0.045216 0.010513
31.255831 2.000000 -0.296178 0.589252 -0.011864 0.112544 0.928777 -1.549225 -0.030596 -0.307192 -0.573229 0.020373 0.107019 -0.928202 -1.546061 0.022351 -0.279974 0.065635 0.107078 -0.056140 0.037440 -0.014991 5.625406 5.625406 0.002180 1.025697 5.500000 0.000000 0.000798 0.001321 0.000000 -1.025697 -0.889481 -5.625406 0.050719 0.102574 -0.025390 0.000262 0.030000 0.048952 0.045212 0.010513
31.294478 2.000000 -0.296190 0.589240 -0.011852 0.112544 0.928789 -1.549225 -0.030596 -0.307180 -0.573217 0.020361 0.107019 -0.928202 -1.546073 0.022339 -0.061182 -0.056715 0.219242 -0.035255 -0.029136 0.068212 5.621093 5.621093 -0.009582 1.013935 5.500000 0.000000 0.000798 0.005807 0.000000 -1.013935 -0.892126 -5.621093 0.050549 0.102679 -0.024958 0.000263 0.030000 0.048949 0.045215 0.010513
31.327518 2.000000 -0.296178 0.589240 -0.011852 0.112544 0.928777 -1.549237 -0.030608 -0.307180 -0.573217 0.020361 0.107007 -0.928214 -1.546049 0.022363 -0.246051 0.072432 -0.030014 0.180734 0.054021 0.146352 5.641098 5.641098 0.013113 1.036630 5.500000 0.000000 0.000798 0.007947 0.000000 -1.036630 -0.891819 -5.641098 0.050804 0.102721 -0.025451 0.000264 0.030000 0.048953 0.045215 0.010513
31.362548 2.000000 -0.296178 0.589252 -0.011852 0.112508 0.928777 -1.549249 -0.030608 -0.307192 -0.573229 0.020373 0.107019 -0.928214 -1.546061 0.022375 0.015083 0.075971 0.101655 0.084921 0.012757 0.064094 0.681586 0.681586 0.944477 1.967994 10.000000 0.000000 0.004062 0.314826 1.000000 -1.967994 -0.409106 -0.681586 -0.011848 0.030091 -0.023687 0.000264 0.030000 0.049605 0.045528 0.013784
31.393157 2.000000 -0.296178 0.589252 -0.011852 0.112508 0.928777 -1.549237 -0.030596 -0.307180 -0.573217 0.020361 0.107019 -0.928214 -1.546073 0.022351 -0.088440 -0.015786 0.082618 0.013466 -0.016463 0.004668 3.331337 3.331337 1.286647 2.310165 10.000000 0.000000 0.006102 0.428882 1.000000 -2.310165 -0.830289 -3.331337 0.035466 0.012212 -0.072341 0.000264 0.030000 0.050245 0.045970 0.015828
31.425343 2.000000 -0.296178 0.589252 -0.011852 0.112532 0.928777 -1.549249 -0.030608 -0.307180 -0.573229 0.020373 0.107031 -0.928214 -1.546073 0.022375 -0.236604 0.052416 -0.078768 -0.068217 -0.006123 -0.108737 2.776601 2.776601 1.934624 2.958141 10.000000 0.000000 0.008428 0.644875 1.000000 -2.958141 -0.649766 -2.776601 0.017027 0.015459 -0.065351 0.000260 0.030000 0.051187 0.046693 0.018157
31.470613 2.000000 -0.296190 0.589252 -0.011840 0.112508 0.928777 -1.549237 -0.030596 -0.307192 -0.573229 0.020373 0.107019 -0.928214 -1.546073 0.022375 -0.119655 -0.022630 0.076595 0.020322 -0.021656 0.015762 2.821987 2.821987 1.149231 2.172748 10.000000 0.000000 0.011677 0.383077 1.000000 -2.172748 -0.838606 -2.821987 0.024819 0.001414 -0.078440 0.000263 0.030000 0.052831 0.048065 0.021410
31.502140 2.000000 -0.296178 0.589240 -0.011864 0.112508 0.928813 -1.549225 -0.030596 -0.307192 -0.573253 0.020373 0.107019 -0.928214 -1.546073 0.022375 -0.182680 0.058039 0.006922 0.082963 0.026643 -0.052641 3.488415 3.488415 1.093042 2.116560 10.000000 0.000000 0.013939 0.364347 1.000000 -2.116560 -0.715090 -3.488415 0.018537 -0.000614 -0.045746 0.000263 0.030000 0.054207 0.049262 0.023674
31.535890 2.000000 -0.296166 0.589252 -0.011852 0.112484 0.928777 -1.549249 -0.030608 -0.307204 -0.573217 0.020361 0.107019 -0.928202 -1.546073 0.022363 -0.194559 -0.064209 0.041283 0.091087 0.085116 -0.002094 4.142373 4.142373 0.694680 1.718197 10.000000 0.000000 0.015728 0.231560 1.000000 -1.718197 -0.684677 -4.142373 0.014815 0.007056 -0.017756 0.000266 0.030000 0.055406 0.050335 0.025464
31.586439 2.000000 -0.296190 0.589240 -0.011852 0.112484 0.928789 -1.549225 -0.030608 -0.307192 -0.573229 0.020385 0.107019 -0.928214 -1.546061 0.022375 -0.186696 -0.055848 -0.055142 0.081214 -0.091933 0.029985 3.334060 3.334060 0.976486 2.000003 10.000000 0.000000 0.019061 0.325495 1.000000 -2.000003 -0.789960 -3.334060 -0.007989 -0.001361 -0.050226 0.000270 0.030000 0.057890 0.052619 0.028797
31.634405 2.000000 -0.296190 0.589240 -0.011852 0.112472 0.928789 -1.549237 -0.030596 -0.307204 -0.573241 0.020373 0.107007 -0.928214 -1.546073 0.022363 -0.260691 -0.042415 -0.041727 -0.080868 0.014334 -0.092469 3.775424 3.775424 1.007009 2.030526 10.000000 0.000000 0.022164 0.335670 1.000000 -2.030526 -0.851674 -3.775424 -0.009149 -0.003387 -0.058308 0.000269 0.030000 0.060474 0.055029 0.031898
31.676890 2.000000 -0.296190 0.589264 -0.011625 0.112436 0.928969 -1.549333 -0.030620 -0.307168 -0.573373 0.020385 0.107031 -0.928298 -1.546025 0.022363 -0.177466 0.219086 0.223872 -0.092805 -0.507217 -0.068076 3.721653 3.721653 1.189232 2.212750 10.000000 0.000000 0.024714 0.396411 1.000000 -2.212750 -0.903960 -3.721653 -0.019692 -0.008697 -0.071567 0.000216 0.030000 0.062809 0.057215 0.034445
31.742602 2.000000 -0.296130 0.589971 -0.011864 0.112460 0.928538 -1.549177 -0.030284 -0.307084 -0.573649 0.020301 0.107043 -0.928202 -1.546013 0.022243 -0.959100 0.587506 0.844420 -0.206230 -0.442332 0.057001 3.819782 3.819782 1.374597 2.398114 10.000000 0.000000 0.027804 0.458199 1.000000 -2.398114 -0.837157 -3.819782 -0.027658 -0.012498 -0.070644 0.000058 0.030000 0.065750 0.060063 0.037529
31.802792 2.000000 -0.296058 0.589648 -0.010223 0.113347 0.927807 -1.549333 -0.028379 -0.307192 -0.573769 0.020793 0.106755 -0.928130 -1.546109 0.022279 -0.156039 1.872945 0.940321 -0.468214 0.242904 0.301283 3.768208 3.768208 1.650493 2.674010 10.000000 0.000000 0.030000 0.550164 1.000000 -2.674010 -0.845952 -3.768208 -0.046658 -0.020553 -0.067354 -0.000105 0.030000 0.068345 0.062071 0.039720
31.866115 2.000000 -0.293733 0.590019 -0.011229 0.113383 0.925949 -1.542070 -0.025443 -0.305502 -0.581091 0.019990 0.107331 -0.920592 -1.540716 0.021979 -0.151739 2.342450 0.129275 -1.710769 -5.340702 1.255883 5.043620 5.043620 2.954773 3.978291 10.000000 0.000000 0.030000 0.984924 1.000000 -3.978291 -0.642061 -5.043620 -0.044828 -0.016502 -0.064428 -0.001684 0.030000 0.067837 0.061309 0.039720
31.923420 2.000000 -0.293733 0.589995 -0.011241 0.113371 0.925829 -1.540668 -0.025443 -0.305598 -0.581499 0.019942 0.107343 -0.920532 -1.540368 0.021979 -0.244912 3.819033 0.375910 -1.975892 -6.228796 1.485109 3.932856 3.932856 0.881609 1.905126 10.000000 0.000000 0.030000 0.293870 1.000000 -1.905126 -0.229229 -3.932856 -0.066384 -0.029296 -0.006162 -0.001748 0.030000 0.067644 0.061256 0.039720
31.986535 2.000000 -0.294105 0.587479 -0.015148 0.108841 0.908248 -1.523710 -0.026629 -0.306401 -0.579749 0.021931 0.103568 -0.912275 -1.523063 0.022878 -2.680675 5.972442 3.266206 -2.507966 -7.917916 3.753068 4.195472 4.195472 0.690159 1.713677 10.000000 0.000000 0.030000 0.230053 1.000000 -1.713677 -0.362632 -4.195472 -0.054449 -0.029090 -0.016758 0.000251 0.030000 0.062586 0.057152 0.039720
32.027091 2.000000 -0.294117 0.587491 -0.015268 0.108529 0.907865 -1.523519 -0.026653 -0.306401 -0.579773 0.021967 0.102813 -0.912012 -1.522799 0.022914 -2.570340 6.382829 3.322506 -2.790636 -8.557675 3.734874 4.202211 4.202211 0.636842 1.660359 10.000000 0.000000 0.030000 0.212281 1.000000 -1.660359 -0.310110 -4.202211 -0.053844 -0.028594 -0.013360 0.000342 0.030000 0.062456 0.056926 0.039720
32.095532 2.000000 -0.294153 0.587431 -0.015735 0.108110 0.906930 -1.522835 -0.026893 -0.306437 -0.579809 0.022303 0.101075 -0.911400 -1.522164 0.023130 -2.341437 7.255446 3.140901 -3.003533 -9.753296 3.793668 4.239144 4.239144 0.773891 1.797408 10.000000 0.000000 0.030000 0.257964 1.000000 -1.797408 -0.351415 -4.239144 -0.050461 -0.027643 -0.024368 0.000606 0.030000 0.062164 0.056367 0.039720
32.131023 2.000000 -0.294189 0.587263 -0.016095 0.107762 0.906631 -1.522368 -0.027216 -0.306425 -0.579821 0.022614 0.100308 -0.911185 -1.521733 0.023166 -2.329039 6.993279 3.157658 -3.409933 -9.449353 3.815135 4.227649 4.227649 0.717952 1.741469 10.000000 0.000000 0.030000 0.239317 1.000000 -1.741469 -0.335063 -4.227649 -0.051227 -0.027906 -0.020795 0.000801 0.030000 0.061953 0.056112 0.039720
32.186362 2.000000 -0.294572 0.587587 -0.020253 0.105221 0.902939 -1.513284 -0.031399 -0.306461 -0.579234 0.027552 0.098283 -0.908584 -1.513752 0.025407 -2.532675 9.965441 3.294312 -2.065586 -11.495174 2.770196 4.167448 4.167448 0.739512 1.763029 10.000000 0.000000 0.030000 0.246504 1.000000 -1.763029 -0.350832 -4.167448 -0.051264 -0.027631 -0.022754 0.002349 0.030000 0.059694 0.054213 0.039720
32.222569 2.000000 -0.294548 0.587814 -0.020853 0.104550 0.902556 -1.511331 -0.031638 -0.306437 -0.579006 0.028391 0.097875 -0.907434 -1.511834 0.026689 -2.861235 9.970217 3.765945 -2.295474 -11.554555 3.198348 4.199696 4.199696 0.727592 1.751109 10.000000 0.000000 0.030000 0.242531 1.000000 -1.751109 -0.325727 -4.199696 -0.050082 -0.027380 -0.021053 0.002604 0.030000 0.059335 0.053734 0.039720
32.274999 2.000000 -0.294548 0.587862 -0.021080 0.103879 0.902472 -1.509869 -0.031782 -0.306449 -0.579030 0.029541 0.097755 -0.906199 -1.509988 0.027851 -2.920165 10.528775 3.939576 -2.171752 -11.854877 3.406163 4.158427 4.158427 0.691519 1.715036 10.000000 0.000000 0.030000 0.230506 1.000000 -1.715036 -0.322418 -4.158427 -0.051050 -0.027378 -0.018455 0.002823 0.030000 0.059054 0.053328 0.039720
32.336057 2.000000 -0.294524 0.588545 -0.023429 0.098606 0.901238 -1.496914 -0.035833 -0.306437 -0.578503 0.032070 0.096030 -0.901106 -1.498555 0.033939 -2.357652 12.762640 3.701290 -2.325418 -14.304171 3.662101 4.190416 4.190416 0.678229 1.701747 10.000000 0.000000 0.030000 0.226076 1.000000 -1.701747 -0.321627 -4.190416 -0.050187 -0.027439 -0.017918 0.003910 0.030000 0.056767 0.051391 0.039720
32.390525 2.000000 -0.294464 0.588881 -0.023825 0.098666 0.901334 -1.495476 -0.037127 -0.306401 -0.578538 0.032070 0.096030 -0.901118 -1.497525 0.034431 -1.922587 12.949189 3.282980 -2.115264 -14.652654 3.610890 4.198069 4.198069 0.721247 1.744764 10.000000 0.000000 0.030000 0.240416 1.000000 -1.744764 -0.334790 -4.198069 -0.049514 -0.026983 -0.020430 0.003891 0.030000 0.056678 0.051334 0.039720
32.438682 2.000000 -0.294309 0.589252 -0.024232 0.098666 0.901406 -1.493918 -0.038326 -0.306425 -0.578562 0.032058 0.096018 -0.901118 -1.496374 0.034910 -1.584206 12.729116 3.190028 -1.679495 -14.350309 3.681067 4.161175 4.161175 0.692589 1.716106 10.000000 0.000000 0.030000 0.230863 1.000000 -1.716106 -0.341788 -4.161175 -0.049895 -0.027179 -0.019827 0.003869 0.030000 0.056613 0.051257 0.039720
32.512418 2.000000 -0.294824 0.590403 -0.025718 0.093777 0.891650 -1.486751 -0.042400 -0.306940 -0.579246 0.032058 0.088839 -0.891447 -1.489376 0.037906 -3.789334 14.083074 5.987389 -3.971894 -15.938320 5.566631 4.141435 4.141435 0.666675 1.690192 10.000000 0.000000 0.030000 0.222225 1.000000 -1.690192 -0.321069 -4.141435 -0.049686 -0.027449 -0.017914 0.004590 0.030000 0.054526 0.048627 0.039720
32.574336 2.000000 -0.294836 0.590391 -0.025718 0.093777 0.891602 -1.486775 -0.042412 -0.306940 -0.579270 0.032082 0.088815 -0.891387 -1.489364 0.037906 -3.411950 14.102152 5.730717 -3.659489 -15.868670 5.554675 4.140109 4.140109 0.669648 1.693165 10.000000 0.000000 0.030000 0.223216 1.000000 -1.693165 -0.327317 -4.140109 -0.049340 -0.027065 -0.018906 0.004593 0.030000 0.054520 0.048619 0.039720
32.660937 2.000000 -0.294872 0.590379 -0.025742 0.093681 0.891506 -1.486715 -0.042484 -0.306916 -0.579341 0.032058 0.088671 -0.891339 -1.489364 0.038002 -3.285574 13.668818 5.482659 -3.858757 -15.610981 5.673625 4.124366 4.124366 0.671473 1.694990 10.000000 0.000000 0.030000 0.223824 1.000000 -1.694990 -0.340812 -4.124366 -0.049265 -0.026925 -0.018125 0.004602 0.030000 0.054479 0.048591 0.039720
32.737294 2.000000 -0.294908 0.590403 -0.025718 0.093681 0.891495 -1.486715 -0.042472 -0.306940 -0.579365 0.032046 0.088671 -0.891327 -1.489364 0.038002 -3.499123 13.702268 5.268820 -3.852208 -15.728146 5.541220 4.131228 4.131228 0.657292 1.680810 10.000000 0.000000 0.030000 0.219097 1.000000 -1.680810 -0.334865 -4.131228 -0.048576 -0.026374 -0.018191 0.004592 0.030000 0.054472 0.048585 0.039720
32.791549 2.000000 -0.294884 0.590379 -0.025718 0.093681 0.891518 -1.486715 -0.042472 -0.306916 -0.579365 0.032046 0.088671 -0.891327 -1.489364 0.038002 -3.324164 13.880658 5.088724 -3.937294 -15.752907 5.555912 4.156546 4.156546 0.677566 1.701083 10.000000 0.000000 0.030000 0.225855 1.000000 -1.701083 -0.336557 -4.156546 -0.047793 -0.026603 -0.020104 0.004594 0.030000 0.054478 0.048592 0.039720
32.833406 2.000000 -0.294920 0.590379 -0.025730 0.093681 0.891506 -1.486691 -0.042520 -0.306928 -0.579365 0.032058 0.088659 -0.891327 -1.489364 0.038050 -3.626951 14.003313 5.170896 -3.797053 -15.725115 5.669134 4.153337 4.153337 0.663245 1.686762 10.000000 0.000000 0.030000 0.221082 1.000000 -1.686762 -0.346787 -4.153337 -0.047993 -0.026598 -0.019013 0.004601 0.030000 0.054464 0.048583 0.039720
32.899030 2.000000 -0.294920 0.590391 -0.025730 0.093681 0.891495 -1.486691 -0.042508 -0.306928 -0.579365 0.032046 0.088671 -0.891315 -1.489376 0.038050 -3.420214 14.217527 5.572208 -3.992410 -15.646242 5.864006 4.154918 4.154918 0.636744 1.660261 10.000000 0.000000 0.030000 0.212248 1.000000 -1.660261 -0.312360 -4.154918 -0.047754 -0.026460 -0.016837 0.004596 0.030000 0.054465 0.048586 0.039720
32.961179 2.000000 -0.294908 0.590391 -0.025742 0.093681 0.891518 -1.486691 -0.042496 -0.306940 -0.579341 0.032034 0.088671 -0.891279 -1.489364 0.038050 -3.235720 13.779998 5.519701 -3.925391 -15.607298 5.787075 4.143044 4.143044 0.652054 1.675572 10.000000 0.000000 0.030000 0.217351 1.000000 -1.675572 -0.326254 -4.143044 -0.047289 -0.026698 -0.018408 0.004600 0.030000 0.054469 0.048581 0.039720
33.009352 2.000000 -0.294908 0.590403 -0.025718 0.093669 0.891495 -1.486691 -0.042520 -0.306928 -0.579341 0.032058 0.088659 -0.891267 -1.489364 0.038074 -3.372215 13.898483 5.582817 -3.870047 -15.640055 5.578519 4.167094 4.167094 0.647883 1.671400 10.000000 0.000000 0.030000 0.215961 1.000000 -1.671400 -0.338817 -4.167094 -0.047127 -0.026834 -0.018778 0.004599 0.030000 0.054467 0.048579 0.039720
33.053297 2.000000 -0.294932 0.590391 -0.025742 0.093681 0.891495 -1.486691 -0.042532 -0.306928 -0.579365 0.032046 0.088647 -0.891267 -1.489376 0.038074 -3.679688 14.175912 5.463049 -4.139810 -15.711677 5.758731 4.166780 4.166780 0.663988 1.687505 10.000000 0.000000 0.030000 0.221329 1.000000 -1.687505 -0.350605 -4.166780 -0.046823 -0.026379 -0.020280 0.004600 0.030000 0.054460 0.048578 0.039720
33.105278 2.000000 -0.294908 0.590379 -0.025742 0.093681 0.891495 -1.486679 -0.042520 -0.306940 -0.579365 0.032058 0.088659 -0.891267 -1.489376 0.038086 -3.186179 13.934031 5.405539 -3.893069 -15.966776 5.658287 4.175124 4.175124 0.663677 1.687194 10.000000 0.000000 0.030000 0.221226 1.000000 -1.687194 -0.350898 -4.175124 -0.046622 -0.026521 -0.020048 0.004602 0.030000 0.054467 0.048576 0.039720
33.164192 2.000000 -0.294908 0.590403 -0.025718 0.093681 0.891495 -1.486679 -0.042532 -0.306940 -0.579365 0.032046 0.088647 -0.891255 -1.489364 0.038110 -3.286573 13.698228 5.407865 -3.917286 -15.729660 5.628079 4.184102 4.184102 0.663154 1.686671 10.000000 0.000000 0.030000 0.221051 1.000000 -1.686671 -0.353959 -4.184102 -0.046708 -0.026051 -0.019446 0.004594 0.030000 0.054469 0.048572 0.039720
33.215053 2.000000 -0.294932 0.590379 -0.025718 0.093681 0.891495 -1.486667 -0.042532 -0.306940 -0.579341 0.032058 0.088647 -0.891243 -1.489376 0.038098 -3.360659 13.837671 5.321047 -3.827683 -15.638700 5.459906 4.155661 4.155661 0.659124 1.682642 10.000000 0.000000 0.030000 0.219708 1.000000 -1.682642 -0.354725 -4.155661 -0.046588 -0.026366 -0.019067 0.004605 0.030000 0.054461 0.048570 0.039720
33.246791 2.000000 -0.294908 0.590403 -0.025742 0.093669 0.891495 -1.486667 -0.042532 -0.306940 -0.579341 0.032058 0.088647 -0.891231 -1.489364 0.038110 -3.328556 13.936887 5.462460 -3.941496 -15.734032 5.580043 4.178891 4.178891 0.630750 1.654267 10.000000 0.000000 0.030000 0.210250 1.000000 -1.654267 -0.336918 -4.178891 -0.045950 -0.026347 -0.017651 0.004603 0.030000 0.054465 0.048569 0.039720
33.307765 2.000000 -0.294908 0.590391 -0.025742 0.093693 0.891495 -1.486655 -0.042556 -0.306940 -0.579365 0.032046 0.088647 -0.891243 -1.489364 0.038122 -3.451113 13.775988 5.279428 -3.828531 -15.911520 5.432575 4.158445 4.158445 0.633521 1.657038 10.000000 0.000000 0.030000 0.211174 1.000000 -1.657038 -0.344291 -4.158445 -0.045871 -0.026037 -0.018305 0.004598 0.030000 0.054468 0.048571 0.039720
33.358337 2.000000 -0.294932 0.590391 -0.025718 0.093669 0.891483 -1.486655 -0.042544 -0.306928 -0.579365 0.032046 0.088635 -0.891243 -1.489376 0.038122 -3.266773 13.800642 5.587805 -3.870245 -15.973319 5.657045 4.173242 4.173242 0.645309 1.668826 10.000000 0.000000 0.030000 0.215103 1.000000 -1.668826 -0.344536 -4.173242 -0.045731 -0.026137 -0.019592 0.004598 0.030000 0.054458 0.048572 0.039720
33.420544 2.000000 -0.294908 0.590379 -0.025742 0.093669 0.891483 -1.486655 -0.042544 -0.306916 -0.579341 0.032058 0.088659 -0.891267 -1.489388 0.038122 -3.273307 13.851253 5.406302 -3.872980 -15.656521 5.505760 4.161927 4.161927 0.655848 1.679365 10.000000 0.000000 0.030000 0.218616 1.000000 -1.679365 -0.361428 -4.161927 -0.045553 -0.026137 -0.020085 0.004605 0.030000 0.054462 0.048580 0.039720
33.475105 2.000000 -0.294908 0.590391 -0.025742 0.093681 0.891495 -1.486643 -0.042568 -0.306940 -0.579341 0.032046 0.088635 -0.891243 -1.489364 0.038134 -3.620822 13.985467 5.237183 -3.869630 -15.810760 5.611752 4.140330 4.140330 0.639691 1.663209 10.000000 0.000000 0.030000 0.213230 1.000000 -1.663209 -0.349055 -4.140330 -0.045744 -0.026031 -0.018143 0.004604 0.030000 0.054465 0.048566 0.039720
33.513554 2.000000 -0.294932 0.590379 -0.025742 0.093681 0.891471 -1.486619 -0.042568 -0.306916 -0.579365 0.032034 0.088659 -0.891267 -1.489364 0.038122 -3.321228 13.914454 5.604441 -3.810014 -15.877490 5.634777 4.136201 4.136201 0.644826 1.668343 10.000000 0.000000 0.030000 0.214942 1.000000 -1.668343 -0.353475 -4.136201 -0.046400 -0.026226 -0.019013 0.004599 0.030000 0.054456 0.048582 0.039720
33.563209 2.000000 -0.294932 0.590391 -0.025718 0.093681 0.891495 -1.486655 -0.042568 -0.306928 -0.579365 0.032046 0.088635 -0.891267 -1.489388 0.038134 -3.449900 13.958852 5.456825 -3.861220 -15.712268 5.614638 4.125326 4.125326 0.634143 1.657661 10.000000 0.000000 0.030000 0.211381 1.000000 -1.657661 -0.350499 -4.125326 -0.045749 -0.026122 -0.018357 0.004598 0.030000 0.054460 0.048572 0.039720
33.615330 2.000000 -0.294932 0.590391 -0.025718 0.093669 0.891483 -1.486631 -0.042568 -0.306940 -0.579365 0.032058 0.088635 -0.891231 -1.489364 0.038122 -3.409806 13.893749 5.401758 -3.774026 -15.680347 5.464320 4.145202 4.145202 0.643439 1.666957 10.000000 0.000000 0.030000 0.214480 1.000000 -1.666957 -0.347270 -4.145202 -0.045449 -0.025875 -0.019680 0.004601 0.030000 0.054457 0.048567 0.039720
33.666050 2.000000 -0.294908 0.590391 -0.025718 0.093681 0.891495 -1.486619 -0.042568 -0.306940 -0.579341 0.032058 0.088635 -0.891243 -1.489364 0.038134 -3.365757 13.986682 5.511075 -3.860630 -15.752126 5.518593 4.130492 4.130492 0.614187 1.637704 10.000000 0.000000 0.030000 0.204729 1.000000 -1.637704 -0.339978 -4.130492 -0.045795 -0.026167 -0.017754 0.004602 0.030000 0.054466 0.048566 0.039720
33.713876 2.000000 -0.294932 0.590403 -0.025742 0.093669 0.891471 -1.486619 -0.042580 -0.306940 -0.579341 0.032070 0.088623 -0.891255 -1.489364 0.038134 -3.509704 13.902339 5.415379 -3.972690 -15.788111 5.522537 4.127959 4.127959 0.641234 1.664751 10.000000 0.000000 0.030000 0.213745 1.000000 -1.664751 -0.342886 -4.127959 -0.045342 -0.025926 -0.019919 0.004608 0.030000 0.054455 0.048563 0.039720
33.746992 2.000000 -0.294908 0.590379 -0.025742 0.093669 0.891471 -1.486619 -0.042580 -0.306928 -0.579341 0.032058 0.088635 -0.891267 -1.489364 0.038158 -3.425410 13.858042 5.286036 -3.887900 -15.710551 5.595097 4.139648 4.139648 0.629323 1.652840 10.000000 0.000000 0.030000 0.209774 1.000000 -1.652840 -0.343891 -4.139648 -0.045295 -0.026372 -0.018505 0.004608 0.030000 0.054460 0.048569 0.039720
33.814245 2.000000 -0.294932 0.590391 -0.025718 0.093681 0.891495 -1.486631 -0.042568 -0.306940 -0.579365 0.032046 0.088635 -0.891231 -1.489376 0.038158 -3.536089 14.210832 5.356371 -3.919744 -15.798522 5.592052 4.145512 4.145512 0.656210 1.679727 10.000000 0.000000 0.030000 0.218737 1.000000 -1.679727 -0.363399 -4.145512 -0.045099 -0.026169 -0.020578 0.004598 0.030000 0.054460 0.048566 0.039720
33.865134 2.000000 -0.294944 0.590379 -0.025742 0.093681 0.891483 -1.486619 -0.042580 -0.306940 -0.579341 0.032058 0.088623 -0.891219 -1.489364 0.038158 -3.661592 13.708313 5.102361 -3.689501 -15.740400 5.449232 4.174619 4.174619 0.664029 1.687546 10.000000 0.000000 0.030000 0.221343 1.000000 -1.687546 -0.391153 -4.174619 -0.044268 -0.026477 -0.027830 0.004610 0.030000 0.054453 0.048561 0.039720
33.926440 2.000000 -0.294944 0.590403 -0.025742 0.093669 0.891483 -1.486619 -0.042592 -0.306940 -0.579341 0.032046 0.088623 -0.891219 -1.489364 0.038158 -3.557429 13.979596 5.308768 -3.883535 -15.732475 5.520804 4.062784 4.062784 0.642471 1.665989 10.000000 0.000000 0.030000 0.214157 1.000000 -1.665989 -0.409096 -4.062784 -0.045544 -0.027023 -0.024605 0.004606 0.030000 0.054451 0.048562 0.039720
33.981547 2.000000 -0.294932 0.590379 -0.025742 0.093657 0.891483 -1.486619 -0.042580 -0.306928 -0.579341 0.032058 0.088635 -0.891219 -1.489376 0.038170 -3.086528 13.628324 5.252406 -3.932210 -15.841191 5.573313 4.139398 4.139398 0.714694 1.738211 10.000000 0.000000 0.030000 0.238231 1.000000 -1.738211 -0.397458 -4.139398 -0.044264 -0.025838 -0.024559 0.004610 0.030000 0.054451 0.048567 0.039720
34.039062 2.000000 -0.294932 0.590367 -0.025742 0.093681 0.891483 -1.486607 -0.042580 -0.306928 -0.579341 0.032058 0.088623 -0.891219 -1.489364 0.038170 -3.379579 13.796045 5.269374 -4.239305 -15.633072 5.813079 4.172832 4.172832 0.678320 1.701837 10.000000 0.000000 0.030000 0.226107 1.000000 -1.701837 -0.388150 -4.172832 -0.043468 -0.026340 -0.027370 0.004611 0.030000 0.054455 0.048564 0.039720
34.114705 2.000000 -0.294932 0.590379 -0.025742 0.093657 0.891471 -1.486619 -0.042580 -0.306928 -0.579341 0.032058 0.088635 -0.891207 -1.489352 0.038170 -3.634099 14.034727 5.279707 -3.848606 -16.275117 5.608450 4.142225 4.142225 0.704402 1.727919 10.000000 0.000000 0.030000 0.234801 1.000000 -1.727919 -0.431273 -4.142225 -0.044581 -0.026369 -0.027275 0.004610 0.030000 0.054451 0.048566 0.039720
34.176826 2.000000 -0.294932 0.590391 -0.025742 0.093657 0.891471 -1.486619 -0.042580 -0.306928 -0.579341 0.032058 0.088635 -0.891255 -1.489376 0.038158 -3.667823 14.146559 5.238470 -3.725514 -15.528097 5.744114 4.189824 4.189824 0.715453 1.738970 10.000000 0.000000 0.030000 0.238484 1.000000 -1.738970 -0.407557 -4.189824 -0.043200 -0.026576 -0.030327 0.004608 0.030000 0.054451 0.048569 0.039720
34.236262 2.000000 -0.294932 0.590391 -0.025742 0.093645 0.891471 -1.486607 -0.042592 -0.306916 -0.579341 0.032046 0.088623 -0.891219 -1.489364 0.038158 -3.024643 13.706910 5.326333 -4.059290 -15.763901 5.661697 4.163356 4.163356 0.672962 1.696479 10.000000 0.000000 0.030000 0.224321 1.000000 -1.696479 -0.401372 -4.163356 -0.043595 -0.026451 -0.026845 0.004607 0.030000 0.054448 0.048569 0.039720
34.310096 2.000000 -0.295004 0.590379 -0.025742 0.093633 0.891471 -1.486607 -0.042616 -0.306928 -0.579341 0.032046 0.088635 -0.891207 -1.489364 0.038194 -3.318740 13.883165 5.535216 -4.125845 -15.729760 5.699349 4.133440 4.133440 0.661395 1.684912 10.000000 0.000000 0.030000 0.220465 1.000000 -1.684912 -0.416326 -4.133440 -0.044065 -0.026420 -0.026597 0.004614 0.030000 0.054423 0.048566 0.039720
34.381062 2.000000 -0.295004 0.590391 -0.025742 0.093645 0.891471 -1.486619 -0.042592 -0.306928 -0.579341 0.032034 0.088611 -0.891219 -1.489364 0.038182 -3.420530 13.830626 5.360871 -3.753990 -15.587622 5.662251 4.135967 4.135967 0.637952 1.661470 10.000000 0.000000 0.030000 0.212651 1.000000 -1.661470 -0.390347 -4.135967 -0.044331 -0.026224 -0.023707 0.004612 0.030000 0.054427 0.048562 0.039720
34.413761 2.000000 -0.295016 0.590391 -0.025742 0.093633 0.891471 -1.486607 -0.042580 -0.306940 -0.579329 0.032046 0.088611 -0.891207 -1.489364 0.038182 -3.361522 13.843786 5.460550 -3.843102 -15.652872 5.570220 4.146704 4.146704 0.693856 1.717373 10.000000 0.000000 0.030000 0.231285 1.000000 -1.717373 -0.429556 -4.146704 -0.043343 -0.026339 -0.029036 0.004617 0.030000 0.054422 0.048557 0.039720
34.466155 2.000000 -0.295052 0.590379 -0.025742 0.093621 0.891471 -1.486619 -0.042604 -0.306940 -0.579341 0.032046 0.088623 -0.891207 -1.489376 0.038182 -3.426480 13.411186 5.476202 -3.742395 -15.799396 5.658402 4.145524 4.145524 0.631862 1.655379 10.000000 0.000000 0.030000 0.210621 1.000000 -1.655379 -0.388915 -4.145524 -0.043680 -0.026185 -0.022016 0.004620 0.030000 0.054407 0.048560 0.039720
34.529823 2.000000 -0.295052 0.590379 -0.025730 0.093609 0.891459 -1.486607 -0.042604 -0.306940 -0.579329 0.032046 0.088611 -0.891183 -1.489352 0.038194 -3.466538 13.734770 5.376862 -3.960673 -15.758959 5.573007 4.154190 4.154190 0.639261 1.662778 10.000000 0.000000 0.030000 0.213087 1.000000 -1.662778 -0.387249 -4.154190 -0.043648 -0.025916 -0.022755 0.004622 0.030000 0.054405 0.048555 0.039720
34.591730 2.000000 -0.295064 0.590379 -0.025730 0.093609 0.891471 -1.486619 -0.042592 -0.306916 -0.579341 0.032058 0.088623 -0.891207 -1.489364 0.038194 -3.147324 13.941409 5.294576 -4.158971 -15.871780 5.670182 4.136060 4.136060 0.676658 1.700175 10.000000 0.000000 0.030000 0.225553 1.000000 -1.700175 -0.419419 -4.136060 -0.043411 -0.026128 -0.026056 0.004620 0.030000 0.054402 0.048566 0.039720
34.675904 2.000000 -0.295064 0.590379 -0.025742 0.093621 0.891471 -1.486619 -0.042604 -0.306928 -0.579341 0.032046 0.088611 -0.891207 -1.489376 0.038194 -3.233735 13.773633 5.665405 -3.537321 -15.887997 5.841079 4.127607 4.127607 0.678042 1.701559 10.000000 0.000000 0.030000 0.226014 1.000000 -1.701559 -0.432657 -4.127607 -0.043900 -0.026691 -0.026909 0.004621 0.030000 0.054404 0.048561 0.039720
34.732041 2.000000 -0.295076 0.590379 -0.025730 0.093609 0.891471 -1.486619 -0.042592 -0.306928 -0.579341 0.032034 0.088599 -0.891183 -1.489364 0.038206 -3.249299 13.806061 5.445174 -3.979355 -15.928845 5.550482 4.131125 4.131125 0.673153 1.696670 10.000000 0.000000 0.030000 0.224384 1.000000 -1.696670 -0.400631 -4.131125 -0.043186 -0.025718 -0.026102 0.004620 0.030000 0.054399 0.048557 0.039720
34.811874 2.000000 -0.295052 0.590379 -0.025742 0.093597 0.891459 -1.486607 -0.042604 -0.306940 -0.579341 0.032058 0.088599 -0.891159 -1.489364 0.038170 -3.341265 13.773625 5.422147 -3.894833 -16.134303 5.795690 4.138551 4.138551 0.645577 1.669094 10.000000 0.000000 0.030000 0.215192 1.000000 -1.669094 -0.392061 -4.138551 -0.043061 -0.026140 -0.024351 0.004624 0.030000 0.054401 0.048553 0.039720
34.860727 2.000000 -0.295076 0.590379 -0.025730 0.093621 0.891471 -1.486607 -0.042604 -0.306928 -0.579341 0.032034 0.088599 -0.891159 -1.489376 0.038194 -3.354058 13.801768 5.641404 -4.133190 -15.927218 5.718347 4.118807 4.118807 0.638309 1.661826 10.000000 0.000000 0.030000 0.212770 1.000000 -1.661826 -0.396346 -4.118807 -0.044091 -0.026434 -0.024362 0.004619 0.030000 0.054401 0.048557 0.039720
34.898253 2.000000 -0.295052 0.590367 -0.025730 0.093621 0.891471 -1.486619 -0.042616 -0.306940 -0.579341 0.032034 0.088599 -0.891171 -1.489364 0.038170 -3.279740 13.703216 5.476883 -3.838214 -15.785555 5.711620 4.143663 4.143663 0.667790 1.691307 10.000000 0.000000 0.030000 0.222597 1.000000 -1.691307 -0.392852 -4.143663 -0.043004 -0.026182 -0.026399 0.004620 0.030000 0.054407 0.048554 0.039720
34.931086 2.000000 -0.295052 0.590367 -0.025742 0.093597 0.891471 -1.486607 -0.042616 -0.306940 -0.579341 0.032046 0.088599 -0.891183 -1.489364 0.038206 -3.314985 13.779591 5.483098 -3.942513 -15.799299 5.641242 4.129750 4.129750 0.638637 1.662154 10.000000 0.000000 0.030000 0.212879 1.000000 -1.662154 -0.378673 -4.129750 -0.043251 -0.026057 -0.023268 0.004625 0.030000 0.054401 0.048553 0.039720
34.971851 2.000000 -0.295064 0.590379 -0.025742 0.093609 0.891471 -1.486607 -0.042616 -0.306940 -0.579341 0.032046 0.088599 -0.891171 -1.489364 0.038206 -3.263459 13.841342 5.546927 -3.933124 -15.723980 5.557096 4.107923 4.107923 0.657169 1.680687 10.000000 0.000000 0.030000 0.219056 1.000000 -1.680687 -0.405373 -4.107923 -0.043492 -0.025953 -0.025546 0.004623 0.030000 0.054400 0.048552 0.039720
35.003731 2.000000 -0.295064 0.590379 -0.025718 0.093609 0.891471 -1.486607 -0.042616 -0.306928 -0.579341 0.032034 0.088599 -0.891147 -1.489364 0.038194 -3.279951 13.555178 5.442103 -3.892060 -15.804064 5.628760 4.133999 4.133999 0.640362 1.663879 10.000000 0.000000 0.030000 0.213454 1.000000 -1.663879 -0.402037 -4.133999 -0.043607 -0.026343 -0.024500 0.004617 0.030000 0.054402 0.048556 0.039720
35.030811 2.000000 -0.295052 0.590379 -0.025742 0.093609 0.891471 -1.486607 -0.042604 -0.306940 -0.579341 0.032046 0.088599 -0.891159 -1.489364 0.038206 -3.305545 13.689313 5.388445 -3.909761 -15.828102 5.555254 4.118700 4.118700 0.628012 1.651529 10.000000 0.000000 0.030000 0.209337 1.000000 -1.651529 -0.389544 -4.118700 -0.043526 -0.026278 -0.022731 0.004622 0.030000 0.054404 0.048552 0.039720
35.062251 2.000000 -0.295052 0.590379 -0.025742 0.093597 0.891483 -1.486595 -0.042580 -0.306940 -0.579341 0.032046 0.088575 -0.891171 -1.489364 0.038218 -3.281687 13.739613 5.370334 -3.804644 -15.685971 5.666117 4.111342 4.111342 0.645958 1.669475 10.000000 0.000000 0.030000 0.215319 1.000000 -1.669475 -0.411597 -4.111342 -0.043178 -0.026386 -0.025318 0.004625 0.030000 0.054403 0.048546 0.039720
35.103839 2.000000 -0.295052 0.590391 -0.025742 0.093609 0.891459 -1.486607 -0.042604 -0.306916 -0.579341 0.032046 0.088575 -0.891159 -1.489364 0.038206 -3.273547 13.792575 5.454873 -3.913530 -15.791779 5.565589 4.137050 4.137050 0.641853 1.665371 10.000000 0.000000 0.030000 0.213951 1.000000 -1.665371 -0.390592 -4.137050 -0.043004 -0.025734 -0.023542 0.004620 0.030000 0.054405 0.048553 0.039720
35.136894 2.000000 -0.295064 0.590379 -0.025718 0.093597 0.891471 -1.486607 -0.042604 -0.306928 -0.579341 0.032046 0.088599 -0.891135 -1.489364 0.038206 -3.256707 13.510473 5.474611 -3.786480 -15.683741 5.640691 4.125774 4.125774 0.625653 1.649170 10.000000 0.000000 0.030000 0.208551 1.000000 -1.649170 -0.411990 -4.125774 -0.043235 -0.026245 -0.023851 0.004620 0.030000 0.054400 0.048554 0.039720
35.173844 2.000000 -0.295052 0.590379 -0.025742 0.093585 0.891459 -1.486595 -0.042604 -0.306916 -0.579341 0.032058 0.088599 -0.891171 -1.489376 0.038206 -3.185332 14.182282 5.407039 -3.990244 -15.800104 5.505350 4.137209 4.137209 0.659462 1.682979 10.000000 0.000000 0.030000 0.219821 1.000000 -1.682979 -0.417299 -4.137209 -0.043198 -0.026041 -0.025337 0.004624 0.030000 0.054398 0.048559 0.039720
35.216200 2.000000 -0.295064 0.590391 -0.025718 0.093609 0.891471 -1.486607 -0.042616 -0.306916 -0.579341 0.032046 0.088575 -0.891147 -1.489364 0.038206 -3.248044 13.556782 5.378281 -3.847611 -15.760465 5.657453 4.133304 4.133304 0.625753 1.649270 10.000000 0.000000 0.030000 0.208584 1.000000 -1.649270 -0.411465 -4.133304 -0.043006 -0.025816 -0.023974 0.004618 0.030000 0.054403 0.048553 0.039720
35.258112 2.000000 -0.295052 0.590391 -0.025742 0.093585 0.891459 -1.486607 -0.042616 -0.306928 -0.579341 0.032046 0.088599 -0.891135 -1.489376 0.038206 -3.251169 13.970869 5.491106 -3.814097 -15.822373 5.468236 4.150167 4.150167 0.637778 1.661295 10.000000 0.000000 0.030000 0.212593 1.000000 -1.661295 -0.411885 -4.150167 -0.043143 -0.026242 -0.025520 0.004621 0.030000 0.054399 0.048554 0.039720
35.289506 2.000000 -0.295052 0.590391 -0.025742 0.093597 0.891471 -1.486607 -0.042616 -0.306916 -0.579341 0.032058 0.088575 -0.891159 -1.489364 0.038206 -3.155403 13.915740 5.347016 -3.815461 -15.716775 5.528302 4.144990 4.144990 0.633442 1.656959 10.000000 0.000000 0.030000 0.211147 1.000000 -1.656959 -0.403253 -4.144990 -0.042807 -0.025821 -0.024152 0.004623 0.030000 0.054402 0.048553 0.039720
35.324358 2.000000 -0.295064 0.590379 -0.025742 0.093609 0.891471 -1.486607 -0.042616 -0.306928 -0.579341 0.032046 0.088575 -0.891147 -1.489388 0.038206 -3.204400 13.511164 5.497382 -3.879310 -15.749953 5.586861 4.136666 4.136666 0.651804 1.675321 10.000000 0.000000 0.030000 0.217268 1.000000 -1.675321 -0.416438 -4.136666 -0.042592 -0.026179 -0.026667 0.004624 0.030000 0.054400 0.048550 0.039720
35.364780 2.000000 -0.295052 0.590367 -0.025742 0.093597 0.891471 -1.486595 -0.042628 -0.306940 -0.579341 0.032046 0.088575 -0.891159 -1.489364 0.038218 -3.302500 13.814409 5.347047 -3.848623 -15.577278 5.750454 4.145750 4.145750 0.616342 1.639859 10.000000 0.000000 0.030000 0.205447 1.000000 -1.639859 -0.392096 -4.145750 -0.043000 -0.025867 -0.023497 0.004627 0.030000 0.054400 0.048546 0.039720
35.414946 2.000000 -0.295052 0.590391 -0.025718 0.093621 0.891471 -1.486607 -0.042628 -0.306940 -0.579341 0.032058 0.088587 -0.891147 -1.489364 0.038206 -3.189529 13.834599 5.700335 -4.087958 -15.810664 5.650835 4.117071 4.117071 0.650638 1.674155 10.000000 0.000000 0.030000 0.216879 1.000000 -1.674155 -0.419200 -4.117071 -0.042950 -0.025769 -0.025529 0.004618 0.030000 0.054408 0.048548 0.039720
35.465098 2.000000 -0.295052 0.590379 -0.025742 0.093609 0.891459 -1.486607 -0.042616 -0.306916 -0.579341 0.032046 0.088575 -0.891159 -1.489364 0.038206 -3.332569 13.639110 5.337349 -3.988878 -15.862799 5.588176 4.135556 4.135556 0.655361 1.678878 10.000000 0.000000 0.030000 0.218454 1.000000 -1.678878 -0.407853 -4.135556 -0.042257 -0.025710 -0.025825 0.004622 0.030000 0.054403 0.048553 0.039720
35.502417 2.000000 -0.295052 0.590355 -0.025742 0.093597 0.891471 -1.486595 -0.042604 -0.306940 -0.579341 0.032046 0.088575 -0.891171 -1.489364 0.038206 -3.259840 13.680734 5.340411 -4.002392 -15.888122 5.573350 4.138173 4.138173 0.632579 1.656097 10.000000 0.000000 0.030000 0.210860 1.000000 -1.656097 -0.413331 -4.138173 -0.042576 -0.026016 -0.023504 0.004629 0.030000 0.054400 0.048547 0.039720
35.546721 2.000000 -0.295052 0.590367 -0.025742 0.093597 0.891471 -1.486595 -0.042616 -0.306916 -0.579341 0.032046 0.088575 -0.891147 -1.489364 0.038182 -3.268565 13.832922 5.491751 -3.973772 -16.069459 5.666346 4.144042 4.144042 0.631196 1.654713 10.000000 0.000000 0.030000 0.210399 1.000000 -1.654713 -0.402694 -4.144042 -0.042392 -0.025934 -0.024508 0.004625 0.030000 0.054400 0.048554 0.039720
35.616520 2.000000 -0.295064 0.590379 -0.025742 0.093597 0.891471 -1.486607 -0.042616 -0.306928 -0.579341 0.032058 0.088575 -0.891147 -1.489376 0.038218 -3.178783 13.773850 5.576339 -3.886291 -15.663996 5.503802 4.122606 4.122606 0.641550 1.665067 10.000000 0.000000 0.030000 0.213850 1.000000 -1.665067 -0.423269 -4.122606 -0.043131 -0.025821 -0.024434 0.004626 0.030000 0.054398 0.048548 0.039720
35.666005 2.000000 -0.295052 0.590379 -0.025730 0.093585 0.891471 -1.486607 -0.042616 -0.306940 -0.579341 0.032046 0.088599 -0.891123 -1.489364 0.038218 -3.283464 13.852378 5.500054 -3.802796 -15.776986 5.573690 4.142871 4.142871 0.643621 1.667138 10.000000 0.000000 0.030000 0.214540 1.000000 -1.667138 -0.407103 -4.142871 -0.042431 -0.025480 -0.024118 0.004622 0.030000 0.054400 0.048550 0.039720
35.773278 2.000000 -0.295064 0.590355 -0.025742 0.093609 0.891459 -1.486607 -0.042616 -0.306916 -0.579341 0.032046 0.088575 -0.891147 -1.489376 0.038218 -3.273481 13.151899 5.076207 -3.974480 -15.741796 5.517502 4.132445 4.132445 0.629860 1.653377 10.000000 0.000000 0.030000 0.209953 1.000000 -1.653377 -0.403234 -4.132445 -0.042816 -0.025611 -0.024006 0.004627 0.030000 0.054399 0.048552 0.039720
35.832971 2.000000 -0.295052 0.590367 -0.025742 0.093585 0.891471 -1.486595 -0.042604 -0.306940 -0.579341 0.032046 0.088599 -0.891135 -1.489352 0.038218 -3.251410 14.158180 5.461242 -4.022879 -15.732205 5.745229 4.115761 4.115761 0.644407 1.667924 10.000000 0.000000 0.030000 0.214802 1.000000 -1.667924 -0.418421 -4.115761 -0.042373 -0.025931 -0.025332 0.004626 0.030000 0.054398 0.048550 0.039720
35.899529 2.000000 -0.295076 0.590379 -0.025730 0.093609 0.891459 -1.486607 -0.042616 -0.306916 -0.579329 0.032046 0.088575 -0.891147 -1.489364 0.038218 -3.054568 13.922122 5.310655 -3.987306 -15.722889 5.480935 4.120733 4.120733 0.650429 1.673946 10.000000 0.000000 0.030000 0.216810 1.000000 -1.673946 -0.410043 -4.120733 -0.042680 -0.026258 -0.025186 0.004624 0.030000 0.054397 0.048552 0.039720
35.952001 2.000000 -0.295052 0.590379 -0.025742 0.093585 0.891471 -1.486595 -0.042616 -0.306916 -0.579341 0.032046 0.088575 -0.891159 -1.489364 0.038230 -3.316526 13.974140 5.374288 -3.903338 -15.862343 5.503091 4.133214 4.133214 0.623862 1.647379 10.000000 0.000000 0.030000 0.207954 1.000000 -1.647379 -0.411770 -4.133214 -0.042679 -0.025771 -0.024948 0.004624 0.030000 0.054399 0.048552 0.039720
35.990358 2.000000 -0.295064 0.590391 -0.025718 0.093597 0.891459 -1.486583 -0.042616 -0.306940 -0.579341 0.032046 0.088575 -0.891147 -1.489364 0.038230 -3.332682 13.871637 5.415430 -3.774296 -15.719746 5.539591 4.119022 4.119022 0.644301 1.667818 10.000000 0.000000 0.030000 0.214767 1.000000 -1.667818 -0.420339 -4.119022 -0.042850 -0.026048 -0.025157 0.004620 0.030000 0.054399 0.048545 0.039720
36.029849 2.000000 -0.295052 0.590367 -0.025742 0.093609 0.891471 -1.486607 -0.042616 -0.306940 -0.579341 0.032046 0.088575 -0.891147 -1.489364 0.038218 -3.285295 13.555387 5.338107 -3.794790 -15.952788 5.706719 4.106625 4.106625 0.627347 1.650864 10.000000 0.000000 0.030000 0.209116 1.000000 -1.650864 -0.408980 -4.106625 -0.042711 -0.025721 -0.023539 0.004626 0.030000 0.054403 0.048545 0.039720
36.081031 2.000000 -0.295064 0.590391 -0.025718 0.093609 0.891459 -1.486583 -0.042616 -0.306916 -0.579341 0.032034 0.088575 -0.891147 -1.489376 0.038218 -3.117460 13.820783 5.617947 -3.953254 -15.623944 5.770076 4.118622 4.118622 0.622246 1.645763 10.000000 0.000000 0.030000 0.207415 1.000000 -1.645763 -0.402882 -4.118622 -0.042753 -0.026015 -0.024031 0.004616 0.030000 0.054402 0.048553 0.039720
36.146288 2.000000 -0.295064 0.590355 -0.025718 0.093597 0.891471 -1.486595 -0.042628 -0.306928 -0.579341 0.032034 0.088575 -0.891147 -1.489364 0.038218 -3.200619 13.510831 5.218919 -4.085986 -15.962447 5.424148 4.106613 4.106613 0.603260 1.626777 10.000000 0.000000 0.030000 0.201087 1.000000 -1.626777 -0.401860 -4.106613 -0.042853 -0.025966 -0.022878 0.004624 0.030000 0.054397 0.048549 0.039720
36.208434 2.000000 -0.295064 0.590379 -0.025742 0.093585 0.891471 -1.486595 -0.042616 -0.306940 -0.579317 0.032046 0.088575 -0.891147 -1.489364 0.038230 -3.267534 13.829102 5.434829 -3.869069 -15.645684 5.547910 4.103605 4.103605 0.635865 1.659382 10.000000 0.000000 0.030000 0.211955 1.000000 -1.659382 -0.410632 -4.103605 -0.042620 -0.026149 -0.024332 0.004630 0.030000 0.054395 0.048544 0.039720
36.266423 2.000000 -0.295064 0.590367 -0.025730 0.093597 0.891459 -1.486607 -0.042628 -0.306928 -0.579341 0.032046 0.088575 -0.891147 -1.489364 0.038230 -3.331896 13.823265 5.558040 -3.902611 -15.940039 5.615789 4.129589 4.129589 0.621664 1.645181 10.000000 0.000000 0.030000 0.207221 1.000000 -1.645181 -0.418703 -4.129589 -0.042149 -0.026272 -0.024322 0.004625 0.030000 0.054397 0.048548 0.039720
36.312173 2.000000 -0.295064 0.590379 -0.025742 0.093585 0.891471 -1.486583 -0.042628 -0.306940 -0.579341 0.032058 0.088575 -0.891147 -1.489364 0.038230 -3.309989 13.700677 5.566511 -4.006715 -15.666580 5.630671 4.113120 4.113120 0.619729 1.643246 10.000000 0.000000 0.030000 0.206576 1.000000 -1.643246 -0.420634 -4.113120 -0.042618 -0.025949 -0.023418 0.004628 0.030000 0.054395 0.048544 0.039720
36.378778 2.000000 -0.295052 0.590379 -0.025742 0.093585 0.891459 -1.486583 -0.042616 -0.306928 -0.579341 0.032046 0.088575 -0.891135 -1.489376 0.038230 -3.214653 13.878746 5.443236 -3.865235 -15.820370 5.683024 4.125864 4.125864 0.631870 1.655387 10.000000 0.000000 0.030000 0.210623 1.000000 -1.655387 -0.418369 -4.125864 -0.042469 -0.025722 -0.025021 0.004625 0.030000 0.054398 0.048548 0.039720
36.419662 2.000000 -0.295052 0.590367 -0.025742 0.093585 0.891459 -1.486595 -0.042628 -0.306940 -0.579341 0.032058 0.088575 -0.891135 -1.489364 0.038230 -3.287541 14.118909 5.586512 -3.888897 -15.784546 5.527324 4.126733 4.126733 0.620455 1.643972 10.000000 0.000000 0.030000 0.206818 1.000000 -1.643972 -0.403737 -4.126733 -0.041802 -0.025614 -0.023333 0.004629 0.030000 0.054397 0.048544 0.039720
36.469557 2.000000 -0.295064 0.590367 -0.025742 0.093597 0.891459 -1.486583 -0.042628 -0.306928 -0.579341 0.032046 0.088575 -0.891123 -1.489364 0.038230 -3.002889 13.749683 5.454359 -3.752547 -15.713623 5.527681 4.123303 4.123303 0.642853 1.666370 10.000000 0.000000 0.030000 0.214284 1.000000 -1.666370 -0.429986 -4.123303 -0.042729 -0.025754 -0.025113 0.004626 0.030000 0.054396 0.048547 0.039720
36.510387 2.000000 -0.295064 0.590367 -0.025718 0.093585 0.891447 -1.486571 -0.042616 -0.306928 -0.579341 0.032046 0.088575 -0.891135 -1.489376 0.038230 -3.245959 13.805939 5.414898 -3.999648 -15.765702 5.565518 4.122321 4.122321 0.614941 1.638458 10.000000 0.000000 0.030000 0.204980 1.000000 -1.638458 -0.416261 -4.122321 -0.042047 -0.025888 -0.023957 0.004624 0.030000 0.054395 0.048548 0.039720
36.569870 2.000000 -0.295064 0.590367 -0.025754 0.093585 0.891459 -1.486583 -0.042616 -0.306928 -0.579341 0.032058 0.088575 -0.891135 -1.489364 0.038206 -3.267747 13.843934 5.495266 -4.048024 -15.605229 5.757346 4.126964 4.126964 0.641247 1.664764 10.000000 0.000000 0.030000 0.213749 1.000000 -1.664764 -0.418861 -4.126964 -0.042298 -0.026078 -0.025190 0.004630 0.030000 0.054393 0.048548 0.039720
36.639078 2.000000 -0.295064 0.590367 -0.025730 0.093597 0.891447 -1.486583 -0.042628 -0.306940 -0.579341 0.032046 0.088575 -0.891159 -1.489364 0.038242 -3.245641 13.635171 5.399754 -3.961031 -15.882738 5.552131 4.127374 4.127374 0.622870 1.646387 10.000000 0.000000 0.030000 0.207623 1.000000 -1.646387 -0.412859 -4.127374 -0.042451 -0.025466 -0.024773 0.004626 0.030000 0.054396 0.048545 0.039720
36.719168 2.000000 -0.295064 0.590367 -0.025742 0.093597 0.891471 -1.486583 -0.042628 -0.306928 -0.579341 0.032046 0.088575 -0.891135 -1.489376 0.038230 -3.242230 13.509743 5.274151 -3.888682 -15.741745 5.582434 4.117854 4.117854 0.621676 1.645193 10.000000 0.000000 0.030000 0.207225 1.000000 -1.645193 -0.410804 -4.117854 -0.041632 -0.025711 -0.024124 0.004627 0.030000 0.054396 0.048548 0.039720
36.771512 2.000000 -0.295052 0.590367 -0.025742 0.093621 0.891471 -1.486595 -0.042616 -0.306928 -0.579341 0.032058 0.088575 -0.891123 -1.489364 0.038242 -3.223956 13.784931 5.458580 -3.856669 -15.913894 5.656964 4.126849 4.126849 0.614330 1.637847 10.000000 0.000000 0.030000 0.204777 1.000000 -1.637847 -0.408299 -4.126849 -0.042174 -0.025330 -0.023603 0.004626 0.030000 0.054406 0.048546 0.039720
36.845172 2.000000 -0.295052 0.590379 -0.025742 0.093597 0.891471 -1.486571 -0.042616 -0.306928 -0.579329 0.032046 0.088575 -0.891123 -1.489364 0.038218 -3.224350 13.884416 5.545921 -4.045959 -15.525675 5.485844 4.111983 4.111983 0.625922 1.649439 10.000000 0.000000 0.030000 0.208641 1.000000 -1.649439 -0.408341 -4.111983 -0.042062 -0.025546 -0.024714 0.004626 0.030000 0.054401 0.048547 0.039720
36.896141 2.000000 -0.295064 0.590391 -0.025718 0.093585 0.891459 -1.486571 -0.042616 -0.306940 -0.579341 0.032058 0.088587 -0.891123 -1.489376 0.038242 -3.337489 14.112662 5.594791 -3.985947 -15.882596 5.882980 4.117304 4.117304 0.625459 1.648976 10.000000 0.000000 0.030000 0.208486 1.000000 -1.648976 -0.418931 -4.117304 -0.042206 -0.026078 -0.024993 0.004622 0.030000 0.054397 0.048545 0.039720
36.943875 2.000000 -0.295052 0.590379 -0.025742 0.093585 0.891459 -1.486595 -0.042628 -0.306928 -0.579341 0.032046 0.088575 -0.891135 -1.489364 0.038230 -3.204229 14.080557 5.311423 -3.903017 -15.870183 5.666709 4.101081 4.101081 0.626465 1.649983 10.000000 0.000000 0.030000 0.208822 1.000000 -1.649983 -0.409504 -4.101081 -0.042073 -0.025912 -0.025152 0.004625 0.030000 0.054398 0.048548 0.039720
37.009592 2.000000 -0.295052 0.590379 -0.025742 0.093585 0.891459 -1.486559 -0.042616 -0.306916 -0.579341 0.032046 0.088575 -0.891135 -1.489364 0.038230 -3.228367 13.679108 5.449332 -3.756601 -16.005573 5.452518 4.102652 4.102652 0.627688 1.651205 10.000000 0.000000 0.030000 0.209229 1.000000 -1.651205 -0.412177 -4.102652 -0.041510 -0.025259 -0.024444 0.004624 0.030000 0.054398 0.048551 0.039720
37.065674 2.000000 -0.295064 0.590367 -0.025742 0.093597 0.891459 -1.486571 -0.042628 -0.306940 -0.579341 0.032046 0.088575 -0.891123 -1.489376 0.038242 -3.192039 13.552955 5.554864 -3.874559 -15.652453 5.556889 4.097870 4.097870 0.610209 1.633726 10.000000 0.000000 0.030000 0.203403 1.000000 -1.633726 -0.418249 -4.097870 -0.041912 -0.025653 -0.023809 0.004627 0.030000 0.054396 0.048543 0.039720
37.110736 2.000000 -0.295076 0.590379 -0.025742 0.093573 0.891471 -1.486583 -0.042628 -0.306928 -0.579341 0.032046 0.088575 -0.891123 -1.489364 0.038230 -3.023028 13.784432 5.357376 -3.912739 -15.880181 5.601194 4.098625 4.098625 0.610636 1.634153 10.000000 0.000000 0.030000 0.203545 1.000000 -1.634153 -0.401669 -4.098625 -0.041908 -0.025635 -0.023724 0.004627 0.030000 0.054388 0.048547 0.039720
37.174000 2.000000 -0.295052 0.590391 -0.025742 0.093597 0.891447 -1.486583 -0.042628 -0.306928 -0.579329 0.032046 0.088599 -0.891123 -1.489364 0.038254 -3.308748 13.811326 5.386087 -3.910664 -15.691766 5.500897 4.098265 4.098265 0.605782 1.629299 10.000000 0.000000 0.030000 0.201927 1.000000 -1.629299 -0.430318 -4.098265 -0.043072 -0.025984 -0.023142 0.004622 0.030000 0.054400 0.048551 0.039720
37.215469 2.000000 -0.295052 0.590379 -0.025742 0.093585 0.891459 -1.486571 -0.042628 -0.306928 -0.579341 0.032046 0.088575 -0.891135 -1.489364 0.038230 -3.215139 13.851576 5.487949 -3.988618 -15.991911 5.581525 4.094514 4.094514 0.615621 1.639138 10.000000 0.000000 0.030000 0.205207 1.000000 -1.639138 -0.408714 -4.094514 -0.042421 -0.026013 -0.023377 0.004625 0.030000 0.054397 0.048548 0.039720
37.256287 2.000000 -0.295076 0.590367 -0.025742 0.093609 0.891459 -1.486583 -0.042616 -0.306928 -0.579341 0.032046 0.088575 -0.891135 -1.489376 0.038242 -3.277653 13.889098 5.590303 -3.928217 -15.759444 5.594874 4.096163 4.096163 0.617640 1.641157 10.000000 0.000000 0.030000 0.205880 1.000000 -1.641157 -0.418377 -4.096163 -0.042148 -0.025889 -0.023897 0.004626 0.030000 0.054395 0.048547 0.039720
37.289223 2.000000 -0.295064 0.590367 -0.025742 0.093597 0.891459 -1.486571 -0.042616 -0.306940 -0.579341 0.032046 0.088587 -0.891123 -1.489376 0.038242 -3.311537 13.763103 5.442821 -3.913369 -15.797600 5.546362 4.108992 4.108992 0.606591 1.630108 10.000000 0.000000 0.030000 0.202197 1.000000 -1.630108 -0.411049 -4.108992 -0.041690 -0.025645 -0.023422 0.004626 0.030000 0.054396 0.048546 0.039720
37.360027 2.000000 -0.295052 0.590367 -0.025742 0.093597 0.891471 -1.486571 -0.042640 -0.306916 -0.579341 0.032058 0.088575 -0.891123 -1.489364 0.038242 -3.267169 14.212946 5.554377 -3.868719 -15.731917 5.574821 4.110481 4.110481 0.596099 1.619617 10.000000 0.000000 0.030000 0.198700 1.000000 -1.619617 -0.415642 -4.110481 -0.042445 -0.025429 -0.021901 0.004627 0.030000 0.054399 0.048549 0.039720
37.410722 2.000000 -0.295052 0.590391 -0.025742 0.093597 0.891447 -1.486583 -0.042628 -0.306940 -0.579341 0.032046 0.088575 -0.891123 -1.489364 0.038242 -3.363208 13.959340 5.598325 -3.847151 -15.735120 5.648933 4.103848 4.103848 0.615056 1.638573 10.000000 0.000000 0.030000 0.205019 1.000000 -1.638573 -0.405806 -4.103848 -0.041973 -0.025729 -0.022861 0.004622 0.030000 0.054400 0.048543 0.039720
37.456621 2.000000 -0.295064 0.590379 -0.025742 0.093597 0.891459 -1.486583 -0.042628 -0.306940 -0.579329 0.032058 0.088575 -0.891123 -1.489376 0.038242 -3.072432 13.852554 5.386707 -3.741145 -15.657046 5.682649 4.093641 4.093641 0.633803 1.657321 10.000000 0.000000 0.030000 0.211268 1.000000 -1.657321 -0.429365 -4.093641 -0.042009 -0.025566 -0.023556 0.004629 0.030000 0.054397 0.048542 0.039720
37.511172 2.000000 -0.295052 0.590379 -0.025742 0.093597 0.891471 -1.486583 -0.042640 -0.306940 -0.579341 0.032046 0.088575 -0.891123 -1.489364 0.038242 -3.264630 13.969460 5.397628 -3.725805 -15.667038 5.669460 4.097592 4.097592 0.602116 1.625633 10.000000 0.000000 0.030000 0.200705 1.000000 -1.625633 -0.410444 -4.097592 -0.041925 -0.025673 -0.022280 0.004625 0.030000 0.054400 0.048543 0.039720
37.558047 2.000000 -0.295064 0.590367 -0.025754 0.093585 0.891459 -1.486583 -0.042628 -0.306928 -0.579341 0.032046 0.088575 -0.891135 -1.489364 0.038230 -3.211725 13.649897 5.453543 -4.168105 -15.857489 5.585490 4.104102 4.104102 0.611953 1.635470 10.000000 0.000000 0.030000 0.203984 1.000000 -1.635470 -0.430351 -4.104102 -0.042241 -0.025524 -0.023469 0.004629 0.030000 0.054392 0.048548 0.039720
37.623075 2.000000 -0.295076 0.590367 -0.025718 0.093585 0.891459 -1.486571 -0.042628 -0.306940 -0.579341 0.032046 0.088599 -0.891123 -1.489352 0.038242 -3.141163 13.607494 5.472885 -3.893188 -15.709228 5.452677 4.117152 4.117152 0.610686 1.634204 10.000000 0.000000 0.030000 0.203562 1.000000 -1.634204 -0.419535 -4.117152 -0.041357 -0.025492 -0.023863 0.004624 0.030000 0.054391 0.048548 0.039720
37.685970 2.000000 -0.295052 0.590391 -0.025742 0.093597 0.891459 -1.486583 -0.042616 -0.306928 -0.579341 0.032046 0.088575 -0.891135 -1.489364 0.038242 -3.450417 14.154909 5.636366 -3.926239 -15.795545 5.641093 4.119906 4.119906 0.598972 1.622490 10.000000 0.000000 0.030000 0.199657 1.000000 -1.622490 -0.415029 -4.119906 -0.041890 -0.025580 -0.022682 0.004622 0.030000 0.054401 0.048547 0.039720
37.740046 2.000000 -0.295052 0.590367 -0.025742 0.093597 0.891459 -1.486559 -0.042640 -0.306928 -0.579341 0.032046 0.088575 -0.891135 -1.489376 0.038242 -3.299282 13.582479 5.293980 -3.856695 -15.709033 5.570562 4.091269 4.091269 0.619914 1.643431 10.000000 0.000000 0.030000 0.206638 1.000000 -1.643431 -0.423851 -4.091269 -0.041959 -0.025599 -0.024432 0.004626 0.030000 0.054399 0.048547 0.039720
37.788693 2.000000 -0.295064 0.590379 -0.025718 0.093585 0.891459 -1.486583 -0.042628 -0.306928 -0.579341 0.032058 0.088575 -0.891123 -1.489376 0.038254 -3.306575 13.665530 5.553603 -3.928357 -15.605360 5.592177 4.106175 4.106175 0.608680 1.632197 10.000000 0.000000 0.030000 0.202893 1.000000 -1.632197 -0.421114 -4.106175 -0.041663 -0.026094 -0.024104 0.004624 0.030000 0.054396 0.048546 0.039720
37.827523 2.000000 -0.295064 0.590379 -0.025730 0.093585 0.891459 -1.486571 -0.042628 -0.306940 -0.579341 0.032046 0.088575 -0.891123 -1.489364 0.038242 -3.239811 13.450964 5.357069 -3.799367 -15.716419 5.479454 4.097451 4.097451 0.604957 1.628474 10.000000 0.000000 0.030000 0.201652 1.000000 -1.628474 -0.424565 -4.097451 -0.041987 -0.025182 -0.023409 0.004625 0.030000 0.054395 0.048543 0.039720
37.871364 2.000000 -0.295076 0.590379 -0.025742 0.093585 0.891459 -1.486583 -0.042628 -0.306940 -0.579341 0.032058 0.088587 -0.891135 -1.489364 0.038242 -3.244007 13.667959 5.383651 -4.020208 -15.859881 5.441799 4.078322 4.078322 0.592838 1.616355 10.000000 0.000000 0.030000 0.197613 1.000000 -1.616355 -0.408890 -4.078322 -0.041799 -0.025681 -0.021903 0.004628 0.030000 0.054391 0.048546 0.039720
37.908690 2.000000 -0.295052 0.590367 -0.025742 0.093597 0.891447 -1.486571 -0.042628 -0.306928 -0.579317 0.032046 0.088575 -0.891123 -1.489364 0.038266 -3.205711 13.753623 5.416561 -3.935790 -15.669640 5.540566 4.084408 4.084408 0.606433 1.629950 10.000000 0.000000 0.030000 0.202144 1.000000 -1.629950 -0.419149 -4.084408 -0.041947 -0.025680 -0.022900 0.004630 0.030000 0.054399 0.048545 0.039720
37.963838 2.000000 -0.295076 0.590367 -0.025730 0.093585 0.891459 -1.486559 -0.042640 -0.306928 -0.579341 0.032058 0.088575 -0.891123 -1.489364 0.038242 -3.395096 13.788053 5.459075 -3.891942 -16.036054 5.635087 4.091396 4.091396 0.591254 1.614771 10.000000 0.000000 0.030000 0.197085 1.000000 -1.614771 -0.421981 -4.091396 -0.041868 -0.025749 -0.023083 0.004628 0.030000 0.054390 0.048546 0.039720
38.033634 2.000000 -0.295052 0.590367 -0.025730 0.093585 0.891459 -1.486571 -0.042628 -0.306916 -0.579341 0.032046 0.088575 -0.891123 -1.489400 0.038242 -3.276420 13.303490 5.250101 -4.007514 -15.636042 5.411022 4.093327 4.093327 0.611629 1.635146 10.000000 0.000000 0.030000 0.203876 1.000000 -1.635146 -0.423682 -4.093327 -0.041584 -0.025533 -0.023456 0.004624 0.030000 0.054397 0.048551 0.039720
38.087912 2.000000 -0.295052 0.590367 -0.025742 0.093597 0.891471 -1.486571 -0.042640 -0.306940 -0.579341 0.032046 0.088575 -0.891111 -1.489352 0.038230 -3.167107 13.939400 5.496041 -3.748781 -15.695869 5.662386 4.090929 4.090929 0.598672 1.622189 10.000000 0.000000 0.030000 0.199557 1.000000 -1.622189 -0.420657 -4.090929 -0.042019 -0.025826 -0.022624 0.004626 0.030000 0.054399 0.048543 0.039720
38.126868 2.000000 -0.295076 0.590367 -0.025742 0.093585 0.891459 -1.486559 -0.042616 -0.306940 -0.579341 0.032058 0.088575 -0.891111 -1.489388 0.038242 -3.100809 13.571372 5.541540 -3.871184 -15.834077 5.599289 4.075510 4.075510 0.602661 1.626178 10.000000 0.000000 0.030000 0.200887 1.000000 -1.626178 -0.411354 -4.075510 -0.041491 -0.025558 -0.022869 0.004630 0.030000 0.054390 0.048543 0.039720
38.173137 2.000000 -0.295064 0.590379 -0.025742 0.093573 0.891471 -1.486571 -0.042628 -0.306940 -0.579341 0.032046 0.088563 -0.891123 -1.489364 0.038278 -3.284482 13.901476 5.448721 -3.848820 -16.010169 5.665790 4.071086 4.071086 0.595826 1.619343 10.000000 0.000000 0.030000 0.198609 1.000000 -1.619343 -0.410614 -4.071086 -0.041691 -0.025571 -0.021925 0.004628 0.030000 0.054392 0.048539 0.039720
38.224329 2.000000 -0.295064 0.590379 -0.025754 0.093573 0.891459 -1.486571 -0.042640 -0.306940 -0.579317 0.032058 0.088575 -0.891111 -1.489376 0.038230 -3.176614 13.764846 5.575569 -3.912165 -15.808823 5.603330 4.088624 4.088624 0.602315 1.625832 10.000000 0.000000 0.030000 0.200772 1.000000 -1.625832 -0.415558 -4.088624 -0.041384 -0.025477 -0.022923 0.004634 0.030000 0.054390 0.048542 0.039720
38.269924 2.000000 -0.295064 0.590379 -0.025742 0.093585 0.891459 -1.486559 -0.042628 -0.306928 -0.579341 0.032046 0.088575 -0.891111 -1.489364 0.038242 -3.379029 13.827129 5.379761 -3.739986 -15.715679 5.701407 4.077614 4.077614 0.591189 1.614706 10.000000 0.000000 0.030000 0.197063 1.000000 -1.614706 -0.403600 -4.077614 -0.041570 -0.025506 -0.022838 0.004625 0.030000 0.054394 0.048546 0.039720
38.313237 2.000000 -0.295052 0.590367 -0.025742 0.093585 0.891471 -1.486559 -0.042640 -0.306940 -0.579341 0.032046 0.088575 -0.891111 -1.489376 0.038254 -3.281460 13.794829 5.392745 -3.842884 -15.747581 5.553849 4.093968 4.093968 0.613649 1.637167 10.000000 0.000000 0.030000 0.204550 1.000000 -1.637167 -0.417996 -4.093968 -0.042238 -0.025624 -0.023443 0.004627 0.030000 0.054397 0.048542 0.039720
38.368028 2.000000 -0.295052 0.590367 -0.025754 0.093573 0.891471 -1.486559 -0.042640 -0.306916 -0.579341 0.032058 0.088575 -0.891099 -1.489376 0.038254 -3.236555 13.837538 5.542932 -3.939644 -16.035769 5.561721 4.086847 4.086847 0.605905 1.629422 10.000000 0.000000 0.030000 0.201968 1.000000 -1.629422 -0.426555 -4.086847 -0.041612 -0.025764 -0.023453 0.004630 0.030000 0.054393 0.048548 0.039720
38.413471 2.000000 -0.295064 0.590367 -0.025742 0.093573 0.891459 -1.486571 -0.042616 -0.306916 -0.579341 0.032058 0.088575 -0.891111 -1.489364 0.038242 -3.326246 13.808232 5.427732 -3.907455 -15.931441 5.558379 4.081107 4.081107 0.595469 1.618986 10.000000 0.000000 0.030000 0.198490 1.000000 -1.618986 -0.413166 -4.081107 -0.041475 -0.025574 -0.022926 0.004629 0.030000 0.054391 0.048549 0.039720
38.476406 2.000000 -0.295064 0.590367 -0.025742 0.093585 0.891471 -1.486571 -0.042640 -0.306940 -0.579341 0.032070 0.088575 -0.891111 -1.489388 0.038266 -3.030451 13.683174 5.592201 -3.780740 -15.698617 5.586581 4.090821 4.090821 0.591022 1.614539 10.000000 0.000000 0.030000 0.197007 1.000000 -1.614539 -0.407917 -4.090821 -0.041160 -0.025794 -0.022610 0.004631 0.030000 0.054393 0.048541 0.039720
38.519416 2.000000 -0.295052 0.590367 -0.025742 0.093585 0.891459 -1.486583 -0.042628 -0.306928 -0.579341 0.032046 0.088575 -0.891111 -1.489376 0.038254 -3.286404 13.993223 5.417037 -3.893200 -15.782303 5.510026 4.094960 4.094960 0.609012 1.632529 10.000000 0.000000 0.030000 0.203004 1.000000 -1.632529 -0.413003 -4.094960 -0.040917 -0.025385 -0.024078 0.004627 0.030000 0.054397 0.048546 0.039720
38.579084 2.000000 -0.295064 0.590367 -0.025730 0.093585 0.891471 -1.486559 -0.042628 -0.306916 -0.579341 0.032058 0.088587 -0.891123 -1.489376 0.038242 -3.260614 13.685238 5.446558 -3.819739 -15.722587 5.591382 4.088903 4.088903 0.599144 1.622661 10.000000 0.000000 0.030000 0.199715 1.000000 -1.622661 -0.420900 -4.088903 -0.041208 -0.025805 -0.023730 0.004626 0.030000 0.054394 0.048552 0.039720
38.623932 2.000000 -0.295052 0.590367 -0.025742 0.093585 0.891459 -1.486571 -0.042640 -0.306940 -0.579341 0.032046 0.088575 -0.891111 -1.489352 0.038242 -3.217773 13.771624 5.645657 -3.679383 -15.689453 5.677771 4.096675 4.096675 0.603303 1.626820 10.000000 0.000000 0.030000 0.201101 1.000000 -1.626820 -0.420253 -4.096675 -0.041148 -0.025754 -0.023970 0.004627 0.030000 0.054396 0.048543 0.039720
38.684165 2.000000 -0.295052 0.590355 -0.025742 0.093585 0.891459 -1.486547 -0.042640 -0.306940 -0.579341 0.032058 0.088575 -0.891111 -1.489376 0.038254 -3.187735 13.833191 5.460698 -3.834198 -15.783801 5.418388 4.073884 4.073884 0.577811 1.601328 10.000000 0.000000 0.030000 0.192604 1.000000 -1.601328 -0.424985 -4.073884 -0.040668 -0.025730 -0.022868 0.004631 0.030000 0.054395 0.048542 0.039720
38.735766 2.000000 -0.295076 0.590379 -0.025742 0.093597 0.891471 -1.486571 -0.042640 -0.306916 -0.579341 0.032058 0.088575 -0.891123 -1.489364 0.038254 -3.162601 13.687132 5.489753 -3.822139 -15.840075 5.591167 4.093101 4.093101 0.599710 1.623227 10.000000 0.000000 0.030000 0.199903 1.000000 -1.623227 -0.430258 -4.093101 -0.041157 -0.025454 -0.023590 0.004626 0.030000 0.054393 0.048549 0.039720
38.821507 2.000000 -0.295052 0.590367 -0.025742 0.093597 0.891471 -1.486559 -0.042640 -0.306940 -0.579341 0.032046 0.088575 -0.891111 -1.489376 0.038254 -3.333140 13.982112 5.376247 -4.207981 -15.599035 5.808022 4.099633 4.099633 0.590561 1.614078 10.000000 0.000000 0.030000 0.196854 1.000000 -1.614078 -0.432712 -4.099633 -0.041435 -0.025938 -0.023191 0.004626 0.030000 0.054399 0.048542 0.039720
38.881308 2.000000 -0.295064 0.590367 -0.025754 0.093597 0.891471 -1.486559 -0.042628 -0.306928 -0.579341 0.032058 0.088575 -0.891123 -1.489376 0.038254 -3.197874 13.722236 5.470703 -3.904482 -15.702254 5.503581 4.073416 4.073416 0.591055 1.614572 10.000000 0.000000 0.030000 0.197018 1.000000 -1.614572 -0.418992 -4.073416 -0.041275 -0.025767 -0.022446 0.004630 0.030000 0.054395 0.048546 0.039720
38.951520 2.000000 -0.295052 0.590367 -0.025742 0.093597 0.891459 -1.486559 -0.042652 -0.306928 -0.579329 0.032058 0.088575 -0.891099 -1.489364 0.038266 -3.145958 13.587110 5.468398 -3.601310 -15.867602 5.876150 4.078654 4.078654 0.594190 1.617707 10.000000 0.000000 0.030000 0.198063 1.000000 -1.617707 -0.434014 -4.078654 -0.041277 -0.025510 -0.023161 0.004629 0.030000 0.054398 0.048543 0.039720
39.011415 2.000000 -0.295040 0.590355 -0.025730 0.093585 0.891459 -1.486571 -0.042628 -0.306928 -0.579341 0.032070 0.088575 -0.891111 -1.489376 0.038266 -3.351898 14.203147 5.537679 -3.840628 -15.884850 5.659749 4.066059 4.066059 0.575839 1.599356 10.000000 0.000000 0.030000 0.191946 1.000000 -1.599356 -0.417567 -4.066059 -0.041248 -0.025833 -0.022258 0.004629 0.030000 0.054400 0.048544 0.039720
39.063088 2.000000 -0.295064 0.590343 -0.025742 0.093585 0.891459 -1.486559 -0.042628 -0.306916 -0.579317 0.032046 0.088575 -0.891123 -1.489352 0.038254 -3.179943 13.381484 5.391047 -4.123429 -15.708395 5.601795 4.083888 4.083888 0.574526 1.598044 10.000000 0.000000 0.030000 0.191509 1.000000 -1.598044 -0.419665 -4.083888 -0.041458 -0.025764 -0.022329 0.004634 0.030000 0.054392 0.048548 0.039720
39.125344 2.000000 -0.295064 0.590367 -0.025742 0.093597 0.891471 -1.486559 -0.042640 -0.306928 -0.579341 0.032046 0.088575 -0.891099 -1.489364 0.038266 -3.219431 14.031771 5.529880 -3.708204 -15.767600 5.739111 4.075439 4.075439 0.603455 1.626972 10.000000 0.000000 0.030000 0.201152 1.000000 -1.626972 -0.430499 -4.075439 -0.041289 -0.025881 -0.023827 0.004626 0.030000 0.054396 0.048545 0.039720
39.203333 2.000000 -0.295052 0.590367 -0.025742 0.093585 0.891471 -1.486559 -0.042628 -0.306928 -0.579317 0.032046 0.088575 -0.891111 -1.489364 0.038254 -3.445006 13.982063 5.475442 -4.002931 -15.664711 5.419752 4.064805 4.064805 0.596804 1.620321 10.000000 0.000000 0.030000 0.198935 1.000000 -1.620321 -0.430177 -4.064805 -0.041144 -0.026067 -0.023432 0.004631 0.030000 0.054397 0.048545 0.039720
39.251736 2.000000 -0.295052 0.590355 -0.025730 0.093585 0.891459 -1.486547 -0.042640 -0.306940 -0.579341 0.032046 0.088575 -0.891099 -1.489364 0.038266 -3.409408 13.872587 5.589694 -3.921449 -15.774558 5.554731 4.066544 4.066544 0.584103 1.607620 10.000000 0.000000 0.030000 0.194701 1.000000 -1.607620 -0.428025 -4.066544 -0.041208 -0.025488 -0.023144 0.004628 0.030000 0.054396 0.048541 0.039720
39.304298 2.000000 -0.295076 0.590355 -0.025730 0.093597 0.891471 -1.486559 -0.042640 -0.306940 -0.579341 0.032058 0.088587 -0.891111 -1.489364 0.038266 -3.264032 13.562781 5.511262 -3.700953 -15.734537 5.704372 4.073531 4.073531 0.576432 1.599949 10.000000 0.000000 0.030000 0.192144 1.000000 -1.599949 -0.432425 -4.073531 -0.041255 -0.025787 -0.022540 0.004629 0.030000 0.054392 0.048544 0.039720
39.341074 2.000000 -0.295052 0.590367 -0.025742 0.093573 0.891447 -1.486547 -0.042628 -0.306940 -0.579317 0.032058 0.088587 -0.891111 -1.489364 0.038266 -3.259639 13.731339 5.492546 -3.818988 -15.641774 5.609674 4.062798 4.062798 0.580137 1.603654 10.000000 0.000000 0.030000 0.193379 1.000000 -1.603654 -0.423648 -4.062798 -0.041014 -0.025963 -0.023281 0.004633 0.030000 0.054393 0.048543 0.039720
39.385417 2.000000 -0.295076 0.590367 -0.025742 0.093597 0.891459 -1.486559 -0.042640 -0.306928 -0.579341 0.032070 0.088575 -0.891111 -1.489364 0.038266 -3.281614 13.710719 5.402817 -3.850823 -15.876018 5.619109 4.063684 4.063684 0.586086 1.609603 10.000000 0.000000 0.030000 0.195362 1.000000 -1.609603 -0.420550 -4.063684 -0.041029 -0.025586 -0.023011 0.004630 0.030000 0.054392 0.048544 0.039720
39.429643 2.000000 -0.295064 0.590355 -0.025742 0.093585 0.891471 -1.486547 -0.042640 -0.306916 -0.579341 0.032046 0.088575 -0.891111 -1.489376 0.038266 -3.381500 13.791758 5.291235 -3.911624 -15.823641 5.530358 4.052822 4.052822 0.577310 1.600827 10.000000 0.000000 0.030000 0.192437 1.000000 -1.600827 -0.422086 -4.052822 -0.040266 -0.025183 -0.023575 0.004629 0.030000 0.054392 0.048549 0.039720
39.461033 2.000000 -0.295052 0.590367 -0.025742 0.093585 0.891471 -1.486559 -0.042640 -0.306940 -0.579341 0.032058 0.088575 -0.891099 -1.489364 0.038278 -3.302779 13.805255 5.467017 -3.902364 -15.762599 5.549864 4.057511 4.057511 0.598262 1.621780 10.000000 0.000000 0.030000 0.199421 1.000000 -1.621780 -0.426759 -4.057511 -0.040648 -0.025736 -0.023468 0.004629 0.030000 0.054397 0.048540 0.039720
39.507706 2.000000 -0.295064 0.590367 -0.025730 0.093585 0.891459 -1.486547 -0.042640 -0.306928 -0.579341 0.032058 0.088587 -0.891111 -1.489364 0.038278 -3.179577 13.858244 5.456873 -3.873282 -15.744958 5.527386 4.064067 4.064067 0.591126 1.614643 10.000000 0.000000 0.030000 0.197042 1.000000 -1.614643 -0.436366 -4.064067 -0.041146 -0.025993 -0.024387 0.004626 0.030000 0.054393 0.048547 0.039720
39.568550 2.000000 -0.295064 0.590367 -0.025742 0.093585 0.891459 -1.486559 -0.042640 -0.306940 -0.579341 0.032046 0.088575 -0.891111 -1.489352 0.038278 -3.253779 13.392708 5.329437 -3.865369 -15.744435 5.582137 4.063167 4.063167 0.588753 1.612270 10.000000 0.000000 0.030000 0.196251 1.000000 -1.612270 -0.429180 -4.063167 -0.041147 -0.025794 -0.023592 0.004628 0.030000 0.054393 0.048541 0.039720
39.617119 2.000000 -0.295064 0.590379 -0.025754 0.093585 0.891471 -1.486559 -0.042640 -0.306940 -0.579341 0.032046 0.088575 -0.891099 -1.489364 0.038278 -3.279615 13.717725 5.403484 -4.027349 -15.779897 5.721209 4.078253 4.078253 0.578514 1.602031 10.000000 0.000000 0.030000 0.192838 1.000000 -1.602031 -0.416196 -4.078253 -0.040651 -0.025890 -0.023020 0.004628 0.030000 0.054393 0.048541 0.039720
39.662202 2.000000 -0.295064 0.590367 -0.025742 0.093597 0.891471 -1.486547 -0.042640 -0.306940 -0.579341 0.032058 0.088587 -0.891123 -1.489376 0.038266 -3.318898 13.861861 5.344638 -3.937973 -15.813966 5.584282 4.067702 4.067702 0.576476 1.599993 10.000000 0.000000 0.030000 0.192159 1.000000 -1.599993 -0.435016 -4.067702 -0.040735 -0.025718 -0.023335 0.004628 0.030000 0.054396 0.048544 0.039720
39.709679 2.000000 -0.295052 0.590355 -0.025742 0.093585 0.891459 -1.486559 -0.042640 -0.306940 -0.579341 0.032058 0.088587 -0.891099 -1.489364 0.038266 -3.155871 13.761263 5.340744 -3.892223 -15.676168 5.518941 4.071969 4.071969 0.570197 1.593714 10.000000 0.000000 0.030000 0.190066 1.000000 -1.593714 -0.432814 -4.071969 -0.040552 -0.025926 -0.023562 0.004630 0.030000 0.054395 0.048543 0.039720
39.752041 2.000000 -0.295064 0.590343 -0.025730 0.093597 0.891471 -1.486547 -0.042640 -0.306928 -0.579341 0.032058 0.088587 -0.891111 -1.489364 0.038266 -3.071417 13.555158 5.548322 -3.873788 -15.889087 5.665089 4.064231 4.064231 0.590431 1.613948 10.000000 0.000000 0.030000 0.196810 1.000000 -1.613948 -0.434291 -4.064231 -0.040953 -0.025479 -0.024318 0.004629 0.030000 0.054395 0.048547 0.039720
39.807068 2.000000 -0.295040 0.590379 -0.025742 0.093561 0.891459 -1.486571 -0.042640 -0.306928 -0.579341 0.032058 0.088575 -0.891099 -1.489364 0.038266 -3.302606 13.629792 5.441401 -3.865356 -15.843195 5.625205 4.078429 4.078429 0.569084 1.592601 10.000000 0.000000 0.030000 0.189695 1.000000 -1.592601 -0.420224 -4.078429 -0.040478 -0.025964 -0.023139 0.004627 0.030000 0.054395 0.048544 0.039720
39.853374 2.000000 -0.295052 0.590379 -0.025718 0.093585 0.891471 -1.486559 -0.042652 -0.306928 -0.579341 0.032058 0.088575 -0.891099 -1.489376 0.038266 -3.364186 13.692988 5.349731 -3.773262 -15.720634 5.628997 4.063331 4.063331 0.592734 1.616252 10.000000 0.000000 0.030000 0.197578 1.000000 -1.616252 -0.427724 -4.063331 -0.040732 -0.025740 -0.022823 0.004623 0.030000 0.054399 0.048544 0.039720
39.926131 2.000000 -0.295064 0.590367 -0.025742 0.093585 0.891459 -1.486547 -0.042640 -0.306928 -0.579341 0.032046 0.088587 -0.891111 -1.489376 0.038242 -3.193234 13.636023 5.471892 -3.828840 -15.732972 5.547564 4.068261 4.068261 0.588557 1.612074 10.000000 0.000000 0.030000 0.196186 1.000000 -1.612074 -0.425817 -4.068261 -0.041376 -0.025988 -0.022404 0.004626 0.030000 0.054392 0.048549 0.039720
39.968937 2.000000 -0.295076 0.590367 -0.025742 0.093573 0.891459 -1.486559 -0.042640 -0.306940 -0.579317 0.032034 0.088563 -0.891099 -1.489364 0.038266 -3.244361 13.805317 5.464304 -3.809723 -15.718053 5.582164 4.050337 4.050337 0.598742 1.622259 10.000000 0.000000 0.030000 0.199581 1.000000 -1.622259 -0.431031 -4.050337 -0.040958 -0.025732 -0.023624 0.004633 0.030000 0.054387 0.048538 0.039720
40.028308 2.000000 -0.295076 0.590355 -0.025754 0.093585 0.891459 -1.486559 -0.042640 -0.306928 -0.579341 0.032046 0.088587 -0.891099 -1.489376 0.038266 -3.146693 13.708327 5.602833 -3.887384 -15.761269 5.503394 4.065756 4.065756 0.572507 1.596025 10.000000 0.000000 0.030000 0.190836 1.000000 -1.596025 -0.421110 -4.065756 -0.040031 -0.025760 -0.022270 0.004631 0.030000 0.054388 0.048548 0.039720
40.069278 2.000000 -0.295064 0.590367 -0.025754 0.093585 0.891471 -1.486547 -0.042652 -0.306928 -0.579329 0.032058 0.088563 -0.891099 -1.489376 0.038266 -3.339847 13.987882 5.351307 -3.965781 -15.784946 5.545955 4.055257 4.055257 0.591151 1.614668 10.000000 0.000000 0.030000 0.197050 1.000000 -1.614668 -0.432567 -4.055257 -0.040732 -0.025596 -0.023425 0.004633 0.030000 0.054392 0.048541 0.039720
40.112636 2.000000 -0.295064 0.590355 -0.025742 0.093573 0.891471 -1.486571 -0.042640 -0.306928 -0.579341 0.032046 0.088587 -0.891111 -1.489364 0.038266 -3.109379 13.938325 5.449204 -3.656528 -15.861159 5.762115 4.064605 4.064605 0.581488 1.605005 10.000000 0.000000 0.030000 0.193829 1.000000 -1.605005 -0.427765 -4.064605 -0.040366 -0.025577 -0.023364 0.004629 0.030000 0.054390 0.048548 0.039720
# 记录总帧数: 791
