# DIFR双臂协作搬运实验数据（力传感器版本，公式41 QP）
# 方法: DIFR (Dynamic Internal Force Regulation)
# 力传感器: 共享内存 6_axis_force_shm
# 时间: 2026-09-11 19:05:07.786876
# 阶段: MOVE=10.0s, GRASP=15.0s, TEST=15.0s
# QP参数: F_0=5.5, F_min=2.0, F_max=10.0, mu=0.3, m_object=1.0
# actuation_mode: ik
# action_offset_unit: m_total_closure
# ik_max_displacement_per_hand_m: 0.015
# 列: time phase(0=MOVE,1=GRASP,2=TEST) left_q(7) right_q(7) left_gmo_F(3) right_gmo_F(3) force_left_normal F_I_est(内力估计,N) F_E_corrected(TEST切向碰撞力,N) F_E_sensor_raw(N) F_I_des(期望内力) delta(滑动位移) action_offset(执行偏移) fc(摩擦锥裕度) difr_active force_left_6dof(6) actual_total_closure(m) closure_limit(m) left_joint_tracking_rmse(rad) right_joint_tracking_rmse(rad) sent_target_total_closure(m)
#================================================================================
0.003563 0.000000 0.110566 0.167012 -0.128087 1.057512 1.004949 -0.596239 -0.055259 0.209149 -0.029493 0.128974 0.983881 -0.980789 -1.083889 0.051880 -0.023485 0.092699 0.328911 -0.161069 0.041521 0.529219 0.026379 0.026379 0.000000 0.006402 5.500000 0.000000 0.000000 0.000000 0.000000 -0.006402 -0.004210 -0.026379 -0.000054 0.000170 -0.000332 nan 0.030000 0.000121 0.000109 nan
0.029637 0.000000 0.110531 0.167012 -0.128111 1.057524 1.004973 -0.596239 -0.055247 0.209137 -0.029493 0.128974 0.983869 -0.980789 -1.083889 0.051856 0.399800 0.838332 2.238198 -0.301835 -0.337401 4.429210 0.038853 0.038853 0.000000 0.022558 5.500000 0.000000 0.000000 0.000000 0.000000 -0.022558 -0.056472 -0.038853 -0.002109 -0.000479 0.000713 nan 0.030000 0.000133 0.000106 nan
0.059142 0.000000 0.110566 0.167012 -0.128111 1.057488 1.004985 -0.596239 -0.055271 0.209137 -0.029481 0.128974 0.983881 -0.980789 -1.083865 0.051868 0.564821 1.100191 3.433343 -0.535971 -0.613356 6.658135 0.017141 0.017141 0.000000 0.004436 5.500000 0.000000 0.000000 0.000000 0.000000 -0.004436 0.001211 -0.017141 -0.000388 0.000571 0.000312 nan 0.030000 0.000114 0.000117 nan
0.084802 0.000000 0.110519 0.167024 -0.128087 1.057512 1.004949 -0.596239 -0.055235 0.209137 -0.029493 0.128998 0.983881 -0.980801 -1.083865 0.051880 0.887773 1.286619 3.988301 -0.630959 -0.765988 7.909990 0.028416 0.028416 0.000000 -0.009991 5.500000 0.000000 0.000000 0.000000 0.000000 0.009991 -0.001344 -0.028416 -0.000371 0.000005 0.000644 nan 0.030000 0.000134 0.000114 nan
0.116340 0.000000 0.110542 0.167012 -0.128123 1.057512 1.004973 -0.596239 -0.055235 0.209137 -0.029493 0.128974 0.983881 -0.980861 -1.083865 0.051868 0.781402 1.569945 4.330711 -0.713646 -0.734111 8.808961 0.004209 0.004209 0.000000 0.005258 5.500000 0.000000 0.000000 0.000000 0.000000 -0.005258 -0.002781 -0.004209 -0.000395 0.000083 -0.000056 nan 0.030000 0.000129 0.000120 nan
0.148274 0.000000 0.110554 0.167012 -0.128111 1.057488 1.004973 -0.596251 -0.055235 0.209137 -0.029493 0.128986 0.983881 -0.980789 -1.083853 0.051868 0.826144 1.497215 4.686429 -0.662860 -0.767315 9.209503 0.015197 0.015197 0.000000 -0.007821 5.500000 0.000000 0.000000 0.000000 0.000000 0.007821 -0.001243 -0.015197 -0.000081 0.000343 0.000580 nan 0.030000 0.000122 0.000127 nan
0.168878 0.000000 0.110554 0.167012 -0.128111 1.057512 1.004961 -0.596239 -0.055235 0.209149 -0.029481 0.128986 0.983881 -0.980801 -1.083865 0.051880 0.898732 1.504381 4.739282 -0.826099 -0.791542 9.434234 0.012952 0.012952 0.000000 0.005482 5.500000 0.000000 0.000000 0.000000 0.000000 -0.005482 0.004746 -0.012952 0.000474 0.000292 0.000663 nan 0.030000 0.000133 0.000134 nan
0.187663 0.000000 0.110542 0.167012 -0.128111 1.057512 1.004961 -0.596251 -0.055247 0.209137 -0.029493 0.128986 0.983869 -0.980777 -1.083841 0.051880 0.688877 1.694835 4.952430 -0.711089 -0.761069 9.442441 0.038445 0.038445 0.000000 0.003194 5.500000 0.000000 0.000000 0.000000 0.000000 -0.003194 -0.001422 -0.038445 -0.000008 0.000378 0.000528 nan 0.030000 0.000140 0.000141 nan
0.207899 0.000000 0.110339 0.166701 -0.128123 1.057572 1.005045 -0.594130 -0.055235 0.209125 -0.029517 0.128974 0.983881 -0.980813 -1.083865 0.051880 0.514449 1.738566 5.952454 -0.766452 -0.776363 9.502951 0.012037 0.012037 0.000000 0.011282 5.500000 0.000000 0.000000 0.000000 0.000000 -0.011282 0.005410 -0.012037 -0.000334 0.000493 0.000458 nan 0.030000 0.000862 0.000142 nan
0.232327 0.000000 0.110363 0.166641 -0.128099 1.057596 1.004985 -0.593842 -0.055235 0.209137 -0.029493 0.129010 0.983881 -0.980777 -1.083865 0.051880 0.086997 1.715538 6.966832 -0.598055 -0.755213 9.644872 0.008206 0.008206 0.000000 -0.004905 5.500000 0.000000 0.000000 0.000000 0.000000 0.004905 0.001995 -0.008206 0.000331 0.000279 0.000539 nan 0.030000 0.000983 0.000163 nan
0.255413 0.000000 0.110207 0.166497 -0.128075 1.057668 1.004997 -0.593495 -0.055235 0.209137 -0.029481 0.128962 0.983893 -0.980789 -1.083853 0.051880 -0.064269 1.595636 7.465654 -0.703334 -0.836682 9.658712 0.010564 0.010564 0.000000 0.010718 5.500000 0.000000 0.000000 0.000000 0.000000 -0.010718 -0.000430 -0.010564 -0.000050 0.000219 0.000218 nan 0.030000 0.001148 0.000189 nan
0.275462 0.000000 0.110231 0.166533 -0.128087 1.057692 1.004949 -0.593459 -0.055247 0.209149 -0.029517 0.128974 0.983893 -0.980825 -1.083865 0.051880 -0.085382 1.779518 7.731197 -0.823916 -0.813392 9.645055 0.021525 0.021525 0.000000 -0.006965 5.500000 0.000000 0.000000 0.000000 0.000000 0.006965 0.000128 -0.021525 0.000460 0.000012 0.000471 nan 0.030000 0.001175 0.000198 nan
0.303272 0.000000 0.110159 0.166533 -0.128087 1.057716 1.004985 -0.593411 -0.055235 0.209137 -0.029493 0.128962 0.983893 -0.980849 -1.083841 0.051868 -0.118089 1.769393 8.125422 -0.641048 -0.825668 9.644087 0.024586 0.024586 0.000000 -0.007696 5.500000 0.000000 0.000000 0.000000 0.000000 0.007696 -0.015642 -0.024586 -0.000082 -0.000015 0.000527 nan 0.030000 0.001225 0.000238 nan
0.323799 0.000000 0.110099 0.166461 -0.128099 1.057788 1.004997 -0.593375 -0.055247 0.209137 -0.029493 0.128962 0.983893 -0.980693 -1.083853 0.051880 -0.073069 1.711740 8.179609 -0.566157 -0.665772 9.694829 0.021074 0.021074 0.000000 -0.000954 5.500000 0.000000 0.000000 0.000000 0.000000 0.000954 -0.001382 -0.021074 0.000172 0.000248 0.000367 nan 0.030000 0.001277 0.000265 nan
0.352477 0.000000 0.110075 0.166461 -0.128111 1.057824 1.005021 -0.593363 -0.055247 0.209137 -0.029481 0.128986 0.983893 -0.980777 -1.083865 0.051868 -0.209794 1.715258 8.201809 -0.714604 -0.874235 9.700564 0.007323 0.007323 0.000000 0.003817 5.500000 0.000000 0.000000 0.000000 0.000000 -0.003817 -0.003277 -0.007323 -0.000117 0.000579 0.000289 nan 0.030000 0.001326 0.000307 nan
0.384457 0.000000 0.110087 0.166461 -0.128099 1.057872 1.005009 -0.593327 -0.055235 0.209137 -0.029493 0.128950 0.983893 -0.980789 -1.083877 0.051880 -0.186443 1.774016 8.191701 -0.767482 -0.780779 9.808727 0.025250 0.025250 0.000000 0.002701 5.500000 0.000000 0.000000 0.000000 0.000000 -0.002701 -0.006847 -0.025250 -0.000275 -0.000030 0.000198 nan 0.030000 0.001398 0.000361 nan
0.416881 0.000000 0.110087 0.166449 -0.128111 1.057860 1.004997 -0.593303 -0.055247 0.209113 -0.029493 0.128986 0.983905 -0.980801 -1.083865 0.051868 -0.099559 1.701247 8.054956 -0.773313 -0.870878 9.673588 0.032424 0.032424 0.000000 0.017026 5.500000 0.000000 0.000000 0.000000 0.000000 -0.017026 -0.005444 -0.032424 0.000131 0.000795 -0.000625 nan 0.030000 0.001472 0.000434 nan
0.453396 0.000000 0.110099 0.166449 -0.128099 1.057872 1.004997 -0.593327 -0.055235 0.209125 -0.029493 0.128986 0.983917 -0.980729 -1.083853 0.051856 -0.184880 1.839380 8.160632 -0.800593 -0.973153 10.001878 0.029223 0.029223 0.000000 -0.000047 5.500000 0.000000 0.000000 0.000000 0.000000 0.000047 -0.007378 -0.029223 -0.000636 -0.000019 -0.000398 nan 0.030000 0.001555 0.000534 nan
0.491570 0.000000 0.110063 0.166449 -0.128099 1.057884 1.004985 -0.593303 -0.055235 0.209125 -0.029493 0.128986 0.983917 -0.980729 -1.083841 0.051868 -0.284292 1.824296 8.048645 -0.637518 -0.953864 9.731732 0.028424 0.028424 0.000000 0.010181 5.500000 0.000000 0.000000 0.000000 0.000000 -0.010181 -0.003022 -0.028424 -0.000260 0.000423 0.000338 nan 0.030000 0.001679 0.000651 nan
0.522427 0.000000 0.110063 0.166449 -0.128087 1.057884 1.004997 -0.593303 -0.055235 0.209125 -0.029481 0.128962 0.983917 -0.980777 -1.083841 0.051880 -0.193306 1.744743 8.123789 -0.692846 -0.778943 9.609143 0.032722 0.032722 0.000000 0.007266 5.500000 0.000000 0.000000 0.000000 0.000000 -0.007266 -0.005491 -0.032722 -0.000040 0.000235 -0.000157 nan 0.030000 0.001786 0.000760 nan
0.563009 0.000000 0.110063 0.166437 -0.128075 1.057884 1.004997 -0.593303 -0.055259 0.209125 -0.029493 0.128974 0.983905 -0.980777 -1.083853 0.051868 -0.253276 1.786968 8.036840 -0.752067 -0.741741 9.808663 0.022770 0.022770 0.000000 0.014819 5.500000 0.000000 0.000000 0.000000 0.000000 -0.014819 -0.006291 -0.022770 -0.000032 0.000247 0.000046 nan 0.030000 0.001952 0.000914 nan
0.600942 0.000000 0.110027 0.166425 -0.128087 1.057907 1.004961 -0.593291 -0.055235 0.209125 -0.029481 0.128974 0.983917 -0.980789 -1.083841 0.051856 -0.354952 1.792197 8.133272 -0.734915 -0.893237 9.714669 0.009687 0.009687 0.000000 0.004062 5.500000 0.000000 0.000000 0.000000 0.000000 -0.004062 -0.003030 -0.009687 0.000192 0.000022 0.000475 nan 0.030000 0.002139 0.001092 nan
0.667192 0.000000 0.110027 0.166425 -0.128087 1.057907 1.004949 -0.593303 -0.055235 0.209137 -0.029493 0.128986 0.983917 -0.980753 -1.083865 0.051880 0.063053 1.697164 7.830647 -0.585405 -0.825945 9.526246 0.008941 0.008941 0.000000 -0.008314 5.500000 0.000000 0.000000 0.000000 0.000000 0.008314 -0.007511 -0.008941 0.000038 -0.000145 0.000259 nan 0.030000 0.002512 0.001441 nan
0.729805 0.000000 0.109967 0.166425 -0.128075 1.057931 1.004973 -0.593291 -0.055235 0.209125 -0.029493 0.128962 0.983929 -0.980753 -1.083841 0.051892 -0.230457 1.784170 7.989697 -0.632445 -0.678481 9.728142 0.017737 0.017737 0.000000 -0.001646 5.500000 0.000000 0.000000 0.000000 0.000000 0.001646 -0.007719 -0.017737 -0.000092 0.000160 -0.000192 nan 0.030000 0.002954 0.001845 nan
0.766304 0.000000 0.109967 0.166449 -0.128087 1.057920 1.004949 -0.593291 -0.055235 0.209137 -0.029493 0.128950 0.983929 -0.980765 -1.083841 0.051868 -0.225247 1.692333 7.882452 -0.506265 -0.875622 9.688369 0.011854 0.011854 0.000000 -0.010195 5.500000 0.000000 0.000000 0.000000 0.000000 0.010195 0.001813 -0.011854 0.000341 0.000500 0.000182 nan 0.030000 0.003241 0.002110 nan
0.820263 0.000000 0.109919 0.166425 -0.128063 1.057967 1.004925 -0.593291 -0.055235 0.209125 -0.029469 0.128926 0.983929 -0.980717 -1.083853 0.051868 -0.054450 1.763959 7.686615 -0.953366 -0.850788 9.762758 -0.005265 0.000000 0.000000 -0.002418 5.500000 0.000000 0.000000 0.000000 0.000000 0.002418 -0.012931 0.005265 -0.000054 0.000224 -0.000497 nan 0.030000 0.003734 0.002545 nan
0.871224 0.000000 0.109895 0.166437 -0.128063 1.057967 1.004961 -0.593303 -0.055235 0.209113 -0.029469 0.128926 0.983929 -0.980741 -1.083841 0.051880 -0.307387 1.776088 7.931234 -0.507990 -0.671774 9.353563 -0.009733 0.000000 0.000000 -0.008800 5.500000 0.000000 0.000000 0.000000 0.000000 0.008800 -0.017988 0.009733 0.000095 0.000533 -0.000307 nan 0.030000 0.004248 0.003007 nan
0.908145 0.000000 0.109919 0.166425 -0.128087 1.057979 1.004949 -0.593291 -0.055235 0.209113 -0.029481 0.128914 0.983953 -0.980705 -1.083841 0.051880 -0.107430 1.612109 7.627300 -0.870510 -0.716045 9.656420 -0.003445 0.000000 0.000000 0.002359 5.500000 0.000000 0.000000 0.000000 0.000000 -0.002359 -0.018023 0.003445 -0.000162 0.000083 -0.000934 nan 0.030000 0.004672 0.003378 nan
0.935647 0.000000 0.109919 0.166425 -0.128075 1.057979 1.004865 -0.593327 -0.055235 0.209137 -0.029493 0.128854 0.983917 -0.980729 -1.083853 0.051880 0.103611 1.785026 7.397544 -0.831965 -0.726721 9.504650 -0.031141 0.000000 0.000000 0.002019 5.500000 0.000000 0.000000 0.000000 0.000000 -0.002019 -0.034489 0.031141 0.000471 0.000119 -0.001952 nan 0.030000 0.004991 0.003659 nan
0.975200 0.000000 0.109919 0.166425 -0.128063 1.058003 1.004865 -0.593339 -0.055235 0.209113 -0.029481 0.128866 0.983929 -0.980705 -1.083865 0.051868 0.123739 1.762497 7.083584 -0.760671 -0.520739 9.255740 -0.023912 0.000000 0.000000 -0.008120 5.500000 0.000000 0.000000 0.000000 0.000000 0.008120 -0.021417 0.023912 0.000476 0.000472 -0.001814 nan 0.030000 0.005501 0.004106 nan
1.009029 0.000000 0.109919 0.166425 -0.128063 1.057979 1.004877 -0.593327 -0.055235 0.209113 -0.029493 0.128866 0.983929 -0.980669 -1.083829 0.051868 0.196587 1.806199 7.003998 -0.644275 -0.627496 9.252161 -0.021800 0.000000 0.000000 -0.013048 5.500000 0.000000 0.000000 0.000000 0.000000 0.013048 -0.008343 0.021800 0.000174 0.000180 -0.001303 nan 0.030000 0.005965 0.004518 nan
1.054972 0.000000 0.109943 0.166425 -0.128063 1.058003 1.004817 -0.593339 -0.055235 0.209125 -0.029481 0.128866 0.983929 -0.980657 -1.083865 0.051880 -0.053816 1.720105 6.830185 -0.777130 -0.612430 9.320422 -0.030292 0.000000 0.000000 0.007713 5.500000 0.000000 0.000000 0.000000 0.000000 -0.007713 -0.019387 0.030292 -0.000208 0.000076 -0.001577 nan 0.030000 0.006649 0.005114 nan
1.094699 0.000000 0.109752 0.166449 -0.128063 1.057979 1.004829 -0.593375 -0.055235 0.209125 -0.029469 0.128794 0.983929 -0.980621 -1.083865 0.051868 0.148164 1.654384 6.181648 -0.876551 -0.598412 9.216982 -0.017784 0.000000 0.000000 0.010731 5.500000 0.000000 0.000000 0.000000 0.000000 -0.010731 -0.022437 0.017784 0.000495 0.000251 -0.002532 nan 0.030000 0.007248 0.005667 nan
1.133139 0.000000 0.109692 0.166449 -0.128063 1.057967 1.004817 -0.593387 -0.055223 0.209113 -0.029481 0.128818 0.983917 -0.980633 -1.083865 0.051856 0.293736 1.768139 5.715847 -0.761765 -0.547339 8.952523 -0.022720 0.000000 0.000000 0.007175 5.500000 0.000000 0.000000 0.000000 0.000000 -0.007175 -0.026518 0.022720 0.000084 0.000279 -0.001922 nan 0.030000 0.007890 0.006232 nan
1.176127 0.000000 0.109656 0.166449 -0.128087 1.057979 1.004793 -0.593411 -0.055235 0.209125 -0.029493 0.128794 0.983929 -0.980609 -1.083865 0.051856 0.195177 1.575483 5.719309 -0.737322 -0.518541 8.944890 -0.030992 0.000000 0.000000 0.005909 5.500000 0.000000 0.000000 0.000000 0.000000 -0.005909 -0.007617 0.030992 0.000223 0.000612 -0.001944 nan 0.030000 0.008662 0.006915 nan
1.221076 0.000000 0.109404 0.166461 -0.128087 1.057931 1.004769 -0.593543 -0.055223 0.209077 -0.029505 0.128771 0.983893 -0.980549 -1.083889 0.051880 0.301581 1.620837 5.063253 -0.611382 -0.370630 8.695259 -0.009752 0.000000 0.000000 0.014936 5.500000 0.000000 0.000000 0.000000 0.000000 -0.014936 -0.011669 0.009752 0.000837 0.000239 -0.002338 nan 0.030000 0.009461 0.007650 nan
1.273749 0.000000 0.109368 0.166461 -0.128063 1.057920 1.004745 -0.593555 -0.055223 0.209089 -0.029517 0.128771 0.983881 -0.980513 -1.083877 0.051868 0.368963 1.663162 4.776654 -0.980174 -0.533117 8.658285 0.013353 0.013353 0.000000 0.028810 5.500000 0.000000 0.000000 0.000000 0.000000 -0.028810 0.003103 -0.013353 0.001207 0.000663 -0.003034 nan 0.030000 0.010544 0.008601 nan
1.312973 0.000000 0.109212 0.166509 -0.128027 1.057860 1.004757 -0.593818 -0.055247 0.208969 -0.029577 0.128771 0.983857 -0.980453 -1.083901 0.051892 0.571055 1.675570 3.920237 -0.655018 0.115023 7.931757 0.006502 0.006502 0.000000 0.052350 5.500000 0.000000 0.000000 0.000000 0.000000 -0.052350 -0.011199 -0.006502 0.000879 0.000552 -0.004255 nan 0.030000 0.011309 0.009316 nan
1.402443 0.000000 0.109164 0.166569 -0.128027 1.057860 1.004722 -0.593998 -0.055223 0.208933 -0.029565 0.128759 0.983857 -0.980561 -1.083913 0.051868 0.744572 1.427563 2.663427 -0.712278 0.122683 6.945344 0.004123 0.004123 0.000000 0.041611 5.500000 0.000000 0.000000 0.000000 0.000000 -0.041611 -0.002739 -0.004123 0.001366 0.000625 -0.003662 nan 0.030000 0.013401 0.011183 nan
1.459682 0.000000 0.108565 0.166677 -0.128004 1.057668 1.004709 -0.594993 -0.055211 0.208849 -0.029625 0.128794 0.983797 -0.980406 -1.083973 0.051880 0.934672 1.580034 1.701299 -0.516345 0.617371 6.561119 0.018734 0.018734 0.000000 0.075454 5.500000 0.000000 0.000000 0.000000 0.000000 -0.075454 -0.016766 -0.018734 0.001382 0.000450 -0.005702 nan 0.030000 0.014541 0.012442 nan
1.499414 0.000000 0.108517 0.166689 -0.127992 1.057632 1.004674 -0.595101 -0.055187 0.208801 -0.029625 0.128771 0.983773 -0.980394 -1.083985 0.051880 1.179887 1.596387 1.551624 -0.550675 0.358259 6.718726 0.016150 0.016150 0.000000 0.079026 5.500000 0.000000 0.000000 0.000000 0.000000 -0.079026 -0.013476 -0.016150 0.001097 0.000630 -0.005741 nan 0.030000 0.015601 0.013385 nan
1.529863 0.000000 0.108457 0.166689 -0.127992 1.057632 1.004709 -0.595173 -0.055199 0.208777 -0.029625 0.128771 0.983773 -0.980429 -1.083985 0.051880 0.951646 1.537304 1.559844 -0.666127 0.539301 6.599019 0.001536 0.001536 0.000000 0.050138 5.500000 0.000000 0.000000 0.000000 0.000000 -0.050138 0.017454 -0.001536 0.001905 0.000898 -0.005700 nan 0.030000 0.016458 0.014146 nan
1.565420 0.000000 0.108373 0.166701 -0.127992 1.057584 1.004698 -0.595173 -0.055199 0.208777 -0.029625 0.128771 0.983773 -0.980441 -1.083973 0.051868 0.941119 1.519166 1.679967 -0.612407 0.521519 6.547925 0.013079 0.013079 0.000000 0.053201 5.500000 0.000000 0.000000 0.000000 0.000000 -0.053201 -0.000916 -0.013079 0.001376 0.000866 -0.005015 nan 0.030000 0.017499 0.015072 nan
1.599905 0.000000 0.106743 0.166976 -0.127968 1.056937 1.004614 -0.596563 -0.055175 0.208370 -0.029793 0.128806 0.983629 -0.980525 -1.084069 0.051856 1.436528 1.313894 -0.257000 -0.721998 0.945641 5.969895 0.005627 0.005627 0.000000 0.067867 5.500000 0.000000 0.000000 0.000000 0.000000 -0.067867 0.016600 -0.005627 0.002085 0.000663 -0.006205 nan 0.030000 0.017878 0.015860 nan
1.655778 0.000000 0.106636 0.167000 -0.127956 1.056829 1.004614 -0.596802 -0.055175 0.208370 -0.029805 0.128806 0.983629 -0.980501 -1.084057 0.051868 1.621800 1.048066 -1.300222 -0.615333 1.285103 4.846464 0.026192 0.026192 0.000000 0.072404 5.500000 0.000000 0.000000 0.000000 0.000000 -0.072404 0.016786 -0.026192 0.002346 0.000738 -0.006211 nan 0.030000 0.019593 0.017437 nan
1.687240 0.000000 0.106528 0.167012 -0.127980 1.056793 1.004626 -0.597042 -0.055163 0.208358 -0.029805 0.128806 0.983605 -0.980489 -1.084069 0.051868 1.329856 1.305475 -1.276790 -0.580741 1.290513 4.819579 0.014299 0.014299 0.000000 0.041964 5.500000 0.000000 0.000000 0.000000 0.000000 -0.041964 0.017549 -0.014299 0.001736 0.000736 -0.005280 nan 0.030000 0.020582 0.018354 nan
1.733877 0.000000 0.106252 0.167348 -0.127896 1.056278 1.004614 -0.599966 -0.055151 0.208010 -0.030140 0.128806 0.983354 -0.980525 -1.084141 0.051868 1.296792 1.097465 -1.934592 -0.721705 1.490209 3.934317 0.007488 0.007488 0.000000 0.043718 5.500000 0.000000 0.000000 0.000000 0.000000 -0.043718 0.008505 -0.007488 0.001955 0.000739 -0.004215 nan 0.030000 0.021346 0.019593 nan
1.774057 0.000000 0.106252 0.167396 -0.127920 1.056194 1.004626 -0.600362 -0.055151 0.207926 -0.030200 0.128794 0.983354 -0.980549 -1.084141 0.051856 1.391670 1.146676 -2.295319 -0.497299 1.678054 3.632362 0.030845 0.030845 0.000000 0.119900 5.500000 0.000000 0.000000 0.000000 0.000000 -0.119900 0.020716 -0.030845 0.002756 0.000720 -0.009615 nan 0.030000 0.022701 0.020848 nan
1.828072 0.000000 0.106264 0.167408 -0.127896 1.056170 1.004602 -0.600769 -0.055151 0.207878 -0.030272 0.128830 0.983318 -0.980513 -1.084129 0.051868 1.318646 1.144086 -2.035473 -0.450659 1.861927 3.273220 0.026902 0.026902 0.000000 0.109497 5.500000 0.000000 0.000000 0.000000 0.000000 -0.109497 0.029491 -0.026902 0.003201 0.001363 -0.008659 nan 0.030000 0.024662 0.022612 nan
1.881698 0.000000 0.106240 0.167432 -0.127896 1.056134 1.004590 -0.601069 -0.055163 0.207842 -0.030284 0.128818 0.983294 -0.980525 -1.084141 0.051868 1.273908 1.006339 -2.167200 -0.936175 1.718315 3.493908 0.042623 0.042623 0.000000 0.103313 5.500000 0.000000 0.000000 0.000000 0.000000 -0.103313 -0.001227 -0.042623 0.001946 0.000792 -0.006340 nan 0.030000 0.026721 0.024459 nan
1.925826 0.000000 0.106228 0.167779 -0.127848 1.055487 1.004638 -0.604520 -0.055151 0.205553 -0.030752 0.128818 0.982718 -0.980561 -1.084321 0.051868 1.445710 1.046326 -3.446537 1.003224 2.429650 2.060285 0.077270 0.077270 0.000000 0.195065 5.500000 0.000000 0.000000 0.000000 0.000000 -0.195065 0.045404 -0.077270 0.003776 0.001928 -0.008081 nan 0.030000 0.027589 0.025430 nan
1.964153 0.000000 0.106228 0.167863 -0.127824 1.055259 1.004626 -0.605096 -0.055151 0.204439 -0.030883 0.128806 0.982647 -0.980549 -1.084345 0.051868 1.358645 0.946254 -3.375522 0.642602 2.523977 1.342656 0.030933 0.030933 0.000000 0.070702 5.500000 0.000000 0.000000 0.000000 0.000000 -0.070702 0.020748 -0.030933 0.002667 0.001016 -0.007513 nan 0.030000 0.029040 0.026642 nan
2.003450 0.000000 0.106252 0.167947 -0.127836 1.055127 1.004626 -0.605779 -0.055151 0.203252 -0.031123 0.128806 0.982395 -0.980525 -1.084429 0.051868 1.129567 0.819885 -3.485902 0.306196 2.626578 1.132121 0.044801 0.044801 0.000000 0.100719 5.500000 0.000000 0.000000 0.000000 0.000000 -0.100719 0.025253 -0.044801 0.002933 0.001224 -0.008434 nan 0.030000 0.030591 0.027852 nan
2.034280 0.000000 0.106276 0.168678 -0.127105 1.053977 1.004638 -0.609638 -0.055115 0.199669 -0.035162 0.128771 0.980477 -0.980657 -1.085459 0.051868 1.253609 0.702098 -4.842547 -0.842212 2.381998 0.578162 0.073070 0.073070 0.000000 0.148273 5.500000 0.000000 0.000000 0.000000 0.000000 -0.148273 0.025142 -0.073070 0.003231 0.001782 -0.007599 nan 0.030000 0.030774 0.027240 nan
2.061898 0.000000 0.106312 0.168702 -0.127129 1.053953 1.004638 -0.609817 -0.055115 0.199609 -0.035377 0.128771 0.980429 -0.980657 -1.085603 0.051868 1.127592 0.624680 -5.330958 -0.371281 2.537200 0.207171 0.058020 0.058020 0.000000 0.121718 5.500000 0.000000 0.000000 0.000000 0.000000 -0.121718 0.027755 -0.058020 0.002462 0.001260 -0.007615 nan 0.030000 0.032012 0.028276 nan
2.096029 0.000000 0.106276 0.168810 -0.126997 1.053845 1.004626 -0.610261 -0.055115 0.199525 -0.035701 0.128759 0.980178 -0.980657 -1.085783 0.051868 1.533425 0.698327 -6.267386 0.008107 2.636279 -0.209384 0.042887 0.042887 0.000000 0.126688 5.500000 0.000000 0.000000 0.000000 0.000000 -0.126688 0.021895 -0.042887 0.002974 0.001007 -0.008730 nan 0.030000 0.033487 0.029523 nan
2.146126 0.000000 0.106456 0.170236 -0.126769 1.051556 1.004698 -0.617871 -0.055079 0.197884 -0.039943 0.128687 0.975648 -0.980597 -1.086933 0.051856 1.317156 0.285037 -7.286473 0.349268 3.022215 -0.715911 0.084085 0.084085 0.000000 0.169086 5.500000 0.000000 0.000000 0.000000 0.000000 -0.169086 0.057338 -0.084085 0.004344 0.001905 -0.010545 nan 0.030000 0.033659 0.029356 nan
2.179368 0.000000 0.106468 0.170248 -0.126757 1.051412 1.004674 -0.618110 -0.055079 0.197872 -0.040111 0.128663 0.975049 -0.980609 -1.087005 0.051856 1.102909 0.299097 -7.635011 0.153850 2.907633 -0.737188 0.065142 0.065142 0.000000 0.097018 5.500000 0.000000 0.000000 0.000000 0.000000 -0.097018 0.067312 -0.065142 0.004599 0.002105 -0.007464 nan 0.030000 0.035233 0.030603 nan
2.220379 0.000000 0.106468 0.170260 -0.126769 1.051256 1.004674 -0.618350 -0.055079 0.197776 -0.040291 0.128651 0.974186 -0.980621 -1.087053 0.051856 1.192640 0.213461 -8.030282 0.270825 2.947259 -0.951378 0.100443 0.100443 0.000000 0.159731 5.500000 0.000000 0.000000 0.000000 0.000000 -0.159731 0.054021 -0.100443 0.004992 0.002127 -0.011991 nan 0.030000 0.037243 0.032151 nan
2.283014 0.000000 0.106504 0.173004 -0.126721 1.041034 1.004590 -0.626164 -0.055032 0.191244 -0.041238 0.128375 0.968409 -0.980561 -1.089234 0.051844 0.379911 0.623747 -4.683763 0.795227 3.947221 -2.439405 0.066442 0.066442 0.000000 0.133676 5.500000 0.000000 0.000000 0.000000 0.000000 -0.133676 0.003264 -0.066442 0.003005 0.000891 -0.010456 nan 0.030000 0.036024 0.032029 nan
2.326095 0.000000 0.106492 0.173376 -0.126709 1.039955 1.004614 -0.626224 -0.055056 0.191148 -0.041382 0.128363 0.967522 -0.980525 -1.089306 0.051844 -0.035240 0.485077 -4.702692 0.626885 3.624862 -2.311256 0.049775 0.049775 0.000000 0.130255 5.500000 0.000000 0.000000 0.000000 0.000000 -0.130255 0.072563 -0.049775 0.004599 0.001354 -0.011771 nan 0.030000 0.038043 0.033795 nan
2.368804 0.000000 0.106432 0.173675 -0.126697 1.038853 1.004626 -0.626248 -0.055032 0.191148 -0.041537 0.128351 0.966252 -0.980537 -1.089366 0.051832 0.014496 0.125391 -4.673148 0.635873 3.595387 -1.976483 0.060008 0.060008 0.000000 0.124264 5.500000 0.000000 0.000000 0.000000 0.000000 -0.124264 0.036075 -0.060008 0.003887 0.001480 -0.012932 nan 0.030000 0.040109 0.035512 nan
2.420365 0.000000 0.104754 0.175257 -0.126362 1.031986 1.004410 -0.635487 -0.054972 0.189135 -0.045276 0.127620 0.960608 -0.980513 -1.091451 0.051796 -0.810981 -0.172593 -5.440517 0.344449 3.585176 -3.959404 0.130982 0.130982 0.000000 0.253960 5.500000 0.000000 0.000000 0.000000 0.000000 -0.253960 0.048872 -0.130982 0.005534 0.002115 -0.017598 nan 0.030000 0.039072 0.035376 nan
2.457963 0.000000 0.104622 0.175245 -0.126326 1.031782 1.004410 -0.636314 -0.054936 0.188883 -0.046031 0.127584 0.960428 -0.980501 -1.091667 0.051772 -0.239260 -0.306957 -5.863661 0.826078 3.820977 -4.256356 0.130884 0.130884 0.000000 0.273797 5.500000 0.000000 0.000000 0.000000 0.000000 -0.273797 0.072902 -0.130884 0.005701 0.003330 -0.011771 nan 0.030000 0.041060 0.037081 nan
2.491574 0.000000 0.103076 0.176336 -0.126182 1.028270 1.004314 -0.644536 -0.054924 0.186475 -0.054229 0.123533 0.955970 -0.980441 -1.098798 0.051784 -0.198265 -0.285616 -6.385531 0.505587 3.560227 -3.315400 0.042833 0.042833 0.000000 0.102455 5.500000 0.000000 0.000000 0.000000 0.000000 -0.102455 0.066854 -0.042833 0.004291 0.001174 -0.011990 nan 0.030000 0.040286 0.034899 nan
2.531778 0.000000 0.102633 0.176516 -0.126170 1.027755 1.004266 -0.645051 -0.054936 0.186067 -0.054744 0.122431 0.955059 -0.980429 -1.099277 0.051772 -0.020259 -0.288397 -6.849995 0.428214 3.091081 -2.926093 0.067241 0.067241 0.000000 0.118951 5.500000 0.000000 0.000000 0.000000 0.000000 -0.118951 0.041382 -0.067241 0.004488 0.002162 -0.008937 nan 0.030000 0.042418 0.036571 nan
2.570258 0.000000 0.102405 0.176731 -0.126170 1.027072 1.004278 -0.645638 -0.054912 0.185887 -0.055044 0.121951 0.953932 -0.980441 -1.099577 0.051760 -0.429105 -0.515741 -6.470449 -0.163896 2.830166 -2.405493 0.156341 0.156341 0.000000 0.271169 5.500000 0.000000 0.000000 0.000000 0.000000 -0.271169 0.066739 -0.156341 0.005415 0.003458 -0.012834 nan 0.030000 0.044471 0.038246 nan
2.605285 0.000000 0.097516 0.178074 -0.126002 1.012727 1.003942 -0.650600 -0.054852 0.179560 -0.059586 0.121376 0.948480 -0.980214 -1.105844 0.051748 0.176951 -0.830229 -6.559686 -0.064800 3.460245 -2.691353 0.143666 0.143666 0.000000 0.252091 5.500000 0.000000 0.000000 0.000000 0.000000 -0.252091 0.047758 -0.143666 0.005837 0.002652 -0.015746 nan 0.030000 0.041188 0.036182 nan
2.646169 0.000000 0.097192 0.178074 -0.125966 1.012595 1.003919 -0.651103 -0.054840 0.179296 -0.059634 0.121376 0.948348 -0.980226 -1.105916 0.051760 0.010103 -0.812494 -6.248967 0.121630 3.269783 -2.664587 0.095471 0.095471 0.000000 0.155539 5.500000 0.000000 0.000000 0.000000 0.000000 -0.155539 0.092277 -0.095471 0.005776 0.002114 -0.011627 nan 0.030000 0.043660 0.038413 nan
2.691417 0.000000 0.096581 0.178110 -0.125918 1.012200 1.003966 -0.652098 -0.054852 0.178841 -0.059801 0.121352 0.947940 -0.980214 -1.106012 0.051748 -0.056284 -1.008468 -6.848874 0.314672 3.325937 -3.459378 0.130956 0.130956 0.000000 0.202992 5.500000 0.000000 0.000000 0.000000 0.000000 -0.202992 0.019482 -0.130956 0.004454 0.002520 -0.013122 nan 0.030000 0.046275 0.040817 nan
2.749139 0.000000 0.095119 0.178936 -0.125595 1.009419 1.003595 -0.662476 -0.054804 0.175557 -0.060424 0.121244 0.932756 -0.980166 -1.108421 0.051712 -0.606991 -1.327732 -8.593996 0.031208 3.649295 -1.368202 0.175222 0.175222 0.000000 0.330911 5.500000 0.000000 0.000000 0.000000 0.000000 -0.330911 0.040892 -0.175222 0.006750 0.002983 -0.020972 nan 0.030000 0.047198 0.039195 nan
2.802724 0.000000 0.095131 0.179128 -0.125595 1.009012 1.003583 -0.663255 -0.054792 0.175173 -0.060592 0.121232 0.931138 -0.980118 -1.108697 0.051712 -0.083955 -1.483129 -9.098802 0.345508 3.664275 -1.562320 0.205766 0.205766 0.000000 0.386663 5.500000 0.000000 0.000000 0.000000 0.000000 -0.386663 0.033218 -0.205766 0.006689 0.003608 -0.022515 nan 0.030000 0.050645 0.041924 nan
2.871509 0.000000 0.095107 0.179488 -0.125595 1.008640 1.003547 -0.664022 -0.054804 0.173999 -0.060712 0.121208 0.929952 -0.980118 -1.109068 0.051676 -0.238131 -1.349175 -8.895363 0.686751 4.081187 -2.480331 0.164550 0.164550 0.000000 0.279948 5.500000 0.000000 0.000000 0.000000 0.000000 -0.279948 0.033775 -0.164550 0.005843 0.002616 -0.018095 nan 0.030000 0.055101 0.045672 nan
2.933417 0.000000 0.095059 0.184425 -0.125439 0.993708 1.003199 -0.671212 -0.054744 0.170212 -0.061275 0.121005 0.922318 -0.980022 -1.111812 0.051676 -1.059813 -0.936057 -5.426888 -0.156319 5.035858 -4.022484 0.171691 0.171691 0.000000 0.357990 5.500000 0.000000 0.000000 0.000000 0.000000 -0.357990 0.093497 -0.171691 0.007964 0.003856 -0.021899 nan 0.030000 0.053962 0.046609 nan
2.983304 0.000000 0.094891 0.185264 -0.125259 0.992198 1.003116 -0.672818 -0.054732 0.169864 -0.061371 0.120993 0.922078 -0.980058 -1.112124 0.051652 -1.815887 -0.835456 -4.037275 0.150785 5.182531 -4.242044 0.166368 0.166368 0.000000 0.425818 5.500000 0.000000 0.000000 0.000000 0.000000 -0.425818 0.071914 -0.166368 0.007246 0.004653 -0.020965 nan 0.030000 0.057005 0.049725 nan
3.024974 0.000000 0.094675 0.185744 -0.125211 0.991419 1.003092 -0.673873 -0.054720 0.169709 -0.061431 0.120981 0.921898 -0.980058 -1.112376 0.051640 -1.880808 -0.864660 -3.535014 0.062713 5.310055 -3.984587 0.075207 0.075207 0.000000 0.148541 5.500000 0.000000 0.000000 0.000000 0.000000 -0.148541 0.060481 -0.075207 0.005249 0.002935 -0.011634 nan 0.030000 0.059697 0.052409 nan
3.066680 0.000000 0.094400 0.186570 -0.125223 0.990808 1.003068 -0.675012 -0.054732 0.169457 -0.061479 0.120957 0.921743 -0.980034 -1.112568 0.051640 -2.185187 -0.765523 -3.319150 0.283607 5.306318 -4.105735 0.160814 0.160814 0.000000 0.282795 5.500000 0.000000 0.000000 0.000000 0.000000 -0.282795 0.018335 -0.160814 0.004698 0.003734 -0.013129 nan 0.030000 0.062419 0.055139 nan
3.127070 0.000000 0.087617 0.198447 -0.124001 0.987896 1.002852 -0.685833 -0.054684 0.167623 -0.065038 0.120741 0.918339 -0.980046 -1.117913 0.051604 -0.832684 0.199963 -7.831932 -0.702840 4.794013 -3.739272 0.110286 0.110286 0.000000 0.193753 5.500000 0.000000 0.000000 0.000000 0.000000 -0.193753 0.041940 -0.110286 0.005384 0.003364 -0.012745 nan 0.030000 0.061779 0.056855 nan
3.177170 0.000000 0.087509 0.199358 -0.123665 0.986805 1.002756 -0.686480 -0.054684 0.167611 -0.066117 0.120801 0.917237 -0.980046 -1.118703 0.051592 -1.734125 0.057872 -6.689343 -1.193727 4.909271 -3.718576 0.137289 0.137289 0.000000 0.261749 5.500000 0.000000 0.000000 0.000000 0.000000 -0.261749 0.077246 -0.137289 0.007314 0.003651 -0.019806 nan 0.030000 0.065377 0.059844 nan
3.225451 0.000000 0.085064 0.202438 -0.121532 0.971813 1.002229 -0.696475 -0.054600 0.157617 -0.086466 0.119339 0.905085 -0.979902 -1.126901 0.051556 -0.912655 -0.689447 -6.691168 0.897617 3.078745 -2.432396 0.135233 0.135233 0.000000 0.269043 5.500000 0.000000 0.000000 0.000000 0.000000 -0.269043 0.019813 -0.135233 0.005434 0.003238 -0.017327 nan 0.030000 0.062783 0.054142 nan
3.301391 0.000000 0.083997 0.202701 -0.121364 0.971501 1.002205 -0.697590 -0.054636 0.155807 -0.087545 0.119183 0.903035 -0.979914 -1.127596 0.051556 -0.492704 0.026330 -7.868335 -0.212526 2.912754 -2.202369 0.209754 0.209754 0.000000 0.382310 5.500000 0.000000 0.000000 0.000000 0.000000 -0.382310 -0.001016 -0.209754 0.006427 0.004182 -0.021477 nan 0.030000 0.067391 0.057999 nan
3.357281 0.000000 0.083386 0.203013 -0.121340 0.970962 1.002169 -0.698848 -0.054624 0.154800 -0.088144 0.119171 0.901178 -0.979854 -1.128135 0.051556 -1.294052 0.001444 -6.746304 -0.288178 2.789676 -1.914932 0.244038 0.244038 0.000000 0.529604 5.500000 0.000000 0.000000 0.000000 0.000000 -0.529604 0.002782 -0.244038 0.007781 0.004829 -0.028737 nan 0.030000 0.071601 0.061438 nan
3.425708 0.000000 0.076963 0.208010 -0.119495 0.953177 1.000911 -0.714224 -0.054516 0.143415 -0.089870 0.119063 0.884268 -0.979722 -1.133300 0.051484 -1.481786 -0.291881 -4.481774 0.039195 4.015132 -3.595252 0.212290 0.212290 0.000000 0.373778 5.500000 0.000000 0.000000 0.000000 0.000000 -0.373778 0.085143 -0.212290 0.008482 0.005112 -0.024638 nan 0.030000 0.067489 0.058918 nan
3.480986 0.000000 0.076196 0.208166 -0.119411 0.952890 1.000851 -0.714547 -0.054528 0.142912 -0.090109 0.119051 0.884208 -0.979734 -1.133504 0.051460 -1.128479 -0.069722 -5.013821 0.713977 3.902733 -3.218970 0.195968 0.195968 0.000000 0.477741 5.500000 0.000000 0.000000 0.000000 0.000000 -0.477741 0.116242 -0.195968 0.010402 0.005020 -0.033170 nan 0.030000 0.071952 0.063073 nan
3.524925 0.000000 0.075716 0.208298 -0.119291 0.952818 1.000851 -0.714679 -0.054516 0.142588 -0.090277 0.119039 0.884196 -0.979734 -1.133600 0.051472 -0.876019 -0.065211 -5.458872 0.722086 3.886843 -3.150121 0.251726 0.251726 0.000000 0.457586 5.500000 0.000000 0.000000 0.000000 0.000000 -0.457586 -0.005043 -0.251726 0.006812 0.004602 -0.023248 nan 0.030000 0.076329 0.066859 nan
3.578495 0.000000 0.067423 0.216807 -0.117409 0.933020 0.999796 -0.735520 -0.054432 0.137926 -0.100967 0.117949 0.871577 -0.979746 -1.145776 0.051376 -0.449885 -0.109268 -6.508718 0.310770 3.684041 -4.173307 0.258053 0.258053 0.000000 0.491988 5.500000 0.000000 0.000000 0.000000 0.000000 -0.491988 0.027701 -0.258053 0.008202 0.005036 -0.027380 nan 0.030000 0.069681 0.063806 nan
3.626163 0.000000 0.066536 0.217538 -0.117026 0.931402 0.999616 -0.737030 -0.054420 0.136824 -0.102106 0.117949 0.869959 -0.979758 -1.147094 0.051364 -0.986449 -0.260580 -6.543875 -0.529648 4.069374 -3.576436 0.237076 0.237076 0.000000 0.472438 5.500000 0.000000 0.000000 0.000000 0.000000 -0.472438 0.062402 -0.237076 0.009532 0.006037 -0.028121 nan 0.030000 0.073352 0.066942 nan
3.667617 0.000000 0.057380 0.220462 -0.109883 0.912299 0.995482 -0.755030 -0.054384 0.123354 -0.108817 0.117266 0.843737 -0.979543 -1.154416 0.051257 -1.356796 -0.641309 -6.743058 -0.116992 5.084542 -3.629975 0.158721 0.158721 0.000000 0.356443 5.500000 0.000000 0.000000 0.000000 0.000000 -0.356443 0.057064 -0.158721 0.006400 0.005672 -0.016236 nan 0.030000 0.067395 0.059418 nan
3.703339 0.000000 0.057093 0.220917 -0.109859 0.911173 0.995110 -0.756960 -0.054372 0.122563 -0.109428 0.117278 0.843018 -0.979531 -1.155627 0.051257 -1.294772 -0.859374 -6.416432 -0.252772 5.062865 -3.331187 0.149899 0.149899 0.000000 0.311334 5.500000 0.000000 0.000000 0.000000 0.000000 -0.311334 0.084635 -0.149899 0.008102 0.005162 -0.019239 nan 0.030000 0.070581 0.061783 nan
3.745591 0.000000 0.056925 0.221421 -0.109835 0.909327 0.994463 -0.758422 -0.054360 0.121196 -0.110279 0.117278 0.842563 -0.979507 -1.156789 0.051257 -1.612689 -0.538573 -5.802701 0.036065 4.885294 -3.610609 0.258971 0.258971 0.000000 0.441130 5.500000 0.000000 0.000000 0.000000 0.000000 -0.441130 0.012891 -0.258971 0.007678 0.005775 -0.022442 nan 0.030000 0.073982 0.064647 nan
3.792610 0.000000 0.055751 0.233189 -0.109248 0.896660 0.992114 -0.774097 -0.054336 0.111142 -0.125786 0.115168 0.832640 -0.979411 -1.164903 0.051125 -2.764432 1.034222 -4.497816 -0.284304 3.836633 -2.757387 0.226085 0.226085 0.000000 0.427562 5.500000 0.000000 0.000000 0.000000 0.000000 -0.427562 0.000166 -0.226085 0.007511 0.005562 -0.024813 nan 0.030000 0.070744 0.060703 nan
3.846407 0.000000 0.055391 0.235298 -0.109200 0.894970 0.991958 -0.774936 -0.054336 0.110483 -0.127021 0.114341 0.831262 -0.979363 -1.166736 0.051125 -2.617602 0.628374 -4.153314 -0.325649 3.564322 -2.896064 0.250941 0.250941 0.000000 0.478571 5.500000 0.000000 0.000000 0.000000 0.000000 -0.478571 0.099213 -0.250941 0.009669 0.006793 -0.023550 nan 0.030000 0.074663 0.064220 nan
3.877500 0.000000 0.042975 0.246348 -0.107822 0.873614 0.989537 -0.795801 -0.054253 0.101614 -0.133456 0.112819 0.804225 -0.978943 -1.178025 0.051029 -1.305529 -0.919251 -4.014610 0.234830 4.451926 -2.109261 0.119055 0.119055 0.000000 0.281290 5.500000 0.000000 0.000000 0.000000 0.000000 -0.281290 0.065500 -0.119055 0.007834 0.004752 -0.022155 nan 0.030000 0.065501 0.056036 nan
3.914903 0.000000 0.041597 0.246516 -0.107714 0.872440 0.989202 -0.797490 -0.054241 0.100188 -0.134235 0.112796 0.803387 -0.978596 -1.178708 0.050993 -1.646489 -0.359842 -4.356492 0.229691 4.523631 -2.453478 0.155108 0.155108 0.000000 0.329364 5.500000 0.000000 0.000000 0.000000 0.000000 -0.329364 0.002162 -0.155108 0.006018 0.005325 -0.018632 nan 0.030000 0.068254 0.058534 nan
3.946414 0.000000 0.040555 0.246587 -0.107630 0.872092 0.988986 -0.798737 -0.054229 0.099205 -0.134679 0.112784 0.803351 -0.978476 -1.178912 0.050993 -1.869549 0.024444 -4.411098 0.262750 4.805931 -3.171019 0.309427 0.309427 0.000000 0.675474 5.500000 0.000000 0.000000 0.000000 0.000000 -0.675474 0.086200 -0.309427 0.010439 0.008548 -0.030379 nan 0.030000 0.070824 0.060954 nan
3.982235 0.000000 0.038997 0.246659 -0.107570 0.871816 0.988986 -0.799851 -0.054253 0.097647 -0.135422 0.112772 0.803315 -0.978488 -1.178924 0.050993 -1.618368 -0.045885 -4.771229 0.619720 4.897683 -3.559637 0.281204 0.281204 0.000000 0.479112 5.500000 0.000000 0.000000 0.000000 0.000000 -0.479112 0.076291 -0.281204 0.009710 0.007806 -0.024325 nan 0.030000 0.073807 0.063645 nan
4.018966 0.000000 0.028007 0.248888 -0.107139 0.855698 0.988003 -0.815167 -0.054157 0.087353 -0.143200 0.108277 0.790779 -0.978033 -1.186774 0.050921 -1.331105 -0.067232 -5.552314 -0.242748 4.801513 -2.616444 0.167074 0.167074 0.000000 0.332254 5.500000 0.000000 0.000000 0.000000 0.000000 -0.332254 0.093056 -0.167074 0.008912 0.006487 -0.021855 nan 0.030000 0.068410 0.059406 nan
4.059361 0.000000 0.026737 0.249152 -0.107043 0.855458 0.987968 -0.815766 -0.054193 0.086730 -0.143799 0.108265 0.789988 -0.977961 -1.187361 0.050933 -0.248509 -0.247596 -5.986528 0.312743 4.675786 -2.855542 0.207806 0.207806 0.000000 0.423012 5.500000 0.000000 0.000000 0.000000 0.000000 -0.423012 0.026509 -0.207806 0.008007 0.005826 -0.026365 nan 0.030000 0.072033 0.062470 nan
4.111998 0.000000 0.025263 0.249739 -0.106947 0.854799 0.987848 -0.817696 -0.054157 0.086107 -0.144662 0.108325 0.788011 -0.977997 -1.188248 0.050909 0.988893 -0.403918 -8.365550 0.320646 4.995788 -4.140164 0.176498 0.176498 0.000000 0.323576 5.500000 0.000000 0.000000 0.000000 0.000000 -0.323576 0.032274 -0.176498 0.007359 0.005341 -0.022218 nan 0.030000 0.076032 0.066117 nan
4.164404 0.000000 0.020301 0.257146 -0.104526 0.833599 0.986913 -0.836535 -0.054121 0.081864 -0.155675 0.108062 0.767362 -0.977338 -1.196936 0.050837 -0.734488 -0.744834 -5.526525 -0.392956 3.685034 -2.072322 0.195782 0.195782 0.000000 0.357721 5.500000 0.000000 0.000000 0.000000 0.000000 -0.357721 0.154766 -0.195782 0.011409 0.007799 -0.021845 nan 0.030000 0.070269 0.061855 nan
4.239672 0.000000 0.018995 0.257253 -0.103975 0.833311 0.986781 -0.838225 -0.054085 0.080798 -0.157341 0.108050 0.766643 -0.977266 -1.197284 0.050849 -0.279112 -0.567247 -5.965771 -0.583807 3.399203 -2.071167 0.251916 0.251916 0.000000 0.593730 5.500000 0.000000 0.000000 0.000000 0.000000 -0.593730 0.034539 -0.251916 0.009490 0.006880 -0.034304 nan 0.030000 0.075087 0.066777 nan
4.292538 0.000000 0.018156 0.257337 -0.103628 0.833251 0.986721 -0.839423 -0.054085 0.079791 -0.158563 0.108038 0.766463 -0.977278 -1.197392 0.050849 -0.339843 -0.414914 -5.778017 -0.156816 3.402773 -2.216043 0.110523 0.110523 0.000000 0.349536 5.500000 0.000000 0.000000 0.000000 0.000000 -0.349536 0.065215 -0.110523 0.007993 0.005890 -0.024802 nan 0.030000 0.079551 0.070927 nan
4.338696 0.000000 0.017137 0.260669 -0.102669 0.816126 0.986410 -0.849550 -0.054037 0.069568 -0.169121 0.107271 0.759428 -0.974306 -1.200556 0.050801 -1.400284 -0.619161 -6.526390 0.190492 4.308846 -4.428977 0.149524 0.149524 0.000000 0.450994 5.500000 0.000000 0.000000 0.000000 0.000000 -0.450994 0.060051 -0.149524 0.009197 0.006297 -0.031895 nan 0.030000 0.077607 0.069266 nan
4.380028 0.000000 0.017125 0.260956 -0.102561 0.815359 0.986374 -0.851204 -0.054037 0.069401 -0.169517 0.107271 0.758661 -0.973982 -1.201011 0.050789 -1.377389 -0.760519 -6.761259 0.059487 4.642647 -5.485892 0.254559 0.254559 0.000000 0.520476 5.500000 0.000000 0.000000 0.000000 0.000000 -0.520476 0.076324 -0.254559 0.008522 0.008881 -0.020282 nan 0.030000 0.081625 0.072946 nan
4.448872 0.000000 0.017042 0.262059 -0.102477 0.813549 0.985978 -0.855266 -0.054013 0.068718 -0.170583 0.107283 0.755641 -0.972772 -1.202581 0.050765 -2.842563 -0.567905 -4.972416 -0.156554 3.984831 -3.326633 0.262367 0.262367 0.000000 0.599145 5.500000 0.000000 0.000000 0.000000 0.000000 -0.599145 0.041237 -0.262367 0.010304 0.008534 -0.031900 nan 0.030000 0.085629 0.077067 nan
4.516860 0.000000 0.010103 0.277351 -0.100044 0.793236 0.982491 -0.876323 -0.053929 0.057608 -0.176755 0.107019 0.731062 -0.970351 -1.216842 0.050717 0.493994 0.456972 -7.485729 0.678731 5.177371 -3.874667 0.258882 0.258882 0.000000 0.639339 5.500000 0.000000 0.000000 0.000000 0.000000 -0.639339 -0.024061 -0.258882 0.008969 0.007649 -0.033914 nan 0.030000 0.078972 0.071593 nan
4.568066 0.000000 0.008772 0.278394 -0.099565 0.792517 0.982395 -0.878312 -0.053929 0.056458 -0.177426 0.107019 0.729719 -0.970375 -1.217346 0.050705 -1.709325 0.526142 -6.325281 -0.471899 5.026013 -3.077076 0.313938 0.313938 0.000000 0.702769 5.500000 0.000000 0.000000 0.000000 0.000000 -0.702769 -0.025974 -0.313938 0.008680 0.008083 -0.035208 nan 0.030000 0.082864 0.075436 nan
4.615958 0.000000 0.007622 0.279616 -0.099493 0.791258 0.982299 -0.880014 -0.053929 0.055151 -0.178074 0.106995 0.728102 -0.970375 -1.217837 0.050705 -1.849447 0.606126 -6.036281 0.132221 5.302771 -3.206815 0.240500 0.240500 0.000000 0.562392 5.500000 0.000000 0.000000 0.000000 0.000000 -0.562392 0.017489 -0.240500 0.009168 0.007243 -0.031976 nan 0.030000 0.086627 0.079025 nan
4.677081 0.000000 -0.003128 0.285764 -0.098462 0.774205 0.980933 -0.894167 -0.053881 0.044749 -0.185744 0.106324 0.718862 -0.969847 -1.223709 0.050657 -1.274822 -0.474871 -6.518876 -0.386947 4.290716 -4.040058 0.233996 0.233996 0.000000 0.457368 5.500000 0.000000 0.000000 0.000000 0.000000 -0.457368 -0.003690 -0.233996 0.007792 0.007043 -0.026420 nan 0.030000 0.082344 0.077877 nan
4.725147 0.000000 -0.003847 0.285728 -0.098438 0.774061 0.980909 -0.894862 -0.053869 0.044509 -0.186522 0.106324 0.717855 -0.969835 -1.223985 0.050657 -0.768762 -0.082237 -6.059810 0.002016 4.680652 -3.856251 0.267619 0.267619 0.000000 0.503758 5.500000 0.000000 0.000000 0.000000 0.000000 -0.503758 -0.078791 -0.267619 0.006031 0.006538 -0.023935 nan 0.030000 0.086804 0.081845 nan
4.780121 0.000000 -0.013542 0.291277 -0.097887 0.755258 0.979543 -0.916685 -0.053749 0.036360 -0.204798 0.100356 0.695792 -0.969164 -1.238666 0.050597 -0.561902 -0.112703 -6.560530 -0.294087 3.798446 -2.587545 0.290089 0.290089 0.000000 0.638538 5.500000 0.000000 0.000000 0.000000 0.000000 -0.638538 0.028873 -0.290089 0.008080 0.008653 -0.026042 nan 0.030000 0.080925 0.074673 nan
4.840698 0.000000 -0.014525 0.291960 -0.097743 0.754934 0.979519 -0.918123 -0.053749 0.035377 -0.205781 0.100296 0.694246 -0.969068 -1.239097 0.050597 -0.784598 -0.574303 -7.330173 -0.672272 3.820854 -2.795835 0.240427 0.240427 0.000000 0.571448 5.500000 0.000000 0.000000 0.000000 0.000000 -0.571448 0.000109 -0.240427 0.008954 0.007590 -0.032043 nan 0.030000 0.085437 0.078974 nan
4.883126 0.000000 -0.015364 0.292607 -0.097588 0.754587 0.979495 -0.919454 -0.053749 0.034359 -0.206560 0.100260 0.692892 -0.968973 -1.239385 0.050561 -0.739545 -0.756976 -7.000858 -0.477182 3.759146 -2.742906 0.171330 0.171330 0.000000 0.410638 5.500000 0.000000 0.000000 0.000000 0.000000 -0.410638 0.026593 -0.171330 0.007773 0.006664 -0.023814 nan 0.030000 0.089440 0.082405 nan
4.935704 0.000000 -0.016802 0.293458 -0.097276 0.753928 0.979399 -0.921036 -0.053749 0.033005 -0.207699 0.099936 0.691130 -0.968865 -1.239648 0.050585 0.485461 -0.741018 -8.590961 -0.287371 3.920866 -4.307153 0.255649 0.255649 0.000000 0.509186 5.500000 0.000000 0.000000 0.000000 0.000000 -0.509186 -0.077329 -0.255649 0.006923 0.006977 -0.027349 nan 0.030000 0.093505 0.086150 nan
4.985970 0.000000 -0.024939 0.302326 -0.091296 0.727634 0.978464 -0.942823 -0.053593 0.013890 -0.216219 0.098570 0.671320 -0.964203 -1.250218 0.050466 -1.738557 -0.484369 -7.089764 -0.303918 6.040845 -4.050958 0.267773 0.267773 0.000000 0.589140 5.500000 0.000000 0.000000 0.000000 0.000000 -0.589140 -0.050201 -0.267773 0.007838 0.007911 -0.031144 nan 0.030000 0.085415 0.079338 nan
5.036632 0.000000 -0.025466 0.302829 -0.091296 0.727251 0.978452 -0.943446 -0.053569 0.013866 -0.216219 0.098570 0.669151 -0.964119 -1.250698 0.050454 -0.935536 -0.279850 -6.960169 -0.166134 5.200732 -3.228423 0.273804 0.273804 0.000000 0.657447 5.500000 0.000000 0.000000 0.000000 0.000000 -0.657447 -0.043461 -0.273804 0.009375 0.008274 -0.035797 nan 0.030000 0.089858 0.083340 nan
5.078267 0.000000 -0.025934 0.303309 -0.091224 0.727095 0.978452 -0.943674 -0.053581 0.013842 -0.216231 0.098594 0.667809 -0.964095 -1.251093 0.050442 -0.746965 -0.062920 -6.885607 -0.147165 5.053177 -2.705812 0.241566 0.241566 0.000000 0.501411 5.500000 0.000000 0.000000 0.000000 0.000000 -0.501411 0.019503 -0.241566 0.008011 0.008929 -0.021668 nan 0.030000 0.094166 0.087062 nan
5.117647 0.000000 -0.035437 0.319523 -0.090025 0.705152 0.977302 -0.967498 -0.053306 0.001210 -0.233872 0.098331 0.646873 -0.962753 -1.266637 0.050238 -0.417765 -0.437441 -6.107915 1.658087 3.531597 -3.963418 0.284495 0.284495 0.000000 0.458016 5.500000 0.000000 0.000000 0.000000 0.000000 -0.458016 0.090903 -0.284495 0.010857 0.010405 -0.020498 nan 0.030000 0.085433 0.078781 nan
5.186114 0.000000 -0.036756 0.320015 -0.090002 0.704756 0.977254 -0.968098 -0.053270 -0.000455 -0.235921 0.098163 0.646873 -0.962693 -1.266649 0.050238 -1.522106 0.092606 -6.486796 1.282447 4.255172 -5.049029 0.273600 0.273600 0.000000 0.638835 5.500000 0.000000 0.000000 0.000000 0.000000 -0.638835 -0.055691 -0.273600 0.008226 0.008315 -0.033693 nan 0.030000 0.090268 0.083586 nan
5.218252 0.000000 -0.037798 0.320290 -0.090037 0.704565 0.977242 -0.968409 -0.053270 -0.001546 -0.237132 0.097827 0.646861 -0.962693 -1.266661 0.050238 -1.151910 -0.221999 -6.874732 1.391687 3.996838 -4.923058 0.212292 0.212292 0.000000 0.260269 5.500000 0.000000 0.000000 0.000000 0.000000 -0.260269 -0.119349 -0.212292 0.003156 0.005658 -0.010944 nan 0.030000 0.094165 0.086723 nan
5.282966 0.000000 -0.050106 0.328452 -0.088827 0.685761 0.976247 -0.983521 -0.052707 -0.012332 -0.251058 0.087053 0.632743 -0.961554 -1.280467 0.048992 -0.000102 -0.230445 -7.833226 0.603251 4.493629 -5.478573 0.314562 0.314562 0.000000 0.730843 5.500000 0.000000 0.000000 0.000000 0.000000 -0.730843 -0.001153 -0.314562 0.011313 0.009751 -0.038833 nan 0.030000 0.088914 0.081957 nan
5.330001 0.000000 -0.051005 0.328967 -0.088707 0.684575 0.976139 -0.985103 -0.052671 -0.012763 -0.251525 0.086766 0.631545 -0.961566 -1.280982 0.048908 -0.515094 -0.262991 -7.650720 0.263047 4.177233 -5.524147 0.167536 0.167536 0.000000 0.426646 5.500000 0.000000 0.000000 0.000000 0.000000 -0.426646 -0.072694 -0.167536 0.006197 0.006464 -0.024931 nan 0.030000 0.092808 0.085790 nan
5.397810 0.000000 -0.052143 0.329722 -0.088659 0.682837 0.976079 -0.987824 -0.052623 -0.013291 -0.252064 0.086454 0.629232 -0.961554 -1.281773 0.048800 -1.485587 -0.564897 -6.658367 0.047499 3.726256 -3.895648 0.279679 0.279679 0.000000 0.686822 5.500000 0.000000 0.000000 0.000000 0.000000 -0.686822 -0.053350 -0.279679 0.009481 0.009149 -0.036393 nan 0.030000 0.096945 0.090361 nan
5.447116 0.000000 -0.066824 0.335127 -0.086694 0.659480 0.972388 -1.012607 -0.051496 -0.030572 -0.258799 0.084549 0.604400 -0.959865 -1.294069 0.045492 -0.631149 -1.434746 -7.896333 0.670348 5.111005 -4.308045 0.262632 0.262632 0.000000 0.525503 5.500000 0.000000 0.000000 0.000000 0.000000 -0.525503 -0.090141 -0.262632 0.006702 0.008159 -0.024784 nan 0.030000 0.088231 0.082724 nan
5.511654 0.000000 -0.067998 0.335403 -0.086610 0.658689 0.972100 -1.014609 -0.051364 -0.032297 -0.259243 0.084453 0.603430 -0.959853 -1.295722 0.044929 0.251035 -1.561044 -8.402780 1.423929 5.946068 -5.079729 0.286818 0.286818 0.000000 0.626968 5.500000 0.000000 0.000000 0.000000 0.000000 -0.626968 -0.088395 -0.286818 0.008566 0.009076 -0.031589 nan 0.030000 0.092632 0.087114 nan
5.548103 0.000000 -0.068574 0.335510 -0.086562 0.658473 0.972088 -1.015339 -0.051257 -0.033124 -0.259375 0.084417 0.603082 -0.959793 -1.296130 0.044677 0.070856 -1.558583 -8.080823 1.684385 5.555311 -4.918812 0.335081 0.335081 0.000000 0.680164 5.500000 0.000000 0.000000 0.000000 0.000000 -0.680164 -0.082322 -0.335081 0.008028 0.009744 -0.027388 nan 0.030000 0.096654 0.090554 nan
5.583741 0.000000 -0.076399 0.346895 -0.085867 0.638675 0.970542 -1.037450 -0.050454 -0.045312 -0.277447 0.083985 0.578562 -0.959457 -1.307072 0.041897 0.242249 -0.586785 -7.647214 -0.082174 3.343024 -3.895362 0.323435 0.323435 0.000000 0.765309 5.500000 0.000000 0.000000 0.000000 0.000000 -0.765309 -0.078189 -0.323435 0.008675 0.009668 -0.036979 nan 0.030000 0.089511 0.081638 nan
5.620564 0.000000 -0.077334 0.347950 -0.085867 0.638484 0.970363 -1.039056 -0.050430 -0.045888 -0.279101 0.083674 0.576945 -0.959421 -1.307791 0.041837 -0.171120 -0.727662 -8.251021 0.252051 3.500752 -3.415835 0.199060 0.199060 0.000000 0.425809 5.500000 0.000000 0.000000 0.000000 0.000000 -0.425809 -0.109670 -0.199060 0.005276 0.007388 -0.019343 nan 0.030000 0.093181 0.084529 nan
5.651314 0.000000 -0.078317 0.349196 -0.085855 0.638304 0.970219 -1.039907 -0.050382 -0.046679 -0.280575 0.083123 0.575782 -0.959337 -1.308270 0.041777 0.011931 -0.581629 -8.472083 0.386726 3.377678 -3.409053 0.210951 0.210951 0.000000 0.542874 5.500000 0.000000 0.000000 0.000000 0.000000 -0.542874 -0.046225 -0.210951 0.008513 0.008715 -0.028292 nan 0.030000 0.096790 0.087218 nan
5.695786 0.000000 -0.093010 0.365974 -0.078664 0.616528 0.968194 -1.061814 -0.049099 -0.062965 -0.294045 0.079300 0.557506 -0.957767 -1.324700 0.040591 1.216120 -1.142817 -8.830226 0.784079 5.864018 -4.086782 0.362716 0.362716 0.000000 0.723670 5.500000 0.000000 0.000000 0.000000 0.000000 -0.723670 -0.162694 -0.362716 0.007880 0.009452 -0.034692 nan 0.030000 0.087104 0.079483 nan
5.752913 0.000000 -0.094687 0.366310 -0.078640 0.616205 0.968134 -1.062414 -0.048992 -0.064032 -0.294069 0.079300 0.556116 -0.957695 -1.325431 0.040543 2.578540 -0.277681 -9.829205 0.978208 5.069570 -4.482391 0.317270 0.317270 0.000000 0.541451 5.500000 0.000000 0.000000 0.000000 0.000000 -0.541451 -0.146164 -0.317270 0.006195 0.007911 -0.025492 nan 0.030000 0.091492 0.083618 nan
5.805426 0.000000 -0.096209 0.366466 -0.078629 0.615869 0.968110 -1.062701 -0.048896 -0.064835 -0.294057 0.079300 0.555061 -0.957540 -1.325563 0.040483 2.771772 -0.126093 -9.614495 0.969599 4.734828 -4.416553 0.141274 0.141274 0.000000 0.384468 5.500000 0.000000 0.000000 0.000000 0.000000 -0.384468 -0.066921 -0.141274 0.006093 0.006706 -0.021017 nan 0.030000 0.095859 0.087707 nan
5.853089 0.000000 -0.104958 0.372206 -0.077107 0.589648 0.966959 -1.086490 -0.046882 -0.075608 -0.301415 0.078832 0.528564 -0.951260 -1.336061 0.039416 -0.202549 -0.765575 -8.919804 0.743829 4.476298 -3.770796 0.329486 0.329486 0.000000 0.612364 5.500000 0.000000 0.000000 0.000000 0.000000 -0.612364 -0.017119 -0.329486 0.010390 0.010573 -0.026655 nan 0.030000 0.087679 0.080894 nan
5.899678 0.000000 -0.105090 0.372470 -0.077035 0.588030 0.966947 -1.087556 -0.046834 -0.077154 -0.302494 0.078832 0.528432 -0.950984 -1.336816 0.039368 -0.247530 -1.002137 -8.048018 0.820859 5.002691 -4.241326 0.204919 0.204919 0.000000 0.613211 5.500000 0.000000 0.000000 0.000000 0.000000 -0.613211 -0.075787 -0.204919 0.007741 0.008306 -0.032926 nan 0.030000 0.091639 0.084453 nan
5.936101 0.000000 -0.105138 0.372554 -0.077023 0.587071 0.966911 -1.088096 -0.046774 -0.078101 -0.303201 0.078808 0.528432 -0.950948 -1.337212 0.039344 -0.276088 -1.265689 -7.847045 1.172312 5.020745 -3.946731 0.343849 0.343849 0.000000 0.641902 5.500000 0.000000 0.000000 0.000000 0.000000 -0.641902 -0.034537 -0.343849 0.009625 0.011524 -0.025639 nan 0.030000 0.095590 0.087775 nan
5.981764 0.000000 -0.111453 0.376916 -0.073451 0.573960 0.965509 -1.105497 -0.045276 -0.094028 -0.325204 0.076304 0.513177 -0.950025 -1.348489 0.038649 1.240398 -0.789012 -9.854288 1.086148 4.308738 -4.460363 0.276583 0.276583 0.000000 0.678770 5.500000 0.000000 0.000000 0.000000 0.000000 -0.678770 -0.048934 -0.276583 0.010448 0.010206 -0.036966 nan 0.030000 0.092053 0.080012 nan
6.027751 0.000000 -0.111969 0.377587 -0.073272 0.573241 0.965329 -1.106947 -0.045145 -0.094532 -0.326055 0.075932 0.511846 -0.949942 -1.349196 0.038565 0.787620 -1.262811 -9.942889 0.635840 4.351795 -4.505730 0.305789 0.305789 0.000000 0.604015 5.500000 0.000000 0.000000 0.000000 0.000000 -0.604015 -0.202219 -0.305789 0.005586 0.008557 -0.025944 nan 0.030000 0.095975 0.083479 nan
6.080528 0.000000 -0.112484 0.378366 -0.073200 0.571875 0.965293 -1.108409 -0.045025 -0.094939 -0.326846 0.075441 0.509641 -0.949930 -1.350035 0.038469 0.081220 -1.465403 -9.725760 0.345446 3.999434 -4.108895 0.451499 0.451499 0.000000 0.714338 5.500000 0.000000 0.000000 0.000000 0.000000 -0.714338 -0.205018 -0.451499 0.006598 0.010341 -0.028919 nan 0.030000 0.099937 0.087039 nan
6.125630 0.000000 -0.113299 0.379457 -0.073080 0.570413 0.965269 -1.110243 -0.044845 -0.095526 -0.327912 0.075009 0.507292 -0.949870 -1.351149 0.038350 0.051900 -1.171996 -9.198443 -0.020050 3.911685 -3.531249 0.326861 0.326861 0.000000 0.791046 5.500000 0.000000 0.000000 0.000000 0.000000 -0.791046 -0.109579 -0.326861 0.007216 0.010449 -0.029191 nan 0.030000 0.103493 0.090086 nan
6.195476 0.000000 -0.128027 0.398152 -0.068957 0.547200 0.961027 -1.132833 -0.042568 -0.108194 -0.336265 0.073919 0.485924 -0.948899 -1.362319 0.036720 1.830984 1.046950 -7.726305 1.192983 5.735560 -4.117446 0.407172 0.407172 0.000000 0.747737 5.500000 0.000000 0.000000 0.000000 0.000000 -0.747737 -0.238062 -0.407172 0.002719 0.010529 -0.023518 nan 0.030000 0.093715 0.084885 nan
6.250436 0.000000 -0.128986 0.399039 -0.068861 0.545834 0.960835 -1.134115 -0.042496 -0.108733 -0.336457 0.073919 0.485157 -0.948863 -1.363182 0.036660 0.958363 0.817229 -7.781622 1.135072 5.311573 -4.074365 0.496606 0.496606 0.000000 0.906055 5.500000 0.000000 0.000000 0.000000 0.000000 -0.906055 -0.197484 -0.496606 0.002565 0.012768 -0.022921 nan 0.030000 0.097619 0.088919 nan
6.298944 0.000000 -0.130388 0.400609 -0.068801 0.542646 0.960679 -1.136009 -0.042388 -0.109776 -0.336817 0.073895 0.483719 -0.948851 -1.364428 0.036528 1.395769 0.794157 -8.981729 1.244074 5.224861 -5.129873 0.603420 0.603420 0.000000 0.954688 5.500000 0.000000 0.000000 0.000000 0.000000 -0.954688 -0.282081 -0.603420 0.002002 0.011937 -0.024992 nan 0.030000 0.100645 0.092308 nan
6.340364 0.000000 -0.142229 0.404671 -0.067543 0.518977 0.955047 -1.160960 -0.040854 -0.119255 -0.345961 0.073703 0.455472 -0.947185 -1.373740 0.035401 0.566899 -0.599730 -9.663489 0.219853 4.225714 -4.053658 0.594560 0.594560 0.000000 1.027185 5.500000 0.000000 0.000000 0.000000 0.000000 -1.027185 -0.257197 -0.594560 0.000332 0.013138 -0.023120 nan 0.030000 0.092008 0.084889 nan
6.396558 0.000000 -0.142421 0.404875 -0.067555 0.518641 0.954939 -1.161715 -0.040806 -0.120178 -0.347447 0.073607 0.453447 -0.946862 -1.374027 0.035341 0.784413 -0.259725 -8.764103 0.124689 4.972065 -2.654406 0.728272 0.728272 0.000000 0.923554 5.500000 0.000000 0.000000 0.000000 0.000000 -0.923554 -0.284077 -0.728272 -0.002441 0.011716 -0.016947 nan 0.030000 0.096464 0.088322 nan
6.448992 0.000000 -0.145776 0.414750 -0.065434 0.497178 0.953405 -1.184760 -0.040363 -0.134343 -0.368347 0.070108 0.436513 -0.943518 -1.387318 0.033915 0.415542 -0.140530 -7.491934 0.296287 4.625217 -3.442537 1.145580 1.145580 0.000000 1.187749 5.500000 0.000000 0.000000 0.000000 0.000000 -1.187749 -0.280254 -1.145580 0.002072 0.013211 -0.027388 nan 0.030000 0.090158 0.080418 nan
6.488429 0.000000 -0.146160 0.415349 -0.064955 0.495128 0.953309 -1.185719 -0.040339 -0.135554 -0.368755 0.070024 0.435135 -0.943422 -1.388384 0.033855 0.200138 0.215453 -8.962057 0.736834 4.749492 -4.263089 1.221299 1.221299 0.000000 1.111457 5.500000 0.000000 0.000000 0.000000 0.000000 -1.111457 -0.338014 -1.221299 0.001056 0.013388 -0.017984 nan 0.030000 0.093540 0.083282 nan
6.532865 0.000000 -0.146315 0.415769 -0.064259 0.492252 0.953105 -1.187541 -0.040303 -0.136273 -0.369090 0.069916 0.432666 -0.943398 -1.389223 0.033760 -0.815892 0.056855 -8.708022 0.107694 4.231233 -4.708366 1.299155 1.299155 0.000000 1.346055 5.500000 0.000000 0.000000 0.000000 0.000000 -1.346055 -0.375639 -1.299155 -0.001933 0.013579 -0.029056 nan 0.030000 0.096784 0.086216 nan
6.579480 0.000000 -0.154920 0.434081 -0.059514 0.464449 0.949103 -1.215620 -0.039344 -0.146687 -0.383028 0.067963 0.407835 -0.942823 -1.400021 0.033029 -0.539939 1.441849 -8.055634 0.053412 3.104441 -5.169981 1.550096 1.550096 0.000000 1.255323 5.500000 0.000000 0.000000 0.000000 0.000000 -1.255323 -0.521821 -1.550096 -0.006450 0.010490 -0.022278 nan 0.030000 0.085792 0.078583 nan
6.642091 0.000000 -0.156850 0.435327 -0.059346 0.463406 0.948923 -1.216866 -0.039296 -0.147670 -0.384789 0.067795 0.406349 -0.942799 -1.402035 0.032993 -0.571752 1.973416 -8.498362 -0.276253 3.202327 -4.796465 1.752549 1.752549 0.000000 1.400063 5.500000 0.000000 0.000000 0.000000 0.000000 -1.400063 -0.450615 -1.752549 -0.011700 0.009714 -0.018765 nan 0.030000 0.089497 0.082047 nan
6.711157 0.000000 -0.161667 0.444711 -0.057644 0.444567 0.947641 -1.239145 -0.038577 -0.154237 -0.405954 0.062881 0.386156 -0.942583 -1.413791 0.032765 -4.290537 1.848904 -9.359508 -1.832461 0.908418 -6.296447 2.086324 2.086324 0.000000 1.672225 5.500000 0.000000 0.000000 0.000000 0.000000 -1.672225 -0.359536 -2.086324 -0.017916 0.008963 -0.013517 nan 0.030000 0.084355 0.075960 nan
6.757945 0.000000 -0.162003 0.445430 -0.057608 0.443093 0.947437 -1.241326 -0.038517 -0.154237 -0.407679 0.062881 0.383759 -0.942595 -1.414342 0.032753 -3.550766 2.210617 -8.543949 -2.051381 0.781352 -5.534915 2.098912 2.098912 0.000000 1.677795 5.500000 0.000000 0.000000 0.000000 0.000000 -1.677795 -0.552143 -2.098912 -0.023933 0.005162 -0.016870 nan 0.030000 0.087719 0.078835 nan
6.803263 0.000000 -0.162554 0.446173 -0.057596 0.442601 0.947221 -1.243531 -0.038445 -0.154417 -0.409034 0.062797 0.381554 -0.942571 -1.414989 0.032753 -3.269337 2.642210 -8.685725 -2.003532 0.787475 -4.849466 2.214866 2.214866 0.000000 1.756597 5.500000 0.000000 0.000000 0.000000 0.000000 -1.756597 -0.539794 -2.214866 -0.025769 0.005140 -0.013677 nan 0.030000 0.091222 0.081674 nan
6.848609 0.000000 -0.163297 0.447107 -0.057560 0.442601 0.947221 -1.244789 -0.038362 -0.155064 -0.410112 0.062570 0.380439 -0.942571 -1.415637 0.032741 -2.889923 2.917703 -9.055580 -1.507006 1.163754 -4.757319 2.205353 2.205353 0.000000 1.991593 5.500000 0.000000 0.000000 0.000000 0.000000 -1.991593 -0.495514 -2.205353 -0.017919 0.009429 -0.027104 nan 0.030000 0.094940 0.084680 nan
6.895358 0.000000 -0.170871 0.457725 -0.051712 0.434704 0.946059 -1.259242 -0.037427 -0.162338 -0.416703 0.059082 0.370193 -0.942451 -1.422468 0.032669 -2.689436 3.578365 -9.199406 -1.299740 0.831775 -7.129303 2.409927 2.409927 0.000000 1.836434 5.500000 0.000000 0.000000 0.000000 0.000000 -1.836434 -0.656167 -2.409927 -0.023259 0.008058 -0.018855 nan 0.030000 0.091948 0.082540 nan
6.947819 0.000000 -0.170943 0.458492 -0.051628 0.432583 0.945999 -1.260333 -0.037391 -0.162470 -0.417351 0.059058 0.369701 -0.942439 -1.422911 0.032669 -1.752880 3.929827 -10.310735 -0.429979 0.617041 -8.079181 2.411179 2.411179 0.000000 1.787818 5.500000 0.000000 0.000000 0.000000 0.000000 -1.787818 -0.742412 -2.411179 -0.037137 -0.000728 -0.016276 nan 0.030000 0.095503 0.086119 nan
6.977144 0.000000 -0.170979 0.458756 -0.051400 0.431552 0.946023 -1.261495 -0.037367 -0.162470 -0.417614 0.059082 0.369366 -0.942475 -1.423223 0.032681 -1.728372 3.795666 -10.446122 -0.196164 1.167771 -8.715926 2.536012 2.536012 0.000000 2.043043 5.500000 0.000000 0.000000 0.000000 0.000000 -2.043043 -0.920989 -2.536012 -0.041926 -0.002250 -0.027335 nan 0.030000 0.098864 0.088996 nan
7.028523 0.000000 -0.170967 0.460062 -0.051197 0.428304 0.945999 -1.264264 -0.037331 -0.162470 -0.418741 0.059094 0.368012 -0.942475 -1.424217 0.032669 -3.008453 4.437773 -9.379836 -0.834144 0.550723 -8.126238 2.433502 2.433502 0.000000 1.812983 5.500000 0.000000 0.000000 0.000000 0.000000 -1.812983 -0.886396 -2.433502 -0.045801 -0.006292 -0.019448 nan 0.030000 0.101816 0.092207 nan
7.080497 0.000000 -0.175509 0.476061 -0.049914 0.405498 0.945184 -1.286734 -0.036828 -0.167480 -0.438083 0.056805 0.342881 -0.942392 -1.435602 0.032573 -3.274660 5.887948 -9.749334 -1.285888 -1.572589 -6.789742 2.588513 2.588513 0.000000 2.196356 5.500000 0.000000 0.000000 0.000000 0.000000 -2.196356 -1.264186 -2.588513 -0.072136 -0.024641 -0.028825 nan 0.030000 0.094481 0.085034 nan
7.134798 0.000000 -0.175749 0.477475 -0.049531 0.402922 0.945160 -1.288880 -0.036792 -0.168414 -0.439641 0.056254 0.340939 -0.942392 -1.436321 0.032609 -4.485444 6.200267 -9.544125 -2.293206 -1.545872 -7.065434 2.513955 2.513955 0.000000 2.452623 5.500000 0.000000 0.000000 0.000000 0.000000 -2.452623 -1.230546 -2.513955 -0.083327 -0.040289 -0.044470 nan 0.030000 0.097612 0.087818 nan
7.180305 0.000000 -0.176288 0.478770 -0.049435 0.401328 0.944980 -1.292055 -0.036756 -0.169385 -0.441223 0.055787 0.339333 -0.942403 -1.437292 0.032597 -4.660416 6.074043 -8.949954 -2.688135 -2.077286 -6.731056 2.118767 2.118767 0.000000 2.811546 5.500000 0.000000 0.000000 0.000000 0.000000 -2.811546 -1.462001 -2.118767 -0.082206 -0.048578 -0.071337 nan 0.030000 0.100580 0.090347 nan
7.225499 0.000000 -0.177858 0.485133 -0.047769 0.394760 0.944333 -1.306532 -0.035773 -0.180758 -0.454010 0.046235 0.331651 -0.942380 -1.442637 0.032585 -4.248427 6.175912 -12.321959 -0.904376 -2.116120 -9.361504 1.387553 1.387553 0.000000 1.954339 5.500000 0.000000 0.000000 0.000000 0.000000 -1.954339 -0.761773 -1.387553 -0.048952 -0.038711 -0.063221 nan 0.030000 0.099788 0.086357 nan
7.254418 0.000000 -0.177834 0.485924 -0.047697 0.393574 0.944321 -1.308917 -0.035725 -0.180770 -0.453915 0.045360 0.330825 -0.942415 -1.443692 0.032573 -4.160441 6.577911 -11.965000 -0.675017 -2.840809 -9.048781 1.680350 1.680350 0.000000 2.216700 5.500000 0.000000 0.000000 0.000000 0.000000 -2.216700 -0.762425 -1.680350 -0.054701 -0.043940 -0.074809 nan 0.030000 0.102808 0.087737 nan
7.281621 0.000000 -0.179224 0.497525 -0.045492 0.368815 0.944033 -1.333137 -0.034419 -0.183622 -0.464149 0.042975 0.307407 -0.942284 -1.458708 0.032501 -4.710828 7.001925 -11.978146 -1.194382 -4.232483 -8.461948 1.876696 1.876696 0.000000 2.542027 5.500000 0.000000 0.000000 0.000000 0.000000 -2.542027 -1.140768 -1.876696 -0.089872 -0.070572 -0.083764 nan 0.030000 0.095391 0.080492 nan
7.303724 0.000000 -0.179356 0.498268 -0.045468 0.365423 0.944021 -1.334635 -0.034383 -0.184030 -0.466270 0.042987 0.304555 -0.942260 -1.459379 0.032501 -5.386782 7.383841 -11.606401 -2.063818 -4.424506 -8.375268 1.771179 1.771179 0.000000 2.436469 5.500000 0.000000 0.000000 0.000000 0.000000 -2.436469 -1.249165 -1.771179 -0.089181 -0.068347 -0.076157 nan 0.030000 0.096978 0.080665 nan
7.323812 0.000000 -0.179727 0.499047 -0.045456 0.363290 0.943997 -1.335774 -0.034347 -0.184485 -0.468116 0.042975 0.302290 -0.942248 -1.459966 0.032489 -5.486790 7.523739 -11.288571 -2.555057 -4.587329 -8.105038 1.639202 1.639202 0.000000 2.279299 5.500000 0.000000 0.000000 0.000000 0.000000 -2.279299 -1.120386 -1.639202 -0.081147 -0.064877 -0.075724 nan 0.030000 0.098802 0.080883 nan
7.346887 0.000000 -0.196745 0.517131 -0.040710 0.334264 0.943722 -1.367005 -0.034143 -0.203205 -0.490958 0.040746 0.278118 -0.941756 -1.469554 0.032393 -5.718363 9.449019 -11.222883 -2.334129 -5.463692 -8.805098 1.764063 1.764063 0.000000 2.438785 5.500000 0.000000 0.000000 0.000000 0.000000 -2.438785 -1.443033 -1.764063 -0.095885 -0.075071 -0.085709 nan 0.030000 0.085016 0.068711 nan
7.370635 0.000000 -0.196793 0.518665 -0.040231 0.331412 0.943494 -1.370097 -0.034119 -0.203228 -0.492324 0.040615 0.274858 -0.941720 -1.470956 0.032393 -6.095833 9.641826 -11.108851 -2.461966 -5.711429 -8.618836 1.582097 1.582097 0.000000 2.228734 5.500000 0.000000 0.000000 0.000000 0.000000 -2.228734 -1.208621 -1.582097 -0.095502 -0.079703 -0.084637 nan 0.030000 0.086569 0.068989 nan
7.401527 0.000000 -0.201623 0.529859 -0.038385 0.309972 0.943195 -1.398200 -0.034047 -0.205517 -0.503457 0.034227 0.252088 -0.941493 -1.481490 0.032345 -5.617867 9.406990 -11.240170 -1.515510 -7.774683 -9.011420 1.548733 1.548733 0.000000 2.042832 5.500000 0.000000 0.000000 0.000000 0.000000 -2.042832 -1.215735 -1.548733 -0.091850 -0.077245 -0.078965 nan 0.030000 0.079566 0.063145 nan
7.440055 0.000000 -0.219024 0.530877 -0.033376 0.292451 0.940786 -1.410975 -0.033975 -0.218257 -0.514087 0.033640 0.235790 -0.941145 -1.486068 0.032309 -3.248540 10.708861 -10.784700 -1.365298 -6.811225 -7.937833 1.494023 1.494023 0.000000 2.261869 5.500000 0.000000 0.000000 0.000000 0.000000 -2.261869 -1.434781 -1.494023 -0.097620 -0.080488 -0.088545 nan 0.030000 0.072087 0.057044 nan
7.466599 0.000000 -0.220378 0.531836 -0.031650 0.287094 0.940378 -1.414522 -0.033975 -0.220378 -0.515082 0.033196 0.230876 -0.941097 -1.487182 0.032297 -3.613054 10.695965 -10.886303 -1.838073 -7.581098 -7.561822 1.387164 1.387164 0.000000 1.790510 5.500000 0.000000 0.000000 0.000000 0.000000 -1.790510 -1.038400 -1.387164 -0.075300 -0.066810 -0.074452 nan 0.030000 0.071388 0.056545 nan
7.497581 0.000000 -0.222415 0.532711 -0.030644 0.283127 0.939671 -1.417698 -0.033903 -0.221912 -0.516700 0.032609 0.226801 -0.940762 -1.488477 0.032286 -2.314994 10.462794 -10.944810 -2.374158 -8.611617 -7.474185 1.583563 1.583563 0.000000 2.416569 5.500000 0.000000 0.000000 0.000000 0.000000 -2.416569 -1.429781 -1.583563 -0.091144 -0.073968 -0.090755 nan 0.030000 0.071125 0.056505 nan
7.525819 0.000000 -0.227988 0.537924 -0.029062 0.265942 0.938593 -1.429478 -0.033843 -0.226682 -0.521110 0.030632 0.216567 -0.939623 -1.492132 0.032226 -3.606266 10.767931 -10.388633 -2.661385 -7.900833 -6.976885 1.494729 1.494729 0.000000 2.156916 5.500000 0.000000 0.000000 0.000000 0.000000 -2.156916 -1.239509 -1.494729 -0.082713 -0.070306 -0.087841 nan 0.030000 0.065717 0.053798 nan
7.554983 0.000000 -0.229462 0.538715 -0.028990 0.262586 0.937921 -1.431492 -0.033796 -0.228012 -0.521518 0.030404 0.215380 -0.939312 -1.492827 0.032226 -3.050941 10.974682 -9.860887 -2.486850 -7.938576 -6.739408 1.561426 1.561426 0.000000 2.191506 5.500000 0.000000 0.000000 0.000000 0.000000 -2.191506 -1.103929 -1.561426 -0.067504 -0.058861 -0.091985 nan 0.030000 0.065719 0.054371 nan
7.594175 0.000000 -0.231379 0.539638 -0.028762 0.257721 0.937742 -1.433205 -0.033784 -0.230325 -0.522009 0.030320 0.214973 -0.939012 -1.493882 0.032214 -3.346031 10.661265 -9.466584 -1.942691 -8.098974 -7.140961 1.521184 1.521184 0.000000 2.089093 5.500000 0.000000 0.000000 0.000000 0.000000 -2.089093 -1.228499 -1.521184 -0.087494 -0.074940 -0.087228 nan 0.030000 0.065725 0.055221 nan
7.624645 0.000000 -0.236952 0.542166 -0.027743 0.242752 0.936675 -1.437412 -0.033628 -0.236533 -0.523519 0.029961 0.214781 -0.938413 -1.498244 0.032190 -3.188769 10.931915 -8.709613 -1.626585 -8.390622 -6.977745 1.379168 1.379168 0.000000 1.924306 5.500000 0.000000 0.000000 0.000000 0.000000 -1.924306 -1.117474 -1.379168 -0.069561 -0.063014 -0.089218 nan 0.030000 0.061599 0.054421 nan
7.667001 0.000000 -0.238330 0.543221 -0.027432 0.240607 0.936411 -1.438706 -0.033532 -0.238450 -0.523902 0.029973 0.214518 -0.938353 -1.499287 0.032178 -2.614929 11.929823 -9.382424 -1.004365 -8.147874 -7.000563 1.567005 1.567005 0.000000 2.013788 5.500000 0.000000 0.000000 0.000000 0.000000 -2.013788 -1.184345 -1.567005 -0.081751 -0.070799 -0.089037 nan 0.030000 0.062490 0.055563 nan
7.697146 0.000000 -0.239948 0.546121 -0.026006 0.229917 0.935273 -1.441786 -0.033124 -0.241171 -0.524562 0.029937 0.212253 -0.937742 -1.499958 0.032106 -3.266800 11.987114 -9.381759 -1.131884 -7.928789 -7.741235 1.362740 1.362740 0.000000 1.841795 5.500000 0.000000 0.000000 0.000000 0.000000 -1.841795 -1.177497 -1.362740 -0.071509 -0.063090 -0.085735 nan 0.030000 0.060455 0.055461 nan
7.744295 0.000000 -0.240092 0.547092 -0.025958 0.226118 0.935213 -1.443560 -0.033029 -0.241290 -0.524897 0.029913 0.211234 -0.937622 -1.500281 0.032082 -3.919302 11.439902 -8.786500 -1.138565 -8.371410 -7.473829 1.484712 1.484712 0.000000 1.943866 5.500000 0.000000 0.000000 0.000000 0.000000 -1.943866 -1.149319 -1.484712 -0.071416 -0.061944 -0.085180 nan 0.030000 0.061433 0.057101 nan
7.782022 0.000000 -0.240356 0.547511 -0.025886 0.225064 0.934901 -1.444387 -0.032933 -0.241290 -0.525221 0.029997 0.210755 -0.937538 -1.500473 0.032022 -3.267455 11.506364 -8.816919 -0.773338 -8.158563 -7.528585 1.441072 1.441072 0.000000 2.050988 5.500000 0.000000 0.000000 0.000000 0.000000 -2.050988 -1.250671 -1.441072 -0.072638 -0.062723 -0.088391 nan 0.030000 0.062622 0.058481 nan
7.813984 0.000000 -0.242633 0.549045 -0.024999 0.224357 0.934829 -1.449504 -0.032657 -0.241434 -0.526263 0.030068 0.206620 -0.937274 -1.501456 0.031255 -2.562518 11.828234 -9.970618 -0.789203 -7.813678 -7.964683 1.373708 1.373708 0.000000 1.950225 5.500000 0.000000 0.000000 0.000000 0.000000 -1.950225 -1.297420 -1.373708 -0.069845 -0.060736 -0.087212 nan 0.030000 0.062680 0.058628 nan
7.846064 0.000000 -0.242669 0.549081 -0.024999 0.224069 0.934829 -1.450223 -0.032609 -0.241470 -0.526635 0.030056 0.206069 -0.937274 -1.501635 0.031183 -1.532043 11.726740 -10.591064 -0.381510 -7.923653 -8.456135 1.279366 1.279366 0.000000 1.846521 5.500000 0.000000 0.000000 0.000000 0.000000 -1.846521 -1.198873 -1.279366 -0.063515 -0.055505 -0.082100 nan 0.030000 0.063861 0.059703 nan
7.886979 0.000000 -0.243651 0.550376 -0.023393 0.211366 0.934746 -1.455053 -0.032441 -0.242165 -0.531836 0.030009 0.197140 -0.936807 -1.503888 0.030847 -1.706241 11.600245 -9.760574 -0.923058 -8.100961 -8.336815 1.316592 1.316592 0.000000 1.883133 5.500000 0.000000 0.000000 0.000000 0.000000 -1.883133 -1.280994 -1.316592 -0.061705 -0.052615 -0.085426 nan 0.030000 0.061902 0.058630 nan
7.927394 0.000000 -0.244358 0.550531 -0.022878 0.209161 0.934674 -1.455820 -0.032381 -0.242357 -0.532699 0.029901 0.195499 -0.936651 -1.504260 0.030787 -1.640684 11.619697 -9.510901 -1.513706 -8.175134 -8.229736 1.339319 1.339319 0.000000 1.936334 5.500000 0.000000 0.000000 0.000000 0.000000 -1.936334 -1.298556 -1.339319 -0.059780 -0.049159 -0.082190 nan 0.030000 0.062691 0.059606 nan
7.961604 0.000000 -0.244946 0.550591 -0.022267 0.207699 0.934542 -1.456011 -0.032369 -0.242549 -0.533226 0.029877 0.194576 -0.936531 -1.504440 0.030775 -1.641251 11.683742 -9.499300 -1.402862 -7.922625 -8.113466 1.385529 1.385529 0.000000 2.025660 5.500000 0.000000 0.000000 0.000000 0.000000 -2.025660 -1.257465 -1.385529 -0.052095 -0.041711 -0.082479 nan 0.030000 0.063456 0.060518 nan
7.999792 0.000000 -0.256834 0.554798 -0.019438 0.204571 0.933595 -1.467708 -0.032142 -0.250291 -0.534508 0.029781 0.185576 -0.935992 -1.508910 0.030524 -0.679584 12.867466 -10.055043 -0.006105 -6.491653 -7.878529 1.401605 1.401605 0.000000 2.065998 5.500000 0.000000 0.000000 0.000000 0.000000 -2.065998 -1.235983 -1.401605 -0.049731 -0.037805 -0.078002 nan 0.030000 0.059670 0.057470 nan
8.026181 0.000000 -0.257038 0.555421 -0.019426 0.203804 0.933379 -1.468571 -0.032118 -0.251117 -0.534520 0.029757 0.185120 -0.935872 -1.509365 0.030524 -0.654196 12.654936 -10.148555 0.037449 -6.556037 -8.029130 1.485887 1.485887 0.000000 2.042911 5.500000 0.000000 0.000000 0.000000 0.000000 -2.042911 -1.151061 -1.485887 -0.045753 -0.034303 -0.075764 nan 0.030000 0.060277 0.058005 nan
8.056937 0.000000 -0.257193 0.556416 -0.019414 0.202533 0.933224 -1.469518 -0.032106 -0.252496 -0.534604 0.029757 0.184473 -0.935788 -1.510096 0.030476 -0.737992 12.653223 -9.854278 -0.066438 -6.431874 -8.033884 1.534698 1.534698 0.000000 1.967268 5.500000 0.000000 0.000000 0.000000 0.000000 -1.967268 -1.094074 -1.534698 -0.040485 -0.027990 -0.069311 nan 0.030000 0.060897 0.058460 nan
8.085002 0.000000 -0.257181 0.557075 -0.019402 0.201706 0.933212 -1.469805 -0.032070 -0.253239 -0.534700 0.029769 0.184198 -0.935764 -1.510408 0.030464 -0.891235 12.640211 -9.748535 0.106100 -6.431593 -7.965045 1.399431 1.399431 0.000000 1.793133 5.500000 0.000000 0.000000 0.000000 0.000000 -1.793133 -1.146316 -1.399431 -0.036625 -0.023539 -0.063725 nan 0.030000 0.061619 0.059086 nan
8.118655 0.000000 -0.257649 0.560754 -0.019271 0.190489 0.933020 -1.475258 -0.031866 -0.261664 -0.539638 0.029265 0.177007 -0.935141 -1.513907 0.030176 -1.630480 12.078961 -9.817779 -0.515826 -7.587975 -8.013263 1.498704 1.498704 0.000000 1.895546 5.500000 0.000000 0.000000 0.000000 0.000000 -1.895546 -1.151852 -1.498704 -0.037872 -0.024297 -0.069360 nan 0.030000 0.059520 0.055679 nan
8.169660 0.000000 -0.257649 0.560898 -0.019343 0.188596 0.932996 -1.476588 -0.031818 -0.262167 -0.540752 0.029086 0.176264 -0.934230 -1.514542 0.030116 -1.910889 12.126400 -9.574897 0.318106 -7.243289 -7.568114 1.545543 1.545543 0.000000 1.772580 5.500000 0.000000 0.000000 0.000000 0.000000 -1.772580 -1.174151 -1.545543 -0.036601 -0.021161 -0.067366 nan 0.030000 0.060626 0.056742 nan
8.212243 0.000000 -0.257697 0.560994 -0.019319 0.187733 0.932900 -1.477511 -0.031794 -0.262634 -0.541399 0.028954 0.176120 -0.933403 -1.515034 0.030080 -1.567122 12.151435 -10.217987 0.715311 -6.882373 -7.816246 1.730097 1.730097 0.000000 1.895711 5.500000 0.000000 0.000000 0.000000 0.000000 -1.895711 -1.114872 -1.730097 -0.029814 -0.012674 -0.065498 nan 0.030000 0.061653 0.057696 nan
8.278740 0.000000 -0.257948 0.561425 -0.019355 0.182364 0.932540 -1.484258 -0.031423 -0.264060 -0.542046 0.026461 0.173412 -0.931210 -1.520355 0.029685 -1.499791 12.177063 -10.473825 0.185658 -7.007316 -8.901962 1.796360 1.796360 0.000000 1.840529 5.500000 0.000000 0.000000 0.000000 0.000000 -1.840529 -1.169377 -1.796360 -0.030672 -0.010978 -0.065378 nan 0.030000 0.061824 0.058050 nan
8.324920 0.000000 -0.257948 0.561557 -0.019367 0.181837 0.932528 -1.485205 -0.031411 -0.264048 -0.542082 0.026473 0.173088 -0.931198 -1.520439 0.029685 -1.838877 12.179272 -10.998737 0.460423 -6.953598 -8.673540 1.927610 1.927610 0.000000 1.882762 5.500000 0.000000 0.000000 0.000000 0.000000 -1.882762 -1.064158 -1.927610 -0.024640 -0.005389 -0.066996 nan 0.030000 0.062916 0.059218 nan
8.361583 0.000000 -0.259902 0.563067 -0.019426 0.178913 0.932540 -1.491041 -0.031243 -0.265091 -0.543401 0.026437 0.166760 -0.931150 -1.521553 0.029529 -0.171931 12.557117 -11.508596 1.342004 -6.669158 -8.937137 1.873851 1.873851 0.000000 1.608448 5.500000 0.000000 0.000000 0.000000 0.000000 -1.608448 -1.081045 -1.873851 -0.018039 0.004209 -0.056991 nan 0.030000 0.062241 0.058366 nan
8.405024 0.000000 -0.260345 0.563462 -0.019438 0.178289 0.932540 -1.491641 -0.031255 -0.265846 -0.543628 0.026425 0.166593 -0.931138 -1.521841 0.029529 -0.070839 12.035690 -11.903198 1.642966 -6.318205 -9.309814 2.287516 2.287516 0.000000 1.601046 5.500000 0.000000 0.000000 0.000000 0.000000 -1.601046 -1.001527 -2.287516 -0.009684 0.019354 -0.047719 nan 0.030000 0.063029 0.059165 nan
8.447411 0.000000 -0.260765 0.563798 -0.019438 0.177474 0.932540 -1.491976 -0.031243 -0.266637 -0.543820 0.026437 0.166461 -0.931114 -1.522105 0.029517 0.148007 11.933055 -11.885147 1.599157 -6.271327 -9.484105 2.385215 2.385215 0.000000 1.560034 5.500000 0.000000 0.000000 0.000000 0.000000 -1.560034 -0.942865 -2.385215 -0.006161 0.024133 -0.045836 nan 0.030000 0.063732 0.059900 nan
8.501796 0.000000 -0.268255 0.567070 -0.019367 0.165826 0.932493 -1.499526 -0.031183 -0.274966 -0.551179 0.026449 0.157748 -0.930767 -1.523746 0.029397 0.607251 11.024595 -11.690763 1.425761 -6.802309 -8.108788 2.619761 2.619761 0.000000 1.437513 5.500000 0.000000 0.000000 0.000000 0.000000 -1.437513 -0.795347 -2.619761 -0.001020 0.033303 -0.041639 nan 0.030000 0.059713 0.056242 nan
8.547579 0.000000 -0.268842 0.567201 -0.019343 0.165167 0.932457 -1.499886 -0.031171 -0.275877 -0.551993 0.026365 0.156166 -0.930731 -1.523866 0.029385 0.886141 11.190044 -11.801278 2.012567 -6.547517 -8.467224 2.728802 2.728802 0.000000 1.629376 5.500000 0.000000 0.000000 0.000000 0.000000 -1.629376 -0.897544 -2.728802 -0.000362 0.037694 -0.044287 nan 0.030000 0.060369 0.056551 nan
8.595572 0.000000 -0.269202 0.567321 -0.019295 0.164507 0.932445 -1.500485 -0.031159 -0.276740 -0.552521 0.026293 0.154968 -0.930695 -1.524022 0.029373 0.451844 11.235503 -11.865695 2.023805 -6.534927 -8.421006 2.705771 2.705771 0.000000 1.456565 5.500000 0.000000 0.000000 0.000000 0.000000 -1.456565 -0.851778 -2.705771 0.002688 0.042513 -0.037683 nan 0.030000 0.061075 0.056974 nan
8.624168 0.000000 -0.272162 0.567896 -0.019295 0.158767 0.932397 -1.508862 -0.031123 -0.281533 -0.554906 0.023441 0.149036 -0.930168 -1.525867 0.029206 0.402764 11.338184 -12.192584 1.523426 -6.264354 -9.096180 2.744330 2.744330 0.000000 1.478787 5.500000 0.000000 0.000000 0.000000 0.000000 -1.478787 -0.847243 -2.744330 0.002562 0.043888 -0.037714 nan 0.030000 0.059051 0.054472 nan
8.664870 0.000000 -0.272294 0.568076 -0.019295 0.158467 0.932421 -1.509605 -0.031111 -0.281533 -0.555049 0.023369 0.147694 -0.930144 -1.526071 0.029182 0.226720 11.285567 -12.271539 1.713414 -6.457979 -8.325187 2.921559 2.921559 0.000000 1.563355 5.500000 0.000000 0.000000 0.000000 0.000000 -1.563355 -0.930522 -2.921559 0.003059 0.048259 -0.039793 nan 0.030000 0.059658 0.054918 nan
8.712963 0.000000 -0.272318 0.568280 -0.019307 0.158144 0.932397 -1.510120 -0.031123 -0.281545 -0.555169 0.023273 0.146411 -0.930132 -1.526215 0.029194 0.188954 11.362268 -12.043502 1.887406 -6.425524 -8.213904 3.262598 3.262598 0.000000 1.387062 5.500000 0.000000 0.000000 0.000000 0.000000 -1.387062 -0.934547 -3.262598 0.008957 0.060583 -0.028630 nan 0.030000 0.060391 0.055471 nan
8.763076 0.000000 -0.273037 0.569778 -0.019199 0.149216 0.932373 -1.514446 -0.031075 -0.282744 -0.558405 0.021871 0.138921 -0.929592 -1.528947 0.028930 -0.136415 10.598564 -11.565599 1.826079 -7.414431 -8.363934 2.806586 2.806586 0.000000 1.403930 5.500000 0.000000 0.000000 0.000000 0.000000 -1.403930 -0.832132 -2.806586 0.003225 0.046615 -0.034638 nan 0.030000 0.058825 0.053916 nan
8.809068 0.000000 -0.273396 0.569838 -0.019223 0.148544 0.932373 -1.515010 -0.031063 -0.283007 -0.559004 0.021871 0.138538 -0.929568 -1.529283 0.028906 -0.063571 10.676471 -11.943885 1.766666 -7.006503 -8.395568 2.781293 2.781293 0.000000 1.237103 5.500000 0.000000 0.000000 0.000000 0.000000 -1.237103 -0.744220 -2.781293 0.005839 0.049358 -0.024399 nan 0.030000 0.059251 0.054394 nan
8.849861 0.000000 -0.273720 0.569886 -0.019199 0.148173 0.932361 -1.515657 -0.031075 -0.283283 -0.559400 0.021883 0.138430 -0.929556 -1.529655 0.028870 0.192105 10.683343 -12.268130 2.002386 -6.864930 -8.574699 3.047969 3.047969 0.000000 1.291206 5.500000 0.000000 0.000000 0.000000 0.000000 -1.291206 -0.692143 -3.047969 0.012153 0.058913 -0.021576 nan 0.030000 0.059629 0.054824 nan
8.895678 0.000000 -0.277651 0.571288 -0.018779 0.142540 0.932373 -1.520523 -0.031051 -0.291648 -0.561653 0.021392 0.136500 -0.929341 -1.532818 0.028678 0.589181 10.580389 -12.593214 3.595718 -6.081817 -8.718176 3.254608 3.254608 0.000000 1.129973 5.500000 0.000000 0.000000 0.000000 0.000000 -1.129973 -0.585096 -3.254608 0.016866 0.066109 -0.010674 nan 0.030000 0.057624 0.052336 nan
8.937165 0.000000 -0.277758 0.571504 -0.018671 0.141558 0.932361 -1.520535 -0.031051 -0.292151 -0.561689 0.021368 0.136488 -0.929305 -1.532950 0.028666 0.767186 10.491606 -12.480997 4.113244 -6.047101 -8.695797 3.369737 3.369737 0.000000 1.071744 5.500000 0.000000 0.000000 0.000000 0.000000 -1.071744 -0.532964 -3.369737 0.021932 0.071692 -0.008861 nan 0.030000 0.057889 0.052702 nan
8.976641 0.000000 -0.277878 0.571600 -0.018516 0.140970 0.932397 -1.520547 -0.031051 -0.292691 -0.561701 0.021344 0.136488 -0.929305 -1.533022 0.028642 0.737060 10.369823 -12.468741 4.268401 -6.073556 -8.757384 3.909724 3.909724 0.000000 1.044283 5.500000 0.000000 0.000000 0.000000 0.000000 -1.044283 -0.630996 -3.909724 0.028330 0.082483 -0.011166 nan 0.030000 0.058184 0.053011 nan
9.015414 0.000000 -0.287070 0.576621 -0.017641 0.137843 0.932385 -1.527725 -0.031039 -0.300720 -0.562587 0.021260 0.134295 -0.928957 -1.537744 0.028510 2.491886 10.820030 -11.994404 4.736133 -5.549209 -8.845528 3.954202 3.954202 0.000000 0.858866 5.500000 0.000000 0.000000 0.000000 0.000000 -0.858866 -0.571081 -3.954202 0.030261 0.084348 -0.002197 nan 0.030000 0.054694 0.050540 nan
9.056211 0.000000 -0.287645 0.576945 -0.017605 0.137723 0.932373 -1.527977 -0.031051 -0.300960 -0.562623 0.021260 0.133972 -0.928849 -1.537924 0.028510 2.922848 10.534777 -11.969197 5.201009 -5.515284 -8.955755 3.974075 3.974075 0.000000 0.862173 5.500000 0.000000 0.000000 0.000000 0.000000 -0.862173 -0.559551 -3.974075 0.031018 0.083563 -0.002403 nan 0.030000 0.054882 0.050807 nan
9.090756 0.000000 -0.288496 0.577484 -0.017569 0.137423 0.932385 -1.528528 -0.031039 -0.301307 -0.562659 0.021224 0.133516 -0.928777 -1.538199 0.028463 3.017278 10.826717 -12.254273 5.402752 -5.363394 -9.181965 4.039937 4.039937 0.000000 0.859160 5.500000 0.000000 0.000000 0.000000 0.000000 -0.859160 -0.572435 -4.039937 0.031472 0.084463 -0.003453 nan 0.030000 0.054848 0.050924 nan
9.119900 0.000000 -0.288964 0.577795 -0.017521 0.137147 0.932361 -1.528876 -0.031039 -0.301475 -0.562671 0.021212 0.133109 -0.928718 -1.538355 0.028463 3.221624 10.540207 -12.200703 5.650141 -5.358568 -9.135126 4.068890 4.068890 0.000000 0.898047 5.500000 0.000000 0.000000 0.000000 0.000000 -0.898047 -0.603721 -4.068890 0.031363 0.084320 -0.005661 nan 0.030000 0.054879 0.051042 nan
9.156757 0.000000 -0.293637 0.583919 -0.017257 0.128111 0.932361 -1.532003 -0.031027 -0.303165 -0.563918 0.020877 0.125127 -0.928310 -1.540584 0.027959 3.105532 11.157552 -12.662336 5.182966 -5.040741 -8.983917 4.278855 4.278855 0.000000 0.848474 5.500000 0.000000 0.000000 0.000000 0.000000 -0.848474 -0.684198 -4.278855 0.034524 0.087153 -0.006973 nan 0.030000 0.051576 0.048949 nan
9.208863 0.000000 -0.293697 0.584147 -0.017245 0.128099 0.932349 -1.532219 -0.031027 -0.303261 -0.563930 0.020900 0.124564 -0.928310 -1.540668 0.027887 3.375989 11.181394 -12.156533 4.863872 -4.931652 -9.059872 4.273309 4.273309 0.000000 0.844443 5.500000 0.000000 0.000000 0.000000 0.000000 -0.844443 -0.713043 -4.273309 0.034272 0.087067 -0.007434 nan 0.030000 0.051912 0.049191 nan
9.254423 0.000000 -0.294105 0.584794 -0.016874 0.126973 0.932205 -1.536066 -0.030991 -0.303273 -0.564601 0.020936 0.122239 -0.928310 -1.542226 0.027672 3.649363 10.929544 -12.547870 4.848259 -4.871282 -9.352791 4.461052 4.461052 0.000000 0.845863 5.500000 0.000000 0.000000 0.000000 0.000000 -0.845863 -0.729195 -4.461052 0.036439 0.090458 -0.005389 nan 0.030000 0.051673 0.048911 nan
9.304195 0.000000 -0.294153 0.584866 -0.016742 0.126709 0.932181 -1.536450 -0.030979 -0.303273 -0.564829 0.020960 0.121412 -0.928310 -1.542322 0.027660 3.916212 10.780123 -12.779637 4.788006 -4.524716 -9.630477 4.567783 4.567783 0.000000 0.740124 5.500000 0.000000 0.000000 0.000000 0.000000 -0.740124 -0.751896 -4.567783 0.038586 0.091299 -0.002001 nan 0.030000 0.051862 0.049017 nan
9.333673 0.000000 -0.294165 0.584914 -0.016658 0.126565 0.932169 -1.536857 -0.030967 -0.303285 -0.564996 0.020960 0.120969 -0.928310 -1.542406 0.027636 4.020014 11.081776 -12.826745 4.744280 -4.517078 -9.401499 4.744562 4.744562 0.000000 0.655161 5.500000 0.000000 0.000000 0.000000 0.000000 -0.655161 -0.789723 -4.744562 0.040878 0.094562 0.002108 nan 0.030000 0.051959 0.049062 nan
9.358722 0.000000 -0.294644 0.585933 -0.016059 0.119027 0.932049 -1.539386 -0.030967 -0.303548 -0.568364 0.020936 0.117709 -0.928334 -1.542741 0.027516 3.835560 11.133734 -12.693030 4.931447 -4.929892 -9.686557 4.727272 4.727272 0.000000 0.726659 5.500000 0.000000 0.000000 0.000000 0.000000 -0.726659 -0.818394 -4.727272 0.041143 0.094297 -0.005392 nan 0.030000 0.050314 0.048140 nan
9.386781 0.000000 -0.294800 0.585993 -0.015951 0.118764 0.932025 -1.539661 -0.030955 -0.303536 -0.568580 0.020936 0.117362 -0.928310 -1.542813 0.027516 3.441534 10.931966 -12.460232 4.767335 -4.858496 -9.724644 4.796891 4.796891 0.000000 0.735045 5.500000 0.000000 0.000000 0.000000 0.000000 -0.735045 -0.837281 -4.796891 0.041117 0.094572 -0.006343 nan 0.030000 0.050319 0.048180 nan
9.419394 0.000000 -0.294992 0.586077 -0.015831 0.118500 0.931989 -1.539865 -0.030943 -0.303548 -0.568975 0.020936 0.116954 -0.928310 -1.542825 0.027492 3.491421 10.979994 -12.416217 4.785743 -5.212085 -9.703268 4.870368 4.870368 0.000000 0.742251 5.500000 0.000000 0.000000 0.000000 0.000000 -0.742251 -0.873799 -4.870368 0.041781 0.095678 -0.010084 nan 0.030000 0.050320 0.048195 nan
9.472510 0.000000 -0.296106 0.586688 -0.015136 0.117242 0.931762 -1.542190 -0.030931 -0.303896 -0.569970 0.020936 0.115360 -0.928310 -1.543580 0.027432 3.306115 11.367730 -13.033578 4.986423 -5.001052 -10.117360 4.846703 4.846703 0.000000 0.802288 5.500000 0.000000 0.000000 0.000000 0.000000 -0.802288 -0.866463 -4.846703 0.040336 0.095330 -0.009814 nan 0.030000 0.049804 0.047874 nan
9.501782 0.000000 -0.296106 0.586688 -0.015136 0.117218 0.931762 -1.542274 -0.030943 -0.303872 -0.569958 0.020912 0.115324 -0.928310 -1.543592 0.027408 3.708697 11.115695 -12.979959 4.934811 -5.101351 -10.518202 4.881748 4.881748 0.000000 0.819284 5.500000 0.000000 0.000000 0.000000 0.000000 -0.819284 -0.890225 -4.881748 0.041691 0.096399 -0.011585 nan 0.030000 0.049883 0.047961 nan
9.537048 0.000000 -0.296106 0.586724 -0.015100 0.117158 0.931750 -1.542370 -0.030931 -0.303896 -0.569982 0.020924 0.115276 -0.928310 -1.543640 0.027432 3.895874 11.240625 -13.024206 5.283204 -5.067542 -10.276875 4.863266 4.863266 0.000000 0.833895 5.500000 0.000000 0.000000 0.000000 0.000000 -0.833895 -0.903892 -4.863266 0.040731 0.095671 -0.013530 nan 0.030000 0.049953 0.048041 nan
9.594826 0.000000 -0.296166 0.586951 -0.014992 0.116690 0.931258 -1.543424 -0.030919 -0.303956 -0.570185 0.020924 0.114857 -0.928310 -1.544167 0.027372 3.996673 11.248402 -13.388649 5.176966 -4.996940 -10.786578 4.980621 4.980621 0.000000 0.758903 5.500000 0.000000 0.000000 0.000000 0.000000 -0.758903 -0.859037 -4.980621 0.041926 0.096497 -0.006887 nan 0.030000 0.049890 0.048043 nan
9.634858 0.000000 -0.296142 0.586963 -0.014920 0.116678 0.931210 -1.543808 -0.030919 -0.303968 -0.570257 0.020900 0.114737 -0.928334 -1.544215 0.027360 3.681561 11.141589 -13.241013 5.145517 -5.109674 -10.561219 5.084668 5.084668 0.000000 0.788178 5.500000 0.000000 0.000000 0.000000 0.000000 -0.788178 -0.846285 -5.084668 0.041361 0.097990 -0.004701 nan 0.030000 0.049947 0.048081 nan
9.669667 0.000000 -0.296166 0.586987 -0.014884 0.116630 0.931198 -1.544167 -0.030895 -0.304004 -0.570305 0.020900 0.114593 -0.928310 -1.544251 0.027360 3.563778 11.399986 -13.008342 5.104404 -4.966802 -10.691100 5.257256 5.257256 0.000000 0.780585 5.500000 0.000000 0.000000 0.000000 0.000000 -0.780585 -0.929151 -5.257256 0.043769 0.100921 -0.006375 nan 0.030000 0.049966 0.048088 nan
9.700183 0.000000 -0.296226 0.587119 -0.014681 0.116487 0.930935 -1.547319 -0.030883 -0.304831 -0.570869 0.020865 0.113431 -0.928310 -1.544587 0.027324 3.619248 11.452000 -13.123364 5.270627 -4.935802 -10.585290 5.264748 5.264748 0.000000 0.699054 5.500000 0.000000 0.000000 0.000000 0.000000 -0.699054 -0.919144 -5.264748 0.044794 0.101364 -0.004717 nan 0.030000 0.049881 0.047608 nan
9.742002 0.000000 -0.296226 0.587131 -0.014609 0.116499 0.930899 -1.547415 -0.030883 -0.304975 -0.570893 0.020841 0.113203 -0.928310 -1.544587 0.027324 3.587919 11.373076 -13.228867 5.233835 -4.864604 -10.559402 5.267594 5.267594 0.000000 0.650116 5.500000 0.000000 0.000000 0.000000 0.000000 -0.650116 -0.911696 -5.267594 0.045437 0.101354 -0.002172 nan 0.030000 0.049913 0.047561 nan
9.800474 0.000000 -0.296250 0.587143 -0.014549 0.116427 0.930887 -1.547619 -0.030883 -0.305178 -0.571024 0.020829 0.112796 -0.928310 -1.544647 0.027312 3.411930 11.518189 -13.246251 5.469786 -5.021597 -10.500961 5.264004 5.264004 0.000000 0.720769 5.500000 0.000000 0.000000 0.000000 0.000000 -0.720769 -0.940118 -5.264004 0.045467 0.100954 -0.007306 nan 0.030000 0.049922 0.047451 nan
9.852866 0.000000 -0.296250 0.587718 -0.014034 0.116223 0.930647 -1.548314 -0.030859 -0.306269 -0.572151 0.020613 0.107738 -0.928310 -1.544958 0.027300 3.541652 11.710503 -13.464417 4.672535 -4.964413 -10.065448 5.251636 5.251636 0.000000 0.729179 5.500000 0.000000 0.000000 0.000000 0.000000 -0.729179 -0.952180 -5.251636 0.045845 0.100543 -0.008845 nan 0.030000 0.049832 0.046110 nan
9.907245 0.000000 -0.296262 0.587730 -0.013962 0.116175 0.930611 -1.548362 -0.030859 -0.306353 -0.572151 0.020637 0.107654 -0.928298 -1.544982 0.027288 3.848910 11.442331 -13.576867 4.671852 -4.929838 -10.216991 5.099659 5.099659 0.000000 0.797992 5.500000 0.000000 0.000000 0.000000 0.000000 -0.797992 -0.915982 -5.099659 0.043771 0.098452 -0.012547 nan 0.030000 0.049822 0.046080 nan
9.950219 0.000000 -0.296286 0.587862 -0.013362 0.116007 0.930503 -1.549153 -0.030835 -0.306437 -0.572163 0.020661 0.107319 -0.928298 -1.545881 0.027252 3.915650 11.640485 -13.427090 4.658177 -4.701448 -10.162938 5.112574 5.112574 0.000000 0.839696 5.500000 0.000000 0.000000 0.000000 0.000000 -0.839696 -0.926146 -5.112574 0.043342 0.098275 -0.013093 nan 0.030000 0.049744 0.045983 nan
9.988410 0.000000 -0.296250 0.587838 -0.013267 0.115995 0.930503 -1.549213 -0.030847 -0.306449 -0.572163 0.020649 0.107307 -0.928298 -1.546025 0.027264 3.830856 11.773895 -13.806358 4.599468 -4.785101 -10.125677 5.187693 5.187693 0.000000 0.877075 5.500000 0.000000 0.000000 0.000000 0.000000 -0.877075 -0.919065 -5.187693 0.043305 0.098665 -0.009753 nan 0.030000 0.049751 0.045977 nan
10.039804 1.000000 -0.296274 0.587886 -0.013219 0.115923 0.930431 -1.549237 -0.030847 -0.306449 -0.572175 0.020637 0.107283 -0.928298 -1.546181 0.027228 4.092937 11.476922 -13.434572 4.458011 -4.865884 -10.089063 5.120582 5.120582 0.000000 0.916019 5.500000 0.000000 0.000190 0.000000 0.000000 -0.916019 -0.933810 -5.120582 0.041934 0.097356 -0.012382 0.000000 0.030000 0.049740 0.045958 0.009322
10.125255 1.000000 -0.296370 0.588258 -0.012943 0.113563 0.930371 -1.549980 -0.030847 -0.306664 -0.572211 0.020625 0.107007 -0.928274 -1.547020 0.027216 3.174153 11.703331 -13.118198 4.668360 -4.754490 -10.541044 4.800456 4.800456 0.000000 0.972754 5.500000 0.000000 0.000539 0.000000 0.000000 -0.972754 -0.941420 -4.800456 0.037431 0.091816 -0.016968 0.000109 0.030000 0.049280 0.045824 0.009672
10.189814 1.000000 -0.296358 0.588330 -0.012895 0.113299 0.930347 -1.549968 -0.030835 -0.306772 -0.572199 0.020637 0.106995 -0.928298 -1.546996 0.027204 3.521782 11.881977 -13.296458 4.905906 -4.391497 -10.345538 4.626202 4.626202 0.000000 1.035366 5.500000 0.000000 0.000976 0.000000 0.000000 -1.035366 -0.935634 -4.626202 0.035206 0.089749 -0.018398 0.000121 0.030000 0.049284 0.045791 0.010110
10.250590 1.000000 -0.296370 0.588354 -0.012883 0.113035 0.930359 -1.549968 -0.030823 -0.306868 -0.572223 0.020613 0.106995 -0.928274 -1.546984 0.027204 3.355183 11.673178 -13.102384 4.858627 -4.468166 -9.998661 4.598840 4.598840 0.000000 1.007581 5.500000 0.000000 0.001427 0.000000 0.000000 -1.007581 -0.947827 -4.598840 0.034136 0.087952 -0.019474 0.000134 0.030000 0.049297 0.045764 0.010562
10.321383 1.000000 -0.296526 0.588857 -0.012380 0.111741 0.930168 -1.550303 -0.030799 -0.308917 -0.572403 0.020553 0.106911 -0.928274 -1.547056 0.027180 3.355000 11.875174 -13.118991 4.947479 -4.633579 -10.349721 4.537917 4.537917 0.000000 0.996675 5.500000 0.000000 0.001908 0.000000 0.000000 -0.996675 -1.009019 -4.537917 0.032294 0.086993 -0.015822 0.000177 0.030000 0.049045 0.045151 0.011044
10.363419 1.000000 -0.296550 0.588857 -0.012380 0.111741 0.930156 -1.550339 -0.030799 -0.308953 -0.572391 0.020553 0.106887 -0.928274 -1.547056 0.027168 3.468516 11.974779 -13.158159 5.067810 -4.419985 -10.136856 4.745827 4.745827 0.000000 0.848644 5.500000 0.000000 0.002225 0.000000 0.000000 -0.848644 -0.968390 -4.745827 0.035121 0.092468 -0.006579 0.000184 0.030000 0.049098 0.045153 0.011361
10.406902 1.000000 -0.296550 0.588857 -0.012380 0.111741 0.930132 -1.550339 -0.030799 -0.308965 -0.572391 0.020553 0.106911 -0.928274 -1.547032 0.027168 3.296457 11.946035 -12.895851 5.065890 -4.467788 -10.090983 4.895199 4.895199 0.000000 0.755578 5.500000 0.000000 0.002488 0.000000 0.000000 -0.755578 -0.976518 -4.895199 0.036881 0.095748 -0.003826 0.000182 0.030000 0.049148 0.045172 0.011625
10.463820 1.000000 -0.296574 0.588917 -0.012356 0.111729 0.930084 -1.550447 -0.030775 -0.309073 -0.572391 0.020577 0.106875 -0.928274 -1.547199 0.027156 3.185643 11.803884 -13.015014 4.991008 -4.420929 -10.323939 4.861121 4.861121 0.000000 0.705146 5.500000 0.000000 0.002807 0.000000 0.000000 -0.705146 -0.882586 -4.861121 0.038053 0.094791 0.004509 0.000183 0.030000 0.049201 0.045162 0.011945
10.525216 1.000000 -0.296574 0.588929 -0.012368 0.111741 0.930108 -1.550435 -0.030775 -0.309085 -0.572391 0.020577 0.106875 -0.928274 -1.547211 0.027144 3.184991 11.796966 -12.976561 5.161427 -4.479290 -9.898824 4.737958 4.737958 0.000000 0.662492 5.500000 0.000000 0.003189 0.000000 0.000000 -0.662492 -0.894559 -4.737958 0.035743 0.092178 0.003546 0.000182 0.030000 0.049293 0.045195 0.012327
10.561732 1.000000 -0.296586 0.588941 -0.012356 0.111729 0.930084 -1.550423 -0.030775 -0.309109 -0.572415 0.020565 0.106851 -0.928274 -1.547211 0.027132 3.363745 11.798348 -13.028176 5.143243 -4.520682 -9.862333 4.832443 4.832443 0.000000 0.493805 5.500000 0.000000 0.003432 0.000000 0.000000 -0.493805 -0.856881 -4.832443 0.037442 0.092137 0.006249 0.000178 0.030000 0.049344 0.045208 0.012571
10.616384 1.000000 -0.296586 0.588953 -0.012356 0.111717 0.930096 -1.550543 -0.030775 -0.309085 -0.572391 0.020589 0.106827 -0.928250 -1.547247 0.027084 3.014808 11.823142 -12.992851 4.960694 -4.326312 -10.034796 5.121680 5.121680 0.000000 0.651804 5.500000 0.000000 0.003621 0.000000 0.000000 -0.651804 -0.838736 -5.121680 0.039820 0.096135 0.000816 0.000184 0.030000 0.049393 0.045231 0.012760
10.698910 1.000000 -0.296610 0.588941 -0.012380 0.111681 0.930060 -1.550519 -0.030787 -0.309085 -0.572391 0.020589 0.106827 -0.928250 -1.547223 0.027096 3.426553 11.982530 -13.039438 4.908461 -4.901229 -9.892572 5.297691 5.297691 0.000000 0.775330 5.500000 0.000000 0.003722 0.000000 0.000000 -0.775330 -0.748081 -5.297691 0.042870 0.100956 0.000245 0.000193 0.030000 0.049403 0.045244 0.012862
10.757433 1.000000 -0.296610 0.588941 -0.012368 0.111681 0.930084 -1.550507 -0.030764 -0.309085 -0.572367 0.020589 0.106815 -0.928238 -1.547223 0.027084 3.261719 11.995745 -12.963261 5.096060 -4.742869 -9.850144 5.175317 5.175317 0.000000 0.674438 5.500000 0.000000 0.003885 0.000000 0.000000 -0.674438 -0.692663 -5.175317 0.041478 0.099084 0.008474 0.000196 0.030000 0.049446 0.045264 0.013024
10.821728 1.000000 -0.296610 0.588893 -0.012440 0.111453 0.929952 -1.550327 -0.030764 -0.309085 -0.572379 0.020613 0.106791 -0.928214 -1.547032 0.027084 2.969690 12.326777 -12.836995 4.656956 -5.204634 -10.052146 5.044722 5.044722 0.000000 0.627735 5.500000 0.000000 0.004112 0.000000 0.000000 -0.627735 -0.690452 -5.044722 0.039070 0.096710 0.009013 0.000233 0.030000 0.049448 0.045286 0.013252
10.853240 1.000000 -0.296610 0.588905 -0.012428 0.111405 0.929952 -1.550315 -0.030764 -0.309109 -0.572379 0.020625 0.106791 -0.928214 -1.547032 0.027072 2.914495 12.293242 -12.769429 4.649450 -5.283993 -9.978074 4.970657 4.970657 0.000000 0.684669 5.500000 0.000000 0.004279 0.000000 0.000000 -0.684669 -0.731082 -4.970657 0.036981 0.094375 0.006827 0.000236 0.030000 0.049485 0.045304 0.013420
10.883413 1.000000 -0.296586 0.588857 -0.012559 0.109368 0.928921 -1.548817 -0.030799 -0.309085 -0.572391 0.020697 0.106360 -0.928022 -1.545498 0.027096 2.797362 12.612100 -12.728948 4.482020 -5.420448 -9.833374 4.855502 4.855502 0.000000 0.754816 5.500000 0.000000 0.004474 0.000000 0.000000 -0.754816 -0.723282 -4.855502 0.035281 0.092183 0.003500 0.000450 0.030000 0.049021 0.045211 0.013614
10.911257 1.000000 -0.296610 0.588845 -0.012547 0.109368 0.928921 -1.548721 -0.030787 -0.309109 -0.572391 0.020697 0.106264 -0.928034 -1.545378 0.027108 2.627879 12.800607 -12.544558 4.478342 -5.402099 -9.902252 4.819405 4.819405 0.000000 0.818710 5.500000 0.000000 0.004663 0.000000 0.000000 -0.818710 -0.733478 -4.819405 0.033979 0.091198 -0.000598 0.000461 0.030000 0.049063 0.045214 0.013804
10.952679 1.000000 -0.296586 0.588857 -0.012547 0.109344 0.928849 -1.548566 -0.030787 -0.309085 -0.572391 0.020709 0.106132 -0.928022 -1.545342 0.027096 2.674247 12.520613 -12.537083 4.420052 -5.732116 -9.744836 4.814376 4.814376 0.000000 0.799329 5.500000 0.000000 0.004947 0.000000 0.000000 -0.799329 -0.793124 -4.814376 0.033079 0.090823 -0.000033 0.000469 0.030000 0.049135 0.045240 0.014089
10.984274 1.000000 -0.296981 0.588797 -0.012571 0.109188 0.928070 -1.547116 -0.030811 -0.309121 -0.572738 0.020709 0.102273 -0.927987 -1.542981 0.027132 2.572980 13.182836 -12.089524 4.415561 -6.162572 -9.416759 4.897714 4.897714 0.000000 0.781920 5.500000 0.000000 0.005165 0.000000 0.000000 -0.781920 -0.864847 -4.897714 0.033949 0.092294 -0.005799 0.000745 0.030000 0.048938 0.044452 0.014306
11.028283 1.000000 -0.297245 0.588797 -0.012559 0.109164 0.928046 -1.547068 -0.030811 -0.309145 -0.572738 0.020685 0.102249 -0.927975 -1.542825 0.027156 2.474332 13.231862 -12.088055 4.218063 -6.207436 -9.337779 5.012849 5.012849 0.000000 0.751266 5.500000 0.000000 0.005357 0.000000 0.000000 -0.751266 -0.929450 -5.012849 0.034128 0.093528 -0.005430 0.000761 0.030000 0.048906 0.044467 0.014499
11.054005 1.000000 -0.297377 0.588785 -0.012583 0.109140 0.928046 -1.547080 -0.030811 -0.309157 -0.572738 0.020709 0.102249 -0.927975 -1.542765 0.027120 2.514748 13.290134 -12.063306 4.275610 -6.310423 -9.216576 4.854679 4.854679 0.000000 0.776774 5.500000 0.000000 0.005523 0.000000 0.000000 -0.776774 -0.850865 -4.854679 0.033175 0.089997 -0.004139 0.000779 0.030000 0.048913 0.044489 0.014666
11.080394 1.000000 -0.298227 0.588965 -0.012559 0.108985 0.927975 -1.544683 -0.030823 -0.311051 -0.572738 0.020721 0.102142 -0.927711 -1.542178 0.027144 2.533417 13.442608 -12.195229 4.253744 -6.446578 -9.061891 4.730388 4.730388 0.000000 0.855363 5.500000 0.000000 0.005726 0.000000 0.000000 -0.855363 -0.812519 -4.730388 0.031168 0.087673 -0.005519 0.000924 0.030000 0.048617 0.043912 0.014869
11.112821 1.000000 -0.298227 0.588977 -0.012547 0.108997 0.927975 -1.544575 -0.030835 -0.311134 -0.572750 0.020733 0.102142 -0.927711 -1.542178 0.027156 2.760478 13.637005 -12.269415 4.216575 -6.373724 -8.894066 4.669736 4.669736 0.000000 0.959297 5.500000 0.000000 0.006007 0.000000 0.000000 -0.959297 -0.836082 -4.669736 0.030982 0.086581 -0.012719 0.000924 0.030000 0.048703 0.043937 0.015150
11.177653 1.000000 -0.298263 0.588965 -0.012607 0.108901 0.927915 -1.542897 -0.030847 -0.311218 -0.572738 0.020769 0.102118 -0.927651 -1.541962 0.027180 3.493688 13.649066 -12.062297 4.417026 -6.968065 -8.850003 4.945553 4.945553 0.000000 0.555618 5.500000 0.000000 0.006284 0.000000 0.000000 -0.555618 -0.828217 -4.945553 0.032612 0.091204 0.007956 0.000957 0.030000 0.048717 0.043954 0.015428
11.222489 1.000000 -0.298263 0.588977 -0.012595 0.108853 0.927915 -1.542633 -0.030847 -0.311218 -0.572750 0.020793 0.102118 -0.927627 -1.541878 0.027168 3.394221 13.986747 -12.103862 4.408478 -6.770014 -9.019141 4.660875 4.660875 0.000000 0.307846 5.500000 0.000000 0.006660 0.000000 0.000000 -0.307846 -0.632475 -4.660875 0.030112 0.084547 0.022036 0.000958 0.030000 0.048821 0.044025 0.015805
11.270818 1.000000 -0.298251 0.588965 -0.012607 0.108865 0.927903 -1.542418 -0.030835 -0.311218 -0.572750 0.020781 0.102118 -0.927591 -1.541831 0.027180 3.489680 13.945180 -12.057846 4.433322 -6.730947 -8.947176 4.428131 4.428131 0.000000 0.214276 5.500000 0.000000 0.007180 0.000000 0.000000 -0.214276 -0.327979 -4.428131 0.030604 0.079995 0.033355 0.000958 0.030000 0.048994 0.044136 0.016326
11.314170 1.000000 -0.298275 0.588965 -0.012691 0.108745 0.927867 -1.541926 -0.030871 -0.311242 -0.572738 0.020853 0.102106 -0.927411 -1.541567 0.027204 3.279334 13.786979 -12.187049 4.163766 -6.784720 -8.732006 4.260710 4.260710 0.000000 0.189822 5.500000 0.000000 0.007715 0.000000 0.000000 -0.189822 -0.434508 -4.260710 0.024623 0.072920 0.029193 0.000993 0.030000 0.049138 0.044236 0.016861
11.363696 1.000000 -0.298275 0.588965 -0.012715 0.108745 0.927855 -1.541926 -0.030859 -0.311242 -0.572762 0.020841 0.102082 -0.927399 -1.541543 0.027204 3.263007 13.752667 -12.091244 4.199582 -6.945752 -8.601262 3.705648 3.705648 0.000000 0.367439 5.500000 0.000000 0.008605 0.000000 0.000000 -0.367439 -0.426705 -3.705648 0.017730 0.058606 0.006677 0.000992 0.030000 0.049475 0.044473 0.017752
11.412999 1.000000 -0.298275 0.588977 -0.012691 0.108661 0.927807 -1.541902 -0.030871 -0.311266 -0.572762 0.020996 0.102082 -0.927375 -1.541507 0.027216 3.054759 14.202229 -11.760431 4.154441 -6.926362 -8.705106 4.137698 4.137698 0.000000 0.524914 5.500000 0.000000 0.009286 0.000000 0.000000 -0.524914 -0.389088 -4.137698 0.020748 0.062722 -0.005276 0.001014 0.030000 0.049734 0.044677 0.018434
11.464365 1.000000 -0.298275 0.589109 -0.012799 0.108613 0.927651 -1.541399 -0.030883 -0.311230 -0.572762 0.021344 0.102010 -0.927112 -1.541291 0.027264 2.959062 14.357766 -12.151621 3.904180 -7.318267 -8.536471 4.072203 4.072203 0.000000 0.385345 5.500000 0.000000 0.009920 0.000000 0.000000 -0.385345 -0.443695 -4.072203 0.018922 0.060641 -0.003225 0.001055 0.030000 0.049966 0.044855 0.019069
11.497789 1.000000 -0.298275 0.589061 -0.012799 0.108613 0.927639 -1.541315 -0.030883 -0.311242 -0.572762 0.021344 0.101998 -0.927064 -1.541243 0.027240 3.066083 14.416068 -12.010149 3.918921 -7.212775 -8.577798 4.309041 4.309041 0.000000 0.287582 5.500000 0.000000 0.010318 0.000000 0.000000 -0.287582 -0.449576 -4.309041 0.019549 0.064608 0.007115 0.001065 0.030000 0.050143 0.044983 0.019467
11.545536 1.000000 -0.298263 0.589049 -0.012811 0.108601 0.927627 -1.541135 -0.030883 -0.311242 -0.572750 0.021356 0.101962 -0.927004 -1.541111 0.027252 3.121102 14.582230 -11.843169 3.970988 -7.254330 -8.522943 4.537494 4.537494 0.000000 0.270142 5.500000 0.000000 0.010777 0.000000 0.000000 -0.270142 -0.329576 -4.537494 0.022171 0.066796 0.007792 0.001074 0.030000 0.050351 0.045136 0.019927
11.582585 1.000000 -0.298275 0.589037 -0.012955 0.108529 0.927471 -1.540656 -0.030919 -0.311254 -0.572750 0.021356 0.101890 -0.925997 -1.540321 0.027288 2.913584 14.709274 -11.842782 3.831649 -7.384211 -8.386912 4.889443 4.889443 0.000000 0.113201 5.500000 0.000000 0.011021 0.000000 0.000000 -0.113201 -0.249268 -4.889443 0.026772 0.078039 0.021094 0.001101 0.030000 0.050412 0.045065 0.020171
11.633262 1.000000 -0.298275 0.589049 -0.012955 0.108421 0.927387 -1.540644 -0.030919 -0.311266 -0.572738 0.021344 0.101818 -0.925134 -1.540249 0.027300 2.846207 14.668409 -11.818083 3.506896 -7.857746 -8.192856 5.041795 5.041795 0.000000 0.024559 5.500000 0.000000 0.011240 0.000000 0.000000 -0.024559 -0.246131 -5.041795 0.029596 0.083633 0.024989 0.001108 0.030000 0.050487 0.045036 0.020391
11.672651 1.000000 -0.298287 0.589061 -0.012955 0.108277 0.927255 -1.540620 -0.030931 -0.311278 -0.572762 0.021344 0.101722 -0.924259 -1.540213 0.027312 2.716558 14.780164 -11.804244 3.144715 -7.957864 -7.908991 5.159573 5.159573 0.000000 -0.047218 5.500000 0.000000 0.011374 0.000000 0.000000 0.047218 -0.247975 -5.159573 0.029243 0.081772 0.025930 0.001115 0.030000 0.050506 0.044971 0.020525
11.725171 1.000000 -0.300564 0.589276 -0.012164 0.107678 0.925194 -1.536773 -0.030943 -0.319943 -0.572822 0.021032 0.097659 -0.920496 -1.539541 0.027372 4.107450 14.741546 -10.718904 4.193930 -7.082543 -5.769036 5.130488 5.130488 0.000000 -0.039077 5.500000 0.000000 0.011559 0.000000 0.000000 0.039077 -0.381477 -5.130488 0.025754 0.076545 0.025360 0.001862 0.030000 0.049452 0.041280 0.020710
11.760070 1.000000 -0.301080 0.589324 -0.012200 0.107666 0.925086 -1.536713 -0.030943 -0.320482 -0.572834 0.020960 0.097384 -0.920424 -1.539518 0.027372 3.842157 14.746847 -10.757767 3.892514 -7.235684 -5.774192 5.044461 5.044461 0.000000 -0.133220 5.500000 0.000000 0.011718 0.000000 0.000000 0.133220 -0.460712 -5.044461 0.023925 0.075071 0.027537 0.001928 0.030000 0.049363 0.041124 0.020869
11.821173 1.000000 -0.301763 0.589204 -0.012308 0.107594 0.924775 -1.536510 -0.030991 -0.321009 -0.572882 0.020936 0.096833 -0.920101 -1.539194 0.027396 3.951542 14.846342 -10.823071 3.677090 -7.450885 -5.570347 4.904342 4.904342 0.000000 -0.186418 5.500000 0.000000 0.012016 0.000000 0.000000 0.186418 -0.289920 -4.904342 0.024214 0.073826 0.028724 0.002062 0.030000 0.049256 0.040928 0.021167
11.877335 1.000000 -0.305442 0.589336 -0.012452 0.098019 0.923109 -1.531932 -0.031099 -0.322819 -0.572822 0.021272 0.093968 -0.918890 -1.533382 0.027600 2.523208 15.133277 -8.968572 4.235009 -8.074865 -5.767868 4.687609 4.687609 0.000000 -0.027255 5.500000 0.000000 0.012422 0.000000 0.000000 0.027255 -0.320418 -4.687609 0.020188 0.068953 0.018798 0.003360 0.030000 0.046063 0.039568 0.021574
11.915578 1.000000 -0.305634 0.589360 -0.012535 0.097803 0.923037 -1.531824 -0.031111 -0.322831 -0.572834 0.021272 0.093944 -0.918890 -1.533130 0.027600 2.660367 15.016123 -8.910430 4.231347 -8.038971 -5.443240 4.743621 4.743621 0.000000 0.092918 5.500000 0.000000 0.012692 0.000000 0.000000 -0.092918 -0.373353 -4.743621 0.019853 0.068939 0.014979 0.003395 0.030000 0.046081 0.039657 0.021844
11.966127 1.000000 -0.306173 0.589420 -0.012488 0.097396 0.922977 -1.531704 -0.031111 -0.322831 -0.572822 0.021236 0.093848 -0.918771 -1.532735 0.027600 2.809877 14.757811 -8.796763 4.243010 -7.965129 -5.319922 5.042345 5.042345 0.000000 0.480846 5.500000 0.000000 0.012920 0.000000 0.000000 -0.480846 -0.850403 -5.042345 0.017225 0.072236 -0.017694 0.003444 0.030000 0.045943 0.039702 0.022073
12.018189 1.000000 -0.314466 0.589744 -0.012595 0.095191 0.919849 -1.529043 -0.031303 -0.322975 -0.572834 0.021152 0.093369 -0.918387 -1.526970 0.027875 3.053381 15.481214 -7.005850 4.957656 -8.455850 -5.327103 5.213748 5.213748 0.000000 0.846019 5.500000 0.000000 0.013064 0.000000 0.000000 -0.846019 -1.024757 -5.213748 0.014774 0.073336 -0.028998 0.004070 0.030000 0.042704 0.039397 0.022216
12.060079 1.000000 -0.314610 0.589768 -0.012595 0.095035 0.919178 -1.528983 -0.031303 -0.322987 -0.572834 0.021140 0.093345 -0.918363 -1.526934 0.027887 3.121609 15.423532 -6.895638 4.959734 -8.665460 -5.240048 5.087653 5.087653 0.000000 0.852508 5.500000 0.000000 0.013236 0.000000 0.000000 -0.852508 -0.973998 -5.087653 0.017398 0.074060 -0.024427 0.004084 0.030000 0.042648 0.039451 0.022389
12.096649 1.000000 -0.314694 0.589828 -0.012583 0.094771 0.917920 -1.528804 -0.031339 -0.323011 -0.572822 0.021140 0.093309 -0.918267 -1.526790 0.027899 2.856764 15.497504 -6.624637 4.940967 -8.701166 -5.285829 5.093832 5.093832 0.000000 0.664640 5.500000 0.000000 0.013385 0.000000 0.000000 -0.664640 -0.910561 -5.093832 0.019366 0.076257 -0.001435 0.004096 0.030000 0.042517 0.039480 0.022537
12.136035 1.000000 -0.314730 0.589828 -0.012583 0.094591 0.916925 -1.528600 -0.031363 -0.323011 -0.572834 0.021140 0.093249 -0.918100 -1.526634 0.027911 2.772795 15.561597 -6.541522 4.844040 -8.869008 -5.089145 5.315354 5.315354 0.000000 0.707205 5.500000 0.000000 0.013385 0.000000 0.000000 -0.707205 -0.950677 -5.315354 0.023087 0.081946 -0.000182 0.004108 0.030000 0.042369 0.039446 0.022537
12.176173 1.000000 -0.314790 0.590031 -0.012524 0.094196 0.911173 -1.527186 -0.031447 -0.323047 -0.572834 0.021176 0.091823 -0.913330 -1.525951 0.028031 2.737818 16.154357 -6.746726 4.050579 -9.091024 -4.473650 5.408960 5.408960 0.000000 0.716086 5.500000 0.000000 0.013385 0.000000 0.000000 -0.716086 -1.096728 -5.408960 0.024479 0.084932 -0.003785 0.004143 0.030000 0.041753 0.038663 0.022537
12.215142 1.000000 -0.314790 0.590079 -0.012535 0.094184 0.911161 -1.527174 -0.031435 -0.323047 -0.572834 0.021188 0.091775 -0.912802 -1.525951 0.028043 2.663463 16.131577 -6.568148 3.842554 -9.380122 -4.278724 5.536437 5.536437 0.000000 0.704844 5.500000 0.000000 0.013385 0.000000 0.000000 -0.704844 -1.125630 -5.536437 0.028132 0.089800 -0.004396 0.004139 0.030000 0.041749 0.038608 0.022537
12.260902 1.000000 -0.314790 0.590067 -0.012535 0.094172 0.911041 -1.527174 -0.031435 -0.323023 -0.572834 0.021224 0.091727 -0.912227 -1.525939 0.028043 2.591649 16.175219 -6.384737 3.790887 -9.465863 -4.186075 5.827004 5.827004 0.000000 0.663757 5.500000 0.000000 0.013235 0.000000 0.000000 -0.663757 -1.112669 -5.827004 0.035308 0.096736 -0.005457 0.004143 0.030000 0.041665 0.038502 0.022387
12.316155 1.000000 -0.314790 0.590091 -0.012452 0.094100 0.910046 -1.526371 -0.031483 -0.323059 -0.572822 0.021224 0.091224 -0.910813 -1.525448 0.028103 2.422762 16.103968 -6.246752 3.675302 -9.500744 -4.318240 5.939071 5.939071 0.000000 0.741281 5.500000 0.000000 0.013016 0.000000 0.000000 -0.741281 -1.112211 -5.939071 0.038817 0.099727 -0.012549 0.004158 0.030000 0.041461 0.038187 0.022168
12.385049 1.000000 -0.314790 0.590103 -0.012452 0.094100 0.910010 -1.526323 -0.031495 -0.323071 -0.572846 0.021224 0.091200 -0.910765 -1.525340 0.028127 2.341553 16.434818 -6.133916 3.742004 -9.916095 -4.154766 5.952207 5.952207 0.000000 0.694192 5.500000 0.000000 0.012789 0.000000 0.000000 -0.694192 -1.047511 -5.952207 0.040563 0.101041 -0.005699 0.004155 0.030000 0.041355 0.038098 0.021941
12.436963 1.000000 -0.314802 0.590091 -0.012488 0.094076 0.909962 -1.526263 -0.031495 -0.323071 -0.572834 0.021224 0.091128 -0.910765 -1.525232 0.028103 2.379731 16.501724 -6.083183 3.713008 -9.804833 -4.144512 5.971740 5.971740 0.000000 0.591019 5.500000 0.000000 0.012554 0.000000 0.000000 -0.591019 -1.032289 -5.971740 0.041405 0.103173 0.007234 0.004171 0.030000 0.041236 0.038007 0.021705
12.480073 1.000000 -0.314706 0.590175 -0.013626 0.093657 0.909759 -1.525963 -0.031674 -0.322987 -0.574416 0.021799 0.090948 -0.910825 -1.524513 0.028379 2.150279 16.663995 -6.097381 3.446709 -10.353803 -4.112132 6.064230 6.064230 0.000000 0.564096 5.500000 0.000000 0.012310 0.000000 0.000000 -0.564096 -1.069435 -6.064230 0.043338 0.105650 0.007200 0.004154 0.030000 0.041028 0.037856 0.021462
12.536302 1.000000 -0.314706 0.590187 -0.013890 0.093657 0.909759 -1.525975 -0.031698 -0.322963 -0.574692 0.022087 0.090948 -0.910825 -1.524453 0.028403 2.125760 17.091628 -6.010691 3.306606 -10.598564 -4.040191 6.077173 6.077173 0.000000 0.783927 5.500000 0.000000 0.012022 0.000000 0.000000 -0.783927 -1.102980 -6.077173 0.045587 0.105335 -0.017411 0.004177 0.030000 0.040904 0.037771 0.021173
12.600946 1.000000 -0.314706 0.590199 -0.014069 0.093657 0.909770 -1.525975 -0.031710 -0.322939 -0.574871 0.022123 0.090948 -0.910825 -1.524453 0.028427 2.024725 16.611169 -6.262839 3.335179 -10.703507 -3.900446 6.020289 6.020289 0.000000 0.782304 5.500000 0.000000 0.011762 0.000000 0.000000 -0.782304 -0.991053 -6.020289 0.045932 0.104545 -0.012169 0.004172 0.030000 0.040799 0.037702 0.020913
12.648585 1.000000 -0.314706 0.590043 -0.017773 0.093477 0.909759 -1.525891 -0.031818 -0.322915 -0.577316 0.022554 0.090960 -0.910957 -1.523650 0.028546 1.920320 16.448319 -6.612084 3.191644 -11.364858 -4.030550 5.989061 5.989061 0.000000 0.789125 5.500000 0.000000 0.011517 0.000000 0.000000 -0.789125 -0.978971 -5.989061 0.045705 0.104601 -0.009506 0.004340 0.030000 0.040618 0.037572 0.020668
12.708889 1.000000 -0.314682 0.590007 -0.017988 0.093477 0.909759 -1.525891 -0.031806 -0.322915 -0.577400 0.022578 0.090960 -0.910957 -1.523507 0.028534 1.934293 16.381376 -6.806064 3.278959 -11.466384 -4.142122 5.988840 5.988840 0.000000 0.779011 5.500000 0.000000 0.011273 0.000000 0.000000 -0.779011 -0.964271 -5.988840 0.045197 0.104898 -0.004464 0.004361 0.030000 0.040540 0.037510 0.020423
12.763521 1.000000 -0.314694 0.590007 -0.018144 0.093477 0.909782 -1.525903 -0.031806 -0.322915 -0.577436 0.022590 0.090960 -0.910957 -1.523411 0.028558 2.105940 16.137619 -6.676539 3.249362 -11.614058 -3.970609 6.053268 6.053268 0.000000 0.797016 5.500000 0.000000 0.010996 0.000000 0.000000 -0.797016 -1.005556 -6.053268 0.045999 0.105801 -0.010297 0.004378 0.030000 0.040446 0.037446 0.020146
12.818264 1.000000 -0.314646 0.589959 -0.019355 0.093453 0.909782 -1.525700 -0.031842 -0.322867 -0.578766 0.022686 0.090972 -0.910981 -1.523135 0.028630 2.118003 16.546236 -6.553200 3.001507 -11.425551 -3.919274 6.071776 6.071776 0.000000 0.856685 5.500000 0.000000 0.010710 0.000000 0.000000 -0.856685 -1.040523 -6.071776 0.045910 0.106030 -0.014727 0.004331 0.030000 0.040368 0.037364 0.019860
12.862711 1.000000 -0.314622 0.589768 -0.019498 0.093489 0.909878 -1.525100 -0.031818 -0.322855 -0.580072 0.022686 0.090948 -0.911113 -1.523051 0.028642 2.117765 16.022518 -6.542928 3.127968 -11.579462 -4.032233 6.090423 6.090423 0.000000 0.815938 5.500000 0.000000 0.010415 0.000000 0.000000 -0.815938 -1.031516 -6.090423 0.046403 0.106550 -0.012787 0.004166 0.030000 0.040305 0.037272 0.019565
12.907243 1.000000 -0.314622 0.589780 -0.019498 0.093501 0.909866 -1.525100 -0.031818 -0.322879 -0.580144 0.022662 0.090972 -0.911101 -1.523063 0.028642 2.136593 15.958703 -6.462805 3.347710 -11.550879 -4.198835 6.114524 6.114524 0.000000 0.789994 5.500000 0.000000 0.010170 0.000000 0.000000 -0.789994 -0.985901 -6.114524 0.048409 0.107920 -0.009926 0.004147 0.030000 0.040241 0.037219 0.019320
12.958675 1.000000 -0.314622 0.589780 -0.019534 0.093477 0.909878 -1.525089 -0.031818 -0.322867 -0.580264 0.022698 0.090972 -0.911101 -1.523075 0.028642 2.119292 15.684252 -6.564015 3.195175 -11.725628 -4.116620 6.174296 6.174296 0.000000 0.773170 5.500000 0.000000 0.009839 0.000000 0.000000 -0.773170 -1.022685 -6.174296 0.048420 0.108865 -0.009133 0.004138 0.030000 0.040153 0.037161 0.018988
13.023087 1.000000 -0.314622 0.589684 -0.019534 0.093501 0.909950 -1.525136 -0.031794 -0.322867 -0.580648 0.022638 0.090972 -0.911173 -1.523183 0.028630 2.379101 15.567436 -6.658046 3.700535 -11.339170 -4.018124 6.238416 6.238416 0.000000 0.691721 5.500000 0.000000 0.009470 0.000000 0.000000 -0.691721 -0.999419 -6.238416 0.049750 0.110060 -0.003101 0.004082 0.030000 0.040073 0.037090 0.018618
13.073757 1.000000 -0.314634 0.589684 -0.019522 0.093513 0.909962 -1.525124 -0.031782 -0.322879 -0.580636 0.022614 0.090972 -0.911173 -1.523171 0.028618 2.387515 15.366176 -6.637423 3.716439 -11.197548 -4.066646 6.267974 6.267974 0.000000 0.691754 5.500000 0.000000 0.009086 0.000000 0.000000 -0.691754 -1.018143 -6.267974 0.051799 0.111097 -0.006001 0.004080 0.030000 0.039989 0.037032 0.018234
13.142735 1.000000 -0.314622 0.589684 -0.019522 0.093513 0.909974 -1.525136 -0.031794 -0.322867 -0.580648 0.022614 0.090972 -0.911161 -1.523159 0.028618 2.424535 15.528762 -6.710669 3.744724 -10.932028 -4.174206 6.302915 6.302915 0.000000 0.706708 5.500000 0.000000 0.008684 0.000000 0.000000 -0.706708 -1.040228 -6.302915 0.051584 0.111651 -0.007986 0.004077 0.030000 0.039915 0.036987 0.017832
13.215612 1.000000 -0.314622 0.589744 -0.019450 0.093549 0.909998 -1.525544 -0.031746 -0.322867 -0.580648 0.022602 0.090972 -0.911233 -1.523447 0.028594 2.524662 15.132464 -6.600911 3.574089 -10.762929 -3.974442 6.288461 6.288461 0.000000 0.692824 5.500000 0.000000 0.008290 0.000000 0.000000 -0.692824 -1.040109 -6.288461 0.052002 0.111406 -0.005564 0.004054 0.030000 0.039842 0.036942 0.017437
13.289015 1.000000 -0.314622 0.589732 -0.019474 0.093537 0.910010 -1.525556 -0.031746 -0.322879 -0.580648 0.022614 0.090984 -0.911245 -1.523495 0.028594 2.306870 15.032927 -6.493789 3.684091 -10.812468 -3.923927 6.260739 6.260739 0.000000 0.738054 5.500000 0.000000 0.007910 0.000000 0.000000 -0.738054 -1.041953 -6.260739 0.052314 0.111308 -0.009625 0.004061 0.030000 0.039781 0.036910 0.017056
13.354818 1.000000 -0.314622 0.589756 -0.019151 0.093561 0.910010 -1.526035 -0.031710 -0.322891 -0.580648 0.022614 0.090972 -0.911281 -1.523926 0.028558 2.694433 14.810235 -6.750651 3.788471 -10.801550 -4.392702 6.336875 6.336875 0.000000 0.661335 5.500000 0.000000 0.007491 0.000000 0.000000 -0.661335 -1.058570 -6.336875 0.053676 0.113181 -0.006346 0.004015 0.030000 0.039706 0.036865 0.016637
13.402607 1.000000 -0.314622 0.589768 -0.019139 0.093561 0.910010 -1.526143 -0.031698 -0.322867 -0.580636 0.022602 0.090984 -0.911281 -1.524010 0.028558 2.610038 14.684454 -6.750260 3.831675 -10.739018 -4.185610 6.360036 6.360036 0.000000 0.706589 5.500000 0.000000 0.007081 0.000000 0.000000 -0.706589 -1.077674 -6.360036 0.054163 0.113054 -0.009145 0.004009 0.030000 0.039652 0.036855 0.016226
13.462853 1.000000 -0.314622 0.589756 -0.018815 0.093585 0.910130 -1.527294 -0.031650 -0.322891 -0.580648 0.022590 0.090984 -0.911376 -1.525280 0.028510 2.283420 14.438874 -6.712685 3.693179 -10.437403 -4.085999 6.333549 6.333549 0.000000 0.674462 5.500000 0.000000 0.006664 0.000000 0.000000 -0.674462 -1.063017 -6.333549 0.054312 0.112530 -0.008546 0.003965 0.030000 0.039576 0.036791 0.015808
13.514989 1.000000 -0.314622 0.589768 -0.018791 0.093585 0.910130 -1.527330 -0.031662 -0.322879 -0.580648 0.022590 0.090984 -0.911376 -1.525280 0.028510 2.256186 14.588842 -6.637790 3.703454 -10.042022 -4.275702 6.325318 6.325318 0.000000 0.675585 5.500000 0.000000 0.006251 0.000000 0.000000 -0.675585 -1.063799 -6.325318 0.053994 0.113133 -0.007782 0.003959 0.030000 0.039538 0.036794 0.015395
13.565652 1.000000 -0.314622 0.589756 -0.018755 0.093561 0.910142 -1.527377 -0.031638 -0.322867 -0.580648 0.022590 0.090972 -0.911376 -1.525340 0.028498 2.546126 14.645580 -6.773295 3.403099 -10.230883 -3.992978 6.376661 6.376661 0.000000 0.674041 5.500000 0.000000 0.005813 0.000000 0.000000 -0.674041 -1.101905 -6.376661 0.054942 0.113780 -0.008976 0.003959 0.030000 0.039501 0.036800 0.014956
13.600294 1.000000 -0.314622 0.589780 -0.018755 0.093585 0.910154 -1.527413 -0.031650 -0.322867 -0.580648 0.022578 0.090984 -0.911376 -1.525400 0.028534 2.527628 14.468510 -6.871653 3.317122 -10.216292 -3.992511 6.358825 6.358825 0.000000 0.671499 5.500000 0.000000 0.005533 0.000000 0.000000 -0.671499 -1.092242 -6.358825 0.054866 0.113033 -0.009657 0.003951 0.030000 0.039492 0.036813 0.014675
13.644106 1.000000 -0.314622 0.589816 -0.018144 0.093597 0.910346 -1.529019 -0.031578 -0.322867 -0.580708 0.022566 0.090984 -0.911460 -1.527186 0.028427 2.589720 14.048968 -6.742083 3.488646 -9.775551 -4.097552 6.376256 6.376256 0.000000 0.683369 5.500000 0.000000 0.005149 0.000000 0.000000 -0.683369 -1.103741 -6.376256 0.055640 0.113661 -0.010017 0.003852 0.030000 0.039407 0.036743 0.014291
13.698420 1.000000 -0.314622 0.589828 -0.018156 0.093597 0.910358 -1.529043 -0.031578 -0.322867 -0.580708 0.022554 0.090984 -0.911484 -1.527234 0.028415 2.385476 13.898650 -6.792377 3.527087 -9.636185 -4.079397 6.383142 6.383142 0.000000 0.657589 5.500000 0.000000 0.004707 0.000000 0.000000 -0.657589 -1.109234 -6.383142 0.055307 0.113422 -0.007396 0.003851 0.030000 0.039396 0.036768 0.013848
13.760838 1.000000 -0.314622 0.589828 -0.018144 0.093597 0.910370 -1.529055 -0.031554 -0.322879 -0.580708 0.022554 0.091008 -0.911484 -1.527318 0.028427 2.608674 14.149403 -6.849135 3.562413 -9.620448 -4.154228 6.413810 6.413810 0.000000 0.667890 5.500000 0.000000 0.004250 0.000000 0.000000 -0.667890 -1.130348 -6.413810 0.056489 0.114136 -0.009205 0.003848 0.030000 0.039393 0.036806 0.013391
13.812751 1.000000 -0.314622 0.589840 -0.018132 0.093597 0.910370 -1.529079 -0.031566 -0.322867 -0.580720 0.022542 0.090984 -0.911484 -1.527306 0.028415 2.355818 13.919304 -6.694751 3.460824 -9.909666 -3.954546 6.392514 6.392514 0.000000 0.684188 5.500000 0.000000 0.003804 0.000000 0.000000 -0.684188 -1.144852 -6.392514 0.056567 0.113044 -0.011613 0.003842 0.030000 0.039403 0.036855 0.012943
13.869419 1.000000 -0.314610 0.589852 -0.017545 0.093645 0.910489 -1.530062 -0.031495 -0.322867 -0.580780 0.022339 0.090984 -0.911532 -1.528684 0.028331 2.288863 13.687466 -6.749314 3.358260 -9.296198 -3.933684 6.358618 6.358618 0.000000 0.720722 5.500000 0.000000 0.003387 0.000000 0.000000 -0.720722 -1.139314 -6.358618 0.055484 0.112717 -0.010796 0.003723 0.030000 0.039363 0.036813 0.012526
13.920269 1.000000 -0.314610 0.589852 -0.017545 0.093645 0.910489 -1.530242 -0.031483 -0.322867 -0.580780 0.022339 0.090984 -0.911544 -1.528876 0.028331 2.445091 13.269465 -6.600902 3.492415 -8.933025 -4.322739 6.465648 6.465648 0.000000 0.680142 5.500000 0.000000 0.002905 0.000000 0.000000 -0.680142 -1.146382 -6.465648 0.056776 0.113987 -0.008254 0.003722 0.030000 0.039382 0.036874 0.012042
13.966990 1.000000 -0.314610 0.589864 -0.017533 0.093633 0.910502 -1.530410 -0.031483 -0.322867 -0.580768 0.022315 0.091008 -0.911556 -1.529019 0.028319 2.564450 13.268156 -6.745753 3.628947 -8.700098 -4.249285 6.501553 6.501553 0.000000 0.719821 5.500000 0.000000 0.002436 0.000000 0.000000 -0.719821 -1.153874 -6.501553 0.056997 0.114329 -0.008223 0.003717 0.030000 0.039410 0.036949 0.011573
14.019867 1.000000 -0.314610 0.589876 -0.017161 0.093669 0.910573 -1.531416 -0.031411 -0.322879 -0.580863 0.022195 0.091008 -0.911832 -1.530338 0.028199 2.422308 13.090533 -6.597392 3.504661 -8.724252 -4.082498 6.592729 6.592729 0.000000 0.672477 5.500000 0.000000 0.001890 0.000000 0.000000 -0.672477 -1.169061 -6.592729 0.057442 0.114865 -0.005490 0.003633 0.030000 0.039399 0.036960 0.011026
14.068968 1.000000 -0.314586 0.589876 -0.017101 0.093693 0.910645 -1.531608 -0.031423 -0.322867 -0.580863 0.022135 0.091008 -0.911820 -1.530469 0.028199 2.315947 12.911889 -6.729978 3.545291 -8.651321 -4.333304 6.601254 6.601254 0.000000 0.698869 5.500000 0.000000 0.001352 0.000000 0.000000 -0.698869 -1.172829 -6.601254 0.058271 0.114920 -0.006420 0.003614 0.030000 0.039470 0.037065 0.010487
14.135284 1.000000 -0.314598 0.589864 -0.017030 0.093693 0.910657 -1.531752 -0.031387 -0.322867 -0.580863 0.022111 0.091008 -0.911820 -1.530637 0.028199 2.451938 12.919255 -6.616494 3.661648 -8.694066 -4.313616 6.647625 6.647625 0.000000 0.686871 5.500000 0.000000 0.000778 0.000000 0.000000 -0.686871 -1.165524 -6.647625 0.058752 0.115462 -0.003909 0.003604 0.030000 0.039541 0.037192 0.009912
14.185420 1.000000 -0.314586 0.590031 -0.016526 0.093777 0.910861 -1.534388 -0.031303 -0.322867 -0.580947 0.021823 0.091032 -0.912155 -1.533513 0.028007 2.222419 12.532610 -6.759537 3.325030 -8.044525 -4.173403 6.608825 6.608825 0.000000 0.653029 5.500000 0.000000 0.000224 0.000000 0.000000 -0.653029 -1.149196 -6.608825 0.058515 0.114050 -0.003730 0.003448 0.030000 0.039467 0.037120 0.009356
14.223187 1.000000 -0.314610 0.590043 -0.016442 0.093765 0.910861 -1.534676 -0.031291 -0.322879 -0.580947 0.021811 0.091032 -0.912191 -1.533729 0.028007 2.344036 12.611107 -6.710393 3.171047 -7.987869 -4.217484 6.532705 6.532705 0.000000 0.692699 5.500000 0.000000 0.000000 0.000000 0.000000 -0.692699 -1.158669 -6.532705 0.058923 0.113495 -0.007134 0.003436 0.030000 0.039475 0.037163 0.009132
14.275610 1.000000 -0.314598 0.590163 -0.015579 0.093872 0.911065 -1.538787 -0.031183 -0.322867 -0.581031 0.021344 0.091044 -0.912539 -1.538391 0.027827 2.028654 12.136906 -6.562365 2.527848 -7.697075 -4.244425 6.458708 6.458708 0.000000 0.696302 5.500000 0.000000 0.000000 0.000000 0.000000 -0.696302 -1.170414 -6.458708 0.057982 0.111826 -0.007493 0.003210 0.030000 0.039240 0.036870 0.009132
14.327352 1.000000 -0.314586 0.590187 -0.015460 0.093884 0.911053 -1.539002 -0.031183 -0.322867 -0.581031 0.021296 0.091056 -0.912551 -1.538727 0.027791 2.198171 11.931886 -6.825908 2.675325 -7.324901 -4.115458 6.483896 6.483896 0.000000 0.705977 5.500000 0.000000 0.000000 0.000000 0.000000 -0.705977 -1.157648 -6.483896 0.057762 0.111651 -0.006690 0.003181 0.030000 0.039229 0.036850 0.009132
14.379550 1.000000 -0.314598 0.590211 -0.015268 0.093908 0.911065 -1.539158 -0.031171 -0.322867 -0.581043 0.021260 0.091056 -0.912551 -1.539002 0.027791 1.762203 12.197132 -6.704530 2.499793 -7.486030 -4.203701 6.504315 6.504315 0.000000 0.756066 5.500000 0.000000 0.000000 0.000000 0.000000 -0.756066 -1.194274 -6.504315 0.056875 0.112190 -0.008387 0.003145 0.030000 0.039210 0.036834 0.009132
14.438075 1.000000 -0.314586 0.591026 -0.013422 0.094004 0.911604 -1.541495 -0.031075 -0.322867 -0.581079 0.020877 0.091068 -0.912946 -1.541435 0.027588 1.847612 11.848684 -6.473121 2.266897 -6.783776 -4.191050 6.562557 6.562557 0.000000 0.772040 5.500000 0.000000 0.000000 0.000000 0.000000 -0.772040 -1.180756 -6.562557 0.057500 0.113189 -0.007775 0.002710 0.030000 0.039033 0.036707 0.009132
14.476455 1.000000 -0.314586 0.591134 -0.013291 0.094004 0.911664 -1.541627 -0.031063 -0.322867 -0.581079 0.020865 0.091068 -0.912946 -1.541531 0.027600 1.747598 11.721815 -6.640153 2.338823 -6.589326 -4.210717 6.575626 6.575626 0.000000 0.783301 5.500000 0.000000 0.000000 0.000000 0.000000 -0.783301 -1.188120 -6.575626 0.057549 0.112760 -0.008346 0.002674 0.030000 0.039021 0.036704 0.009132
14.525352 1.000000 -0.314574 0.591182 -0.013171 0.094016 0.911676 -1.541723 -0.031051 -0.322867 -0.581079 0.020817 0.091080 -0.912958 -1.541627 0.027576 1.888420 11.830723 -6.610887 2.256869 -6.750937 -4.105330 6.572904 6.572904 0.000000 0.784529 5.500000 0.000000 0.000000 0.000000 0.000000 -0.784529 -1.177631 -6.572904 0.057498 0.112892 -0.007704 0.002642 0.030000 0.039015 0.036697 0.009132
14.593276 1.000000 -0.314586 0.593003 -0.012416 0.094208 0.912095 -1.546061 -0.030955 -0.322879 -0.581343 0.020325 0.091116 -0.913138 -1.542813 0.027444 1.124687 11.799032 -6.426189 2.431617 -6.322514 -4.185514 6.552445 6.552445 0.000000 0.789269 5.500000 0.000000 0.000000 0.000000 0.000000 -0.789269 -1.188557 -6.552445 0.057176 0.112548 -0.008051 0.002121 0.030000 0.038864 0.036600 0.009132
14.646558 1.000000 -0.314562 0.593003 -0.012368 0.094196 0.912143 -1.546396 -0.030955 -0.322891 -0.581331 0.020337 0.091104 -0.913114 -1.542813 0.027408 1.200607 11.857737 -6.454822 2.407618 -6.003862 -4.268409 6.547217 6.547217 0.000000 0.794674 5.500000 0.000000 0.000000 0.000000 0.000000 -0.794674 -1.181660 -6.547217 0.057192 0.112538 -0.008125 0.002119 0.030000 0.038865 0.036591 0.009132
14.689274 1.000000 -0.314586 0.593243 -0.012320 0.094232 0.912167 -1.546744 -0.030931 -0.322879 -0.581367 0.020301 0.091104 -0.913138 -1.542933 0.027372 1.096175 11.869106 -6.469310 2.354142 -6.006638 -4.286350 6.568795 6.568795 0.000000 0.798728 5.500000 0.000000 0.000000 0.000000 0.000000 -0.798728 -1.174719 -6.568795 0.057147 0.112494 -0.008293 0.002060 0.030000 0.038849 0.036583 0.009132
14.733357 1.000000 -0.314574 0.594861 -0.011493 0.094663 0.913534 -1.549728 -0.030787 -0.322891 -0.581654 0.019966 0.091128 -0.913869 -1.545150 0.027144 1.160249 11.546144 -6.598678 2.640776 -5.458487 -4.274372 6.557808 6.557808 0.000000 0.800142 5.500000 0.000000 0.000000 0.000000 0.000000 -0.800142 -1.180660 -6.557808 0.056823 0.112577 -0.007687 0.001568 0.030000 0.038881 0.036499 0.009132
14.768970 1.000000 -0.314586 0.594897 -0.011433 0.094675 0.913545 -1.549908 -0.030775 -0.322891 -0.581666 0.019966 0.091128 -0.913893 -1.545246 0.027144 1.059116 11.569934 -6.480371 2.631093 -5.401680 -4.324487 6.563186 6.563186 0.000000 0.793506 5.500000 0.000000 0.000000 0.000000 0.000000 -0.793506 -1.170210 -6.563186 0.056766 0.112516 -0.008074 0.001552 0.030000 0.038875 0.036498 0.009132
14.831342 1.000000 -0.314574 0.594993 -0.011373 0.094663 0.913557 -1.550076 -0.030764 -0.322867 -0.581690 0.019954 0.091152 -0.913941 -1.545414 0.027132 1.062197 11.324956 -6.771514 2.365238 -5.301358 -4.330114 6.572520 6.572520 0.000000 0.808692 5.500000 0.000000 0.000000 0.000000 0.000000 -0.808692 -1.192148 -6.572520 0.057281 0.113071 -0.008183 0.001520 0.030000 0.038872 0.036504 0.009132
14.886337 1.000000 -0.314562 0.595520 -0.011145 0.094687 0.913857 -1.550507 -0.030740 -0.322867 -0.581738 0.019918 0.091140 -0.914301 -1.545893 0.027060 1.087841 11.442002 -6.638404 2.385997 -5.192223 -4.078868 6.602495 6.602495 0.000000 0.801152 5.500000 0.000000 0.000000 0.000000 0.000000 -0.801152 -1.178139 -6.602495 0.057138 0.113118 -0.007197 0.001393 0.030000 0.038874 0.036500 0.009132
14.938201 1.000000 -0.314562 0.595508 -0.011145 0.094699 0.913893 -1.550483 -0.030728 -0.322867 -0.581714 0.019906 0.091152 -0.914348 -1.545917 0.027072 1.024585 11.567870 -6.578230 2.310776 -5.222256 -4.271194 6.648069 6.648069 0.000000 0.791171 5.500000 0.000000 0.000000 0.000000 0.000000 -0.791171 -1.183707 -6.648069 0.057413 0.113460 -0.006423 0.001396 0.030000 0.038876 0.036506 0.009132
14.980077 1.000000 -0.314574 0.595520 -0.011145 0.094699 0.913917 -1.550507 -0.030752 -0.322867 -0.581738 0.019906 0.091152 -0.914348 -1.545941 0.027048 1.117887 11.288555 -6.638990 2.287831 -5.191865 -4.163542 6.647959 6.647959 0.000000 0.804292 5.500000 0.000000 0.000000 0.000000 0.000000 -0.804292 -1.176492 -6.647959 0.057992 0.113668 -0.006850 0.001390 0.030000 0.038876 0.036502 0.009132
15.039233 1.000000 -0.314574 0.595616 -0.011121 0.094723 0.914217 -1.550519 -0.030728 -0.322891 -0.581750 0.019906 0.091140 -0.914408 -1.546145 0.027036 1.000031 11.857952 -6.468068 2.434489 -5.401115 -4.253294 6.618483 6.618483 0.000000 0.801186 5.500000 0.000000 0.000000 0.000000 0.000000 -0.801186 -1.172490 -6.618483 0.057452 0.113098 -0.006542 0.001372 0.030000 0.038890 0.036491 0.009132
15.074742 1.000000 -0.314562 0.595640 -0.011145 0.094711 0.914229 -1.550519 -0.030728 -0.322867 -0.581738 0.019906 0.091152 -0.914432 -1.546145 0.027024 0.972054 11.837000 -6.605519 2.335549 -5.264616 -4.278914 6.637106 6.637106 0.000000 0.809566 5.500000 0.000000 0.000000 0.000000 0.000000 -0.809566 -1.179216 -6.637106 0.057388 0.112960 -0.006657 0.001371 0.030000 0.038893 0.036501 0.009132
15.121635 1.000000 -0.314586 0.595628 -0.011145 0.094711 0.914253 -1.550519 -0.030740 -0.322879 -0.581726 0.019894 0.091164 -0.914432 -1.546121 0.027024 1.146431 11.515198 -6.519905 2.520557 -5.341433 -4.270667 6.618949 6.618949 0.000000 0.822962 5.500000 0.000000 0.000000 0.000000 0.000000 -0.822962 -1.167171 -6.618949 0.057253 0.113243 -0.007079 0.001375 0.030000 0.038889 0.036499 0.009132
15.148179 1.000000 -0.314562 0.595676 -0.011157 0.094711 0.914384 -1.550519 -0.030716 -0.322867 -0.581750 0.019906 0.091152 -0.914432 -1.546289 0.026988 0.939287 11.607867 -6.446091 2.375403 -5.330445 -4.264191 6.613518 6.613518 0.000000 0.810769 5.500000 0.000000 0.000000 0.000000 0.000000 -0.810769 -1.174294 -6.613518 0.057059 0.113006 -0.006425 0.001365 0.030000 0.038900 0.036494 0.009132
15.185554 1.000000 -0.314574 0.595688 -0.011133 0.094735 0.914396 -1.550507 -0.030716 -0.322879 -0.581750 0.019906 0.091152 -0.914432 -1.546313 0.027000 1.058480 11.583211 -6.508132 2.222129 -5.421527 -4.238785 6.732526 6.732526 0.000000 0.821147 5.500000 0.000000 0.000000 0.000000 0.000000 -0.821147 -1.211739 -6.732526 0.058047 0.114741 -0.007719 0.001359 0.030000 0.038900 0.036491 0.009132
15.211925 1.000000 -0.314562 0.595700 -0.011133 0.094735 0.914408 -1.550507 -0.030728 -0.322879 -0.581750 0.019906 0.091152 -0.914432 -1.546325 0.027012 0.981589 11.925741 -6.576434 2.303252 -5.295804 -4.219976 6.779394 6.779394 0.000000 0.805229 5.500000 0.000000 0.000000 0.000000 0.000000 -0.805229 -1.248098 -6.779394 0.059084 0.115183 -0.008278 0.001357 0.030000 0.038905 0.036492 0.009132
15.241981 1.000000 -0.314562 0.595688 -0.011133 0.094735 0.914384 -1.550519 -0.030704 -0.322867 -0.581750 0.019906 0.091164 -0.914456 -1.546337 0.027012 1.072798 11.605179 -6.554722 2.353744 -5.347083 -4.243296 6.716694 6.716694 0.000000 0.797314 5.500000 0.000000 0.000000 0.000000 0.000000 -0.797314 -1.223938 -6.716694 0.058933 0.114466 -0.008364 0.001357 0.030000 0.038902 0.036499 0.009132
15.268533 1.000000 -0.314562 0.595736 -0.011133 0.094735 0.914396 -1.550495 -0.030716 -0.322867 -0.581786 0.019906 0.091152 -0.914480 -1.546516 0.027000 1.115458 11.701453 -6.517364 2.317172 -5.286311 -4.226406 6.211514 6.211514 0.000000 0.922750 5.500000 0.000000 0.000000 0.000000 0.000000 -0.922750 -1.257743 -6.211514 0.052079 0.105727 -0.016529 0.001344 0.030000 0.038903 0.036492 0.009132
15.292132 1.000000 -0.314550 0.595748 -0.011133 0.094723 0.914384 -1.550507 -0.030716 -0.322879 -0.581774 0.019894 0.091152 -0.914468 -1.546552 0.026988 1.143984 11.740617 -6.622570 2.364970 -5.326579 -4.202110 6.532574 6.532574 0.000000 0.965976 5.500000 0.000000 0.000000 0.000000 0.000000 -0.965976 -1.443254 -6.532574 0.052784 0.110960 -0.020837 0.001343 0.030000 0.038904 0.036486 0.009132
15.310885 1.000000 -0.314562 0.595796 -0.011109 0.094747 0.914396 -1.550519 -0.030716 -0.322867 -0.581798 0.019906 0.091152 -0.914492 -1.546756 0.026988 1.102908 11.677215 -6.582755 2.194729 -5.316946 -4.254414 6.388303 6.388303 0.000000 1.000960 5.500000 0.000000 0.000000 0.000000 0.000000 -1.000960 -1.487255 -6.388303 0.050909 0.107808 -0.025356 0.001328 0.030000 0.038903 0.036488 0.009132
15.333455 1.000000 -0.314574 0.595796 -0.011133 0.094735 0.914396 -1.550507 -0.030704 -0.322867 -0.581798 0.019918 0.091164 -0.914492 -1.546768 0.026976 1.129537 11.707922 -6.635926 2.343013 -5.296428 -4.237145 6.507290 6.507290 0.000000 1.041624 5.500000 0.000000 0.000000 0.000000 0.000000 -1.041624 -1.531140 -6.507290 0.052898 0.109444 -0.025968 0.001333 0.030000 0.038897 0.036489 0.009132
15.353782 1.000000 -0.314562 0.595796 -0.011121 0.094735 0.914396 -1.550519 -0.030704 -0.322867 -0.581810 0.019906 0.091152 -0.914480 -1.546792 0.026988 1.169722 11.738961 -6.648668 2.375289 -5.439067 -4.270729 6.465297 6.465297 0.000000 0.976161 5.500000 0.000000 0.000000 0.000000 0.000000 -0.976161 -1.493179 -6.465297 0.053937 0.109093 -0.022978 0.001328 0.030000 0.038900 0.036486 0.009132
15.372197 1.000000 -0.314562 0.595772 -0.011133 0.094735 0.914396 -1.550507 -0.030704 -0.322867 -0.581786 0.019906 0.091152 -0.914492 -1.546804 0.026976 1.198572 11.721716 -6.560755 2.258188 -5.301497 -4.309474 6.426204 6.426204 0.000000 0.941665 5.500000 0.000000 0.000000 0.000000 0.000000 -0.941665 -1.443393 -6.426204 0.053972 0.108286 -0.022235 0.001337 0.030000 0.038901 0.036487 0.009132
15.400927 1.000000 -0.314574 0.595832 -0.011121 0.094747 0.914408 -1.550495 -0.030704 -0.322867 -0.581834 0.019906 0.091152 -0.914516 -1.546900 0.026988 1.150939 11.660166 -6.595504 2.293608 -5.400504 -4.322263 6.420212 6.420212 0.000000 0.988504 5.500000 0.000000 0.000000 0.000000 0.000000 -0.988504 -1.415486 -6.420212 0.054505 0.108799 -0.023340 0.001318 0.030000 0.038898 0.036485 0.009132
15.425743 1.000000 -0.314562 0.595856 -0.011133 0.094747 0.914396 -1.550507 -0.030692 -0.322879 -0.581822 0.019918 0.091152 -0.914516 -1.546912 0.026976 1.094984 11.787154 -6.665576 2.403436 -5.333097 -4.121292 6.406344 6.406344 0.000000 1.020360 5.500000 0.000000 0.000000 0.000000 0.000000 -1.020360 -1.417029 -6.406344 0.054606 0.110051 -0.023601 0.001319 0.030000 0.038900 0.036481 0.009132
15.450443 1.000000 -0.314574 0.595844 -0.011145 0.094735 0.914396 -1.550507 -0.030692 -0.322879 -0.581834 0.019906 0.091152 -0.914516 -1.546912 0.026976 1.089940 11.656283 -6.635479 2.332267 -5.293512 -4.132894 6.409981 6.409981 0.000000 1.047546 5.500000 0.000000 0.000000 0.000000 0.000000 -1.047546 -1.381598 -6.409981 0.054367 0.110301 -0.023351 0.001320 0.030000 0.038895 0.036480 0.009132
15.471031 1.000000 -0.314562 0.596011 -0.011133 0.094759 0.914420 -1.550507 -0.030692 -0.322867 -0.581810 0.019942 0.091152 -0.914516 -1.547032 0.026976 1.011879 11.698555 -6.624641 2.267740 -5.267314 -4.202846 6.365144 6.365144 0.000000 1.040386 5.500000 0.000000 0.000000 0.000000 0.000000 -1.040386 -1.355673 -6.365144 0.054060 0.110020 -0.022597 0.001296 0.030000 0.038901 0.036486 0.009132
15.499918 1.000000 -0.314562 0.596059 -0.011109 0.094771 0.914408 -1.550507 -0.030692 -0.322879 -0.581810 0.019942 0.091152 -0.914516 -1.547056 0.026965 1.073586 11.735439 -6.691393 2.197557 -5.252269 -4.169135 6.255211 6.255211 0.000000 1.000682 5.500000 0.000000 0.000000 0.000000 0.000000 -1.000682 -1.306032 -6.255211 0.053535 0.109262 -0.019655 0.001285 0.030000 0.038901 0.036481 0.009132
15.537471 1.000000 -0.314562 0.596083 -0.011133 0.094783 0.914420 -1.550507 -0.030704 -0.322891 -0.581810 0.019942 0.091164 -0.914528 -1.547080 0.026965 1.166540 11.562141 -6.653350 2.209567 -5.372303 -4.287832 6.180543 6.180543 0.000000 0.991437 5.500000 0.000000 0.000000 0.000000 0.000000 -0.991437 -1.204072 -6.180543 0.052286 0.109891 -0.014192 0.001283 0.030000 0.038905 0.036480 0.009132
15.571222 1.000000 -0.314358 0.596059 -0.011205 0.094759 0.914408 -1.551394 -0.030680 -0.322855 -0.581822 0.019966 0.091152 -0.915379 -1.547763 0.026976 0.948978 11.566446 -6.599182 2.234461 -5.366848 -4.344331 6.099973 6.099973 0.000000 0.988214 5.500000 0.000000 0.000000 0.000000 0.000000 -0.988214 -1.120159 -6.099973 0.050965 0.110198 -0.010787 0.001288 0.030000 0.038968 0.036534 0.009132
15.609387 1.000000 -0.314334 0.596035 -0.011229 0.094771 0.914420 -1.551442 -0.030692 -0.322867 -0.581834 0.019942 0.091164 -0.915559 -1.547739 0.026976 0.989928 11.586234 -6.741853 2.316543 -5.289935 -4.344510 5.989275 5.989275 0.000000 0.944093 5.500000 0.000000 0.000000 0.000000 0.000000 -0.944093 -1.054279 -5.989275 0.049938 0.109465 -0.006462 0.001288 0.030000 0.038981 0.036541 0.009132
15.672488 1.000000 -0.314322 0.595940 -0.011241 0.094771 0.914408 -1.551418 -0.030692 -0.322867 -0.581870 0.019954 0.091176 -0.916470 -1.547739 0.026976 0.796335 11.513731 -6.448137 2.509645 -5.228653 -4.613837 5.828199 5.828199 0.000000 0.989067 5.500000 0.000000 0.000000 0.000000 0.000000 -0.989067 -1.081061 -5.828199 0.046847 0.108699 -0.007717 0.001306 0.030000 0.038986 0.036598 0.009132
15.715231 1.000000 -0.314310 0.595940 -0.011241 0.094747 0.914396 -1.551406 -0.030692 -0.322879 -0.581870 0.019942 0.091176 -0.916685 -1.547739 0.026976 0.786113 11.614200 -6.641897 2.400776 -5.239753 -4.512137 5.588619 5.588619 0.000000 0.925289 5.500000 0.000000 0.000000 0.000000 0.000000 -0.925289 -0.975956 -5.588619 0.045717 0.106145 -0.004517 0.001307 0.030000 0.038986 0.036607 0.009132
15.765725 1.000000 -0.314274 0.595964 -0.011229 0.094783 0.914444 -1.551370 -0.030680 -0.322855 -0.581870 0.019954 0.091176 -0.918531 -1.547751 0.026965 0.962237 11.645691 -6.688066 2.476399 -5.221503 -4.648832 5.499653 5.499653 0.000000 0.793069 5.500000 0.000000 0.000000 0.000000 0.000000 -0.793069 -0.923062 -5.499653 0.046087 0.104032 -0.000282 0.001310 0.030000 0.039003 0.036741 0.009132
15.814975 1.000000 -0.314250 0.595964 -0.011217 0.094783 0.914456 -1.551358 -0.030680 -0.322867 -0.581870 0.019966 0.091176 -0.918711 -1.547787 0.026953 0.937651 11.512016 -6.699826 2.482405 -5.214878 -4.708421 5.424248 5.424248 0.000000 0.769620 5.500000 0.000000 0.000000 0.000000 0.000000 -0.769620 -0.853529 -5.424248 0.046825 0.102923 -0.002187 0.001310 0.030000 0.039010 0.036750 0.009132
15.850327 1.000000 -0.314262 0.595987 -0.011241 0.094783 0.914456 -1.551370 -0.030692 -0.322879 -0.581870 0.019942 0.091176 -0.918914 -1.547787 0.026953 0.889070 11.645705 -6.589685 2.553036 -5.205690 -4.665243 5.426842 5.426842 0.000000 0.709946 5.500000 0.000000 0.000000 0.000000 0.000000 -0.709946 -0.857658 -5.426842 0.046900 0.102628 -0.000403 0.001309 0.030000 0.039009 0.036759 0.009132
15.904427 1.000000 -0.314226 0.595976 -0.011229 0.094783 0.914468 -1.551214 -0.030680 -0.322855 -0.581846 0.019978 0.091176 -0.919082 -1.547954 0.026929 0.954328 11.420782 -6.742267 2.526556 -5.181823 -4.631831 5.425020 5.425020 0.000000 0.669229 5.500000 0.000000 0.000000 0.000000 0.000000 -0.669229 -0.904120 -5.425020 0.046810 0.101232 -0.000444 0.001315 0.030000 0.039018 0.036779 0.009132
15.945817 1.000000 -0.314238 0.595964 -0.011229 0.094795 0.914480 -1.551214 -0.030680 -0.322855 -0.581870 0.019978 0.091176 -0.919082 -1.547942 0.026941 1.024431 11.561686 -6.669461 2.609439 -5.238128 -4.835541 5.407464 5.407464 0.000000 0.685325 5.500000 0.000000 0.000000 0.000000 0.000000 -0.685325 -0.952049 -5.407464 0.046211 0.101020 -0.002345 0.001313 0.030000 0.039017 0.036779 0.009132
15.980201 1.000000 -0.314238 0.595976 -0.011229 0.094807 0.914468 -1.551214 -0.030680 -0.322855 -0.581870 0.019978 0.091176 -0.919058 -1.547942 0.026953 0.938840 11.454980 -6.744382 2.629339 -5.244063 -4.824482 5.449894 5.449894 0.000000 0.668100 5.500000 0.000000 0.000000 0.000000 0.000000 -0.668100 -0.961396 -5.449894 0.046693 0.101709 -0.002509 0.001310 0.030000 0.039018 0.036778 0.009132
16.026197 1.000000 -0.314238 0.595964 -0.011217 0.094807 0.914480 -1.551190 -0.030680 -0.322855 -0.581846 0.019954 0.091176 -0.919070 -1.547954 0.026917 0.885867 11.657900 -6.590675 2.556895 -5.149664 -4.643121 5.463133 5.463133 0.000000 0.665811 5.500000 0.000000 0.000000 0.000000 0.000000 -0.665811 -0.954476 -5.463133 0.046867 0.101860 -0.001693 0.001312 0.030000 0.039019 0.036775 0.009132
16.066542 1.000000 -0.314238 0.595964 -0.011205 0.094819 0.914516 -1.551190 -0.030680 -0.322855 -0.581870 0.019954 0.091176 -0.919094 -1.547954 0.026917 0.958216 11.516671 -6.698085 2.441076 -5.200016 -4.742087 5.453680 5.453680 0.000000 0.677878 5.500000 0.000000 0.000000 0.000000 0.000000 -0.677878 -0.976394 -5.453680 0.046202 0.101591 -0.002659 0.001306 0.030000 0.039022 0.036775 0.009132
16.108416 1.000000 -0.314238 0.595987 -0.011217 0.094795 0.914516 -1.551214 -0.030680 -0.322843 -0.581870 0.019954 0.091176 -0.919070 -1.547954 0.026917 0.951177 11.705746 -6.597518 2.441551 -5.228256 -4.691764 5.469212 5.469212 0.000000 0.696744 5.500000 0.000000 0.000000 0.000000 0.000000 -0.696744 -0.996593 -5.469212 0.046583 0.102134 -0.003865 0.001304 0.030000 0.039018 0.036777 0.009132
16.159837 1.000000 -0.314226 0.595976 -0.011157 0.094831 0.914504 -1.551202 -0.030680 -0.322855 -0.581870 0.019930 0.091176 -0.919082 -1.547894 0.026893 1.011429 11.610901 -6.701998 2.567634 -5.164738 -4.601741 5.472863 5.472863 0.000000 0.695110 5.500000 0.000000 0.000000 0.000000 0.000000 -0.695110 -0.987248 -5.472863 0.046667 0.101409 -0.005053 0.001293 0.030000 0.039025 0.036770 0.009132
16.194434 1.000000 -0.314238 0.595987 -0.011145 0.094819 0.914516 -1.551202 -0.030668 -0.322855 -0.581870 0.019918 0.091176 -0.919058 -1.547894 0.026893 0.817840 11.574201 -6.614153 2.510929 -5.209714 -4.687957 5.473970 5.473970 0.000000 0.709342 5.500000 0.000000 0.000000 0.000000 0.000000 -0.709342 -0.991850 -5.473970 0.046697 0.101590 -0.005192 0.001290 0.030000 0.039018 0.036768 0.009132
16.251576 1.000000 -0.314238 0.595987 -0.011145 0.094831 0.914504 -1.551202 -0.030656 -0.322855 -0.581870 0.019906 0.091176 -0.919058 -1.547894 0.026881 1.008499 11.514537 -6.726036 2.685063 -5.240131 -4.822453 5.480566 5.480566 0.000000 0.726925 5.500000 0.000000 0.000000 0.000000 0.000000 -0.726925 -0.991653 -5.480566 0.047168 0.101820 -0.006543 0.001287 0.030000 0.039018 0.036766 0.009132
16.319924 1.000000 -0.314238 0.595999 -0.011097 0.094807 0.914492 -1.551058 -0.030656 -0.322867 -0.581870 0.019690 0.091176 -0.919058 -1.547811 0.026881 1.046940 11.865327 -6.590128 2.560201 -5.136420 -4.714606 5.499652 5.499652 0.000000 0.699483 5.500000 0.000000 0.000000 0.000000 0.000000 -0.699483 -0.989282 -5.499652 0.046983 0.101491 -0.004389 0.001255 0.030000 0.039011 0.036746 0.009132
16.365097 1.000000 -0.314238 0.595999 -0.011085 0.094819 0.914492 -1.551046 -0.030656 -0.322879 -0.581870 0.019678 0.091176 -0.919046 -1.547835 0.026881 1.059935 11.711368 -6.593295 2.574523 -5.200979 -4.606433 5.498236 5.498236 0.000000 0.715887 5.500000 0.000000 0.000000 0.000000 0.000000 -0.715887 -0.999166 -5.498236 0.047260 0.101734 -0.005572 0.001252 0.030000 0.039012 0.036741 0.009132
16.427724 1.000000 -0.314238 0.595987 -0.011097 0.094819 0.914492 -1.551046 -0.030644 -0.322867 -0.581870 0.019666 0.091176 -0.919058 -1.547835 0.026857 1.194764 11.705194 -6.820400 2.698878 -5.238220 -4.864340 5.496004 5.496004 0.000000 0.710418 5.500000 0.000000 0.000000 0.000000 0.000000 -0.710418 -0.997038 -5.496004 0.047298 0.101210 -0.005806 0.001253 0.030000 0.039011 0.036742 0.009132
16.496930 1.000000 -0.314238 0.595987 -0.011085 0.094807 0.914480 -1.551118 -0.030632 -0.322855 -0.581870 0.019630 0.091176 -0.919058 -1.547751 0.026869 1.109246 11.608795 -6.662821 2.493778 -5.155001 -4.787674 5.508571 5.508571 0.000000 0.699544 5.500000 0.000000 0.000000 0.000000 0.000000 -0.699544 -0.998383 -5.508571 0.047578 0.100935 -0.006061 0.001247 0.030000 0.039007 0.036744 0.009132
16.575278 1.000000 -0.314250 0.596023 -0.011073 0.094807 0.914480 -1.551106 -0.030632 -0.322867 -0.581870 0.019630 0.091176 -0.919058 -1.547751 0.026857 0.864733 11.934527 -6.449815 2.576857 -5.158178 -4.575530 5.522935 5.522935 0.000000 0.697819 5.500000 0.000000 0.000000 0.000000 0.000000 -0.697819 -0.999412 -5.522935 0.047464 0.101164 -0.005571 0.001241 0.030000 0.039002 0.036740 0.009132
16.628786 1.000000 -0.314226 0.595999 -0.011097 0.094807 0.914492 -1.551106 -0.030620 -0.322867 -0.581870 0.019630 0.091176 -0.919082 -1.547751 0.026869 0.989998 11.663890 -6.654220 2.864881 -5.130567 -4.738024 5.510711 5.510711 0.000000 0.694320 5.500000 0.000000 0.000000 0.000000 0.000000 -0.694320 -1.016943 -5.510711 0.047259 0.101110 -0.006340 0.001247 0.030000 0.039011 0.036743 0.009132
16.665597 1.000000 -0.314226 0.596023 -0.011037 0.094831 0.914480 -1.551142 -0.030632 -0.322879 -0.581870 0.019606 0.091176 -0.919058 -1.547703 0.026845 1.006324 11.773937 -6.658497 2.686575 -5.281399 -4.707671 5.511627 5.511627 0.000000 0.696392 5.500000 0.000000 0.000000 0.000000 0.000000 -0.696392 -0.992870 -5.511627 0.047341 0.101468 -0.004989 0.001231 0.030000 0.039013 0.036733 0.009132
16.716237 1.000000 -0.314238 0.596047 -0.011037 0.094807 0.914480 -1.551142 -0.030620 -0.322867 -0.581870 0.019606 0.091176 -0.919058 -1.547691 0.026821 0.973459 11.685200 -6.598067 2.494440 -5.253278 -4.785816 5.519232 5.519232 0.000000 0.712323 5.500000 0.000000 0.000000 0.000000 0.000000 -0.712323 -1.021658 -5.519232 0.047140 0.101632 -0.006933 0.001229 0.030000 0.039003 0.036734 0.009132
16.786619 1.000000 -0.314238 0.596047 -0.011049 0.094831 0.914492 -1.551142 -0.030620 -0.322867 -0.581882 0.019618 0.091188 -0.919058 -1.547703 0.026833 1.172912 11.637402 -6.775626 2.808947 -5.232340 -4.820429 5.497733 5.497733 0.000000 0.722370 5.500000 0.000000 0.000000 0.000000 0.000000 -0.722370 -1.013543 -5.497733 0.047322 0.101507 -0.007223 0.001227 0.030000 0.039008 0.036738 0.009132
16.839555 1.000000 -0.314238 0.596047 -0.011025 0.094819 0.914480 -1.551154 -0.030608 -0.322879 -0.581870 0.019606 0.091176 -0.919058 -1.547679 0.026809 0.956203 11.849951 -6.589743 2.771377 -5.164729 -4.728218 5.491443 5.491443 0.000000 0.697041 5.500000 0.000000 0.000000 0.000000 0.000000 -0.697041 -1.002236 -5.491443 0.047258 0.101110 -0.007196 0.001227 0.030000 0.039003 0.036730 0.009132
16.891189 1.000000 -0.314250 0.596059 -0.011037 0.094819 0.914492 -1.551142 -0.030608 -0.322879 -0.581846 0.019606 0.091176 -0.919058 -1.547679 0.026809 0.942631 11.824608 -6.689987 2.769268 -5.227662 -4.775063 5.475507 5.475507 0.000000 0.701794 5.500000 0.000000 0.000000 0.000000 0.000000 -0.701794 -1.006703 -5.475507 0.046720 0.101096 -0.006539 0.001232 0.030000 0.039001 0.036731 0.009132
16.959485 1.000000 -0.314226 0.596059 -0.011037 0.094819 0.914492 -1.551142 -0.030620 -0.322867 -0.581846 0.019606 0.091176 -0.919058 -1.547679 0.026809 0.987455 11.786004 -6.608885 2.833346 -5.397814 -4.802809 5.476689 5.476689 0.000000 0.699531 5.500000 0.000000 0.000000 0.000000 0.000000 -0.699531 -1.005849 -5.476689 0.046488 0.101460 -0.007143 0.001230 0.030000 0.039009 0.036735 0.009132
17.007630 1.000000 -0.314250 0.596059 -0.011037 0.094843 0.914480 -1.551142 -0.030596 -0.322879 -0.581870 0.019594 0.091176 -0.919058 -1.547679 0.026749 1.184724 11.697595 -6.637360 2.553935 -5.215167 -4.751021 5.483558 5.483558 0.000000 0.698352 5.500000 0.000000 0.000000 0.000000 0.000000 -0.698352 -1.003901 -5.483558 0.047207 0.101381 -0.007505 0.001224 0.030000 0.039002 0.036723 0.009132
17.070236 1.000000 -0.314238 0.596059 -0.011025 0.094831 0.914468 -1.551166 -0.030596 -0.322855 -0.581882 0.019606 0.091188 -0.919058 -1.547667 0.026749 0.707359 11.853421 -6.814786 2.537248 -5.164471 -4.716309 5.459428 5.459428 0.000000 0.700511 5.500000 0.000000 0.000000 0.000000 0.000000 -0.700511 -0.996549 -5.459428 0.046796 0.100791 -0.006100 0.001220 0.030000 0.039003 0.036732 0.009132
17.127067 1.000000 -0.314226 0.596059 -0.011037 0.094819 0.914492 -1.551154 -0.030596 -0.322879 -0.581870 0.019594 0.091176 -0.919082 -1.547667 0.026737 1.013606 11.749475 -6.629260 2.522877 -5.211616 -4.651116 5.471035 5.471035 0.000000 0.702341 5.500000 0.000000 0.000000 0.000000 0.000000 -0.702341 -1.005844 -5.471035 0.046321 0.100939 -0.007218 0.001225 0.030000 0.039007 0.036723 0.009132
17.194881 1.000000 -0.314238 0.596071 -0.011014 0.094819 0.914480 -1.551166 -0.030596 -0.322867 -0.581882 0.019594 0.091176 -0.919082 -1.547667 0.026677 1.113153 11.743317 -6.542793 2.758397 -5.219305 -4.816522 5.477064 5.477064 0.000000 0.685646 5.500000 0.000000 0.000000 0.000000 0.000000 -0.685646 -1.002019 -5.477064 0.046434 0.101232 -0.006106 0.001217 0.030000 0.039001 0.036720 0.009132
17.240624 1.000000 -0.314238 0.596071 -0.011014 0.094831 0.914492 -1.551178 -0.030596 -0.322867 -0.581870 0.019606 0.091200 -0.919082 -1.547667 0.026677 1.040512 11.648009 -6.717383 2.668077 -5.226358 -4.934306 5.461779 5.461779 0.000000 0.713432 5.500000 0.000000 0.000000 0.000000 0.000000 -0.713432 -1.011040 -5.461779 0.046618 0.100956 -0.008027 0.001218 0.030000 0.039004 0.036725 0.009132
17.316609 1.000000 -0.314238 0.596059 -0.011025 0.094831 0.914492 -1.551178 -0.030584 -0.322867 -0.581882 0.019606 0.091176 -0.919094 -1.547667 0.026605 1.075460 11.670810 -6.606607 2.557932 -5.218148 -4.520512 5.445438 5.445438 0.000000 0.684495 5.500000 0.000000 0.000000 0.000000 0.000000 -0.684495 -1.003142 -5.445438 0.046769 0.100469 -0.007345 0.001221 0.030000 0.039003 0.036714 0.009132
17.371097 1.000000 -0.314238 0.596083 -0.011002 0.094819 0.914504 -1.551166 -0.030584 -0.322867 -0.581894 0.019594 0.091176 -0.919094 -1.547667 0.026593 0.964589 11.625720 -6.743478 2.502705 -5.255347 -4.705958 5.466959 5.466959 0.000000 0.700398 5.500000 0.000000 0.000000 0.000000 0.000000 -0.700398 -1.008453 -5.466959 0.046426 0.100319 -0.007498 0.001212 0.030000 0.039001 0.036711 0.009132
17.434710 1.000000 -0.314226 0.596083 -0.011014 0.094819 0.914492 -1.551166 -0.030584 -0.322867 -0.581894 0.019606 0.091188 -0.919094 -1.547667 0.026605 0.966070 11.751424 -6.578303 2.793852 -5.199835 -4.782929 5.460984 5.460984 0.000000 0.674419 5.500000 0.000000 0.000000 0.000000 0.000000 -0.674419 -1.004370 -5.460984 0.047337 0.100866 -0.007554 0.001213 0.030000 0.039004 0.036715 0.009132
17.489161 1.000000 -0.314238 0.596071 -0.010978 0.094831 0.914492 -1.551166 -0.030584 -0.322867 -0.581870 0.019594 0.091188 -0.919094 -1.547667 0.026449 1.009604 11.796885 -6.616664 2.802398 -5.148922 -4.785661 5.450440 5.450440 0.000000 0.679257 5.500000 0.000000 0.000000 0.000000 0.000000 -0.679257 -0.992177 -5.450440 0.047031 0.100812 -0.007233 0.001213 0.030000 0.039001 0.036700 0.009132
17.549029 1.000000 -0.314238 0.596059 -0.010966 0.094795 0.914504 -1.551178 -0.030572 -0.322879 -0.581870 0.019594 0.091200 -0.919094 -1.547667 0.026425 0.865056 11.712026 -6.451338 2.723409 -5.217426 -4.744369 5.461259 5.461259 0.000000 0.671570 5.500000 0.000000 0.000000 0.000000 0.000000 -0.671570 -1.003691 -5.461259 0.047388 0.100416 -0.009345 0.001216 0.030000 0.038994 0.036696 0.009132
17.596928 1.000000 -0.314238 0.596059 -0.010966 0.094831 0.914492 -1.551154 -0.030572 -0.322867 -0.581870 0.019594 0.091176 -0.919094 -1.547655 0.026425 1.065583 11.807445 -6.487207 2.658949 -5.313290 -4.916041 5.459902 5.459902 0.000000 0.687084 5.500000 0.000000 0.000000 0.000000 0.000000 -0.687084 -1.010608 -5.459902 0.046648 0.100396 -0.008171 0.001214 0.030000 0.038999 0.036696 0.009132
17.645264 1.000000 -0.314226 0.596059 -0.010978 0.094819 0.914492 -1.551166 -0.030560 -0.322879 -0.581882 0.019606 0.091188 -0.919094 -1.547655 0.026209 0.891221 11.398177 -6.671183 2.765996 -5.227565 -4.717366 5.442338 5.442338 0.000000 0.682589 5.500000 0.000000 0.000000 0.000000 0.000000 -0.682589 -1.008876 -5.442338 0.046847 0.100129 -0.008705 0.001214 0.030000 0.039000 0.036672 0.009132
17.705565 1.000000 -0.314226 0.596071 -0.010966 0.094819 0.914492 -1.551166 -0.030548 -0.322867 -0.581882 0.019606 0.091188 -0.919106 -1.547679 0.026198 0.937906 11.757887 -6.607469 2.349060 -5.205433 -4.660390 5.454863 5.454863 0.000000 0.681863 5.500000 0.000000 0.000000 0.000000 0.000000 -0.681863 -1.006549 -5.454863 0.046925 0.100409 -0.009201 0.001210 0.030000 0.038998 0.036675 0.009132
17.756314 1.000000 -0.314250 0.596071 -0.010978 0.094831 0.914504 -1.551142 -0.030560 -0.322879 -0.581882 0.019618 0.091176 -0.919094 -1.547667 0.026174 0.903769 11.619774 -6.518493 2.483294 -5.053296 -4.689448 5.433983 5.433983 0.000000 0.681452 5.500000 0.000000 0.000000 0.000000 0.000000 -0.681452 -0.999219 -5.433983 0.046972 0.100423 -0.008760 0.001215 0.030000 0.038995 0.036667 0.009132
17.820204 1.000000 -0.314238 0.596059 -0.010966 0.094831 0.914492 -1.551142 -0.030536 -0.322879 -0.581882 0.019618 0.091200 -0.919118 -1.547679 0.025934 1.036715 11.774516 -6.569274 2.731363 -5.310181 -4.813637 5.435093 5.435093 0.000000 0.688042 5.500000 0.000000 0.000000 0.000000 0.000000 -0.688042 -1.018348 -5.435093 0.046364 0.100204 -0.009798 0.001212 0.030000 0.038995 0.036648 0.009132
17.848060 1.000000 -0.314226 0.596059 -0.010978 0.094831 0.914492 -1.551166 -0.030548 -0.322867 -0.581870 0.019606 0.091188 -0.919118 -1.547679 0.025922 0.721249 11.846621 -6.647167 2.680158 -5.294350 -4.771802 5.445535 5.445535 0.000000 0.671171 5.500000 0.000000 0.000000 0.000000 0.000000 -0.671171 -1.013316 -5.445535 0.046672 0.100255 -0.008809 0.001214 0.030000 0.039001 0.036649 0.009132
17.890793 1.000000 -0.314226 0.596059 -0.010954 0.094807 0.914468 -1.551166 -0.030560 -0.322867 -0.581882 0.019606 0.091188 -0.919106 -1.547691 0.025898 0.796250 11.711758 -6.743272 2.592575 -5.171142 -4.754585 5.420894 5.420894 0.000000 0.684854 5.500000 0.000000 0.000000 0.000000 0.000000 -0.684854 -1.009395 -5.420894 0.046598 0.100065 -0.009099 0.001210 0.030000 0.038996 0.036644 0.009132
17.945870 1.000000 -0.314238 0.596047 -0.010954 0.094831 0.914492 -1.551166 -0.030536 -0.322867 -0.581882 0.019630 0.091176 -0.919118 -1.547679 0.025562 1.032643 11.723289 -6.581211 2.710521 -5.249030 -4.732502 5.445203 5.445203 0.000000 0.672782 5.500000 0.000000 0.000000 0.000000 0.000000 -0.672782 -1.000943 -5.445203 0.046939 0.100036 -0.008507 0.001214 0.030000 0.038995 0.036612 0.009132
18.021432 1.000000 -0.314238 0.596059 -0.010966 0.094831 0.914492 -1.551142 -0.030536 -0.322867 -0.581894 0.019630 0.091176 -0.919154 -1.547679 0.025526 0.990143 11.792112 -6.551314 2.486427 -5.175830 -4.543137 5.425866 5.425866 0.000000 0.676554 5.500000 0.000000 0.000000 0.000000 0.000000 -0.676554 -1.015469 -5.425866 0.046577 0.100573 -0.008887 0.001212 0.030000 0.038995 0.036610 0.009132
18.101819 1.000000 -0.314226 0.596071 -0.010930 0.094819 0.914504 -1.551166 -0.030536 -0.322867 -0.581906 0.019618 0.091176 -0.919190 -1.547679 0.025239 0.861125 11.861564 -6.543027 2.656144 -5.226876 -4.755788 5.435167 5.435167 0.000000 0.666052 5.500000 0.000000 0.000000 0.000000 0.000000 -0.666052 -0.988398 -5.435167 0.046841 0.100106 -0.008595 0.001202 0.030000 0.038996 0.036582 0.009132
18.160701 1.000000 -0.314238 0.596047 -0.010906 0.094807 0.914504 -1.551154 -0.030524 -0.322867 -0.581918 0.019642 0.091188 -0.919226 -1.547691 0.025095 1.169121 11.621258 -6.685810 2.627419 -5.309336 -4.797495 5.439123 5.439123 0.000000 0.665742 5.500000 0.000000 0.000000 0.000000 0.000000 -0.665742 -0.997033 -5.439123 0.046460 0.099896 -0.008163 0.001204 0.030000 0.038988 0.036574 0.009132
18.208154 1.000000 -0.314238 0.596083 -0.010906 0.094831 0.914492 -1.551178 -0.030524 -0.322879 -0.581918 0.019618 0.091200 -0.919214 -1.547679 0.025083 1.039209 11.664516 -6.647236 2.677799 -5.312301 -4.691940 5.451582 5.451582 0.000000 0.676251 5.500000 0.000000 0.000000 0.000000 0.000000 -0.676251 -0.995984 -5.451582 0.046683 0.100278 -0.008605 0.001193 0.030000 0.038991 0.036568 0.009132
18.250196 1.000000 -0.314238 0.596095 -0.010894 0.094819 0.914492 -1.551142 -0.030524 -0.322879 -0.581906 0.019630 0.091188 -0.919214 -1.547691 0.025095 1.063353 11.786880 -6.570067 2.437313 -5.205996 -4.695568 5.431713 5.431713 0.000000 0.671372 5.500000 0.000000 0.000000 0.000000 0.000000 -0.671372 -0.996863 -5.431713 0.046527 0.100277 -0.008484 0.001195 0.030000 0.038989 0.036569 0.009132
18.315712 1.000000 -0.314238 0.596071 -0.010894 0.094807 0.914480 -1.551166 -0.030512 -0.322867 -0.581906 0.019630 0.091176 -0.919214 -1.547667 0.025071 1.104766 11.689528 -6.775868 2.595230 -5.216146 -4.713337 5.427591 5.427591 0.000000 0.682374 5.500000 0.000000 0.000000 0.000000 0.000000 -0.682374 -0.995364 -5.427591 0.046355 0.100967 -0.007942 0.001200 0.030000 0.038985 0.036569 0.009132
18.379158 1.000000 -0.314226 0.596059 -0.010894 0.094831 0.914492 -1.551166 -0.030512 -0.322891 -0.581906 0.019642 0.091176 -0.919238 -1.547679 0.024999 0.860018 11.895262 -6.739440 2.475888 -5.198836 -4.410732 5.427217 5.427217 0.000000 0.677271 5.500000 0.000000 0.000000 0.000000 0.000000 -0.677271 -1.005798 -5.427217 0.046380 0.100229 -0.009131 0.001202 0.030000 0.038994 0.036557 0.009132
18.434500 1.000000 -0.314238 0.596083 -0.010894 0.094843 0.914480 -1.551154 -0.030512 -0.322891 -0.581906 0.019630 0.091176 -0.919250 -1.547691 0.024987 1.035681 11.697526 -6.625610 2.425712 -5.196134 -4.622896 5.447413 5.447413 0.000000 0.696943 5.500000 0.000000 0.000000 0.000000 0.000000 -0.696943 -1.009957 -5.447413 0.046579 0.100466 -0.009148 0.001196 0.030000 0.038991 0.036556 0.009132
18.482208 1.000000 -0.314238 0.596071 -0.010882 0.094819 0.914516 -1.551178 -0.030512 -0.322867 -0.581918 0.019630 0.091200 -0.919226 -1.547667 0.024975 1.002594 11.803357 -6.632698 2.422924 -5.205000 -4.668689 5.424361 5.424361 0.000000 0.681408 5.500000 0.000000 0.000000 0.000000 0.000000 -0.681408 -0.997597 -5.424361 0.046752 0.100561 -0.008805 0.001194 0.030000 0.038989 0.036563 0.009132
18.516613 1.000000 -0.314238 0.596071 -0.010870 0.094831 0.914492 -1.551154 -0.030488 -0.322867 -0.581906 0.019630 0.091188 -0.919238 -1.547679 0.024903 1.053939 11.676831 -6.547458 2.503018 -5.215899 -4.643899 5.444575 5.444575 0.000000 0.692283 5.500000 0.000000 0.000000 0.000000 0.000000 -0.692283 -1.000763 -5.444575 0.046287 0.100481 -0.008689 0.001194 0.030000 0.038986 0.036556 0.009132
18.550708 1.000000 -0.314226 0.596083 -0.010882 0.094843 0.914468 -1.551166 -0.030500 -0.322867 -0.581906 0.019654 0.091188 -0.919238 -1.547679 0.024903 0.984561 11.820587 -6.607821 2.456256 -5.181613 -4.730254 5.423937 5.423937 0.000000 0.667977 5.500000 0.000000 0.000000 0.000000 0.000000 -0.667977 -0.988166 -5.423937 0.046491 0.100514 -0.007868 0.001195 0.030000 0.038992 0.036558 0.009132
18.609545 1.000000 -0.314238 0.596059 -0.010894 0.094819 0.914492 -1.551178 -0.030476 -0.322867 -0.581930 0.019642 0.091200 -0.919262 -1.547691 0.024831 0.980211 11.588048 -6.659206 2.422338 -5.289495 -4.537490 5.408411 5.408411 0.000000 0.669750 5.500000 0.000000 0.000000 0.000000 0.000000 -0.669750 -1.005293 -5.408411 0.046470 0.100361 -0.008494 0.001196 0.030000 0.038984 0.036552 0.009132
18.669860 1.000000 -0.314226 0.596059 -0.010894 0.094831 0.914492 -1.551154 -0.030476 -0.322879 -0.581930 0.019630 0.091200 -0.919274 -1.547691 0.024819 1.051659 11.780931 -6.608879 2.664430 -5.256214 -4.646406 5.426701 5.426701 0.000000 0.669006 5.500000 0.000000 0.000000 0.000000 0.000000 -0.669006 -0.997195 -5.426701 0.047073 0.100441 -0.008690 0.001194 0.030000 0.038990 0.036547 0.009132
18.738023 1.000000 -0.314238 0.596071 -0.010882 0.094831 0.914492 -1.551178 -0.030464 -0.322879 -0.581906 0.019630 0.091200 -0.919286 -1.547691 0.024747 0.974846 11.731243 -6.582802 2.430229 -5.187883 -4.506158 5.440172 5.440172 0.000000 0.677313 5.500000 0.000000 0.000000 0.000000 0.000000 -0.677313 -1.004510 -5.440172 0.046576 0.100764 -0.008286 0.001195 0.030000 0.038984 0.036543 0.009132
18.801488 1.000000 -0.314238 0.596059 -0.010894 0.094807 0.914492 -1.551166 -0.030464 -0.322867 -0.581930 0.019630 0.091176 -0.919286 -1.547679 0.024723 1.037279 11.746141 -6.495396 2.695727 -5.160115 -4.586590 5.430263 5.430263 0.000000 0.681090 5.500000 0.000000 0.000000 0.000000 0.000000 -0.681090 -1.002535 -5.430263 0.046071 0.099828 -0.008990 0.001197 0.030000 0.038981 0.036538 0.009132
18.841386 1.000000 -0.314238 0.596059 -0.010894 0.094819 0.914480 -1.551166 -0.030452 -0.322879 -0.581942 0.019630 0.091200 -0.919286 -1.547679 0.024711 0.974754 11.681449 -6.640358 2.510933 -5.255189 -4.600511 5.427414 5.427414 0.000000 0.673679 5.500000 0.000000 0.000000 0.000000 0.000000 -0.673679 -1.012664 -5.427414 0.046352 0.099833 -0.009292 0.001193 0.030000 0.038981 0.036537 0.009132
18.879009 1.000000 -0.314238 0.596059 -0.010870 0.094831 0.914492 -1.551166 -0.030452 -0.322879 -0.581942 0.019630 0.091188 -0.919298 -1.547691 0.024652 0.990679 11.715825 -6.648544 2.577740 -4.999155 -4.492835 5.444188 5.444188 0.000000 0.667070 5.500000 0.000000 0.000000 0.000000 0.000000 -0.667070 -1.003684 -5.444188 0.046713 0.100037 -0.008311 0.001190 0.030000 0.038982 0.036530 0.009132
18.925970 1.000000 -0.314238 0.596083 -0.010870 0.094819 0.914492 -1.551166 -0.030440 -0.322867 -0.581930 0.019642 0.091188 -0.919298 -1.547679 0.024664 0.992835 11.786975 -6.509149 2.592285 -5.289641 -4.697618 5.432809 5.432809 0.000000 0.677986 5.500000 0.000000 0.000000 0.000000 0.000000 -0.677986 -1.012447 -5.432809 0.046214 0.100390 -0.009456 0.001190 0.030000 0.038979 0.036536 0.009132
18.965328 1.000000 -0.314238 0.596083 -0.010870 0.094831 0.914480 -1.551154 -0.030452 -0.322879 -0.581930 0.019630 0.091200 -0.919286 -1.547691 0.024652 1.004652 11.770646 -6.566132 2.586723 -5.292600 -4.699665 5.424771 5.424771 0.000000 0.657508 5.500000 0.000000 0.000000 0.000000 0.000000 -0.657508 -0.981413 -5.424771 0.046759 0.099851 -0.007801 0.001187 0.030000 0.038981 0.036532 0.009132
19.012820 1.000000 -0.314238 0.596059 -0.010846 0.094807 0.914480 -1.551166 -0.030440 -0.322891 -0.581942 0.019630 0.091188 -0.919298 -1.547691 0.024616 1.016632 11.793211 -6.516166 2.443918 -5.224063 -4.590410 5.399827 5.399827 0.000000 0.670939 5.500000 0.000000 0.000000 0.000000 0.000000 -0.670939 -0.989881 -5.399827 0.046442 0.099952 -0.008891 0.001189 0.030000 0.038975 0.036523 0.009132
19.063720 1.000000 -0.314238 0.596071 -0.010858 0.094831 0.914492 -1.551166 -0.030428 -0.322867 -0.581942 0.019630 0.091188 -0.919322 -1.547679 0.024592 0.913361 11.788937 -6.653469 2.378070 -5.235747 -4.603198 5.431571 5.431571 0.000000 0.668786 5.500000 0.000000 0.000000 0.000000 0.000000 -0.668786 -1.004184 -5.431571 0.046422 0.099975 -0.008960 0.001186 0.030000 0.038979 0.036530 0.009132
19.110714 1.000000 -0.314238 0.596059 -0.010846 0.094843 0.914492 -1.551166 -0.030440 -0.322867 -0.581942 0.019642 0.091176 -0.919310 -1.547679 0.024568 0.729302 11.743310 -6.583577 2.544924 -5.251045 -4.615411 5.430342 5.430342 0.000000 0.673214 5.500000 0.000000 0.000000 0.000000 0.000000 -0.673214 -1.004966 -5.430342 0.046377 0.100159 -0.008160 0.001188 0.030000 0.038982 0.036525 0.009132
19.145452 1.000000 -0.314238 0.596071 -0.010846 0.094831 0.914480 -1.551190 -0.030428 -0.322867 -0.581942 0.019654 0.091200 -0.919322 -1.547679 0.024556 0.912954 11.512751 -6.697382 2.573747 -5.285934 -4.667839 5.430511 5.430511 0.000000 0.672208 5.500000 0.000000 0.000000 0.000000 0.000000 -0.672208 -0.996131 -5.430511 0.046478 0.100334 -0.008020 0.001186 0.030000 0.038978 0.036530 0.009132
19.177356 1.000000 -0.314238 0.596071 -0.010846 0.094831 0.914504 -1.551166 -0.030416 -0.322867 -0.581942 0.019630 0.091176 -0.919322 -1.547691 0.024568 0.993394 11.717820 -6.585670 2.546500 -5.124145 -4.607412 5.433852 5.433852 0.000000 0.685683 5.500000 0.000000 0.000000 0.000000 0.000000 -0.685683 -0.995428 -5.433852 0.046450 0.100075 -0.008550 0.001185 0.030000 0.038978 0.036525 0.009132
19.223481 1.000000 -0.314238 0.596071 -0.010846 0.094831 0.914504 -1.551166 -0.030416 -0.322879 -0.581942 0.019654 0.091200 -0.919334 -1.547655 0.024520 0.985878 11.679527 -6.635625 2.476455 -5.208623 -4.547143 5.410397 5.410397 0.000000 0.655807 5.500000 0.000000 0.000000 0.000000 0.000000 -0.655807 -1.000720 -5.410397 0.046180 0.099842 -0.008086 0.001187 0.030000 0.038978 0.036524 0.009132
19.269998 1.000000 -0.314226 0.596059 -0.010858 0.094831 0.914504 -1.551166 -0.030404 -0.322867 -0.581942 0.019654 0.091200 -0.919322 -1.547703 0.024520 0.788169 11.692210 -6.480402 2.373908 -5.246642 -4.658383 5.423749 5.423749 0.000000 0.678184 5.500000 0.000000 0.000000 0.000000 0.000000 -0.678184 -1.008659 -5.423749 0.046242 0.100414 -0.008626 0.001189 0.030000 0.038981 0.036526 0.009132
19.315510 1.000000 -0.314226 0.596059 -0.010858 0.094819 0.914504 -1.551166 -0.030416 -0.322867 -0.581942 0.019630 0.091188 -0.919334 -1.547679 0.024532 0.955024 11.726236 -6.577283 2.305948 -5.367572 -4.491968 5.411739 5.411739 0.000000 0.676498 5.500000 0.000000 0.000000 0.000000 0.000000 -0.676498 -0.993134 -5.411739 0.046190 0.099924 -0.008459 0.001188 0.030000 0.038980 0.036525 0.009132
19.358002 1.000000 -0.314238 0.596059 -0.010846 0.094831 0.914480 -1.551166 -0.030416 -0.322867 -0.581942 0.019654 0.091200 -0.919346 -1.547679 0.024520 1.005894 11.775829 -6.611267 2.313018 -5.267147 -4.434236 5.430846 5.430846 0.000000 0.668555 5.500000 0.000000 0.000000 0.000000 0.000000 -0.668555 -0.986663 -5.430846 0.046560 0.100648 -0.008235 0.001188 0.030000 0.038977 0.036528 0.009132
19.413942 1.000000 -0.314238 0.596071 -0.010834 0.094831 0.914504 -1.551178 -0.030404 -0.322867 -0.581942 0.019630 0.091188 -0.919334 -1.547655 0.024484 0.921654 11.575705 -6.654561 2.646719 -5.268264 -4.722082 5.410668 5.410668 0.000000 0.664392 5.500000 0.000000 0.000000 0.000000 0.000000 -0.664392 -0.991299 -5.410668 0.046125 0.100291 -0.008161 0.001183 0.030000 0.038976 0.036520 0.009132
19.471675 1.000000 -0.314226 0.596071 -0.010858 0.094831 0.914504 -1.551178 -0.030392 -0.322867 -0.581942 0.019630 0.091200 -0.919334 -1.547691 0.024484 0.938185 11.698688 -6.622543 2.356326 -5.284512 -4.529451 5.423586 5.423586 0.000000 0.660554 5.500000 0.000000 0.000000 0.000000 0.000000 -0.660554 -0.997237 -5.423586 0.045678 0.100243 -0.008209 0.001184 0.030000 0.038979 0.036522 0.009132
19.523728 1.000000 -0.314250 0.596047 -0.010834 0.094831 0.914492 -1.551178 -0.030404 -0.322867 -0.581942 0.019654 0.091188 -0.919322 -1.547691 0.024484 0.989840 11.637578 -6.559616 2.390153 -5.158207 -4.546115 5.397976 5.397976 0.000000 0.686739 5.500000 0.000000 0.000000 0.000000 0.000000 -0.686739 -0.998627 -5.397976 0.046168 0.099824 -0.009523 0.001190 0.030000 0.038972 0.036521 0.009132
19.586887 1.000000 -0.314238 0.596071 -0.010834 0.094843 0.914492 -1.551166 -0.030392 -0.322867 -0.581942 0.019654 0.091188 -0.919346 -1.547691 0.024472 1.034271 11.726271 -6.625911 2.406090 -5.224452 -4.527673 5.415734 5.415734 0.000000 0.668746 5.500000 0.000000 0.000000 0.000000 0.000000 -0.668746 -0.992832 -5.415734 0.046093 0.099971 -0.007858 0.001185 0.030000 0.038976 0.036522 0.009132
19.638335 1.000000 -0.314226 0.596071 -0.010834 0.094831 0.914480 -1.551166 -0.030404 -0.322867 -0.581942 0.019630 0.091200 -0.919322 -1.547691 0.024448 1.006764 11.880422 -6.620757 2.496643 -5.268673 -4.711018 5.432179 5.432179 0.000000 0.674781 5.500000 0.000000 0.000000 0.000000 0.000000 -0.674781 -1.010602 -5.432179 0.046037 0.100421 -0.008078 0.001181 0.030000 0.038978 0.036518 0.009132
19.690450 1.000000 -0.314238 0.596071 -0.010858 0.094831 0.914492 -1.551166 -0.030380 -0.322867 -0.581942 0.019654 0.091200 -0.919334 -1.547679 0.024460 0.987824 11.630181 -6.614410 2.524100 -5.190274 -4.551473 5.431347 5.431347 0.000000 0.675072 5.500000 0.000000 0.000000 0.000000 0.000000 -0.675072 -0.997181 -5.431347 0.046234 0.100569 -0.007934 0.001188 0.030000 0.038974 0.036522 0.009132
19.736068 1.000000 -0.314226 0.596083 -0.010858 0.094819 0.914468 -1.551166 -0.030380 -0.322867 -0.581942 0.019642 0.091200 -0.919346 -1.547691 0.024424 0.947983 11.792575 -6.573096 2.357465 -5.290200 -4.604660 5.427571 5.427571 0.000000 0.656772 5.500000 0.000000 0.000000 0.000000 0.000000 -0.656772 -0.992516 -5.427571 0.046386 0.100864 -0.007311 0.001184 0.030000 0.038974 0.036518 0.009132
19.771933 1.000000 -0.314238 0.596083 -0.010846 0.094831 0.914480 -1.551178 -0.030392 -0.322879 -0.581942 0.019630 0.091200 -0.919334 -1.547691 0.024436 0.904606 11.848134 -6.683303 2.439020 -5.183338 -4.437917 5.428501 5.428501 0.000000 0.676189 5.500000 0.000000 0.000000 0.000000 0.000000 -0.676189 -1.000208 -5.428501 0.046141 0.100423 -0.009062 0.001182 0.030000 0.038974 0.036514 0.009132
19.827039 1.000000 -0.314226 0.596059 -0.010846 0.094831 0.914492 -1.551178 -0.030380 -0.322867 -0.581942 0.019630 0.091200 -0.919322 -1.547679 0.024424 0.965047 11.734431 -6.655847 2.413868 -5.257514 -4.517259 5.437061 5.437061 0.000000 0.670503 5.500000 0.000000 0.000000 0.000000 0.000000 -0.670503 -1.002540 -5.437061 0.046551 0.100635 -0.009022 0.001184 0.030000 0.038977 0.036515 0.009132
19.875356 1.000000 -0.314226 0.596059 -0.010858 0.094831 0.914492 -1.551166 -0.030368 -0.322867 -0.581942 0.019630 0.091188 -0.919334 -1.547703 0.024424 1.109284 11.829074 -6.540536 2.464946 -5.258735 -4.696755 5.436127 5.436127 0.000000 0.666604 5.500000 0.000000 0.000000 0.000000 0.000000 -0.666604 -0.994354 -5.436127 0.046432 0.100384 -0.008208 0.001187 0.030000 0.038976 0.036514 0.009132
19.915871 1.000000 -0.314238 0.596083 -0.010846 0.094831 0.914492 -1.551166 -0.030368 -0.322867 -0.581942 0.019630 0.091200 -0.919370 -1.547691 0.024400 0.964550 11.790374 -6.426759 2.560420 -5.282898 -4.677141 5.423197 5.423197 0.000000 0.648364 5.500000 0.000000 0.000000 0.000000 0.000000 -0.648364 -1.001804 -5.423197 0.046517 0.100130 -0.008677 0.001181 0.030000 0.038972 0.036517 0.009132
19.956082 1.000000 -0.314238 0.596059 -0.010846 0.094819 0.914504 -1.551178 -0.030368 -0.322879 -0.581942 0.019630 0.091200 -0.919358 -1.547691 0.024388 0.947507 11.755599 -6.582195 2.647518 -5.232902 -4.648999 5.424029 5.424029 0.000000 0.650098 5.500000 0.000000 0.000000 0.000000 0.000000 -0.650098 -0.999182 -5.424029 0.046275 0.100284 -0.009031 0.001187 0.030000 0.038971 0.036511 0.009132
20.013865 1.000000 -0.314238 0.596083 -0.010846 0.094831 0.914468 -1.551166 -0.030368 -0.322867 -0.581942 0.019630 0.091188 -0.919346 -1.547703 0.024388 0.826996 11.775973 -6.744271 2.653020 -5.274886 -4.748281 5.437383 5.437383 0.000000 0.662355 5.500000 0.000000 0.000000 0.000000 0.000000 -0.662355 -0.998864 -5.437383 0.046175 0.100229 -0.008148 0.001182 0.030000 0.038970 0.036512 0.009132
20.057664 1.000000 -0.314238 0.596059 -0.010858 0.094831 0.914492 -1.551166 -0.030380 -0.322867 -0.581942 0.019630 0.091176 -0.919346 -1.547691 0.024388 1.055010 11.754262 -6.634900 2.457348 -5.224768 -4.549971 5.434031 5.434031 0.000000 0.680178 5.500000 0.000000 0.000000 0.000000 0.000000 -0.680178 -1.000362 -5.434031 0.046321 0.100406 -0.008885 0.001188 0.030000 0.038974 0.036510 0.009132
20.116754 1.000000 -0.314238 0.596059 -0.010846 0.094831 0.914492 -1.551166 -0.030368 -0.322855 -0.581942 0.019630 0.091188 -0.919382 -1.547679 0.024364 0.866724 11.976370 -6.462820 2.799220 -5.132803 -4.631756 5.429724 5.429724 0.000000 0.688467 5.500000 0.000000 0.000000 0.000000 0.000000 -0.688467 -1.011007 -5.429724 0.045919 0.100864 -0.008730 0.001185 0.030000 0.038972 0.036516 0.009132
20.158971 1.000000 -0.314238 0.596071 -0.010846 0.094831 0.914468 -1.551166 -0.030356 -0.322867 -0.581966 0.019654 0.091200 -0.919382 -1.547691 0.024352 0.981031 11.725873 -6.626046 2.477442 -5.196093 -4.568982 5.427353 5.427353 0.000000 0.667164 5.500000 0.000000 0.000000 0.000000 0.000000 -0.667164 -1.007643 -5.427353 0.046355 0.100842 -0.008635 0.001182 0.030000 0.038969 0.036513 0.009132
20.227356 1.000000 -0.314238 0.596071 -0.010846 0.094831 0.914492 -1.551166 -0.030344 -0.322867 -0.581942 0.019642 0.091188 -0.919382 -1.547679 0.024352 1.036438 11.707590 -6.601378 2.284623 -5.242596 -4.620502 5.413857 5.413857 0.000000 0.670924 5.500000 0.000000 0.000000 0.000000 0.000000 -0.670924 -0.999889 -5.413857 0.046321 0.100140 -0.008946 0.001185 0.030000 0.038969 0.036512 0.009132
20.275524 1.000000 -0.314226 0.596047 -0.010834 0.094831 0.914480 -1.551166 -0.030344 -0.322867 -0.581942 0.019630 0.091200 -0.919382 -1.547691 0.024340 0.901644 11.565325 -6.704326 2.440450 -5.236224 -4.503769 5.422053 5.422053 0.000000 0.671982 5.500000 0.000000 0.000000 0.000000 0.000000 -0.671982 -1.002081 -5.422053 0.046301 0.100315 -0.008303 0.001185 0.030000 0.038972 0.036512 0.009132
20.329427 1.000000 -0.314238 0.596059 -0.010858 0.094831 0.914504 -1.551154 -0.030344 -0.322879 -0.581966 0.019630 0.091176 -0.919406 -1.547679 0.024340 1.061425 11.771955 -6.444270 2.542879 -5.152071 -4.706419 5.418879 5.418879 0.000000 0.672458 5.500000 0.000000 0.000000 0.000000 0.000000 -0.672458 -1.004581 -5.418879 0.046074 0.100555 -0.008392 0.001185 0.030000 0.038970 0.036505 0.009132
20.380515 1.000000 -0.314238 0.596059 -0.010846 0.094819 0.914492 -1.551166 -0.030344 -0.322867 -0.581966 0.019630 0.091200 -0.919418 -1.547691 0.024328 0.945016 11.710031 -6.685586 2.417010 -5.172980 -4.564009 5.422004 5.422004 0.000000 0.686790 5.500000 0.000000 0.000000 0.000000 0.000000 -0.686790 -0.992683 -5.422004 0.046188 0.100689 -0.009248 0.001182 0.030000 0.038967 0.036512 0.009132
20.453909 1.000000 -0.314226 0.596083 -0.010834 0.094831 0.914504 -1.551178 -0.030320 -0.322891 -0.581942 0.019630 0.091188 -0.919418 -1.547679 0.024292 1.134719 11.798829 -6.502839 2.478755 -4.924966 -4.565740 5.426906 5.426906 0.000000 0.674524 5.500000 0.000000 0.000000 0.000000 0.000000 -0.674524 -0.987599 -5.426906 0.046016 0.100648 -0.007929 0.001181 0.030000 0.038970 0.036501 0.009132
20.490583 1.000000 -0.314238 0.596071 -0.010846 0.094819 0.914480 -1.551166 -0.030320 -0.322879 -0.581954 0.019630 0.091200 -0.919418 -1.547691 0.024292 1.057241 11.654746 -6.570972 2.399963 -4.941975 -4.627363 5.432463 5.432463 0.000000 0.663416 5.500000 0.000000 0.000000 0.000000 0.000000 -0.663416 -0.994078 -5.432463 0.046013 0.100682 -0.007870 0.001182 0.030000 0.038964 0.036506 0.009132
20.523354 1.000000 -0.314238 0.596059 -0.010858 0.094819 0.914492 -1.551178 -0.030332 -0.322867 -0.581942 0.019630 0.091200 -0.919418 -1.547703 0.024316 0.965801 11.727113 -6.726945 2.605259 -5.022100 -4.547927 5.435136 5.435136 0.000000 0.678015 5.500000 0.000000 0.000000 0.000000 0.000000 -0.678015 -0.992288 -5.435136 0.046239 0.100496 -0.008962 0.001187 0.030000 0.038966 0.036512 0.009132
20.559747 1.000000 -0.314238 0.596071 -0.010846 0.094819 0.914492 -1.551178 -0.030320 -0.322867 -0.581942 0.019630 0.091188 -0.919442 -1.547691 0.024280 1.094895 11.871575 -6.455000 2.600056 -5.184150 -4.731439 5.420321 5.420321 0.000000 0.676172 5.500000 0.000000 0.000000 0.000000 0.000000 -0.676172 -1.003773 -5.420321 0.046163 0.100725 -0.008780 0.001185 0.030000 0.038964 0.036509 0.009132
20.600707 1.000000 -0.314250 0.596059 -0.010858 0.094819 0.914480 -1.551178 -0.030296 -0.322867 -0.581966 0.019630 0.091200 -0.919442 -1.547691 0.024268 0.939129 11.642312 -6.614618 2.546181 -5.178104 -4.340363 5.419851 5.419851 0.000000 0.673706 5.500000 0.000000 0.000000 0.000000 0.000000 -0.673706 -0.998407 -5.419851 0.045932 0.100787 -0.007941 0.001184 0.030000 0.038958 0.036508 0.009132
20.671976 1.000000 -0.314238 0.596059 -0.010834 0.094831 0.914492 -1.551166 -0.030296 -0.322867 -0.581954 0.019630 0.091188 -0.919430 -1.547703 0.024256 1.081302 11.702519 -6.578450 2.365262 -5.266120 -4.635947 5.435964 5.435964 0.000000 0.684314 5.500000 0.000000 0.000000 0.000000 0.000000 -0.684314 -1.017247 -5.435964 0.045832 0.100473 -0.009274 0.001182 0.030000 0.038963 0.036505 0.009132
20.741669 1.000000 -0.314238 0.596083 -0.010846 0.094831 0.914492 -1.551178 -0.030284 -0.322879 -0.581954 0.019630 0.091200 -0.919442 -1.547679 0.024256 0.973664 11.914569 -6.619470 2.420129 -5.175557 -4.502934 5.417743 5.417743 0.000000 0.667177 5.500000 0.000000 0.000000 0.000000 0.000000 -0.667177 -0.985361 -5.417743 0.045890 0.100365 -0.008459 0.001180 0.030000 0.038962 0.036504 0.009132
20.794381 1.000000 -0.314238 0.596071 -0.010846 0.094807 0.914492 -1.551166 -0.030296 -0.322867 -0.581966 0.019642 0.091188 -0.919442 -1.547679 0.024244 0.976388 11.720373 -6.596207 2.587854 -5.358790 -4.700533 5.425471 5.425471 0.000000 0.671769 5.500000 0.000000 0.000000 0.000000 0.000000 -0.671769 -1.017682 -5.425471 0.046083 0.100825 -0.008418 0.001183 0.030000 0.038960 0.036505 0.009132
20.884662 1.000000 -0.314238 0.596071 -0.010858 0.094819 0.914492 -1.551166 -0.030260 -0.322867 -0.581954 0.019630 0.091176 -0.919442 -1.547679 0.024220 1.002533 11.612366 -6.464658 2.251195 -4.955509 -4.541403 5.421732 5.421732 0.000000 0.677778 5.500000 0.000000 0.000000 0.000000 0.000000 -0.677778 -0.994381 -5.421732 0.046333 0.100385 -0.008299 0.001185 0.030000 0.038958 0.036500 0.009132
20.955451 1.000000 -0.314238 0.596095 -0.010846 0.094831 0.914468 -1.551166 -0.030260 -0.322879 -0.581966 0.019630 0.091188 -0.919430 -1.547679 0.024220 0.729467 11.993765 -6.816795 2.447272 -5.239465 -4.479003 5.429569 5.429569 0.000000 0.673945 5.500000 0.000000 0.000000 0.000000 0.000000 -0.673945 -0.998745 -5.429569 0.046225 0.100631 -0.009956 0.001176 0.030000 0.038958 0.036497 0.009132
21.008346 1.000000 -0.314238 0.596071 -0.010846 0.094843 0.914492 -1.551166 -0.030272 -0.322867 -0.581954 0.019630 0.091176 -0.919442 -1.547691 0.024208 0.976299 11.824838 -6.635224 2.432457 -5.369589 -4.770144 5.426933 5.426933 0.000000 0.687038 5.500000 0.000000 0.000000 0.000000 0.000000 -0.687038 -1.008079 -5.426933 0.046073 0.100521 -0.009518 0.001182 0.030000 0.038963 0.036499 0.009132
21.070604 1.000000 -0.314238 0.596059 -0.010846 0.094831 0.914504 -1.551166 -0.030272 -0.322879 -0.581954 0.019630 0.091176 -0.919442 -1.547691 0.024208 0.993433 11.698608 -6.590967 2.427962 -5.063892 -4.510880 5.416004 5.416004 0.000000 0.678796 5.500000 0.000000 0.000000 0.000000 0.000000 -0.678796 -0.999556 -5.416004 0.046389 0.100864 -0.008214 0.001185 0.030000 0.038962 0.036496 0.009132
21.113765 1.000000 -0.314238 0.596083 -0.010834 0.094831 0.914492 -1.551178 -0.030260 -0.322867 -0.581942 0.019630 0.091188 -0.919454 -1.547691 0.024196 0.842316 11.656446 -6.422452 2.395233 -5.228619 -4.534927 5.434548 5.434548 0.000000 0.680127 5.500000 0.000000 0.000000 0.000000 0.000000 -0.680127 -0.998224 -5.434548 0.045933 0.101291 -0.008773 0.001180 0.030000 0.038959 0.036502 0.009132
21.193595 1.000000 -0.314238 0.596083 -0.010834 0.094843 0.914492 -1.551166 -0.030260 -0.322879 -0.581966 0.019630 0.091200 -0.919454 -1.547703 0.024208 1.044686 11.809012 -6.734929 2.389375 -5.262734 -4.496297 5.427336 5.427336 0.000000 0.664053 5.500000 0.000000 0.000000 0.000000 0.000000 -0.664053 -0.982791 -5.427336 0.046311 0.100564 -0.007399 0.001175 0.030000 0.038961 0.036499 0.009132
21.244124 1.000000 -0.314238 0.596059 -0.010834 0.094831 0.914468 -1.551178 -0.030260 -0.322879 -0.581954 0.019654 0.091200 -0.919442 -1.547679 0.024196 1.016695 11.705614 -6.608903 2.599626 -5.226784 -4.665095 5.425951 5.425951 0.000000 0.685154 5.500000 0.000000 0.000000 0.000000 0.000000 -0.685154 -1.001866 -5.425951 0.045931 0.100870 -0.008946 0.001185 0.030000 0.038958 0.036500 0.009132
21.299537 1.000000 -0.314238 0.596071 -0.010858 0.094819 0.914492 -1.551166 -0.030260 -0.322867 -0.581954 0.019630 0.091188 -0.919454 -1.547691 0.024184 0.801870 11.619843 -6.422695 2.413534 -5.216283 -4.511301 5.426989 5.426989 0.000000 0.668973 5.500000 0.000000 0.000000 0.000000 0.000000 -0.668973 -0.991370 -5.426989 0.046609 0.101149 -0.007487 0.001184 0.030000 0.038958 0.036500 0.009132
21.369267 1.000000 -0.314238 0.596083 -0.010834 0.094831 0.914492 -1.551166 -0.030248 -0.322879 -0.581942 0.019654 0.091176 -0.919454 -1.547703 0.024184 0.986629 11.821037 -6.624748 2.556442 -5.107694 -4.314101 5.418998 5.418998 0.000000 0.687089 5.500000 0.000000 0.000000 0.000000 0.000000 -0.687089 -1.001267 -5.418998 0.045749 0.101003 -0.007775 0.001185 0.030000 0.038958 0.036497 0.009132
21.421717 1.000000 -0.314238 0.596059 -0.010834 0.094831 0.914492 -1.551178 -0.030260 -0.322867 -0.581966 0.019654 0.091200 -0.919454 -1.547691 0.024184 0.852907 11.866223 -6.718956 2.404688 -5.399829 -4.877734 5.417025 5.417025 0.000000 0.679848 5.500000 0.000000 0.000000 0.000000 0.000000 -0.679848 -0.993457 -5.417025 0.046286 0.100730 -0.007750 0.001182 0.030000 0.038959 0.036503 0.009132
21.455034 1.000000 -0.314238 0.596083 -0.010846 0.094843 0.914480 -1.551166 -0.030260 -0.322879 -0.581966 0.019654 0.091188 -0.919466 -1.547691 0.024196 0.899197 11.802644 -6.610969 2.460530 -5.258525 -4.622834 5.433995 5.433995 0.000000 0.676377 5.500000 0.000000 0.000000 0.000000 0.000000 -0.676377 -1.000517 -5.433995 0.046208 0.100890 -0.008432 0.001181 0.030000 0.038961 0.036499 0.009132
21.492162 1.000000 -0.314238 0.596059 -0.010834 0.094819 0.914480 -1.551166 -0.030248 -0.322879 -0.581966 0.019654 0.091188 -0.919454 -1.547691 0.024172 0.916765 11.796934 -6.660377 2.491084 -5.242102 -4.643311 5.414861 5.414861 0.000000 0.690105 5.500000 0.000000 0.000000 0.000000 0.000000 -0.690105 -0.995062 -5.414861 0.046055 0.100861 -0.010007 0.001185 0.030000 0.038955 0.036496 0.009132
21.523522 1.000000 -0.314250 0.596071 -0.010834 0.094831 0.914492 -1.551154 -0.030248 -0.322879 -0.581966 0.019654 0.091200 -0.919490 -1.547691 0.024172 0.930640 11.806694 -6.626274 2.581960 -5.254218 -4.666102 5.431671 5.431671 0.000000 0.679586 5.500000 0.000000 0.000000 0.000000 0.000000 -0.679586 -0.994502 -5.431671 0.046283 0.100920 -0.008392 0.001182 0.030000 0.038954 0.036501 0.009132
21.561217 1.000000 -0.314238 0.596071 -0.010846 0.094807 0.914480 -1.551166 -0.030236 -0.322879 -0.581966 0.019630 0.091188 -0.919490 -1.547703 0.024160 1.042722 11.686495 -6.713097 2.586473 -5.253901 -4.652393 5.414649 5.414649 0.000000 0.674716 5.500000 0.000000 0.000000 0.000000 0.000000 -0.674716 -1.002863 -5.414649 0.045848 0.100994 -0.007958 0.001182 0.030000 0.038952 0.036496 0.009132
21.595752 1.000000 -0.314226 0.596071 -0.010834 0.094807 0.914492 -1.551166 -0.030236 -0.322867 -0.581954 0.019630 0.091200 -0.919478 -1.547703 0.024172 1.019770 11.608507 -6.648003 2.462697 -5.255319 -4.618328 5.419226 5.419226 0.000000 0.673150 5.500000 0.000000 0.000000 0.000000 0.000000 -0.673150 -0.992962 -5.419226 0.046223 0.100641 -0.008999 0.001180 0.030000 0.038956 0.036502 0.009132
21.635484 1.000000 -0.314238 0.596083 -0.010846 0.094831 0.914492 -1.551190 -0.030236 -0.322879 -0.581954 0.019630 0.091188 -0.919502 -1.547691 0.024148 0.995438 11.798305 -6.672315 2.519182 -5.412512 -4.646082 5.422575 5.422575 0.000000 0.680431 5.500000 0.000000 0.000000 0.000000 0.000000 -0.680431 -0.994359 -5.422575 0.045771 0.101050 -0.008160 0.001180 0.030000 0.038957 0.036496 0.009132
21.680926 1.000000 -0.314238 0.596059 -0.010846 0.094831 0.914504 -1.551178 -0.030224 -0.322879 -0.581966 0.019630 0.091188 -0.919502 -1.547679 0.024148 0.852769 11.789696 -6.701163 2.599668 -5.361607 -4.629395 5.424028 5.424028 0.000000 0.683137 5.500000 0.000000 0.000000 0.000000 0.000000 -0.683137 -1.012439 -5.424028 0.045834 0.101047 -0.009104 0.001182 0.030000 0.038957 0.036496 0.009132
21.728173 1.000000 -0.314238 0.596047 -0.010834 0.094831 0.914480 -1.551166 -0.030212 -0.322867 -0.581966 0.019630 0.091188 -0.919514 -1.547691 0.024148 0.914315 11.765318 -6.527033 2.516265 -5.233816 -4.567006 5.427752 5.427752 0.000000 0.682383 5.500000 0.000000 0.000000 0.000000 0.000000 -0.682383 -0.994503 -5.427752 0.046114 0.100993 -0.008494 0.001182 0.030000 0.038954 0.036500 0.009132
21.788778 1.000000 -0.314226 0.596083 -0.010834 0.094831 0.914492 -1.551178 -0.030212 -0.322867 -0.581966 0.019618 0.091200 -0.919514 -1.547703 0.024136 1.039928 11.720942 -6.626527 2.273775 -5.261271 -4.535027 5.422968 5.422968 0.000000 0.685627 5.500000 0.000000 0.000000 0.000000 0.000000 -0.685627 -0.997203 -5.422968 0.046152 0.100928 -0.008509 0.001173 0.030000 0.038958 0.036500 0.009132
21.863297 1.000000 -0.314238 0.596071 -0.010858 0.094831 0.914492 -1.551166 -0.030212 -0.322867 -0.581966 0.019630 0.091176 -0.919514 -1.547691 0.024124 0.991508 11.841836 -6.522725 2.376239 -5.157132 -4.454192 5.420692 5.420692 0.000000 0.674223 5.500000 0.000000 0.000000 0.000000 0.000000 -0.674223 -0.997124 -5.420692 0.045854 0.100573 -0.007740 0.001182 0.030000 0.038955 0.036496 0.009132
21.955443 1.000000 -0.314238 0.596083 -0.010834 0.094831 0.914492 -1.551178 -0.030188 -0.322867 -0.581966 0.019630 0.091188 -0.919514 -1.547703 0.024112 0.967873 11.625096 -6.614481 2.842495 -5.313580 -4.746193 5.417464 5.417464 0.000000 0.683859 5.500000 0.000000 0.000000 0.000000 0.000000 -0.683859 -0.994217 -5.417464 0.046102 0.100586 -0.008910 0.001176 0.030000 0.038951 0.036497 0.009132
21.994597 1.000000 -0.314226 0.596059 -0.010834 0.094831 0.914492 -1.551166 -0.030212 -0.322867 -0.581966 0.019630 0.091200 -0.919490 -1.547703 0.024112 0.854344 11.737779 -6.749303 2.519419 -5.290629 -4.629232 5.430177 5.430177 0.000000 0.680450 5.500000 0.000000 0.000000 0.000000 0.000000 -0.680450 -0.999179 -5.430177 0.045854 0.100884 -0.009123 0.001178 0.030000 0.038958 0.036497 0.009132
22.048660 1.000000 -0.314238 0.596083 -0.010846 0.094831 0.914492 -1.551166 -0.030188 -0.322867 -0.581966 0.019654 0.091200 -0.919526 -1.547679 0.024100 0.973919 11.843424 -6.490230 2.445463 -5.278016 -4.545126 5.425913 5.425913 0.000000 0.678627 5.500000 0.000000 0.000000 0.000000 0.000000 -0.678627 -0.995973 -5.425913 0.045793 0.100948 -0.009176 0.001180 0.030000 0.038952 0.036500 0.009132
22.100214 1.000000 -0.314238 0.596083 -0.010834 0.094831 0.914504 -1.551166 -0.030212 -0.322855 -0.581966 0.019654 0.091188 -0.919514 -1.547679 0.024112 1.046093 11.730755 -6.623069 2.540961 -5.321239 -4.654206 5.433015 5.433015 0.000000 0.693788 5.500000 0.000000 0.000000 0.000000 0.000000 -0.693788 -0.993707 -5.433015 0.046227 0.101309 -0.008309 0.001179 0.030000 0.038954 0.036502 0.009132
22.155782 1.000000 -0.314238 0.596071 -0.010846 0.094831 0.914492 -1.551166 -0.030176 -0.322879 -0.581966 0.019654 0.091176 -0.919514 -1.547691 0.024100 0.957410 11.682914 -6.619742 2.364990 -5.179096 -4.598377 5.411592 5.411592 0.000000 0.671933 5.500000 0.000000 0.000000 0.000000 0.000000 -0.671933 -0.992637 -5.411592 0.046251 0.100757 -0.008212 0.001184 0.030000 0.038950 0.036492 0.009132
22.210783 1.000000 -0.314238 0.596083 -0.010834 0.094831 0.914468 -1.551166 -0.030188 -0.322867 -0.581966 0.019654 0.091188 -0.919490 -1.547703 0.024088 0.981053 11.866795 -6.484964 2.603701 -5.274093 -4.592053 5.411238 5.411238 0.000000 0.681920 5.500000 0.000000 0.000000 0.000000 0.000000 -0.681920 -0.987990 -5.411238 0.045949 0.100763 -0.007987 0.001179 0.030000 0.038950 0.036494 0.009132
22.253301 1.000000 -0.314238 0.596059 -0.010822 0.094831 0.914504 -1.551178 -0.030176 -0.322867 -0.581978 0.019630 0.091200 -0.919514 -1.547691 0.024100 0.859682 11.723667 -6.671922 2.563776 -5.320450 -4.754479 5.415127 5.415127 0.000000 0.678065 5.500000 0.000000 0.000000 0.000000 0.000000 -0.678065 -0.984237 -5.415127 0.046144 0.101150 -0.007528 0.001176 0.030000 0.038950 0.036497 0.009132
22.295301 1.000000 -0.314238 0.596083 -0.010846 0.094831 0.914468 -1.551166 -0.030176 -0.322879 -0.581966 0.019630 0.091188 -0.919514 -1.547703 0.024100 0.999710 11.801126 -6.543343 2.552916 -5.216439 -4.425453 5.428674 5.428674 0.000000 0.684805 5.500000 0.000000 0.000000 0.000000 0.000000 -0.684805 -0.997497 -5.428674 0.046167 0.100611 -0.007751 0.001178 0.030000 0.038949 0.036492 0.009132
22.346584 1.000000 -0.314238 0.596071 -0.010846 0.094807 0.914492 -1.551166 -0.030188 -0.322879 -0.581978 0.019654 0.091200 -0.919514 -1.547691 0.024088 0.914435 11.596170 -6.578003 2.409962 -5.039591 -4.650694 5.421588 5.421588 0.000000 0.673947 5.500000 0.000000 0.000000 0.000000 0.000000 -0.673947 -0.997086 -5.421588 0.046295 0.100794 -0.007817 0.001182 0.030000 0.038948 0.036494 0.009132
22.393093 1.000000 -0.314238 0.596083 -0.010834 0.094831 0.914492 -1.551166 -0.030176 -0.322879 -0.581966 0.019654 0.091188 -0.919514 -1.547715 0.024088 0.997483 11.802178 -6.565172 2.345271 -5.205844 -4.562271 5.439964 5.439964 0.000000 0.689104 5.500000 0.000000 0.000000 0.000000 0.000000 -0.689104 -0.993979 -5.439964 0.045795 0.100959 -0.007911 0.001180 0.030000 0.038950 0.036492 0.009132
22.452792 1.000000 -0.314226 0.596071 -0.010846 0.094843 0.914480 -1.551166 -0.030176 -0.322867 -0.581966 0.019654 0.091188 -0.919514 -1.547703 0.024088 1.013931 11.762791 -6.606076 2.578525 -5.270283 -4.677594 5.440053 5.440053 0.000000 0.674563 5.500000 0.000000 0.000000 0.000000 0.000000 -0.674563 -0.993697 -5.440053 0.045801 0.100975 -0.008287 0.001181 0.030000 0.038956 0.036496 0.009132
22.512684 1.000000 -0.314238 0.596083 -0.010846 0.094843 0.914504 -1.551166 -0.030176 -0.322879 -0.581954 0.019630 0.091188 -0.919526 -1.547691 0.024064 1.060430 11.682288 -6.672562 2.561438 -5.302827 -4.524584 5.437082 5.437082 0.000000 0.679765 5.500000 0.000000 0.000000 0.000000 0.000000 -0.679765 -0.974782 -5.437082 0.046343 0.101473 -0.007835 0.001179 0.030000 0.038953 0.036490 0.009132
22.547768 1.000000 -0.314238 0.596095 -0.010834 0.094831 0.914492 -1.551178 -0.030164 -0.322867 -0.581978 0.019630 0.091200 -0.919514 -1.547703 0.024076 0.910518 11.782396 -6.464273 2.351102 -5.313955 -4.610699 5.419865 5.419865 0.000000 0.680121 5.500000 0.000000 0.000000 0.000000 0.000000 -0.680121 -0.982679 -5.419865 0.046221 0.101257 -0.007738 0.001171 0.030000 0.038948 0.036494 0.009132
22.606164 1.000000 -0.314238 0.596083 -0.010834 0.094831 0.914492 -1.551166 -0.030164 -0.322867 -0.581990 0.019654 0.091200 -0.919514 -1.547691 0.024052 0.956898 11.786655 -6.598700 2.637424 -5.283683 -4.553854 5.406991 5.406991 0.000000 0.672032 5.500000 0.000000 0.000000 0.000000 0.000000 -0.672032 -0.979916 -5.406991 0.046121 0.101197 -0.008399 0.001174 0.030000 0.038948 0.036493 0.009132
22.660737 1.000000 -0.314238 0.596083 -0.010846 0.094843 0.914504 -1.551178 -0.030152 -0.322879 -0.581978 0.019630 0.091200 -0.919514 -1.547691 0.024052 1.000394 11.733201 -6.611300 2.439487 -5.154986 -4.479311 5.421399 5.421399 0.000000 0.675394 5.500000 0.000000 0.000000 0.000000 0.000000 -0.675394 -0.991244 -5.421399 0.046308 0.101120 -0.008282 0.001174 0.030000 0.038950 0.036488 0.009132
22.711057 1.000000 -0.314238 0.596059 -0.010834 0.094855 0.914492 -1.551178 -0.030152 -0.322867 -0.581966 0.019654 0.091200 -0.919514 -1.547715 0.024040 1.015062 11.691203 -6.571198 2.319375 -5.173402 -4.535927 5.417412 5.417412 0.000000 0.693970 5.500000 0.000000 0.000000 0.000000 0.000000 -0.693970 -0.998373 -5.417412 0.045827 0.101254 -0.008525 0.001180 0.030000 0.038951 0.036493 0.009132
22.758086 1.000000 -0.314238 0.596083 -0.010834 0.094831 0.914492 -1.551166 -0.030152 -0.322867 -0.581966 0.019630 0.091200 -0.919514 -1.547691 0.024040 1.012204 11.708122 -6.572205 2.384107 -5.316323 -4.643105 5.418076 5.418076 0.000000 0.674262 5.500000 0.000000 0.000000 0.000000 0.000000 -0.674262 -0.979062 -5.418076 0.045864 0.100944 -0.008259 0.001175 0.030000 0.038947 0.036492 0.009132
22.813922 1.000000 -0.314238 0.596083 -0.010834 0.094819 0.914480 -1.551154 -0.030140 -0.322867 -0.581954 0.019630 0.091188 -0.919514 -1.547703 0.024040 0.907183 11.849270 -6.633878 2.510376 -5.216410 -4.617911 5.400653 5.400653 0.000000 0.671829 5.500000 0.000000 0.000000 0.000000 0.000000 -0.671829 -0.984099 -5.400653 0.045636 0.101287 -0.007396 0.001179 0.030000 0.038943 0.036491 0.009132
22.848269 1.000000 -0.314250 0.596071 -0.010834 0.094831 0.914468 -1.551178 -0.030152 -0.322867 -0.581966 0.019630 0.091176 -0.919514 -1.547703 0.024040 1.068703 11.664823 -6.396550 2.562319 -5.272151 -4.647283 5.416290 5.416290 0.000000 0.691073 5.500000 0.000000 0.000000 0.000000 0.000000 -0.691073 -0.990342 -5.416290 0.046044 0.101389 -0.008978 0.001179 0.030000 0.038942 0.036488 0.009132
22.879140 1.000000 -0.314238 0.596083 -0.010834 0.094843 0.914504 -1.551166 -0.030140 -0.322867 -0.581978 0.019654 0.091200 -0.919514 -1.547703 0.024040 0.997080 11.959413 -6.538959 2.603449 -5.268209 -4.615976 5.424558 5.424558 0.000000 0.692933 5.500000 0.000000 0.000000 0.000000 0.000000 -0.692933 -0.996476 -5.424558 0.046108 0.101277 -0.008728 0.001175 0.030000 0.038948 0.036493 0.009132
22.914946 1.000000 -0.314262 0.596083 -0.010834 0.094843 0.914492 -1.551154 -0.030140 -0.322867 -0.581978 0.019630 0.091176 -0.919490 -1.547691 0.024040 1.078953 11.687350 -6.643694 2.565322 -5.293507 -4.632605 5.425595 5.425595 0.000000 0.690010 5.500000 0.000000 0.000000 0.000000 0.000000 -0.690010 -0.984655 -5.425595 0.045936 0.101294 -0.008149 0.001175 0.030000 0.038940 0.036485 0.009132
22.955646 1.000000 -0.314250 0.596071 -0.010846 0.094843 0.914492 -1.551178 -0.030152 -0.322879 -0.581966 0.019630 0.091200 -0.919514 -1.547691 0.024040 0.932364 11.768875 -6.629929 2.420369 -5.311184 -4.535599 5.420666 5.420666 0.000000 0.688546 5.500000 0.000000 0.000000 0.000000 0.000000 -0.688546 -0.991998 -5.420666 0.046215 0.101216 -0.008150 0.001179 0.030000 0.038946 0.036488 0.009132
22.982154 1.000000 -0.314226 0.596083 -0.010834 0.094831 0.914492 -1.551190 -0.030128 -0.322867 -0.581966 0.019654 0.091200 -0.919514 -1.547691 0.024028 0.908404 11.748136 -6.637187 2.330821 -5.248217 -4.634883 5.426685 5.426685 0.000000 0.678719 5.500000 0.000000 0.000000 0.000000 0.000000 -0.678719 -0.986443 -5.426685 0.046016 0.101149 -0.008124 0.001177 0.030000 0.038948 0.036493 0.009132
23.028718 1.000000 -0.314238 0.596083 -0.010858 0.094843 0.914504 -1.551178 -0.030116 -0.322867 -0.581990 0.019654 0.091200 -0.919514 -1.547715 0.024028 1.014323 11.743386 -6.546986 2.333578 -5.274082 -4.437716 5.412637 5.412637 0.000000 0.674443 5.500000 0.000000 0.000000 0.000000 0.000000 -0.674443 -0.986280 -5.412637 0.046112 0.101321 -0.007784 0.001176 0.030000 0.038947 0.036491 0.009132
23.094165 1.000000 -0.314238 0.596071 -0.010834 0.094819 0.914504 -1.551166 -0.030104 -0.322879 -0.581978 0.019630 0.091188 -0.919526 -1.547691 0.024016 0.918235 11.764767 -6.535598 2.454439 -5.281567 -4.552374 5.416700 5.416700 0.000000 0.675879 5.500000 0.000000 0.000000 0.000000 0.000000 -0.675879 -0.964023 -5.416700 0.046187 0.101456 -0.007089 0.001177 0.030000 0.038941 0.036484 0.009132
23.140365 1.000000 -0.314238 0.596071 -0.010834 0.094831 0.914504 -1.551190 -0.030128 -0.322867 -0.581954 0.019654 0.091200 -0.919526 -1.547703 0.024016 0.903722 11.623286 -6.656850 2.595821 -5.200220 -4.639346 5.418634 5.418634 0.000000 0.683861 5.500000 0.000000 0.000000 0.000000 0.000000 -0.683861 -0.995813 -5.418634 0.046213 0.101263 -0.007834 0.001182 0.030000 0.038945 0.036493 0.009132
23.184063 1.000000 -0.314238 0.596071 -0.010846 0.094807 0.914492 -1.551178 -0.030116 -0.322867 -0.581978 0.019642 0.091200 -0.919514 -1.547679 0.024028 0.987203 11.638670 -6.603229 2.439040 -5.181361 -4.617219 5.411747 5.411747 0.000000 0.683785 5.500000 0.000000 0.000000 0.000000 0.000000 -0.683785 -0.991150 -5.411747 0.045856 0.101516 -0.008184 0.001180 0.030000 0.038940 0.036491 0.009132
23.231277 1.000000 -0.314238 0.596083 -0.010834 0.094843 0.914492 -1.551178 -0.030116 -0.322867 -0.581978 0.019630 0.091188 -0.919514 -1.547691 0.024016 1.061051 11.814199 -6.701487 2.473049 -5.291472 -4.727618 5.411451 5.411451 0.000000 0.683871 5.500000 0.000000 0.000000 0.000000 0.000000 -0.683871 -0.987990 -5.411451 0.046241 0.100910 -0.008800 0.001173 0.030000 0.038945 0.036487 0.009132
23.280041 1.000000 -0.314238 0.596059 -0.010846 0.094843 0.914492 -1.551190 -0.030116 -0.322867 -0.581978 0.019654 0.091200 -0.919514 -1.547691 0.024004 0.862760 11.772398 -6.493311 2.418197 -5.200020 -4.472421 5.412912 5.412912 0.000000 0.683877 5.500000 0.000000 0.000000 0.000000 0.000000 -0.683877 -0.995292 -5.412912 0.045871 0.101342 -0.008496 0.001180 0.030000 0.038946 0.036489 0.009132
23.340638 1.000000 -0.314250 0.596083 -0.010846 0.094843 0.914492 -1.551178 -0.030116 -0.322879 -0.581966 0.019630 0.091200 -0.919514 -1.547691 0.024004 0.811541 11.517574 -6.422775 2.682734 -5.253692 -4.709201 5.421527 5.421527 0.000000 0.686588 5.500000 0.000000 0.000000 0.000000 0.000000 -0.686588 -0.999251 -5.421527 0.045687 0.101180 -0.008845 0.001177 0.030000 0.038942 0.036485 0.009132
23.384903 1.000000 -0.314214 0.596083 -0.010834 0.094831 0.914504 -1.551190 -0.030116 -0.322879 -0.581978 0.019630 0.091200 -0.919514 -1.547691 0.024004 0.689701 11.956919 -6.380016 2.505120 -5.254948 -4.505606 5.410483 5.410483 0.000000 0.677392 5.500000 0.000000 0.000000 0.000000 0.000000 -0.677392 -0.987970 -5.410483 0.046284 0.101132 -0.008074 0.001172 0.030000 0.038951 0.036484 0.009132
23.436800 1.000000 -0.314262 0.596083 -0.010834 0.094831 0.914480 -1.551178 -0.030104 -0.322879 -0.581978 0.019630 0.091200 -0.919514 -1.547691 0.023992 0.975048 11.794964 -6.506513 2.418804 -5.206108 -4.497316 5.412739 5.412739 0.000000 0.699706 5.500000 0.000000 0.000000 0.000000 0.000000 -0.699706 -0.997137 -5.412739 0.046060 0.101384 -0.008817 0.001175 0.030000 0.038934 0.036483 0.009132
23.479662 1.000000 -0.314226 0.596083 -0.010846 0.094831 0.914480 -1.551190 -0.030116 -0.322879 -0.581990 0.019630 0.091200 -0.919514 -1.547679 0.024016 0.907897 11.753616 -6.646308 2.426371 -5.184853 -4.531225 5.417179 5.417179 0.000000 0.694449 5.500000 0.000000 0.000000 0.000000 0.000000 -0.694449 -0.976233 -5.417179 0.045883 0.101413 -0.008335 0.001172 0.030000 0.038947 0.036484 0.009132
23.542093 1.000000 -0.314262 0.596071 -0.010834 0.094843 0.914492 -1.551190 -0.030104 -0.322867 -0.581978 0.019630 0.091188 -0.919514 -1.547691 0.023992 1.012477 11.849386 -6.482374 2.355327 -5.209556 -4.582057 5.402827 5.402827 0.000000 0.684578 5.500000 0.000000 0.000000 0.000000 0.000000 -0.684578 -0.986811 -5.402827 0.046644 0.100813 -0.009180 0.001176 0.030000 0.038937 0.036485 0.009132
23.586715 1.000000 -0.314238 0.596071 -0.010834 0.094831 0.914492 -1.551178 -0.030092 -0.322867 -0.581966 0.019630 0.091200 -0.919526 -1.547691 0.024004 0.917814 11.631838 -6.564900 2.353949 -5.282382 -4.478756 5.432519 5.432519 0.000000 0.671933 5.500000 0.000000 0.000000 0.000000 0.000000 -0.671933 -0.982888 -5.432519 0.046189 0.101599 -0.008755 0.001177 0.030000 0.038941 0.036489 0.009132
23.635447 1.000000 -0.314250 0.596071 -0.010846 0.094831 0.914504 -1.551178 -0.030092 -0.322879 -0.581978 0.019630 0.091200 -0.919514 -1.547703 0.024004 1.041520 11.645074 -6.594163 2.334045 -5.228827 -4.612399 5.410483 5.410483 0.000000 0.686430 5.500000 0.000000 0.000000 0.000000 0.000000 -0.686430 -0.974110 -5.410483 0.046005 0.101390 -0.008007 0.001178 0.030000 0.038938 0.036484 0.009132
23.711556 1.000000 -0.314238 0.596071 -0.010834 0.094843 0.914492 -1.551190 -0.030104 -0.322867 -0.581978 0.019630 0.091188 -0.919526 -1.547679 0.023992 0.870148 11.847121 -6.595299 2.632834 -5.410818 -4.589188 5.406457 5.406457 0.000000 0.684182 5.500000 0.000000 0.000000 0.000000 0.000000 -0.684182 -0.973399 -5.406457 0.046077 0.101750 -0.008553 0.001175 0.030000 0.038944 0.036486 0.009132
23.778245 1.000000 -0.314238 0.596071 -0.010834 0.094843 0.914516 -1.551166 -0.030092 -0.322879 -0.581978 0.019630 0.091200 -0.919526 -1.547703 0.023980 1.209031 11.766548 -6.667622 2.240204 -5.361248 -4.484472 5.433637 5.433637 0.000000 0.690129 5.500000 0.000000 0.000000 0.000000 0.000000 -0.690129 -0.990059 -5.433637 0.046461 0.101986 -0.007518 0.001175 0.030000 0.038944 0.036483 0.009132
23.822460 1.000000 -0.314238 0.596059 -0.010834 0.094855 0.914492 -1.551178 -0.030104 -0.322879 -0.581978 0.019654 0.091188 -0.919514 -1.547667 0.023992 1.010886 11.779156 -6.633892 2.319433 -5.071674 -4.573541 5.420959 5.420959 0.000000 0.690649 5.500000 0.000000 0.000000 0.000000 0.000000 -0.690649 -0.990447 -5.420959 0.045828 0.101184 -0.008339 0.001180 0.030000 0.038946 0.036483 0.009132
23.880872 1.000000 -0.314238 0.596059 -0.010834 0.094831 0.914504 -1.551178 -0.030104 -0.322867 -0.581966 0.019630 0.091188 -0.919514 -1.547691 0.024004 0.916848 11.807760 -6.516604 2.373356 -5.220766 -4.461931 5.433121 5.433121 0.000000 0.690054 5.500000 0.000000 0.000000 0.000000 0.000000 -0.690054 -0.995966 -5.433121 0.045935 0.101491 -0.007893 0.001180 0.030000 0.038943 0.036486 0.009132
23.929995 1.000000 -0.314238 0.596071 -0.010822 0.094843 0.914504 -1.551178 -0.030104 -0.322867 -0.581990 0.019642 0.091200 -0.919490 -1.547679 0.024004 0.967533 11.661459 -6.651680 2.349058 -5.230911 -4.425769 5.415211 5.415211 0.000000 0.687101 5.500000 0.000000 0.000000 0.000000 0.000000 -0.687101 -0.978052 -5.415211 0.045956 0.101130 -0.008511 0.001172 0.030000 0.038944 0.036486 0.009132
23.971326 1.000000 -0.314238 0.596071 -0.010822 0.094843 0.914492 -1.551166 -0.030092 -0.322867 -0.581978 0.019630 0.091200 -0.919526 -1.547691 0.024004 0.961110 11.842132 -6.534385 2.503435 -5.195466 -4.386484 5.424859 5.424859 0.000000 0.678875 5.500000 0.000000 0.000000 0.000000 0.000000 -0.678875 -0.980493 -5.424859 0.045858 0.101425 -0.007269 0.001172 0.030000 0.038942 0.036488 0.009132
24.015589 1.000000 -0.314250 0.596083 -0.010834 0.094855 0.914492 -1.551178 -0.030092 -0.322867 -0.581966 0.019654 0.091200 -0.919526 -1.547691 0.023968 0.976647 11.676852 -6.473248 2.505674 -5.162095 -4.668287 5.433127 5.433127 0.000000 0.697308 5.500000 0.000000 0.000000 0.000000 0.000000 -0.697308 -0.984151 -5.433127 0.046232 0.101580 -0.008136 0.001177 0.030000 0.038941 0.036488 0.009132
24.075690 1.000000 -0.314238 0.596059 -0.010834 0.094843 0.914492 -1.551190 -0.030092 -0.322879 -0.581954 0.019654 0.091200 -0.919514 -1.547691 0.023968 0.927064 11.786261 -6.711331 2.425700 -5.186820 -4.494001 5.431606 5.431606 0.000000 0.685863 5.500000 0.000000 0.000000 0.000000 0.000000 -0.685863 -0.974242 -5.431606 0.046171 0.101460 -0.007664 0.001183 0.030000 0.038943 0.036484 0.009132
24.128364 1.000000 -0.314238 0.596083 -0.010846 0.094819 0.914480 -1.551178 -0.030068 -0.322867 -0.581978 0.019654 0.091188 -0.919514 -1.547691 0.023968 0.813758 11.717356 -6.706510 2.365879 -5.463999 -4.720275 5.425873 5.425873 0.000000 0.669549 5.500000 0.000000 0.000000 0.000000 0.000000 -0.669549 -0.988560 -5.425873 0.046240 0.101517 -0.007948 0.001179 0.030000 0.038936 0.036484 0.009132
24.165372 1.000000 -0.314238 0.596071 -0.010846 0.094831 0.914468 -1.551178 -0.030080 -0.322867 -0.581990 0.019630 0.091200 -0.919526 -1.547691 0.023968 0.930030 11.711040 -6.605513 2.474280 -5.279105 -4.622444 5.416236 5.416236 0.000000 0.677899 5.500000 0.000000 0.000000 0.000000 0.000000 -0.677899 -0.979680 -5.416236 0.045742 0.101168 -0.008675 0.001174 0.030000 0.038939 0.036484 0.009132
24.201497 1.000000 -0.314250 0.596071 -0.010834 0.094831 0.914492 -1.551166 -0.030080 -0.322867 -0.581978 0.019630 0.091176 -0.919502 -1.547691 0.023968 0.990401 11.862902 -6.552335 2.314150 -5.309876 -4.566274 5.428957 5.428957 0.000000 0.684139 5.500000 0.000000 0.000000 0.000000 0.000000 -0.684139 -0.984109 -5.428957 0.046010 0.101516 -0.007994 0.001177 0.030000 0.038936 0.036479 0.009132
24.244001 1.000000 -0.314238 0.596059 -0.010834 0.094843 0.914504 -1.551178 -0.030068 -0.322879 -0.581954 0.019654 0.091188 -0.919514 -1.547703 0.023944 0.848712 11.919992 -6.642556 2.423195 -5.168630 -4.492772 5.432253 5.432253 0.000000 0.675880 5.500000 0.000000 0.000000 0.000000 0.000000 -0.675880 -0.989915 -5.432253 0.045707 0.101514 -0.008251 0.001184 0.030000 0.038941 0.036480 0.009132
24.281147 1.000000 -0.314238 0.596071 -0.010834 0.094831 0.914492 -1.551178 -0.030080 -0.322879 -0.581978 0.019630 0.091176 -0.919526 -1.547703 0.023980 0.881903 11.761045 -6.621516 2.320217 -5.200652 -4.476321 5.417641 5.417641 0.000000 0.688415 5.500000 0.000000 0.000000 0.000000 0.000000 -0.688415 -0.977775 -5.417641 0.046181 0.101690 -0.008285 0.001177 0.030000 0.038939 0.036479 0.009132
24.320603 1.000000 -0.314238 0.596095 -0.010834 0.094831 0.914492 -1.551178 -0.030056 -0.322867 -0.581978 0.019654 0.091200 -0.919526 -1.547691 0.023956 0.930082 11.886330 -6.599447 2.253157 -5.327303 -4.709130 5.415388 5.415388 0.000000 0.684195 5.500000 0.000000 0.000000 0.000000 0.000000 -0.684195 -0.980374 -5.415388 0.046156 0.101467 -0.008176 0.001174 0.030000 0.038936 0.036486 0.009132
24.351338 1.000000 -0.314238 0.596083 -0.010834 0.094843 0.914504 -1.551178 -0.030068 -0.322879 -0.581990 0.019630 0.091188 -0.919526 -1.547691 0.023956 0.967816 11.711973 -6.607520 2.518666 -5.173861 -4.342260 5.407712 5.407712 0.000000 0.684965 5.500000 0.000000 0.000000 0.000000 0.000000 -0.684965 -0.987206 -5.407712 0.045783 0.101286 -0.008156 0.001171 0.030000 0.038941 0.036478 0.009132
24.394920 1.000000 -0.314238 0.596071 -0.010834 0.094831 0.914492 -1.551178 -0.030044 -0.322867 -0.581978 0.019630 0.091188 -0.919526 -1.547703 0.023921 0.950950 11.675144 -6.571173 2.432076 -5.337189 -4.682336 5.431345 5.431345 0.000000 0.696456 5.500000 0.000000 0.000000 0.000000 0.000000 -0.696456 -0.981289 -5.431345 0.046187 0.101873 -0.008799 0.001175 0.030000 0.038935 0.036479 0.009132
24.430463 1.000000 -0.314238 0.596071 -0.010834 0.094843 0.914504 -1.551178 -0.030056 -0.322867 -0.581978 0.019630 0.091176 -0.919538 -1.547703 0.023944 0.982717 11.810638 -6.497229 2.430274 -5.210816 -4.518929 5.427042 5.427042 0.000000 0.693722 5.500000 0.000000 0.000000 0.000000 0.000000 -0.693722 -0.986475 -5.427042 0.045962 0.101428 -0.008370 0.001176 0.030000 0.038939 0.036480 0.009132
24.478020 1.000000 -0.314238 0.596083 -0.010834 0.094843 0.914480 -1.551178 -0.030044 -0.322867 -0.581978 0.019630 0.091176 -0.919538 -1.547715 0.023944 0.944749 11.699711 -6.597062 2.472713 -5.013697 -4.537651 5.425979 5.425979 0.000000 0.677353 5.500000 0.000000 0.000000 0.000000 0.000000 -0.677353 -0.966725 -5.425979 0.046122 0.101461 -0.007160 0.001173 0.030000 0.038937 0.036480 0.009132
24.531085 1.000000 -0.314250 0.596059 -0.010834 0.094843 0.914492 -1.551166 -0.030032 -0.322879 -0.581978 0.019630 0.091200 -0.919526 -1.547703 0.023944 1.047169 11.589460 -6.590457 2.442240 -5.201167 -4.515493 5.418810 5.418810 0.000000 0.686389 5.500000 0.000000 0.000000 0.000000 0.000000 -0.686389 -0.976171 -5.418810 0.045873 0.101605 -0.008116 0.001177 0.030000 0.038932 0.036479 0.009132
24.602532 1.000000 -0.314238 0.596071 -0.010834 0.094831 0.914492 -1.551166 -0.030032 -0.322867 -0.581978 0.019630 0.091200 -0.919526 -1.547679 0.023932 0.775672 11.923017 -6.325645 2.323171 -5.179238 -4.677450 5.425227 5.425227 0.000000 0.699053 5.500000 0.000000 0.000000 0.000000 0.000000 -0.699053 -0.968676 -5.425227 0.046596 0.101719 -0.007975 0.001175 0.030000 0.038934 0.036482 0.009132
24.665583 1.000000 -0.314226 0.596095 -0.010834 0.094831 0.914492 -1.551178 -0.030056 -0.322867 -0.581990 0.019642 0.091200 -0.919514 -1.547691 0.023921 0.734762 11.930162 -6.838363 2.368355 -5.267337 -4.481056 5.419790 5.419790 0.000000 0.680423 5.500000 0.000000 0.000000 0.000000 0.000000 -0.680423 -0.977928 -5.419790 0.045481 0.101524 -0.007711 0.001169 0.030000 0.038940 0.036480 0.009132
24.730733 1.000000 -0.314238 0.596083 -0.010834 0.094831 0.914492 -1.551178 -0.030020 -0.322867 -0.581978 0.019630 0.091200 -0.919550 -1.547691 0.023932 0.778749 11.519292 -6.750008 2.563552 -5.333963 -4.681622 5.433503 5.433503 0.000000 0.702873 5.500000 0.000000 0.000000 0.000000 0.000000 -0.702873 -0.985441 -5.433503 0.045775 0.101725 -0.008615 0.001173 0.030000 0.038933 0.036484 0.009132
24.775854 1.000000 -0.314238 0.596083 -0.010834 0.094843 0.914492 -1.551178 -0.030032 -0.322867 -0.581990 0.019630 0.091200 -0.919526 -1.547703 0.023932 1.028098 11.842711 -6.622211 2.541826 -5.275806 -4.668935 5.429759 5.429759 0.000000 0.689692 5.500000 0.000000 0.000000 0.000000 0.000000 -0.689692 -0.982814 -5.429759 0.046218 0.101478 -0.008128 0.001170 0.030000 0.038936 0.036481 0.009132
24.811298 1.000000 -0.314250 0.596071 -0.010834 0.094843 0.914492 -1.551178 -0.030044 -0.322879 -0.581978 0.019654 0.091200 -0.919538 -1.547691 0.023944 0.961510 11.680309 -6.529790 2.545198 -5.121702 -4.574157 5.436359 5.436359 0.000000 0.674887 5.500000 0.000000 0.000000 0.000000 0.000000 -0.674887 -0.982599 -5.436359 0.045878 0.101500 -0.007336 0.001178 0.030000 0.038934 0.036482 0.009132
24.851589 1.000000 -0.314238 0.596047 -0.010846 0.094843 0.914492 -1.551190 -0.030044 -0.322867 -0.581966 0.019630 0.091200 -0.919526 -1.547691 0.023932 0.928445 11.665180 -6.672064 2.370221 -5.315727 -4.493782 5.431352 5.431352 0.000000 0.704785 5.500000 0.000000 0.000000 0.000000 0.000000 -0.704785 -0.976421 -5.431352 0.046187 0.101964 -0.008637 0.001181 0.030000 0.038938 0.036483 0.009132
24.903097 1.000000 -0.314226 0.596083 -0.010834 0.094819 0.914492 -1.551202 -0.030020 -0.322891 -0.581978 0.019630 0.091188 -0.919526 -1.547691 0.023932 0.977676 11.829931 -6.654956 2.560639 -5.175136 -4.310252 5.423302 5.423302 0.000000 0.688391 5.500000 0.000000 0.000000 0.000000 0.000000 -0.688391 -0.969884 -5.423302 0.045597 0.101816 -0.007630 0.001175 0.030000 0.038935 0.036473 0.009132
24.956919 1.000000 -0.314238 0.596083 -0.010846 0.094855 0.914504 -1.551178 -0.030032 -0.322867 -0.581978 0.019654 0.091188 -0.919538 -1.547703 0.023921 1.011264 11.756494 -6.554337 2.370773 -5.180081 -4.361575 5.436660 5.436660 0.000000 0.687398 5.500000 0.000000 0.000000 0.000000 0.000000 -0.687398 -0.980891 -5.436660 0.045611 0.101792 -0.007876 0.001176 0.030000 0.038939 0.036481 0.009132
24.996196 1.000000 -0.314238 0.596059 -0.010858 0.094855 0.914492 -1.551166 -0.030044 -0.322867 -0.581978 0.019630 0.091200 -0.919538 -1.547703 0.023932 0.997413 11.749862 -6.649942 2.402277 -5.252139 -4.468217 5.441580 5.441580 0.000000 0.687210 5.500000 0.000000 0.000000 0.000000 0.000000 -0.687210 -0.969702 -5.441580 0.045987 0.101618 -0.008028 0.001178 0.030000 0.038940 0.036483 0.009132
25.063711 2.000000 -0.314238 0.596083 -0.010834 0.094843 0.914492 -1.551190 -0.030032 -0.322867 -0.581966 0.019654 0.091188 -0.919526 -1.547667 0.023921 0.042857 0.004348 0.111609 0.116744 0.377776 0.111150 5.429277 5.429277 0.008945 0.694808 5.500000 0.000000 0.000000 0.005421 0.000000 -0.694808 -0.971836 -5.429277 0.046216 0.101811 -0.008632 0.001178 0.030000 0.038936 0.036482 0.009132
25.178432 2.000000 -0.314226 0.596059 -0.010834 0.094831 0.914492 -1.551178 -0.030020 -0.322879 -0.581978 0.019630 0.091200 -0.919538 -1.547715 0.023909 0.081317 -0.062134 -0.064128 0.582582 -0.262064 -0.071154 5.405180 5.405180 0.011090 0.696952 5.500000 0.000000 0.000000 0.006721 0.000000 -0.696952 -0.966509 -5.405180 0.045916 0.101618 -0.007759 0.001176 0.030000 0.038937 0.036477 0.009132
25.215826 2.000000 -0.314238 0.596083 -0.010834 0.094831 0.914492 -1.551178 -0.030020 -0.322867 -0.581966 0.019630 0.091200 -0.919550 -1.547691 0.023921 0.039646 0.050390 0.013163 0.203854 -0.077355 -0.065273 5.437935 5.437935 0.009294 0.695157 5.500000 0.000000 0.000000 0.005633 0.000000 -0.695157 -0.977200 -5.437935 0.046171 0.101412 -0.007574 0.001175 0.030000 0.038933 0.036483 0.009132
25.265718 2.000000 -0.314238 0.596095 -0.010834 0.094843 0.914504 -1.551166 -0.030020 -0.322879 -0.581978 0.019654 0.091188 -0.919526 -1.547691 0.023909 0.074935 0.015453 -0.048403 -0.039685 0.029318 0.073696 5.440783 5.440783 -0.002255 0.683608 5.500000 0.000000 0.000000 0.001367 0.000000 -0.683608 -0.961533 -5.440783 0.046248 0.101864 -0.008082 0.001174 0.030000 0.038935 0.036476 0.009132
25.326649 2.000000 -0.314238 0.596095 -0.010846 0.094831 0.914480 -1.551178 -0.030009 -0.322867 -0.581990 0.019654 0.091188 -0.919526 -1.547703 0.023897 -0.021457 -0.014263 0.028954 0.173360 -0.058034 -0.150922 5.426228 5.426228 -0.010575 0.675287 5.500000 0.000000 0.000000 0.006409 0.000000 -0.675287 -0.966937 -5.426228 0.045900 0.101204 -0.008334 0.001174 0.030000 0.038931 0.036477 0.009132
25.401927 2.000000 -0.314238 0.596071 -0.010834 0.094831 0.914492 -1.551178 -0.030009 -0.322891 -0.581978 0.019654 0.091200 -0.919550 -1.547703 0.023897 0.047423 -0.097110 -0.017986 0.345619 0.045364 0.142429 5.463218 5.463218 -0.003036 0.682827 5.500000 0.000000 0.000000 0.001840 0.000000 -0.682827 -0.966450 -5.463218 0.046169 0.101891 -0.007944 0.001179 0.030000 0.038931 0.036475 0.009132
25.472523 2.000000 -0.314238 0.596083 -0.010846 0.094831 0.914492 -1.551166 -0.030009 -0.322867 -0.581978 0.019654 0.091200 -0.919526 -1.547703 0.023885 0.067937 0.057508 0.128601 -0.338575 -0.122354 -0.273250 5.425440 5.425440 0.003041 0.688903 5.500000 0.000000 0.000000 0.001843 0.000000 -0.688903 -0.969872 -5.425440 0.045606 0.101928 -0.008134 0.001177 0.030000 0.038932 0.036479 0.009132
25.553656 2.000000 -0.314238 0.596071 -0.010834 0.094831 0.914468 -1.551190 -0.029997 -0.322867 -0.581990 0.019642 0.091188 -0.919538 -1.547703 0.023897 -0.118701 0.021705 -0.105056 0.211470 -0.099255 -0.047936 5.434828 5.434828 0.007817 0.693679 5.500000 0.000000 0.000000 0.004737 0.000000 -0.693679 -0.988910 -5.434828 0.045749 0.101651 -0.009130 0.001175 0.030000 0.038929 0.036477 0.009132
25.595107 2.000000 -0.314238 0.596095 -0.010834 0.094843 0.914492 -1.551178 -0.030009 -0.322867 -0.581978 0.019630 0.091200 -0.919538 -1.547703 0.023897 0.025529 0.000653 -0.018984 -0.001794 0.010779 -0.038968 5.430811 5.430811 0.018814 0.704676 5.500000 0.000000 0.000000 0.011402 0.000000 -0.704676 -0.981564 -5.430811 0.045549 0.101934 -0.008487 0.001170 0.030000 0.038933 0.036479 0.009132
25.642619 2.000000 -0.314238 0.596083 -0.010834 0.094819 0.914468 -1.551166 -0.029997 -0.322867 -0.581978 0.019630 0.091188 -0.919538 -1.547691 0.023885 -0.014211 -0.009890 0.026366 0.105376 -0.029338 -0.032348 5.418988 5.418988 0.016453 0.702315 5.500000 0.000000 0.000000 0.009971 0.000000 -0.702315 -0.974298 -5.418988 0.045794 0.102035 -0.008808 0.001174 0.030000 0.038927 0.036476 0.009132
25.686527 2.000000 -0.314238 0.596071 -0.010834 0.094843 0.914492 -1.551178 -0.030009 -0.322867 -0.581966 0.019630 0.091188 -0.919562 -1.547667 0.023885 0.057587 -0.038395 0.046681 0.154491 -0.038735 -0.187414 5.438263 5.438263 0.006534 0.692396 5.500000 0.000000 0.000000 0.003960 0.000000 -0.692396 -0.989751 -5.438263 0.045860 0.101749 -0.008740 0.001177 0.030000 0.038933 0.036479 0.009132
25.746230 2.000000 -0.314226 0.596083 -0.010834 0.094819 0.914492 -1.551178 -0.030009 -0.322867 -0.581966 0.019630 0.091188 -0.919538 -1.547691 0.023897 0.003892 0.027782 -0.004391 0.079515 0.243446 -0.092021 5.444685 5.444685 0.001609 0.687471 5.500000 0.000000 0.000000 0.000975 0.000000 -0.687471 -0.978062 -5.444685 0.045737 0.101958 -0.008123 0.001176 0.030000 0.038933 0.036478 0.009132
25.797917 2.000000 -0.314238 0.596047 -0.010834 0.094843 0.914504 -1.551178 -0.030009 -0.322867 -0.581978 0.019630 0.091200 -0.919550 -1.547691 0.023897 0.011225 0.063803 0.033766 0.023518 -0.016433 0.068048 5.446688 5.446688 0.009264 0.695127 5.500000 0.000000 0.000000 0.005615 0.000000 -0.695127 -0.974468 -5.446688 0.046084 0.102041 -0.008991 0.001178 0.030000 0.038934 0.036480 0.009132
25.851285 2.000000 -0.314226 0.596071 -0.010846 0.094831 0.914492 -1.551178 -0.030009 -0.322867 -0.581990 0.019630 0.091200 -0.919538 -1.547691 0.023897 0.027348 -0.040580 -0.037684 0.054314 -0.062722 -0.085471 5.443167 5.443167 0.017307 0.703169 5.500000 0.000000 0.000000 0.010489 0.000000 -0.703169 -0.976018 -5.443167 0.045914 0.102029 -0.007830 0.001173 0.030000 0.038936 0.036478 0.009132
25.926854 2.000000 -0.314238 0.596059 -0.010846 0.094831 0.914516 -1.551154 -0.030009 -0.322879 -0.581990 0.019630 0.091188 -0.919562 -1.547703 0.023897 -0.070757 -0.032075 0.185422 0.454519 0.143725 0.131732 5.453914 5.453914 0.005356 0.691218 5.500000 0.000000 0.000000 0.003246 0.000000 -0.691218 -0.978857 -5.453914 0.045634 0.101818 -0.008547 0.001178 0.030000 0.038933 0.036475 0.009132
25.975541 2.000000 -0.314238 0.596071 -0.010834 0.094855 0.914480 -1.551178 -0.029997 -0.322867 -0.581978 0.019630 0.091200 -0.919550 -1.547703 0.023897 -0.050576 0.088604 0.091587 0.281334 -0.041774 0.031596 5.435663 5.435663 0.011119 0.696981 5.500000 0.000000 0.000000 0.006739 0.000000 -0.696981 -0.950379 -5.435663 0.046299 0.102326 -0.007958 0.001173 0.030000 0.038933 0.036480 0.009132
26.015481 2.000000 -0.314238 0.596059 -0.010834 0.094819 0.914480 -1.551178 -0.029997 -0.322867 -0.581978 0.019654 0.091200 -0.919538 -1.547703 0.023873 0.009146 0.040159 0.004358 0.001695 0.024783 -0.023360 5.432119 5.432119 0.012570 0.698432 5.500000 0.000000 0.000000 0.007618 0.000000 -0.698432 -0.966591 -5.432119 0.045842 0.101995 -0.008040 0.001180 0.030000 0.038928 0.036479 0.009132
26.082394 2.000000 -0.314238 0.596083 -0.010834 0.094843 0.914492 -1.551166 -0.030009 -0.322867 -0.581978 0.019654 0.091200 -0.919538 -1.547703 0.023897 0.065534 0.059434 0.050613 0.184499 0.409774 0.079810 5.436019 5.436019 0.004408 0.690270 5.500000 0.000000 0.000000 0.002671 0.000000 -0.690270 -0.958203 -5.436019 0.045786 0.102101 -0.008125 0.001175 0.030000 0.038933 0.036481 0.009132
26.132458 2.000000 -0.314238 0.596071 -0.010834 0.094831 0.914480 -1.551178 -0.029997 -0.322879 -0.581966 0.019654 0.091188 -0.919538 -1.547703 0.023885 -0.030673 -0.118569 0.054126 -0.092430 0.089781 0.088938 5.438520 5.438520 0.010166 0.696028 5.500000 0.000000 0.000000 0.006161 0.000000 -0.696028 -0.948671 -5.438520 0.045759 0.101710 -0.008653 0.001181 0.030000 0.038930 0.036475 0.009132
26.187919 2.000000 -0.314238 0.596059 -0.010834 0.094843 0.914492 -1.551178 -0.029985 -0.322879 -0.581978 0.019654 0.091188 -0.919538 -1.547703 0.023873 0.041702 0.018348 -0.062583 0.062584 -0.062142 -0.146657 5.437542 5.437542 0.019531 0.705393 5.500000 0.000000 0.000000 0.011837 0.000000 -0.705393 -0.970862 -5.437542 0.045510 0.102260 -0.008047 0.001180 0.030000 0.038931 0.036473 0.009132
26.250021 2.000000 -0.314238 0.596083 -0.010858 0.094843 0.914504 -1.551178 -0.029961 -0.322879 -0.581966 0.019630 0.091200 -0.919550 -1.547703 0.023873 0.008754 0.070966 -0.003533 0.223739 -0.122690 -0.035455 5.450997 5.450997 0.002663 0.688525 5.500000 0.000000 0.000000 0.001614 0.000000 -0.688525 -0.970470 -5.450997 0.045328 0.101825 -0.007502 0.001177 0.030000 0.038930 0.036475 0.009132
26.283260 2.000000 -0.314238 0.596071 -0.010846 0.094843 0.914492 -1.551178 -0.029997 -0.322867 -0.581990 0.019630 0.091188 -0.919538 -1.547679 0.023885 -0.002721 -0.038225 0.047521 0.132277 -0.090984 -0.008650 5.434190 5.434190 0.037593 0.723455 5.500000 0.000000 0.000000 0.022784 0.000000 -0.723455 -0.971833 -5.434190 0.045710 0.102132 -0.009553 0.001174 0.030000 0.038933 0.036475 0.009132
26.349295 2.000000 -0.314238 0.596071 -0.010834 0.094855 0.914492 -1.551166 -0.029985 -0.322879 -0.581978 0.019654 0.091200 -0.919538 -1.547703 0.023885 0.012059 0.005831 -0.000812 0.112086 -0.022867 -0.129328 5.438156 5.438156 0.014060 0.699923 5.500000 0.000000 0.000000 0.008521 0.000000 -0.699923 -0.965268 -5.438156 0.045663 0.101904 -0.007612 0.001176 0.030000 0.038933 0.036476 0.009132
26.406311 2.000000 -0.314238 0.596083 -0.010834 0.094831 0.914492 -1.551178 -0.029985 -0.322879 -0.581966 0.019654 0.091188 -0.919538 -1.547691 0.023885 -0.007989 -0.013485 0.064789 -0.029446 -0.015115 0.018705 5.434162 5.434162 -0.001573 0.684290 5.500000 0.000000 0.000000 0.000953 0.000000 -0.684290 -0.965240 -5.434162 0.045637 0.101728 -0.007622 0.001179 0.030000 0.038929 0.036475 0.009132
26.453269 2.000000 -0.314238 0.596083 -0.010810 0.094843 0.914516 -1.551190 -0.029973 -0.322867 -0.581978 0.019630 0.091176 -0.919538 -1.547703 0.023861 0.052883 0.101152 0.044224 -0.090185 -0.013897 0.072469 5.440900 5.440900 0.022774 0.708636 5.500000 0.000000 0.000000 0.013802 0.000000 -0.708636 -0.966421 -5.440900 0.045892 0.102266 -0.008732 0.001170 0.030000 0.038930 0.036472 0.009132
26.501760 2.000000 -0.314238 0.596083 -0.010846 0.094855 0.914504 -1.551190 -0.030009 -0.322867 -0.581978 0.019654 0.091200 -0.919550 -1.547703 0.023873 -0.034511 -0.126085 -0.041172 -0.098297 -0.068267 -0.038249 5.467730 5.467730 0.029933 0.715796 5.500000 0.000000 0.000000 0.018141 0.000000 -0.715796 -0.982546 -5.467730 0.045755 0.101937 -0.008503 0.001175 0.030000 0.038936 0.036480 0.009132
26.534807 2.000000 -0.314238 0.596071 -0.010846 0.094855 0.914504 -1.551166 -0.029961 -0.322879 -0.581978 0.019630 0.091188 -0.919550 -1.547703 0.023873 0.042950 -0.007065 0.049315 0.057268 0.042582 -0.031196 5.457964 5.457964 -0.000428 0.685434 5.500000 0.000000 0.000000 0.000260 0.000000 -0.685434 -0.971057 -5.457964 0.045501 0.101805 -0.008181 0.001176 0.030000 0.038931 0.036472 0.009132
26.574102 2.000000 -0.314238 0.596083 -0.010858 0.094831 0.914504 -1.551178 -0.029973 -0.322867 -0.581978 0.019654 0.091188 -0.919550 -1.547691 0.023873 -0.082648 -0.100780 0.157073 0.011459 -0.039890 0.009963 5.457067 5.457067 0.006036 0.691898 5.500000 0.000000 0.000000 0.003658 0.000000 -0.691898 -0.972650 -5.457067 0.045714 0.102059 -0.008404 0.001179 0.030000 0.038929 0.036478 0.009132
26.631122 2.000000 -0.314238 0.596095 -0.010846 0.094843 0.914492 -1.551178 -0.029961 -0.322867 -0.581978 0.019630 0.091188 -0.919574 -1.547691 0.023861 0.054924 0.099590 0.069376 0.096429 -0.073801 -0.190431 5.465592 5.465592 0.022411 0.708273 5.500000 0.000000 0.000000 0.013582 0.000000 -0.708273 -0.965045 -5.465592 0.045805 0.102175 -0.007797 0.001172 0.030000 0.038928 0.036477 0.009132
26.704653 2.000000 -0.314238 0.596083 -0.010834 0.094843 0.914480 -1.551166 -0.029961 -0.322867 -0.581978 0.019654 0.091188 -0.919562 -1.547691 0.023861 -0.043827 -0.002980 -0.024479 0.121649 -0.081197 0.167929 5.455966 5.455966 0.029939 0.715801 5.500000 0.000000 0.000000 0.018145 0.000000 -0.715801 -0.968933 -5.455966 0.045888 0.102162 -0.008831 0.001175 0.030000 0.038927 0.036478 0.009132
26.773673 2.000000 -0.314238 0.596083 -0.010858 0.094831 0.914504 -1.551166 -0.029949 -0.322879 -0.581966 0.019630 0.091200 -0.919574 -1.547691 0.023849 -0.148593 0.120837 -0.216240 0.139360 0.075477 -0.172088 5.459657 5.459657 0.016843 0.702705 5.500000 0.000000 0.000000 0.010208 0.000000 -0.702705 -0.966186 -5.459657 0.045706 0.102499 -0.007825 0.001178 0.030000 0.038926 0.036475 0.009132
26.815514 2.000000 -0.314238 0.596071 -0.010834 0.094831 0.914492 -1.551178 -0.029973 -0.322867 -0.581978 0.019654 0.091188 -0.919574 -1.547691 0.023861 -0.101811 0.086566 0.125238 0.145504 0.228002 0.024236 5.436260 5.436260 0.025990 0.711853 5.500000 0.000000 0.000000 0.015752 0.000000 -0.711853 -0.960241 -5.436260 0.045625 0.102089 -0.008931 0.001178 0.030000 0.038928 0.036479 0.009132
26.873522 2.000000 -0.314226 0.596071 -0.010858 0.094843 0.914480 -1.551202 -0.029961 -0.322879 -0.581978 0.019654 0.091200 -0.919562 -1.547703 0.023861 0.009232 -0.043934 -0.043795 -0.075996 0.029672 -0.022460 5.454109 5.454109 0.004626 0.690488 5.500000 0.000000 0.000000 0.002804 0.000000 -0.690488 -0.957561 -5.454109 0.045501 0.101926 -0.007835 0.001179 0.030000 0.038932 0.036476 0.009132
26.943690 2.000000 -0.314238 0.596095 -0.010834 0.094855 0.914492 -1.551178 -0.029961 -0.322879 -0.581990 0.019630 0.091188 -0.919574 -1.547715 0.023861 0.030121 0.018012 0.014398 -0.039681 0.106210 0.045774 5.452719 5.452719 0.023328 0.709190 5.500000 0.000000 0.000000 0.014138 0.000000 -0.709190 -0.970524 -5.452719 0.045184 0.102107 -0.008511 0.001168 0.030000 0.038930 0.036472 0.009132
27.011983 2.000000 -0.314238 0.596095 -0.010846 0.094843 0.914480 -1.551166 -0.029961 -0.322867 -0.581978 0.019654 0.091176 -0.919538 -1.547703 0.023849 -0.123324 0.274321 -0.067302 0.066443 -0.039300 0.037490 5.464519 5.464519 0.006012 0.691875 5.500000 0.000000 0.000000 0.003644 0.000000 -0.691875 -0.972690 -5.464519 0.045759 0.101853 -0.008201 0.001176 0.030000 0.038928 0.036473 0.009132
27.066942 2.000000 -0.314238 0.596071 -0.010834 0.094843 0.914492 -1.551178 -0.029961 -0.322867 -0.581966 0.019630 0.091200 -0.919550 -1.547703 0.023849 -0.007570 -0.019690 0.034889 0.070640 -0.043315 -0.106609 5.458349 5.458349 0.020271 0.706133 5.500000 0.000000 0.000000 0.012285 0.000000 -0.706133 -0.968563 -5.458349 0.045417 0.102205 -0.007660 0.001175 0.030000 0.038928 0.036476 0.009132
27.122531 2.000000 -0.314238 0.596059 -0.010834 0.094831 0.914492 -1.551190 -0.029949 -0.322867 -0.581978 0.019630 0.091200 -0.919562 -1.547691 0.023849 0.002432 0.054282 0.117981 -0.030869 0.155953 -0.031063 5.457995 5.457995 0.015910 0.701772 5.500000 0.000000 0.000000 0.009642 0.000000 -0.701772 -0.961359 -5.457995 0.045569 0.101796 -0.008457 0.001176 0.030000 0.038925 0.036477 0.009132
27.175924 2.000000 -0.314238 0.596059 -0.010834 0.094843 0.914492 -1.551178 -0.029949 -0.322879 -0.581966 0.019630 0.091188 -0.919562 -1.547691 0.023849 0.119884 -0.005829 -0.155869 0.096322 0.004187 -0.093639 5.462608 5.462608 0.009915 0.695777 5.500000 0.000000 0.000000 0.006009 0.000000 -0.695777 -0.965111 -5.462608 0.045560 0.101730 -0.008049 0.001179 0.030000 0.038927 0.036472 0.009132
27.237765 2.000000 -0.314238 0.596059 -0.010834 0.094819 0.914492 -1.551190 -0.029949 -0.322879 -0.581978 0.019630 0.091200 -0.919538 -1.547667 0.023837 0.062432 -0.002882 0.038507 0.024377 -0.111663 -0.141345 5.460462 5.460462 0.027027 0.712889 5.500000 0.000000 0.000000 0.016380 0.000000 -0.712889 -0.970698 -5.460462 0.045314 0.102186 -0.008194 0.001178 0.030000 0.038923 0.036470 0.009132
27.291711 2.000000 -0.314238 0.596059 -0.010834 0.094831 0.914504 -1.551178 -0.029925 -0.322879 -0.581978 0.019630 0.091200 -0.919562 -1.547703 0.023837 0.079192 -0.025510 0.141794 -0.030265 -0.034466 0.055685 5.453851 5.453851 0.011367 0.697229 5.500000 0.000000 0.000000 0.006889 0.000000 -0.697229 -0.971666 -5.453851 0.045336 0.101609 -0.008902 0.001177 0.030000 0.038923 0.036472 0.009132
27.331939 2.000000 -0.314238 0.596059 -0.010834 0.094843 0.914504 -1.551178 -0.029949 -0.322867 -0.581990 0.019630 0.091200 -0.919562 -1.547691 0.023837 0.078296 -0.062990 -0.100324 0.012072 0.004523 -0.093498 5.459803 5.459803 0.026014 0.711876 5.500000 0.000000 0.000000 0.015766 0.000000 -0.711876 -0.965644 -5.459803 0.045233 0.102235 -0.008579 0.001173 0.030000 0.038928 0.036475 0.009132
27.363012 2.000000 -0.314238 0.596083 -0.010858 0.094843 0.914504 -1.551178 -0.029949 -0.322879 -0.581978 0.019642 0.091188 -0.919550 -1.547691 0.023825 -0.040205 0.012431 -0.164338 0.136343 -0.019634 -0.040208 5.452046 5.452046 0.010766 0.696629 5.500000 0.000000 0.000000 0.006525 0.000000 -0.696629 -0.965634 -5.452046 0.045506 0.101507 -0.008219 0.001177 0.030000 0.038928 0.036469 0.009132
27.402810 2.000000 -0.314238 0.596083 -0.010858 0.094843 0.914492 -1.551178 -0.029949 -0.322867 -0.581978 0.019654 0.091188 -0.919586 -1.547703 0.023837 -0.014898 0.023041 -0.197724 0.133322 0.112544 -0.124460 5.457729 5.457729 0.020125 0.705988 5.500000 0.000000 0.000000 0.012197 0.000000 -0.705988 -0.960662 -5.457729 0.045435 0.101847 -0.008223 0.001178 0.030000 0.038928 0.036477 0.009132
27.454993 2.000000 -0.314238 0.596083 -0.010834 0.094831 0.914492 -1.551190 -0.029937 -0.322867 -0.581990 0.019630 0.091200 -0.919562 -1.547691 0.023825 0.021394 0.117966 0.034324 -0.086124 0.022536 0.079991 5.470433 5.470433 0.020583 0.706445 5.500000 0.000000 0.000000 0.012474 0.000000 -0.706445 -0.966739 -5.470433 0.044840 0.101821 -0.008897 0.001170 0.030000 0.038923 0.036474 0.009132
27.502019 2.000000 -0.314238 0.596083 -0.010858 0.094867 0.914480 -1.551178 -0.029937 -0.322867 -0.581966 0.019666 0.091188 -0.919550 -1.547703 0.023813 0.062211 -0.005661 -0.086326 0.059522 -0.033573 -0.124008 5.478524 5.478524 0.023157 0.709019 5.500000 0.000000 0.000000 0.014034 0.000000 -0.709019 -0.963131 -5.478524 0.045229 0.102030 -0.008134 0.001180 0.030000 0.038930 0.036474 0.009132
27.545066 2.000000 -0.314226 0.596071 -0.010834 0.094843 0.914480 -1.551178 -0.029913 -0.322867 -0.581978 0.019630 0.091188 -0.919574 -1.547691 0.023837 0.022141 -0.008982 0.028369 -0.061486 -0.066166 -0.027994 5.469006 5.469006 0.025334 0.711196 5.500000 0.000000 0.000000 0.015354 0.000000 -0.711196 -0.972999 -5.469006 0.045074 0.102312 -0.008454 0.001173 0.030000 0.038926 0.036475 0.009132
27.599160 2.000000 -0.314238 0.596083 -0.010834 0.094819 0.914492 -1.551178 -0.029925 -0.322867 -0.581990 0.019630 0.091176 -0.919586 -1.547703 0.023825 0.033167 -0.024706 0.063162 -0.077743 0.147028 0.011005 5.455144 5.455144 0.022007 0.707870 5.500000 0.000000 0.000000 0.013338 0.000000 -0.707870 -0.963787 -5.455144 0.045229 0.102154 -0.008364 0.001173 0.030000 0.038920 0.036471 0.009132
27.632003 2.000000 -0.314238 0.596083 -0.010858 0.094867 0.914480 -1.551166 -0.029925 -0.322867 -0.581990 0.019618 0.091200 -0.919562 -1.547703 0.023825 0.098386 0.017485 -0.018035 -0.124964 -0.140735 -0.036189 5.463998 5.463998 -0.001507 0.684355 5.500000 0.000000 0.000000 0.000914 0.000000 -0.684355 -0.964373 -5.463998 0.045359 0.101929 -0.007604 0.001169 0.030000 0.038928 0.036473 0.009132
27.669484 2.000000 -0.314238 0.596083 -0.010846 0.094831 0.914492 -1.551166 -0.029937 -0.322879 -0.581966 0.019654 0.091200 -0.919562 -1.547691 0.023825 0.124972 -0.066108 -0.089075 0.095792 0.008147 0.035219 5.463522 5.463522 0.016581 0.702444 5.500000 0.000000 0.000000 0.010049 0.000000 -0.702444 -0.967177 -5.463522 0.045217 0.101942 -0.008857 0.001179 0.030000 0.038924 0.036473 0.009132
27.719867 2.000000 -0.314238 0.596083 -0.010846 0.094843 0.914492 -1.551178 -0.029925 -0.322867 -0.581978 0.019630 0.091200 -0.919574 -1.547691 0.023837 -0.026447 0.052671 -0.023019 0.120281 -0.004259 -0.168601 5.470774 5.470774 0.023803 0.709665 5.500000 0.000000 0.000000 0.014426 0.000000 -0.709665 -0.973509 -5.470774 0.045119 0.101785 -0.008620 0.001173 0.030000 0.038925 0.036476 0.009132
27.755601 2.000000 -0.314238 0.596083 -0.010846 0.094867 0.914504 -1.551178 -0.029925 -0.322867 -0.581978 0.019630 0.091188 -0.919562 -1.547691 0.023825 -0.008894 -0.056237 0.003514 0.012568 -0.096607 0.121978 5.474195 5.474195 0.019786 0.705648 5.500000 0.000000 0.000000 0.011991 0.000000 -0.705648 -0.971612 -5.474195 0.045101 0.101876 -0.008147 0.001172 0.030000 0.038929 0.036472 0.009132
27.796791 2.000000 -0.314226 0.596083 -0.010834 0.094855 0.914492 -1.551154 -0.029925 -0.322867 -0.581966 0.019630 0.091188 -0.919562 -1.547691 0.023825 0.076161 0.043038 0.064889 0.039992 0.173474 0.158087 5.462805 5.462805 0.006935 0.692797 5.500000 0.000000 0.000000 0.004203 0.000000 -0.692797 -0.964442 -5.462805 0.045268 0.101660 -0.008440 0.001173 0.030000 0.038930 0.036473 0.009132
27.848062 2.000000 -0.314250 0.596071 -0.010858 0.094855 0.914492 -1.551178 -0.029925 -0.322879 -0.581978 0.019654 0.091200 -0.919562 -1.547703 0.023813 -0.013354 -0.064397 -0.011068 0.063355 -0.035011 -0.011709 5.493551 5.493551 0.020780 0.706642 5.500000 0.000000 0.000000 0.012594 0.000000 -0.706642 -0.972889 -5.493551 0.045155 0.102329 -0.008250 0.001180 0.030000 0.038923 0.036471 0.009132
27.917570 2.000000 -0.314238 0.596059 -0.010846 0.094831 0.914492 -1.551166 -0.029925 -0.322867 -0.581978 0.019654 0.091176 -0.919562 -1.547703 0.023825 -0.050092 0.019583 0.072370 0.116571 -0.047735 -0.207203 5.473370 5.473370 0.030331 0.716193 5.500000 0.000000 0.000000 0.018382 0.000000 -0.716193 -0.962826 -5.473370 0.045565 0.102098 -0.008838 0.001182 0.030000 0.038923 0.036472 0.009132
27.969481 2.000000 -0.314238 0.596059 -0.010846 0.094843 0.914516 -1.551178 -0.029925 -0.322879 -0.581978 0.019654 0.091176 -0.919562 -1.547691 0.023813 0.078347 -0.056996 -0.060043 0.194021 -0.071093 -0.084936 5.470145 5.470145 0.019719 0.705581 5.500000 0.000000 0.000000 0.011951 0.000000 -0.705581 -0.970338 -5.470145 0.044793 0.101875 -0.008400 0.001182 0.030000 0.038926 0.036468 0.009132
28.006869 2.000000 -0.314238 0.596059 -0.010858 0.094843 0.914492 -1.551190 -0.029913 -0.322867 -0.581990 0.019630 0.091200 -0.919562 -1.547703 0.023813 -0.019862 0.047103 0.045929 0.112950 -0.101211 -0.138962 5.459758 5.459758 0.009572 0.695435 5.500000 0.000000 0.000000 0.005801 0.000000 -0.695435 -0.963431 -5.459758 0.045131 0.101799 -0.008088 0.001176 0.030000 0.038924 0.036472 0.009132
28.053339 2.000000 -0.314238 0.596059 -0.010858 0.094831 0.914492 -1.551190 -0.029925 -0.322867 -0.581978 0.019654 0.091200 -0.919562 -1.547703 0.023813 -0.033135 -0.075728 0.035079 0.056701 0.217899 -0.072956 5.459885 5.459885 0.009474 0.695336 5.500000 0.000000 0.000000 0.005742 0.000000 -0.695336 -0.959117 -5.459885 0.045620 0.102077 -0.008289 0.001182 0.030000 0.038923 0.036475 0.009132
28.120191 2.000000 -0.314238 0.596059 -0.010846 0.094855 0.914492 -1.551178 -0.029913 -0.322867 -0.581966 0.019630 0.091200 -0.919574 -1.547691 0.023825 0.059513 -0.025048 -0.021370 -0.029617 -0.037805 0.110716 5.461263 5.461263 0.030647 0.716509 5.500000 0.000000 0.000000 0.018574 0.000000 -0.716509 -0.963498 -5.461263 0.044927 0.101811 -0.009131 0.001178 0.030000 0.038926 0.036476 0.009132
28.162641 2.000000 -0.314250 0.596071 -0.010834 0.094831 0.914492 -1.551178 -0.029925 -0.322867 -0.581978 0.019654 0.091200 -0.919550 -1.547691 0.023813 -0.090532 0.113843 -0.093518 -0.107182 0.015424 -0.052237 5.480275 5.480275 0.029956 0.715818 5.500000 0.000000 0.000000 0.018155 0.000000 -0.715818 -0.963735 -5.480275 0.045167 0.101697 -0.008504 0.001178 0.030000 0.038918 0.036474 0.009132
28.230230 2.000000 -0.314250 0.596071 -0.010834 0.094843 0.914492 -1.551166 -0.029913 -0.322867 -0.581990 0.019654 0.091176 -0.919574 -1.547703 0.023801 0.118634 0.113199 0.055953 0.078056 -0.097881 -0.084724 5.461593 5.461593 0.016970 0.702832 5.500000 0.000000 0.000000 0.010285 0.000000 -0.702832 -0.962246 -5.461593 0.044813 0.101992 -0.008634 0.001177 0.030000 0.038919 0.036470 0.009132
28.281165 2.000000 -0.314238 0.596059 -0.010846 0.094843 0.914492 -1.551178 -0.029925 -0.322867 -0.581966 0.019630 0.091200 -0.919586 -1.547703 0.023813 -0.011721 0.070682 0.115518 0.047803 -0.067453 0.108575 5.467728 5.467728 0.028405 0.714267 5.500000 0.000000 0.000000 0.017215 0.000000 -0.714267 -0.964055 -5.467728 0.045054 0.102105 -0.007676 0.001179 0.030000 0.038925 0.036476 0.009132
28.341138 2.000000 -0.314238 0.596083 -0.010858 0.094831 0.914492 -1.551178 -0.029913 -0.322867 -0.581966 0.019630 0.091200 -0.919610 -1.547691 0.023801 0.140040 -0.010871 -0.062635 -0.300639 -0.155277 0.182765 5.476226 5.476226 0.012711 0.698574 5.500000 0.000000 0.000000 0.007704 0.000000 -0.698574 -0.973294 -5.476226 0.045191 0.102413 -0.007628 0.001177 0.030000 0.038922 0.036477 0.009132
28.385400 2.000000 -0.314238 0.596047 -0.010834 0.094843 0.914492 -1.551190 -0.029925 -0.322879 -0.581978 0.019630 0.091188 -0.919586 -1.547703 0.023801 -0.163201 -0.057609 0.023471 -0.243889 -0.021129 0.178901 5.479067 5.479067 0.026159 0.712021 5.500000 0.000000 0.000000 0.015854 0.000000 -0.712021 -0.952513 -5.479067 0.045614 0.102259 -0.007145 0.001179 0.030000 0.038925 0.036468 0.009132
28.427892 2.000000 -0.314238 0.596083 -0.010834 0.094843 0.914504 -1.551178 -0.029925 -0.322867 -0.581990 0.019654 0.091188 -0.919562 -1.547703 0.023801 0.009973 -0.084873 0.063968 -0.194912 -0.055753 0.029218 5.468173 5.468173 0.027900 0.713762 5.500000 0.000000 0.000000 0.016909 0.000000 -0.713762 -0.970075 -5.468173 0.045167 0.102200 -0.008466 0.001173 0.030000 0.038925 0.036471 0.009132
28.474646 2.000000 -0.314238 0.596059 -0.010858 0.094843 0.914480 -1.551178 -0.029913 -0.322891 -0.581966 0.019630 0.091176 -0.919586 -1.547691 0.023801 -0.001082 -0.032275 0.010283 0.016950 0.068761 0.163580 5.466412 5.466412 0.039411 0.725273 5.500000 0.000000 0.000000 0.023885 0.000000 -0.725273 -0.963570 -5.466412 0.045244 0.101920 -0.008693 0.001183 0.030000 0.038923 0.036464 0.009132
28.521840 2.000000 -0.314238 0.596059 -0.010858 0.094843 0.914492 -1.551190 -0.029913 -0.322867 -0.581966 0.019654 0.091200 -0.919586 -1.547703 0.023801 -0.173547 0.147307 -0.143469 0.155594 0.009648 0.023705 5.464888 5.464888 0.013198 0.699060 5.500000 0.000000 0.000000 0.007999 0.000000 -0.699060 -0.965504 -5.464888 0.045070 0.101543 -0.008510 0.001183 0.030000 0.038924 0.036477 0.009132
28.575897 2.000000 -0.314250 0.596071 -0.010858 0.094855 0.914504 -1.551178 -0.029913 -0.322867 -0.581978 0.019654 0.091200 -0.919586 -1.547691 0.023801 0.089147 0.035329 0.147638 0.124031 -0.022244 -0.136745 5.468655 5.468655 0.019855 0.705718 5.500000 0.000000 0.000000 0.012033 0.000000 -0.705718 -0.962304 -5.468655 0.045060 0.101802 -0.008774 0.001179 0.030000 0.038923 0.036476 0.009132
28.623037 2.000000 -0.314238 0.596071 -0.010834 0.094831 0.914492 -1.551190 -0.029913 -0.322867 -0.581978 0.019654 0.091176 -0.919574 -1.547691 0.023813 -0.055611 -0.190199 -0.075751 0.134607 -0.111457 -0.155619 5.470348 5.470348 0.011288 0.697150 5.500000 0.000000 0.000000 0.006841 0.000000 -0.697150 -0.958030 -5.470348 0.044736 0.101932 -0.007382 0.001179 0.030000 0.038921 0.036472 0.009132
28.662664 2.000000 -0.314250 0.596071 -0.010846 0.094831 0.914492 -1.551178 -0.029901 -0.322867 -0.581990 0.019654 0.091200 -0.919574 -1.547691 0.023801 -0.004082 -0.156378 0.002669 0.027859 0.019562 -0.006380 5.478634 5.478634 0.011588 0.697450 5.500000 0.000000 0.000000 0.007023 0.000000 -0.697450 -0.967743 -5.478634 0.045086 0.102001 -0.008059 0.001177 0.030000 0.038916 0.036474 0.009132
28.730140 2.000000 -0.314238 0.596095 -0.010846 0.094831 0.914492 -1.551166 -0.029913 -0.322867 -0.581978 0.019654 0.091200 -0.919574 -1.547703 0.023789 0.030516 0.185727 -0.015156 0.154185 -0.014155 -0.067539 5.473788 5.473788 0.024669 0.710531 5.500000 0.000000 0.000000 0.014951 0.000000 -0.710531 -0.965380 -5.473788 0.045177 0.101890 -0.008301 0.001175 0.030000 0.038921 0.036474 0.009132
28.790726 2.000000 -0.314238 0.596059 -0.010846 0.094831 0.914492 -1.551190 -0.029901 -0.322867 -0.581978 0.019630 0.091200 -0.919562 -1.547703 0.023801 -0.023611 -0.076937 0.097499 -0.041129 0.024816 0.114328 5.490063 5.490063 0.016603 0.702466 5.500000 0.000000 0.000000 0.010062 0.000000 -0.702466 -0.969212 -5.490063 0.044945 0.102061 -0.008238 0.001177 0.030000 0.038920 0.036472 0.009132
28.858586 2.000000 -0.314238 0.596071 -0.010846 0.094831 0.914492 -1.551190 -0.029901 -0.322879 -0.581978 0.019654 0.091188 -0.919586 -1.547691 0.023801 0.013700 0.045606 -0.034731 -0.153677 -0.032381 -0.033782 5.476579 5.476579 0.019037 0.704899 5.500000 0.000000 0.000000 0.011537 0.000000 -0.704899 -0.961316 -5.476579 0.045345 0.102044 -0.008629 0.001180 0.030000 0.038920 0.036470 0.009132
28.916429 2.000000 -0.314238 0.596071 -0.010834 0.094831 0.914492 -1.551178 -0.029901 -0.322867 -0.581966 0.019654 0.091188 -0.919562 -1.547691 0.023801 -0.002823 -0.022170 0.024564 -0.088718 0.047732 0.003156 5.490811 5.490811 0.032185 0.718047 5.500000 0.000000 0.000000 0.019506 0.000000 -0.718047 -0.970505 -5.490811 0.045145 0.102241 -0.008397 0.001180 0.030000 0.038920 0.036473 0.009132
28.988690 2.000000 -0.314238 0.596071 -0.010846 0.094843 0.914504 -1.551202 -0.029901 -0.322867 -0.581990 0.019630 0.091200 -0.919586 -1.547703 0.023789 -0.006704 0.059826 0.030378 -0.172534 0.080404 -0.039650 5.500377 5.500377 0.017559 0.703422 5.500000 0.000000 0.000000 0.010642 0.000000 -0.703422 -0.954060 -5.500377 0.044853 0.102300 -0.008000 0.001173 0.030000 0.038923 0.036472 0.009132
29.052634 2.000000 -0.314226 0.596059 -0.010834 0.094843 0.914492 -1.551178 -0.029901 -0.322867 -0.581978 0.019654 0.091188 -0.919610 -1.547691 0.023801 0.155474 -0.077870 -0.163779 -0.039862 -0.027736 0.068252 5.492499 5.492499 0.011585 0.697447 5.500000 0.000000 0.000000 0.007021 0.000000 -0.697447 -0.960846 -5.492499 0.044984 0.101963 -0.006968 0.001179 0.030000 0.038926 0.036476 0.009132
29.099967 2.000000 -0.314238 0.596083 -0.010834 0.094855 0.914492 -1.551178 -0.029901 -0.322879 -0.581966 0.019630 0.091200 -0.919562 -1.547703 0.023789 0.012564 -0.094083 -0.030175 0.287925 0.153405 0.123892 5.468492 5.468492 0.017931 0.703794 5.500000 0.000000 0.000000 0.010867 0.000000 -0.703794 -0.974057 -5.468492 0.045122 0.101627 -0.008424 0.001173 0.030000 0.038923 0.036468 0.009132
29.153326 2.000000 -0.314238 0.596071 -0.010846 0.094843 0.914504 -1.551166 -0.029901 -0.322867 -0.581978 0.019630 0.091200 -0.919586 -1.547691 0.023789 -0.001940 0.007285 0.070629 0.102128 0.089314 -0.171659 5.468497 5.468497 0.030839 0.716702 5.500000 0.000000 0.000000 0.018690 0.000000 -0.716702 -0.959114 -5.468497 0.044794 0.102299 -0.008295 0.001175 0.030000 0.038923 0.036473 0.009132
29.204503 2.000000 -0.314226 0.596071 -0.010834 0.094843 0.914504 -1.551178 -0.029901 -0.322879 -0.581990 0.019630 0.091200 -0.919574 -1.547691 0.023789 0.032180 0.170355 0.106001 -0.048374 -0.104219 -0.009175 5.468588 5.468588 0.017461 0.703323 5.500000 0.000000 0.000000 0.010582 0.000000 -0.703323 -0.958406 -5.468588 0.044895 0.101682 -0.008670 0.001171 0.030000 0.038926 0.036468 0.009132
29.267093 2.000000 -0.314226 0.596071 -0.010834 0.094831 0.914504 -1.551178 -0.029913 -0.322867 -0.581990 0.019630 0.091200 -0.919562 -1.547703 0.023777 0.153216 -0.046448 -0.198331 -0.108858 0.322373 -0.031355 5.477166 5.477166 0.017826 0.703688 5.500000 0.000000 0.000000 0.010803 0.000000 -0.703688 -0.959884 -5.477166 0.044873 0.102099 -0.008460 0.001171 0.030000 0.038925 0.036469 0.009132
29.320426 2.000000 -0.314226 0.596071 -0.010870 0.094843 0.914504 -1.551178 -0.029901 -0.322867 -0.581978 0.019630 0.091188 -0.919586 -1.547691 0.023789 -0.031709 -0.013470 0.000503 0.121328 -0.054055 -0.066756 5.463775 5.463775 0.032145 0.718008 5.500000 0.000000 0.000000 0.019482 0.000000 -0.718008 -0.974596 -5.463775 0.044679 0.101774 -0.009408 0.001178 0.030000 0.038927 0.036471 0.009132
29.358424 2.000000 -0.314250 0.596071 -0.010858 0.094843 0.914504 -1.551178 -0.029901 -0.322867 -0.581978 0.019630 0.091188 -0.919586 -1.547691 0.023777 0.018828 -0.163818 0.084818 0.074306 -0.050589 -0.015148 5.475740 5.475740 0.022022 0.707884 5.500000 0.000000 0.000000 0.013347 0.000000 -0.707884 -0.956069 -5.475740 0.044807 0.101922 -0.009078 0.001178 0.030000 0.038919 0.036470 0.009132
29.416427 2.000000 -0.314238 0.596071 -0.010858 0.094855 0.914492 -1.551190 -0.029889 -0.322879 -0.581990 0.019654 0.091200 -0.919574 -1.547691 0.023789 -0.049711 -0.091246 -0.050477 0.069763 0.013188 -0.142628 5.466643 5.466643 0.022428 0.708291 5.500000 0.000000 0.000000 0.013593 0.000000 -0.708291 -0.970850 -5.466643 0.044954 0.101911 -0.008049 0.001177 0.030000 0.038923 0.036469 0.009132
29.461581 2.000000 -0.314226 0.596083 -0.010846 0.094843 0.914480 -1.551178 -0.029889 -0.322867 -0.581966 0.019630 0.091188 -0.919562 -1.547703 0.023777 0.044247 -0.002490 0.040540 -0.050107 0.212107 -0.039609 5.480550 5.480550 0.034715 0.720577 5.500000 0.000000 0.000000 0.021039 0.000000 -0.720577 -0.949786 -5.480550 0.044862 0.101711 -0.007915 0.001175 0.030000 0.038924 0.036469 0.009132
29.508502 2.000000 -0.314250 0.596071 -0.010834 0.094843 0.914492 -1.551178 -0.029901 -0.322867 -0.581990 0.019630 0.091200 -0.919586 -1.547703 0.023789 -0.086901 0.053309 -0.036548 0.121842 -0.166017 0.013106 5.491204 5.491204 0.030349 0.716211 5.500000 0.000000 0.000000 0.018393 0.000000 -0.716211 -0.967067 -5.491204 0.045056 0.102060 -0.008764 0.001172 0.030000 0.038918 0.036472 0.009132
29.554061 2.000000 -0.314238 0.596071 -0.010834 0.094855 0.914504 -1.551178 -0.029889 -0.322867 -0.581990 0.019630 0.091188 -0.919586 -1.547703 0.023777 -0.124324 0.045128 -0.012893 -0.014728 -0.003718 -0.007664 5.476850 5.476850 0.033406 0.719268 5.500000 0.000000 0.000000 0.020246 0.000000 -0.719268 -0.965094 -5.476850 0.044605 0.101866 -0.008695 0.001171 0.030000 0.038923 0.036469 0.009132
29.594841 2.000000 -0.314226 0.596071 -0.010834 0.094855 0.914492 -1.551166 -0.029877 -0.322867 -0.581978 0.019654 0.091188 -0.919610 -1.547691 0.023777 -0.042412 0.126426 0.007563 -0.006169 -0.049907 0.067055 5.480867 5.480867 0.037404 0.723267 5.500000 0.000000 0.000000 0.022669 0.000000 -0.723267 -0.971849 -5.480867 0.044817 0.102130 -0.009089 0.001176 0.030000 0.038925 0.036474 0.009132
29.648056 2.000000 -0.314250 0.596083 -0.010846 0.094855 0.914504 -1.551178 -0.029913 -0.322867 -0.581966 0.019630 0.091176 -0.919586 -1.547703 0.023801 0.052193 0.024378 0.041302 0.076494 0.041997 -0.121559 5.488193 5.488193 0.028710 0.714572 5.500000 0.000000 0.000000 0.017400 0.000000 -0.714572 -0.973586 -5.488193 0.044780 0.101623 -0.008515 0.001176 0.030000 0.038922 0.036471 0.009132
29.701930 2.000000 -0.314238 0.596071 -0.010834 0.094843 0.914480 -1.551190 -0.029889 -0.322879 -0.581966 0.019654 0.091200 -0.919598 -1.547703 0.023753 -0.045447 -0.125788 0.058921 -0.029071 0.021486 0.105352 5.473310 5.473310 0.025512 0.711374 5.500000 0.000000 0.000000 0.015462 0.000000 -0.711374 -0.969095 -5.473310 0.044614 0.101896 -0.008928 0.001179 0.030000 0.038920 0.036469 0.009132
29.760462 2.000000 -0.314238 0.596059 -0.010858 0.094843 0.914504 -1.551178 -0.029889 -0.322867 -0.581966 0.019630 0.091200 -0.919586 -1.547703 0.023777 0.012265 0.074358 -0.051008 -0.002300 -0.039690 -0.105038 5.481757 5.481757 0.032930 0.718792 5.500000 0.000000 0.000000 0.019958 0.000000 -0.718792 -0.959891 -5.481757 0.045181 0.102230 -0.008948 0.001180 0.030000 0.038922 0.036473 0.009132
29.817208 2.000000 -0.314226 0.596071 -0.010834 0.094855 0.914480 -1.551178 -0.029877 -0.322867 -0.581978 0.019630 0.091188 -0.919586 -1.547703 0.023777 0.051334 0.174433 0.156683 -0.127803 -0.074735 0.138986 5.484567 5.484567 0.029147 0.715009 5.500000 0.000000 0.000000 0.017665 0.000000 -0.715009 -0.956549 -5.484567 0.045212 0.102038 -0.008039 0.001172 0.030000 0.038924 0.036470 0.009132
29.890284 2.000000 -0.314238 0.596059 -0.010846 0.094843 0.914480 -1.551178 -0.029853 -0.322879 -0.581978 0.019630 0.091200 -0.919586 -1.547691 0.023777 -0.038069 -0.114087 -0.028834 -0.079993 -0.004664 0.010138 5.468477 5.468477 0.024616 0.710478 5.500000 0.000000 0.000000 0.014919 0.000000 -0.710478 -0.963014 -5.468477 0.044566 0.101755 -0.008496 0.001177 0.030000 0.038916 0.036468 0.009132
29.940770 2.000000 -0.314238 0.596071 -0.010846 0.094843 0.914516 -1.551178 -0.029889 -0.322867 -0.581990 0.019654 0.091200 -0.919562 -1.547703 0.023777 -0.033835 0.009159 0.123558 -0.029608 -0.107085 -0.120655 5.477922 5.477922 0.019382 0.705245 5.500000 0.000000 0.000000 0.011747 0.000000 -0.705245 -0.951489 -5.477922 0.045060 0.101918 -0.008152 0.001176 0.030000 0.038922 0.036471 0.009132
29.999599 2.000000 -0.314226 0.596047 -0.010846 0.094831 0.914492 -1.551190 -0.029889 -0.322867 -0.581966 0.019630 0.091200 -0.919586 -1.547691 0.023777 -0.009685 0.084861 0.110146 0.089605 0.131438 0.100487 5.504365 5.504365 0.022693 0.708555 5.500000 0.000000 0.000000 0.013753 0.000000 -0.708555 -0.965997 -5.504365 0.044815 0.101864 -0.008700 0.001181 0.030000 0.038923 0.036473 0.009132
30.061510 2.000000 -0.314238 0.596071 -0.010846 0.094831 0.914492 -1.551178 -0.029889 -0.322867 -0.581966 0.019630 0.091200 -0.919586 -1.547691 0.023777 0.082270 -0.004794 -0.146271 -0.179215 -0.065226 -0.063854 5.478010 5.478010 0.030324 0.716187 5.500000 0.000000 0.000000 0.018378 0.000000 -0.716187 -0.957625 -5.478010 0.044916 0.101989 -0.008222 0.001178 0.030000 0.038919 0.036473 0.009132
30.135584 2.000000 -0.314250 0.596083 -0.010846 0.094843 0.914492 -1.551178 -0.029889 -0.322879 -0.581978 0.019630 0.091188 -0.919586 -1.547691 0.023777 -0.008786 -0.144988 0.021168 -0.054312 -0.006191 0.167216 5.466689 5.466689 0.034866 0.720728 5.500000 0.000000 0.000000 0.021131 0.000000 -0.720728 -0.952581 -5.466689 0.045185 0.101838 -0.008767 0.001175 0.030000 0.038917 0.036466 0.009132
30.192445 2.000000 -0.314238 0.596059 -0.010834 0.094855 0.914504 -1.551178 -0.029877 -0.322867 -0.581966 0.019642 0.091200 -0.919598 -1.547703 0.023777 -0.003872 -0.011375 -0.022088 -0.097899 0.010399 -0.019173 5.476848 5.476848 0.018305 0.704167 5.500000 0.000000 0.000000 0.011094 0.000000 -0.704167 -0.956034 -5.476848 0.045118 0.101809 -0.007834 0.001178 0.030000 0.038922 0.036474 0.009132
30.253335 2.000000 -0.314238 0.596083 -0.010858 0.094831 0.914504 -1.551190 -0.029853 -0.322867 -0.581990 0.019654 0.091188 -0.919598 -1.547703 0.023777 -0.003832 0.140292 0.079989 -0.059664 -0.022758 0.116723 5.480121 5.480121 0.026775 0.712637 5.500000 0.000000 0.000000 0.016227 0.000000 -0.712637 -0.957664 -5.480121 0.044613 0.101859 -0.008390 0.001177 0.030000 0.038916 0.036472 0.009132
30.296387 2.000000 -0.314226 0.596071 -0.010834 0.094843 0.914504 -1.551166 -0.029865 -0.322867 -0.581990 0.019630 0.091200 -0.919586 -1.547691 0.023765 0.033082 -0.014740 0.001229 0.001423 -0.027628 -0.109560 5.472723 5.472723 0.027340 0.713203 5.500000 0.000000 0.000000 0.016570 0.000000 -0.713203 -0.953364 -5.472723 0.045203 0.102097 -0.008268 0.001171 0.030000 0.038922 0.036470 0.009132
30.336297 2.000000 -0.314250 0.596071 -0.010846 0.094831 0.914492 -1.551178 -0.029877 -0.322867 -0.581978 0.019630 0.091200 -0.919586 -1.547703 0.023777 -0.029713 -0.001254 0.201671 -0.017781 -0.036445 0.018022 5.473426 5.473426 0.020377 0.706239 5.500000 0.000000 0.000000 0.012350 0.000000 -0.706239 -0.960887 -5.473426 0.045038 0.101882 -0.008583 0.001176 0.030000 0.038914 0.036472 0.009132
30.368739 2.000000 -0.314226 0.596071 -0.010846 0.094867 0.914492 -1.551178 -0.029877 -0.322867 -0.581978 0.019654 0.091188 -0.919586 -1.547679 0.023765 -0.057487 0.047674 -0.014102 0.050975 0.033821 0.014563 5.480955 5.480955 0.037012 0.722874 5.500000 0.000000 0.000000 0.022431 0.000000 -0.722874 -0.960727 -5.480955 0.044784 0.101804 -0.008163 0.001176 0.030000 0.038927 0.036471 0.009132
30.409791 2.000000 -0.314238 0.596071 -0.010846 0.094843 0.914492 -1.551190 -0.029877 -0.322867 -0.581990 0.019630 0.091200 -0.919598 -1.547703 0.023765 -0.095721 -0.000465 0.081331 0.156221 -0.061319 -0.116356 5.491547 5.491547 0.021388 0.707251 5.500000 0.000000 0.000000 0.012962 0.000000 -0.707251 -0.965235 -5.491547 0.044840 0.101930 -0.007874 0.001173 0.030000 0.038919 0.036471 0.009132
30.466994 2.000000 -0.314226 0.596083 -0.010834 0.094843 0.914492 -1.551190 -0.029865 -0.322867 -0.581978 0.019654 0.091188 -0.919586 -1.547691 0.023777 -0.122445 0.187726 -0.161092 -0.051662 -0.005709 0.022118 5.481634 5.481634 0.042017 0.727880 5.500000 0.000000 0.000000 0.025465 0.000000 -0.727880 -0.964214 -5.481634 0.045155 0.102446 -0.009291 0.001174 0.030000 0.038921 0.036472 0.009132
30.535425 2.000000 -0.314250 0.596047 -0.010834 0.094831 0.914492 -1.551178 -0.029877 -0.322867 -0.581990 0.019630 0.091200 -0.919586 -1.547691 0.023777 0.253245 -0.187693 -0.014693 0.111873 -0.050982 -0.072375 5.495084 5.495084 0.033151 0.719013 5.500000 0.000000 0.000000 0.020091 0.000000 -0.719013 -0.951933 -5.495084 0.045412 0.101891 -0.008026 0.001177 0.030000 0.038914 0.036471 0.009132
30.601599 2.000000 -0.314250 0.596059 -0.010858 0.094843 0.914492 -1.551178 -0.029865 -0.322867 -0.581966 0.019630 0.091176 -0.919586 -1.547691 0.023765 -0.267633 -0.083403 0.210398 0.125563 0.033912 -0.017163 5.485831 5.485831 0.031953 0.717815 5.500000 0.000000 0.000000 0.019365 0.000000 -0.717815 -0.959772 -5.485831 0.045066 0.102187 -0.008994 0.001182 0.030000 0.038915 0.036468 0.009132
30.656491 2.000000 -0.314226 0.596071 -0.010834 0.094831 0.914492 -1.551178 -0.029865 -0.322867 -0.581966 0.019654 0.091200 -0.919586 -1.547691 0.023765 -0.257082 0.098906 -0.156030 -0.032941 -0.003087 -0.057893 5.483148 5.483148 0.036554 0.722416 5.500000 0.000000 0.000000 0.022154 0.000000 -0.722416 -0.965609 -5.483148 0.044807 0.102032 -0.008056 0.001178 0.030000 0.038919 0.036473 0.009132
30.698886 2.000000 -0.314250 0.596083 -0.010834 0.094843 0.914468 -1.551166 -0.029877 -0.322867 -0.581978 0.019654 0.091200 -0.919598 -1.547691 0.023765 0.001003 -0.020645 0.061612 -0.211080 0.121974 -0.088291 5.475942 5.475942 0.025461 0.711323 5.500000 0.000000 0.000000 0.015431 0.000000 -0.711323 -0.962088 -5.475942 0.044540 0.101495 -0.008430 0.001175 0.030000 0.038914 0.036473 0.009132
30.765662 2.000000 -0.314226 0.596083 -0.010858 0.094843 0.914468 -1.551178 -0.029853 -0.322867 -0.581978 0.019630 0.091200 -0.919586 -1.547703 0.023753 0.155553 0.199593 -0.128420 -0.030048 -0.137598 0.113098 5.484300 5.484300 0.032119 0.717981 5.500000 0.000000 0.000000 0.019466 0.000000 -0.717981 -0.958981 -5.484300 0.044950 0.101295 -0.008192 0.001173 0.030000 0.038920 0.036469 0.009132
30.851218 2.000000 -0.314238 0.596071 -0.010846 0.094843 0.914492 -1.551178 -0.029865 -0.322867 -0.581966 0.019630 0.091188 -0.919610 -1.547691 0.023765 -0.047681 -0.155383 0.070762 -0.216953 0.054853 0.163211 5.506045 5.506045 0.025264 0.711126 5.500000 0.000000 0.000000 0.015311 0.000000 -0.711126 -0.959379 -5.506045 0.044868 0.101673 -0.009029 0.001178 0.030000 0.038918 0.036471 0.009132
30.914795 2.000000 -0.314226 0.596059 -0.010846 0.094843 0.914492 -1.551190 -0.029865 -0.322867 -0.581978 0.019630 0.091200 -0.919586 -1.547691 0.023753 0.064599 -0.104620 0.014204 0.109114 -0.068819 -0.105021 5.477545 5.477545 0.025299 0.711161 5.500000 0.000000 0.000000 0.015332 0.000000 -0.711161 -0.953791 -5.477545 0.044906 0.101856 -0.008244 0.001176 0.030000 0.038922 0.036470 0.009132
30.959181 2.000000 -0.314238 0.596071 -0.010846 0.094843 0.914492 -1.551178 -0.029865 -0.322867 -0.581990 0.019630 0.091200 -0.919586 -1.547703 0.023753 0.007036 0.038492 0.047040 0.142562 -0.015728 -0.090686 5.459098 5.459098 0.036655 0.722518 5.500000 0.000000 0.000000 0.022215 0.000000 -0.722518 -0.948843 -5.459098 0.044950 0.101828 -0.007872 0.001173 0.030000 0.038918 0.036469 0.009132
30.995973 2.000000 -0.314238 0.596071 -0.010858 0.094843 0.914492 -1.551178 -0.029865 -0.322867 -0.581966 0.019642 0.091188 -0.919598 -1.547691 0.023765 0.002449 -0.024021 0.060334 0.051384 0.048438 0.014058 5.484607 5.484607 0.035461 0.721324 5.500000 0.000000 0.000000 0.021491 0.000000 -0.721324 -0.947826 -5.484607 0.045399 0.101734 -0.008682 0.001181 0.030000 0.038919 0.036471 0.009132
31.035616 2.000000 -0.314238 0.596059 -0.010846 0.094831 0.914480 -1.551178 -0.029865 -0.322879 -0.581990 0.019654 0.091188 -0.919586 -1.547691 0.023753 -0.028384 -0.040050 -0.030398 -0.055751 -0.102311 0.070028 5.460550 5.460550 0.016291 0.702153 5.500000 0.000000 0.000000 0.009873 0.000000 -0.702153 -0.950909 -5.460550 0.044440 0.101594 -0.008184 0.001180 0.030000 0.038916 0.036465 0.009132
31.080789 2.000000 -0.314238 0.596059 -0.010834 0.094855 0.914492 -1.551178 -0.029853 -0.322867 -0.581978 0.019630 0.091188 -0.919586 -1.547703 0.023741 -0.066671 0.008574 -0.129819 -0.057837 0.059414 0.073891 5.490782 5.490782 0.026829 0.712691 5.500000 0.000000 0.000000 0.016260 0.000000 -0.712691 -0.968042 -5.490782 0.044524 0.101473 -0.009051 0.001175 0.030000 0.038918 0.036466 0.009132
31.148860 2.000000 -0.314238 0.596083 -0.010834 0.094843 0.914504 -1.551178 -0.029853 -0.322867 -0.581978 0.019654 0.091188 -0.919586 -1.547691 0.023741 0.118621 -0.036028 0.042680 -0.132794 -0.024859 -0.027889 5.477684 5.477684 0.045128 0.730990 5.500000 0.000000 0.000000 0.027350 0.000000 -0.730990 -0.954556 -5.477684 0.045257 0.102069 -0.008657 0.001175 0.030000 0.038917 0.036468 0.009132
31.203274 2.000000 -0.314238 0.596071 -0.010834 0.094843 0.914504 -1.551166 -0.029865 -0.322867 -0.581966 0.019630 0.091188 -0.919586 -1.547703 0.023753 0.007652 0.075785 0.015575 -0.153075 -0.036146 -0.028498 5.474804 5.474804 0.030342 0.716204 5.500000 0.000000 0.000000 0.018389 0.000000 -0.716204 -0.958198 -5.474804 0.044687 0.101489 -0.008961 0.001176 0.030000 0.038918 0.036468 0.009132
31.254997 2.000000 -0.314238 0.596083 -0.010834 0.094855 0.914492 -1.551178 -0.029853 -0.322867 -0.581978 0.019630 0.091200 -0.919586 -1.547691 0.023753 -0.114636 0.018262 0.174072 0.126523 -0.041842 -0.009957 5.470896 5.470896 0.026174 0.712036 5.500000 0.000000 0.000000 0.015863 0.000000 -0.712036 -0.958257 -5.470896 0.044731 0.101501 -0.008335 0.001170 0.030000 0.038918 0.036470 0.009132
31.297824 2.000000 -0.314238 0.596071 -0.010834 0.094831 0.914492 -1.551166 -0.029865 -0.322867 -0.581966 0.019630 0.091188 -0.919586 -1.547691 0.023765 -0.016998 -0.012793 0.058350 -0.022429 -0.012693 -0.008990 5.497202 5.497202 0.038066 0.723929 5.500000 0.000000 0.000000 0.023070 0.000000 -0.723929 -0.955742 -5.497202 0.044626 0.101884 -0.008507 0.001177 0.030000 0.038916 0.036470 0.009132
31.355861 2.000000 -0.314250 0.596083 -0.010834 0.094819 0.914504 -1.551178 -0.029853 -0.322867 -0.581978 0.019630 0.091188 -0.919574 -1.547691 0.023753 -0.069975 0.020371 -0.178853 -0.157805 -0.023106 -0.029166 5.465359 5.465359 0.031917 0.717779 5.500000 0.000000 0.000000 0.019343 0.000000 -0.717779 -0.950528 -5.465359 0.044847 0.101428 -0.008358 0.001174 0.030000 0.038909 0.036467 0.009132
31.405004 2.000000 -0.314238 0.596071 -0.010834 0.094843 0.914504 -1.551178 -0.029865 -0.322867 -0.581978 0.019654 0.091200 -0.919586 -1.547691 0.023753 0.011395 -0.095870 -0.015558 -0.017418 0.025994 0.069620 5.496600 5.496600 0.032880 0.718742 5.500000 0.000000 0.000000 0.019927 0.000000 -0.718742 -0.954731 -5.496600 0.044651 0.101928 -0.008102 0.001176 0.030000 0.038918 0.036471 0.009132
31.455110 2.000000 -0.314238 0.596059 -0.010834 0.094831 0.914492 -1.551166 -0.029865 -0.322879 -0.581990 0.019630 0.091200 -0.919586 -1.547691 0.023765 0.047886 0.077792 0.056299 0.126262 -0.050556 -0.100374 5.469594 5.469594 0.042707 0.728570 5.500000 0.000000 0.000000 0.025883 0.000000 -0.728570 -0.968504 -5.469594 0.044600 0.101802 -0.009560 0.001175 0.030000 0.038916 0.036466 0.009132
31.540702 2.000000 -0.314238 0.596059 -0.010846 0.094831 0.914492 -1.551190 -0.029853 -0.322867 -0.581978 0.019654 0.091200 -0.919598 -1.547703 0.023741 -0.070347 -0.038872 0.033110 -0.036555 0.066126 0.180801 5.486975 5.486975 0.036068 0.721931 5.500000 0.000000 0.000000 0.021859 0.000000 -0.721931 -0.958458 -5.486975 0.044649 0.101719 -0.009259 0.001180 0.030000 0.038915 0.036471 0.009132
31.595404 2.000000 -0.314238 0.596083 -0.010846 0.094831 0.914492 -1.551178 -0.029853 -0.322867 -0.581978 0.019654 0.091200 -0.919598 -1.547691 0.023741 0.063577 -0.135002 -0.004881 0.051295 -0.014515 -0.178113 5.477785 5.477785 0.033162 0.719024 5.500000 0.000000 0.000000 0.020098 0.000000 -0.719024 -0.962141 -5.477785 0.044714 0.101702 -0.009254 0.001177 0.030000 0.038915 0.036471 0.009132
31.634181 2.000000 -0.314226 0.596071 -0.010846 0.094843 0.914480 -1.551166 -0.029865 -0.322867 -0.581978 0.019654 0.091200 -0.919598 -1.547691 0.023753 0.030547 -0.075711 -0.096996 0.055118 0.041991 0.064293 5.482802 5.482802 0.046500 0.732362 5.500000 0.000000 0.000000 0.028182 0.000000 -0.732362 -0.969689 -5.482802 0.044715 0.101713 -0.008822 0.001177 0.030000 0.038921 0.036472 0.009132
31.679580 2.000000 -0.314238 0.596059 -0.010834 0.094831 0.914504 -1.551190 -0.029853 -0.322879 -0.581990 0.019630 0.091200 -0.919586 -1.547691 0.023741 0.038097 -0.040176 0.095059 -0.060973 -0.071757 0.054563 5.459516 5.459516 0.041479 0.727341 5.500000 0.000000 0.000000 0.025139 0.000000 -0.727341 -0.962752 -5.459516 0.044590 0.101635 -0.009537 0.001175 0.030000 0.038915 0.036464 0.009132
31.741483 2.000000 -0.314238 0.596059 -0.010846 0.094843 0.914504 -1.551142 -0.029853 -0.322867 -0.581966 0.019630 0.091200 -0.919574 -1.547691 0.023753 0.076448 -0.478050 -0.109795 0.063570 0.155729 0.122665 5.481825 5.481825 0.032068 0.717930 5.500000 0.000000 0.000000 0.019435 0.000000 -0.717930 -0.955592 -5.481825 0.044901 0.102151 -0.008786 0.001179 0.030000 0.038917 0.036469 0.009132
31.798907 2.000000 -0.314250 0.596095 -0.010822 0.094843 0.914492 -1.551178 -0.029841 -0.322867 -0.581978 0.019630 0.091200 -0.919586 -1.547691 0.023741 -0.092156 0.225774 -0.187499 0.264717 0.091504 0.081525 2.038304 2.038304 0.451908 1.137770 5.500000 0.000000 0.001731 0.273883 0.000000 -1.137770 -0.538285 -2.038304 0.002459 0.042493 -0.011757 0.001168 0.030000 0.039057 0.036409 0.010866
31.870829 2.000000 -0.314238 0.596083 -0.010834 0.094831 0.914492 -1.551166 -0.029853 -0.322867 -0.581978 0.019654 0.091200 -0.919562 -1.547691 0.023741 0.027506 0.105327 0.095023 0.088061 -0.061345 -0.161155 9.563583 9.563583 3.839705 4.525568 10.000000 0.002099 0.001949 1.279902 1.000000 -4.525568 -1.883223 -9.563583 0.071285 0.011037 -0.116646 0.001175 0.030000 0.039090 0.036414 0.011085
31.935076 2.000000 -0.314238 0.596071 -0.010834 0.094855 0.914504 -1.551178 -0.029853 -0.322879 -0.581966 0.019630 0.091200 -0.919562 -1.547679 0.023729 0.074226 -0.148545 -0.128969 -0.048031 0.012876 0.034442 5.943524 5.943524 1.244622 1.930484 10.000000 0.002099 0.003977 0.414874 1.000000 -1.930484 -1.258338 -5.943524 0.026368 -0.000348 -0.063869 0.001175 0.030000 0.039500 0.036579 0.013117
31.987788 2.000000 -0.314238 0.596059 -0.010834 0.094843 0.914492 -1.551178 -0.029865 -0.322867 -0.581966 0.019630 0.091200 -0.919598 -1.547691 0.023729 0.147354 -0.044021 -0.108910 0.095808 -0.066775 -0.056450 6.205218 6.205218 1.572329 2.258192 10.000000 0.002099 0.005875 0.524110 1.000000 -2.258192 -1.442294 -6.205218 0.022621 -0.000707 -0.076201 0.001177 0.030000 0.040074 0.036955 0.015018
32.042530 2.000000 -0.314238 0.596071 -0.010846 0.094855 0.914492 -1.551190 -0.029853 -0.322867 -0.581966 0.019654 0.091200 -0.919586 -1.547703 0.023729 0.030342 -0.216583 -0.015013 0.066334 -0.055966 -0.133264 5.642298 5.642298 1.448407 2.134269 10.000000 0.002099 0.008054 0.482802 1.000000 -2.134269 -1.469901 -5.642298 0.009791 -0.006244 -0.066053 0.001178 0.030000 0.040963 0.037618 0.017200
32.103980 2.000000 -0.314250 0.596059 -0.010834 0.094831 0.914504 -1.551178 -0.029841 -0.322867 -0.581978 0.019630 0.091200 -0.919598 -1.547691 0.023729 0.101484 -0.029424 0.103543 -0.009428 -0.155031 -0.020108 5.260630 5.260630 1.846051 2.531913 10.000000 0.002099 0.010423 0.615350 1.000000 -2.531913 -1.465078 -5.260630 -0.040565 -0.032992 -0.073524 0.001177 0.030000 0.042176 0.038614 0.019573
32.164637 2.000000 -0.314238 0.596059 -0.010834 0.094843 0.914492 -1.551202 -0.029841 -0.322867 -0.581978 0.019630 0.091200 -0.919622 -1.547679 0.023753 -0.038714 0.037088 0.004954 -0.126796 -0.005549 0.202323 5.004421 5.004421 1.996138 2.682000 10.000000 0.002099 0.012921 0.665379 1.000000 -2.682000 -1.486856 -5.004421 -0.064336 -0.045425 -0.073240 0.001175 0.030000 0.043736 0.039955 0.022073
32.214220 2.000000 -0.314238 0.596059 -0.010846 0.094843 0.914492 -1.551178 -0.029841 -0.322867 -0.581966 0.019642 0.091200 -0.919586 -1.547703 0.023741 -0.012045 0.017279 0.023949 -0.196479 0.022994 0.043086 5.024579 5.024579 2.240247 2.926109 10.000000 0.002099 0.015348 0.746749 1.000000 -2.926109 -1.541039 -5.024579 -0.093699 -0.061446 -0.077229 0.001180 0.030000 0.045476 0.041510 0.024502
32.280326 2.000000 -0.314238 0.596083 -0.010834 0.094843 0.914480 -1.551178 -0.029853 -0.322879 -0.581966 0.019630 0.091188 -0.919598 -1.547703 0.023741 0.001281 -0.083978 0.008642 -0.052879 0.000636 0.076519 5.294096 5.294096 2.376147 3.062009 10.000000 0.002099 0.017701 0.792049 1.000000 -3.062009 -1.617450 -5.294096 -0.110041 -0.070673 -0.078882 0.001175 0.030000 0.047363 0.043231 0.026856
32.340455 2.000000 -0.304483 0.597258 -0.009827 0.109236 0.916314 -1.549584 -0.024987 -0.309373 -0.590942 0.008617 0.106911 -0.921179 -1.544934 0.021188 0.881949 2.706165 -2.997780 0.526557 -6.277076 -1.394261 5.484831 5.484831 2.410693 3.096555 10.000000 0.002099 0.019959 0.803564 1.000000 -3.096555 -1.668211 -5.484831 -0.124203 -0.079434 -0.082465 -0.005590 0.030000 0.055140 0.052725 0.029113
32.396521 2.000000 -0.304543 0.597258 -0.009851 0.109212 0.916218 -1.549117 -0.024963 -0.309505 -0.591122 0.008617 0.106779 -0.921215 -1.545054 0.021200 1.154541 3.123895 -2.162413 0.604521 -6.570579 -2.635446 5.369310 5.369310 2.394355 3.080217 10.000000 0.002099 0.022274 0.798118 1.000000 -3.080217 -1.610978 -5.369310 -0.126346 -0.080079 -0.077249 -0.005594 0.030000 0.057176 0.054746 0.031426
32.465484 2.000000 -0.304543 0.597258 -0.009072 0.109092 0.915763 -1.549452 -0.024963 -0.309493 -0.591098 0.008557 0.106767 -0.921144 -1.545114 0.021188 -0.193039 3.347165 -1.839885 0.561848 -6.762327 -2.301878 5.590742 5.590742 2.821938 3.507801 10.000000 0.002099 0.024479 0.940646 1.000000 -3.507801 -1.871795 -5.590742 -0.180723 -0.114120 -0.084625 -0.005690 0.030000 0.059345 0.056824 0.033628
32.507409 2.000000 -0.304567 0.597270 -0.009036 0.109044 0.915283 -1.549393 -0.024939 -0.309481 -0.591110 0.008533 0.106767 -0.921000 -1.545318 0.021176 0.255815 3.053853 -2.157355 0.351206 -6.853763 -2.159597 6.138347 6.138347 2.962851 3.648714 10.000000 0.002099 0.026198 0.987617 1.000000 -3.648714 -1.985816 -6.138347 -0.188995 -0.118240 -0.089212 -0.005700 0.030000 0.061019 0.058528 0.035345
32.574579 2.000000 -0.305238 0.596335 -0.009743 0.108397 0.913605 -1.544863 -0.025059 -0.310955 -0.591038 0.009060 0.104586 -0.920197 -1.541411 0.021416 0.341641 5.128135 -2.092926 -0.221859 -8.298702 -1.598805 5.965298 5.965298 3.052139 3.738001 10.000000 0.002230 0.028215 1.017380 1.000000 -3.738001 -2.001864 -5.965298 -0.221274 -0.140111 -0.084533 -0.005048 0.030000 0.061924 0.059096 0.037358
32.622705 2.000000 -0.305238 0.596335 -0.009839 0.108409 0.913593 -1.544779 -0.025047 -0.310943 -0.591002 0.009096 0.104550 -0.920197 -1.541279 0.021428 0.019832 4.924414 -1.871756 0.125478 -8.375173 -1.691690 6.027657 6.027657 3.101206 3.787069 10.000000 0.002589 0.030000 1.033735 1.000000 -3.787069 -2.138315 -6.027657 -0.230500 -0.144773 -0.085572 -0.005024 0.030000 0.063799 0.060923 0.039138
32.670373 2.000000 -0.305238 0.596335 -0.009839 0.108409 0.913581 -1.544743 -0.025059 -0.310943 -0.590990 0.009120 0.104550 -0.920197 -1.541219 0.021392 0.156741 5.216033 -1.807682 0.015406 -8.626137 -1.727845 6.605308 6.605308 3.443191 4.129054 10.000000 0.003955 0.030000 1.147730 1.000000 -4.129054 -2.161593 -6.605308 -0.255801 -0.159012 -0.088069 -0.005019 0.030000 0.063792 0.060914 0.039138
32.725227 2.000000 -0.305250 0.596107 -0.013554 0.106863 0.910825 -1.538295 -0.025694 -0.311015 -0.590319 0.013566 0.100416 -0.918795 -1.534844 0.022087 -0.468929 7.526739 -1.545022 -0.650536 -10.336648 -1.303467 6.454952 6.454952 3.382084 4.067947 10.000000 0.006341 0.030000 1.127361 1.000000 -4.067947 -2.120255 -6.454952 -0.253142 -0.158419 -0.085519 -0.003412 0.030000 0.061954 0.058527 0.039138
32.776074 2.000000 -0.305226 0.596107 -0.014597 0.106540 0.910526 -1.537396 -0.025970 -0.310991 -0.590187 0.014932 0.099912 -0.918639 -1.533442 0.022183 -0.586430 7.513478 -1.759137 -1.245830 -10.194091 -1.520456 6.496599 6.496599 3.367786 4.053649 10.000000 0.009647 0.030000 1.122595 1.000000 -4.053649 -2.126335 -6.496599 -0.246457 -0.153921 -0.088207 -0.003025 0.030000 0.061637 0.058100 0.039138
32.821186 2.000000 -0.305226 0.596143 -0.015184 0.106324 0.910226 -1.536521 -0.026042 -0.311015 -0.590103 0.015591 0.099589 -0.918231 -1.531764 0.022219 -0.643325 8.114347 -1.452097 -0.801373 -11.247620 -0.929722 6.496921 6.496921 3.361697 4.047559 10.000000 0.013619 0.030000 1.120566 1.000000 -4.047559 -2.109695 -6.496921 -0.244807 -0.152069 -0.087479 -0.002819 0.030000 0.061401 0.057716 0.039138
32.872363 2.000000 -0.305226 0.597018 -0.016850 0.097528 0.906750 -1.527497 -0.029385 -0.310991 -0.590163 0.020673 0.098319 -0.909902 -1.523555 0.023130 -1.841208 10.336292 -0.259019 -1.644385 -13.075209 -0.331315 6.513697 6.513697 3.335834 4.021697 10.000000 0.018626 0.030000 1.111945 1.000000 -4.021697 -2.071131 -6.513697 -0.240162 -0.149453 -0.086059 -0.001398 0.030000 0.057823 0.055288 0.039138
32.918437 2.000000 -0.305214 0.597102 -0.016862 0.097516 0.906511 -1.526826 -0.029841 -0.311015 -0.590175 0.020661 0.098271 -0.909555 -1.522812 0.023237 -1.779621 10.215666 -0.018495 -1.778309 -13.356470 -0.334111 6.473428 6.473428 3.247093 3.932955 10.000000 0.023177 0.030000 1.082364 1.000000 -3.932955 -2.043646 -6.473428 -0.240322 -0.150082 -0.080083 -0.001411 0.030000 0.057705 0.055159 0.039138
32.958052 2.000000 -0.305214 0.597150 -0.016874 0.097504 0.906391 -1.526539 -0.030009 -0.311015 -0.590187 0.020697 0.098235 -0.909447 -1.522560 0.023273 -1.953843 10.307510 -0.109094 -1.825489 -13.370451 -0.290719 6.481101 6.481101 3.260669 3.946532 10.000000 0.027958 0.030000 1.086890 1.000000 -3.946532 -2.025540 -6.481101 -0.241278 -0.151170 -0.076415 -0.001412 0.030000 0.057654 0.055112 0.039138
33.001992 2.000000 -0.305202 0.597965 -0.019486 0.095143 0.902568 -1.517263 -0.033784 -0.310979 -0.591182 0.021548 0.096916 -0.903359 -1.515933 0.032573 -2.263748 12.637621 0.326722 -2.283133 -16.168231 0.153567 6.470588 6.470588 3.252807 3.938670 10.000000 0.033745 0.030000 1.084269 1.000000 -3.938670 -2.028089 -6.470588 -0.241352 -0.150771 -0.075514 -0.001016 0.030000 0.055550 0.053102 0.039138
33.049796 2.000000 -0.305202 0.598013 -0.019522 0.095131 0.902412 -1.516556 -0.034107 -0.310991 -0.591314 0.021608 0.096749 -0.903023 -1.514974 0.032801 -2.224720 13.738592 0.361813 -2.554141 -17.160916 0.510853 6.471217 6.471217 3.279972 3.965834 10.000000 0.040685 0.030000 1.093324 1.000000 -3.965834 -2.044279 -6.471217 -0.241353 -0.150583 -0.077125 -0.001021 0.030000 0.055456 0.052947 0.039138
33.103527 2.000000 -0.305202 0.598097 -0.019522 0.095131 0.902364 -1.515861 -0.034383 -0.310991 -0.591446 0.021584 0.096485 -0.902844 -1.514207 0.033029 -2.150708 13.921438 0.699944 -2.528833 -17.511317 0.503447 6.478484 6.478484 3.296106 3.981968 10.000000 0.048683 0.030000 1.098702 1.000000 -3.981968 -2.046273 -6.478484 -0.241261 -0.149933 -0.078634 -0.001041 0.030000 0.055383 0.052808 0.039138
33.168676 2.000000 -0.305202 0.599199 -0.020529 0.094436 0.899764 -1.507148 -0.042772 -0.310991 -0.593099 0.022399 0.093860 -0.900615 -1.502594 0.039752 -2.571620 17.003768 0.675809 -2.669654 -20.488983 0.926942 6.471992 6.471992 3.313263 3.999126 10.000000 0.050000 0.030000 1.104421 1.000000 -3.999126 -2.047880 -6.471992 -0.240712 -0.149860 -0.079508 -0.001018 0.030000 0.054014 0.051000 0.039138
33.216409 2.000000 -0.305202 0.599235 -0.020541 0.094448 0.899572 -1.506873 -0.042963 -0.310991 -0.593099 0.022446 0.093836 -0.900531 -1.502474 0.040015 -2.411525 16.838434 0.572987 -2.623353 -20.511321 0.949349 6.489116 6.489116 3.314124 3.999986 10.000000 0.050000 0.030000 1.104708 1.000000 -3.999986 -2.038735 -6.489116 -0.240224 -0.149687 -0.078309 -0.001016 0.030000 0.053982 0.050969 0.039138
33.264067 2.000000 -0.305178 0.599247 -0.020565 0.094424 0.899536 -1.506753 -0.043083 -0.310979 -0.593111 0.022470 0.093824 -0.900495 -1.502438 0.040171 -2.492854 16.878046 0.547996 -2.523921 -20.466589 0.833158 6.460599 6.460599 3.307173 3.993036 10.000000 0.050000 0.030000 1.102391 1.000000 -3.993036 -2.036919 -6.460599 -0.239491 -0.149627 -0.078698 -0.001014 0.030000 0.053967 0.050958 0.039138
33.309829 2.000000 -0.305202 0.599475 -0.020613 0.094340 0.898841 -1.505986 -0.044330 -0.310991 -0.593123 0.022614 0.093693 -0.900255 -1.502199 0.041046 -2.429423 17.029301 0.850028 -2.303615 -20.575869 0.965697 6.468570 6.468570 3.300449 3.986311 10.000000 0.050000 0.030000 1.100150 1.000000 -3.986311 -2.037259 -6.468570 -0.240160 -0.149669 -0.078487 -0.001012 0.030000 0.053825 0.050854 0.039138
33.360364 2.000000 -0.305190 0.599487 -0.020589 0.094316 0.898793 -1.505950 -0.044414 -0.310991 -0.593099 0.022626 0.093681 -0.900207 -1.502199 0.041070 -2.446321 17.117784 0.786412 -2.425530 -20.457665 0.820629 6.477413 6.477413 3.318259 4.004121 10.000000 0.050000 0.030000 1.106086 1.000000 -4.004121 -2.035193 -6.477413 -0.239699 -0.149180 -0.078449 -0.001009 0.030000 0.053818 0.050845 0.039138
33.421335 2.000000 -0.305202 0.599487 -0.020613 0.094328 0.898745 -1.505938 -0.044426 -0.310991 -0.593123 0.022626 0.093681 -0.900195 -1.502199 0.041094 -2.410891 16.987651 0.756663 -2.451093 -20.512136 0.842950 6.499816 6.499816 3.319988 4.005850 10.000000 0.050000 0.030000 1.106663 1.000000 -4.005850 -2.053613 -6.499816 -0.240416 -0.149548 -0.077448 -0.001011 0.030000 0.053811 0.050845 0.039138
33.485618 2.000000 -0.305202 0.599583 -0.020637 0.094208 0.896971 -1.504907 -0.044929 -0.310991 -0.593099 0.022650 0.093513 -0.900075 -1.502127 0.041214 -2.323901 17.228157 0.808521 -2.311993 -20.475318 0.730829 6.484955 6.484955 3.313465 3.999327 10.000000 0.050000 0.030000 1.104488 1.000000 -3.999327 -2.030137 -6.484955 -0.240335 -0.149902 -0.078067 -0.001005 0.030000 0.053609 0.050787 0.039138
33.569983 2.000000 -0.305202 0.599571 -0.020625 0.094208 0.896923 -1.504859 -0.044977 -0.310991 -0.593099 0.022674 0.093525 -0.900075 -1.502127 0.041202 -2.341064 17.150254 0.858421 -2.393258 -20.498050 0.883272 6.463655 6.463655 3.311987 3.997850 10.000000 0.050000 0.030000 1.103996 1.000000 -3.997850 -2.035417 -6.463655 -0.239915 -0.149647 -0.077995 -0.001003 0.030000 0.053602 0.050789 0.039138
33.602792 2.000000 -0.305202 0.599583 -0.020625 0.094196 0.896899 -1.504835 -0.044989 -0.310991 -0.593123 0.022674 0.093525 -0.900063 -1.502127 0.041214 -2.298834 17.216443 0.802146 -2.336163 -20.430802 0.820356 6.485029 6.485029 3.343123 4.028986 10.000000 0.050000 0.030000 1.114374 1.000000 -4.028986 -2.050079 -6.485029 -0.240742 -0.149183 -0.077488 -0.001008 0.030000 0.053597 0.050789 0.039138
33.649950 2.000000 -0.305202 0.599595 -0.020637 0.093968 0.896576 -1.504596 -0.045264 -0.310991 -0.593135 0.022662 0.093465 -0.899943 -1.502091 0.041262 -2.384461 17.169889 0.903637 -2.351107 -20.294558 0.752517 6.461302 6.461302 3.328809 4.014672 10.000000 0.050000 0.030000 1.109603 1.000000 -4.014672 -2.033863 -6.461302 -0.240532 -0.149242 -0.076995 -0.000992 0.030000 0.053506 0.050766 0.039138
33.683364 2.000000 -0.305202 0.599583 -0.020637 0.093968 0.896564 -1.504583 -0.045264 -0.310991 -0.593123 0.022662 0.093429 -0.899943 -1.502091 0.041262 -2.325268 17.248786 0.810413 -2.386328 -20.407660 0.811175 6.479408 6.479408 3.332559 4.018422 10.000000 0.050000 0.030000 1.110853 1.000000 -4.018422 -2.034859 -6.479408 -0.240385 -0.149278 -0.077990 -0.000985 0.030000 0.053504 0.050757 0.039138
33.733105 2.000000 -0.305202 0.599595 -0.020637 0.093968 0.896552 -1.504572 -0.045276 -0.310979 -0.593135 0.022662 0.093441 -0.899943 -1.502103 0.041262 -2.437738 17.143889 0.942427 -2.317219 -20.340002 0.744393 6.445893 6.445893 3.330037 4.015899 10.000000 0.050000 0.030000 1.110012 1.000000 -4.015899 -2.029078 -6.445893 -0.240040 -0.149552 -0.077788 -0.000991 0.030000 0.053503 0.050765 0.039138
33.782812 2.000000 -0.305202 0.599595 -0.020637 0.093968 0.896564 -1.504572 -0.045300 -0.311003 -0.593135 0.022662 0.093441 -0.899943 -1.502091 0.041274 -2.538847 17.259525 0.977585 -2.266857 -20.272858 0.738518 6.459627 6.459627 3.334565 4.020427 10.000000 0.050000 0.030000 1.111522 1.000000 -4.020427 -2.053676 -6.459627 -0.240259 -0.149760 -0.077183 -0.000989 0.030000 0.053503 0.050757 0.039138
33.820035 2.000000 -0.305202 0.599595 -0.020649 0.093932 0.896420 -1.504440 -0.045468 -0.310991 -0.593135 0.022674 0.093405 -0.899907 -1.502079 0.041286 -2.444166 17.322959 0.931530 -2.395187 -20.477888 0.725577 6.473511 6.473511 3.323154 4.009017 10.000000 0.050000 0.030000 1.107718 1.000000 -4.009017 -2.030581 -6.473511 -0.239439 -0.149109 -0.077614 -0.000982 0.030000 0.053474 0.050748 0.039138
33.855332 2.000000 -0.305202 0.599595 -0.020661 0.093932 0.896420 -1.504428 -0.045480 -0.310991 -0.593135 0.022686 0.093393 -0.899907 -1.502067 0.041298 -2.429850 17.254531 0.962330 -2.273899 -20.336162 0.757659 6.449847 6.449847 3.320530 4.006393 10.000000 0.050000 0.030000 1.106843 1.000000 -4.006393 -2.036916 -6.449847 -0.239652 -0.149132 -0.077438 -0.000978 0.030000 0.053472 0.050743 0.039138
33.907113 2.000000 -0.305202 0.599607 -0.020661 0.093932 0.896396 -1.504440 -0.045480 -0.310979 -0.593159 0.022686 0.093405 -0.899895 -1.502067 0.041286 -2.315116 17.024792 0.963068 -2.417539 -20.537436 0.818188 6.451616 6.451616 3.324920 4.010783 10.000000 0.050000 0.030000 1.108307 1.000000 -4.010783 -2.041262 -6.451616 -0.239206 -0.148592 -0.076962 -0.000986 0.030000 0.053472 0.050751 0.039138
33.940632 2.000000 -0.305190 0.599595 -0.020649 0.093932 0.896420 -1.504416 -0.045504 -0.310991 -0.593135 0.022674 0.093381 -0.899895 -1.502067 0.041286 -2.369102 17.139461 0.903796 -2.362464 -20.425946 0.835251 6.454674 6.454674 3.338333 4.024195 10.000000 0.050000 0.030000 1.112778 1.000000 -4.024195 -2.045045 -6.454674 -0.238610 -0.148066 -0.077754 -0.000981 0.030000 0.053474 0.050741 0.039138
33.992566 2.000000 -0.305202 0.599619 -0.020685 0.093920 0.896348 -1.504356 -0.045636 -0.310991 -0.593135 0.022698 0.093393 -0.899895 -1.502055 0.041310 -2.573617 17.199426 1.039996 -2.318654 -20.657646 0.815444 6.466476 6.466476 3.338570 4.024433 10.000000 0.050000 0.030000 1.112857 1.000000 -4.024433 -2.032148 -6.466476 -0.238812 -0.148690 -0.077532 -0.000977 0.030000 0.053456 0.050740 0.039138
34.060255 2.000000 -0.305202 0.599619 -0.020661 0.093932 0.896336 -1.504356 -0.045648 -0.311003 -0.593135 0.022710 0.093369 -0.899907 -1.502055 0.041298 -2.486817 17.150903 1.097810 -2.326408 -20.462812 0.826270 6.459756 6.459756 3.342414 4.028277 10.000000 0.050000 0.030000 1.114138 1.000000 -4.028277 -2.049496 -6.459756 -0.238894 -0.148338 -0.079334 -0.000977 0.030000 0.053460 0.050732 0.039138
34.120576 2.000000 -0.305202 0.599607 -0.020661 0.093920 0.896348 -1.504344 -0.045660 -0.310991 -0.593147 0.022698 0.093369 -0.899895 -1.502043 0.041298 -2.474645 17.094559 1.009809 -2.423364 -20.516882 0.895186 6.443956 6.443956 3.330575 4.016438 10.000000 0.050000 0.030000 1.110192 1.000000 -4.016438 -2.033558 -6.443956 -0.238134 -0.148445 -0.078030 -0.000978 0.030000 0.053456 0.050736 0.039138
34.164041 2.000000 -0.305202 0.599607 -0.020673 0.093920 0.896336 -1.504284 -0.045744 -0.310979 -0.593147 0.022698 0.093369 -0.899872 -1.502055 0.041322 -2.570620 17.404987 0.977851 -2.662037 -20.521702 0.968228 6.458616 6.458616 3.341380 4.027242 10.000000 0.050000 0.030000 1.113793 1.000000 -4.027242 -2.045899 -6.458616 -0.238087 -0.148064 -0.078386 -0.000977 0.030000 0.053448 0.050737 0.039138
34.217620 2.000000 -0.305202 0.599607 -0.020649 0.093932 0.896324 -1.504260 -0.045756 -0.310991 -0.593147 0.022710 0.093369 -0.899884 -1.502043 0.041322 -2.505562 17.038402 0.995155 -2.476638 -20.566386 0.857233 6.446791 6.446791 3.355965 4.041828 10.000000 0.050000 0.030000 1.118655 1.000000 -4.041828 -2.051992 -6.446791 -0.238421 -0.147584 -0.078997 -0.000979 0.030000 0.053451 0.050733 0.039138
34.274396 2.000000 -0.305202 0.599619 -0.020661 0.093932 0.896336 -1.504260 -0.045768 -0.310991 -0.593135 0.022698 0.093369 -0.899895 -1.502055 0.041322 -2.532019 16.984714 0.916252 -2.372589 -20.490682 0.848669 6.441757 6.441757 3.359832 4.045695 10.000000 0.050000 0.030000 1.119944 1.000000 -4.045695 -2.050153 -6.441757 -0.238182 -0.147730 -0.079034 -0.000979 0.030000 0.053451 0.050735 0.039138
34.346895 2.000000 -0.305178 0.599619 -0.020685 0.093896 0.896300 -1.504188 -0.045852 -0.310991 -0.593159 0.022710 0.093369 -0.899884 -1.502031 0.041346 -2.443510 17.256487 0.972376 -2.675983 -20.500135 1.111734 6.452962 6.452962 3.355957 4.041819 10.000000 0.050000 0.030000 1.118652 1.000000 -4.041819 -2.047522 -6.452962 -0.238469 -0.147983 -0.078772 -0.000977 0.030000 0.053439 0.050733 0.039138
34.392556 2.000000 -0.305202 0.599631 -0.020661 0.093908 0.896288 -1.504176 -0.045840 -0.310979 -0.593135 0.022710 0.093357 -0.899884 -1.502031 0.041346 -2.455209 17.396962 1.079282 -2.771752 -20.442336 1.023603 6.456810 6.456810 3.347556 4.033418 10.000000 0.050000 0.030000 1.115852 1.000000 -4.033418 -2.035966 -6.456810 -0.238014 -0.147915 -0.077339 -0.000978 0.030000 0.053437 0.050731 0.039138
34.447543 2.000000 -0.305202 0.599631 -0.020673 0.093884 0.896252 -1.504152 -0.045924 -0.310991 -0.593135 0.022722 0.093381 -0.899884 -1.502031 0.041346 -2.420735 17.240854 0.976992 -2.657332 -20.429897 0.959064 6.448284 6.448284 3.363262 4.049124 10.000000 0.050000 0.030000 1.121087 1.000000 -4.049124 -2.028593 -6.448284 -0.237885 -0.147868 -0.078439 -0.000974 0.030000 0.053425 0.050733 0.039138
34.511230 2.000000 -0.305214 0.599631 -0.020685 0.093848 0.896228 -1.504140 -0.045936 -0.310979 -0.593159 0.022722 0.093357 -0.899884 -1.502031 0.041334 -2.665786 17.164740 0.865285 -2.734026 -20.543064 1.025050 6.441113 6.441113 3.339786 4.025649 10.000000 0.050000 0.030000 1.113262 1.000000 -4.025649 -2.049508 -6.441113 -0.238135 -0.148139 -0.078260 -0.000972 0.030000 0.053411 0.050733 0.039138
34.577188 2.000000 -0.305202 0.599619 -0.020685 0.093860 0.896240 -1.504140 -0.045936 -0.310991 -0.593147 0.022734 0.093369 -0.899884 -1.502031 0.041346 -2.516454 17.147035 1.053192 -2.648260 -20.491859 1.055664 6.446193 6.446193 3.340776 4.026639 10.000000 0.050000 0.030000 1.113592 1.000000 -4.026639 -2.044336 -6.446193 -0.237903 -0.147946 -0.078738 -0.000968 0.030000 0.053416 0.050730 0.039138
34.603268 2.000000 -0.305202 0.599631 -0.020685 0.093860 0.896180 -1.504092 -0.045983 -0.310979 -0.593135 0.022734 0.093369 -0.899895 -1.502067 0.041370 -2.495211 17.145187 0.988621 -2.694761 -20.470019 1.025505 6.439003 6.439003 3.350109 4.035971 10.000000 0.050000 0.030000 1.116703 1.000000 -4.035971 -2.050607 -6.439003 -0.237643 -0.148038 -0.078308 -0.000969 0.030000 0.053410 0.050734 0.039138
34.641148 2.000000 -0.305178 0.599619 -0.020685 0.093848 0.896180 -1.504116 -0.046007 -0.310991 -0.593147 0.022746 0.093369 -0.899884 -1.502031 0.041370 -2.394804 17.183180 0.794719 -2.552795 -20.458295 1.024431 6.469029 6.469029 3.357355 4.043217 10.000000 0.050000 0.030000 1.119118 1.000000 -4.043217 -2.048089 -6.469029 -0.237428 -0.147561 -0.078170 -0.000967 0.030000 0.053413 0.050728 0.039138
34.678860 2.000000 -0.305214 0.599619 -0.020709 0.093824 0.896132 -1.504068 -0.046043 -0.310979 -0.593159 0.022734 0.093369 -0.899872 -1.502031 0.041370 -2.493550 17.233222 0.912039 -2.643331 -20.361948 0.839454 6.441690 6.441690 3.356241 4.042103 10.000000 0.050000 0.030000 1.118747 1.000000 -4.042103 -2.047808 -6.441690 -0.237185 -0.147320 -0.080215 -0.000965 0.030000 0.053390 0.050732 0.039138
34.718766 2.000000 -0.305214 0.599643 -0.020709 0.093848 0.896132 -1.504068 -0.046055 -0.310991 -0.593159 0.022734 0.093369 -0.899907 -1.502019 0.041382 -2.527124 17.316353 0.905951 -2.612669 -20.233467 1.008646 6.435907 6.435907 3.359075 4.044938 10.000000 0.050000 0.030000 1.119692 1.000000 -4.044938 -2.055798 -6.435907 -0.236951 -0.147753 -0.079065 -0.000970 0.030000 0.053397 0.050730 0.039138
34.755711 2.000000 -0.305202 0.599619 -0.020709 0.093836 0.896120 -1.504068 -0.046055 -0.310991 -0.593159 0.022734 0.093369 -0.899895 -1.502019 0.041382 -2.573821 17.203889 0.852166 -2.645732 -20.353582 0.987584 6.434547 6.434547 3.364229 4.050091 10.000000 0.050000 0.030000 1.121410 1.000000 -4.050091 -2.046888 -6.434547 -0.237215 -0.147771 -0.078881 -0.000966 0.030000 0.053395 0.050730 0.039138
34.792804 2.000000 -0.305202 0.599619 -0.020709 0.093824 0.896132 -1.504020 -0.046139 -0.310991 -0.593159 0.022746 0.093357 -0.899884 -1.502031 0.041382 -2.490202 17.075929 0.934648 -2.666080 -20.431106 1.100191 6.433805 6.433805 3.368257 4.054120 10.000000 0.050000 0.030000 1.122752 1.000000 -4.054120 -2.045919 -6.433805 -0.236970 -0.147312 -0.079763 -0.000962 0.030000 0.053388 0.050726 0.039138
34.821466 2.000000 -0.305202 0.599619 -0.020709 0.093836 0.896120 -1.504032 -0.046103 -0.310979 -0.593159 0.022746 0.093369 -0.899895 -1.502019 0.041370 -2.440270 17.172360 1.009121 -2.655838 -20.447749 1.006809 6.449435 6.449435 3.371597 4.057459 10.000000 0.050000 0.030000 1.123866 1.000000 -4.057459 -2.064571 -6.449435 -0.237780 -0.147708 -0.079958 -0.000965 0.030000 0.053392 0.050732 0.039138
34.880240 2.000000 -0.305178 0.599631 -0.020697 0.093836 0.896132 -1.504020 -0.046103 -0.310979 -0.593159 0.022758 0.093357 -0.899872 -1.502031 0.041370 -2.702394 17.258624 0.758125 -2.786079 -20.254085 1.030830 6.422215 6.422215 3.356637 4.042500 10.000000 0.050000 0.030000 1.118879 1.000000 -4.042500 -2.048493 -6.422215 -0.236994 -0.147621 -0.079662 -0.000967 0.030000 0.053400 0.050728 0.039138
34.935238 2.000000 -0.305202 0.599619 -0.020697 0.093848 0.896132 -1.503996 -0.046139 -0.310991 -0.593159 0.022746 0.093369 -0.899884 -1.502019 0.041382 -2.405040 17.176541 1.098257 -2.690273 -20.497027 1.037420 6.468688 6.468688 3.365593 4.051456 10.000000 0.050000 0.030000 1.121864 1.000000 -4.051456 -2.044170 -6.468688 -0.236706 -0.147161 -0.079177 -0.000967 0.030000 0.053393 0.050728 0.039138
34.976438 2.000000 -0.305202 0.599631 -0.020709 0.093813 0.896132 -1.503996 -0.046139 -0.310991 -0.593135 0.022746 0.093369 -0.899895 -1.502019 0.041382 -2.528734 17.017771 0.947005 -2.627667 -20.479203 1.080129 6.435505 6.435505 3.365601 4.051464 10.000000 0.050000 0.030000 1.121867 1.000000 -4.051464 -2.070570 -6.435505 -0.237417 -0.147520 -0.079896 -0.000960 0.030000 0.053385 0.050727 0.039138
35.024240 2.000000 -0.305202 0.599631 -0.020709 0.093836 0.896120 -1.504008 -0.046151 -0.310991 -0.593159 0.022758 0.093369 -0.899907 -1.502007 0.041382 -2.535501 17.310862 0.929679 -2.609172 -20.317093 1.009033 6.446379 6.446379 3.346164 4.032027 10.000000 0.050000 0.030000 1.115388 1.000000 -4.032027 -2.055911 -6.446379 -0.237126 -0.147514 -0.078673 -0.000964 0.030000 0.053390 0.050728 0.039138
35.065785 2.000000 -0.305178 0.599631 -0.020697 0.093813 0.896108 -1.504008 -0.046151 -0.310979 -0.593159 0.022758 0.093357 -0.899884 -1.502019 0.041382 -2.429849 17.098347 1.000338 -2.803173 -20.485494 0.969965 6.424129 6.424129 3.369672 4.055535 10.000000 0.050000 0.030000 1.123224 1.000000 -4.055535 -2.040317 -6.424129 -0.236571 -0.147538 -0.080617 -0.000965 0.030000 0.053391 0.050728 0.039138
35.125735 2.000000 -0.305202 0.599631 -0.020697 0.093836 0.896120 -1.503996 -0.046163 -0.310991 -0.593147 0.022746 0.093369 -0.899872 -1.502007 0.041382 -2.426418 17.245714 0.916646 -2.543151 -20.400424 1.114877 6.428972 6.428972 3.375011 4.060874 10.000000 0.050000 0.030000 1.125004 1.000000 -4.060874 -2.054131 -6.428972 -0.237262 -0.147414 -0.079804 -0.000966 0.030000 0.053390 0.050726 0.039138
35.184330 2.000000 -0.305202 0.599631 -0.020697 0.093813 0.896120 -1.503984 -0.046163 -0.310979 -0.593159 0.022734 0.093369 -0.899895 -1.502019 0.041382 -2.371924 17.201256 1.065896 -2.725705 -20.525173 0.968814 6.440007 6.440007 3.381854 4.067716 10.000000 0.050000 0.030000 1.127285 1.000000 -4.067716 -2.043346 -6.440007 -0.236985 -0.147532 -0.080178 -0.000968 0.030000 0.053384 0.050733 0.039138
35.227048 2.000000 -0.305202 0.599631 -0.020697 0.093813 0.896120 -1.503996 -0.046163 -0.310991 -0.593159 0.022758 0.093369 -0.899884 -1.502019 0.041382 -2.428941 17.149147 1.044879 -2.637363 -20.562096 1.143171 6.429113 6.429113 3.382471 4.068333 10.000000 0.050000 0.030000 1.127490 1.000000 -4.068333 -2.051771 -6.429113 -0.236901 -0.147003 -0.079907 -0.000964 0.030000 0.053385 0.050727 0.039138
35.290271 2.000000 -0.305202 0.599631 -0.020709 0.093801 0.896120 -1.503996 -0.046175 -0.310991 -0.593147 0.022746 0.093357 -0.899895 -1.502007 0.041382 -2.326303 16.872414 0.923602 -2.715079 -20.495159 1.026607 6.429406 6.429406 3.380736 4.066598 10.000000 0.050000 0.030000 1.126912 1.000000 -4.066598 -2.052615 -6.429406 -0.237290 -0.147247 -0.079748 -0.000960 0.030000 0.053381 0.050724 0.039138
35.357942 2.000000 -0.305202 0.599619 -0.020709 0.093824 0.896120 -1.503960 -0.046211 -0.310991 -0.593159 0.022758 0.093369 -0.899895 -1.501995 0.041370 -2.426555 17.183925 1.000029 -2.595918 -20.443867 0.912522 6.435548 6.435548 3.373866 4.059728 10.000000 0.050000 0.030000 1.124622 1.000000 -4.059728 -2.059131 -6.435548 -0.236712 -0.146765 -0.079726 -0.000962 0.030000 0.053382 0.050727 0.039138
35.404439 2.000000 -0.305178 0.599619 -0.020685 0.093801 0.896120 -1.503984 -0.046211 -0.310991 -0.593159 0.022758 0.093369 -0.899884 -1.502007 0.041382 -2.439116 17.229222 0.967721 -2.698126 -20.471122 1.038241 6.433759 6.433759 3.379880 4.065743 10.000000 0.050000 0.030000 1.126627 1.000000 -4.065743 -2.059080 -6.433759 -0.236716 -0.147141 -0.080388 -0.000964 0.030000 0.053386 0.050727 0.039138
35.453339 2.000000 -0.305202 0.599631 -0.020709 0.093801 0.896120 -1.503948 -0.046211 -0.310991 -0.593159 0.022734 0.093369 -0.899872 -1.502019 0.041382 -2.562561 17.189765 0.856912 -2.630097 -20.490160 0.914461 6.425591 6.425591 3.377693 4.063555 10.000000 0.050000 0.030000 1.125898 1.000000 -4.063555 -2.061575 -6.425591 -0.236111 -0.146772 -0.079823 -0.000965 0.030000 0.053377 0.050728 0.039138
35.505007 2.000000 -0.305202 0.599631 -0.020709 0.093801 0.896108 -1.503960 -0.046223 -0.310991 -0.593159 0.022758 0.093357 -0.899884 -1.502007 0.041382 -2.392519 17.053349 0.850583 -2.622725 -20.466321 1.006809 6.414589 6.414589 3.369649 4.055512 10.000000 0.050000 0.030000 1.123216 1.000000 -4.055512 -2.059413 -6.414589 -0.236115 -0.146541 -0.079535 -0.000961 0.030000 0.053377 0.050724 0.039138
35.558572 2.000000 -0.305214 0.599619 -0.020709 0.093789 0.896120 -1.503948 -0.046223 -0.310979 -0.593159 0.022758 0.093369 -0.899884 -1.502007 0.041382 -2.533753 17.052148 0.773935 -2.652026 -20.427852 1.027952 6.402118 6.402118 3.377536 4.063399 10.000000 0.050000 0.030000 1.125845 1.000000 -4.063399 -2.057544 -6.402118 -0.236490 -0.147165 -0.080474 -0.000959 0.030000 0.053370 0.050730 0.039138
35.613593 2.000000 -0.305202 0.599631 -0.020709 0.093789 0.896120 -1.503912 -0.046247 -0.310991 -0.593159 0.022758 0.093357 -0.899884 -1.502007 0.041394 -2.450232 16.963769 0.811213 -2.748389 -20.517959 1.034446 6.423674 6.423674 3.374920 4.060783 10.000000 0.050000 0.030000 1.124973 1.000000 -4.060783 -2.053584 -6.423674 -0.235756 -0.146386 -0.079891 -0.000960 0.030000 0.053371 0.050723 0.039138
35.668979 2.000000 -0.305202 0.599619 -0.020709 0.093789 0.896120 -1.503924 -0.046259 -0.310991 -0.593135 0.022758 0.093357 -0.899884 -1.502019 0.041394 -2.526889 17.092672 0.872042 -2.734329 -20.441631 1.007194 6.416337 6.416337 3.377037 4.062899 10.000000 0.050000 0.030000 1.125679 1.000000 -4.062899 -2.039490 -6.416337 -0.235148 -0.146349 -0.080144 -0.000954 0.030000 0.053371 0.050722 0.039138
35.733026 2.000000 -0.305202 0.599643 -0.020709 0.093777 0.896120 -1.503924 -0.046271 -0.310991 -0.593159 0.022746 0.093369 -0.899895 -1.502007 0.041394 -2.459320 17.255931 1.020872 -2.680827 -20.529533 1.047675 6.395859 6.395859 3.376583 4.062445 10.000000 0.050000 0.030000 1.125528 1.000000 -4.062445 -2.058764 -6.395859 -0.235550 -0.146652 -0.080388 -0.000963 0.030000 0.053370 0.050728 0.039138
35.793197 2.000000 -0.305202 0.599643 -0.020709 0.093789 0.896096 -1.503912 -0.046295 -0.311003 -0.593135 0.022770 0.093345 -0.899884 -1.501995 0.041405 -2.331275 17.158255 1.024886 -2.594932 -20.400833 0.954031 6.428036 6.428036 3.386261 4.072124 10.000000 0.050000 0.030000 1.128754 1.000000 -4.072124 -2.055129 -6.428036 -0.235253 -0.146334 -0.079615 -0.000955 0.030000 0.053370 0.050714 0.039138
35.841642 2.000000 -0.305202 0.599631 -0.020721 0.093789 0.896096 -1.503900 -0.046283 -0.310991 -0.593159 0.022758 0.093369 -0.899884 -1.502007 0.041394 -2.239796 17.120876 0.783602 -2.707576 -20.559249 1.040092 6.420810 6.420810 3.377830 4.063693 10.000000 0.050000 0.030000 1.125943 1.000000 -4.063693 -2.048031 -6.420810 -0.235379 -0.146352 -0.080100 -0.000959 0.030000 0.053367 0.050726 0.039138
35.896740 2.000000 -0.305202 0.599631 -0.020709 0.093789 0.896120 -1.503912 -0.046307 -0.310991 -0.593159 0.022770 0.093357 -0.899872 -1.502007 0.041405 -2.364905 16.999233 0.854516 -2.657800 -20.241039 0.997807 6.436155 6.436155 3.387014 4.072877 10.000000 0.050000 0.030000 1.129005 1.000000 -4.072877 -2.054597 -6.436155 -0.235101 -0.146325 -0.080368 -0.000958 0.030000 0.053370 0.050721 0.039138
35.950665 2.000000 -0.305202 0.599631 -0.020733 0.093765 0.896061 -1.503888 -0.046331 -0.310991 -0.593147 0.022770 0.093369 -0.899895 -1.502007 0.041405 -2.526426 17.141044 0.851976 -2.612452 -20.269611 1.017717 6.421292 6.421292 3.379973 4.065836 10.000000 0.050000 0.030000 1.126658 1.000000 -4.065836 -2.055671 -6.421292 -0.235689 -0.146868 -0.080426 -0.000952 0.030000 0.053357 0.050725 0.039138
35.995234 2.000000 -0.305202 0.599631 -0.020733 0.093777 0.896073 -1.503876 -0.046331 -0.310991 -0.593159 0.022782 0.093357 -0.899860 -1.501995 0.041394 -2.274388 17.319620 0.790681 -2.634987 -20.506208 1.087749 6.424683 6.424683 3.372458 4.058321 10.000000 0.050000 0.030000 1.124153 1.000000 -4.058321 -2.061868 -6.424683 -0.236023 -0.146508 -0.080369 -0.000953 0.030000 0.053360 0.050719 0.039138
36.030418 2.000000 -0.305202 0.599607 -0.020709 0.093777 0.896073 -1.503888 -0.046319 -0.310991 -0.593135 0.022758 0.093345 -0.899884 -1.502007 0.041405 -2.388843 17.314512 0.937044 -2.695437 -20.433865 0.962812 6.423346 6.423346 3.386800 4.072663 10.000000 0.050000 0.030000 1.128933 1.000000 -4.072663 -2.061981 -6.423346 -0.235778 -0.146453 -0.079653 -0.000950 0.030000 0.053361 0.050718 0.039138
36.079713 2.000000 -0.305202 0.599619 -0.020709 0.093777 0.896049 -1.503852 -0.046355 -0.310979 -0.593159 0.022758 0.093357 -0.899895 -1.502007 0.041405 -2.293816 17.159872 0.986014 -2.669121 -20.333474 0.977756 6.401805 6.401805 3.380332 4.066194 10.000000 0.050000 0.030000 1.126777 1.000000 -4.066194 -2.060962 -6.401805 -0.235668 -0.147029 -0.081006 -0.000958 0.030000 0.053357 0.050727 0.039138
36.142477 2.000000 -0.305202 0.599631 -0.020721 0.093777 0.896049 -1.503840 -0.046331 -0.310979 -0.593159 0.022782 0.093369 -0.899884 -1.501995 0.041405 -2.382925 16.917795 0.955387 -2.460279 -20.283559 0.845970 6.416911 6.416911 3.389542 4.075405 10.000000 0.050000 0.030000 1.129847 1.000000 -4.075405 -2.060382 -6.416911 -0.236026 -0.147464 -0.080523 -0.000956 0.030000 0.053357 0.050726 0.039138
36.182662 2.000000 -0.305202 0.599631 -0.020709 0.093765 0.896037 -1.503852 -0.046379 -0.310979 -0.593159 0.022770 0.093369 -0.899884 -1.502007 0.041405 -2.416031 17.095190 0.801471 -2.498905 -20.496937 0.983182 6.419625 6.419625 3.396002 4.081865 10.000000 0.050000 0.030000 1.132001 1.000000 -4.081865 -2.055369 -6.419625 -0.235707 -0.146389 -0.080653 -0.000958 0.030000 0.053354 0.050728 0.039138
36.235057 2.000000 -0.305178 0.599643 -0.020721 0.093741 0.896013 -1.503829 -0.046379 -0.310991 -0.593159 0.022794 0.093357 -0.899884 -1.502019 0.041405 -2.404726 17.304240 1.011769 -2.629896 -20.305203 1.072323 6.414757 6.414757 3.404480 4.090343 10.000000 0.050000 0.030000 1.134827 1.000000 -4.090343 -2.058063 -6.414757 -0.235853 -0.147033 -0.081176 -0.000954 0.030000 0.053353 0.050721 0.039138
36.276205 2.000000 -0.305202 0.599631 -0.020733 0.093753 0.896013 -1.503829 -0.046391 -0.310991 -0.593159 0.022782 0.093357 -0.899872 -1.502007 0.041405 -2.349112 17.078934 1.013789 -2.517798 -20.557667 0.956237 6.427277 6.427277 3.387678 4.073540 10.000000 0.050000 0.030000 1.129226 1.000000 -4.073540 -2.066248 -6.427277 -0.235845 -0.146881 -0.080049 -0.000951 0.030000 0.053347 0.050720 0.039138
36.319384 2.000000 -0.305202 0.599631 -0.020709 0.093741 0.896001 -1.503829 -0.046379 -0.310991 -0.593159 0.022770 0.093357 -0.899884 -1.501995 0.041405 -2.370090 17.301235 0.998056 -2.596227 -20.415538 1.006920 6.424962 6.424962 3.397309 4.083171 10.000000 0.050000 0.030000 1.132436 1.000000 -4.083171 -2.061134 -6.424962 -0.235770 -0.146747 -0.080025 -0.000955 0.030000 0.053346 0.050721 0.039138
36.373541 2.000000 -0.305202 0.599631 -0.020733 0.093741 0.896013 -1.503816 -0.046415 -0.310991 -0.593159 0.022782 0.093357 -0.899884 -1.501983 0.041405 -2.380666 17.004417 0.899802 -2.636178 -20.328888 1.007212 6.420157 6.420157 3.371869 4.057731 10.000000 0.050000 0.030000 1.123956 1.000000 -4.057731 -2.063374 -6.420157 -0.234763 -0.146870 -0.080798 -0.000950 0.030000 0.053343 0.050720 0.039138
36.429589 2.000000 -0.305214 0.599643 -0.020733 0.093753 0.896013 -1.503816 -0.046415 -0.310991 -0.593159 0.022758 0.093357 -0.899872 -1.502007 0.041405 -2.519693 17.251940 0.826771 -2.719339 -20.529645 1.004810 6.403929 6.403929 3.395558 4.081420 10.000000 0.050000 0.030000 1.131853 1.000000 -4.081420 -2.067588 -6.403929 -0.235158 -0.146586 -0.081140 -0.000956 0.030000 0.053343 0.050722 0.039138
36.475644 2.000000 -0.305202 0.599631 -0.020757 0.093741 0.896013 -1.503781 -0.046415 -0.310991 -0.593159 0.022770 0.093369 -0.899884 -1.502007 0.041417 -2.398505 17.122168 0.876923 -2.673646 -20.443064 1.051600 6.422654 6.422654 3.388566 4.074428 10.000000 0.050000 0.030000 1.129522 1.000000 -4.074428 -2.057884 -6.422654 -0.234661 -0.146279 -0.080377 -0.000950 0.030000 0.053339 0.050724 0.039138
36.515657 2.000000 -0.305202 0.599643 -0.020733 0.093753 0.895989 -1.503781 -0.046415 -0.310991 -0.593159 0.022782 0.093357 -0.899872 -1.502007 0.041429 -2.424918 17.073806 0.988701 -2.622965 -20.503335 0.941761 6.399944 6.399944 3.384419 4.070282 10.000000 0.050000 0.030000 1.128140 1.000000 -4.070282 -2.067776 -6.399944 -0.234599 -0.146297 -0.081014 -0.000953 0.030000 0.053343 0.050720 0.039138
36.555805 2.000000 -0.305202 0.599619 -0.020733 0.093741 0.896013 -1.503781 -0.046427 -0.310991 -0.593159 0.022782 0.093369 -0.899895 -1.501995 0.041417 -2.411928 17.156835 0.939574 -2.614484 -20.440908 1.022817 6.428269 6.428269 3.395078 4.080941 10.000000 0.050000 0.030000 1.131693 1.000000 -4.080941 -2.060461 -6.428269 -0.234932 -0.146224 -0.081700 -0.000949 0.030000 0.053339 0.050724 0.039138
36.607984 2.000000 -0.305202 0.599631 -0.020733 0.093741 0.896001 -1.503757 -0.046415 -0.310979 -0.593159 0.022782 0.093369 -0.899884 -1.502007 0.041429 -2.303409 17.165845 0.970380 -2.730079 -20.518648 0.965835 6.404461 6.404461 3.396328 4.082191 10.000000 0.050000 0.030000 1.132109 1.000000 -4.082191 -2.062790 -6.404461 -0.234897 -0.146192 -0.081168 -0.000952 0.030000 0.053339 0.050726 0.039138
36.656251 2.000000 -0.305202 0.599631 -0.020733 0.093729 0.895989 -1.503745 -0.046439 -0.310991 -0.593135 0.022794 0.093357 -0.899872 -1.502007 0.041417 -2.546362 17.244413 0.873048 -2.613730 -20.450970 1.118336 6.423513 6.423513 3.403182 4.089044 10.000000 0.050000 0.030000 1.134394 1.000000 -4.089044 -2.064311 -6.423513 -0.234845 -0.146187 -0.081218 -0.000944 0.030000 0.053334 0.050717 0.039138
36.701737 2.000000 -0.305202 0.599643 -0.020733 0.093741 0.895977 -1.503745 -0.046439 -0.310991 -0.593135 0.022794 0.093369 -0.899884 -1.501995 0.041405 -2.426785 17.167918 0.934688 -2.535924 -20.182132 0.901143 6.418207 6.418207 3.403807 4.089670 10.000000 0.050000 0.030000 1.134602 1.000000 -4.089670 -2.076146 -6.418207 -0.235260 -0.146372 -0.080704 -0.000948 0.030000 0.053337 0.050720 0.039138
36.754390 2.000000 -0.305202 0.599619 -0.020757 0.093753 0.895977 -1.503745 -0.046451 -0.311003 -0.593159 0.022758 0.093357 -0.899872 -1.502007 0.041417 -2.422074 17.364138 1.027881 -2.522921 -20.341251 0.956719 6.403318 6.403318 3.388331 4.074194 10.000000 0.050000 0.030000 1.129444 1.000000 -4.074194 -2.055818 -6.403318 -0.234832 -0.146684 -0.081618 -0.000949 0.030000 0.053335 0.050719 0.039138
36.821988 2.000000 -0.305202 0.599631 -0.020733 0.093741 0.895965 -1.503745 -0.046463 -0.310979 -0.593159 0.022794 0.093357 -0.899872 -1.501995 0.041417 -2.594862 17.218190 0.700525 -2.672377 -20.498053 1.033370 6.408166 6.408166 3.393857 4.079720 10.000000 0.050000 0.030000 1.131286 1.000000 -4.079720 -2.057189 -6.408166 -0.234772 -0.146495 -0.081019 -0.000950 0.030000 0.053335 0.050722 0.039138
36.881417 2.000000 -0.305202 0.599643 -0.020757 0.093741 0.895965 -1.503733 -0.046463 -0.311003 -0.593159 0.022794 0.093369 -0.899872 -1.502007 0.041417 -2.316504 17.299868 0.695323 -2.587863 -20.217970 1.069073 6.416530 6.416530 3.412187 4.098050 10.000000 0.050000 0.030000 1.137396 1.000000 -4.098050 -2.066553 -6.416530 -0.234954 -0.146211 -0.081035 -0.000948 0.030000 0.053333 0.050719 0.039138
36.917238 2.000000 -0.305202 0.599631 -0.020721 0.093729 0.895965 -1.503745 -0.046463 -0.310991 -0.593159 0.022782 0.093357 -0.899872 -1.501995 0.041417 -2.340521 17.077340 0.855217 -2.708304 -20.446438 1.010380 6.416714 6.416714 3.404082 4.089944 10.000000 0.050000 0.030000 1.134694 1.000000 -4.089944 -2.047480 -6.416714 -0.234233 -0.146334 -0.081335 -0.000951 0.030000 0.053333 0.050719 0.039138
36.958328 2.000000 -0.305202 0.599619 -0.020733 0.093705 0.895953 -1.503721 -0.046475 -0.310991 -0.593159 0.022794 0.093369 -0.899884 -1.502019 0.041417 -2.377625 17.136736 0.916218 -2.674877 -20.434829 1.022044 6.406438 6.406438 3.401870 4.087733 10.000000 0.050000 0.030000 1.133957 1.000000 -4.087733 -2.051323 -6.406438 -0.234866 -0.146591 -0.081779 -0.000945 0.030000 0.053323 0.050723 0.039138
36.996930 2.000000 -0.305202 0.599643 -0.020757 0.093729 0.895965 -1.503733 -0.046475 -0.310991 -0.593159 0.022782 0.093357 -0.899884 -1.502007 0.041417 -2.367723 17.223627 1.016464 -2.755284 -20.500595 1.053975 6.431851 6.431851 3.404061 4.089923 10.000000 0.050000 0.030000 1.134687 1.000000 -4.089923 -2.056409 -6.431851 -0.234533 -0.146499 -0.081909 -0.000949 0.030000 0.053330 0.050721 0.039138
37.031296 2.000000 -0.305202 0.599631 -0.020757 0.093717 0.895953 -1.503733 -0.046475 -0.310991 -0.593135 0.022794 0.093369 -0.899884 -1.501983 0.041417 -2.392447 17.100201 0.928886 -2.679229 -20.350027 0.989812 6.411435 6.411435 3.396686 4.082549 10.000000 0.050000 0.030000 1.132229 1.000000 -4.082549 -2.070758 -6.411435 -0.234635 -0.146138 -0.081451 -0.000941 0.030000 0.053326 0.050719 0.039138
37.069595 2.000000 -0.305214 0.599631 -0.020733 0.093705 0.895965 -1.503721 -0.046487 -0.311003 -0.593159 0.022782 0.093369 -0.899884 -1.501995 0.041429 -2.305094 17.127159 0.957134 -2.626256 -20.194727 0.985690 6.397174 6.397174 3.399092 4.084955 10.000000 0.050000 0.030000 1.133031 1.000000 -4.084955 -2.060140 -6.397174 -0.234980 -0.146328 -0.081499 -0.000947 0.030000 0.053322 0.050719 0.039138
37.120303 2.000000 -0.305202 0.599631 -0.020733 0.093717 0.895929 -1.503709 -0.046499 -0.310991 -0.593159 0.022794 0.093357 -0.899872 -1.501995 0.041417 -2.242055 17.113876 0.764449 -2.607208 -20.490210 0.902360 6.396456 6.396456 3.399590 4.085453 10.000000 0.050000 0.030000 1.133197 1.000000 -4.085453 -2.060989 -6.396456 -0.234256 -0.146337 -0.081778 -0.000947 0.030000 0.053325 0.050718 0.039138
37.178388 2.000000 -0.305202 0.599631 -0.020757 0.093717 0.895941 -1.503709 -0.046499 -0.310991 -0.593135 0.022770 0.093357 -0.899872 -1.502007 0.041429 -2.243473 17.105909 1.021422 -2.671405 -20.525208 1.024042 6.423425 6.423425 3.404047 4.089909 10.000000 0.050000 0.030000 1.134682 1.000000 -4.089909 -2.075897 -6.423425 -0.234438 -0.145970 -0.081212 -0.000943 0.030000 0.053323 0.050719 0.039138
37.230840 2.000000 -0.305178 0.599619 -0.020733 0.093717 0.895953 -1.503709 -0.046499 -0.310991 -0.593135 0.022806 0.093357 -0.899884 -1.501995 0.041417 -2.405338 16.953874 0.775090 -2.676986 -20.608025 1.113215 6.418778 6.418778 3.415013 4.100875 10.000000 0.050000 0.030000 1.138338 1.000000 -4.100875 -2.064489 -6.418778 -0.234393 -0.146066 -0.081724 -0.000941 0.030000 0.053331 0.050716 0.039138
37.299937 2.000000 -0.305202 0.599643 -0.020745 0.093717 0.895953 -1.503685 -0.046511 -0.310991 -0.593159 0.022782 0.093369 -0.899884 -1.502007 0.041441 -2.345213 16.942378 0.946555 -2.757303 -20.439560 0.914288 6.402268 6.402268 3.406712 4.092575 10.000000 0.050000 0.030000 1.135571 1.000000 -4.092575 -2.069620 -6.402268 -0.233882 -0.145940 -0.082170 -0.000950 0.030000 0.053324 0.050723 0.039138
37.353670 2.000000 -0.305202 0.599619 -0.020757 0.093705 0.895941 -1.503697 -0.046499 -0.310991 -0.593159 0.022782 0.093369 -0.899872 -1.502007 0.041429 -2.528823 17.218762 0.817289 -2.636237 -20.332473 1.097203 6.408890 6.408890 3.402472 4.088335 10.000000 0.050000 0.030000 1.134157 1.000000 -4.088335 -2.071751 -6.408890 -0.234075 -0.146141 -0.082238 -0.000944 0.030000 0.053319 0.050722 0.039138
37.417132 2.000000 -0.305202 0.599619 -0.020757 0.093681 0.895929 -1.503697 -0.046523 -0.310991 -0.593159 0.022770 0.093369 -0.899860 -1.501995 0.041429 -2.387299 17.311922 0.959023 -2.659848 -20.468694 1.070788 6.395325 6.395325 3.412689 4.098551 10.000000 0.050000 0.030000 1.137563 1.000000 -4.098551 -2.075304 -6.395325 -0.234247 -0.146004 -0.082712 -0.000944 0.030000 0.053312 0.050722 0.039138
37.478430 2.000000 -0.305214 0.599619 -0.020769 0.093693 0.895917 -1.503685 -0.046535 -0.310991 -0.593135 0.022782 0.093357 -0.899872 -1.502007 0.041417 -2.508000 17.250885 0.798922 -2.704250 -20.499243 0.958885 6.389095 6.389095 3.407208 4.093071 10.000000 0.050000 0.030000 1.135736 1.000000 -4.093071 -2.073687 -6.389095 -0.233585 -0.146123 -0.082841 -0.000936 0.030000 0.053309 0.050718 0.039138
37.529418 2.000000 -0.305202 0.599631 -0.020757 0.093693 0.895929 -1.503685 -0.046535 -0.310979 -0.593135 0.022770 0.093369 -0.899884 -1.501995 0.041417 -2.317611 17.213291 0.916019 -2.630724 -20.492588 1.128770 6.392451 6.392451 3.400923 4.086786 10.000000 0.050000 0.030000 1.133641 1.000000 -4.086786 -2.073795 -6.392451 -0.233697 -0.145816 -0.081686 -0.000943 0.030000 0.053315 0.050725 0.039138
37.591949 2.000000 -0.305202 0.599643 -0.020757 0.093681 0.895941 -1.503685 -0.046547 -0.310991 -0.593147 0.022794 0.093369 -0.899884 -1.501995 0.041429 -2.740251 16.932885 0.918539 -2.729233 -20.684601 1.095156 6.407869 6.407869 3.423288 4.109150 10.000000 0.050000 0.030000 1.141096 1.000000 -4.109150 -2.067834 -6.407869 -0.234106 -0.146049 -0.081838 -0.000942 0.030000 0.053314 0.050721 0.039138
37.646005 2.000000 -0.305202 0.599619 -0.020733 0.093693 0.895917 -1.503685 -0.046559 -0.310979 -0.593159 0.022794 0.093369 -0.899860 -1.501995 0.041429 -2.304926 17.159359 0.917704 -2.673712 -20.464748 1.023131 6.411908 6.411908 3.416479 4.102341 10.000000 0.050000 0.030000 1.138826 1.000000 -4.102341 -2.067590 -6.411908 -0.234120 -0.146334 -0.082068 -0.000945 0.030000 0.053315 0.050723 0.039138
37.711781 2.000000 -0.305202 0.599619 -0.020745 0.093681 0.895929 -1.503673 -0.046547 -0.310991 -0.593135 0.022794 0.093357 -0.899872 -1.501983 0.041429 -2.430105 16.848201 0.802087 -2.704447 -20.464898 1.068246 6.412431 6.412431 3.419285 4.105148 10.000000 0.050000 0.030000 1.139762 1.000000 -4.105148 -2.070258 -6.412431 -0.234100 -0.146046 -0.082061 -0.000937 0.030000 0.053311 0.050716 0.039138
37.789486 2.000000 -0.305202 0.599631 -0.020757 0.093693 0.895917 -1.503673 -0.046559 -0.310979 -0.593159 0.022806 0.093357 -0.899860 -1.502007 0.041429 -2.319707 17.271729 1.068922 -2.577862 -20.694678 1.166155 6.398909 6.398909 3.432165 4.118027 10.000000 0.050000 0.030000 1.144055 1.000000 -4.118027 -2.078375 -6.398909 -0.234090 -0.146168 -0.082802 -0.000942 0.030000 0.053313 0.050720 0.039138
37.850826 2.000000 -0.305202 0.599607 -0.020757 0.093681 0.895929 -1.503661 -0.046559 -0.310979 -0.593159 0.022794 0.093369 -0.899884 -1.502007 0.041441 -2.345442 16.850666 0.831729 -2.686657 -20.480688 1.003664 6.396049 6.396049 3.427633 4.113495 10.000000 0.050000 0.030000 1.142544 1.000000 -4.113495 -2.073717 -6.396049 -0.233904 -0.145879 -0.082058 -0.000939 0.030000 0.053308 0.050725 0.039138
37.883970 2.000000 -0.305202 0.599619 -0.020745 0.093669 0.895917 -1.503661 -0.046571 -0.310991 -0.593135 0.022818 0.093357 -0.899884 -1.501995 0.041429 -2.303725 17.257246 0.955284 -2.581983 -20.511785 1.154537 6.383388 6.383388 3.424770 4.110632 10.000000 0.050000 0.030000 1.141590 1.000000 -4.110632 -2.067601 -6.383388 -0.233852 -0.146138 -0.082454 -0.000933 0.030000 0.053307 0.050715 0.039138
37.930142 2.000000 -0.305202 0.599631 -0.020757 0.093669 0.895929 -1.503649 -0.046583 -0.310991 -0.593135 0.022806 0.093369 -0.899872 -1.502007 0.041429 -2.113382 17.081931 0.827619 -2.739159 -20.527700 0.993169 6.398113 6.398113 3.419386 4.105249 10.000000 0.050000 0.030000 1.139795 1.000000 -4.105249 -2.081843 -6.398113 -0.234382 -0.145947 -0.082653 -0.000936 0.030000 0.053306 0.050719 0.039138
37.969246 2.000000 -0.305202 0.599631 -0.020757 0.093669 0.895917 -1.503649 -0.046595 -0.310979 -0.593147 0.022794 0.093357 -0.899872 -1.501983 0.041441 -2.276106 17.194978 0.883131 -2.666416 -20.491219 0.959081 6.396249 6.396249 3.423648 4.109511 10.000000 0.050000 0.030000 1.141216 1.000000 -4.109511 -2.065882 -6.396249 -0.233402 -0.145999 -0.082236 -0.000939 0.030000 0.053305 0.050719 0.039138
38.002211 2.000000 -0.305202 0.599643 -0.020757 0.093669 0.895893 -1.503661 -0.046607 -0.310979 -0.593159 0.022806 0.093369 -0.899872 -1.501995 0.041405 -2.208436 17.128317 0.792118 -2.663463 -20.472862 1.074454 6.386817 6.386817 3.427946 4.113808 10.000000 0.050000 0.030000 1.142649 1.000000 -4.113808 -2.075574 -6.386817 -0.233541 -0.145394 -0.082962 -0.000943 0.030000 0.053305 0.050724 0.039138
38.041100 2.000000 -0.305202 0.599631 -0.020745 0.093669 0.895917 -1.503649 -0.046607 -0.310991 -0.593147 0.022794 0.093369 -0.899872 -1.501995 0.041441 -2.388514 17.060598 0.789679 -2.617415 -20.535922 1.001625 6.397858 6.397858 3.422127 4.107990 10.000000 0.050000 0.030000 1.140709 1.000000 -4.107990 -2.071352 -6.397858 -0.233395 -0.146086 -0.082550 -0.000941 0.030000 0.053306 0.050719 0.039138
38.083488 2.000000 -0.305202 0.599643 -0.020757 0.093681 0.895893 -1.503613 -0.046595 -0.310991 -0.593159 0.022794 0.093369 -0.899872 -1.501983 0.041453 -2.225877 17.114059 0.913383 -2.591769 -20.321506 0.937906 6.393253 6.393253 3.425947 4.111809 10.000000 0.050000 0.030000 1.141982 1.000000 -4.111809 -2.070819 -6.393253 -0.233254 -0.145676 -0.082567 -0.000945 0.030000 0.053306 0.050719 0.039138
38.114900 2.000000 -0.305202 0.599631 -0.020757 0.093657 0.895893 -1.503625 -0.046583 -0.310991 -0.593159 0.022806 0.093357 -0.899884 -1.502007 0.041429 -2.371505 17.035163 0.776840 -2.642132 -20.280246 1.016111 6.388238 6.388238 3.424790 4.110652 10.000000 0.050000 0.030000 1.141597 1.000000 -4.110652 -2.083747 -6.388238 -0.233759 -0.146004 -0.083364 -0.000938 0.030000 0.053300 0.050719 0.039138
38.148015 2.000000 -0.305202 0.599631 -0.020745 0.093669 0.895893 -1.503613 -0.046595 -0.310991 -0.593159 0.022794 0.093357 -0.899884 -1.501995 0.041441 -2.260422 17.163302 0.969525 -2.597612 -20.271838 1.007861 6.405182 6.405182 3.426571 4.112434 10.000000 0.050000 0.030000 1.142190 1.000000 -4.112434 -2.065670 -6.405182 -0.232905 -0.145393 -0.082343 -0.000942 0.030000 0.053303 0.050718 0.039138
38.183192 2.000000 -0.305202 0.599619 -0.020757 0.093669 0.895893 -1.503589 -0.046607 -0.310991 -0.593159 0.022806 0.093357 -0.899872 -1.501995 0.041465 -2.240411 17.124792 0.919870 -2.616258 -20.382988 0.996063 6.379041 6.379041 3.431385 4.117247 10.000000 0.050000 0.030000 1.143795 1.000000 -4.117247 -2.087324 -6.379041 -0.233652 -0.145607 -0.082964 -0.000937 0.030000 0.053299 0.050716 0.039138
38.208275 2.000000 -0.305178 0.599631 -0.020757 0.093669 0.895881 -1.503613 -0.046619 -0.310991 -0.593159 0.022806 0.093357 -0.899872 -1.501983 0.041453 -2.279034 17.222692 0.841170 -2.650567 -20.415304 1.008086 6.387191 6.387191 3.425916 4.111779 10.000000 0.050000 0.030000 1.141972 1.000000 -4.111779 -2.071561 -6.387191 -0.232721 -0.145765 -0.083321 -0.000941 0.030000 0.053307 0.050716 0.039138
38.229956 2.000000 -0.305202 0.599643 -0.020757 0.093645 0.895881 -1.503601 -0.046607 -0.310991 -0.593147 0.022806 0.093369 -0.899872 -1.502007 0.041441 -2.288550 17.116312 0.945179 -2.721929 -20.392854 1.011039 6.410804 6.410804 3.432328 4.118190 10.000000 0.050000 0.030000 1.144109 1.000000 -4.118190 -2.077072 -6.410804 -0.233120 -0.145935 -0.082768 -0.000938 0.030000 0.053296 0.050719 0.039138
38.250289 2.000000 -0.305202 0.599643 -0.020757 0.093657 0.895881 -1.503577 -0.046619 -0.310991 -0.593159 0.022818 0.093369 -0.899872 -1.501983 0.041441 -2.241806 17.090842 0.897582 -2.649097 -20.365140 0.953549 6.398605 6.398605 3.430686 4.116548 10.000000 0.050000 0.030000 1.143562 1.000000 -4.116548 -2.088624 -6.398605 -0.233810 -0.145928 -0.083384 -0.000940 0.030000 0.053297 0.050718 0.039138
38.278507 2.000000 -0.305202 0.599631 -0.020769 0.093657 0.895881 -1.503589 -0.046631 -0.310991 -0.593159 0.022794 0.093357 -0.899884 -1.502007 0.041453 -2.357174 17.165801 0.898403 -2.637880 -20.352028 1.031229 6.394439 6.394439 3.418779 4.104641 10.000000 0.050000 0.030000 1.139593 1.000000 -4.104641 -2.086050 -6.394439 -0.233180 -0.145898 -0.083524 -0.000938 0.030000 0.053295 0.050719 0.039138
38.314461 2.000000 -0.305202 0.599631 -0.020757 0.093645 0.895881 -1.503577 -0.046631 -0.310991 -0.593159 0.022806 0.093357 -0.899872 -1.501983 0.041441 -2.306688 16.945330 0.914142 -2.600433 -20.314980 1.082136 6.403814 6.403814 3.431388 4.117251 10.000000 0.050000 0.030000 1.143796 1.000000 -4.117251 -2.063383 -6.403814 -0.233184 -0.145646 -0.083364 -0.000937 0.030000 0.053293 0.050716 0.039138
38.347109 2.000000 -0.305178 0.599631 -0.020745 0.093633 0.895857 -1.503589 -0.046631 -0.310991 -0.593159 0.022806 0.093357 -0.899860 -1.501995 0.041453 -2.322250 17.138135 0.926497 -2.642112 -20.413938 0.988864 6.413256 6.413256 3.426205 4.112068 10.000000 0.050000 0.030000 1.142068 1.000000 -4.112068 -2.071595 -6.413256 -0.233420 -0.146449 -0.083077 -0.000940 0.030000 0.053297 0.050716 0.039138
38.375958 2.000000 -0.305202 0.599631 -0.020745 0.093645 0.895845 -1.503589 -0.046631 -0.310991 -0.593159 0.022806 0.093357 -0.899884 -1.501995 0.041429 -2.303978 17.060353 0.903106 -2.644230 -20.454741 1.031361 6.391495 6.391495 3.430340 4.116203 10.000000 0.050000 0.030000 1.143447 1.000000 -4.116203 -2.069043 -6.391495 -0.233353 -0.145599 -0.083593 -0.000939 0.030000 0.053293 0.050718 0.039138
38.396610 2.000000 -0.305202 0.599643 -0.020757 0.093645 0.895857 -1.503589 -0.046643 -0.310979 -0.593159 0.022806 0.093357 -0.899872 -1.501995 0.041441 -2.329078 17.304250 0.949737 -2.638750 -20.432690 0.984884 6.397472 6.397472 3.442488 4.128351 10.000000 0.050000 0.030000 1.147496 1.000000 -4.128351 -2.091735 -6.397472 -0.233898 -0.145861 -0.083890 -0.000940 0.030000 0.053293 0.050720 0.039138
38.417848 2.000000 -0.305202 0.599631 -0.020757 0.093657 0.895857 -1.503577 -0.046643 -0.310991 -0.593147 0.022818 0.093369 -0.899872 -1.501983 0.041441 -2.319287 17.139242 0.999041 -2.563079 -20.332961 1.009713 6.378474 6.378474 3.416873 4.102736 10.000000 0.050000 0.030000 1.138958 1.000000 -4.102736 -2.083642 -6.378474 -0.233882 -0.146150 -0.082378 -0.000936 0.030000 0.053294 0.050717 0.039138
38.446472 2.000000 -0.305202 0.599619 -0.020757 0.093633 0.895869 -1.503589 -0.046655 -0.310991 -0.593159 0.022806 0.093357 -0.899860 -1.501983 0.041453 -2.403036 16.924396 0.811645 -2.630238 -20.525495 0.994469 6.411041 6.411041 3.438180 4.124043 10.000000 0.050000 0.030000 1.146060 1.000000 -4.124043 -2.069867 -6.411041 -0.233344 -0.145660 -0.082770 -0.000935 0.030000 0.053289 0.050715 0.039138
38.481757 2.000000 -0.305202 0.599631 -0.020769 0.093657 0.895869 -1.503577 -0.046643 -0.310991 -0.593159 0.022806 0.093357 -0.899884 -1.502007 0.041441 -2.295941 17.098007 0.896341 -2.599220 -20.278646 0.959640 6.402901 6.402901 3.435150 4.121012 10.000000 0.050000 0.030000 1.145050 1.000000 -4.121012 -2.067619 -6.402901 -0.233227 -0.145820 -0.083860 -0.000937 0.030000 0.053294 0.050718 0.039138
38.514465 2.000000 -0.305202 0.599631 -0.020757 0.093645 0.895845 -1.503589 -0.046655 -0.310991 -0.593147 0.022806 0.093357 -0.899872 -1.501983 0.041441 -2.311135 17.145960 1.008313 -2.588614 -20.377872 0.982059 6.388842 6.388842 3.425060 4.110922 10.000000 0.050000 0.030000 1.141687 1.000000 -4.110922 -2.081174 -6.388842 -0.233456 -0.145999 -0.081876 -0.000936 0.030000 0.053291 0.050715 0.039138
38.545557 2.000000 -0.305202 0.599619 -0.020733 0.093669 0.895845 -1.503577 -0.046655 -0.310991 -0.593147 0.022806 0.093357 -0.899872 -1.501995 0.041441 -2.341395 17.284812 0.908444 -2.616207 -20.299871 0.972000 6.410863 6.410863 3.446649 4.132512 10.000000 0.050000 0.030000 1.148883 1.000000 -4.132512 -2.079155 -6.410863 -0.233420 -0.145554 -0.082832 -0.000939 0.030000 0.053297 0.050716 0.039138
38.578174 2.000000 -0.305202 0.599631 -0.020757 0.093645 0.895845 -1.503577 -0.046643 -0.310991 -0.593159 0.022818 0.093357 -0.899872 -1.501983 0.041453 -2.330667 17.286880 1.012327 -2.705714 -20.435622 0.935058 6.400791 6.400791 3.451197 4.137060 10.000000 0.050000 0.030000 1.150399 1.000000 -4.137060 -2.079859 -6.400791 -0.232891 -0.145483 -0.083689 -0.000936 0.030000 0.053291 0.050715 0.039138
38.613644 2.000000 -0.305202 0.599631 -0.020769 0.093621 0.895857 -1.503577 -0.046655 -0.310991 -0.593159 0.022806 0.093345 -0.899872 -1.501971 0.041441 -2.316424 16.863906 0.973103 -2.469439 -20.405169 0.972184 6.387591 6.387591 3.422495 4.108358 10.000000 0.050000 0.030000 1.140832 1.000000 -4.108358 -2.087398 -6.387591 -0.233370 -0.145550 -0.083367 -0.000933 0.030000 0.053285 0.050713 0.039138
38.648504 2.000000 -0.305202 0.599655 -0.020757 0.093645 0.895845 -1.503553 -0.046643 -0.310991 -0.593147 0.022806 0.093357 -0.899872 -1.501983 0.041429 -2.223768 17.202829 0.820001 -2.590730 -20.458975 1.015709 6.396808 6.396808 3.440800 4.126663 10.000000 0.050000 0.030000 1.146933 1.000000 -4.126663 -2.067833 -6.396808 -0.233117 -0.145621 -0.082970 -0.000940 0.030000 0.053292 0.050716 0.039138
38.682714 2.000000 -0.305202 0.599631 -0.020757 0.093645 0.895833 -1.503577 -0.046655 -0.310979 -0.593159 0.022806 0.093357 -0.899872 -1.502007 0.041453 -2.286498 16.870713 0.861962 -2.649431 -20.512375 0.988266 6.400530 6.400530 3.441974 4.127837 10.000000 0.050000 0.030000 1.147325 1.000000 -4.127837 -2.082275 -6.400530 -0.233362 -0.145585 -0.082971 -0.000938 0.030000 0.053290 0.050720 0.039138
38.726793 2.000000 -0.305202 0.599631 -0.020757 0.093657 0.895833 -1.503577 -0.046643 -0.310991 -0.593159 0.022818 0.093369 -0.899860 -1.501995 0.041453 -2.288397 17.173113 0.939163 -2.627249 -20.500292 1.031768 6.407682 6.407682 3.434369 4.120231 10.000000 0.050000 0.030000 1.144790 1.000000 -4.120231 -2.073935 -6.407682 -0.232697 -0.145662 -0.083134 -0.000938 0.030000 0.053293 0.050717 0.039138
38.775829 2.000000 -0.305202 0.599631 -0.020757 0.093645 0.895833 -1.503553 -0.046655 -0.311003 -0.593159 0.022818 0.093357 -0.899884 -1.501995 0.041453 -2.296467 17.044963 0.931660 -2.634309 -20.480286 1.057899 6.395922 6.395922 3.428942 4.114805 10.000000 0.050000 0.030000 1.142981 1.000000 -4.114805 -2.073934 -6.395922 -0.233361 -0.146076 -0.083310 -0.000935 0.030000 0.053289 0.050713 0.039138
38.811672 2.000000 -0.305202 0.599643 -0.020757 0.093645 0.895857 -1.503553 -0.046655 -0.310991 -0.593159 0.022806 0.093357 -0.899872 -1.501995 0.041465 -2.298249 17.206926 0.905761 -2.735071 -20.482518 1.037801 6.388888 6.388888 3.425704 4.111566 10.000000 0.050000 0.030000 1.141901 1.000000 -4.111566 -2.066293 -6.388888 -0.232785 -0.145305 -0.082512 -0.000939 0.030000 0.053291 0.050716 0.039138
38.870088 2.000000 -0.305202 0.599631 -0.020757 0.093657 0.895821 -1.503565 -0.046655 -0.310991 -0.593159 0.022794 0.093357 -0.899860 -1.501995 0.041441 -2.325576 17.093652 0.943043 -2.630745 -20.659174 0.928384 6.396723 6.396723 3.434010 4.119873 10.000000 0.050000 0.030000 1.144670 1.000000 -4.119873 -2.072289 -6.396723 -0.232984 -0.145920 -0.083363 -0.000940 0.030000 0.053291 0.050717 0.039138
38.935566 2.000000 -0.305202 0.599631 -0.020769 0.093633 0.895809 -1.503577 -0.046655 -0.310991 -0.593159 0.022806 0.093369 -0.899884 -1.501995 0.041453 -2.157436 17.163875 0.701944 -2.687842 -20.481499 1.053583 6.380394 6.380394 3.429072 4.114934 10.000000 0.050000 0.030000 1.143024 1.000000 -4.114934 -2.084342 -6.380394 -0.232443 -0.145736 -0.083258 -0.000936 0.030000 0.053285 0.050720 0.039138
38.983091 2.000000 -0.305202 0.599631 -0.020757 0.093621 0.895833 -1.503565 -0.046655 -0.310991 -0.593159 0.022818 0.093357 -0.899860 -1.501983 0.041453 -2.185486 17.267905 0.665684 -2.588874 -20.438501 1.037658 6.404545 6.404545 3.452981 4.138844 10.000000 0.050000 0.030000 1.150994 1.000000 -4.138844 -2.084909 -6.404545 -0.232464 -0.145564 -0.083975 -0.000934 0.030000 0.053284 0.050714 0.039138
39.026543 2.000000 -0.305202 0.599631 -0.020757 0.093633 0.895845 -1.503565 -0.046655 -0.310991 -0.593159 0.022818 0.093369 -0.899884 -1.501995 0.041453 -2.229227 16.989183 0.771635 -2.596740 -20.285106 0.973806 6.414006 6.414006 3.435513 4.121376 10.000000 0.050000 0.030000 1.145171 1.000000 -4.121376 -2.073052 -6.414006 -0.232561 -0.145806 -0.083900 -0.000936 0.030000 0.053287 0.050719 0.039138
39.071000 2.000000 -0.305202 0.599631 -0.020757 0.093645 0.895809 -1.503553 -0.046655 -0.310991 -0.593159 0.022818 0.093357 -0.899872 -1.501971 0.041441 -2.241503 17.136767 0.892664 -2.551940 -20.305680 0.916869 6.388970 6.388970 3.425684 4.111547 10.000000 0.050000 0.030000 1.141895 1.000000 -4.111547 -2.088441 -6.388970 -0.232535 -0.145495 -0.083831 -0.000936 0.030000 0.053287 0.050715 0.039138
39.107814 2.000000 -0.305202 0.599619 -0.020757 0.093633 0.895821 -1.503553 -0.046667 -0.310991 -0.593159 0.022806 0.093357 -0.899884 -1.501995 0.041465 -2.301885 17.052524 0.795977 -2.493565 -20.255482 1.015191 6.401384 6.401384 3.440254 4.126116 10.000000 0.050000 0.030000 1.146751 1.000000 -4.126116 -2.064884 -6.401384 -0.232211 -0.145821 -0.083867 -0.000935 0.030000 0.053284 0.050717 0.039138
39.188744 2.000000 -0.305202 0.599631 -0.020757 0.093645 0.895821 -1.503553 -0.046667 -0.310979 -0.593147 0.022818 0.093357 -0.899872 -1.501995 0.041453 -2.333872 17.216715 1.064181 -2.600919 -20.271927 0.917281 6.395072 6.395072 3.446613 4.132475 10.000000 0.050000 0.030000 1.148871 1.000000 -4.132475 -2.059198 -6.395072 -0.232468 -0.145556 -0.083478 -0.000935 0.030000 0.053288 0.050718 0.039138
39.237989 2.000000 -0.305202 0.599631 -0.020757 0.093621 0.895845 -1.503541 -0.046667 -0.310991 -0.593159 0.022818 0.093357 -0.899884 -1.501995 0.041441 -2.505103 17.204517 0.816870 -2.588539 -20.228268 0.969255 6.393339 6.393339 3.450022 4.135885 10.000000 0.050000 0.030000 1.150007 1.000000 -4.135885 -2.078430 -6.393339 -0.232854 -0.145985 -0.083835 -0.000934 0.030000 0.053283 0.050717 0.039138
39.279974 2.000000 -0.305202 0.599619 -0.020757 0.093645 0.895821 -1.503541 -0.046667 -0.310991 -0.593159 0.022818 0.093369 -0.899872 -1.501995 0.041441 -2.425274 17.319338 0.949831 -2.628718 -20.243229 1.036872 6.401828 6.401828 3.446612 4.132474 10.000000 0.050000 0.030000 1.148871 1.000000 -4.132474 -2.088152 -6.401828 -0.232577 -0.145695 -0.084490 -0.000935 0.030000 0.053286 0.050719 0.039138
39.350436 2.000000 -0.305202 0.599619 -0.020757 0.093609 0.895809 -1.503517 -0.046667 -0.310991 -0.593159 0.022806 0.093345 -0.899872 -1.501971 0.041453 -2.297820 17.076576 0.800430 -2.717868 -20.546168 1.023466 6.403341 6.403341 3.441480 4.127343 10.000000 0.050000 0.030000 1.147160 1.000000 -4.127343 -2.078949 -6.403341 -0.232533 -0.145456 -0.083631 -0.000932 0.030000 0.053276 0.050712 0.039138
39.391867 2.000000 -0.305214 0.599631 -0.020757 0.093609 0.895821 -1.503529 -0.046667 -0.310991 -0.593159 0.022818 0.093357 -0.899884 -1.501983 0.041453 -2.275196 17.006689 0.831193 -2.565918 -20.580300 0.944856 6.399343 6.399343 3.444513 4.130375 10.000000 0.050000 0.030000 1.148171 1.000000 -4.130375 -2.064444 -6.399343 -0.232674 -0.145485 -0.084698 -0.000933 0.030000 0.053275 0.050716 0.039138
39.435075 2.000000 -0.305202 0.599643 -0.020757 0.093585 0.895797 -1.503517 -0.046691 -0.310991 -0.593159 0.022818 0.093369 -0.899884 -1.501995 0.041453 -2.362006 17.244951 0.744280 -2.573857 -20.471299 0.962669 6.412739 6.412739 3.437871 4.123734 10.000000 0.050000 0.030000 1.145957 1.000000 -4.123734 -2.075792 -6.412739 -0.232859 -0.145824 -0.084355 -0.000934 0.030000 0.053271 0.050719 0.039138
39.470719 2.000000 -0.305202 0.599619 -0.020745 0.093621 0.895797 -1.503517 -0.046679 -0.310991 -0.593147 0.022818 0.093369 -0.899884 -1.501983 0.041453 -2.235201 17.039071 0.778902 -2.546463 -20.471377 1.050249 6.380379 6.380379 3.455956 4.141819 10.000000 0.050000 0.030000 1.151985 1.000000 -4.141819 -2.080138 -6.380379 -0.232696 -0.145804 -0.085029 -0.000933 0.030000 0.053279 0.050717 0.039138
39.530437 2.000000 -0.305202 0.599619 -0.020745 0.093609 0.895797 -1.503517 -0.046679 -0.310991 -0.593147 0.022830 0.093369 -0.899872 -1.501995 0.041453 -2.250913 17.140207 0.813069 -2.696858 -20.480965 0.964251 6.391870 6.391870 3.446552 4.132414 10.000000 0.050000 0.030000 1.148851 1.000000 -4.132414 -2.093924 -6.391870 -0.232512 -0.145585 -0.084504 -0.000930 0.030000 0.053276 0.050716 0.039138
39.573104 2.000000 -0.305202 0.599643 -0.020781 0.093597 0.895809 -1.503517 -0.046703 -0.310991 -0.593159 0.022830 0.093357 -0.899872 -1.501995 0.041453 -2.296861 17.122100 0.931079 -2.621036 -20.340035 0.990454 6.399467 6.399467 3.453503 4.139366 10.000000 0.050000 0.030000 1.151168 1.000000 -4.139366 -2.084897 -6.399467 -0.232684 -0.145759 -0.085056 -0.000930 0.030000 0.053272 0.050715 0.039138
39.621080 2.000000 -0.305202 0.599643 -0.020757 0.093585 0.895797 -1.503505 -0.046715 -0.310979 -0.593159 0.022818 0.093369 -0.899872 -1.501983 0.041441 -2.213225 17.171799 0.956114 -2.610109 -20.473850 1.031596 6.397645 6.397645 3.455213 4.141076 10.000000 0.050000 0.030000 1.151738 1.000000 -4.141076 -2.081762 -6.397645 -0.231897 -0.145374 -0.084331 -0.000935 0.030000 0.053270 0.050721 0.039138
39.687903 2.000000 -0.305202 0.599631 -0.020769 0.093609 0.895797 -1.503505 -0.046679 -0.310991 -0.593159 0.022794 0.093357 -0.899872 -1.501983 0.041441 -2.336980 17.071424 0.788753 -2.590285 -20.224233 0.950730 6.406538 6.406538 3.451915 4.137778 10.000000 0.050000 0.030000 1.150638 1.000000 -4.137778 -2.075460 -6.406538 -0.231714 -0.145148 -0.084112 -0.000935 0.030000 0.053274 0.050717 0.039138
39.745704 2.000000 -0.305202 0.599619 -0.020757 0.093585 0.895797 -1.503505 -0.046691 -0.310991 -0.593159 0.022818 0.093369 -0.899872 -1.501983 0.041441 -2.334371 17.124345 0.980236 -2.533214 -20.393118 0.891148 6.400229 6.400229 3.447763 4.133626 10.000000 0.050000 0.030000 1.149254 1.000000 -4.133626 -2.072666 -6.400229 -0.232029 -0.145458 -0.085395 -0.000931 0.030000 0.053269 0.050718 0.039138
39.797036 2.000000 -0.305202 0.599619 -0.020757 0.093585 0.895809 -1.503505 -0.046703 -0.310991 -0.593159 0.022830 0.093357 -0.899872 -1.501995 0.041453 -2.073999 16.977732 0.736750 -2.613912 -20.596577 1.093750 6.374790 6.374790 3.441428 4.127290 10.000000 0.050000 0.030000 1.147143 1.000000 -4.127290 -2.073490 -6.374790 -0.231486 -0.145664 -0.085042 -0.000928 0.030000 0.053269 0.050715 0.039138
39.855481 2.000000 -0.305202 0.599619 -0.020745 0.093585 0.895809 -1.503505 -0.046691 -0.310991 -0.593159 0.022830 0.093369 -0.899884 -1.501983 0.041441 -2.339236 17.170133 0.908123 -2.718853 -20.451738 0.953917 6.384573 6.384573 3.449392 4.135254 10.000000 0.050000 0.030000 1.149797 1.000000 -4.135254 -2.080349 -6.384573 -0.232160 -0.145384 -0.084652 -0.000930 0.030000 0.053270 0.050718 0.039138
39.911199 2.000000 -0.305202 0.599631 -0.020769 0.093573 0.895785 -1.503505 -0.046715 -0.310991 -0.593159 0.022818 0.093369 -0.899872 -1.501995 0.041465 -2.215668 17.022502 0.785768 -2.646549 -20.534022 1.045404 6.382773 6.382773 3.442541 4.128403 10.000000 0.050000 0.030000 1.147514 1.000000 -4.128403 -2.084535 -6.382773 -0.231338 -0.145339 -0.084441 -0.000930 0.030000 0.053265 0.050718 0.039138
39.975677 2.000000 -0.305202 0.599631 -0.020769 0.093585 0.895797 -1.503505 -0.046703 -0.310991 -0.593159 0.022818 0.093357 -0.899884 -1.501995 0.041441 -2.309833 16.835017 0.780525 -2.646678 -20.477070 1.083274 6.385528 6.385528 3.459281 4.145144 10.000000 0.050000 0.030000 1.153094 1.000000 -4.145144 -2.089885 -6.385528 -0.231821 -0.145337 -0.085009 -0.000930 0.030000 0.053268 0.050717 0.039138
40.014745 2.000000 -0.305178 0.599631 -0.020757 0.093585 0.895809 -1.503493 -0.046715 -0.310991 -0.593159 0.022830 0.093345 -0.899872 -1.501995 0.041453 -2.262589 17.125165 0.886841 -2.667944 -20.528769 0.981794 6.397796 6.397796 3.455193 4.141056 10.000000 0.050000 0.030000 1.151731 1.000000 -4.141056 -2.094255 -6.397796 -0.232064 -0.145466 -0.084900 -0.000930 0.030000 0.053275 0.050712 0.039138
# 记录总帧数: 832
