# SIFR双臂协作搬运实验数据（力传感器版本，对比实验）
# 方法: SIFR (Static Internal Force Regulation, 期望内力固定)
# 力传感器: 共享内存 6_axis_force_shm
# 时间: 2026-09-10 21:42:43.645402
# 阶段: MOVE=10.0s, GRASP=10.0s, TEST=20.0s
# 参数: F_fixed=8.0, mu=0.3, m_object=1.0
# 列: time phase(0=MOVE,1=GRASP,2=TEST) left_q(7) right_q(7) left_gmo_F(3) right_gmo_F(3) force_left_normal F_I_est(内力估计,N) F_E_gmo(GMO外力,N) F_E_sensor(传感器外力,N) F_I_des(=F_fixed) delta(滑动位移) delta_roll(肩roll偏移) fc(摩擦锥裕度) sifr_active(始终0) force_left_6dof(6)
#================================================================================
0.003506 0.000000 0.057980 0.108038 -0.087041 1.035928 1.043119 -0.368299 -0.012248 0.160109 0.030907 0.119207 1.069113 -1.019486 -0.909027 0.021679 0.165959 0.046167 0.525013 -0.075834 0.032121 0.516808 0.005558 0.005558 -0.011975 -0.011975 8.000000 0.000000 0.000000 0.000000 0.000000 0.011975 0.006431 -0.005558 0.000188 0.000363 0.000630
0.030866 0.000000 0.057968 0.108062 -0.087089 1.035916 1.043119 -0.368299 -0.012272 0.160097 0.030931 0.119195 1.069113 -1.019498 -0.909015 0.021691 -0.102496 0.459386 4.533970 0.102634 0.211421 3.880229 0.018254 0.018254 0.008548 0.008548 8.000000 0.000000 0.000000 0.000000 0.000000 -0.008548 -0.012211 -0.018254 0.000164 0.000237 -0.000622
0.047864 0.000000 0.057968 0.108074 -0.087089 1.035904 1.043095 -0.368287 -0.012272 0.160109 0.030931 0.119195 1.069137 -1.019510 -0.909015 0.021691 -0.087793 0.469485 6.048014 0.017406 0.236308 5.139420 0.024357 0.024357 0.021533 0.021533 8.000000 0.000000 0.000000 0.000000 0.000000 -0.021533 -0.004851 -0.024357 -0.000118 0.000144 -0.000295
0.070508 0.000000 0.057980 0.108074 -0.087089 1.035928 1.043119 -0.368299 -0.012260 0.160085 0.030931 0.119171 1.069125 -1.019498 -0.909015 0.021691 -0.324841 0.616392 7.594816 0.335802 0.451308 6.433457 0.007756 0.007756 0.000827 0.000827 8.000000 0.000000 0.000000 0.000000 0.000000 -0.000827 -0.012005 -0.007756 -0.000617 0.000029 0.000266
0.096156 0.000000 0.057992 0.108074 -0.087077 1.035928 1.043107 -0.368287 -0.012272 0.160109 0.030907 0.119207 1.069125 -1.019510 -0.908992 0.021691 -0.217852 0.917245 8.761856 0.284613 0.379797 7.340949 0.008122 0.008122 -0.005353 -0.005353 8.000000 0.000000 0.000000 0.000000 0.000000 0.005353 0.007677 -0.008122 -0.000297 -0.000244 0.000386
0.128565 0.000000 0.057968 0.108062 -0.087065 1.035928 1.043071 -0.368287 -0.012260 0.160109 0.030907 0.119219 1.069113 -1.019522 -0.909027 0.021679 0.032883 0.731378 9.449977 0.262479 0.137671 7.911644 -0.010799 0.000000 0.003711 0.003711 8.000000 0.000000 0.000000 0.000000 0.000000 -0.003711 0.002535 0.010799 0.000104 0.000317 -0.000080
0.160384 0.000000 0.057968 0.108002 -0.087089 1.035928 1.043071 -0.368287 -0.012260 0.160109 0.030931 0.119219 1.069113 -1.019486 -0.909015 0.021667 -0.345618 0.669181 10.001427 0.368771 0.630606 8.595224 0.018132 0.018132 -0.002957 -0.002957 8.000000 0.000000 0.000000 0.000000 0.000000 0.002957 -0.005654 -0.018132 -0.000262 0.000467 0.000206
0.187095 0.000000 0.057968 0.108014 -0.087053 1.035916 1.043119 -0.368299 -0.012260 0.160085 0.030907 0.119219 1.069113 -1.019534 -0.909015 0.021691 -0.039010 0.771713 9.851477 0.450340 0.493714 8.606897 0.008000 0.008000 0.004687 0.004687 8.000000 0.000000 0.000000 0.000000 0.000000 -0.004687 -0.002058 -0.008000 -0.000050 0.000187 -0.000284
0.214338 0.000000 0.057992 0.108110 -0.087089 1.035928 1.043107 -0.368299 -0.012236 0.160085 0.030931 0.119243 1.069125 -1.019486 -0.909015 0.021679 -0.277525 0.988002 10.197619 0.498329 0.278356 8.730490 0.000432 0.000432 -0.009412 -0.009412 8.000000 0.000000 0.000000 0.000000 0.000000 0.009412 0.008713 -0.000432 0.000005 0.000003 0.000242
0.243624 0.000000 0.057968 0.108098 -0.087077 1.035928 1.043095 -0.368311 -0.012248 0.160109 0.030931 0.119195 1.069113 -1.019498 -0.909015 0.021679 -0.047450 0.684926 10.213927 0.342559 0.595433 8.986907 -0.003841 0.000000 0.002231 0.002231 8.000000 0.000000 0.000000 0.000000 0.000000 -0.002231 -0.003849 0.003841 -0.000058 0.000064 0.000012
0.273810 0.000000 0.057980 0.108050 -0.087089 1.035928 1.043107 -0.368287 -0.012260 0.160085 0.030931 0.119219 1.069113 -1.019486 -0.909015 0.021679 -0.156259 0.820560 10.134565 0.365692 0.380206 8.958430 0.031071 0.031071 0.013553 0.013553 8.000000 0.000000 0.000000 0.000000 0.000000 -0.013553 -0.001780 -0.031071 -0.000337 -0.000127 0.000586
0.296057 0.000000 0.057980 0.108026 -0.087077 1.035928 1.043119 -0.368287 -0.012248 0.159870 0.030931 0.119219 1.069556 -1.019522 -0.908980 0.021679 0.108068 0.813631 9.760484 0.318868 0.369159 9.013569 0.012516 0.012516 0.001346 0.001346 8.000000 0.000000 0.000000 0.000000 0.000000 -0.001346 0.001077 -0.012516 -0.000287 0.000145 0.000156
0.320485 0.000000 0.057980 0.108026 -0.087065 1.035904 1.043119 -0.368299 -0.012248 0.159822 0.030943 0.119219 1.069616 -1.019510 -0.909027 0.021679 0.035887 0.853829 10.037202 0.324248 0.541255 9.281089 -0.004207 0.000000 0.010394 0.010394 8.000000 0.000000 0.000000 0.000000 0.000000 -0.010394 -0.002833 0.004207 0.000157 0.000182 -0.000013
0.342653 0.000000 0.057992 0.108002 -0.087089 1.035904 1.043095 -0.368299 -0.012260 0.159786 0.030919 0.119195 1.069664 -1.019486 -0.909063 0.021691 0.053387 0.919509 10.080199 0.205083 0.408017 9.489266 0.019108 0.019108 0.017688 0.017688 8.000000 0.000000 0.000000 0.000000 0.000000 -0.017688 -0.024039 -0.019108 -0.000367 0.000106 -0.000656
0.368640 0.000000 0.057968 0.108038 -0.087053 1.035928 1.043071 -0.368299 -0.012248 0.159534 0.030931 0.119195 1.070060 -1.019498 -0.909015 0.021679 -0.143822 0.821470 10.293310 0.312063 0.339388 9.457655 0.013615 0.013615 0.019473 0.019473 8.000000 0.000000 0.000000 0.000000 0.000000 -0.019473 -0.016966 -0.013615 -0.000218 0.000188 -0.000703
0.399954 0.000000 0.057980 0.108062 -0.087065 1.035928 1.043095 -0.368299 -0.012260 0.159534 0.030931 0.119195 1.070083 -1.019462 -0.909027 0.021679 -0.087754 0.707007 10.084501 0.413359 0.289735 9.460053 0.017277 0.017277 -0.003644 -0.003644 8.000000 0.000000 0.000000 0.000000 0.000000 0.003644 0.002289 -0.017277 0.000335 0.000076 0.000820
0.429462 0.000000 0.057992 0.108038 -0.087089 1.035928 1.043095 -0.368287 -0.012260 0.159510 0.030931 0.119219 1.070083 -1.019450 -0.909015 0.021703 -0.026883 0.756072 10.155218 0.370318 0.489684 9.460080 0.003972 0.003972 -0.002805 -0.002805 8.000000 0.000000 0.000000 0.000000 0.000000 0.002805 -0.000880 -0.003972 -0.000206 -0.000106 -0.000394
0.454117 0.000000 0.057992 0.108110 -0.087077 1.035928 1.043083 -0.368299 -0.012260 0.159522 0.030931 0.119219 1.070083 -1.019462 -0.909027 0.021703 -0.139679 0.885477 10.295923 0.157401 0.144773 9.525939 0.032170 0.032170 0.028110 0.028110 8.000000 0.000000 0.000000 0.000000 0.000000 -0.028110 -0.005595 -0.032170 -0.000205 0.000537 -0.000932
0.481289 0.000000 0.057992 0.108062 -0.087065 1.035928 1.043107 -0.368311 -0.012260 0.159474 0.030931 0.119183 1.070107 -1.019486 -0.909015 0.021679 -0.129503 0.882448 10.240391 0.483535 0.263279 9.486874 0.002873 0.002873 -0.001355 -0.001355 8.000000 0.000000 0.000000 0.000000 0.000000 0.001355 0.012214 -0.002873 0.000200 0.000456 0.000235
0.526487 0.000000 0.057980 0.108074 -0.087065 1.035904 1.043095 -0.368299 -0.012260 0.159486 0.030931 0.119255 1.070119 -1.019510 -0.909039 0.021691 -0.205697 0.755709 10.385821 0.119194 0.173524 9.648047 0.018864 0.018864 -0.004773 -0.004773 8.000000 0.000000 0.000000 0.000000 0.000000 0.004773 -0.001192 -0.018864 0.000088 0.000504 -0.000271
0.568692 0.000000 0.057956 0.108086 -0.087101 1.035928 1.043083 -0.368287 -0.012260 0.159486 0.030931 0.119219 1.070119 -1.019498 -0.909015 0.021691 -0.231191 0.933578 10.368995 0.259666 0.186464 9.527514 0.021061 0.021061 0.010135 0.010135 8.000000 0.000000 0.000000 0.000000 0.000000 -0.010135 0.012621 -0.021061 0.000221 0.000451 0.000127
0.603613 0.000000 0.057968 0.108038 -0.087065 1.035916 1.043071 -0.368299 -0.012248 0.159474 0.030943 0.119219 1.070155 -1.019450 -0.909027 0.021691 -0.473580 0.979702 10.688422 0.295405 0.386896 9.624764 0.002995 0.002995 0.008273 0.008273 8.000000 0.000000 0.000000 0.000000 0.000000 -0.008273 0.000543 -0.002995 -0.000123 0.000170 -0.000090
0.659523 0.000000 0.057944 0.108038 -0.087089 1.035904 1.043071 -0.368299 -0.012260 0.159462 0.030931 0.119219 1.070179 -1.019462 -0.909015 0.021679 -0.168509 1.010119 10.143607 0.367237 0.257161 9.435584 -0.008846 0.000000 0.008716 0.008716 8.000000 0.000000 0.000000 0.000000 0.000000 -0.008716 0.012647 0.008846 0.000330 0.000132 -0.000315
0.700118 0.000000 0.057944 0.108038 -0.087089 1.035904 1.043071 -0.368287 -0.012260 0.159462 0.030931 0.119195 1.070155 -1.019438 -0.909027 0.021691 -0.080986 0.807917 10.165538 0.278943 0.131493 9.501935 0.012516 0.012516 0.008746 0.008746 8.000000 0.000000 0.000000 0.000000 0.000000 -0.008746 0.000328 -0.012516 0.000220 0.000568 -0.000113
0.747883 0.000000 0.057944 0.108122 -0.087077 1.035904 1.043059 -0.368311 -0.012248 0.159414 0.030931 0.119231 1.070179 -1.019450 -0.909015 0.021679 -0.168438 0.751706 10.248474 0.318441 0.257254 9.135947 0.008366 0.008366 0.006961 0.006961 8.000000 0.000000 0.000000 0.000000 0.000000 -0.006961 -0.002606 -0.008366 0.000249 0.000087 -0.000265
0.797997 0.000000 0.057932 0.108074 -0.087077 1.035916 1.043047 -0.368311 -0.012248 0.159378 0.030895 0.119231 1.070179 -1.019474 -0.909027 0.021691 -0.333880 0.858933 9.949536 0.455512 0.229299 9.231067 -0.003963 0.000000 0.010379 0.010379 8.000000 0.000000 0.000000 0.000000 0.000000 -0.010379 -0.013386 0.003963 -0.000035 0.000421 -0.000697
0.839033 0.000000 0.057932 0.108050 -0.087101 1.035916 1.043071 -0.368323 -0.012248 0.159390 0.030931 0.119243 1.070155 -1.019438 -0.909027 0.021691 -0.267690 0.705821 10.297695 0.200321 0.311979 9.220657 0.005192 0.005192 -0.010541 -0.010541 8.000000 0.000000 0.000000 0.000000 0.000000 0.010541 -0.004248 -0.005192 0.000803 0.000095 -0.000241
0.873624 0.000000 0.057932 0.108062 -0.087041 1.035916 1.042987 -0.368335 -0.012248 0.159222 0.030931 0.119231 1.070251 -1.019438 -0.909039 0.021691 -0.259898 1.078527 10.055777 0.146062 0.323283 9.149885 -0.023494 0.000000 0.002078 0.002078 8.000000 0.000000 0.000000 0.000000 0.000000 -0.002078 -0.013418 0.023494 0.000236 -0.000064 -0.000737
0.910723 0.000000 0.057932 0.108098 -0.087053 1.035892 1.043011 -0.368335 -0.012248 0.159222 0.030943 0.119219 1.070275 -1.019426 -0.909051 0.021691 -0.007597 0.987087 9.601588 0.475665 0.461279 8.797077 -0.046810 0.000000 0.003772 0.003772 8.000000 0.000000 0.000000 0.000000 0.000000 -0.003772 -0.028912 0.046810 0.000370 0.000212 -0.001794
0.941196 0.000000 0.057932 0.108086 -0.087041 1.035892 1.042975 -0.368335 -0.012260 0.159210 0.030931 0.119219 1.070251 -1.019426 -0.909015 0.021691 0.147541 0.670648 9.281674 0.324019 0.353555 8.799987 -0.056942 0.000000 -0.015088 -0.015088 8.000000 0.000000 0.000000 0.000000 0.000000 0.015088 -0.007054 0.056942 0.000469 -0.000493 -0.001346
0.993969 0.000000 0.057908 0.108122 -0.087017 1.035892 1.042915 -0.368395 -0.012236 0.159174 0.030931 0.119147 1.070251 -1.019354 -0.909039 0.021691 0.206368 1.046584 8.921768 0.270488 0.807369 8.138581 -0.041439 0.000000 -0.003827 -0.003827 8.000000 0.000000 0.000000 0.000000 0.000000 0.003827 -0.022307 0.041439 -0.000021 -0.000072 -0.001816
1.029237 0.000000 0.057908 0.108122 -0.086993 1.035892 1.042927 -0.368407 -0.012248 0.159174 0.030931 0.119195 1.070251 -1.019354 -0.909075 0.021691 -0.024179 0.948590 9.004576 0.548636 0.724160 7.904663 -0.019710 0.000000 0.018786 0.018786 8.000000 0.000000 0.000000 0.000000 0.000000 -0.018786 -0.017622 0.019710 0.000540 0.000426 -0.001799
1.071233 0.000000 0.057884 0.108146 -0.086970 1.035892 1.042903 -0.368419 -0.012248 0.159151 0.030907 0.119147 1.070239 -1.019354 -0.909063 0.021691 0.127287 0.804224 8.903833 0.325436 0.572603 8.028540 -0.054500 0.000000 0.003116 0.003116 8.000000 0.000000 0.000000 0.000000 0.000000 -0.003116 -0.016846 0.054500 0.000179 0.000317 -0.001419
1.119353 0.000000 0.057872 0.108146 -0.086970 1.035856 1.042855 -0.368551 -0.012248 0.159115 0.030919 0.119171 1.070239 -1.019366 -0.909075 0.021679 0.325288 0.846149 8.108570 0.409356 0.627191 7.713441 -0.054988 0.000000 -0.028470 -0.028470 8.000000 0.000000 0.000000 0.000000 0.000000 0.028470 -0.024266 0.054988 0.000022 -0.000352 -0.001259
1.167668 0.000000 0.057872 0.108158 -0.086934 1.035869 1.042831 -0.368563 -0.012248 0.159091 0.030907 0.119207 1.070227 -1.019354 -0.909087 0.021691 0.361832 1.000065 8.019075 0.276041 0.982048 7.935219 -0.040096 0.000000 -0.009397 -0.009397 8.000000 0.000000 0.000000 0.000000 0.000000 0.009397 -0.015938 0.040096 0.000596 0.000594 -0.001220
1.196305 0.000000 0.057860 0.108182 -0.086934 1.035869 1.042831 -0.368563 -0.012236 0.159067 0.030907 0.119195 1.070239 -1.019330 -0.909087 0.021691 0.451163 0.956527 7.873328 0.287268 0.862485 7.811123 -0.058162 0.000000 -0.008420 -0.008420 8.000000 0.000000 0.000000 0.000000 0.000000 0.008420 0.006979 0.058162 0.000606 0.000224 -0.001293
1.238624 0.000000 0.057872 0.108301 -0.086862 1.035773 1.042771 -0.368898 -0.012248 0.159007 0.030859 0.119219 1.070179 -1.019342 -0.909159 0.021679 0.674972 0.856957 6.320928 0.453855 1.238103 6.703100 -0.041317 0.000000 -0.035062 -0.035062 8.000000 0.000000 0.000000 0.000000 0.000000 0.035062 -0.007363 0.041317 0.000830 -0.000097 -0.000492
1.271705 0.000000 0.057872 0.108301 -0.086850 1.035785 1.042795 -0.368970 -0.012236 0.159019 0.030859 0.119195 1.070179 -1.019354 -0.909171 0.021679 0.776793 0.918523 5.840917 0.405854 1.293054 6.415479 -0.047176 0.000000 0.023822 0.023822 8.000000 0.000000 0.000000 0.000000 0.000000 -0.023822 -0.012129 0.047176 0.000597 -0.000479 -0.002660
1.301218 0.000000 0.057884 0.108349 -0.086838 1.035737 1.042807 -0.369006 -0.012224 0.159019 0.030859 0.119219 1.070155 -1.019366 -0.909171 0.021679 0.911856 0.832735 5.703893 0.411068 1.241810 6.441520 -0.046443 0.000000 -0.019666 -0.019666 8.000000 0.000000 0.000000 0.000000 0.000000 0.019666 -0.003136 0.046443 0.000343 0.000144 -0.000596
1.323805 0.000000 0.057896 0.108313 -0.086826 1.035737 1.042783 -0.369054 -0.012236 0.159007 0.030859 0.119183 1.070155 -1.019366 -0.909171 0.021691 0.935353 0.736906 5.595427 0.584660 1.343079 6.451965 -0.035823 0.000000 0.019504 0.019504 8.000000 0.000000 0.000000 0.000000 0.000000 -0.019504 -0.004097 0.035823 0.000556 0.000305 -0.001952
1.349694 0.000000 0.057656 0.109200 -0.086850 1.035629 1.042807 -0.369821 -0.012236 0.158455 0.030572 0.119207 1.070119 -1.019354 -0.909267 0.021691 1.077460 0.958472 4.792202 0.513636 1.484670 5.838315 -0.037044 0.000000 -0.008725 -0.008725 8.000000 0.000000 0.000000 0.000000 0.000000 0.008725 0.007469 0.037044 0.000921 0.000087 -0.001120
1.374924 0.000000 0.057632 0.109200 -0.086850 1.035629 1.042783 -0.369833 -0.012236 0.158348 0.030524 0.119183 1.070131 -1.019342 -0.909267 0.021691 1.217902 0.819446 4.319653 0.588838 1.593187 5.605781 -0.051937 0.000000 -0.008862 -0.008862 8.000000 0.000000 0.000000 0.000000 0.000000 0.008862 -0.009136 0.051937 0.000589 -0.000078 -0.001267
1.394918 0.000000 0.057644 0.109200 -0.086838 1.035605 1.042807 -0.369869 -0.012248 0.158264 0.030488 0.119159 1.070119 -1.019354 -0.909291 0.021691 1.218665 0.676461 3.952032 0.650985 1.776114 5.331625 -0.024471 0.000000 0.008807 0.008807 8.000000 0.000000 0.000000 0.000000 0.000000 -0.008807 -0.000906 0.024471 0.000858 0.000771 -0.001875
1.415176 0.000000 0.057416 0.110854 -0.086862 1.034874 1.042460 -0.372002 -0.012236 0.155471 0.029997 0.119171 1.069928 -1.019366 -0.909531 0.021691 1.322660 1.024056 3.381368 0.773497 1.964178 4.671116 -0.036434 0.000000 0.002170 0.002170 8.000000 0.000000 0.000000 0.000000 0.000000 -0.002170 0.011598 0.036434 0.001211 0.000708 -0.001338
1.435444 0.000000 0.057368 0.110866 -0.086838 1.034874 1.042424 -0.372134 -0.012248 0.155459 0.029937 0.119171 1.069916 -1.019366 -0.909543 0.021679 1.530466 0.830547 2.849874 0.815065 2.042523 4.173353 -0.042293 0.000000 -0.004544 -0.004544 8.000000 0.000000 0.000000 0.000000 0.000000 0.004544 0.013775 0.042293 0.001280 0.000415 -0.002055
1.459243 0.000000 0.056649 0.112088 -0.086802 1.033663 1.042004 -0.375334 -0.012248 0.154608 0.029194 0.119075 1.069137 -1.019354 -0.910214 0.021691 1.593778 0.903482 1.914083 1.105832 2.458348 3.198742 -0.018856 0.000000 0.008822 0.008822 8.000000 0.000000 0.000000 0.000000 0.000000 -0.008822 -0.000283 0.018856 0.000427 0.000048 -0.001961
1.484263 0.000000 0.056649 0.112148 -0.086826 1.033663 1.042028 -0.375753 -0.012236 0.154477 0.029146 0.119051 1.069017 -1.019354 -0.910274 0.021691 1.715192 0.752162 1.090983 1.181072 2.708179 2.396168 -0.046443 0.000000 0.016589 0.016589 8.000000 0.000000 0.000000 0.000000 0.000000 -0.016589 -0.007433 0.046443 0.000868 0.000305 -0.002137
1.504836 0.000000 0.056637 0.112244 -0.086802 1.033639 1.042004 -0.376101 -0.012248 0.154273 0.029074 0.119051 1.068921 -1.019330 -0.910346 0.021691 1.885223 0.714905 0.642282 1.350676 2.887250 1.843487 -0.028743 0.000000 0.004031 0.004031 8.000000 0.000000 0.000000 0.000000 0.000000 -0.004031 0.038343 0.028743 0.001610 0.000552 -0.001432
1.532985 0.000000 0.056518 0.113239 -0.086814 1.032717 1.041921 -0.379780 -0.012236 0.153194 0.028235 0.119075 1.067003 -1.019354 -0.911041 0.021691 2.137447 0.846168 -0.484478 1.390033 3.062914 0.965641 -0.024105 0.000000 0.015384 0.015384 8.000000 0.000000 0.000000 0.000000 0.000000 -0.015384 -0.003596 0.024105 0.000893 0.000233 -0.001760
1.556385 0.000000 0.056566 0.113347 -0.086814 1.032597 1.041909 -0.380104 -0.012236 0.153194 0.028031 0.119063 1.066668 -1.019342 -0.911113 0.021679 2.188552 0.837036 -1.404825 1.256650 3.449993 0.580094 -0.014217 0.000000 0.011889 0.011889 8.000000 0.000000 0.000000 0.000000 0.000000 -0.011889 0.012438 0.014217 0.001074 0.000498 -0.001939
1.584923 0.000000 0.056518 0.114006 -0.086778 1.032369 1.041873 -0.382153 -0.012236 0.153230 0.027276 0.119063 1.064679 -1.019366 -0.911508 0.021691 2.321128 0.945605 -2.601133 1.285911 3.613639 -0.143416 -0.032772 0.000000 -0.005414 -0.005414 8.000000 0.000000 0.000000 0.000000 0.000000 0.005414 0.022127 0.032772 0.001777 0.000693 -0.001445
1.615975 0.000000 0.056518 0.114222 -0.086790 1.032261 1.041861 -0.382752 -0.012236 0.153326 0.026869 0.119075 1.063672 -1.019378 -0.911556 0.021691 2.509957 0.640725 -3.654559 1.282276 3.570004 -0.272176 0.006779 0.006779 0.028125 0.028125 8.000000 0.000000 0.000000 0.000000 0.000000 -0.028125 0.019937 -0.006779 0.001412 0.000674 -0.001564
1.636080 0.000000 0.056542 0.114797 -0.086802 1.032010 1.041765 -0.384718 -0.012224 0.153278 0.025514 0.119003 1.061766 -1.019342 -0.911952 0.021691 2.667615 0.721268 -4.223237 1.398061 3.533979 -0.760555 -0.003597 0.000000 0.004138 0.004138 8.000000 0.000000 0.000000 0.000000 0.000000 -0.004138 0.019132 0.003597 0.000945 0.000331 -0.000680
1.657582 0.000000 0.056542 0.114977 -0.086790 1.031902 1.041693 -0.385269 -0.012236 0.153206 0.025215 0.118979 1.061467 -1.019354 -0.912023 0.021691 2.560176 0.589926 -4.614510 1.421214 3.983039 -1.188234 0.002751 0.002751 0.039325 0.039325 8.000000 0.000000 0.000000 0.000000 0.000000 -0.039325 0.022279 -0.002751 0.001805 0.000941 -0.002043
1.685678 0.000000 0.056566 0.115648 -0.086790 1.031530 1.041345 -0.387750 -0.012236 0.152787 0.023705 0.118907 1.060328 -1.019330 -0.912527 0.021691 2.522870 0.831074 -5.211889 1.269852 3.930802 -1.849266 0.001286 0.001286 0.010226 0.010226 8.000000 0.000000 0.000000 0.000000 0.000000 -0.010226 0.024976 -0.001286 0.002103 0.000254 -0.000904
1.729142 0.000000 0.056601 0.116031 -0.086706 1.031374 1.041237 -0.389020 -0.012236 0.152631 0.023106 0.118872 1.060041 -1.019354 -0.912826 0.021691 2.972140 0.547174 -6.249411 1.401105 4.014149 -2.243655 0.007023 0.007023 0.021716 0.021716 8.000000 0.000000 0.000000 0.000000 0.000000 -0.021716 0.007196 -0.007023 0.001575 0.000832 -0.001349
1.757771 0.000000 0.056685 0.116475 -0.086622 1.030691 1.040854 -0.390877 -0.012236 0.152272 0.021356 0.118896 1.058902 -1.019294 -0.913845 0.021691 2.958272 0.546754 -7.439254 1.289724 3.988623 -2.448095 0.005314 0.005314 -0.004483 -0.004483 8.000000 0.000000 0.000000 0.000000 0.000000 0.004483 0.052273 -0.005314 0.002474 0.001468 -0.000520
1.794937 0.000000 0.056817 0.116858 -0.086610 1.029781 1.040422 -0.392004 -0.012236 0.151840 0.019331 0.118776 1.057680 -1.019210 -0.914684 0.021691 3.312500 0.582906 -8.891766 1.378279 4.075610 -3.246022 0.012639 0.012639 0.006259 0.006259 8.000000 0.000000 0.000000 0.000000 0.000000 -0.006259 0.032158 -0.012639 0.002356 0.000694 -0.000271
1.832907 0.000000 0.056889 0.117194 -0.086610 1.029505 1.040291 -0.392963 -0.012260 0.151660 0.018420 0.118752 1.056949 -1.019198 -0.915020 0.021679 3.126931 0.268021 -9.600945 1.295630 4.257711 -3.718873 0.051945 0.051945 0.098605 0.098605 8.000000 0.000000 0.000000 0.000000 0.000000 -0.098605 0.044622 -0.051945 0.002802 0.001437 -0.002414
1.858875 0.000000 0.057057 0.117817 -0.086538 1.029014 1.040027 -0.395827 -0.012224 0.151576 0.016850 0.118680 1.055031 -1.019198 -0.915379 0.021679 3.191080 0.427319 -9.908272 1.071588 4.342073 -3.832445 0.015568 0.015568 0.055194 0.055194 8.000000 0.000000 0.000000 0.000000 0.000000 -0.055194 0.028215 -0.015568 0.002134 0.001316 0.000238
1.889275 0.000000 0.057081 0.118081 -0.086526 1.028978 1.040015 -0.397085 -0.012224 0.151636 0.016203 0.118692 1.054025 -1.019198 -0.915427 0.021679 3.057898 0.578127 -9.934626 1.211223 4.050239 -3.658238 0.013737 0.013737 0.072879 0.072879 8.000000 0.000000 0.000000 0.000000 0.000000 -0.072879 0.029955 -0.013737 0.002040 0.001070 -0.002195
1.913536 0.000000 0.057141 0.118644 -0.086466 1.028906 1.039847 -0.399207 -0.012236 0.151624 0.015100 0.118668 1.050561 -1.019210 -0.915882 0.021679 3.067643 0.451925 -10.273071 1.306271 4.252769 -3.201706 0.048405 0.048405 0.084720 0.084720 8.000000 0.000000 0.000000 0.000000 0.000000 -0.084720 0.034820 -0.048405 0.002737 0.000953 -0.004011
1.943850 0.000000 0.057141 0.118872 -0.086346 1.028642 1.039787 -0.399985 -0.012236 0.151517 0.014633 0.118668 1.049135 -1.019198 -0.916362 0.021679 3.339518 0.211867 -11.264495 0.944769 3.974342 -3.313134 0.062321 0.062321 0.068164 0.068164 8.000000 0.000000 0.000000 0.000000 0.000000 -0.068164 0.054640 -0.062321 0.002876 0.001205 -0.002421
1.971117 0.000000 0.057368 0.119722 -0.086167 1.027599 1.039715 -0.402730 -0.012236 0.151121 0.013219 0.118704 1.047122 -1.019198 -0.918459 0.021679 2.845190 0.493006 -10.965499 0.516439 3.840261 -2.893308 0.012639 0.012639 -0.030057 -0.030057 8.000000 0.000000 0.000000 0.000000 0.000000 0.030057 0.050363 -0.012639 0.002207 0.000581 0.000780
1.992337 0.000000 0.057536 0.119998 -0.086131 1.027156 1.039703 -0.403305 -0.012236 0.151133 0.012847 0.118716 1.046546 -1.019198 -0.919058 0.021679 2.794619 0.540817 -10.986568 0.570015 3.831091 -2.598162 0.039982 0.039982 0.069171 0.069171 8.000000 0.000000 0.000000 0.000000 0.000000 -0.069171 0.010767 -0.039982 0.001984 0.001597 -0.000491
2.013938 0.000000 0.058195 0.122071 -0.085951 1.023345 1.039476 -0.407224 -0.012236 0.151013 0.010414 0.118596 1.042484 -1.019163 -0.921755 0.021679 3.046332 0.558513 -10.431637 0.433171 3.453493 -2.060514 0.018132 0.018132 0.042834 0.042834 8.000000 0.000000 0.000000 0.000000 0.000000 -0.042834 0.020509 -0.018132 0.001969 0.000936 -0.000491
2.038295 0.000000 0.058195 0.122958 -0.085855 1.022374 1.039308 -0.408458 -0.012224 0.150666 0.009635 0.118608 1.041549 -1.019174 -0.922642 0.021679 2.435412 0.715235 -9.632434 0.390849 3.487592 -1.689671 0.029728 0.029728 0.045978 0.045978 8.000000 0.000000 0.000000 0.000000 0.000000 -0.045978 0.043339 -0.029728 0.002795 0.001135 -0.002547
2.058770 0.000000 0.058195 0.125870 -0.085855 1.019606 1.039140 -0.411478 -0.012236 0.149000 0.007191 0.118572 1.040207 -1.019055 -0.923960 0.021691 1.961179 0.989502 -9.120690 0.347899 3.321973 -2.210636 0.037663 0.037663 0.050921 0.050921 8.000000 0.000000 0.000000 0.000000 0.000000 -0.050921 0.071264 -0.037663 0.003893 0.001885 -0.002484
2.079106 0.000000 0.058183 0.126470 -0.085819 1.019091 1.039092 -0.411802 -0.012224 0.148616 0.006759 0.118452 1.040111 -1.019043 -0.924176 0.021679 2.005657 1.113984 -9.322855 0.645654 3.403243 -2.571993 0.050480 0.050480 0.054034 0.054034 8.000000 0.000000 0.000000 0.000000 0.000000 -0.054034 0.039655 -0.050480 0.003032 0.001232 -0.002074
2.104538 0.000000 0.058171 0.127452 -0.085675 1.017880 1.039032 -0.412389 -0.012236 0.148209 0.006004 0.118416 1.039883 -1.019007 -0.924703 0.021703 2.050342 0.878880 -8.690875 0.090682 3.585953 -2.627248 0.074162 0.074162 0.100467 0.100467 8.000000 0.000000 0.000000 0.000000 0.000000 -0.100467 0.053207 -0.074162 0.004148 0.001871 -0.004279
2.134771 0.000000 0.058112 0.130592 -0.085220 1.013338 1.038493 -0.414367 -0.012224 0.147046 0.003152 0.118272 1.038757 -1.018815 -0.927040 0.021667 1.263154 0.780402 -7.344061 -0.117784 3.336349 -2.560298 0.065495 0.065495 0.168338 0.168338 8.000000 0.000000 0.000000 0.000000 0.000000 -0.168338 0.060861 -0.065495 0.004687 0.002762 -0.005699
2.160653 0.000000 0.058100 0.131191 -0.085160 1.012619 1.038337 -0.415193 -0.012224 0.146759 0.002553 0.118152 1.038601 -1.018767 -0.927855 0.021679 1.160928 1.025510 -7.142278 -0.105822 3.274362 -2.810453 0.117497 0.117497 0.195743 0.195743 8.000000 0.000000 0.000000 0.000000 0.000000 -0.195743 0.061489 -0.117497 0.004662 0.002011 -0.008441
2.178458 0.000000 0.058064 0.131850 -0.085052 1.012056 1.038181 -0.416692 -0.012236 0.146519 0.001810 0.118081 1.038373 -1.018755 -0.929053 0.021679 0.587962 1.065508 -6.666793 -0.136002 3.423629 -2.354458 0.082463 0.082463 0.120196 0.120196 8.000000 0.000000 0.000000 0.000000 0.000000 -0.120196 0.055008 -0.082463 0.003841 0.001825 -0.003671
2.202470 0.000000 0.058064 0.133804 -0.084884 1.011229 1.038050 -0.420395 -0.012236 0.145968 -0.000060 0.118009 1.036671 -1.018731 -0.931498 0.021679 0.683462 1.067712 -7.638046 -0.077907 3.545178 -2.711284 0.072453 0.072453 0.138019 0.138019 8.000000 0.000000 0.000000 0.000000 0.000000 -0.138019 0.043993 -0.072453 0.003766 0.001410 -0.006309
2.227388 0.000000 0.058052 0.134235 -0.084764 1.011145 1.038026 -0.421114 -0.012224 0.145812 -0.000647 0.117961 1.036060 -1.018707 -0.931773 0.021679 0.770448 1.089960 -8.169036 0.024988 3.590177 -2.815092 0.021550 0.021550 0.026279 0.026279 8.000000 0.000000 0.000000 0.000000 0.000000 -0.026279 0.024744 -0.021550 0.001990 0.000806 -0.000583
2.259320 0.000000 0.058052 0.135098 -0.084525 1.010881 1.037930 -0.423283 -0.012224 0.145141 -0.002720 0.117889 1.032884 -1.018659 -0.932241 0.021679 1.084195 0.770134 -9.265647 -0.140446 3.540648 -2.911465 0.034977 0.034977 0.022708 0.022708 8.000000 0.000000 0.000000 0.000000 0.000000 -0.022708 0.032425 -0.034977 0.003013 0.001787 -0.001436
2.296574 0.000000 0.058052 0.135146 -0.084441 1.010714 1.037906 -0.424397 -0.012236 0.145117 -0.003320 0.117901 1.031231 -1.018647 -0.932409 0.021679 1.053858 0.938239 -9.213968 -0.392261 3.331543 -2.428500 0.073430 0.073430 0.113162 0.113162 8.000000 0.000000 0.000000 0.000000 0.000000 -0.113162 0.048046 -0.073430 0.003660 0.001851 -0.004891
2.336416 0.000000 0.058052 0.135302 -0.084381 1.010546 1.037906 -0.425440 -0.012224 0.144913 -0.003727 0.117841 1.030164 -1.018635 -0.932648 0.021679 1.185639 1.001231 -10.189531 -0.390953 3.335143 -2.878754 0.022770 0.022770 0.023166 0.023166 8.000000 0.000000 0.000000 0.000000 0.000000 -0.023166 0.103857 -0.022770 0.005413 0.002822 -0.001839
2.376183 0.000000 0.058064 0.135314 -0.084309 1.008101 1.037870 -0.429443 -0.012236 0.142468 -0.005261 0.117793 1.026856 -1.018491 -0.933775 0.021679 0.986691 0.799806 -9.682723 0.129650 3.732436 -3.353479 0.057560 0.057560 0.121188 0.121188 8.000000 0.000000 0.000000 0.000000 0.000000 -0.121188 0.028930 -0.057560 0.004120 0.001822 -0.008623
2.422443 0.000000 0.058064 0.135338 -0.084297 1.006423 1.037714 -0.429946 -0.012236 0.142037 -0.005633 0.117817 1.025718 -1.018491 -0.934039 0.021667 0.699172 0.818381 -8.359348 0.238138 3.675416 -3.525455 0.091252 0.091252 0.178287 0.178287 8.000000 0.000000 0.000000 0.000000 0.000000 -0.178287 0.072283 -0.091252 0.005036 0.002756 -0.007769
2.471355 0.000000 0.058004 0.135913 -0.084117 0.998681 1.037390 -0.433410 -0.012212 0.141294 -0.007658 0.117781 1.017640 -1.018420 -0.936435 0.021691 0.014177 0.692306 -6.214065 -0.206842 3.278605 -2.106587 0.133976 0.133976 0.202334 0.202334 8.000000 0.000000 0.000000 0.000000 0.000000 -0.202334 0.018575 -0.133976 0.004491 0.001675 -0.010188
2.508741 0.000000 0.058004 0.136141 -0.084105 0.997004 1.037379 -0.434512 -0.012212 0.140575 -0.008125 0.117793 1.017269 -1.018420 -0.937130 0.021679 -0.596638 0.541392 -5.003919 -0.076437 3.224899 -1.887807 0.040471 0.040471 0.111194 0.111194 8.000000 0.000000 0.000000 0.000000 0.000000 -0.111194 0.052599 -0.040471 0.003719 0.002314 -0.003396
2.551411 0.000000 0.057992 0.136368 -0.084057 0.994799 1.037307 -0.435962 -0.012224 0.139772 -0.008677 0.117733 1.016886 -1.018420 -0.937766 0.021679 -1.127822 0.275597 -3.484709 -0.050699 3.413334 -2.632201 0.075871 0.075871 0.111209 0.111209 8.000000 0.000000 0.000000 0.000000 0.000000 -0.111209 0.013668 -0.075871 0.003018 0.001167 -0.005952
2.598930 0.000000 0.056793 0.137231 -0.083230 0.990484 1.036959 -0.442170 -0.012212 0.136524 -0.011409 0.117565 1.014465 -1.018396 -0.939803 0.021679 -1.520903 0.487971 -4.213101 0.234989 3.400492 -2.491070 0.154606 0.154606 0.203815 0.203815 8.000000 0.000000 0.000000 0.000000 0.000000 -0.203815 0.109720 -0.154606 0.007190 0.003901 -0.009067
2.643638 0.000000 0.056637 0.137387 -0.083051 0.990328 1.036935 -0.442745 -0.012200 0.136033 -0.011852 0.117409 1.013806 -1.018384 -0.940174 0.021667 -0.930761 0.371510 -5.338430 0.221379 3.224751 -2.869483 0.084050 0.084050 0.126178 0.126178 8.000000 0.000000 0.000000 0.000000 0.000000 -0.126178 0.125782 -0.084050 0.006631 0.002843 -0.005814
2.689212 0.000000 0.056601 0.137519 -0.082967 0.990292 1.036839 -0.443404 -0.012200 0.135673 -0.012128 0.117457 1.013122 -1.018336 -0.940402 0.021679 -0.893693 0.309653 -5.434907 0.343221 3.608001 -2.722219 0.034123 0.034123 0.030887 0.030887 8.000000 0.000000 0.000000 0.000000 0.000000 -0.030887 0.064314 -0.034123 0.004099 0.001999 -0.000648
2.723031 0.000000 0.056578 0.137687 -0.082955 0.990245 1.036743 -0.443932 -0.012212 0.135302 -0.012416 0.117421 1.012355 -1.018300 -0.940678 0.021703 -1.133143 0.305819 -5.320218 0.193537 3.337735 -2.384590 0.056218 0.056218 0.059100 0.059100 8.000000 0.000000 0.000000 0.000000 0.000000 -0.059100 0.120855 -0.056218 0.006668 0.003287 -0.002230
2.761440 0.000000 0.056601 0.138622 -0.082583 0.989885 1.036420 -0.450739 -0.012224 0.133492 -0.015472 0.117218 1.002840 -1.017988 -0.944357 0.021691 -0.412580 -0.160146 -7.504383 -0.738187 3.483224 -1.182713 0.109318 0.109318 0.233676 0.233676 8.000000 0.000000 0.000000 0.000000 0.000000 -0.233676 0.096937 -0.109318 0.006877 0.003339 -0.007232
2.820938 0.000000 0.056590 0.138669 -0.082511 0.989825 1.036408 -0.450942 -0.012200 0.133181 -0.015855 0.117122 1.002181 -1.017976 -0.945304 0.021679 -0.269385 0.195569 -9.375482 -0.364343 3.221303 -0.630602 0.191960 0.191960 0.295001 0.295001 8.000000 0.000000 0.000000 0.000000 0.000000 -0.295001 0.058984 -0.191960 0.006294 0.002830 -0.014076
2.858981 0.000000 0.056578 0.138825 -0.082380 0.989430 1.036408 -0.451781 -0.012188 0.132809 -0.016239 0.117110 1.001534 -1.017940 -0.946214 0.021679 0.312407 0.075278 -10.115136 -0.010102 3.407199 -1.057924 0.130803 0.130803 0.234973 0.234973 8.000000 0.000000 0.000000 0.000000 0.000000 -0.234973 0.103092 -0.130803 0.007254 0.003105 -0.011115
2.903445 0.000000 0.056566 0.141294 -0.082116 0.979734 1.035605 -0.461740 -0.012188 0.131719 -0.019498 0.116666 0.997135 -1.017437 -0.953333 0.021679 -1.086791 -0.276108 -6.203698 -1.231282 3.817689 -1.843599 0.098454 0.098454 0.158923 0.158923 8.000000 0.000000 0.000000 0.000000 0.000000 -0.158923 0.066072 -0.098454 0.004485 0.002875 -0.003093
2.949738 0.000000 0.056542 0.141821 -0.082164 0.977889 1.035461 -0.463442 -0.012188 0.131695 -0.019870 0.116595 0.996368 -1.017401 -0.953573 0.021679 -2.295109 -0.308263 -4.367787 -1.122146 4.036412 -2.133310 0.091374 0.091374 0.114383 0.114383 8.000000 0.000000 0.000000 0.000000 0.000000 -0.114383 0.026804 -0.091374 0.004058 0.002083 -0.006016
2.981349 0.000000 0.056542 0.142253 -0.082128 0.976007 1.035305 -0.464377 -0.012188 0.131539 -0.020122 0.116571 0.995865 -1.017413 -0.953693 0.021679 -2.415907 -0.245900 -3.830184 -0.673649 4.290459 -2.452037 0.159001 0.159001 0.255572 0.255572 8.000000 0.000000 0.000000 0.000000 0.000000 -0.255572 0.165621 -0.159001 0.009680 0.005177 -0.010020
3.024190 0.000000 0.051065 0.150869 -0.081960 0.965461 1.033999 -0.473736 -0.012164 0.129597 -0.023357 0.115480 0.985367 -1.017089 -0.957707 0.021679 -0.458075 1.087251 -6.268920 -0.631216 4.124005 -1.662277 0.111760 0.111760 0.128879 0.128879 8.000000 0.000000 0.000000 0.000000 0.000000 -0.128879 0.103613 -0.111760 0.007097 0.003499 -0.008745
3.064651 0.000000 0.049830 0.152308 -0.081972 0.964970 1.033915 -0.473796 -0.012164 0.129130 -0.023932 0.115408 0.983809 -1.017089 -0.957983 0.021679 -0.635241 1.034980 -6.351473 -1.005982 4.106390 -1.198584 0.173161 0.173161 0.281909 0.281909 8.000000 0.000000 0.000000 0.000000 0.000000 -0.281909 0.038465 -0.173161 0.006892 0.003128 -0.014865
3.106413 0.000000 0.043778 0.161739 -0.080426 0.951236 1.031578 -0.494277 -0.012140 0.115348 -0.040243 0.113395 0.966456 -1.016658 -0.966755 0.021667 -1.216829 -0.386804 -6.921011 0.183538 2.956509 -1.625387 0.089055 0.089055 0.117053 0.117053 8.000000 0.000000 0.000000 0.000000 0.000000 -0.117053 0.042474 -0.089055 0.004739 0.002093 -0.008147
3.143974 0.000000 0.043467 0.161919 -0.080426 0.950661 1.031362 -0.495440 -0.012152 0.114509 -0.041346 0.113215 0.964323 -1.016598 -0.967846 0.021667 -0.629547 0.114499 -7.166320 0.264862 3.029971 -1.298586 0.179753 0.179753 0.296054 0.296054 8.000000 0.000000 0.000000 0.000000 0.000000 -0.296054 0.040491 -0.179753 0.006842 0.004080 -0.014078
3.181691 0.000000 0.043179 0.162218 -0.080402 0.950025 1.031207 -0.496015 -0.012152 0.113107 -0.042412 0.112963 0.962825 -1.016286 -0.968985 0.021655 -0.849261 0.541472 -7.490094 0.634756 3.524503 -1.167213 0.072087 0.072087 0.138217 0.138217 8.000000 0.000000 0.000000 0.000000 0.000000 -0.138217 0.079054 -0.072087 0.006786 0.003293 -0.012527
3.216458 0.000000 0.038278 0.170380 -0.080139 0.936975 1.030224 -0.509581 -0.012128 0.104431 -0.049507 0.110027 0.952267 -1.011193 -0.977385 0.021667 -1.634875 1.476687 -5.935659 -0.997855 3.636506 -1.755099 0.121891 0.121891 0.247546 0.247546 8.000000 0.000000 0.000000 0.000000 0.000000 -0.247546 0.141376 -0.121891 0.009180 0.005081 -0.011730
3.240138 0.000000 0.038254 0.171326 -0.080139 0.934374 1.030176 -0.511091 -0.012116 0.104275 -0.050034 0.109787 0.950864 -1.010450 -0.978668 0.021667 -1.130526 1.251035 -5.862711 -0.391785 3.591770 -2.256294 0.216740 0.216740 0.385425 0.385425 8.000000 0.000000 0.000000 0.000000 0.000000 -0.385425 0.059923 -0.216740 0.007333 0.004501 -0.014878
3.260283 0.000000 0.038026 0.172070 -0.080103 0.933056 1.030128 -0.511762 -0.012140 0.103963 -0.050478 0.109488 0.950493 -1.010258 -0.979231 0.021655 -0.838169 1.004127 -5.635971 -0.075263 3.723720 -2.766840 0.091984 0.091984 0.128329 0.128329 8.000000 0.000000 0.000000 0.000000 0.000000 -0.128329 0.096689 -0.091984 0.006975 0.003722 -0.008719
3.286087 0.000000 0.030572 0.177798 -0.078569 0.920820 1.025502 -0.529751 -0.012116 0.102345 -0.057800 0.109044 0.935525 -1.009875 -0.985283 0.021667 -0.079826 -0.062837 -6.795326 -0.612582 3.208327 -2.192848 0.117009 0.117009 0.170779 0.170779 8.000000 0.000000 0.000000 0.000000 0.000000 -0.170779 0.053135 -0.117009 0.005783 0.003340 -0.009198
3.326544 0.000000 0.029877 0.177786 -0.078581 0.918699 1.025466 -0.530757 -0.012116 0.102309 -0.058711 0.109056 0.932612 -1.009827 -0.986553 0.021632 -0.435743 0.324567 -7.032373 -1.002578 3.285248 -0.847183 0.122624 0.122624 0.224368 0.224368 8.000000 0.000000 0.000000 0.000000 0.000000 -0.224368 0.072321 -0.122624 0.007039 0.003757 -0.011619
3.355443 0.000000 0.029301 0.177714 -0.078593 0.916374 1.025406 -0.531177 -0.012104 0.101950 -0.059574 0.108961 0.930659 -1.009647 -0.987668 0.021644 -0.568567 0.329196 -6.281605 -0.326898 3.263262 -0.504543 0.203434 0.203434 0.340823 0.340823 8.000000 0.000000 0.000000 0.000000 0.000000 -0.340823 0.032108 -0.203434 0.006842 0.003699 -0.017890
3.395360 0.000000 0.022099 0.178074 -0.078473 0.905228 1.024472 -0.542035 -0.012104 0.093908 -0.062402 0.107834 0.921575 -1.008736 -0.995530 0.021655 -0.000979 0.000609 -6.103671 0.502315 4.602894 -1.912082 0.173893 0.173893 0.251880 0.251880 8.000000 0.000000 0.000000 0.000000 0.000000 -0.251880 0.150072 -0.173893 0.010009 0.005446 -0.012763
3.424101 0.000000 0.021452 0.178074 -0.078473 0.904114 1.024340 -0.542957 -0.012104 0.093034 -0.062306 0.107834 0.921335 -1.008748 -0.996105 0.021644 -0.105376 -0.303321 -6.013245 0.240250 4.664214 -2.177105 0.221745 0.221745 0.412677 0.412677 8.000000 0.000000 0.000000 0.000000 0.000000 -0.412677 0.068542 -0.221745 0.007781 0.005293 -0.015489
3.457170 0.000000 0.020745 0.178122 -0.078425 0.902808 1.024256 -0.544515 -0.012092 0.092291 -0.062294 0.107810 0.920676 -1.008724 -0.996848 0.021644 0.441518 -0.504628 -6.957056 0.176451 4.933267 -3.245378 0.044011 0.044011 0.077457 0.077457 8.000000 0.000000 0.000000 0.000000 0.000000 -0.077457 0.097706 -0.044011 0.006014 0.003315 -0.004681
3.480191 0.000000 0.018695 0.181537 -0.078257 0.889589 1.022614 -0.560646 -0.012080 0.089043 -0.063397 0.107810 0.908069 -1.008341 -1.002313 0.021655 -0.482062 0.049006 -6.132382 0.090779 5.151657 -3.387190 0.212712 0.212712 0.357196 0.357196 8.000000 0.000000 0.000000 0.000000 0.000000 -0.357196 0.102771 -0.212712 0.008577 0.004378 -0.018525
3.531814 0.000000 0.018707 0.182604 -0.078269 0.887660 1.022602 -0.561773 -0.012068 0.088504 -0.063936 0.107762 0.905995 -1.008197 -1.002588 0.021632 -1.217704 -0.618093 -5.213575 0.242143 5.552445 -3.552266 0.165959 0.165959 0.259006 0.259006 8.000000 0.000000 0.000000 0.000000 0.000000 -0.259006 0.100055 -0.165959 0.008002 0.005047 -0.011786
3.563311 0.000000 0.018635 0.183335 -0.078197 0.886329 1.022434 -0.563247 -0.012080 0.088120 -0.064547 0.107786 0.904461 -1.008197 -1.003032 0.021644 -0.918099 -0.581970 -5.249694 0.311003 5.830988 -4.322046 0.113224 0.113224 0.175998 0.175998 8.000000 0.000000 0.000000 0.000000 0.000000 -0.175998 0.077778 -0.113224 0.007185 0.003305 -0.013033
3.600681 0.000000 0.018456 0.191460 -0.078197 0.875927 1.021895 -0.575950 -0.012068 0.085304 -0.073907 0.107870 0.892693 -1.007897 -1.010306 0.021632 -2.127247 0.305673 -3.624817 -0.245520 4.350083 -2.806798 0.123600 0.123600 0.197375 0.197375 8.000000 0.000000 0.000000 0.000000 0.000000 -0.197375 0.081775 -0.123600 0.007150 0.003894 -0.010475
3.632989 0.000000 0.018408 0.192790 -0.078173 0.874753 1.021835 -0.577184 -0.012068 0.084693 -0.075668 0.107870 0.891387 -1.007825 -1.011241 0.021632 -2.479221 0.253306 -3.020197 -0.453465 4.326375 -1.891192 0.160466 0.160466 0.344089 0.344089 8.000000 0.000000 0.000000 0.000000 0.000000 -0.344089 0.114479 -0.160466 0.010173 0.005000 -0.023360
3.667618 0.000000 0.016275 0.207267 -0.076687 0.869300 1.020720 -0.587946 -0.012056 0.074302 -0.094819 0.106204 0.882542 -1.006939 -1.019114 0.021632 -2.532068 0.694594 -4.272252 0.300085 3.694765 -2.745970 0.151921 0.151921 0.299121 0.299121 8.000000 0.000000 0.000000 0.000000 0.000000 -0.299121 0.087595 -0.151921 0.008893 0.003894 -0.019628
3.706363 0.000000 0.016287 0.208142 -0.076663 0.868221 1.020684 -0.588929 -0.012056 0.073535 -0.095958 0.106156 0.881895 -1.006867 -1.019822 0.021620 -2.353381 1.082226 -5.162258 0.319323 3.269938 -3.529202 0.082585 0.082585 0.097583 0.097583 8.000000 0.000000 0.000000 0.000000 0.000000 -0.097583 0.049200 -0.082585 0.005196 0.003295 -0.006402
3.744889 0.000000 0.016287 0.208969 -0.076639 0.867238 1.020541 -0.589708 -0.012056 0.072672 -0.096976 0.106084 0.881560 -1.006795 -1.020169 0.021620 -2.297772 1.147161 -4.997670 0.562741 3.160098 -3.982769 0.265446 0.265446 0.447894 0.447894 8.000000 0.000000 0.000000 0.000000 0.000000 -0.447894 0.046404 -0.265446 0.009084 0.005217 -0.022859
3.782153 0.000000 0.016263 0.209700 -0.076519 0.866028 1.020565 -0.590427 -0.012068 0.072013 -0.097695 0.105941 0.881332 -1.006759 -1.020301 0.021620 -2.695864 1.406518 -4.231277 0.718148 3.146484 -4.284429 0.130192 0.130192 0.183200 0.183200 8.000000 0.000000 0.000000 0.000000 0.000000 -0.183200 0.157831 -0.130192 0.009627 0.005994 -0.011860
3.818328 0.000000 0.012703 0.215908 -0.073260 0.853253 1.019618 -0.608056 -0.012044 0.066704 -0.099361 0.102705 0.868617 -1.005249 -1.026545 0.021620 -0.609685 0.583890 -6.914708 0.942939 5.495904 -4.783431 0.153630 0.153630 0.245807 0.245807 8.000000 0.000000 0.000000 0.000000 0.000000 -0.245807 0.124222 -0.153630 0.008712 0.005781 -0.009388
3.857652 0.000000 0.012008 0.216016 -0.072996 0.852198 1.019546 -0.609566 -0.012032 0.066476 -0.099373 0.102669 0.865848 -1.004937 -1.027539 0.021632 -1.481270 0.925712 -6.663248 0.061342 5.065584 -4.210598 0.202336 0.202336 0.395053 0.395053 8.000000 0.000000 0.000000 0.000000 0.000000 -0.395053 0.112386 -0.202336 0.009505 0.006176 -0.015750
3.905832 0.000000 0.005273 0.216387 -0.071138 0.834557 1.018204 -0.624750 -0.011996 0.061755 -0.101387 0.102010 0.847788 -1.001198 -1.035725 0.021620 -1.262769 0.251387 -5.449960 -0.610915 4.723963 -2.636541 0.268376 0.268376 0.429050 0.429050 8.000000 0.000000 0.000000 0.000000 0.000000 -0.429050 0.033510 -0.268376 0.009194 0.005113 -0.023400
3.943134 0.000000 0.003583 0.216531 -0.071126 0.834354 1.018048 -0.626427 -0.012008 0.061383 -0.102058 0.101878 0.845691 -1.001174 -1.037798 0.021608 -0.871697 0.356287 -6.730809 -0.631664 4.840845 -1.249745 0.236882 0.236882 0.424060 0.424060 8.000000 0.000000 0.000000 0.000000 0.000000 -0.424060 0.086687 -0.236882 0.008501 0.006230 -0.017023
3.979504 0.000000 -0.002313 0.219323 -0.070587 0.821219 1.017449 -0.639634 -0.011996 0.055103 -0.109740 0.101758 0.835552 -1.000335 -1.044533 0.021596 -2.439593 0.023664 -5.082498 -0.722027 4.039322 -3.102725 0.083073 0.083073 0.161990 0.161990 8.000000 0.000000 0.000000 0.000000 0.000000 -0.161990 0.180879 -0.083073 0.010439 0.006589 -0.009805
4.004512 0.000000 -0.002313 0.219911 -0.070587 0.817120 1.017449 -0.642187 -0.011996 0.054996 -0.111789 0.101770 0.833299 -1.000120 -1.045767 0.021596 -3.020305 0.024031 -3.901102 -0.569368 4.408412 -2.899366 0.246891 0.246891 0.434329 0.434329 8.000000 0.000000 0.000000 0.000000 0.000000 -0.434329 0.135248 -0.246891 0.011376 0.006058 -0.027300
4.024829 0.000000 -0.011816 0.234208 -0.070299 0.799887 1.016011 -0.662608 -0.011984 0.049878 -0.132941 0.099553 0.811859 -0.999269 -1.054768 0.021584 -2.453747 1.249139 -3.541930 -0.145167 4.738319 -2.480750 0.173771 0.173771 0.312808 0.312808 8.000000 0.000000 0.000000 0.000000 0.000000 -0.312808 0.118597 -0.173771 0.009539 0.006007 -0.017280
4.043991 0.000000 -0.012044 0.235909 -0.070264 0.797670 1.015975 -0.663866 -0.011960 0.049243 -0.133888 0.099553 0.810301 -0.999233 -1.056122 0.021584 -2.355508 1.205554 -3.418819 -0.665443 4.063909 -2.031092 0.273381 0.273381 0.523608 0.523608 8.000000 0.000000 0.000000 0.000000 0.000000 -0.523608 0.055382 -0.273381 0.009699 0.006421 -0.025394
4.064761 0.000000 -0.012428 0.237132 -0.070204 0.796016 1.015879 -0.664633 -0.011972 0.048764 -0.134595 0.099553 0.808899 -0.999221 -1.057057 0.021572 -1.988238 1.294355 -3.270960 -1.204680 3.878802 -1.554167 0.126896 0.126896 0.186343 0.186343 8.000000 0.000000 0.000000 0.000000 0.000000 -0.186343 0.084896 -0.126896 0.007148 0.004978 -0.007433
4.089808 0.000000 -0.013338 0.238474 -0.070060 0.795093 1.015735 -0.666419 -0.011972 0.048141 -0.135494 0.099505 0.807269 -0.999149 -1.058627 0.021572 -1.031347 0.944689 -4.958333 -1.262983 3.906173 -1.759727 0.216008 0.216008 0.417651 0.417651 8.000000 0.000000 0.000000 0.000000 0.000000 -0.417651 0.142669 -0.216008 0.012060 0.007690 -0.021665
4.121344 0.000000 -0.020229 0.249895 -0.069221 0.784164 1.014489 -0.684455 -0.011960 0.036528 -0.139604 0.099229 0.796016 -0.998657 -1.067974 0.021560 -2.087653 0.658883 -4.678803 0.191052 5.019044 -2.898799 0.170598 0.170598 0.258761 0.258761 8.000000 0.000000 0.000000 0.000000 0.000000 -0.258761 0.103664 -0.170598 0.009112 0.005769 -0.015716
4.154391 0.000000 -0.020241 0.250434 -0.069221 0.782486 1.014297 -0.686133 -0.011936 0.035497 -0.139736 0.099217 0.794518 -0.998430 -1.068537 0.021560 -1.944987 0.938633 -4.586500 0.356418 4.927655 -3.190486 0.234074 0.234074 0.419208 0.419208 8.000000 0.000000 0.000000 0.000000 0.000000 -0.419208 0.104398 -0.234074 0.009816 0.006749 -0.016946
4.185834 0.000000 -0.020889 0.251956 -0.069077 0.772455 1.013218 -0.694845 -0.011936 0.031530 -0.141174 0.099050 0.782474 -0.997855 -1.071797 0.021548 -2.005251 0.688260 -5.077602 -0.215204 4.923052 -3.011972 0.175602 0.175602 0.322711 0.322711 8.000000 0.000000 0.000000 0.000000 0.000000 -0.322711 0.185608 -0.175602 0.012612 0.007529 -0.018476
4.223743 0.000000 -0.020924 0.252268 -0.069053 0.771137 1.013051 -0.696703 -0.011924 0.030608 -0.141630 0.099074 0.780724 -0.997735 -1.072804 0.021548 -1.507741 0.848857 -6.363401 0.619982 5.773646 -4.419338 0.183659 0.183659 0.318210 0.318210 8.000000 0.000000 0.000000 0.000000 0.000000 -0.318210 0.181186 -0.183659 0.011164 0.007292 -0.017751
4.266986 0.000000 -0.020948 0.252723 -0.069065 0.769783 1.012763 -0.699567 -0.011912 0.029841 -0.142217 0.099074 0.778016 -0.997639 -1.074050 0.021536 -1.942230 0.830528 -5.560510 0.249339 5.556144 -3.738101 0.226994 0.226994 0.405673 0.405673 8.000000 0.000000 0.000000 0.000000 0.000000 -0.405673 0.088812 -0.226994 0.010620 0.006235 -0.024405
4.308396 0.000000 -0.020996 0.254521 -0.068993 0.762496 1.012104 -0.708831 -0.011900 0.025718 -0.146795 0.099110 0.768584 -0.997507 -1.081792 0.021524 -1.904060 0.463212 -6.212904 0.174772 5.366838 -3.172449 0.237492 0.237492 0.413074 0.413074 8.000000 0.000000 0.000000 0.000000 0.000000 -0.413074 0.044838 -0.237492 0.009059 0.006452 -0.021634
4.334121 0.000000 -0.021008 0.254857 -0.069017 0.760459 1.011816 -0.710233 -0.011912 0.024975 -0.147957 0.099074 0.766379 -0.997255 -1.082919 0.021524 -2.534978 0.401257 -5.606316 -0.127397 5.199391 -2.377283 0.308781 0.308781 0.497928 0.497928 8.000000 0.000000 0.000000 0.000000 0.000000 -0.497928 0.175483 -0.308781 0.012652 0.009589 -0.015568
4.370094 0.000000 -0.021008 0.255504 -0.068933 0.757307 1.011481 -0.713313 -0.011900 0.023345 -0.149959 0.099002 0.763779 -0.997123 -1.084860 0.021536 -2.961792 0.427110 -5.294464 0.218981 5.561768 -2.483303 0.195378 0.195378 0.337527 0.337527 8.000000 0.000000 0.000000 0.000000 0.000000 -0.337527 0.049825 -0.195378 0.008594 0.005747 -0.019045
4.406691 0.000000 -0.024640 0.257529 -0.068933 0.750105 1.010534 -0.725213 -0.011900 0.016442 -0.161775 0.098762 0.756420 -0.996716 -1.088779 0.021536 -1.683043 -0.241651 -5.711818 0.110991 4.560783 -3.641740 0.145695 0.145695 0.270221 0.270221 8.000000 0.000000 0.000000 0.000000 0.000000 -0.270221 0.115499 -0.145695 0.009553 0.006868 -0.013773
4.444063 0.000000 -0.025610 0.257829 -0.068933 0.749206 1.010486 -0.726436 -0.011912 0.015579 -0.163705 0.098546 0.755198 -0.996500 -1.089318 0.021512 -1.345309 -0.153650 -6.645079 0.083812 4.104634 -3.332889 0.186345 0.186345 0.362384 0.362384 8.000000 0.000000 0.000000 0.000000 0.000000 -0.362384 0.186105 -0.186345 0.012951 0.008006 -0.019799
4.489835 0.000000 -0.027156 0.258344 -0.068921 0.748271 1.010318 -0.727670 -0.011900 0.014357 -0.167036 0.098199 0.753928 -0.996093 -1.089893 0.021512 0.053630 0.094949 -8.794403 1.199968 3.964755 -4.930639 0.221257 0.221257 0.376864 0.376864 8.000000 0.000000 0.000000 0.000000 0.000000 -0.376864 0.041572 -0.221257 0.009379 0.006026 -0.023471
4.523503 0.000000 -0.030811 0.265163 -0.068777 0.737653 1.008976 -0.737222 -0.011888 0.012524 -0.175557 0.093369 0.743046 -0.993732 -1.092829 0.021512 -1.446293 0.883538 -8.058374 0.716964 4.125568 -4.941341 0.173039 0.173039 0.235400 0.235400 8.000000 0.000000 0.000000 0.000000 0.000000 -0.235400 0.011635 -0.173039 0.006213 0.005344 -0.011051
4.573226 0.000000 -0.031039 0.266266 -0.068658 0.736335 1.008796 -0.738792 -0.011900 0.012440 -0.175725 0.092003 0.742303 -0.993384 -1.093932 0.021512 -1.511081 0.628646 -7.670423 0.646032 3.800341 -5.022698 0.247624 0.247624 0.364490 0.364490 8.000000 0.000000 0.000000 0.000000 0.000000 -0.364490 0.055088 -0.247624 0.008474 0.006729 -0.015568
4.622304 0.000000 -0.031387 0.267476 -0.068646 0.734609 1.008628 -0.741188 -0.011888 0.012416 -0.175892 0.091056 0.741212 -0.992857 -1.095514 0.021512 -2.295164 0.587626 -6.171130 0.187467 3.584387 -4.162901 0.273991 0.273991 0.446277 0.446277 8.000000 0.000000 0.000000 0.000000 0.000000 -0.446277 0.044180 -0.273991 0.008258 0.007200 -0.016081
4.666008 0.000000 -0.039069 0.279041 -0.068286 0.722205 1.005261 -0.754970 -0.011876 0.011840 -0.178877 0.089990 0.727694 -0.990292 -1.107510 0.021476 -0.940792 0.857196 -6.366493 -0.913766 4.654955 -2.682589 0.344304 0.344304 0.750003 0.750003 8.000000 0.000000 0.000000 0.000000 0.000000 -0.750003 0.062095 -0.344304 0.013283 0.008719 -0.038754
4.711523 0.000000 -0.039416 0.279628 -0.068262 0.720611 1.004985 -0.755498 -0.011876 0.011613 -0.178901 0.089978 0.726699 -0.990197 -1.107846 0.021500 -1.627222 1.240694 -5.889268 -1.277173 4.626584 -2.435859 0.203801 0.203801 0.354175 0.354175 8.000000 0.000000 0.000000 0.000000 0.000000 -0.354175 -0.028345 -0.203801 0.006617 0.005804 -0.018131
4.770780 0.000000 -0.040111 0.281018 -0.068250 0.717424 1.004554 -0.757091 -0.011876 0.010726 -0.179116 0.089882 0.725297 -0.989933 -1.108553 0.021500 -0.626403 1.340496 -7.912828 -0.238122 5.009161 -5.180791 0.285222 0.285222 0.521152 0.521152 8.000000 0.000000 0.000000 0.000000 0.000000 -0.521152 0.046835 -0.285222 0.011176 0.007188 -0.028922
4.829447 0.000000 -0.048944 0.287681 -0.067615 0.697422 1.002828 -0.779586 -0.011852 -0.000240 -0.188500 0.089726 0.709706 -0.988914 -1.117217 0.021488 -0.208711 -0.371363 -5.637722 0.738857 3.472736 -3.321564 0.223576 0.223576 0.477740 0.477740 8.000000 0.000000 0.000000 0.000000 0.000000 -0.477740 0.080637 -0.223576 0.010792 0.006583 -0.029770
4.890678 0.000000 -0.051233 0.287861 -0.067555 0.696200 1.002612 -0.780820 -0.011840 -0.002792 -0.191136 0.089630 0.707573 -0.988830 -1.118428 0.021488 0.183167 0.569859 -6.885527 0.505598 3.817184 -3.553505 0.372990 0.372990 0.682315 0.682315 8.000000 0.000000 0.000000 0.000000 0.000000 -0.682315 0.063493 -0.372990 0.013775 0.009395 -0.035350
4.938449 0.000000 -0.052922 0.288053 -0.067435 0.695612 1.002564 -0.782738 -0.011840 -0.004446 -0.193006 0.089426 0.705571 -0.988723 -1.119231 0.021488 1.014007 0.396878 -8.107182 0.916979 4.092537 -4.395654 0.237492 0.237492 0.336825 0.336825 8.000000 0.000000 0.000000 0.000000 0.000000 -0.336825 -0.014982 -0.237492 0.007555 0.006591 -0.016170
4.984432 0.000000 -0.058363 0.294009 -0.066920 0.677936 1.000743 -0.800271 -0.011828 -0.015579 -0.209269 0.085460 0.685965 -0.986829 -1.129837 0.021464 -1.835060 0.736340 -5.914548 0.750673 3.236270 -3.575524 0.239445 0.239445 0.464633 0.464633 8.000000 0.000000 0.000000 0.000000 0.000000 -0.464633 0.061710 -0.239445 0.010857 0.008176 -0.025602
5.018342 0.000000 -0.058914 0.294812 -0.066896 0.676426 1.000623 -0.802823 -0.011828 -0.016898 -0.210671 0.085028 0.684874 -0.986565 -1.130508 0.021452 -1.433534 0.280288 -5.513493 1.004745 2.962361 -3.804150 0.273625 0.273625 0.429065 0.429065 8.000000 0.000000 0.000000 0.000000 0.000000 -0.429065 -0.017229 -0.273625 0.008782 0.006734 -0.022207
5.043565 0.000000 -0.059226 0.295076 -0.066812 0.675850 1.000551 -0.803662 -0.011828 -0.017593 -0.211294 0.084836 0.684599 -0.986553 -1.130688 0.021476 -1.282503 0.203546 -5.634082 1.264468 2.992082 -3.971154 0.279728 0.279728 0.510745 0.510745 8.000000 0.000000 0.000000 0.000000 0.000000 -0.510745 0.027580 -0.279728 0.011529 0.007641 -0.029176
5.084625 0.000000 -0.062450 0.303105 -0.065182 0.655945 0.997831 -0.831202 -0.011769 -0.024028 -0.216459 0.084009 0.661517 -0.985475 -1.146339 0.021440 -0.785386 0.413022 -8.766762 0.207085 5.471323 -5.414023 0.216008 0.216008 0.405475 0.405475 8.000000 0.000000 0.000000 0.000000 0.000000 -0.405475 0.027874 -0.216008 0.010154 0.007650 -0.022064
5.118054 0.000000 -0.062689 0.304411 -0.065074 0.654243 0.997663 -0.834162 -0.011792 -0.024112 -0.216962 0.083985 0.658677 -0.985367 -1.147933 0.021428 -1.353419 0.347307 -8.329255 -0.850496 5.278215 -4.571363 0.279973 0.279973 0.437747 0.437747 8.000000 0.000000 0.000000 0.000000 0.000000 -0.437747 0.128822 -0.279973 0.013500 0.010568 -0.018991
5.152256 0.000000 -0.062677 0.305981 -0.065074 0.651163 0.997639 -0.836906 -0.011780 -0.024232 -0.217717 0.084009 0.655345 -0.985211 -1.149707 0.021452 -2.233518 0.174393 -7.493815 -1.167626 5.182798 -3.591214 0.215519 0.215519 0.368136 0.368136 8.000000 0.000000 0.000000 0.000000 0.000000 -0.368136 -0.033976 -0.215519 0.007185 0.006705 -0.018104
5.196869 0.000000 -0.079288 0.325492 -0.061515 0.627290 0.991826 -0.862397 -0.011757 -0.038338 -0.240368 0.081864 0.635691 -0.982023 -1.160444 0.021428 0.797927 1.316628 -8.826087 3.125964 3.789640 -7.368183 0.247624 0.247624 0.458255 0.458255 8.000000 0.000000 0.000000 0.000000 0.000000 -0.458255 -0.025753 -0.247624 0.008977 0.007160 -0.023036
5.235454 0.000000 -0.079467 0.326762 -0.060748 0.624318 0.991467 -0.865117 -0.011745 -0.039884 -0.241890 0.081577 0.633642 -0.981820 -1.162098 0.021404 -0.472266 1.245679 -7.669062 2.387009 3.938991 -6.613522 0.248478 0.248478 0.449023 0.449023 8.000000 0.000000 0.000000 0.000000 0.000000 -0.449023 0.292565 -0.248478 0.018346 0.012158 -0.024789
5.270224 0.000000 -0.090133 0.333281 -0.059993 0.598169 0.988327 -0.890116 -0.011721 -0.050849 -0.255839 0.079995 0.606270 -0.980477 -1.178193 0.021392 0.676432 -0.517685 -7.508145 1.131163 5.480598 -6.621241 0.281804 0.281804 0.394076 0.394076 8.000000 0.000000 0.000000 0.000000 0.000000 -0.394076 0.075098 -0.281804 0.011377 0.008805 -0.020094
5.317726 0.000000 -0.091404 0.333605 -0.060005 0.596083 0.988087 -0.894742 -0.011709 -0.052239 -0.255899 0.079995 0.604400 -0.980453 -1.179559 0.021380 0.531287 -0.404900 -7.533871 1.363595 4.742447 -5.991820 0.325505 0.325505 0.550006 0.550006 8.000000 0.000000 0.000000 0.000000 0.000000 -0.550006 -0.078972 -0.325505 0.008492 0.007948 -0.022980
5.348343 0.000000 -0.091979 0.333665 -0.059993 0.595796 0.987980 -0.895821 -0.011721 -0.052862 -0.255899 0.080007 0.604017 -0.980429 -1.179799 0.021380 0.773478 -0.288906 -7.571399 1.797733 4.673742 -6.067252 0.363347 0.363347 0.668902 0.668902 8.000000 0.000000 0.000000 0.000000 0.000000 -0.668902 0.145647 -0.363347 0.016113 0.012073 -0.029460
5.382442 0.000000 -0.099026 0.341095 -0.059861 0.570042 0.986757 -0.924020 -0.011697 -0.062869 -0.260106 0.080007 0.575818 -0.979531 -1.196673 0.021344 -0.934456 0.493384 -6.534871 0.872931 5.197011 -3.933409 0.276677 0.276677 0.406161 0.406161 8.000000 0.000000 0.000000 0.000000 0.000000 -0.406161 -0.069567 -0.276677 0.007769 0.007374 -0.017508
5.423458 0.000000 -0.099709 0.342150 -0.059837 0.567956 0.986745 -0.925853 -0.011685 -0.064116 -0.260980 0.079959 0.572570 -0.979495 -1.197404 0.021344 -0.083534 -0.167975 -6.983007 -0.158305 5.724042 -4.626769 0.347722 0.347722 0.537967 0.537967 8.000000 0.000000 0.000000 0.000000 0.000000 -0.537967 -0.072535 -0.347722 0.008594 0.009032 -0.018572
5.447603 0.000000 -0.100068 0.342749 -0.059777 0.566938 0.986721 -0.926776 -0.011685 -0.064655 -0.261652 0.079947 0.570485 -0.979399 -1.197775 0.021344 -0.113277 -0.360069 -6.914851 -0.563606 6.013044 -4.127644 0.252873 0.252873 0.581119 0.581119 8.000000 0.000000 0.000000 0.000000 0.000000 -0.581119 0.065548 -0.252873 0.013483 0.009713 -0.032722
5.494447 0.000000 -0.100703 0.343779 -0.059777 0.565080 0.986673 -0.928598 -0.011673 -0.065710 -0.262874 0.079947 0.567813 -0.979087 -1.198926 0.021344 -0.826951 -0.338846 -6.391219 -0.255167 6.096584 -2.886644 0.256901 0.256901 0.523181 0.523181 8.000000 0.000000 0.000000 0.000000 0.000000 -0.523181 -0.033385 -0.256901 0.010026 0.007617 -0.027528
5.541033 0.000000 -0.106660 0.356303 -0.059418 0.553779 0.983929 -0.943854 -0.011649 -0.077502 -0.283463 0.079012 0.557686 -0.977925 -1.206895 0.021320 -1.751281 0.832042 -6.716856 1.528135 4.242404 -4.670626 0.259099 0.259099 0.555026 0.555026 8.000000 0.000000 0.000000 0.000000 0.000000 -0.555026 -0.043839 -0.259099 0.009786 0.008565 -0.026954
5.588671 0.000000 -0.107019 0.358568 -0.059310 0.551790 0.983126 -0.946310 -0.011661 -0.079467 -0.286471 0.078640 0.556643 -0.977673 -1.208286 0.021308 0.330115 0.823226 -7.741393 2.941649 4.196777 -6.358044 0.196721 0.196721 0.327655 0.327655 8.000000 0.000000 0.000000 0.000000 0.000000 -0.327655 -0.069277 -0.196721 0.006801 0.006714 -0.016925
5.637755 0.000000 -0.109368 0.371247 -0.058447 0.539050 0.981532 -0.963747 -0.011637 -0.086982 -0.297257 0.074578 0.535515 -0.970686 -1.218316 0.021284 0.317249 0.936892 -9.252210 0.460338 4.947603 -4.686481 0.435734 0.435734 0.669528 0.669528 8.000000 0.000000 0.000000 0.000000 0.000000 -0.669528 -0.069598 -0.435734 0.010228 0.010696 -0.024931
5.686075 0.000000 -0.109799 0.371751 -0.058040 0.537516 0.981196 -0.967163 -0.011649 -0.087437 -0.297424 0.074410 0.532291 -0.970267 -1.219443 0.021284 -0.346406 0.855703 -9.078230 -0.027742 4.741642 -3.611603 0.389836 0.389836 0.654590 0.654590 8.000000 0.000000 0.000000 0.000000 0.000000 -0.654590 -0.109932 -0.389836 0.009319 0.009858 -0.027728
5.713415 0.000000 -0.109991 0.372146 -0.058016 0.535239 0.981161 -0.969104 -0.011649 -0.088036 -0.297568 0.074422 0.529942 -0.969955 -1.220665 0.021296 -1.019891 0.991517 -8.674149 0.303741 4.771130 -3.026919 0.409123 0.409123 0.756625 0.756625 8.000000 0.000000 0.000000 0.000000 0.000000 -0.756625 -0.004467 -0.409123 0.013335 0.011867 -0.030480
5.746528 0.000000 -0.119027 0.372925 -0.057944 0.517611 0.979794 -0.986721 -0.011601 -0.093920 -0.299486 0.074458 0.520020 -0.969056 -1.228982 0.021284 0.610964 0.322528 -7.809532 -0.203376 4.576280 -4.126525 0.341008 0.341008 0.596988 0.596988 8.000000 0.000000 0.000000 0.000000 0.000000 -0.596988 -0.168812 -0.341008 0.007597 0.008577 -0.024826
5.783712 0.000000 -0.119938 0.373357 -0.057908 0.515669 0.979555 -0.988495 -0.011625 -0.094376 -0.299953 0.074458 0.517802 -0.968985 -1.229965 0.021284 -0.373203 0.249642 -7.884586 0.857146 5.462844 -4.072189 0.502263 0.502263 0.505099 0.505099 8.000000 0.000000 0.000000 0.000000 0.000000 -0.505099 -0.194004 -0.502263 0.007468 0.011022 -0.020050
5.815658 0.000000 -0.120777 0.374004 -0.057800 0.512565 0.979315 -0.991215 -0.011613 -0.095035 -0.300708 0.074458 0.515370 -0.968853 -1.231643 0.021272 -0.448214 0.056545 -7.891893 0.797821 5.466351 -4.478103 1.166813 1.166813 0.647525 0.647525 8.000000 0.000000 0.000000 0.000000 0.000000 -0.647525 -0.114298 -1.166813 0.017739 0.023048 -0.023740
5.840813 0.000000 -0.134056 0.383327 -0.057476 0.486080 0.978117 -1.016634 -0.011601 -0.107187 -0.327816 0.073499 0.489052 -0.966240 -1.245149 0.021248 0.708966 0.138059 -7.024517 2.051610 3.529666 -4.132457 0.963200 0.963200 0.727252 0.727252 8.000000 0.000000 0.000000 0.000000 0.000000 -0.727252 -0.085087 -0.963200 0.014959 0.019935 -0.028960
5.864325 0.000000 -0.135625 0.384334 -0.057476 0.484762 0.978045 -1.017856 -0.011589 -0.108529 -0.329315 0.073080 0.488884 -0.965281 -1.245269 0.021236 0.746160 -0.105068 -7.075686 1.938650 3.499705 -4.311007 1.215031 1.215031 0.785266 0.785266 8.000000 0.000000 0.000000 0.000000 0.000000 -0.785266 -0.117611 -1.215031 0.016283 0.023481 -0.025449
5.885627 0.000000 -0.141857 0.401807 -0.055643 0.466941 0.976451 -1.036300 -0.011577 -0.115192 -0.336086 0.070995 0.473772 -0.962777 -1.257601 0.021212 -1.293805 0.652691 -7.080109 -0.550830 4.741772 -4.138377 1.076115 1.076115 0.539386 0.539386 8.000000 0.000000 0.000000 0.000000 0.000000 -0.539386 -0.215655 -1.076115 0.011706 0.020946 -0.018014
5.920153 0.000000 -0.141857 0.402730 -0.055475 0.465707 0.976463 -1.037738 -0.011577 -0.115204 -0.336313 0.070971 0.471567 -0.962777 -1.258667 0.021200 -1.262180 0.959821 -6.439539 -0.619266 4.138268 -3.363310 1.029118 1.029118 0.592654 0.592654 8.000000 0.000000 0.000000 0.000000 0.000000 -0.592654 -0.169737 -1.029118 0.008825 0.018185 -0.019856
5.944292 0.000000 -0.142025 0.403365 -0.055307 0.464784 0.976391 -1.039176 -0.011589 -0.115264 -0.336553 0.070959 0.470105 -0.962765 -1.259326 0.021188 -0.443519 0.837912 -7.170289 -0.250003 4.362756 -4.213962 1.055729 1.055729 0.773135 0.773135 8.000000 0.000000 0.000000 0.000000 0.000000 -0.773135 -0.085661 -1.055729 0.010688 0.018817 -0.021426
5.972230 0.000000 -0.142001 0.403988 -0.054972 0.463718 0.976199 -1.041022 -0.011577 -0.115336 -0.336841 0.070971 0.468308 -0.962657 -1.260381 0.021200 -0.303947 0.969734 -7.402090 -0.075671 4.576912 -4.301096 1.425847 1.425847 0.716159 0.716159 8.000000 0.000000 0.000000 0.000000 0.000000 -0.716159 -0.235672 -1.425847 0.012551 0.025499 -0.020117
6.006698 0.000000 -0.142660 0.410364 -0.053821 0.446916 0.975384 -1.062102 -0.011541 -0.123797 -0.344331 0.070947 0.447084 -0.961482 -1.269908 0.021164 -1.108464 0.915885 -7.389550 1.501089 4.003528 -3.910215 1.310368 1.310368 0.752643 0.752643 8.000000 0.000000 0.000000 0.000000 0.000000 -0.752643 -0.192093 -1.310368 0.006624 0.021154 -0.016733
6.043851 0.000000 -0.143008 0.411023 -0.053809 0.443992 0.975049 -1.063852 -0.011553 -0.125439 -0.346152 0.070815 0.445538 -0.961123 -1.270987 0.021164 -0.620006 0.452901 -7.778231 1.467218 4.542183 -4.893180 1.434269 1.434269 0.845691 0.845691 8.000000 0.000000 0.000000 0.000000 0.000000 -0.845691 -0.190237 -1.434269 0.006586 0.022510 -0.019014
6.082347 0.000000 -0.144014 0.411263 -0.053641 0.442565 0.974521 -1.067016 -0.011541 -0.126470 -0.347962 0.070611 0.443452 -0.960955 -1.272401 0.021152 -0.132564 0.158771 -7.931425 0.533323 4.563737 -5.227870 1.889470 1.889470 0.870013 0.870013 8.000000 0.000000 0.000000 0.000000 0.000000 -0.870013 -0.133099 -1.889470 0.014047 0.032487 -0.019612
6.135336 0.000000 -0.149192 0.417399 -0.051053 0.435195 0.972005 -1.081792 -0.011541 -0.135170 -0.369594 0.069748 0.430090 -0.960356 -1.283211 0.021164 -1.258590 2.401144 -9.800463 -0.670628 2.240179 -4.574056 2.812443 2.812443 1.063861 1.063861 8.000000 0.000000 0.000000 0.000000 0.000000 -1.063861 -0.385962 -2.812443 0.020706 0.049262 -0.029927
6.187473 0.000000 -0.149204 0.419088 -0.051101 0.432379 0.971945 -1.084836 -0.011541 -0.135805 -0.372314 0.069281 0.427094 -0.960248 -1.284589 0.021152 -1.343274 1.320015 -9.021620 -0.621176 1.994037 -3.478987 2.605534 2.605534 1.145724 1.145724 8.000000 0.000000 0.000000 0.000000 0.000000 -1.145724 -0.445538 -2.605534 0.011760 0.038821 -0.039820
6.233523 0.000000 -0.149455 0.429790 -0.050753 0.418034 0.971226 -1.099373 -0.011529 -0.137339 -0.379672 0.065218 0.413803 -0.960188 -1.287969 0.021176 -2.043755 2.502524 -8.707332 -0.522290 2.277607 -4.899455 2.291081 2.291081 1.111011 1.111011 8.000000 0.000000 0.000000 0.000000 0.000000 -1.111011 -0.379656 -2.291081 0.016022 0.040115 -0.040010
6.269279 0.000000 -0.149479 0.432666 -0.050741 0.415002 0.971010 -1.101458 -0.011541 -0.137807 -0.380739 0.064499 0.411107 -0.960056 -1.288975 0.021152 -2.637429 2.913028 -8.151584 -0.372378 1.958849 -4.198922 2.239079 2.239079 0.776980 0.776980 8.000000 0.000000 0.000000 0.000000 0.000000 -0.776980 -0.573340 -2.239079 0.011315 0.040713 -0.022587
6.302427 0.000000 -0.154812 0.445957 -0.049423 0.401400 0.969164 -1.120957 -0.011553 -0.142157 -0.394988 0.063600 0.402526 -0.959697 -1.300948 0.021140 -1.739919 2.919886 -8.764988 -1.474235 0.553339 -4.985447 2.262272 2.262272 0.905612 0.905612 8.000000 0.000000 0.000000 0.000000 0.000000 -0.905612 -0.372950 -2.262272 0.019183 0.046044 -0.033084
6.343001 0.000000 -0.156358 0.447227 -0.049243 0.400944 0.968853 -1.123078 -0.011517 -0.142564 -0.397864 0.063528 0.400752 -0.959673 -1.303548 0.021140 -1.207048 3.644399 -9.654452 -0.975589 0.262063 -5.933809 2.531437 2.531437 1.185214 1.185214 8.000000 0.000000 0.000000 0.000000 0.000000 -1.185214 -0.546194 -2.531437 0.012946 0.044697 -0.038171
6.373010 0.000000 -0.157377 0.455988 -0.047973 0.387570 0.967990 -1.141294 -0.011541 -0.143523 -0.411802 0.062773 0.380967 -0.959529 -1.310655 0.021140 -2.090669 3.950206 -10.647159 -1.364826 0.219165 -6.518758 2.384465 2.384465 1.161273 1.161273 8.000000 0.000000 0.000000 0.000000 0.000000 -1.161273 -0.617777 -2.384465 0.005906 0.038660 -0.030178
6.405665 0.000000 -0.157365 0.457282 -0.047961 0.384945 0.967990 -1.143775 -0.011541 -0.144134 -0.412497 0.062570 0.379720 -0.959517 -1.312117 0.021128 -2.599072 4.406767 -10.509038 -1.710132 0.299948 -7.071112 2.422307 2.422307 1.191455 1.191455 8.000000 0.000000 0.000000 0.000000 0.000000 -1.191455 -0.601240 -2.422307 0.001281 0.033965 -0.032034
6.430370 0.000000 -0.157425 0.469230 -0.047613 0.372314 0.967594 -1.161727 -0.011517 -0.148628 -0.417794 0.060796 0.369917 -0.959385 -1.322759 0.021140 -3.537132 5.257103 -10.057399 -1.629703 -0.237981 -7.105233 2.437809 2.437809 1.265185 1.265185 8.000000 0.000000 0.000000 0.000000 0.000000 -1.265185 -0.655440 -2.437809 -0.004293 0.030092 -0.026808
6.455196 0.000000 -0.157569 0.470848 -0.047565 0.370049 0.967558 -1.163776 -0.011529 -0.149731 -0.419004 0.060796 0.368934 -0.959385 -1.324449 0.021140 -3.905644 5.495606 -10.336796 -1.171023 -0.225925 -7.734394 2.374821 2.374821 1.316119 1.316119 8.000000 0.000000 0.000000 0.000000 0.000000 -1.316119 -0.654845 -2.374821 -0.006758 0.026242 -0.031808
6.480506 0.000000 -0.159738 0.478626 -0.047553 0.355272 0.967091 -1.176995 -0.011541 -0.152847 -0.430689 0.060760 0.354398 -0.958990 -1.329206 0.021128 -4.189307 5.631860 -9.651450 -2.375704 -1.251989 -7.104739 2.152409 2.152409 1.200809 1.200809 8.000000 0.000000 0.000000 0.000000 0.000000 -1.200809 -0.738388 -2.152409 -0.017298 0.016117 -0.023351
6.510539 0.000000 -0.161356 0.480208 -0.047505 0.353271 0.966971 -1.179979 -0.011529 -0.153626 -0.433889 0.060628 0.349987 -0.958882 -1.330704 0.021128 -3.659713 5.651894 -10.453717 -2.566785 -1.317733 -7.367280 2.101994 2.101994 1.496875 1.496875 8.000000 0.000000 0.000000 0.000000 0.000000 -1.496875 -0.672707 -2.101994 -0.017709 0.012182 -0.032996
6.539143 0.000000 -0.163153 0.481970 -0.047314 0.351869 0.966791 -1.183262 -0.011517 -0.154932 -0.436501 0.060245 0.347051 -0.958702 -1.332778 0.021128 -3.872965 6.161262 -10.537304 -2.593156 -1.628048 -6.856344 1.998723 1.998723 1.339694 1.339694 8.000000 0.000000 0.000000 0.000000 0.000000 -1.339694 -0.629336 -1.998723 -0.013995 0.012778 -0.032985
6.568986 0.000000 -0.170595 0.490395 -0.046942 0.341622 0.966648 -1.195990 -0.011541 -0.162973 -0.447850 0.058615 0.335810 -0.958367 -1.340244 0.021140 -3.930105 6.753058 -10.808428 -2.803139 -2.218077 -6.953532 1.960392 1.960392 1.443667 1.443667 8.000000 0.000000 0.000000 0.000000 0.000000 -1.443667 -0.702692 -1.960392 -0.020524 0.007708 -0.033320
6.600891 0.000000 -0.175281 0.493942 -0.045924 0.333042 0.966444 -1.205385 -0.011529 -0.165790 -0.454466 0.053725 0.330849 -0.958235 -1.346775 0.021128 -4.323383 6.369437 -10.806919 -2.763675 -3.511212 -8.048210 1.997380 1.997380 1.485934 1.485934 8.000000 0.000000 0.000000 0.000000 0.000000 -1.485934 -0.841250 -1.997380 -0.034973 -0.003073 -0.031211
6.624958 0.000000 -0.175892 0.494757 -0.045276 0.331280 0.966312 -1.207950 -0.011541 -0.166065 -0.454825 0.051304 0.330058 -0.958199 -1.347806 0.021140 -4.718637 7.038346 -11.140367 -2.151882 -3.063037 -8.649160 2.052433 2.052433 1.707309 1.707309 8.000000 0.000000 0.000000 0.000000 0.000000 -1.707309 -0.776337 -2.052433 -0.032064 -0.003364 -0.040297
6.646642 0.000000 -0.175928 0.495512 -0.044629 0.328979 0.966132 -1.210563 -0.011541 -0.166257 -0.455005 0.049591 0.328895 -0.958139 -1.348405 0.021140 -4.751807 7.277446 -10.909007 -1.858753 -3.307110 -8.716951 1.993718 1.993718 1.695346 1.695346 8.000000 0.000000 0.000000 0.000000 0.000000 -1.695346 -0.794365 -1.993718 -0.029191 -0.002483 -0.042345
6.668640 0.000000 -0.176060 0.501108 -0.042580 0.322040 0.964574 -1.219994 -0.011517 -0.166713 -0.457989 0.047446 0.320230 -0.957959 -1.352408 0.021128 -4.705053 7.905553 -11.185055 -2.478694 -3.417162 -8.646337 1.950261 1.950261 1.644626 1.644626 8.000000 0.000000 0.000000 0.000000 0.000000 -1.644626 -0.853693 -1.950261 -0.030872 -0.003337 -0.040017
6.690743 0.000000 -0.176084 0.502331 -0.041825 0.320350 0.963640 -1.221888 -0.011517 -0.166940 -0.459559 0.047434 0.317882 -0.957779 -1.353163 0.021128 -4.992509 7.984307 -10.564062 -2.826746 -3.894881 -8.281259 1.939274 1.939274 1.680789 1.680789 8.000000 0.000000 0.000000 0.000000 0.000000 -1.680789 -0.944762 -1.939274 -0.042249 -0.012158 -0.038973
6.709419 0.000000 -0.176204 0.505854 -0.040950 0.311794 0.961003 -1.229594 -0.011541 -0.168127 -0.465911 0.047446 0.311230 -0.957540 -1.356818 0.021128 -5.586753 7.662729 -10.809688 -2.599820 -4.258916 -8.500384 1.983464 1.983464 1.680759 1.680759 8.000000 0.000000 0.000000 0.000000 0.000000 -1.680759 -1.002621 -1.983464 -0.051950 -0.020662 -0.037893
6.730530 0.000000 -0.176288 0.506837 -0.040902 0.309780 0.960727 -1.232518 -0.011529 -0.168966 -0.468056 0.047458 0.309912 -0.957468 -1.358664 0.021128 -6.229448 7.764872 -10.563462 -2.840077 -4.578737 -8.353544 2.127751 2.127751 1.972293 1.972293 8.000000 0.000000 0.000000 0.000000 0.000000 -1.972293 -1.033442 -2.127751 -0.059100 -0.025442 -0.045670
6.752958 0.000000 -0.176683 0.509953 -0.040698 0.302662 0.958906 -1.239696 -0.011505 -0.171602 -0.476481 0.046894 0.301978 -0.957372 -1.365207 0.021116 -6.109845 8.270458 -10.821353 -3.362486 -5.025320 -8.031263 2.232243 2.232243 2.052814 2.052814 8.000000 0.000000 0.000000 0.000000 0.000000 -2.052814 -1.117136 -2.232243 -0.065480 -0.030782 -0.047548
6.773798 0.000000 -0.176971 0.510480 -0.040219 0.301943 0.958498 -1.241949 -0.011517 -0.172105 -0.477655 0.046055 0.300061 -0.957360 -1.366405 0.021140 -6.257364 8.296266 -10.730593 -3.689906 -5.283157 -8.090235 2.262394 2.262394 2.019839 2.019839 8.000000 0.000000 0.000000 0.000000 0.000000 -2.019839 -1.209046 -2.262394 -0.073251 -0.037973 -0.049668
6.795830 0.000000 -0.177139 0.511475 -0.039872 0.300265 0.957983 -1.244610 -0.011517 -0.172513 -0.479105 0.045133 0.297365 -0.957372 -1.367556 0.021116 -6.801166 8.455582 -10.717607 -4.089169 -5.676141 -8.213579 2.218937 2.218937 1.952701 1.952701 8.000000 0.000000 0.000000 0.000000 0.000000 -1.952701 -1.190987 -2.218937 -0.074215 -0.041054 -0.049278
6.815973 0.000000 -0.177151 0.515573 -0.039536 0.291241 0.956845 -1.252855 -0.011517 -0.175725 -0.483468 0.043814 0.291960 -0.957192 -1.371427 0.021116 -7.484651 8.920966 -10.523559 -2.975735 -5.691123 -8.371122 2.209416 2.209416 1.983218 1.983218 8.000000 0.000000 0.000000 0.000000 0.000000 -1.983218 -1.263432 -2.209416 -0.079615 -0.046915 -0.051887
6.841236 0.000000 -0.177582 0.517539 -0.039560 0.288556 0.956509 -1.255156 -0.011493 -0.177882 -0.484750 0.043515 0.291169 -0.957060 -1.372565 0.021104 -7.766042 9.127489 -10.594703 -2.511429 -5.653364 -8.479256 2.252263 2.252263 2.185733 2.185733 8.000000 0.000000 0.000000 0.000000 0.000000 -2.185733 -1.351860 -2.252263 -0.092025 -0.056466 -0.058585
6.864340 0.000000 -0.181046 0.522153 -0.039380 0.285117 0.955323 -1.260105 -0.011493 -0.182364 -0.488585 0.042904 0.286375 -0.955358 -1.374555 0.021116 -6.106977 9.151578 -10.626582 -2.965420 -6.271946 -8.741598 2.407658 2.407658 2.344104 2.344104 8.000000 0.000000 0.000000 0.000000 0.000000 -2.344104 -1.248902 -2.407658 -0.091582 -0.056387 -0.054217
6.885716 0.000000 -0.183263 0.523459 -0.039045 0.284949 0.955011 -1.262718 -0.011505 -0.183071 -0.490466 0.042796 0.283774 -0.954244 -1.375370 0.021116 -5.915994 9.363903 -10.878954 -3.222700 -6.543958 -8.632427 2.283513 2.283513 2.285586 2.285586 8.000000 0.000000 0.000000 0.000000 0.000000 -2.285586 -1.375744 -2.283513 -0.102199 -0.064870 -0.057622
6.914746 0.000000 -0.188140 0.528576 -0.037906 0.279844 0.954304 -1.270951 -0.011493 -0.185684 -0.494697 0.042208 0.275877 -0.951104 -1.378653 0.021104 -6.787427 10.077733 -10.392554 -3.418234 -6.122768 -8.212619 2.385563 2.385563 2.397677 2.397677 8.000000 0.000000 0.000000 0.000000 0.000000 -2.397677 -1.503550 -2.385563 -0.119680 -0.079304 -0.058889
6.936254 0.000000 -0.188500 0.529559 -0.037559 0.278154 0.954184 -1.272485 -0.011493 -0.186355 -0.495416 0.042137 0.274379 -0.950733 -1.379636 0.021116 -7.522614 10.271805 -10.297556 -3.593978 -6.149603 -7.832604 2.237126 2.237126 2.331622 2.331622 8.000000 0.000000 0.000000 0.000000 0.000000 -2.331622 -1.606207 -2.237126 -0.128216 -0.090453 -0.065102
6.964122 0.000000 -0.188883 0.530602 -0.036983 0.275230 0.954028 -1.274402 -0.011493 -0.187277 -0.496219 0.042125 0.272569 -0.950313 -1.381110 0.021116 -7.717032 10.191349 -10.228539 -3.635124 -6.210610 -7.695422 1.989811 1.989811 2.376514 2.376514 8.000000 0.000000 0.000000 0.000000 0.000000 -2.376514 -1.239186 -1.989811 -0.104065 -0.080483 -0.072135
6.987721 0.000000 -0.191436 0.534173 -0.034011 0.266313 0.952998 -1.280958 -0.011481 -0.192071 -0.499874 0.041849 0.269645 -0.949582 -1.385640 0.021104 -7.086325 10.418121 -9.538249 -3.358674 -6.919363 -8.070551 1.983220 1.983220 2.199786 2.199786 8.000000 0.000000 0.000000 0.000000 0.000000 -2.199786 -0.948784 -1.983220 -0.097782 -0.078420 -0.073004
7.017862 0.000000 -0.192922 0.534976 -0.033436 0.265630 0.952722 -1.282552 -0.011493 -0.192934 -0.501252 0.041801 0.268183 -0.949558 -1.386695 0.021116 -6.515527 10.574043 -9.653099 -3.325586 -6.875199 -8.038500 2.070256 2.070256 2.109698 2.109698 8.000000 0.000000 0.000000 0.000000 0.000000 -2.109698 -0.995270 -2.070256 -0.108397 -0.086404 -0.071037
7.050269 0.000000 -0.194480 0.535659 -0.033052 0.265259 0.952518 -1.284385 -0.011481 -0.193629 -0.502798 0.041741 0.265966 -0.949522 -1.387941 0.021116 -6.451454 10.825182 -9.657199 -3.885342 -7.179887 -7.683609 2.091130 2.091130 2.260562 2.260562 8.000000 0.000000 0.000000 0.000000 0.000000 -2.260562 -1.109637 -2.091130 -0.112080 -0.091658 -0.081868
7.085751 0.000000 -0.197069 0.539662 -0.030596 0.260561 0.951715 -1.288975 -0.011469 -0.196541 -0.508551 0.041777 0.254665 -0.949235 -1.391536 0.021116 -7.848188 11.930818 -9.816428 -4.269755 -6.980284 -6.404566 1.920231 1.920231 2.134646 2.134646 8.000000 0.000000 0.000000 0.000000 0.000000 -2.134646 -1.013195 -1.920231 -0.101008 -0.084068 -0.075951
7.112904 0.000000 -0.197081 0.540692 -0.030260 0.258176 0.951140 -1.291049 -0.011469 -0.197644 -0.510097 0.041765 0.252316 -0.948767 -1.392627 0.021104 -8.199520 11.313131 -9.357564 -4.281598 -7.039697 -5.872007 1.798771 1.798771 1.974444 1.974444 8.000000 0.000000 0.000000 0.000000 0.000000 -1.974444 -1.211804 -1.798771 -0.107325 -0.087888 -0.070571
7.142951 0.000000 -0.197129 0.541495 -0.030260 0.256606 0.950721 -1.292187 -0.011469 -0.198627 -0.511271 0.041765 0.251417 -0.948575 -1.393142 0.021092 -8.477246 11.361045 -8.879565 -4.497980 -7.356618 -6.036874 2.094914 2.094914 2.150241 2.150241 8.000000 0.000000 0.000000 0.000000 0.000000 -2.150241 -1.079165 -2.094914 -0.113071 -0.092185 -0.072309
7.190470 0.000000 -0.197608 0.546085 -0.030236 0.247139 0.949019 -1.296837 -0.011457 -0.202809 -0.516880 0.041130 0.248840 -0.947173 -1.395203 0.021080 -8.758360 11.893565 -8.003147 -4.402085 -8.544525 -7.052055 1.948796 1.948796 2.269305 2.269305 8.000000 0.000000 0.000000 0.000000 0.000000 -2.269305 -1.335921 -1.948796 -0.114534 -0.092309 -0.080394
7.241606 0.000000 -0.198603 0.546624 -0.030200 0.246635 0.948360 -1.298623 -0.011457 -0.202809 -0.518641 0.040914 0.247726 -0.946526 -1.395611 0.021080 -8.001170 11.490438 -8.235199 -4.787533 -8.641096 -6.543416 2.232243 2.232243 2.498706 2.498706 8.000000 0.000000 0.000000 0.000000 0.000000 -2.498706 -1.346281 -2.232243 -0.122545 -0.095540 -0.078427
7.274963 0.000000 -0.199465 0.546936 -0.030140 0.246551 0.947904 -1.299977 -0.011457 -0.202833 -0.519876 0.040878 0.246683 -0.946011 -1.396138 0.021104 -7.972700 11.801806 -8.385274 -5.078981 -8.573169 -6.310735 1.923405 1.923405 1.974124 1.974124 8.000000 0.000000 0.000000 0.000000 0.000000 -1.974124 -0.766196 -1.923405 -0.088123 -0.074096 -0.060183
7.309590 0.000000 -0.206908 0.550232 -0.029026 0.246384 0.947449 -1.306520 -0.011433 -0.203121 -0.524118 0.040567 0.238582 -0.944261 -1.401759 0.021068 -5.010568 12.290187 -9.745879 -5.376942 -7.082254 -6.652618 2.392399 2.392399 2.568164 2.568164 8.000000 0.000000 0.000000 0.000000 0.000000 -2.568164 -1.381796 -2.392399 -0.125414 -0.092816 -0.066289
7.369889 0.000000 -0.208909 0.550519 -0.027959 0.246036 0.947197 -1.308845 -0.011433 -0.203372 -0.524034 0.040615 0.234292 -0.943842 -1.403365 0.021056 -4.063830 11.928669 -10.283036 -7.284533 -7.156132 -5.557570 2.125920 2.125920 2.305072 2.305072 8.000000 0.000000 0.000000 0.000000 0.000000 -2.305072 -1.188149 -2.125920 -0.107936 -0.083665 -0.064525
7.412344 0.000000 -0.209976 0.550843 -0.027624 0.245581 0.947005 -1.310571 -0.011421 -0.203468 -0.524034 0.040662 0.231799 -0.943590 -1.404407 0.021056 -4.280247 12.370124 -10.083008 -7.674740 -7.296927 -5.218593 2.116887 2.116887 2.176013 2.176013 8.000000 0.000000 0.000000 0.000000 0.000000 -2.176013 -0.887455 -2.116887 -0.100731 -0.082353 -0.066486
7.454305 0.000000 -0.215225 0.558705 -0.025670 0.232494 0.945591 -1.320338 -0.011421 -0.205841 -0.529487 0.040615 0.222164 -0.943111 -1.412473 0.021032 -6.725352 13.115098 -8.475908 -7.363267 -8.954597 -5.623645 2.054631 2.054631 2.200091 2.200091 8.000000 0.000000 0.000000 0.000000 0.000000 -2.200091 -0.984711 -2.054631 -0.092893 -0.075675 -0.068685
7.491133 0.000000 -0.215500 0.559496 -0.025658 0.229738 0.945507 -1.321045 -0.011421 -0.206380 -0.530578 0.040579 0.221804 -0.943015 -1.412760 0.021044 -6.616311 12.679662 -8.688051 -6.552273 -8.609248 -6.060198 1.681584 1.681584 1.882541 1.882541 8.000000 0.000000 0.000000 0.000000 0.000000 -1.882541 -1.056355 -1.681584 -0.089543 -0.074406 -0.062761
7.537318 0.000000 -0.218988 0.566482 -0.023657 0.216543 0.943925 -1.333257 -0.011409 -0.213487 -0.536486 0.040303 0.212444 -0.942380 -1.420287 0.021020 -7.023662 13.273995 -8.522917 -6.824142 -8.208238 -6.688043 1.842228 1.842228 2.235385 2.235385 8.000000 0.000000 0.000000 0.000000 0.000000 -2.235385 -1.280665 -1.842228 -0.100016 -0.080390 -0.073397
7.589783 0.000000 -0.219311 0.566806 -0.023525 0.215069 0.943866 -1.333868 -0.011409 -0.214266 -0.537876 0.040303 0.211785 -0.942296 -1.420934 0.020996 -6.390605 13.024044 -8.392826 -5.793434 -8.218009 -6.736702 1.721989 1.721989 1.969729 1.969729 8.000000 0.000000 0.000000 0.000000 0.000000 -1.969729 -1.091942 -1.721989 -0.089702 -0.073380 -0.060813
7.627490 0.000000 -0.219599 0.567237 -0.023297 0.214326 0.943818 -1.335366 -0.011397 -0.214949 -0.538823 0.040255 0.211294 -0.942200 -1.421449 0.020996 -6.102769 13.315888 -8.862504 -5.471581 -8.068552 -7.071341 1.770817 1.770817 2.150287 2.150287 8.000000 0.000000 0.000000 0.000000 0.000000 -2.150287 -0.901160 -1.770817 -0.079809 -0.065834 -0.066088
7.656106 0.000000 -0.223961 0.569143 -0.022303 0.206009 0.943206 -1.348681 -0.011397 -0.221648 -0.543437 0.034443 0.198171 -0.940594 -1.425176 0.020912 -4.724311 12.618289 -9.203648 -5.076123 -7.216339 -6.739010 1.814396 1.814396 2.015658 2.015658 8.000000 0.000000 0.000000 0.000000 0.000000 -2.015658 -0.921900 -1.814396 -0.084232 -0.068091 -0.062566
7.695865 0.000000 -0.224908 0.569191 -0.022327 0.205601 0.943087 -1.350862 -0.011397 -0.222763 -0.543461 0.034395 0.195595 -0.940486 -1.425476 0.020912 -4.715916 12.850597 -9.937076 -5.020340 -7.278083 -6.376422 1.843449 1.843449 1.944079 1.944079 8.000000 0.000000 0.000000 0.000000 0.000000 -1.944079 -1.109574 -1.843449 -0.091073 -0.069054 -0.055182
7.736126 0.000000 -0.225627 0.569371 -0.022303 0.204978 0.943027 -1.353510 -0.011397 -0.223901 -0.543568 0.034347 0.193234 -0.940462 -1.426267 0.020912 -4.200075 12.974002 -10.713488 -4.640379 -7.140288 -6.856544 1.727849 1.727849 1.904605 1.904605 8.000000 0.000000 0.000000 0.000000 0.000000 -1.904605 -0.958805 -1.727849 -0.080729 -0.063965 -0.056528
7.768445 0.000000 -0.229762 0.570809 -0.021584 0.189159 0.939899 -1.365027 -0.011373 -0.240044 -0.552641 0.034215 0.184653 -0.940414 -1.433673 0.020912 -4.424338 12.121328 -10.153791 -2.317628 -7.946317 -7.122066 1.609807 1.609807 1.644534 1.644534 8.000000 0.000000 0.000000 0.000000 0.000000 -1.644534 -0.729718 -1.609807 -0.066670 -0.056585 -0.056839
7.804204 0.000000 -0.230672 0.570809 -0.021608 0.187997 0.939767 -1.366573 -0.011361 -0.241111 -0.553276 0.034263 0.183826 -0.940402 -1.434200 0.020912 -4.077704 11.714747 -9.918968 -1.993016 -7.768782 -7.474229 1.882023 1.882023 1.908435 1.908435 8.000000 0.000000 0.000000 0.000000 0.000000 -1.908435 -0.813923 -1.882023 -0.076304 -0.061200 -0.063843
7.845595 0.000000 -0.232075 0.570809 -0.021644 0.186954 0.939731 -1.368047 -0.011373 -0.241686 -0.554330 0.034179 0.182364 -0.940390 -1.434464 0.020912 -3.737343 11.514855 -9.820663 -2.317389 -8.030519 -7.259017 1.762761 1.762761 1.745563 1.745563 8.000000 0.000000 0.000000 0.000000 0.000000 -1.745563 -0.775017 -1.762761 -0.071608 -0.058985 -0.058477
7.874490 0.000000 -0.243364 0.573481 -0.020996 0.175437 0.938952 -1.378629 -0.011373 -0.243903 -0.560910 0.033879 0.171626 -0.940270 -1.440001 0.020889 -2.093121 11.279570 -10.376468 -1.329003 -7.184812 -8.642480 1.684880 1.684880 1.600665 1.600665 8.000000 0.000000 0.000000 0.000000 0.000000 -1.600665 -0.491358 -1.684880 -0.056532 -0.049253 -0.052524
7.931952 0.000000 -0.244754 0.573685 -0.020972 0.174514 0.938928 -1.380331 -0.011373 -0.244191 -0.560970 0.033891 0.170823 -0.940258 -1.440516 0.020877 -1.597933 10.631420 -10.024242 -1.348746 -7.413356 -8.778998 1.624455 1.624455 1.735644 1.735644 8.000000 0.000000 0.000000 0.000000 0.000000 -1.735644 -0.705231 -1.624455 -0.057485 -0.047732 -0.055686
7.970533 0.000000 -0.245988 0.574260 -0.021008 0.173220 0.938916 -1.382165 -0.011373 -0.244478 -0.560970 0.033879 0.169828 -0.940246 -1.440947 0.020912 -2.421093 10.693986 -9.890968 -1.370611 -7.125636 -8.376907 1.646916 1.646916 1.678103 1.678103 8.000000 0.000000 0.000000 0.000000 0.000000 -1.678103 -0.605475 -1.646916 -0.054020 -0.045973 -0.053248
8.022271 0.000000 -0.254892 0.583057 -0.020924 0.167360 0.938413 -1.390769 -0.011373 -0.251153 -0.562036 0.033340 0.164675 -0.939503 -1.443907 0.020853 0.366295 11.530877 -11.248595 1.545084 -6.449437 -9.662449 1.727360 1.727360 1.787768 1.787768 8.000000 0.000000 0.000000 0.000000 0.000000 -1.787768 -0.831269 -1.727360 -0.062752 -0.046778 -0.047842
8.060256 0.000000 -0.255504 0.583776 -0.020865 0.166461 0.938233 -1.392303 -0.011373 -0.252352 -0.562048 0.033364 0.163896 -0.939467 -1.444638 0.020865 -0.278471 11.739882 -10.496978 1.719338 -6.118549 -9.288756 1.780705 1.780705 1.950381 1.950381 8.000000 0.000000 0.000000 0.000000 0.000000 -1.950381 -0.806889 -1.780705 -0.059459 -0.040697 -0.045876
8.092606 0.000000 -0.255552 0.584315 -0.020829 0.165454 0.938185 -1.393010 -0.011361 -0.252951 -0.562108 0.033388 0.163141 -0.939431 -1.445166 0.020865 -0.767644 11.643163 -10.363267 1.441080 -6.115904 -9.306537 1.492985 1.492985 1.706653 1.706653 8.000000 0.000000 0.000000 0.000000 0.000000 -1.706653 -0.691540 -1.492985 -0.046152 -0.032221 -0.051493
8.127089 0.000000 -0.255540 0.585393 -0.020841 0.163776 0.938053 -1.394221 -0.011373 -0.254090 -0.562300 0.033340 0.161895 -0.939384 -1.446053 0.020853 -0.634858 11.993027 -10.541178 1.622020 -5.826466 -9.330216 1.229680 1.229680 1.480014 1.480014 8.000000 0.000000 0.000000 0.000000 0.000000 -1.480014 -0.835581 -1.229680 -0.045571 -0.030457 -0.045592
8.162471 0.000000 -0.255791 0.589025 -0.020697 0.147202 0.934973 -1.405905 -0.011361 -0.261472 -0.571300 0.032933 0.144290 -0.938473 -1.455784 0.020853 -1.542779 11.313906 -10.591026 0.316049 -6.745820 -9.110769 1.295964 1.295964 1.577426 1.577426 8.000000 0.000000 0.000000 0.000000 0.000000 -1.577426 -0.724289 -1.295964 -0.040932 -0.026884 -0.048148
8.198592 0.000000 -0.255863 0.589085 -0.020721 0.146771 0.934877 -1.406624 -0.011349 -0.261616 -0.571516 0.032741 0.143571 -0.938377 -1.455880 0.020853 -1.484671 11.331850 -10.558180 0.353008 -6.213360 -8.891072 1.187809 1.187809 1.486941 1.486941 8.000000 0.000000 0.000000 0.000000 0.000000 -1.486941 -0.719935 -1.187809 -0.037393 -0.025470 -0.053069
8.231576 0.000000 -0.255947 0.589109 -0.020649 0.146243 0.934853 -1.407547 -0.011349 -0.261712 -0.571564 0.032537 0.142612 -0.938353 -1.456119 0.020841 -1.365416 11.116318 -10.593832 0.080027 -5.837375 -8.563880 1.144108 1.144108 1.396121 1.396121 8.000000 0.000000 0.000000 0.000000 0.000000 -1.396121 -0.679978 -1.144108 -0.028658 -0.019288 -0.049002
8.275053 0.000000 -0.260489 0.593663 -0.019882 0.138058 0.934039 -1.415733 -0.011349 -0.262443 -0.571983 0.031842 0.135985 -0.936903 -1.460362 0.020841 0.321781 11.412125 -10.545611 1.161198 -5.583890 -10.265143 1.108708 1.108708 1.423999 1.423999 8.000000 0.000000 0.000000 0.000000 0.000000 -1.423999 -0.732203 -1.108708 -0.026254 -0.015070 -0.049089
8.304986 0.000000 -0.262095 0.594298 -0.019894 0.137747 0.934015 -1.417302 -0.011337 -0.262646 -0.571971 0.031854 0.135554 -0.936495 -1.460554 0.020841 0.475128 11.489324 -10.511412 1.234825 -5.390038 -10.105832 1.165959 1.165959 1.497104 1.497104 8.000000 0.000000 0.000000 0.000000 0.000000 -1.497104 -0.622629 -1.165959 -0.022265 -0.010892 -0.045623
8.338781 0.000000 -0.271982 0.602231 -0.019810 0.127021 0.933583 -1.431024 -0.011349 -0.268543 -0.573697 0.031806 0.127237 -0.935656 -1.463142 0.020829 0.575698 11.848916 -11.085066 1.861546 -4.935898 -9.792443 1.143010 1.143010 1.523776 1.523776 8.000000 0.000000 0.000000 0.000000 0.000000 -1.523776 -0.706808 -1.143010 -0.020549 -0.008550 -0.051222
8.373392 0.000000 -0.272497 0.602830 -0.019798 0.126685 0.933511 -1.432307 -0.011361 -0.269381 -0.574248 0.031830 0.125187 -0.935596 -1.463514 0.020817 0.517504 11.949520 -10.684564 2.118143 -4.451257 -9.894283 1.291935 1.291935 1.332660 1.332660 8.000000 0.000000 0.000000 0.000000 0.000000 -1.332660 -0.516083 -1.291935 -0.012561 0.001493 -0.038097
8.406489 0.000000 -0.272713 0.603238 -0.019822 0.126230 0.933463 -1.432858 -0.011337 -0.269981 -0.574644 0.031842 0.123641 -0.935537 -1.463705 0.020817 0.565408 11.865790 -10.458675 2.077944 -4.168584 -9.887357 1.291203 1.291203 1.256396 1.256396 8.000000 0.000000 0.000000 0.000000 0.000000 -1.256396 -0.416971 -1.291203 -0.003927 0.010068 -0.033796
8.441865 0.000000 -0.273552 0.605431 -0.019810 0.115612 0.932325 -1.441271 -0.011337 -0.280766 -0.583224 0.031830 0.112544 -0.934961 -1.470704 0.020793 0.830679 11.184093 -10.851938 2.620538 -4.414952 -9.228020 1.347355 1.347355 1.416934 1.416934 8.000000 0.000000 0.000000 0.000000 0.000000 -1.416934 -0.475998 -1.347355 -0.007227 0.006984 -0.038594
8.479457 0.000000 -0.273899 0.605431 -0.019786 0.115468 0.932277 -1.442026 -0.011337 -0.281438 -0.583812 0.031794 0.111250 -0.934746 -1.471291 0.020781 0.690399 11.323204 -11.149192 2.349779 -4.027877 -8.962104 1.444401 1.444401 1.441714 1.441714 8.000000 0.000000 0.000000 0.000000 0.000000 -1.441714 -0.539921 -1.444401 -0.014251 0.002122 -0.037996
8.514951 0.000000 -0.274163 0.605431 -0.019822 0.115360 0.932193 -1.442421 -0.011325 -0.281809 -0.584423 0.031758 0.110207 -0.934470 -1.471615 0.020793 0.660628 11.146729 -10.945136 1.619529 -4.513941 -8.551448 1.504826 1.504826 1.483645 1.483645 8.000000 0.000000 0.000000 0.000000 0.000000 -1.483645 -0.583914 -1.504826 -0.012725 0.003917 -0.041582
8.569498 0.000000 -0.274966 0.606570 -0.019762 0.107139 0.931114 -1.450331 -0.011337 -0.285872 -0.590007 0.031758 0.098978 -0.930911 -1.479093 0.020781 0.103642 11.099758 -11.557534 1.720723 -3.839630 -9.132574 1.435978 1.435978 1.348239 1.348239 8.000000 0.000000 0.000000 0.000000 0.000000 -1.348239 -0.514113 -1.435978 -0.021832 -0.005999 -0.034381
8.648198 0.000000 -0.275170 0.606749 -0.019762 0.106911 0.931102 -1.450643 -0.011337 -0.286555 -0.590091 0.031782 0.098870 -0.930815 -1.479309 0.020769 0.881853 10.754825 -11.797624 1.787577 -3.876935 -8.029210 1.227849 1.227849 1.347568 1.347568 8.000000 0.000000 0.000000 0.000000 0.000000 -1.347568 -0.660328 -1.227849 -0.021682 -0.005727 -0.047479
8.692004 0.000000 -0.275338 0.606809 -0.019762 0.106875 0.931007 -1.451086 -0.011337 -0.286950 -0.590187 0.031758 0.098774 -0.930791 -1.479489 0.020781 0.895867 10.823554 -11.802580 1.858013 -3.834429 -8.538438 1.237980 1.237980 1.338351 1.338351 8.000000 0.000000 0.000000 0.000000 0.000000 -1.338351 -0.627966 -1.237980 -0.014122 0.002014 -0.045346
8.746060 0.000000 -0.276272 0.607241 -0.019786 0.105665 0.930743 -1.454094 -0.011337 -0.288592 -0.591457 0.031758 0.096533 -0.930383 -1.480639 0.020769 1.031036 10.509717 -12.270574 1.571838 -4.174114 -8.896791 1.314030 1.314030 1.116412 1.116412 8.000000 0.000000 0.000000 0.000000 0.000000 -1.116412 -0.581867 -1.314030 -0.005398 0.014829 -0.037782
8.784284 0.000000 -0.276272 0.607289 -0.019786 0.105174 0.930719 -1.454310 -0.011325 -0.288604 -0.591601 0.031758 0.096257 -0.930323 -1.480759 0.020769 1.282545 10.571644 -12.148245 1.609174 -3.953315 -8.917751 1.263859 1.263859 0.797656 0.797656 8.000000 0.000000 0.000000 0.000000 0.000000 -0.797656 -0.561001 -1.263859 0.001189 0.024095 -0.020072
8.826716 0.000000 -0.276272 0.607337 -0.019774 0.104574 0.930731 -1.454585 -0.011313 -0.288652 -0.591757 0.031758 0.095994 -0.930287 -1.480927 0.020769 1.388172 10.530299 -12.193618 1.960506 -3.864765 -9.101496 1.433171 1.433171 0.304858 0.304858 8.000000 0.000000 0.000000 0.000000 0.000000 -0.304858 -0.429335 -1.433171 0.004669 0.032822 0.014988
8.908887 0.000000 -0.280083 0.609122 -0.019582 0.095658 0.930707 -1.460781 -0.011325 -0.288892 -0.594489 0.031758 0.092674 -0.928718 -1.482353 0.020733 2.907947 9.695599 -11.598182 2.422626 -4.263094 -9.947036 1.212590 1.212590 0.234180 0.234180 8.000000 0.000000 0.000000 0.000000 0.000000 -0.234180 -0.573199 -1.212590 0.009962 0.031135 0.011181
8.960236 0.000000 -0.281210 0.609098 -0.019594 0.095622 0.930707 -1.461153 -0.011337 -0.288916 -0.594753 0.031770 0.092422 -0.928598 -1.482401 0.020745 2.410249 9.591460 -11.436640 2.392962 -4.354316 -9.523576 1.309391 1.309391 0.358279 0.358279 8.000000 0.000000 0.000000 0.000000 0.000000 -0.358279 -0.729004 -1.309391 0.010666 0.031437 0.000066
9.032004 0.000000 -0.283127 0.609074 -0.019594 0.095490 0.930695 -1.462327 -0.011337 -0.289095 -0.595149 0.031758 0.091787 -0.928550 -1.482581 0.020745 2.618468 9.443947 -11.593625 2.685205 -3.822839 -9.865359 1.351994 1.351994 0.197940 0.197940 8.000000 0.000000 0.000000 0.000000 0.000000 -0.197940 -0.766730 -1.351994 0.011723 0.031564 0.005052
9.086421 0.000000 -0.294105 0.610872 -0.018612 0.089738 0.930479 -1.469733 -0.011325 -0.292679 -0.598720 0.031662 0.083758 -0.927519 -1.484138 0.020709 3.443700 10.000932 -11.605976 2.772713 -3.274971 -8.909413 1.534855 1.534855 0.075976 0.075976 8.000000 0.000000 0.000000 0.000000 0.000000 -0.075976 -0.744355 -1.534855 0.013047 0.035707 0.011326
9.135530 0.000000 -0.294129 0.610944 -0.018144 0.089606 0.930383 -1.469877 -0.011337 -0.293314 -0.598744 0.031662 0.083326 -0.927495 -1.484210 0.020721 3.661611 9.696057 -11.490656 2.989173 -3.355313 -9.212403 1.543034 1.543034 0.144046 0.144046 8.000000 0.000000 0.000000 0.000000 0.000000 -0.144046 -0.769629 -1.543034 0.015954 0.035053 0.005093
9.178084 0.000000 -0.294165 0.611016 -0.017749 0.089558 0.930311 -1.470261 -0.011337 -0.293865 -0.598792 0.031638 0.082619 -0.927471 -1.484306 0.020697 4.179116 9.508304 -11.136859 3.109120 -3.415815 -9.171282 1.646672 1.646672 0.053760 0.053760 8.000000 0.000000 0.000000 0.000000 0.000000 -0.053760 -0.710549 -1.646672 0.018604 0.036252 0.007562
9.218176 0.000000 -0.294177 0.611339 -0.017161 0.087197 0.928562 -1.476840 -0.011325 -0.299630 -0.601920 0.031435 0.075884 -0.927255 -1.489543 0.020709 3.907244 8.972412 -11.549051 2.506390 -3.542526 -9.812657 1.776188 1.776188 0.200336 0.200336 8.000000 0.000000 0.000000 0.000000 0.000000 -0.200336 -0.707140 -1.776188 0.022438 0.038404 -0.000573
9.273015 0.000000 -0.294189 0.611387 -0.017161 0.086095 0.928586 -1.477319 -0.011325 -0.299630 -0.602087 0.031435 0.075704 -0.927160 -1.490119 0.020709 4.176024 9.003206 -11.654436 2.562493 -3.544910 -9.385561 1.819523 1.819523 0.102344 0.102344 8.000000 0.000000 0.000000 0.000000 0.000000 -0.102344 -0.669129 -1.819523 0.025589 0.038112 -0.000566
9.321712 0.000000 -0.294177 0.611447 -0.017161 0.085495 0.928586 -1.477559 -0.011325 -0.299654 -0.602183 0.031447 0.075692 -0.927028 -1.490346 0.020709 4.187475 8.992153 -11.907263 2.875237 -3.289635 -9.487164 1.797673 1.797673 0.196109 0.196109 8.000000 0.000000 0.000000 0.000000 0.000000 -0.196109 -0.716509 -1.797673 0.026697 0.035208 -0.009225
9.356487 0.000000 -0.294392 0.617068 -0.015136 0.072564 0.926872 -1.483539 -0.011301 -0.301571 -0.604736 0.031219 0.066476 -0.922845 -1.493774 0.020685 3.040001 9.936097 -11.302390 2.602766 -2.989331 -8.796449 1.879338 1.879338 0.207110 0.207110 8.000000 0.000000 0.000000 0.000000 0.000000 -0.207110 -0.800167 -1.879338 0.027229 0.035113 -0.008030
9.411251 0.000000 -0.294381 0.617224 -0.015112 0.072493 0.926776 -1.484031 -0.011289 -0.301811 -0.604748 0.031195 0.066261 -0.922857 -1.494013 0.020697 2.299196 9.863715 -11.168262 2.238605 -2.851715 -9.111967 2.063664 2.063664 0.280307 0.280307 8.000000 0.000000 0.000000 0.000000 0.000000 -0.280307 -0.839020 -2.063664 0.030574 0.036911 -0.014733
9.455452 0.000000 -0.294416 0.617331 -0.015052 0.072421 0.926680 -1.484630 -0.011277 -0.301931 -0.604772 0.031195 0.066021 -0.922857 -1.494265 0.020697 2.177430 9.913314 -10.726813 2.059398 -2.879627 -9.105449 2.208439 2.208439 0.403781 0.403781 8.000000 0.000000 0.000000 0.000000 0.000000 -0.403781 -0.853482 -2.208439 0.033533 0.038235 -0.024395
9.503330 0.000000 -0.294428 0.618734 -0.014992 0.070587 0.925374 -1.489915 -0.011253 -0.302134 -0.605611 0.031147 0.061539 -0.922845 -1.498783 0.020685 2.231749 10.148120 -11.188244 1.531535 -2.839218 -9.382539 2.434636 2.434636 0.529040 0.529040 8.000000 0.000000 0.000000 0.000000 0.000000 -0.529040 -0.857861 -2.434636 0.037011 0.041763 -0.031249
9.555611 0.000000 -0.294404 0.618770 -0.014980 0.070299 0.925146 -1.489939 -0.011229 -0.302134 -0.605743 0.031123 0.061215 -0.922845 -1.498807 0.020685 2.087404 10.368202 -11.432028 1.203132 -2.789107 -9.159831 2.434758 2.434758 0.568576 0.568576 8.000000 0.000000 0.000000 0.000000 0.000000 -0.568576 -0.863348 -2.434758 0.036040 0.041688 -0.030815
9.601421 0.000000 -0.294404 0.618817 -0.014980 0.070072 0.924942 -1.489975 -0.011277 -0.302146 -0.605839 0.031087 0.060868 -0.922821 -1.498855 0.020697 2.121084 10.265296 -11.461709 1.182790 -2.693104 -9.077169 2.366642 2.366642 0.517383 0.517383 8.000000 0.000000 0.000000 0.000000 0.000000 -0.517383 -0.844790 -2.366642 0.035343 0.040530 -0.028233
9.655390 0.000000 -0.294500 0.619980 -0.014932 0.066465 0.924152 -1.491976 -0.011229 -0.302194 -0.607852 0.030680 0.057992 -0.922342 -1.499994 0.020685 2.237514 10.083688 -11.697843 1.593660 -2.958983 -9.703287 2.332341 2.332341 0.451968 0.451968 8.000000 0.000000 0.000000 0.000000 0.000000 -0.451968 -0.853079 -2.332341 0.034544 0.038405 -0.026417
9.700380 0.000000 -0.294500 0.620280 -0.014884 0.065434 0.924164 -1.491988 -0.011229 -0.302218 -0.607900 0.030644 0.057932 -0.922210 -1.500101 0.020673 2.016286 9.975437 -11.475680 1.686538 -3.026605 -10.067586 2.400944 2.400944 0.448855 0.448855 8.000000 0.000000 0.000000 0.000000 0.000000 -0.448855 -0.881455 -2.400944 0.035690 0.038015 -0.025740
9.746955 0.000000 -0.295663 0.624965 -0.014753 0.057788 0.923960 -1.493654 -0.011217 -0.302302 -0.607984 0.030272 0.057608 -0.921179 -1.500701 0.020625 1.357316 10.243871 -11.089886 1.895190 -2.865008 -10.280870 2.375798 2.375798 0.359393 0.359393 8.000000 0.000000 0.000000 0.000000 0.000000 -0.359393 -0.837502 -2.375798 0.035116 0.038073 -0.018840
9.785426 0.000000 -0.295938 0.625157 -0.014753 0.057500 0.923948 -1.494073 -0.011229 -0.302290 -0.607984 0.030116 0.057357 -0.921144 -1.500749 0.020601 1.276569 10.364397 -10.739626 2.133479 -2.874350 -10.318932 2.356999 2.356999 0.324283 0.324283 8.000000 0.000000 0.000000 0.000000 0.000000 -0.324283 -0.773344 -2.356999 0.034592 0.039049 -0.013029
9.835242 0.000000 -0.296142 0.625720 -0.014741 0.056290 0.923876 -1.496830 -0.011205 -0.302314 -0.608140 0.029685 0.057081 -0.920724 -1.501144 0.020589 1.139777 10.514120 -11.380700 2.270493 -2.785545 -10.740647 2.333928 2.333928 0.270145 0.270145 8.000000 0.000000 0.000000 0.000000 0.000000 -0.270145 -0.671440 -2.333928 0.034099 0.040784 -0.007744
9.879318 0.000000 -0.296166 0.626212 -0.014741 0.056254 0.923888 -1.497824 -0.011217 -0.302949 -0.608140 0.029637 0.056853 -0.920568 -1.501216 0.020577 1.334332 10.678065 -11.222268 2.623393 -2.578683 -10.550200 2.320500 2.320500 0.222964 0.222964 8.000000 0.000000 0.000000 0.000000 0.000000 -0.222964 -0.596865 -2.320500 0.033110 0.041997 -0.001769
9.907461 0.000000 -0.296154 0.626248 -0.014741 0.056254 0.923876 -1.497884 -0.011229 -0.303033 -0.608128 0.029637 0.056805 -0.920568 -1.501228 0.020577 1.255899 10.738500 -11.229631 2.679780 -2.601351 -10.795074 2.292668 2.292668 0.279620 0.279620 8.000000 0.000000 0.000000 0.000000 0.000000 -0.279620 -0.639437 -2.292668 0.032865 0.041641 -0.008135
9.937553 0.000000 -0.296166 0.626272 -0.014741 0.056230 0.923876 -1.497884 -0.011217 -0.303141 -0.608140 0.029637 0.056733 -0.920580 -1.501228 0.020577 1.230060 10.724663 -11.258222 2.865718 -2.567223 -10.651044 2.309636 2.309636 0.247775 0.247775 8.000000 0.000000 0.000000 0.000000 0.000000 -0.247775 -0.629629 -2.309636 0.033238 0.042006 -0.008370
9.970725 0.000000 -0.296178 0.626559 -0.014705 0.056182 0.923876 -1.498280 -0.011229 -0.303896 -0.608140 0.029637 0.056566 -0.920604 -1.501276 0.020577 1.346049 10.676482 -11.228268 2.809200 -2.473040 -10.792495 2.396672 2.396672 0.256564 0.256564 8.000000 0.000000 0.000000 0.000000 0.000000 -0.256564 -0.597981 -2.396672 0.033486 0.044615 -0.004325
9.993954 0.000000 -0.296190 0.626595 -0.014741 0.056158 0.923876 -1.498268 -0.011217 -0.303932 -0.608151 0.029637 0.056578 -0.920604 -1.501288 0.020553 1.439824 10.739285 -11.324654 2.912434 -2.543062 -10.713623 2.404850 2.404850 0.311984 0.311984 8.000000 0.000000 0.000000 0.000000 0.000000 -0.311984 -0.598261 -2.404850 0.034141 0.044610 -0.007476
10.040511 1.000000 -0.296202 0.626655 -0.014693 0.056134 0.923864 -1.498304 -0.011217 -0.303992 -0.608140 0.029625 0.056554 -0.920568 -1.501300 0.020577 1.507995 10.723619 -11.413075 2.965373 -2.558643 -10.785610 2.401432 2.401432 0.331607 0.331607 8.000000 0.000000 0.025920 0.138170 0.000000 -0.331607 -0.613085 -2.401432 0.033981 0.044998 -0.008261
10.083470 1.000000 -0.296346 0.626799 -0.014525 0.055775 0.923864 -1.498364 -0.011217 -0.304507 -0.608151 0.029625 0.056422 -0.920568 -1.501324 0.020577 1.431456 10.674281 -11.262897 3.062170 -2.432188 -10.885290 2.454289 2.454289 0.462329 0.462329 8.000000 0.000000 0.049741 0.192637 0.000000 -0.462329 -0.656582 -2.454289 0.033949 0.046072 -0.016111
10.114118 1.000000 -0.296370 0.626835 -0.014429 0.055775 0.923840 -1.498364 -0.011217 -0.304603 -0.608140 0.029613 0.056398 -0.920580 -1.501312 0.020577 1.374047 10.827092 -11.246228 3.218472 -2.500177 -10.646696 2.968571 2.968571 0.589068 0.589068 8.000000 0.000000 0.065158 0.245445 0.000000 -0.589068 -0.662039 -2.968571 0.037690 0.056912 -0.014244
10.150018 1.000000 -0.296418 0.626883 -0.014369 0.055751 0.923840 -1.498340 -0.011229 -0.304711 -0.608151 0.029637 0.056374 -0.920592 -1.501312 0.020565 1.392020 10.790487 -11.179567 3.218958 -2.492011 -10.702786 3.871769 3.871769 0.238513 0.238513 8.000000 0.000000 0.079980 0.099380 0.000000 -0.238513 -0.470955 -3.871769 0.043558 0.077774 0.018886
10.185551 1.000000 -0.297197 0.627039 -0.014129 0.055631 0.923828 -1.498436 -0.011217 -0.305921 -0.608151 0.029613 0.056314 -0.920592 -1.501312 0.020577 1.450802 10.857959 -10.966062 3.547197 -2.285501 -10.324446 4.830143 4.830143 0.292682 0.292682 8.000000 0.000000 0.091244 0.121951 0.000000 -0.292682 -0.486527 -4.830143 0.048637 0.096805 0.028322
10.227912 1.000000 -0.297389 0.627039 -0.013986 0.055619 0.923840 -1.498448 -0.011217 -0.306233 -0.608151 0.029601 0.056302 -0.920604 -1.501324 0.020565 1.557025 10.821556 -11.059734 3.297445 -2.271155 -10.499037 5.055363 5.055363 0.386478 0.386478 8.000000 0.000000 0.103719 0.161032 0.000000 -0.386478 -0.524672 -5.055363 0.048455 0.100837 0.018866
10.260262 1.000000 -0.297508 0.627063 -0.013878 0.055583 0.923840 -1.498472 -0.011229 -0.306401 -0.608151 0.029577 0.056278 -0.920592 -1.501312 0.020565 1.529394 10.691422 -11.058935 3.523777 -2.277039 -10.441190 5.256413 5.256413 0.456698 0.456698 8.000000 0.000000 0.112597 0.190291 0.000000 -0.456698 -0.603407 -5.256413 0.050738 0.103676 0.012376
10.325133 1.000000 -0.298299 0.627135 -0.013063 0.055307 0.923828 -1.498472 -0.011229 -0.307156 -0.608151 0.029397 0.056146 -0.920592 -1.501312 0.020565 1.629497 10.979382 -10.975747 3.512168 -2.292402 -10.155649 5.564274 5.564274 0.704761 0.704761 8.000000 0.000000 0.128394 0.293650 0.000000 -0.704761 -0.743962 -5.564274 0.051341 0.108632 -0.010358
10.350894 1.000000 -0.298299 0.627146 -0.013039 0.055283 0.923816 -1.498520 -0.011229 -0.307156 -0.608151 0.029409 0.056146 -0.920592 -1.501324 0.020565 1.491034 10.991151 -10.978709 3.610709 -2.330395 -10.296110 5.705388 5.705388 0.750766 0.750766 8.000000 0.000000 0.134303 0.312819 0.000000 -0.750766 -0.776053 -5.705388 0.049767 0.111704 -0.008111
10.393829 1.000000 -0.298347 0.627158 -0.013039 0.055271 0.923816 -1.498520 -0.011241 -0.307156 -0.608163 0.029409 0.056110 -0.920592 -1.501324 0.020565 1.566940 10.850193 -10.968136 3.623482 -2.391510 -10.374450 6.133976 6.133976 0.675662 0.675662 8.000000 0.000000 0.142318 0.281526 0.000000 -0.675662 -0.724287 -6.133976 0.045197 0.118203 0.004018
10.452698 1.000000 -0.298371 0.627182 -0.013063 0.055247 0.923816 -1.498544 -0.011229 -0.307168 -0.608175 0.029397 0.056074 -0.920592 -1.501324 0.020565 1.591510 11.047600 -10.926999 3.692053 -2.329959 -10.360097 5.773625 5.773625 1.073092 1.073092 8.000000 0.000000 0.155425 0.447122 0.000000 -1.073092 -0.838669 -5.773625 0.029722 0.106692 -0.010010
10.493060 1.000000 -0.298431 0.627206 -0.013015 0.055151 0.923804 -1.498507 -0.011217 -0.307168 -0.608151 0.029313 0.056002 -0.920568 -1.501312 0.020565 1.569733 11.026698 -10.934637 3.723061 -2.349117 -10.379417 5.877751 5.877751 1.122775 1.122775 8.000000 0.000000 0.163991 0.467823 0.000000 -1.122775 -0.766194 -5.877751 0.029510 0.108316 0.002214
10.539969 1.000000 -0.298431 0.627218 -0.013015 0.055175 0.923828 -1.498520 -0.011217 -0.307180 -0.608175 0.029301 0.055990 -0.920568 -1.501324 0.020565 1.719059 10.869869 -10.959111 3.495510 -2.322730 -10.133887 6.645573 6.645573 0.963519 0.963519 8.000000 0.000000 0.170430 0.401466 0.000000 -0.963519 -0.584053 -6.645573 0.036403 0.121744 0.020415
10.580064 1.000000 -0.298443 0.626811 -0.012919 0.055151 0.923816 -1.498520 -0.011217 -0.307168 -0.607972 0.029206 0.055990 -0.920568 -1.501324 0.020565 1.176095 12.084004 -10.642783 3.158452 -3.757861 -10.015223 6.561955 6.561955 0.977389 0.977389 8.000000 0.000000 0.176130 0.407246 0.000000 -0.977389 -0.578985 -6.561955 0.036462 0.120190 0.018959
10.609250 1.000000 -0.298455 0.618470 -0.010270 0.055187 0.923948 -1.498520 -0.011277 -0.307156 -0.604976 0.025299 0.056002 -0.920568 -1.501528 0.020577 0.998229 12.559695 -10.404678 2.590397 -5.964845 -9.190140 6.688542 6.688542 0.964328 0.964328 8.000000 0.000000 0.179932 0.401803 0.000000 -0.964328 -0.614350 -6.688542 0.036136 0.122215 0.021265
10.640624 1.000000 -0.298455 0.617236 -0.010019 0.055187 0.923972 -1.498496 -0.011289 -0.307156 -0.604532 0.024927 0.055990 -0.920568 -1.501564 0.020577 0.624743 14.126766 -9.985361 2.173116 -7.349652 -8.874581 6.869450 6.869450 1.106280 1.106280 8.000000 0.000000 0.183481 0.460950 0.000000 -1.106280 -0.672220 -6.869450 0.033302 0.121965 0.011520
10.681651 1.000000 -0.298431 0.614299 -0.009623 0.055175 0.924008 -1.498520 -0.011301 -0.307156 -0.603885 0.023765 0.055990 -0.920580 -1.501779 0.020577 0.414757 14.535881 -10.003336 1.792524 -9.226313 -8.202250 6.787297 6.787297 1.080798 1.080798 8.000000 0.000000 0.188457 0.450333 0.000000 -1.080798 -0.602934 -6.787297 0.030465 0.119478 0.015547
10.714995 1.000000 -0.298443 0.607301 -0.006352 0.055211 0.924223 -1.498520 -0.011325 -0.307132 -0.598360 0.020313 0.055978 -0.920700 -1.502582 0.020577 0.118590 17.088943 -9.183483 1.255720 -10.214851 -8.199827 6.690129 6.690129 1.149600 1.149600 8.000000 0.000000 0.192826 0.479000 0.000000 -1.149600 -0.622484 -6.690129 0.028846 0.116166 0.010088
10.758250 1.000000 -0.298443 0.607301 -0.005848 0.055223 0.924235 -1.498544 -0.011325 -0.307132 -0.598157 0.020289 0.055990 -0.920688 -1.502582 0.020577 0.017551 17.678838 -9.053620 1.153513 -11.473577 -7.805343 6.892888 6.892888 1.248492 1.248492 8.000000 0.000000 0.197866 0.520205 0.000000 -1.248492 -0.649905 -6.892888 0.027097 0.117407 0.005917
10.800948 1.000000 -0.298431 0.604041 -0.000348 0.055223 0.924715 -1.499634 -0.011409 -0.307132 -0.586975 0.018755 0.056002 -0.920820 -1.502702 0.020589 -0.857566 19.456852 -8.501685 0.933409 -11.332191 -7.878011 6.942692 6.942692 1.153689 1.153689 8.000000 0.000000 0.200000 0.480704 0.000000 -1.153689 -0.574183 -6.942692 0.027115 0.117705 0.019159
10.829221 1.000000 -0.298431 0.603825 -0.000276 0.055223 0.924727 -1.499706 -0.011421 -0.307132 -0.586232 0.018564 0.056002 -0.920832 -1.502702 0.020601 -1.019005 20.170017 -8.206642 0.893992 -12.142346 -7.598452 7.115910 7.115910 1.033740 1.033740 8.000000 0.000000 0.200000 0.430725 0.000000 -1.033740 -0.434578 -7.115910 0.031857 0.123160 0.029668
10.857866 1.000000 -0.298431 0.603717 -0.000252 0.055223 0.924715 -1.499754 -0.011421 -0.307132 -0.585801 0.018360 0.056026 -0.920832 -1.502702 0.020589 -1.291784 20.569669 -8.098797 0.900273 -12.316593 -7.518923 7.192448 7.192448 1.045840 1.045840 8.000000 0.000000 0.200000 0.435767 0.000000 -1.045840 -0.413769 -7.192448 0.034316 0.124623 0.026705
10.888302 1.000000 -0.298431 0.603597 -0.000180 0.055223 0.924751 -1.499766 -0.011409 -0.307156 -0.585477 0.018048 0.056002 -0.920832 -1.502714 0.020601 -1.214675 20.830345 -7.919622 0.854699 -12.711044 -7.290741 7.151555 7.151555 1.075534 1.075534 8.000000 0.000000 0.200000 0.448139 0.000000 -1.075534 -0.366406 -7.151555 0.035829 0.125898 0.024004
10.937230 1.000000 -0.298431 0.595628 0.002553 0.055223 0.924966 -1.499718 -0.011469 -0.307096 -0.579449 0.007203 0.056014 -0.920940 -1.503409 0.020601 -1.129904 22.170267 -7.795784 0.297824 -15.216287 -6.179089 7.044987 7.044987 1.169116 1.169116 8.000000 0.000000 0.200000 0.487132 0.000000 -1.169116 -0.431843 -7.044987 0.032795 0.123009 0.015088
10.989825 1.000000 -0.298431 0.595412 0.002696 0.055235 0.924966 -1.499706 -0.011457 -0.307120 -0.579126 0.006795 0.056002 -0.920940 -1.503433 0.020625 -1.368267 22.225262 -7.633859 0.501651 -15.553437 -6.249883 7.107243 7.107243 1.200473 1.200473 8.000000 0.000000 0.200000 0.500197 0.000000 -1.200473 -0.450403 -7.107243 0.033174 0.124045 0.016077
11.042063 1.000000 -0.298431 0.595197 0.002756 0.055223 0.924942 -1.499706 -0.011469 -0.307120 -0.578790 0.006531 0.056002 -0.920952 -1.503457 0.020613 -1.230749 22.882461 -7.780663 0.298166 -15.684869 -6.201932 7.000065 7.000065 1.098544 1.098544 8.000000 0.000000 0.200000 0.457727 0.000000 -1.098544 -0.399117 -7.000065 0.032383 0.121267 0.021374
11.083562 1.000000 -0.298419 0.591673 0.006076 0.055247 0.925110 -1.499838 -0.011505 -0.307108 -0.575614 0.004218 0.056026 -0.920952 -1.503601 0.020613 -1.479047 23.449870 -7.352725 0.098872 -17.012548 -5.916053 7.028752 7.028752 1.132113 1.132113 8.000000 0.000000 0.200000 0.471714 0.000000 -1.132113 -0.327786 -7.028752 0.034285 0.122810 0.019162
11.129535 1.000000 -0.298419 0.591422 0.006292 0.055247 0.925098 -1.499862 -0.011505 -0.307096 -0.575363 0.004135 0.056014 -0.920976 -1.503625 0.020613 -1.560640 23.736050 -7.300074 0.160243 -16.985357 -5.843506 7.018010 7.018010 1.194858 1.194858 8.000000 0.000000 0.200000 0.497857 0.000000 -1.194858 -0.341566 -7.018010 0.033152 0.121822 0.019424
11.175368 1.000000 -0.298407 0.591002 0.006663 0.055271 0.925086 -1.499850 -0.011493 -0.307096 -0.575027 0.004027 0.056014 -0.920976 -1.503649 0.020637 -1.601178 23.515687 -7.222481 0.169202 -16.801854 -5.940660 6.909245 6.909245 1.207767 1.207767 8.000000 0.000000 0.200000 0.503236 0.000000 -1.207767 -0.355820 -6.909245 0.030770 0.118708 0.016560
11.217638 1.000000 -0.298419 0.589168 0.008509 0.055283 0.925266 -1.499994 -0.011529 -0.307060 -0.571564 0.003931 0.056026 -0.921048 -1.503865 0.020625 -1.755354 24.314428 -6.958337 0.185760 -16.876499 -5.869996 6.808415 6.808415 1.274142 1.274142 8.000000 0.000000 0.200000 0.530893 0.000000 -1.274142 -0.417074 -6.808415 0.029102 0.116177 0.011955
11.267860 1.000000 -0.298419 0.589025 0.008605 0.055295 0.925278 -1.499982 -0.011517 -0.307072 -0.571156 0.003931 0.056026 -0.921072 -1.503888 0.020637 -1.736315 24.722373 -6.794069 0.223204 -16.951334 -5.848398 6.807316 6.807316 1.380572 1.380572 8.000000 0.000000 0.200000 0.575238 0.000000 -1.380572 -0.535664 -6.807316 0.026665 0.114293 0.005099
11.313737 1.000000 -0.298419 0.587838 0.008784 0.055307 0.925494 -1.499790 -0.011541 -0.307060 -0.569490 0.003715 0.056038 -0.921084 -1.503984 0.020637 -1.734811 24.614908 -6.782650 -0.171402 -17.279800 -5.776123 6.810490 6.810490 1.337115 1.337115 8.000000 0.000000 0.200000 0.557131 0.000000 -1.337115 -0.489191 -6.810490 0.026733 0.114267 0.011495
11.355564 1.000000 -0.298419 0.587814 0.008784 0.055283 0.925494 -1.499778 -0.011517 -0.307060 -0.569478 0.003715 0.056014 -0.921108 -1.503996 0.020661 -1.628420 24.809468 -6.816100 -0.186114 -17.291452 -5.807423 6.722844 6.722844 1.201297 1.201297 8.000000 0.000000 0.200000 0.500540 0.000000 -1.201297 -0.409479 -6.722844 0.026837 0.112686 0.019376
11.394068 1.000000 -0.298419 0.587838 0.008772 0.055295 0.925506 -1.499790 -0.011529 -0.307060 -0.569478 0.003739 0.056062 -0.921108 -1.504020 0.020625 -1.690480 24.768876 -6.796353 0.034115 -17.044309 -5.895179 6.725407 6.725407 1.237247 1.237247 8.000000 0.000000 0.200000 0.515519 0.000000 -1.237247 -0.373020 -6.725407 0.027402 0.113288 0.019304
11.442959 1.000000 -0.298407 0.587754 0.008796 0.055307 0.925530 -1.499790 -0.011529 -0.307060 -0.569323 0.003715 0.056038 -0.921084 -1.504044 0.020637 -1.672544 24.804214 -6.914437 0.129229 -17.169049 -5.830846 6.661931 6.661931 1.189426 1.189426 8.000000 0.000000 0.200000 0.495594 0.000000 -1.189426 -0.339869 -6.661931 0.027048 0.111420 0.022057
11.483190 1.000000 -0.298419 0.587754 0.008784 0.055307 0.925542 -1.499790 -0.011541 -0.307060 -0.569311 0.003739 0.056050 -0.921084 -1.504044 0.020649 -1.702775 24.659692 -6.953316 0.136065 -16.967206 -5.868436 6.657048 6.657048 1.183322 1.183322 8.000000 0.000000 0.200000 0.493051 0.000000 -1.183322 -0.367064 -6.657048 0.026755 0.110910 0.021360
11.517616 1.000000 -0.298407 0.587754 0.008784 0.055307 0.925542 -1.499766 -0.011529 -0.307060 -0.569311 0.003751 0.056026 -0.921108 -1.504044 0.020637 -1.664501 24.835519 -6.888559 0.096674 -17.112827 -5.849944 6.686100 6.686100 1.212314 1.212314 8.000000 0.000000 0.200000 0.505131 0.000000 -1.212314 -0.354267 -6.686100 0.027814 0.112100 0.020065
11.583534 1.000000 -0.298407 0.587706 0.008820 0.055331 0.925566 -1.499646 -0.011541 -0.307072 -0.569155 0.003715 0.056038 -0.921108 -1.504032 0.020637 -1.571591 24.626600 -6.995896 0.134875 -17.190100 -5.865013 6.740910 6.740910 1.206180 1.206180 8.000000 0.000000 0.200000 0.502575 0.000000 -1.206180 -0.340395 -6.740910 0.028664 0.113756 0.016330
11.639319 1.000000 -0.298407 0.587706 0.008832 0.055331 0.925554 -1.499646 -0.011541 -0.307072 -0.569143 0.003703 0.056050 -0.921108 -1.504032 0.020637 -1.603486 24.677004 -6.853071 0.198530 -16.956700 -5.859381 6.798405 6.798405 1.289111 1.289111 8.000000 0.000000 0.200000 0.537130 0.000000 -1.289111 -0.369528 -6.798405 0.029024 0.115440 0.012230
11.683812 1.000000 -0.298419 0.587694 0.008832 0.055307 0.925566 -1.499646 -0.011529 -0.307060 -0.569131 0.003715 0.056038 -0.921108 -1.504068 0.020649 -1.645961 24.663272 -6.960327 -0.168531 -16.994833 -5.823113 6.835637 6.835637 1.335971 1.335971 8.000000 0.000000 0.200000 0.556655 0.000000 -1.335971 -0.416659 -6.835637 0.028552 0.115576 0.011085
11.728242 1.000000 -0.298407 0.587635 0.008796 0.055307 0.925578 -1.499802 -0.011541 -0.307060 -0.569035 0.003667 0.056038 -0.921108 -1.504032 0.020661 -1.675431 24.723182 -6.871178 0.172103 -16.969119 -5.922157 6.794133 6.794133 1.321811 1.321811 8.000000 0.000000 0.200000 0.550754 0.000000 -1.321811 -0.427964 -6.794133 0.027997 0.114860 0.011366
11.777968 1.000000 -0.298407 0.587635 0.008820 0.055331 0.925590 -1.499814 -0.011541 -0.307060 -0.569011 0.003643 0.056050 -0.921108 -1.504032 0.020649 -1.723760 24.616551 -7.076517 0.097943 -17.076023 -5.859598 6.789616 6.789616 1.359515 1.359515 8.000000 0.000000 0.200000 0.566465 0.000000 -1.359515 -0.465363 -6.789616 0.027165 0.114272 0.008057
11.817277 1.000000 -0.298419 0.587635 0.008796 0.055331 0.925614 -1.499802 -0.011541 -0.307060 -0.568999 0.003619 0.056050 -0.921108 -1.504056 0.020637 -1.684301 24.652543 -6.926469 -0.063601 -17.027387 -5.735018 6.734684 6.734684 1.389209 1.389209 8.000000 0.000000 0.200000 0.578837 0.000000 -1.389209 -0.483969 -6.734684 0.025463 0.112339 0.006819
11.866950 1.000000 -0.298419 0.587599 0.008844 0.055307 0.925602 -1.499802 -0.011541 -0.307060 -0.568951 0.003463 0.056050 -0.921108 -1.504044 0.020637 -1.725857 24.865750 -6.846766 0.344350 -17.017507 -6.024398 6.625187 6.625187 1.427203 1.427203 8.000000 0.000000 0.200000 0.594668 0.000000 -1.427203 -0.484230 -6.625187 0.023930 0.109160 0.004404
11.904348 1.000000 -0.298419 0.587623 0.008832 0.055307 0.925602 -1.499790 -0.011529 -0.307060 -0.568939 0.003451 0.056050 -0.921108 -1.504044 0.020649 -1.715285 24.843336 -6.747674 0.408183 -17.013251 -5.895167 6.506779 6.506779 1.448413 1.448413 8.000000 0.000000 0.200000 0.603505 0.000000 -1.448413 -0.508972 -6.506779 0.021805 0.106105 0.002502
11.966625 1.000000 -0.298407 0.587611 0.008844 0.055331 0.925614 -1.499802 -0.011529 -0.307060 -0.568927 0.003463 0.056038 -0.921108 -1.504056 0.020637 -1.688375 24.628212 -7.069168 0.019449 -16.904051 -5.964931 6.373234 6.373234 1.502444 1.502444 8.000000 0.000000 0.200000 0.626018 0.000000 -1.502444 -0.531281 -6.373234 0.018923 0.101652 -0.000376
12.007990 1.000000 -0.298419 0.587479 0.008892 0.055331 0.925614 -1.499766 -0.011505 -0.307060 -0.568915 0.003451 0.056038 -0.921144 -1.504056 0.020637 -1.591880 24.605248 -6.751791 0.152873 -16.696445 -5.908416 6.265446 6.265446 1.529208 1.529208 8.000000 0.000000 0.200000 0.637170 0.000000 -1.529208 -0.543637 -6.265446 0.016910 0.099431 -0.002506
12.062873 1.000000 -0.298419 0.587491 0.008880 0.055307 0.925602 -1.499754 -0.011529 -0.307060 -0.568915 0.003451 0.056050 -0.921120 -1.504044 0.020649 -1.588019 24.695918 -6.895679 0.149239 -16.862537 -5.841900 6.144474 6.144474 1.576510 1.576510 8.000000 0.000000 0.200000 0.656879 0.000000 -1.576510 -0.558138 -6.144474 0.015454 0.096099 -0.004396
12.104073 1.000000 -0.298407 0.587491 0.008892 0.055331 0.925590 -1.499742 -0.011541 -0.307060 -0.568915 0.003451 0.056026 -0.921131 -1.504032 0.020625 -1.611321 24.723380 -6.965127 0.142188 -16.747497 -6.019534 6.052067 6.052067 1.599216 1.599216 8.000000 0.000000 0.200000 0.666340 0.000000 -1.599216 -0.601158 -6.052067 0.013580 0.093160 -0.006771
12.131136 1.000000 -0.298419 0.587467 0.008892 0.055331 0.925626 -1.499706 -0.011541 -0.307060 -0.568831 0.003356 0.056050 -0.921120 -1.504056 0.020649 -1.606440 24.675239 -6.945750 0.225325 -16.868661 -5.959063 6.013249 6.013249 1.609027 1.609027 8.000000 0.000000 0.200000 0.670428 0.000000 -1.609027 -0.602511 -6.013249 0.012694 0.092049 -0.006989
12.163621 1.000000 -0.298419 0.587455 0.008892 0.055331 0.925626 -1.499718 -0.011541 -0.307060 -0.568855 0.003380 0.056038 -0.921120 -1.504032 0.020649 -1.729568 24.696413 -6.983659 0.265831 -16.812651 -5.895667 5.919133 5.919133 1.630343 1.630343 8.000000 0.000000 0.200000 0.679310 0.000000 -1.630343 -0.626345 -5.919133 0.010481 0.088973 -0.008645
12.194898 1.000000 -0.298419 0.587455 0.008904 0.055331 0.925626 -1.499718 -0.011541 -0.307060 -0.568819 0.003356 0.056062 -0.921131 -1.504032 0.020637 -1.616472 24.830395 -6.867980 0.142834 -16.779835 -5.980224 5.842228 5.842228 1.626239 1.626239 8.000000 0.000000 0.200000 0.677600 0.000000 -1.626239 -0.602143 -5.842228 0.010031 0.086954 -0.009240
12.219872 1.000000 -0.298419 0.587467 0.008892 0.055331 0.925638 -1.499778 -0.011541 -0.307060 -0.568675 0.003320 0.056050 -0.921108 -1.504032 0.020661 -1.662566 24.613398 -6.849210 0.194651 -16.846218 -5.928432 5.701359 5.701359 1.570560 1.570560 8.000000 0.000000 0.200000 0.654400 0.000000 -1.570560 -0.538138 -5.701359 0.009159 0.083858 -0.007239
12.257617 1.000000 -0.298419 0.587479 0.008880 0.055331 0.925650 -1.499790 -0.011541 -0.307072 -0.568675 0.003320 0.056050 -0.921144 -1.504044 0.020637 -1.660163 24.687619 -6.908670 0.072485 -16.833713 -5.800948 5.662297 5.662297 1.425799 1.425799 8.000000 0.000000 0.200000 0.594083 0.000000 -1.425799 -0.478543 -5.662297 0.008433 0.081978 0.003982
12.301545 1.000000 -0.298419 0.587467 0.008892 0.055331 0.925662 -1.499790 -0.011541 -0.307060 -0.568651 0.003296 0.056050 -0.921108 -1.504032 0.020637 -1.761543 24.855268 -6.833892 -0.053099 -16.803438 -5.784378 5.626042 5.626042 1.384540 1.384540 8.000000 0.000000 0.200000 0.576892 0.000000 -1.384540 -0.537329 -5.626042 0.007330 0.080268 0.004111
12.343544 1.000000 -0.298419 0.587431 0.008856 0.055331 0.925650 -1.499862 -0.011541 -0.307072 -0.568544 0.003260 0.056038 -0.921131 -1.504020 0.020649 -1.673160 24.520680 -6.965151 0.057522 -17.000862 -5.933362 5.659977 5.659977 1.304706 1.304706 8.000000 0.000000 0.200000 0.543627 0.000000 -1.304706 -0.575674 -5.659977 0.008322 0.081213 0.005969
12.374159 1.000000 -0.298407 0.587443 0.008868 0.055331 0.925650 -1.499862 -0.011541 -0.307072 -0.568544 0.003260 0.056038 -0.921131 -1.504032 0.020649 -1.753611 24.864760 -6.869534 0.234742 -16.817529 -5.856233 5.610417 5.610417 1.211688 1.211688 8.000000 0.000000 0.200000 0.504870 0.000000 -1.211688 -0.540428 -5.610417 0.009311 0.081294 0.008596
12.419998 1.000000 -0.298407 0.587455 0.008868 0.055331 0.925650 -1.499862 -0.011553 -0.307072 -0.568532 0.003284 0.056038 -0.921131 -1.504020 0.020637 -1.733242 24.607519 -7.025326 0.221686 -16.990374 -5.842895 5.646061 5.646061 1.254367 1.254367 8.000000 0.000000 0.200000 0.522653 0.000000 -1.254367 -0.635723 -5.646061 0.008862 0.081849 0.003847
12.463182 1.000000 -0.298407 0.587431 0.008880 0.055331 0.925650 -1.499874 -0.011529 -0.307072 -0.568520 0.003260 0.056062 -0.921120 -1.504032 0.020649 -1.755123 24.702275 -6.916491 0.108089 -16.848097 -5.751169 5.919743 5.919743 1.367892 1.367892 8.000000 0.000000 0.200000 0.569955 0.000000 -1.367892 -0.930004 -5.919743 0.010609 0.086582 -0.005977
12.525395 1.000000 -0.298407 0.587395 0.008868 0.055331 0.925662 -1.500041 -0.011541 -0.307060 -0.568472 0.003260 0.056050 -0.921131 -1.504020 0.020661 -1.696825 24.487556 -7.076695 0.110845 -17.025464 -5.992987 5.977360 5.977360 1.264056 1.264056 8.000000 0.000000 0.200000 0.526690 0.000000 -1.264056 -0.800637 -5.977360 0.012511 0.088580 0.003551
12.589819 1.000000 -0.298407 0.587311 0.008832 0.055331 0.925638 -1.500113 -0.011529 -0.307072 -0.568460 0.003224 0.056038 -0.921131 -1.504020 0.020637 -1.659411 24.673654 -6.854580 0.285719 -16.644310 -5.999692 5.915226 5.915226 1.159427 1.159427 8.000000 0.000000 0.200000 0.483094 0.000000 -1.159427 -0.646866 -5.915226 0.012767 0.088290 0.011592
12.660897 1.000000 -0.298419 0.587287 0.008844 0.055331 0.925650 -1.500113 -0.011529 -0.307060 -0.568448 0.003224 0.056050 -0.921131 -1.504020 0.020649 -1.620057 24.622448 -6.914245 0.232855 -16.942727 -5.971387 5.915349 5.915349 1.260455 1.260455 8.000000 0.000000 0.200000 0.525190 0.000000 -1.260455 -0.808169 -5.915349 0.010614 0.086642 0.003920
12.722716 1.000000 -0.298419 0.587275 0.008832 0.055331 0.925638 -1.500113 -0.011541 -0.307072 -0.568448 0.003224 0.056038 -0.921131 -1.504020 0.020649 -1.652416 24.240836 -7.127166 0.016926 -17.101670 -5.639091 5.896306 5.896306 1.284976 1.284976 8.000000 0.000000 0.200000 0.535407 0.000000 -1.284976 -0.874384 -5.896306 0.009820 0.087043 0.001452
12.769615 1.000000 -0.298419 0.587275 0.008832 0.055331 0.925626 -1.500377 -0.011529 -0.307060 -0.568436 0.003068 0.056062 -0.921144 -1.504020 0.020637 -1.721645 24.389199 -6.958687 0.029484 -17.091872 -5.728829 5.915837 5.915837 1.207721 1.207721 8.000000 0.000000 0.200000 0.503217 0.000000 -1.207721 -0.787478 -5.915837 0.011688 0.088222 0.006671
12.810639 1.000000 -0.298419 0.587263 0.008832 0.055331 0.925638 -1.500461 -0.011541 -0.307072 -0.568448 0.003068 0.056050 -0.921144 -1.504020 0.020649 -1.682978 24.530198 -7.143920 0.227835 -16.852378 -5.750463 5.925724 5.925724 1.191592 1.191592 8.000000 0.000000 0.200000 0.496497 0.000000 -1.191592 -0.731581 -5.925724 0.012728 0.089156 0.009733
12.866507 1.000000 -0.298419 0.587239 0.008856 0.055331 0.925626 -1.500593 -0.011529 -0.307060 -0.568436 0.003044 0.056062 -0.921144 -1.504020 0.020637 -1.825331 24.598441 -6.724535 0.097727 -17.077287 -5.877265 5.864323 5.864323 1.209582 1.209582 8.000000 0.000000 0.200000 0.503993 0.000000 -1.209582 -0.773234 -5.864323 0.010982 0.088303 0.007988
12.912818 1.000000 -0.298419 0.587107 0.008713 0.055307 0.925626 -1.502079 -0.011517 -0.307060 -0.568424 0.002840 0.056050 -0.921191 -1.504032 0.020649 -2.118609 24.389584 -6.961167 0.239846 -17.019900 -5.931599 5.873356 5.873356 1.222217 1.222217 8.000000 0.000000 0.200000 0.509257 0.000000 -1.222217 -0.760433 -5.873356 0.011637 0.088153 0.008110
12.975935 1.000000 -0.298419 0.587107 0.008689 0.055307 0.925638 -1.502319 -0.011529 -0.307060 -0.568436 0.002852 0.056062 -0.921203 -1.504044 0.020637 -2.084582 24.287056 -7.119728 -0.139239 -16.923717 -5.672447 5.962956 5.962956 1.200107 1.200107 8.000000 0.000000 0.200000 0.500044 0.000000 -1.200107 -0.747137 -5.962956 0.012690 0.089900 0.009861
13.014943 1.000000 -0.298407 0.586939 0.008701 0.055307 0.925626 -1.502390 -0.011529 -0.307060 -0.568424 0.002660 0.056062 -0.921203 -1.504032 0.020637 -2.071361 24.384707 -6.938163 -0.106969 -17.131496 -5.639687 5.996281 5.996281 1.138263 1.138263 8.000000 0.000000 0.200000 0.474276 0.000000 -1.138263 -0.674721 -5.996281 0.014033 0.091300 0.014497
13.052912 1.000000 -0.298419 0.586951 0.008725 0.055307 0.925614 -1.502402 -0.011529 -0.307072 -0.568424 0.002649 0.056050 -0.921203 -1.504032 0.020637 -2.049220 24.628228 -6.880967 0.178891 -16.908496 -5.839446 6.027775 6.027775 1.149753 1.149753 8.000000 0.000000 0.200000 0.479064 0.000000 -1.149753 -0.582373 -6.027775 0.015871 0.092446 0.012568
13.083308 1.000000 -0.298419 0.586939 0.008725 0.055307 0.925626 -1.502402 -0.011529 -0.307060 -0.568436 0.002625 0.056026 -0.921203 -1.504032 0.020613 -2.113865 24.637969 -6.858219 0.213406 -16.855636 -5.771466 6.009221 6.009221 1.163287 1.163287 8.000000 0.000000 0.200000 0.484703 0.000000 -1.163287 -0.572544 -6.009221 0.015857 0.092049 0.012633
13.119335 1.000000 -0.298419 0.586927 0.008725 0.055307 0.925626 -1.502390 -0.011517 -0.307072 -0.568424 0.002625 0.056050 -0.921215 -1.504032 0.020649 -2.073576 24.358309 -6.988554 0.259521 -16.856012 -5.860130 6.005192 6.005192 1.154285 1.154285 8.000000 0.000000 0.200000 0.480952 0.000000 -1.154285 -0.534704 -6.005192 0.015864 0.091311 0.014254
13.164165 1.000000 -0.298419 0.586879 0.008725 0.055307 0.925626 -1.502522 -0.011493 -0.307060 -0.568388 0.002613 0.056038 -0.921203 -1.504032 0.020649 -2.125692 24.522620 -6.939409 0.029607 -16.842951 -5.694464 5.923405 5.923405 1.149798 1.149798 8.000000 0.000000 0.200000 0.479083 0.000000 -1.149798 -0.591681 -5.923405 0.013678 0.089531 0.016105
13.203581 1.000000 -0.298419 0.586891 0.008713 0.055307 0.925626 -1.502510 -0.011529 -0.307060 -0.568352 0.002613 0.056050 -0.921227 -1.504032 0.020649 -2.037994 24.628380 -6.893160 0.151478 -17.028991 -5.887268 5.946354 5.946354 1.219333 1.219333 8.000000 0.000000 0.200000 0.508055 0.000000 -1.219333 -0.653412 -5.946354 0.014286 0.089955 0.008341
13.240804 1.000000 -0.298419 0.586879 0.008701 0.055307 0.925638 -1.502534 -0.011529 -0.307072 -0.568352 0.002613 0.056038 -0.921215 -1.504044 0.020649 -2.107500 24.504467 -6.875925 0.237372 -17.001664 -5.781914 5.983952 5.983952 1.201648 1.201648 8.000000 0.000000 0.200000 0.500687 0.000000 -1.201648 -0.646353 -5.983952 0.015059 0.090233 0.007398
13.274245 1.000000 -0.298419 0.586832 0.008725 0.055307 0.925626 -1.502534 -0.011517 -0.307072 -0.568316 0.002493 0.056038 -0.921203 -1.504032 0.020661 -2.105489 24.514814 -6.901295 0.244631 -16.808196 -5.840896 6.003117 6.003117 1.253558 1.253558 8.000000 0.000000 0.200000 0.522316 0.000000 -1.253558 -0.620497 -6.003117 0.015850 0.090457 0.004153
13.314057 1.000000 -0.298419 0.586820 0.008725 0.055307 0.925638 -1.502522 -0.011517 -0.307060 -0.568328 0.002517 0.056038 -0.921203 -1.504044 0.020637 -2.120877 24.437564 -6.972354 0.143323 -17.073993 -5.909763 6.049260 6.049260 1.258197 1.258197 8.000000 0.000000 0.200000 0.524249 0.000000 -1.258197 -0.552536 -6.049260 0.017943 0.092593 0.004053
13.349663 1.000000 -0.298419 0.586820 0.008737 0.055307 0.925626 -1.502534 -0.011529 -0.307060 -0.568328 0.002493 0.056038 -0.921203 -1.504032 0.020637 -2.090180 24.572993 -6.877961 0.272442 -17.003949 -5.870533 6.075139 6.075139 1.295383 1.295383 8.000000 0.000000 0.200000 0.539743 0.000000 -1.295383 -0.528282 -6.075139 0.018650 0.093405 0.002155
13.387174 1.000000 -0.298419 0.586832 0.008725 0.055307 0.925626 -1.502522 -0.011529 -0.307072 -0.568316 0.002493 0.056050 -0.921227 -1.504020 0.020649 -2.242337 24.580817 -6.799286 0.285215 -16.816938 -5.867243 6.115300 6.115300 1.346820 1.346820 8.000000 0.000000 0.200000 0.561175 0.000000 -1.346820 -0.607605 -6.115300 0.017908 0.093852 -0.002224
13.419034 1.000000 -0.298419 0.586712 0.008748 0.055307 0.925626 -1.502522 -0.011517 -0.307072 -0.568304 0.002493 0.056050 -0.921203 -1.504044 0.020637 -2.114658 24.669330 -6.852036 0.230410 -16.908420 -5.878792 6.146550 6.146550 1.367679 1.367679 8.000000 0.000000 0.200000 0.569866 0.000000 -1.367679 -0.663172 -6.146550 0.017138 0.093979 -0.005943
13.449574 1.000000 -0.298419 0.586724 0.008737 0.055307 0.925638 -1.502522 -0.011529 -0.307072 -0.568280 0.002481 0.056050 -0.921203 -1.504020 0.020637 -2.155479 24.545257 -6.922602 0.287371 -16.949065 -5.935070 6.163395 6.163395 1.392840 1.392840 8.000000 0.000000 0.200000 0.580350 0.000000 -1.392840 -0.709685 -6.163395 0.016498 0.094027 -0.009753
13.489387 1.000000 -0.298419 0.586712 0.008737 0.055331 0.925650 -1.502510 -0.011529 -0.307072 -0.568280 0.002481 0.056050 -0.921203 -1.504032 0.020637 -2.096634 24.500464 -6.967264 0.301588 -16.862455 -5.863260 6.179875 6.179875 1.413974 1.413974 8.000000 0.000000 0.200000 0.589156 0.000000 -1.413974 -0.781357 -6.179875 0.015405 0.093879 -0.011261
13.532935 1.000000 -0.298419 0.586712 0.008737 0.055307 0.925638 -1.502498 -0.011529 -0.307072 -0.568268 0.002433 0.056038 -0.921203 -1.504044 0.020649 -2.137316 24.615142 -6.817611 0.435131 -16.830228 -6.033392 6.176335 6.176335 1.392062 1.392062 8.000000 0.000000 0.200000 0.580026 0.000000 -1.392062 -0.783100 -6.176335 0.016224 0.094408 -0.008868
13.566782 1.000000 -0.298419 0.586700 0.008784 0.055307 0.925638 -1.502366 -0.011517 -0.307096 -0.568064 0.002289 0.056050 -0.921203 -1.504020 0.020637 -2.048453 24.541732 -6.762833 0.296382 -16.859781 -5.903171 6.195256 6.195256 1.374240 1.374240 8.000000 0.000000 0.200000 0.572600 0.000000 -1.374240 -0.767821 -6.195256 0.015866 0.094641 -0.008505
13.599113 1.000000 -0.298419 0.586712 0.008796 0.055307 0.925626 -1.502366 -0.011529 -0.307096 -0.568040 0.002289 0.056050 -0.921203 -1.504056 0.020637 -2.156141 24.596135 -6.867130 0.119670 -16.892734 -5.802557 6.182072 6.182072 1.308780 1.308780 8.000000 0.000000 0.200000 0.545325 0.000000 -1.308780 -0.699032 -6.182072 0.016684 0.094565 -0.001539
13.649069 1.000000 -0.298419 0.586700 0.008796 0.055307 0.925626 -1.502366 -0.011505 -0.307072 -0.568052 0.002301 0.056050 -0.921203 -1.504020 0.020649 -2.185423 24.546244 -6.859377 0.264248 -16.856666 -5.882014 6.146306 6.146306 1.261050 1.261050 8.000000 0.000000 0.200000 0.525438 0.000000 -1.261050 -0.547613 -6.146306 0.018035 0.094409 0.006431
13.681777 1.000000 -0.298419 0.586652 0.008796 0.055331 0.925638 -1.502378 -0.011517 -0.307072 -0.567992 0.002289 0.056050 -0.921203 -1.504020 0.020637 -2.274567 24.729865 -6.906978 0.313798 -16.861807 -5.928794 6.121769 6.121769 1.278522 1.278522 8.000000 0.000000 0.200000 0.532717 0.000000 -1.278522 -0.515179 -6.121769 0.018207 0.093572 0.002600
13.710059 1.000000 -0.298419 0.586664 0.008808 0.055307 0.925626 -1.502366 -0.011529 -0.307072 -0.568016 0.002289 0.056050 -0.921215 -1.504044 0.020649 -2.134740 24.570884 -6.855020 0.269278 -16.781891 -5.891422 6.158146 6.158146 1.299609 1.299609 8.000000 0.000000 0.200000 0.541504 0.000000 -1.299609 -0.585903 -6.158146 0.017647 0.094777 0.002403
13.752517 1.000000 -0.298419 0.586652 0.008820 0.055331 0.925626 -1.502366 -0.011529 -0.307072 -0.568004 0.002265 0.056050 -0.921215 -1.504056 0.020649 -2.093297 24.451382 -6.912105 0.207991 -16.981215 -5.841261 6.114689 6.114689 1.299609 1.299609 8.000000 0.000000 0.200000 0.541504 0.000000 -1.299609 -0.729336 -6.114689 0.014829 0.094010 0.003995
13.793710 1.000000 -0.298407 0.586664 0.008820 0.055331 0.925638 -1.502295 -0.011529 -0.307072 -0.567920 0.002205 0.056038 -0.921203 -1.504032 0.020637 -2.167948 24.633174 -6.886008 0.470438 -16.837439 -6.015747 6.124577 6.124577 1.298114 1.298114 8.000000 0.000000 0.200000 0.540881 0.000000 -1.298114 -0.768172 -6.124577 0.014623 0.093662 0.002102
13.827158 1.000000 -0.298407 0.586664 0.008820 0.055331 0.925626 -1.502283 -0.011529 -0.307096 -0.567908 0.002205 0.056050 -0.921215 -1.504020 0.020649 -2.000295 24.439383 -6.868329 0.260360 -16.762548 -5.726509 6.126286 6.126286 1.291919 1.291919 8.000000 0.000000 0.200000 0.538299 0.000000 -1.291919 -0.698797 -6.126286 0.015645 0.094488 0.005659
13.884483 1.000000 -0.298419 0.586664 0.008820 0.055331 0.925638 -1.502366 -0.011529 -0.307072 -0.567765 0.002277 0.056038 -0.921203 -1.504020 0.020637 -2.089870 24.566484 -6.907543 0.271615 -16.839782 -5.912883 6.083439 6.083439 1.225726 1.225726 8.000000 0.000000 0.200000 0.510719 0.000000 -1.225726 -0.483963 -6.083439 0.017693 0.093907 0.013616
13.913026 1.000000 -0.298419 0.586664 0.008820 0.055331 0.925638 -1.502366 -0.011541 -0.307072 -0.567765 0.002265 0.056062 -0.921215 -1.504044 0.020637 -1.941599 24.565294 -6.996764 0.159983 -16.906100 -6.032862 6.078434 6.078434 1.283313 1.283313 8.000000 0.000000 0.200000 0.534714 0.000000 -1.283313 -0.515579 -6.078434 0.018034 0.094039 0.007973
13.935586 1.000000 -0.298419 0.586664 0.008820 0.055331 0.925650 -1.502355 -0.011529 -0.307072 -0.567765 0.002265 0.056050 -0.921215 -1.504020 0.020649 -1.979763 24.592715 -6.941875 0.139966 -16.797766 -5.809869 6.113713 6.113713 1.345065 1.345065 8.000000 0.000000 0.200000 0.560444 0.000000 -1.345065 -0.579085 -6.113713 0.017718 0.094410 0.000870
13.964701 1.000000 -0.298419 0.586664 0.008868 0.055331 0.925638 -1.502319 -0.011517 -0.307072 -0.567705 0.002169 0.056026 -0.921203 -1.504020 0.020637 -2.147048 24.758212 -6.787312 0.021669 -16.857543 -5.723206 6.148991 6.148991 1.363940 1.363940 8.000000 0.000000 0.200000 0.568308 0.000000 -1.363940 -0.640778 -6.148991 0.017066 0.095095 -0.001016
13.990770 1.000000 -0.298419 0.586652 0.008880 0.055307 0.925638 -1.502295 -0.011505 -0.307072 -0.567681 0.002169 0.056050 -0.921203 -1.504032 0.020637 -2.127320 24.554768 -6.927246 0.144239 -16.831079 -5.899839 6.106877 6.106877 1.314471 1.314471 8.000000 0.000000 0.200000 0.547696 0.000000 -1.314471 -0.610075 -6.106877 0.016703 0.094507 0.003607
14.014530 1.000000 -0.298419 0.586664 0.008892 0.055331 0.925638 -1.502283 -0.011529 -0.307096 -0.567705 0.002169 0.056038 -0.921203 -1.504056 0.020637 -1.971461 24.704089 -6.964705 0.111794 -16.883060 -5.839403 6.094914 6.094914 1.291949 1.291949 8.000000 0.000000 0.200000 0.538312 0.000000 -1.291949 -0.599140 -6.094914 0.016107 0.094008 0.006695
14.041001 1.000000 -0.298419 0.586664 0.008856 0.055331 0.925650 -1.502331 -0.011529 -0.307096 -0.567645 0.002001 0.056050 -0.921203 -1.504020 0.020649 -2.117170 24.506541 -6.897769 0.258812 -16.829142 -5.776795 6.094670 6.094670 1.294284 1.294284 8.000000 0.000000 0.200000 0.539285 0.000000 -1.294284 -0.601630 -6.094670 0.016597 0.093765 0.005500
14.060707 1.000000 -0.298419 0.586664 0.008880 0.055331 0.925638 -1.502331 -0.011517 -0.307072 -0.567633 0.002001 0.056050 -0.921203 -1.504008 0.020649 -2.112876 24.407500 -6.992115 0.280297 -16.764120 -5.922855 6.073430 6.073430 1.290668 1.290668 8.000000 0.000000 0.200000 0.537778 0.000000 -1.290668 -0.586390 -6.073430 0.016302 0.093220 0.006027
14.088792 1.000000 -0.298419 0.586664 0.008844 0.055331 0.925638 -1.502342 -0.011517 -0.307084 -0.567645 0.002001 0.056050 -0.921203 -1.504020 0.020649 -2.120380 24.435377 -6.933276 0.274234 -16.855185 -5.877579 6.057560 6.057560 1.259311 1.259311 8.000000 0.000000 0.200000 0.524713 0.000000 -1.259311 -0.553288 -6.057560 0.016396 0.093517 0.007978
14.112051 1.000000 -0.298419 0.586640 0.008844 0.055331 0.925638 -1.502307 -0.011529 -0.307072 -0.567657 0.001977 0.056050 -0.921203 -1.504020 0.020649 -1.953949 24.366858 -6.859833 0.279571 -16.729701 -5.917728 6.070378 6.070378 1.247928 1.247928 8.000000 0.000000 0.200000 0.519970 0.000000 -1.247928 -0.533009 -6.070378 0.016495 0.093854 0.010561
14.146345 1.000000 -0.298419 0.586664 0.008868 0.055331 0.925638 -1.502283 -0.011529 -0.307072 -0.567657 0.001977 0.056050 -0.921215 -1.504008 0.020637 -2.076923 24.553806 -6.944786 0.199034 -16.899193 -5.803254 6.075139 6.075139 1.281222 1.281222 8.000000 0.000000 0.200000 0.533843 0.000000 -1.281222 -0.564356 -6.075139 0.016569 0.093346 0.005815
14.169745 1.000000 -0.298419 0.586652 0.008880 0.055331 0.925626 -1.502247 -0.011529 -0.307072 -0.567633 0.001953 0.056062 -0.921227 -1.504020 0.020649 -2.017407 24.538941 -6.902496 0.275089 -16.786823 -5.871252 6.095036 6.095036 1.324649 1.324649 8.000000 0.000000 0.200000 0.551937 0.000000 -1.324649 -0.571276 -6.095036 0.017554 0.094039 0.001689
14.194841 1.000000 -0.298419 0.586640 0.008844 0.055331 0.925638 -1.502247 -0.011529 -0.307096 -0.567621 0.001977 0.056026 -0.921203 -1.504020 0.020637 -2.058241 24.573207 -6.892799 0.307671 -16.809923 -5.737260 6.104069 6.104069 1.311023 1.311023 8.000000 0.000000 0.200000 0.546259 0.000000 -1.311023 -0.540818 -6.104069 0.017664 0.094096 0.003641
14.217881 1.000000 -0.298419 0.586652 0.008844 0.055331 0.925638 -1.502235 -0.011517 -0.307072 -0.567621 0.002001 0.056062 -0.921203 -1.504044 0.020649 -2.063886 24.602486 -6.942588 0.187771 -16.795285 -5.946699 6.082463 6.082463 1.242389 1.242389 8.000000 0.000000 0.200000 0.517662 0.000000 -1.242389 -0.513649 -6.082463 0.017280 0.093441 0.010125
14.247833 1.000000 -0.298419 0.586628 0.008868 0.055331 0.925638 -1.502259 -0.011517 -0.307072 -0.567621 0.001953 0.056050 -0.921203 -1.504020 0.020637 -2.064544 24.296282 -7.019304 0.225684 -16.919839 -5.929003 6.078679 6.078679 1.202609 1.202609 8.000000 0.000000 0.200000 0.501087 0.000000 -1.202609 -0.498200 -6.078679 0.016919 0.093426 0.013744
14.271087 1.000000 -0.298419 0.586652 0.008844 0.055307 0.925638 -1.502259 -0.011529 -0.307072 -0.567621 0.001953 0.056062 -0.921215 -1.504032 0.020637 -2.018998 24.308118 -6.954600 0.185538 -16.758469 -5.796654 6.093815 6.093815 1.183566 1.183566 8.000000 0.000000 0.200000 0.493153 0.000000 -1.183566 -0.511797 -6.093815 0.016879 0.093647 0.017542
14.296939 1.000000 -0.298407 0.586652 0.008856 0.055307 0.925638 -1.502247 -0.011517 -0.307072 -0.567621 0.001977 0.056038 -0.921203 -1.504032 0.020649 -2.000503 24.597600 -6.911531 0.319821 -16.808651 -5.866702 6.081120 6.081120 1.155078 1.155078 8.000000 0.000000 0.200000 0.481282 0.000000 -1.155078 -0.533562 -6.081120 0.016092 0.093270 0.018931
14.322755 1.000000 -0.298407 0.586640 0.008856 0.055331 0.925638 -1.502259 -0.011529 -0.307072 -0.567609 0.001953 0.056050 -0.921215 -1.504044 0.020649 -2.043564 24.596796 -6.907069 0.199649 -16.865946 -5.838438 6.067936 6.067936 1.147571 1.147571 8.000000 0.000000 0.200000 0.478154 0.000000 -1.147571 -0.570515 -6.067936 0.015396 0.092496 0.017060
14.346627 1.000000 -0.298419 0.586652 0.008868 0.055331 0.925650 -1.502247 -0.011517 -0.307060 -0.567597 0.001977 0.056050 -0.921203 -1.504020 0.020613 -2.017696 24.513210 -6.898636 0.111574 -16.807897 -5.791185 6.081364 6.081364 1.151843 1.151843 8.000000 0.000000 0.200000 0.479935 0.000000 -1.151843 -0.605473 -6.081364 0.014940 0.092586 0.015689
14.371865 1.000000 -0.298407 0.586640 0.008868 0.055331 0.925626 -1.502247 -0.011529 -0.307072 -0.567597 0.001977 0.056062 -0.921203 -1.504020 0.020637 -2.066106 24.512416 -6.911059 0.220613 -16.846686 -5.858022 6.063420 6.063420 1.189426 1.189426 8.000000 0.000000 0.200000 0.495594 0.000000 -1.189426 -0.636633 -6.063420 0.014933 0.092224 0.014037
14.396627 1.000000 -0.298419 0.586652 0.008868 0.055331 0.925650 -1.502235 -0.011529 -0.307096 -0.567537 0.001977 0.056038 -0.921203 -1.504020 0.020637 -1.956003 24.558455 -6.870285 0.063563 -16.765325 -5.724490 6.070012 6.070012 1.207049 1.207049 8.000000 0.000000 0.200000 0.502937 0.000000 -1.207049 -0.681036 -6.070012 0.013829 0.091989 0.012525
14.423795 1.000000 -0.298419 0.586628 0.008880 0.055331 0.925626 -1.502223 -0.011529 -0.307060 -0.567537 0.001977 0.056050 -0.921227 -1.504020 0.020649 -1.995913 24.467011 -6.937012 0.130456 -16.864534 -5.931216 6.071476 6.071476 1.199176 1.199176 8.000000 0.000000 0.200000 0.499657 0.000000 -1.199176 -0.700741 -6.071476 0.013934 0.091993 0.012409
14.448387 1.000000 -0.298419 0.586640 0.008880 0.055331 0.925626 -1.502223 -0.011529 -0.307072 -0.567549 0.001953 0.056062 -0.921215 -1.504008 0.020649 -2.061017 24.462925 -6.869483 0.158478 -16.845348 -5.846945 6.084172 6.084172 1.196338 1.196338 8.000000 0.000000 0.200000 0.498474 0.000000 -1.196338 -0.732281 -6.084172 0.013847 0.091983 0.012528
14.468830 1.000000 -0.298419 0.586640 0.008880 0.055331 0.925626 -1.502223 -0.011541 -0.307096 -0.567549 0.001953 0.056062 -0.921203 -1.504020 0.020637 -1.993555 24.489653 -6.984559 0.162720 -16.824198 -5.864000 6.085881 6.085881 1.147113 1.147113 8.000000 0.000000 0.200000 0.477964 0.000000 -1.147113 -0.736969 -6.085881 0.013471 0.091737 0.015323
14.490319 1.000000 -0.298419 0.586640 0.008892 0.055331 0.925638 -1.502211 -0.011529 -0.307072 -0.567537 0.001917 0.056038 -0.921215 -1.504020 0.020637 -1.966166 24.494896 -6.910916 0.191565 -16.813772 -5.760070 6.084660 6.084660 1.124743 1.124743 8.000000 0.000000 0.200000 0.468643 0.000000 -1.124743 -0.770125 -6.084660 0.013080 0.091365 0.015782
14.517706 1.000000 -0.298407 0.586640 0.008892 0.055331 0.925638 -1.502223 -0.011529 -0.307096 -0.567537 0.001917 0.056050 -0.921203 -1.504020 0.020637 -1.998703 24.369904 -6.921449 0.153513 -16.866177 -5.780584 6.086979 6.086979 1.131335 1.131335 8.000000 0.000000 0.200000 0.471390 0.000000 -1.131335 -0.765517 -6.086979 0.013235 0.091549 0.014416
14.551019 1.000000 -0.298419 0.586628 0.008880 0.055331 0.925650 -1.502223 -0.011517 -0.307096 -0.567537 0.001882 0.056038 -0.921203 -1.504020 0.020637 -2.004224 24.440481 -6.928531 0.186559 -16.738474 -5.848094 6.069767 6.069767 1.127673 1.127673 8.000000 0.000000 0.200000 0.469864 0.000000 -1.127673 -0.739147 -6.069767 0.013037 0.091636 0.016592
14.577063 1.000000 -0.298407 0.586640 0.008892 0.055331 0.925638 -1.502223 -0.011517 -0.307096 -0.567549 0.001858 0.056038 -0.921203 -1.504008 0.020649 -2.040244 24.631032 -6.913372 0.269962 -16.910003 -5.819817 6.053044 6.053044 1.100055 1.100055 8.000000 0.000000 0.200000 0.458356 0.000000 -1.100055 -0.741589 -6.053044 0.012401 0.090952 0.016806
14.600974 1.000000 -0.298419 0.586652 0.008904 0.055331 0.925638 -1.502223 -0.011529 -0.307072 -0.567549 0.001882 0.056038 -0.921215 -1.504020 0.020625 -2.042795 24.703999 -6.881623 0.258471 -16.734602 -5.916006 5.994450 5.994450 1.113925 1.113925 8.000000 0.000000 0.200000 0.464135 0.000000 -1.113925 -0.751133 -5.994450 0.011215 0.089666 0.016894
14.629633 1.000000 -0.298419 0.586628 0.008904 0.055331 0.925626 -1.502271 -0.011529 -0.307072 -0.567513 0.001905 0.056050 -0.921215 -1.504044 0.020637 -2.052412 24.533891 -6.884813 0.205392 -16.931607 -5.887518 6.003239 6.003239 1.110339 1.110339 8.000000 0.000000 0.200000 0.462641 0.000000 -1.110339 -0.757658 -6.003239 0.011607 0.088892 0.015049
14.660847 1.000000 -0.298419 0.586640 0.008868 0.055331 0.925638 -1.502283 -0.011517 -0.307084 -0.567513 0.001917 0.056038 -0.921215 -1.504020 0.020637 -2.124375 24.536150 -6.901021 0.277972 -16.812569 -5.798788 5.962346 5.962346 1.122165 1.122165 8.000000 0.000000 0.200000 0.467569 0.000000 -1.122165 -0.796994 -5.962346 0.010267 0.088039 0.013804
14.687522 1.000000 -0.298407 0.586628 0.008880 0.055331 0.925626 -1.502331 -0.011517 -0.307072 -0.567465 0.001917 0.056050 -0.921203 -1.504020 0.020637 -2.053340 24.445551 -6.899491 0.215430 -16.677010 -5.684637 5.958195 5.958195 1.136767 1.136767 8.000000 0.000000 0.200000 0.473653 0.000000 -1.136767 -0.833073 -5.958195 0.009647 0.088100 0.012035
14.708629 1.000000 -0.298419 0.586628 0.008880 0.055331 0.925638 -1.502355 -0.011517 -0.307072 -0.567489 0.001917 0.056050 -0.921203 -1.504008 0.020637 -2.020809 24.476251 -6.892313 0.289826 -16.636500 -5.810685 5.947819 5.947819 1.139712 1.139712 8.000000 0.000000 0.200000 0.474880 0.000000 -1.139712 -0.854954 -5.947819 0.009457 0.087677 0.011863
14.729224 1.000000 -0.298419 0.586640 0.008868 0.055307 0.925662 -1.502378 -0.011517 -0.307072 -0.567489 0.001917 0.056050 -0.921203 -1.504032 0.020649 -2.114073 24.368041 -6.965215 0.270931 -16.794905 -5.838948 5.955998 5.955998 1.149097 1.149097 8.000000 0.000000 0.200000 0.478790 0.000000 -1.149097 -0.883246 -5.955998 0.009328 0.087642 0.010910
14.752057 1.000000 -0.298407 0.586652 0.008868 0.055331 0.925626 -1.502402 -0.011517 -0.307072 -0.567465 0.001917 0.056050 -0.921203 -1.504044 0.020649 -2.149173 24.416488 -7.020214 0.272900 -16.640051 -5.933456 5.952580 5.952580 1.161044 1.161044 8.000000 0.000000 0.200000 0.483768 0.000000 -1.161044 -0.896103 -5.952580 0.008996 0.087401 0.009911
14.774473 1.000000 -0.298419 0.586640 0.008868 0.055331 0.925626 -1.502414 -0.011517 -0.307072 -0.567465 0.001941 0.056050 -0.921215 -1.504032 0.020637 -2.084249 24.508472 -6.948144 0.224891 -16.756300 -5.869669 5.978337 5.978337 1.176761 1.176761 8.000000 0.000000 0.200000 0.490317 0.000000 -1.176761 -0.918175 -5.978337 0.009186 0.087285 0.008309
14.797096 1.000000 -0.298419 0.586640 0.008880 0.055331 0.925626 -1.502438 -0.011529 -0.307096 -0.567465 0.001941 0.056050 -0.921215 -1.504032 0.020637 -2.192522 24.638975 -6.843915 0.197396 -16.755662 -5.769092 5.969182 5.969182 1.174914 1.174914 8.000000 0.000000 0.200000 0.489548 0.000000 -1.174914 -0.942791 -5.969182 0.009053 0.087301 0.006739
14.821752 1.000000 -0.298419 0.586640 0.008892 0.055307 0.925638 -1.502438 -0.011517 -0.307072 -0.567429 0.001941 0.056050 -0.921203 -1.504044 0.020637 -2.153996 24.419265 -6.837555 0.186173 -16.976999 -5.778397 5.956730 5.956730 1.205310 1.205310 8.000000 0.000000 0.200000 0.502212 0.000000 -1.205310 -0.939183 -5.956730 0.009467 0.087955 0.005877
14.847702 1.000000 -0.298419 0.586652 0.008892 0.055307 0.925638 -1.502450 -0.011529 -0.307072 -0.567429 0.001953 0.056026 -0.921203 -1.504056 0.020649 -2.117669 24.466127 -6.817853 0.180557 -16.907701 -5.765056 5.960392 5.960392 1.212939 1.212939 8.000000 0.000000 0.200000 0.505391 0.000000 -1.212939 -0.916914 -5.960392 0.010411 0.088631 0.004344
14.871931 1.000000 -0.298419 0.586652 0.008892 0.055307 0.925614 -1.502450 -0.011517 -0.307060 -0.567429 0.001953 0.056050 -0.921203 -1.504044 0.020649 -2.145371 24.622933 -6.911192 0.368613 -16.837662 -6.027002 5.962346 5.962346 1.221454 1.221454 8.000000 0.000000 0.200000 0.508939 0.000000 -1.221454 -0.915413 -5.962346 0.010830 0.088965 0.002060
14.901546 1.000000 -0.298419 0.586640 0.008880 0.055307 0.925626 -1.502486 -0.011517 -0.307072 -0.567405 0.001953 0.056050 -0.921203 -1.504044 0.020649 -2.087858 24.486085 -6.911719 0.343523 -16.835917 -5.917042 5.997746 5.997746 1.229251 1.229251 8.000000 0.000000 0.200000 0.512188 0.000000 -1.229251 -0.857785 -5.997746 0.011915 0.089646 0.002283
14.932086 1.000000 -0.298407 0.586640 0.008892 0.055307 0.925614 -1.502510 -0.011517 -0.307072 -0.567405 0.001953 0.056038 -0.921215 -1.504032 0.020649 -2.149105 24.609415 -6.929695 0.271059 -16.825756 -5.882468 5.991642 5.991642 1.192691 1.192691 8.000000 0.000000 0.200000 0.496955 0.000000 -1.192691 -0.792061 -5.991642 0.012851 0.089699 0.005688
14.970315 1.000000 -0.298419 0.586652 0.008892 0.055331 0.925638 -1.502558 -0.011529 -0.307072 -0.567393 0.001953 0.056050 -0.921227 -1.504032 0.020637 -2.090420 24.678405 -6.874193 0.258576 -16.873978 -5.948979 6.005558 6.005558 1.200656 1.200656 8.000000 0.000000 0.200000 0.500273 0.000000 -1.200656 -0.767649 -6.005558 0.013560 0.090355 0.004450
15.006107 1.000000 -0.298419 0.586640 0.008892 0.055307 0.925626 -1.502570 -0.011517 -0.307072 -0.567405 0.001977 0.056050 -0.921215 -1.504044 0.020661 -2.186812 24.497395 -6.906884 0.292664 -16.831030 -5.893171 5.985539 5.985539 1.227603 1.227603 8.000000 0.000000 0.200000 0.511501 0.000000 -1.227603 -0.733113 -5.985539 0.014559 0.090568 0.003200
15.035338 1.000000 -0.298419 0.586652 0.008892 0.055331 0.925626 -1.502570 -0.011529 -0.307072 -0.567405 0.001977 0.056038 -0.921215 -1.504032 0.020649 -2.130485 24.408990 -6.998910 0.257859 -16.814059 -5.854832 5.997868 5.997868 1.260959 1.260959 8.000000 0.000000 0.200000 0.525399 0.000000 -1.260959 -0.706173 -5.997868 0.015053 0.090989 0.000674
15.064668 1.000000 -0.298419 0.586664 0.008844 0.055307 0.925626 -1.502666 -0.011517 -0.307060 -0.567381 0.001989 0.056026 -0.921239 -1.504044 0.020637 -2.142969 24.435070 -6.934025 0.286543 -16.821182 -5.900674 5.999455 5.999455 1.253802 1.253802 8.000000 0.000000 0.200000 0.522418 0.000000 -1.253802 -0.672501 -5.999455 0.015354 0.090589 0.000504
15.105964 1.000000 -0.298419 0.586664 0.008856 0.055331 0.925626 -1.502666 -0.011541 -0.307072 -0.567393 0.001977 0.056050 -0.921227 -1.504020 0.020649 -2.097665 24.219575 -7.071296 0.231402 -16.815531 -5.956206 6.016057 6.016057 1.290225 1.290225 8.000000 0.000000 0.200000 0.537594 0.000000 -1.290225 -0.681492 -6.016057 0.015382 0.090846 -0.002978
15.133593 1.000000 -0.298419 0.586628 0.008832 0.055331 0.925638 -1.502702 -0.011529 -0.307060 -0.567381 0.001977 0.056038 -0.921227 -1.504032 0.020637 -2.108203 24.499328 -6.945254 0.369076 -16.806281 -5.780921 6.040593 6.040593 1.309299 1.309299 8.000000 0.000000 0.200000 0.545541 0.000000 -1.309299 -0.671389 -6.040593 0.015938 0.091091 -0.004340
15.165459 1.000000 -0.298419 0.586628 0.008868 0.055331 0.925638 -1.502690 -0.011517 -0.307072 -0.567405 0.001989 0.056050 -0.921215 -1.504032 0.020637 -2.067580 24.248525 -7.021978 0.184838 -16.793003 -5.760165 6.020451 6.020451 1.309970 1.309970 8.000000 0.000000 0.200000 0.545821 0.000000 -1.309970 -0.644953 -6.020451 0.016272 0.091785 -0.003355
15.192498 1.000000 -0.298407 0.586652 0.008868 0.055331 0.925626 -1.502690 -0.011529 -0.307060 -0.567381 0.001989 0.056026 -0.921227 -1.504032 0.020649 -2.155149 24.425824 -6.995651 0.398135 -16.758340 -5.918074 5.999089 5.999089 1.310382 1.310382 8.000000 0.000000 0.200000 0.545992 0.000000 -1.310382 -0.648617 -5.999089 0.016321 0.091268 -0.003548
15.238689 1.000000 -0.298407 0.586640 0.008856 0.055331 0.925638 -1.502654 -0.011517 -0.307072 -0.567381 0.001953 0.056050 -0.921215 -1.504032 0.020637 -2.061366 24.507725 -6.913992 0.319492 -16.765836 -5.831064 6.011174 6.011174 1.312625 1.312625 8.000000 0.000000 0.200000 0.546927 0.000000 -1.312625 -0.605185 -6.011174 0.016237 0.090990 -0.002537
15.279099 1.000000 -0.298407 0.586628 0.008844 0.055331 0.925638 -1.502666 -0.011517 -0.307072 -0.567405 0.001953 0.056050 -0.921215 -1.504044 0.020649 -1.992068 24.540863 -6.806341 0.317107 -16.881676 -5.838446 5.976262 5.976262 1.338992 1.338992 8.000000 0.000000 0.200000 0.557913 0.000000 -1.338992 -0.573256 -5.976262 0.016834 0.090649 -0.004878
15.326224 1.000000 -0.298419 0.586628 0.008856 0.055331 0.925626 -1.502654 -0.011517 -0.307060 -0.567381 0.001941 0.056050 -0.921215 -1.504044 0.020637 -2.114448 24.508765 -6.860455 0.052418 -16.804692 -5.759969 5.993351 5.993351 1.376529 1.376529 8.000000 0.000000 0.200000 0.573554 0.000000 -1.376529 -0.636202 -5.993351 0.015925 0.090426 -0.008643
15.379722 1.000000 -0.298419 0.586640 0.008868 0.055331 0.925638 -1.502666 -0.011541 -0.307060 -0.567381 0.001953 0.056038 -0.921203 -1.504032 0.020649 -2.211779 24.388801 -7.071583 0.140173 -16.891296 -5.896440 5.999577 5.999577 1.363605 1.363605 8.000000 0.000000 0.200000 0.568169 0.000000 -1.363605 -0.636837 -5.999577 0.016527 0.090807 -0.008586
15.431516 1.000000 -0.298419 0.586652 0.008868 0.055331 0.925638 -1.502594 -0.011505 -0.307072 -0.567393 0.001953 0.056050 -0.921215 -1.504044 0.020661 -1.899432 24.294626 -7.161029 0.273411 -16.835501 -5.893344 6.023259 6.023259 1.385806 1.385806 8.000000 0.000000 0.200000 0.577419 0.000000 -1.385806 -0.651169 -6.023259 0.016024 0.091041 -0.009200
15.463668 1.000000 -0.298419 0.586628 0.008832 0.055331 0.925626 -1.502594 -0.011529 -0.307072 -0.567381 0.001941 0.056050 -0.921227 -1.504032 0.020649 -1.958750 24.331018 -6.980133 0.219919 -16.802602 -5.813138 6.003972 6.003972 1.379443 1.379443 8.000000 0.000000 0.200000 0.574768 0.000000 -1.379443 -0.655657 -6.003972 0.016112 0.090669 -0.009644
15.498725 1.000000 -0.298407 0.586652 0.008856 0.055331 0.925626 -1.502582 -0.011529 -0.307072 -0.567381 0.001941 0.056038 -0.921215 -1.504032 0.020649 -2.067592 24.548527 -6.932313 0.187300 -16.826495 -5.920299 6.034367 6.034367 1.384067 1.384067 8.000000 0.000000 0.200000 0.576694 0.000000 -1.384067 -0.645441 -6.034367 0.015774 0.090471 -0.009129
15.538665 1.000000 -0.298419 0.586640 0.008880 0.055331 0.925638 -1.502534 -0.011505 -0.307072 -0.567381 0.001941 0.056026 -0.921215 -1.504044 0.020637 -2.046520 24.249236 -6.980275 0.279191 -16.820002 -5.780067 6.004216 6.004216 1.386478 1.386478 8.000000 0.000000 0.200000 0.577699 0.000000 -1.386478 -0.644793 -6.004216 0.016220 0.090766 -0.009352
15.572007 1.000000 -0.298419 0.586640 0.008880 0.055331 0.925638 -1.502546 -0.011517 -0.307072 -0.567381 0.001929 0.056050 -0.921215 -1.504032 0.020649 -2.035835 24.264904 -6.978914 0.346681 -16.624833 -5.898995 6.009709 6.009709 1.376910 1.376910 8.000000 0.000000 0.200000 0.573713 0.000000 -1.376910 -0.646481 -6.009709 0.015912 0.090574 -0.009282
15.598077 1.000000 -0.298419 0.586640 0.008868 0.055307 0.925638 -1.502534 -0.011517 -0.307072 -0.567381 0.001941 0.056050 -0.921227 -1.504032 0.020649 -2.009014 24.244035 -6.899322 0.282229 -16.772197 -5.837508 6.037541 6.037541 1.379672 1.379672 8.000000 0.000000 0.200000 0.574863 0.000000 -1.379672 -0.629681 -6.037541 0.016487 0.090960 -0.008730
15.616166 1.000000 -0.298419 0.586652 0.008856 0.055331 0.925626 -1.502450 -0.011517 -0.307072 -0.567357 0.001917 0.056050 -0.921227 -1.504032 0.020637 -2.025855 24.403857 -6.886382 0.318782 -16.698099 -5.747469 6.013005 6.013005 1.377048 1.377048 8.000000 0.000000 0.200000 0.573770 0.000000 -1.377048 -0.633866 -6.013005 0.016009 0.090265 -0.008097
15.635580 1.000000 -0.298419 0.586628 0.008856 0.055331 0.925626 -1.502462 -0.011505 -0.307072 -0.567381 0.001917 0.056050 -0.921227 -1.504044 0.020637 -2.043259 24.279896 -6.921053 0.231543 -16.828125 -5.873437 6.021061 6.021061 1.384540 1.384540 8.000000 0.000000 0.200000 0.576892 0.000000 -1.384540 -0.616057 -6.021061 0.016420 0.090685 -0.008614
15.654756 1.000000 -0.298419 0.586640 0.008868 0.055331 0.925626 -1.502414 -0.011517 -0.307072 -0.567357 0.001917 0.056050 -0.921227 -1.504032 0.020661 -2.015682 24.429542 -6.877853 0.305059 -16.845603 -5.901192 6.033879 6.033879 1.384479 1.384479 8.000000 0.000000 0.200000 0.576866 0.000000 -1.384479 -0.640965 -6.033879 0.016183 0.090574 -0.008675
15.676259 1.000000 -0.298419 0.586640 0.008868 0.055331 0.925626 -1.502307 -0.011529 -0.307072 -0.567345 0.001894 0.056050 -0.921239 -1.503996 0.020649 -2.063044 24.576396 -6.930262 0.205360 -16.843519 -5.941407 6.031315 6.031315 1.376666 1.376666 8.000000 0.000000 0.200000 0.573611 0.000000 -1.376666 -0.646292 -6.031315 0.016051 0.090559 -0.008305
15.697593 1.000000 -0.298419 0.586628 0.008868 0.055331 0.925638 -1.502319 -0.011517 -0.307060 -0.567357 0.001917 0.056038 -0.921239 -1.504008 0.020649 -2.047215 24.531602 -6.841547 0.349027 -16.788477 -5.820017 6.027897 6.027897 1.380832 1.380832 8.000000 0.000000 0.200000 0.575347 0.000000 -1.380832 -0.646492 -6.027897 0.015646 0.090562 -0.008754
15.718555 1.000000 -0.298419 0.586628 0.008880 0.055331 0.925638 -1.502307 -0.011517 -0.307060 -0.567321 0.001917 0.056062 -0.921251 -1.504032 0.020637 -2.064719 24.356458 -7.023586 0.212485 -16.837971 -5.904434 6.018132 6.018132 1.377627 1.377627 8.000000 0.000000 0.200000 0.574011 0.000000 -1.377627 -0.648533 -6.018132 0.016492 0.090766 -0.008409
15.744687 1.000000 -0.298419 0.586640 0.008880 0.055331 0.925626 -1.502307 -0.011529 -0.307072 -0.567297 0.001929 0.056050 -0.921251 -1.504020 0.020649 -2.181410 24.420614 -7.002217 0.374661 -16.799569 -5.819124 6.017521 6.017521 1.363696 1.363696 8.000000 0.000000 0.200000 0.568207 0.000000 -1.363696 -0.648653 -6.017521 0.015835 0.090146 -0.008463
15.769105 1.000000 -0.298419 0.586640 0.008880 0.055331 0.925626 -1.502319 -0.011517 -0.307072 -0.567297 0.001929 0.056038 -0.921275 -1.504008 0.020649 -2.062665 24.511420 -6.819876 0.327247 -16.874085 -5.887887 6.025212 6.025212 1.381351 1.381351 8.000000 0.000000 0.200000 0.575563 0.000000 -1.381351 -0.645733 -6.025212 0.016245 0.090958 -0.008386
15.794505 1.000000 -0.298419 0.586628 0.008880 0.055331 0.925626 -1.502307 -0.011517 -0.307072 -0.567321 0.001941 0.056050 -0.921263 -1.504020 0.020637 -2.066166 24.355835 -6.917977 0.303672 -16.763944 -5.786386 6.018132 6.018132 1.377048 1.377048 8.000000 0.000000 0.200000 0.573770 0.000000 -1.377048 -0.651573 -6.018132 0.015618 0.090417 -0.009160
15.822338 1.000000 -0.298407 0.586628 0.008856 0.055331 0.925650 -1.502319 -0.011529 -0.307072 -0.567297 0.001929 0.056062 -0.921263 -1.504020 0.020637 -2.188393 24.480189 -6.957381 0.293871 -16.830895 -5.874709 6.016667 6.016667 1.374225 1.374225 8.000000 0.000000 0.200000 0.572594 0.000000 -1.374225 -0.662165 -6.016667 0.016004 0.090290 -0.009032
15.855448 1.000000 -0.298419 0.586640 0.008856 0.055331 0.925650 -1.502319 -0.011505 -0.307072 -0.567273 0.001929 0.056074 -0.921275 -1.504020 0.020649 -2.090995 24.515248 -6.889408 0.319286 -16.786180 -5.940926 6.027775 6.027775 1.376651 1.376651 8.000000 0.000000 0.200000 0.573605 0.000000 -1.376651 -0.650538 -6.027775 0.016169 0.090625 -0.008725
15.884297 1.000000 -0.298419 0.586628 0.008868 0.055331 0.925638 -1.502319 -0.011529 -0.307072 -0.567285 0.001917 0.056026 -0.921263 -1.504020 0.020649 -1.995114 24.475429 -6.864503 0.457989 -16.744216 -6.038117 5.992741 5.992741 1.382052 1.382052 8.000000 0.000000 0.200000 0.575855 0.000000 -1.382052 -0.655649 -5.992741 0.015954 0.090430 -0.009131
15.919960 1.000000 -0.298407 0.586640 0.008856 0.055307 0.925638 -1.502307 -0.011529 -0.307072 -0.567273 0.001929 0.056062 -0.921275 -1.504032 0.020649 -2.115535 24.662995 -6.776051 0.240146 -16.827276 -5.942278 5.997502 5.997502 1.384799 1.384799 8.000000 0.000000 0.200000 0.577000 0.000000 -1.384799 -0.646969 -5.997502 0.015992 0.090796 -0.009419
15.948877 1.000000 -0.298419 0.586640 0.008892 0.055331 0.925638 -1.502307 -0.011529 -0.307072 -0.567273 0.001953 0.056062 -0.921263 -1.504020 0.020661 -2.066192 24.399923 -6.965784 0.357186 -16.863716 -5.896682 5.999821 5.999821 1.374042 1.374042 8.000000 0.000000 0.200000 0.572517 0.000000 -1.374042 -0.651493 -5.999821 0.015853 0.090781 -0.008835
15.976492 1.000000 -0.298419 0.586628 0.008868 0.055331 0.925638 -1.502307 -0.011529 -0.307072 -0.567261 0.001941 0.056062 -0.921275 -1.504020 0.020649 -2.163599 24.435539 -6.854607 0.322157 -16.834928 -5.836486 5.999455 5.999455 1.386294 1.386294 8.000000 0.000000 0.200000 0.577623 0.000000 -1.386294 -0.653475 -5.999455 0.015828 0.090467 -0.009366
16.005648 1.000000 -0.298407 0.586640 0.008880 0.055331 0.925638 -1.502319 -0.011517 -0.307072 -0.567249 0.001929 0.056062 -0.921263 -1.504020 0.020649 -2.212777 24.530465 -6.875211 0.271755 -16.859763 -5.829993 6.004216 6.004216 1.380786 1.380786 8.000000 0.000000 0.200000 0.575327 0.000000 -1.380786 -0.651512 -6.004216 0.015613 0.090729 -0.008773
16.032497 1.000000 -0.298419 0.586628 0.008880 0.055331 0.925626 -1.502331 -0.011517 -0.307072 -0.567249 0.001929 0.056050 -0.921275 -1.504020 0.020649 -2.170105 24.423283 -6.852028 0.143230 -16.784872 -5.890589 6.019841 6.019841 1.371997 1.371997 8.000000 0.000000 0.200000 0.571665 0.000000 -1.371997 -0.648680 -6.019841 0.015974 0.090615 -0.008505
16.062802 1.000000 -0.298419 0.586628 0.008880 0.055331 0.925650 -1.502319 -0.011529 -0.307072 -0.567249 0.001929 0.056050 -0.921263 -1.504020 0.020649 -2.161593 24.480707 -6.877425 0.226673 -16.913672 -5.860273 6.027165 6.027165 1.367892 1.367892 8.000000 0.000000 0.200000 0.569955 0.000000 -1.367892 -0.642472 -6.027165 0.016030 0.090735 -0.008376
16.090441 1.000000 -0.298419 0.586628 0.008868 0.055331 0.925650 -1.502331 -0.011517 -0.307072 -0.567249 0.001917 0.056062 -0.921275 -1.504020 0.020649 -2.127185 24.529675 -6.786688 0.232035 -16.879731 -5.888755 5.997746 5.997746 1.374026 1.374026 8.000000 0.000000 0.200000 0.572511 0.000000 -1.374026 -0.656813 -5.997746 0.015880 0.090692 -0.008541
16.120541 1.000000 -0.298419 0.586616 0.008868 0.055331 0.925638 -1.502331 -0.011517 -0.307072 -0.567249 0.001929 0.056050 -0.921275 -1.504020 0.020649 -2.110636 24.556669 -6.907225 0.285238 -16.865135 -5.813681 6.006535 6.006535 1.379169 1.379169 8.000000 0.000000 0.200000 0.574654 0.000000 -1.379169 -0.662140 -6.006535 0.015710 0.091121 -0.008727
16.143519 1.000000 -0.298419 0.586628 0.008880 0.055331 0.925638 -1.502331 -0.011541 -0.307072 -0.567249 0.001929 0.056050 -0.921287 -1.504008 0.020637 -2.104331 24.580696 -6.886637 0.161636 -16.803621 -5.693208 6.025334 6.025334 1.373660 1.373660 8.000000 0.000000 0.200000 0.572358 0.000000 -1.373660 -0.645619 -6.025334 0.015556 0.090801 -0.008871
16.163662 1.000000 -0.298407 0.586628 0.008868 0.055331 0.925626 -1.502307 -0.011517 -0.307072 -0.567237 0.001929 0.056050 -0.921287 -1.504008 0.020649 -2.038126 24.486926 -6.890186 0.178167 -16.662596 -5.867299 6.014714 6.014714 1.389834 1.389834 8.000000 0.000000 0.200000 0.579098 0.000000 -1.389834 -0.665209 -6.014714 0.015268 0.091219 -0.008621
16.183724 1.000000 -0.298419 0.586640 0.008868 0.055331 0.925638 -1.502331 -0.011505 -0.307072 -0.567249 0.001929 0.056062 -0.921275 -1.504020 0.020637 -2.049540 24.529769 -6.809368 0.220465 -16.812187 -5.818227 6.004826 6.004826 1.391208 1.391208 8.000000 0.000000 0.200000 0.579670 0.000000 -1.391208 -0.648733 -6.004826 0.015498 0.090816 -0.009096
16.202810 1.000000 -0.298419 0.586652 0.008868 0.055331 0.925638 -1.502319 -0.011529 -0.307072 -0.567237 0.001941 0.056062 -0.921287 -1.504020 0.020649 -2.092128 24.487263 -6.887722 0.229688 -16.737813 -5.864067 6.000554 6.000554 1.390323 1.390323 8.000000 0.000000 0.200000 0.579301 0.000000 -1.390323 -0.660593 -6.000554 0.015561 0.090942 -0.009460
16.220655 1.000000 -0.298419 0.586628 0.008868 0.055331 0.925638 -1.502295 -0.011517 -0.307072 -0.567237 0.001941 0.056050 -0.921275 -1.504020 0.020649 -2.062448 24.588576 -6.836681 0.219462 -16.671996 -5.899774 6.015446 6.015446 1.382937 1.382937 8.000000 0.000000 0.200000 0.576224 0.000000 -1.382937 -0.654074 -6.015446 0.015631 0.090805 -0.008706
16.239380 1.000000 -0.298407 0.586628 0.008868 0.055307 0.925626 -1.502342 -0.011517 -0.307060 -0.567237 0.001929 0.056062 -0.921263 -1.504008 0.020637 -2.196767 24.512615 -6.916759 0.146757 -16.762460 -5.812420 6.003361 6.003361 1.381427 1.381427 8.000000 0.000000 0.200000 0.575595 0.000000 -1.381427 -0.649897 -6.003361 0.015927 0.090869 -0.008593
16.267181 1.000000 -0.298419 0.586640 0.008868 0.055331 0.925650 -1.502331 -0.011517 -0.307072 -0.567237 0.001917 0.056062 -0.921275 -1.504020 0.020649 -2.092504 24.705538 -6.824242 0.223411 -16.757027 -5.859454 6.010075 6.010075 1.377322 1.377322 8.000000 0.000000 0.200000 0.573884 0.000000 -1.377322 -0.643137 -6.010075 0.015865 0.090996 -0.008612
16.305985 1.000000 -0.298419 0.586628 0.008868 0.055331 0.925626 -1.502331 -0.011517 -0.307072 -0.567213 0.001917 0.056062 -0.921275 -1.504008 0.020649 -2.103997 24.274163 -6.994147 0.217919 -16.730772 -5.791111 6.021916 6.021916 1.375232 1.375232 8.000000 0.000000 0.200000 0.573013 0.000000 -1.375232 -0.651362 -6.021916 0.015536 0.090959 -0.008287
16.330942 1.000000 -0.298419 0.586628 0.008856 0.055331 0.925626 -1.502331 -0.011517 -0.307072 -0.567237 0.001929 0.056062 -0.921287 -1.504008 0.020649 -2.132512 24.484809 -6.892317 0.219611 -16.880478 -5.848894 6.028996 6.028996 1.374362 1.374362 8.000000 0.000000 0.200000 0.572651 0.000000 -1.374362 -0.647091 -6.028996 0.015963 0.090907 -0.008836
16.354082 1.000000 -0.298419 0.586640 0.008856 0.055331 0.925638 -1.502307 -0.011517 -0.307072 -0.567213 0.001941 0.056050 -0.921275 -1.504008 0.020649 -2.084638 24.509516 -6.886316 0.131304 -16.704128 -5.794391 6.004826 6.004826 1.365771 1.365771 8.000000 0.000000 0.200000 0.569071 0.000000 -1.365771 -0.637726 -6.004826 0.016011 0.090752 -0.009050
16.381076 1.000000 -0.298419 0.586628 0.008868 0.055331 0.925650 -1.502319 -0.011517 -0.307072 -0.567213 0.001929 0.056038 -0.921299 -1.504008 0.020637 -2.102424 24.494711 -6.908802 0.014946 -16.673567 -5.764554 6.025334 6.025334 1.389743 1.389743 8.000000 0.000000 0.200000 0.579060 0.000000 -1.389743 -0.652577 -6.025334 0.015836 0.091161 -0.008924
16.417786 1.000000 -0.298419 0.586640 0.008868 0.055331 0.925626 -1.502331 -0.011517 -0.307072 -0.567213 0.001917 0.056038 -0.921275 -1.504020 0.020637 -2.076624 24.516429 -6.891507 0.118218 -16.830544 -5.739449 6.029973 6.029973 1.365710 1.365710 8.000000 0.000000 0.200000 0.569046 0.000000 -1.365710 -0.653399 -6.029973 0.015860 0.090769 -0.008392
16.456365 1.000000 -0.298419 0.586640 0.008868 0.055331 0.925650 -1.502319 -0.011493 -0.307072 -0.567213 0.001917 0.056038 -0.921275 -1.504008 0.020661 -2.042418 24.697014 -6.847276 0.212144 -16.792472 -5.859763 6.023015 6.023015 1.371219 1.371219 8.000000 0.000000 0.200000 0.571341 0.000000 -1.371219 -0.662344 -6.023015 0.015421 0.090567 -0.008953
16.482230 1.000000 -0.298419 0.586628 0.008868 0.055331 0.925638 -1.502331 -0.011529 -0.307072 -0.567201 0.001917 0.056050 -0.921287 -1.504020 0.020649 -2.062870 24.456914 -6.973354 0.138355 -16.912726 -5.831707 6.022770 6.022770 1.357013 1.357013 8.000000 0.000000 0.200000 0.565422 0.000000 -1.357013 -0.646357 -6.022770 0.015824 0.090921 -0.008439
16.511462 1.000000 -0.298419 0.586628 0.008856 0.055307 0.925638 -1.502319 -0.011529 -0.307072 -0.567189 0.001929 0.056038 -0.921275 -1.504020 0.020649 -2.063869 24.505975 -6.897226 0.192651 -16.777078 -5.885173 6.030217 6.030217 1.382815 1.382815 8.000000 0.000000 0.200000 0.576173 0.000000 -1.382815 -0.658011 -6.030217 0.015888 0.091356 -0.009307
16.537982 1.000000 -0.298419 0.586628 0.008856 0.055331 0.925638 -1.502331 -0.011517 -0.307072 -0.567213 0.001929 0.056062 -0.921263 -1.504020 0.020649 -2.117461 24.596340 -6.894853 0.179883 -16.791936 -5.716120 6.039128 6.039128 1.369479 1.369479 8.000000 0.000000 0.200000 0.570616 0.000000 -1.369479 -0.635824 -6.039128 0.016108 0.090735 -0.008429
16.577572 1.000000 -0.298407 0.586640 0.008880 0.055331 0.925626 -1.502342 -0.011517 -0.307072 -0.567213 0.001929 0.056062 -0.921275 -1.504044 0.020637 -2.185779 24.481985 -6.861638 0.076890 -16.647148 -5.786262 6.035832 6.035832 1.365298 1.365298 8.000000 0.000000 0.200000 0.568874 0.000000 -1.365298 -0.651993 -6.035832 0.015836 0.090769 -0.008350
16.603845 1.000000 -0.298419 0.586640 0.008868 0.055331 0.925638 -1.502342 -0.011529 -0.307060 -0.567201 0.001929 0.056062 -0.921275 -1.504020 0.020637 -2.076891 24.513512 -6.880434 -0.002911 -16.753326 -5.841230 6.035344 6.035344 1.380878 1.380878 8.000000 0.000000 0.200000 0.575366 0.000000 -1.380878 -0.655596 -6.035344 0.015903 0.090964 -0.008611
16.625691 1.000000 -0.298419 0.586628 0.008856 0.055331 0.925638 -1.502307 -0.011517 -0.307060 -0.567213 0.001929 0.056062 -0.921275 -1.504020 0.020661 -2.097576 24.503190 -6.847826 0.026316 -16.742944 -5.801792 6.038395 6.038395 1.363269 1.363269 8.000000 0.000000 0.200000 0.568029 0.000000 -1.363269 -0.650978 -6.038395 0.015939 0.090845 -0.008515
16.644150 1.000000 -0.298419 0.586628 0.008880 0.055331 0.925626 -1.502307 -0.011517 -0.307072 -0.567213 0.001941 0.056038 -0.921263 -1.504008 0.020649 -2.055728 24.433383 -6.922510 0.060921 -16.706981 -5.677296 6.021550 6.021550 1.371142 1.371142 8.000000 0.000000 0.200000 0.571309 0.000000 -1.371142 -0.660145 -6.021550 0.016187 0.091037 -0.008030
16.664854 1.000000 -0.298419 0.586628 0.008856 0.055343 0.925626 -1.502319 -0.011529 -0.307072 -0.567189 0.001929 0.056074 -0.921275 -1.504020 0.020661 -2.036269 24.531926 -6.899475 0.147999 -16.733694 -5.876837 6.044987 6.044987 1.365649 1.365649 8.000000 0.000000 0.200000 0.569021 0.000000 -1.365649 -0.647326 -6.044987 0.016083 0.091031 -0.008086
16.689435 1.000000 -0.298419 0.586628 0.008868 0.055331 0.925650 -1.502319 -0.011529 -0.307072 -0.567213 0.001917 0.056062 -0.921275 -1.504020 0.020649 -2.053281 24.526971 -6.855354 0.252216 -16.824373 -5.803759 6.033268 6.033268 1.352847 1.352847 8.000000 0.000000 0.200000 0.563686 0.000000 -1.352847 -0.653633 -6.033268 0.016211 0.090876 -0.008737
16.715604 1.000000 -0.298419 0.586640 0.008868 0.055331 0.925626 -1.502331 -0.011529 -0.307072 -0.567177 0.001929 0.056038 -0.921275 -1.504020 0.020649 -2.078408 24.638331 -6.817317 0.185697 -16.704685 -5.764262 6.036808 6.036808 1.371219 1.371219 8.000000 0.000000 0.200000 0.571341 0.000000 -1.371219 -0.669518 -6.036808 0.015643 0.091014 -0.008966
16.741526 1.000000 -0.298419 0.586640 0.008856 0.055331 0.925626 -1.502331 -0.011529 -0.307060 -0.567189 0.001941 0.056050 -0.921275 -1.504020 0.020649 -2.064419 24.473675 -6.910164 0.151894 -17.080533 -5.725931 6.033513 6.033513 1.366595 1.366595 8.000000 0.000000 0.200000 0.569415 0.000000 -1.366595 -0.656277 -6.033513 0.015956 0.090311 -0.008594
16.776208 1.000000 -0.298419 0.586616 0.008880 0.055331 0.925626 -1.502331 -0.011529 -0.307072 -0.567165 0.001929 0.056062 -0.921275 -1.504032 0.020649 -2.144080 24.440596 -6.990975 0.035744 -16.764303 -5.718925 6.035588 6.035588 1.362292 1.362292 8.000000 0.000000 0.200000 0.567622 0.000000 -1.362292 -0.668286 -6.035588 0.015642 0.091093 -0.008374
16.811574 1.000000 -0.298419 0.586616 0.008880 0.055331 0.925638 -1.502319 -0.011505 -0.307072 -0.567165 0.001941 0.056050 -0.921275 -1.504008 0.020625 -2.091328 24.464234 -6.831968 0.119362 -16.935523 -5.865391 6.033146 6.033146 1.370334 1.370334 8.000000 0.000000 0.200000 0.570972 0.000000 -1.370334 -0.648533 -6.033146 0.016470 0.091225 -0.008051
16.844146 1.000000 -0.298419 0.586628 0.008868 0.055331 0.925662 -1.502319 -0.011529 -0.307060 -0.567153 0.001929 0.056062 -0.921299 -1.504032 0.020637 -2.049985 24.578045 -6.870348 0.131324 -16.797852 -5.963866 6.047062 6.047062 1.375217 1.375217 8.000000 0.000000 0.200000 0.573007 0.000000 -1.375217 -0.662588 -6.047062 0.015969 0.090983 -0.009115
16.875487 1.000000 -0.298419 0.586628 0.008868 0.055307 0.925638 -1.502319 -0.011529 -0.307060 -0.567141 0.001941 0.056062 -0.921287 -1.504020 0.020649 -2.144091 24.697658 -6.806277 0.081559 -16.748887 -5.695160 6.027287 6.027287 1.370517 1.370517 8.000000 0.000000 0.200000 0.571049 0.000000 -1.370517 -0.666188 -6.027287 0.015358 0.090576 -0.009440
16.907573 1.000000 -0.298419 0.586628 0.008880 0.055331 0.925626 -1.502331 -0.011505 -0.307072 -0.567141 0.001917 0.056050 -0.921299 -1.504032 0.020637 -2.101758 24.425812 -6.917878 0.234001 -16.806950 -5.793702 6.020817 6.020817 1.346530 1.346530 8.000000 0.000000 0.200000 0.561054 0.000000 -1.346530 -0.656101 -6.020817 0.015907 0.091274 -0.008041
16.938449 1.000000 -0.298419 0.586628 0.008868 0.055331 0.925626 -1.502307 -0.011505 -0.307060 -0.567153 0.001917 0.056050 -0.921299 -1.504020 0.020649 -1.987250 24.508831 -6.781919 0.015162 -16.801771 -5.718620 6.025334 6.025334 1.355777 1.355777 8.000000 0.000000 0.200000 0.564907 0.000000 -1.355777 -0.649073 -6.025334 0.016415 0.090727 -0.008209
16.963156 1.000000 -0.298419 0.586652 0.008856 0.055331 0.925638 -1.502307 -0.011505 -0.307060 -0.567165 0.001929 0.056062 -0.921287 -1.504008 0.020673 -2.092060 24.505230 -6.946963 0.161383 -16.717502 -5.972304 6.006901 6.006901 1.357974 1.357974 8.000000 0.000000 0.200000 0.565823 0.000000 -1.357974 -0.657769 -6.006901 0.015478 0.091132 -0.008561
17.004520 1.000000 -0.298419 0.586628 0.008856 0.055331 0.925638 -1.502331 -0.011553 -0.307072 -0.567129 0.001929 0.056050 -0.921299 -1.504032 0.020649 -2.080639 24.339105 -7.036517 0.110353 -16.777053 -5.703731 6.018742 6.018742 1.360766 1.360766 8.000000 0.000000 0.200000 0.566986 0.000000 -1.360766 -0.665734 -6.018742 0.015813 0.090951 -0.009050
17.035152 1.000000 -0.298419 0.586628 0.008868 0.055331 0.925626 -1.502307 -0.011517 -0.307072 -0.567129 0.001929 0.056050 -0.921299 -1.504008 0.020649 -2.087515 24.541951 -6.843088 0.243851 -16.934213 -5.685610 6.014836 6.014836 1.353580 1.353580 8.000000 0.000000 0.200000 0.563991 0.000000 -1.353580 -0.647316 -6.014836 0.015682 0.090699 -0.007497
17.072704 1.000000 -0.298419 0.586628 0.008868 0.055331 0.925650 -1.502319 -0.011529 -0.307072 -0.567141 0.001929 0.056050 -0.921275 -1.504020 0.020649 -2.227881 24.584349 -6.861541 0.187995 -17.005144 -5.900127 6.004582 6.004582 1.361484 1.361484 8.000000 0.000000 0.200000 0.567285 0.000000 -1.361484 -0.641850 -6.004582 0.015791 0.091305 -0.008126
17.113668 1.000000 -0.298407 0.586640 0.008856 0.055331 0.925638 -1.502331 -0.011505 -0.307060 -0.567141 0.001929 0.056074 -0.921299 -1.504008 0.020649 -2.096157 24.612817 -6.913005 -0.004633 -16.746644 -5.801645 6.013127 6.013127 1.368167 1.368167 8.000000 0.000000 0.200000 0.570070 0.000000 -1.368167 -0.661108 -6.013127 0.015543 0.090610 -0.007959
17.157832 1.000000 -0.298419 0.586628 0.008880 0.055331 0.925638 -1.502319 -0.011517 -0.307072 -0.567118 0.001929 0.056038 -0.921275 -1.504020 0.020637 -2.129833 24.639205 -6.806077 0.204048 -16.858151 -5.832022 6.013005 6.013005 1.361178 1.361178 8.000000 0.000000 0.200000 0.567158 0.000000 -1.361178 -0.659621 -6.013005 0.015764 0.091077 -0.008120
17.185849 1.000000 -0.298419 0.586640 0.008856 0.055331 0.925638 -1.502319 -0.011517 -0.307072 -0.567118 0.001917 0.056062 -0.921275 -1.504032 0.020649 -2.127844 24.542157 -6.895664 0.241103 -16.823530 -5.903845 6.018132 6.018132 1.358081 1.358081 8.000000 0.000000 0.200000 0.565867 0.000000 -1.358081 -0.663727 -6.018132 0.015213 0.091191 -0.008478
17.238925 1.000000 -0.298419 0.586616 0.008868 0.055331 0.925638 -1.502319 -0.011505 -0.307072 -0.567094 0.001917 0.056050 -0.921287 -1.504020 0.020661 -2.145191 24.525886 -6.899603 0.619708 -16.836429 -5.991130 6.036808 6.036808 1.366565 1.366565 8.000000 0.000000 0.200000 0.569402 0.000000 -1.366565 -0.664461 -6.036808 0.015275 0.091048 -0.008781
17.271345 1.000000 -0.298419 0.586628 0.008868 0.055331 0.925626 -1.502307 -0.011517 -0.307072 -0.567129 0.001941 0.056062 -0.921275 -1.504020 0.020649 -1.949712 24.588112 -6.808506 0.299494 -16.874240 -5.808242 5.996769 5.996769 1.361362 1.361362 8.000000 0.000000 0.200000 0.567234 0.000000 -1.361362 -0.650257 -5.996769 0.015794 0.091178 -0.008053
17.310472 1.000000 -0.298407 0.586628 0.008868 0.055331 0.925638 -1.502319 -0.011517 -0.307048 -0.567106 0.001929 0.056062 -0.921299 -1.504008 0.020661 -2.203990 24.400897 -6.949850 0.275244 -17.035005 -5.989411 6.015080 6.015080 1.364108 1.364108 8.000000 0.000000 0.200000 0.568378 0.000000 -1.364108 -0.659039 -6.015080 0.015507 0.091133 -0.008888
17.344623 1.000000 -0.298419 0.586628 0.008856 0.055331 0.925638 -1.502319 -0.011517 -0.307060 -0.567106 0.001917 0.056062 -0.921275 -1.504020 0.020649 -2.120071 24.452299 -6.928732 0.207450 -16.886895 -5.785397 6.010807 6.010807 1.360461 1.360461 8.000000 0.000000 0.200000 0.566859 0.000000 -1.360461 -0.650086 -6.010807 0.015763 0.091123 -0.008473
17.401178 1.000000 -0.298419 0.586628 0.008880 0.055307 0.925626 -1.502331 -0.011517 -0.307072 -0.567129 0.001929 0.056050 -0.921299 -1.504032 0.020649 -2.145142 24.588390 -6.899753 0.315398 -16.652435 -5.907914 6.033879 6.033879 1.353549 1.353549 8.000000 0.000000 0.200000 0.563979 0.000000 -1.353549 -0.650175 -6.033879 0.015598 0.090908 -0.007527
17.449319 1.000000 -0.298419 0.586640 0.008856 0.055331 0.925626 -1.502319 -0.011517 -0.307072 -0.567094 0.001929 0.056074 -0.921299 -1.504020 0.020649 -2.011375 24.574629 -6.912048 0.350776 -16.777975 -5.851333 6.014958 6.014958 1.351031 1.351031 8.000000 0.000000 0.200000 0.562930 0.000000 -1.351031 -0.655777 -6.014958 0.015433 0.091055 -0.008536
17.478308 1.000000 -0.298407 0.586640 0.008856 0.055331 0.925638 -1.502295 -0.011529 -0.307072 -0.567094 0.001917 0.056062 -0.921299 -1.504020 0.020637 -1.978760 24.509389 -6.883615 0.162745 -16.799707 -5.797247 6.023991 6.023991 1.346835 1.346835 8.000000 0.000000 0.200000 0.561181 0.000000 -1.346835 -0.651507 -6.023991 0.015592 0.091150 -0.007921
17.513127 1.000000 -0.298419 0.586628 0.008868 0.055331 0.925626 -1.502331 -0.011529 -0.307072 -0.567106 0.001941 0.056050 -0.921275 -1.504008 0.020661 -2.109924 24.620731 -6.944768 0.361757 -16.713320 -5.774376 6.024113 6.024113 1.362079 1.362079 8.000000 0.000000 0.200000 0.567533 0.000000 -1.362079 -0.655043 -6.024113 0.015855 0.091039 -0.007637
17.557496 1.000000 -0.298419 0.586628 0.008892 0.055331 0.925626 -1.502319 -0.011517 -0.307060 -0.567070 0.001929 0.056050 -0.921287 -1.504020 0.020661 -1.965159 24.092006 -7.006519 0.241687 -16.813850 -5.915890 6.023991 6.023991 1.345019 1.345019 8.000000 0.000000 0.200000 0.560425 0.000000 -1.345019 -0.636614 -6.023991 0.015812 0.091426 -0.007781
17.599473 1.000000 -0.298419 0.586628 0.008868 0.055331 0.925626 -1.502319 -0.011517 -0.307084 -0.567106 0.001929 0.056050 -0.921299 -1.504020 0.020649 -2.041345 24.121375 -7.080619 0.261823 -16.858986 -5.851692 6.028386 6.028386 1.356555 1.356555 8.000000 0.000000 0.200000 0.565231 0.000000 -1.356555 -0.655514 -6.028386 0.015712 0.090818 -0.008811
17.626729 1.000000 -0.298419 0.586628 0.008892 0.055307 0.925638 -1.502319 -0.011553 -0.307072 -0.567082 0.001929 0.056050 -0.921311 -1.504020 0.020673 -2.110101 24.396872 -6.983654 0.295202 -16.747001 -5.991977 6.026799 6.026799 1.361880 1.361880 8.000000 0.000000 0.200000 0.567450 0.000000 -1.361880 -0.644545 -6.026799 0.015934 0.090810 -0.008309
17.667666 1.000000 -0.298419 0.586628 0.008868 0.055331 0.925626 -1.502331 -0.011529 -0.307072 -0.567070 0.001941 0.056062 -0.921299 -1.504020 0.020637 -2.081010 24.560142 -6.874014 0.270925 -16.818014 -5.818232 6.029362 6.029362 1.359820 1.359820 8.000000 0.000000 0.200000 0.566592 0.000000 -1.359820 -0.661410 -6.029362 0.015915 0.091214 -0.008629
17.708803 1.000000 -0.298419 0.586640 0.008892 0.055331 0.925650 -1.502307 -0.011529 -0.307072 -0.567082 0.001929 0.056050 -0.921299 -1.504020 0.020637 -2.160386 24.323102 -7.061139 0.386778 -16.607271 -5.870229 6.028019 6.028019 1.348071 1.348071 8.000000 0.000000 0.200000 0.561696 0.000000 -1.348071 -0.661145 -6.028019 0.016035 0.091381 -0.008211
17.766222 1.000000 -0.298419 0.586640 0.008856 0.055307 0.925638 -1.502319 -0.011529 -0.307060 -0.567046 0.001917 0.056050 -0.921299 -1.504008 0.020661 -2.108936 24.349650 -6.910114 0.183297 -16.880562 -5.899447 6.039616 6.039616 1.345462 1.345462 8.000000 0.000000 0.200000 0.560609 0.000000 -1.345462 -0.663529 -6.039616 0.015914 0.091367 -0.008756
17.809576 1.000000 -0.298419 0.586652 0.008880 0.055343 0.925650 -1.502331 -0.011553 -0.307072 -0.567058 0.001917 0.056050 -0.921299 -1.504020 0.020649 -2.024540 24.625895 -6.904855 0.225469 -16.984533 -5.840959 6.041691 6.041691 1.358737 1.358737 8.000000 0.000000 0.200000 0.566140 0.000000 -1.358737 -0.662464 -6.041691 0.016005 0.090983 -0.009081
17.852310 1.000000 -0.298407 0.586640 0.008880 0.055331 0.925638 -1.502331 -0.011517 -0.307060 -0.567058 0.001929 0.056062 -0.921299 -1.504020 0.020649 -1.958341 24.390001 -6.920650 0.250142 -16.892297 -5.904448 6.023381 6.023381 1.357348 1.357348 8.000000 0.000000 0.200000 0.565562 0.000000 -1.357348 -0.672528 -6.023381 0.015771 0.090648 -0.009134
17.890642 1.000000 -0.298407 0.586628 0.008880 0.055331 0.925626 -1.502331 -0.011517 -0.307072 -0.567034 0.001929 0.056050 -0.921299 -1.504020 0.020649 -2.069793 24.420866 -6.826096 0.282766 -16.801991 -5.828838 6.035954 6.035954 1.363330 1.363330 8.000000 0.000000 0.200000 0.568054 0.000000 -1.363330 -0.656470 -6.035954 0.015947 0.091235 -0.009072
17.926772 1.000000 -0.298407 0.586628 0.008856 0.055331 0.925650 -1.502331 -0.011517 -0.307096 -0.567022 0.001917 0.056050 -0.921323 -1.504020 0.020649 -2.242155 24.621662 -6.990253 0.250843 -16.830568 -5.810101 6.017521 6.017521 1.353412 1.353412 8.000000 0.000000 0.200000 0.563922 0.000000 -1.353412 -0.654154 -6.017521 0.016154 0.090944 -0.009325
17.966189 1.000000 -0.298419 0.586640 0.008880 0.055331 0.925638 -1.502319 -0.011517 -0.307072 -0.567034 0.001929 0.056062 -0.921299 -1.504008 0.020649 -2.188149 24.319357 -6.904704 0.294318 -16.860064 -5.996051 6.025090 6.025090 1.365573 1.365573 8.000000 0.000000 0.200000 0.568989 0.000000 -1.365573 -0.662092 -6.025090 0.015270 0.090852 -0.009329
18.015257 1.000000 -0.298419 0.586628 0.008880 0.055331 0.925626 -1.502331 -0.011529 -0.307072 -0.567022 0.001929 0.056050 -0.921299 -1.504020 0.020649 -2.070532 24.463017 -6.900674 0.065872 -16.691045 -5.657909 6.024479 6.024479 1.345630 1.345630 8.000000 0.000000 0.200000 0.560679 0.000000 -1.345630 -0.660649 -6.024479 0.016301 0.090885 -0.008121
18.067564 1.000000 -0.298419 0.586640 0.008868 0.055331 0.925626 -1.502307 -0.011517 -0.307060 -0.567022 0.001917 0.056062 -0.921299 -1.504020 0.020649 -2.126045 24.243871 -7.036034 0.290591 -16.959815 -5.903008 6.034733 6.034733 1.355762 1.355762 8.000000 0.000000 0.200000 0.564901 0.000000 -1.355762 -0.672074 -6.034733 0.016322 0.091058 -0.008547
18.116410 1.000000 -0.298419 0.586628 0.008856 0.055331 0.925638 -1.502319 -0.011517 -0.307072 -0.567010 0.001929 0.056062 -0.921275 -1.504020 0.020637 -2.091364 24.591577 -6.883213 0.285397 -16.713533 -5.927678 6.015568 6.015568 1.359042 1.359042 8.000000 0.000000 0.200000 0.566268 0.000000 -1.359042 -0.657568 -6.015568 0.015758 0.090963 -0.008804
18.150775 1.000000 -0.298419 0.586628 0.008868 0.055331 0.925638 -1.502319 -0.011517 -0.307072 -0.567022 0.001929 0.056038 -0.921275 -1.504020 0.020649 -2.076306 24.492720 -6.887624 0.289030 -16.710230 -5.912660 6.010075 6.010075 1.341464 1.341464 8.000000 0.000000 0.200000 0.558943 0.000000 -1.341464 -0.654368 -6.010075 0.015447 0.090638 -0.007812
18.178267 1.000000 -0.298419 0.586616 0.008868 0.055331 0.925626 -1.502319 -0.011517 -0.307060 -0.567022 0.001917 0.056050 -0.921311 -1.504020 0.020637 -2.133368 24.491593 -6.873226 0.051916 -16.851505 -5.775483 5.995060 5.995060 1.350696 1.350696 8.000000 0.000000 0.200000 0.562790 0.000000 -1.350696 -0.653580 -5.995060 0.015319 0.091292 -0.007994
18.205329 1.000000 -0.298419 0.586628 0.008856 0.055307 0.925638 -1.502331 -0.011517 -0.307072 -0.566998 0.001941 0.056074 -0.921275 -1.504056 0.020649 -2.158994 24.527011 -6.829344 0.148410 -16.778146 -5.851297 6.027897 6.027897 1.346149 1.346149 8.000000 0.000000 0.200000 0.560895 0.000000 -1.346149 -0.653740 -6.027897 0.015862 0.091193 -0.007915
18.228059 1.000000 -0.298419 0.586628 0.008880 0.055331 0.925626 -1.502319 -0.011517 -0.307072 -0.567010 0.001929 0.056062 -0.921299 -1.504020 0.020649 -2.197328 24.511607 -6.910682 0.259795 -16.797350 -5.832032 6.014592 6.014592 1.349261 1.349261 8.000000 0.000000 0.200000 0.562192 0.000000 -1.349261 -0.652474 -6.014592 0.015981 0.091140 -0.008104
18.264425 1.000000 -0.298419 0.586628 0.008856 0.055331 0.925626 -1.502307 -0.011529 -0.307072 -0.567010 0.001929 0.056062 -0.921299 -1.504020 0.020649 -2.038511 24.602846 -6.860475 0.231057 -16.844327 -5.851966 6.018254 6.018254 1.360034 1.360034 8.000000 0.000000 0.200000 0.566681 0.000000 -1.360034 -0.654497 -6.018254 0.015569 0.091261 -0.007558
18.285863 1.000000 -0.298419 0.586640 0.008868 0.055331 0.925638 -1.502307 -0.011517 -0.307072 -0.567010 0.001929 0.056050 -0.921299 -1.504008 0.020625 -2.079954 24.554831 -6.943763 0.309264 -16.816892 -5.728432 5.990300 5.990300 1.352984 1.352984 8.000000 0.000000 0.200000 0.563744 0.000000 -1.352984 -0.650997 -5.990300 0.015604 0.091384 -0.008879
18.319874 1.000000 -0.298419 0.586628 0.008856 0.055331 0.925638 -1.502331 -0.011529 -0.307072 -0.567010 0.001941 0.056062 -0.921299 -1.504020 0.020637 -2.191370 24.531080 -6.872247 0.268590 -16.828438 -5.905436 6.016179 6.016179 1.358844 1.358844 8.000000 0.000000 0.200000 0.566185 0.000000 -1.358844 -0.676085 -6.016179 0.015156 0.091235 -0.008383
18.351247 1.000000 -0.298419 0.586628 0.008868 0.055331 0.925626 -1.502307 -0.011517 -0.307060 -0.567010 0.001917 0.056074 -0.921275 -1.504020 0.020637 -2.109892 24.484456 -6.920101 0.260356 -16.799806 -5.940985 5.999211 5.999211 1.365924 1.365924 8.000000 0.000000 0.200000 0.569135 0.000000 -1.365924 -0.646000 -5.999211 0.015476 0.091181 -0.007919
18.375940 1.000000 -0.298419 0.586640 0.008880 0.055331 0.925638 -1.502331 -0.011517 -0.307060 -0.567010 0.001941 0.056074 -0.921275 -1.504020 0.020637 -2.142340 24.577701 -6.856145 0.239353 -16.862301 -5.896415 6.012394 6.012394 1.362857 1.362857 8.000000 0.000000 0.200000 0.567857 0.000000 -1.362857 -0.647976 -6.012394 0.015826 0.091382 -0.007898
18.396872 1.000000 -0.298419 0.586628 0.008868 0.055331 0.925638 -1.502307 -0.011529 -0.307072 -0.567010 0.001929 0.056050 -0.921299 -1.504020 0.020649 -2.067257 24.441277 -6.875744 0.312754 -16.805521 -5.898267 6.021428 6.021428 1.370090 1.370090 8.000000 0.000000 0.200000 0.570871 0.000000 -1.370090 -0.673193 -6.021428 0.014588 0.091173 -0.008200
18.442399 1.000000 -0.298419 0.586628 0.008880 0.055331 0.925638 -1.502331 -0.011529 -0.307060 -0.567010 0.001929 0.056050 -0.921299 -1.504008 0.020649 -2.199367 24.599190 -6.774426 0.345188 -16.573537 -5.955602 6.004338 6.004338 1.351489 1.351489 8.000000 0.000000 0.200000 0.563120 0.000000 -1.351489 -0.660437 -6.004338 0.015061 0.090747 -0.008107
18.470755 1.000000 -0.298419 0.586640 0.008868 0.055331 0.925638 -1.502331 -0.011517 -0.307072 -0.567010 0.001929 0.056062 -0.921299 -1.504020 0.020649 -2.247816 24.611576 -6.812313 0.303192 -16.751982 -5.887859 6.030827 6.030827 1.358081 1.358081 8.000000 0.000000 0.200000 0.565867 0.000000 -1.358081 -0.656721 -6.030827 0.015618 0.091520 -0.007283
18.497652 1.000000 -0.298419 0.586616 0.008880 0.055331 0.925638 -1.502331 -0.011529 -0.307060 -0.567010 0.001929 0.056062 -0.921311 -1.504020 0.020649 -2.074760 24.600930 -6.971282 0.475328 -16.822119 -6.004867 6.009343 6.009343 1.344531 1.344531 8.000000 0.000000 0.200000 0.560221 0.000000 -1.344531 -0.646555 -6.009343 0.015631 0.090824 -0.007538
18.534999 1.000000 -0.298419 0.586628 0.008856 0.055331 0.925650 -1.502307 -0.011517 -0.307060 -0.566998 0.001917 0.056062 -0.921299 -1.504020 0.020649 -2.088884 24.574024 -6.865121 0.381809 -16.649539 -5.979738 6.010807 6.010807 1.344760 1.344760 8.000000 0.000000 0.200000 0.560317 0.000000 -1.344760 -0.672009 -6.010807 0.015651 0.090944 -0.008893
18.572918 1.000000 -0.298419 0.586640 0.008880 0.055331 0.925626 -1.502307 -0.011517 -0.307060 -0.567010 0.001929 0.056062 -0.921299 -1.504008 0.020649 -2.143954 24.563023 -6.760025 0.314336 -16.824481 -5.837412 6.010685 6.010685 1.338946 1.338946 8.000000 0.000000 0.200000 0.557894 0.000000 -1.338946 -0.648424 -6.010685 0.015592 0.090944 -0.007927
18.601782 1.000000 -0.298419 0.586628 0.008868 0.055331 0.925662 -1.502319 -0.011517 -0.307060 -0.567010 0.001941 0.056062 -0.921275 -1.504020 0.020649 -2.140464 24.558324 -6.847296 0.259955 -16.883032 -5.997584 6.016667 6.016667 1.333148 1.333148 8.000000 0.000000 0.200000 0.555478 0.000000 -1.333148 -0.646311 -6.016667 0.015576 0.091228 -0.007810
18.626317 1.000000 -0.298419 0.586616 0.008868 0.055307 0.925626 -1.502295 -0.011517 -0.307072 -0.567010 0.001941 0.056074 -0.921275 -1.504020 0.020661 -2.113635 24.589714 -6.831654 0.334632 -16.855519 -5.871929 6.008732 6.008732 1.351916 1.351916 8.000000 0.000000 0.200000 0.563298 0.000000 -1.351916 -0.655968 -6.008732 0.015542 0.091086 -0.009378
18.661141 1.000000 -0.298419 0.586640 0.008868 0.055343 0.925638 -1.502319 -0.011517 -0.307072 -0.567010 0.001929 0.056050 -0.921299 -1.504008 0.020649 -2.091572 24.573314 -6.901918 0.326756 -16.804740 -5.821242 6.012150 6.012150 1.356525 1.356525 8.000000 0.000000 0.200000 0.565219 0.000000 -1.356525 -0.652972 -6.012150 0.015826 0.091180 -0.008804
18.686116 1.000000 -0.298419 0.586616 0.008880 0.055331 0.925638 -1.502319 -0.011517 -0.307072 -0.567010 0.001929 0.056086 -0.921299 -1.504032 0.020661 -2.150250 24.485463 -6.922207 0.317829 -16.794162 -5.898659 6.030949 6.030949 1.359378 1.359378 8.000000 0.000000 0.200000 0.566407 0.000000 -1.359378 -0.656674 -6.030949 0.016012 0.090812 -0.008935
18.721326 1.000000 -0.298419 0.586616 0.008868 0.055331 0.925626 -1.502307 -0.011517 -0.307072 -0.567010 0.001929 0.056050 -0.921275 -1.504008 0.020661 -2.059521 24.576536 -6.889077 0.236580 -16.788773 -5.908749 6.016057 6.016057 1.357913 1.357913 8.000000 0.000000 0.200000 0.565797 0.000000 -1.357913 -0.662236 -6.016057 0.015816 0.091297 -0.008664
18.748370 1.000000 -0.298407 0.586628 0.008868 0.055331 0.925626 -1.502295 -0.011517 -0.307072 -0.567010 0.001929 0.056062 -0.921299 -1.504020 0.020637 -2.060998 24.524089 -6.863652 0.128720 -16.814226 -5.769553 6.010319 6.010319 1.344424 1.344424 8.000000 0.000000 0.200000 0.560177 0.000000 -1.344424 -0.662493 -6.010319 0.015766 0.090800 -0.008761
18.776993 1.000000 -0.298419 0.586628 0.008880 0.055331 0.925626 -1.502342 -0.011529 -0.307060 -0.567010 0.001917 0.056062 -0.921299 -1.504020 0.020649 -2.108398 24.473904 -6.916882 0.238529 -16.762077 -5.857235 6.023015 6.023015 1.357501 1.357501 8.000000 0.000000 0.200000 0.565625 0.000000 -1.357501 -0.665650 -6.023015 0.015665 0.090815 -0.008968
18.815347 1.000000 -0.298419 0.586652 0.008880 0.055331 0.925650 -1.502319 -0.011529 -0.307072 -0.567010 0.001929 0.056074 -0.921299 -1.504020 0.020649 -2.048482 24.571886 -6.878826 0.271644 -16.811526 -5.874974 6.006535 6.006535 1.353366 1.353366 8.000000 0.000000 0.200000 0.563902 0.000000 -1.353366 -0.659973 -6.006535 0.016261 0.090701 -0.009036
18.847927 1.000000 -0.298419 0.586628 0.008880 0.055331 0.925626 -1.502319 -0.011529 -0.307072 -0.566986 0.001929 0.056050 -0.921299 -1.504020 0.020649 -2.131762 24.491549 -6.971673 0.088005 -16.739458 -5.896334 6.031193 6.031193 1.360385 1.360385 8.000000 0.000000 0.200000 0.566827 0.000000 -1.360385 -0.658406 -6.031193 0.015705 0.090973 -0.009269
18.876154 1.000000 -0.298419 0.586616 0.008880 0.055331 0.925650 -1.502307 -0.011517 -0.307072 -0.566986 0.001929 0.056074 -0.921299 -1.504020 0.020649 -2.108733 24.448254 -6.939696 0.087312 -16.975618 -5.949987 6.023015 6.023015 1.345386 1.345386 8.000000 0.000000 0.200000 0.560577 0.000000 -1.345386 -0.667258 -6.023015 0.015684 0.090906 -0.008844
18.900416 1.000000 -0.298419 0.586628 0.008868 0.055331 0.925638 -1.502307 -0.011517 -0.307072 -0.567010 0.001917 0.056062 -0.921299 -1.504020 0.020649 -2.116996 24.471148 -6.942989 0.213910 -16.831741 -5.819308 6.007634 6.007634 1.351565 1.351565 8.000000 0.000000 0.200000 0.563152 0.000000 -1.351565 -0.654293 -6.007634 0.016314 0.091239 -0.009374
18.925035 1.000000 -0.298419 0.586628 0.008880 0.055331 0.925650 -1.502307 -0.011529 -0.307072 -0.566986 0.001941 0.056062 -0.921275 -1.504008 0.020661 -2.089892 24.570426 -6.817129 0.181446 -16.844380 -5.825426 6.022038 6.022038 1.347720 1.347720 8.000000 0.000000 0.200000 0.561550 0.000000 -1.347720 -0.666937 -6.022038 0.015688 0.090741 -0.008572
18.958888 1.000000 -0.298407 0.586628 0.008868 0.055343 0.925626 -1.502307 -0.011517 -0.307060 -0.567010 0.001929 0.056062 -0.921299 -1.504020 0.020649 -1.946508 24.528632 -6.788953 0.282112 -16.902438 -5.990125 6.038151 6.038151 1.344989 1.344989 8.000000 0.000000 0.200000 0.560412 0.000000 -1.344989 -0.670912 -6.038151 0.015853 0.090520 -0.008910
18.998880 1.000000 -0.298419 0.586616 0.008868 0.055331 0.925638 -1.502319 -0.011517 -0.307072 -0.566986 0.001929 0.056062 -0.921299 -1.504020 0.020637 -2.034450 24.392509 -6.865338 0.299528 -16.742972 -5.859866 6.004460 6.004460 1.340259 1.340259 8.000000 0.000000 0.200000 0.558441 0.000000 -1.340259 -0.667092 -6.004460 0.015717 0.091034 -0.008606
19.042893 1.000000 -0.298419 0.586628 0.008868 0.055331 0.925638 -1.502307 -0.011529 -0.307072 -0.566986 0.001929 0.056038 -0.921299 -1.504020 0.020637 -2.071218 24.654894 -6.888403 0.275545 -16.830079 -5.856697 6.009953 6.009953 1.341754 1.341754 8.000000 0.000000 0.200000 0.559064 0.000000 -1.341754 -0.667027 -6.009953 0.015841 0.091163 -0.008520
19.084704 1.000000 -0.298419 0.586616 0.008856 0.055307 0.925626 -1.502307 -0.011529 -0.307072 -0.567010 0.001941 0.056062 -0.921299 -1.504020 0.020649 -2.171438 24.524224 -6.829907 0.327538 -16.613459 -5.925519 6.005803 6.005803 1.352160 1.352160 8.000000 0.000000 0.200000 0.563400 0.000000 -1.352160 -0.663279 -6.005803 0.015755 0.090682 -0.008983
19.127781 1.000000 -0.298419 0.586628 0.008868 0.055331 0.925626 -1.502319 -0.011517 -0.307072 -0.567010 0.001953 0.056062 -0.921311 -1.504020 0.020649 -2.091326 24.612574 -6.864335 0.470575 -16.910209 -6.025646 6.007634 6.007634 1.352603 1.352603 8.000000 0.000000 0.200000 0.563585 0.000000 -1.352603 -0.663473 -6.007634 0.015328 0.090836 -0.008513
19.170805 1.000000 -0.298419 0.586628 0.008868 0.055331 0.925626 -1.502307 -0.011529 -0.307096 -0.567010 0.001929 0.056050 -0.921299 -1.504020 0.020649 -2.061756 24.510433 -6.854691 0.406605 -16.669009 -5.883927 6.018498 6.018498 1.346530 1.346530 8.000000 0.000000 0.200000 0.561054 0.000000 -1.346530 -0.665983 -6.018498 0.015337 0.091043 -0.008838
19.224087 1.000000 -0.298419 0.586628 0.008868 0.055331 0.925638 -1.502319 -0.011517 -0.307072 -0.567022 0.001941 0.056062 -0.921299 -1.504020 0.020649 -2.106141 24.583111 -6.912185 0.375859 -16.927398 -5.880538 5.986882 5.986882 1.345691 1.345691 8.000000 0.000000 0.200000 0.560704 0.000000 -1.345691 -0.670485 -5.986882 0.015155 0.090729 -0.008631
19.284132 1.000000 -0.298419 0.586628 0.008868 0.055331 0.925638 -1.502331 -0.011529 -0.307060 -0.566998 0.001953 0.056062 -0.921299 -1.504008 0.020661 -2.001394 24.445046 -6.873885 0.321375 -16.795248 -5.947006 6.007023 6.007023 1.347629 1.347629 8.000000 0.000000 0.200000 0.561512 0.000000 -1.347629 -0.666157 -6.007023 0.015569 0.090785 -0.008194
19.360497 1.000000 -0.298419 0.586640 0.008868 0.055331 0.925650 -1.502319 -0.011529 -0.307072 -0.566986 0.001953 0.056062 -0.921323 -1.504008 0.020649 -1.937390 24.806194 -7.032954 0.199296 -16.719117 -5.945379 5.997502 5.997502 1.343631 1.343631 8.000000 0.000000 0.200000 0.559846 0.000000 -1.343631 -0.661305 -5.997502 0.015577 0.090780 -0.007813
19.407666 1.000000 -0.298419 0.586628 0.008868 0.055331 0.925626 -1.502307 -0.011517 -0.307060 -0.567010 0.001929 0.056050 -0.921299 -1.504020 0.020649 -2.026553 24.440597 -6.896721 0.264837 -16.912105 -5.874866 5.993718 5.993718 1.339465 1.339465 8.000000 0.000000 0.200000 0.558110 0.000000 -1.339465 -0.646506 -5.993718 0.015706 0.091059 -0.008005
19.450835 1.000000 -0.298419 0.586628 0.008856 0.055331 0.925626 -1.502331 -0.011529 -0.307060 -0.566998 0.001929 0.056086 -0.921275 -1.504020 0.020649 -2.049252 24.462117 -6.875840 0.282988 -16.763003 -5.875135 5.989689 5.989689 1.332156 1.332156 8.000000 0.000000 0.200000 0.555065 0.000000 -1.332156 -0.665097 -5.989689 0.015088 0.090477 -0.008893
19.501344 1.000000 -0.298431 0.586628 0.008868 0.055331 0.925638 -1.502307 -0.011517 -0.307072 -0.566998 0.001929 0.056062 -0.921299 -1.504008 0.020637 -2.036809 24.517263 -6.935792 0.096618 -16.751446 -5.772163 5.995793 5.995793 1.346347 1.346347 8.000000 0.000000 0.200000 0.560978 0.000000 -1.346347 -0.673197 -5.995793 0.014786 0.090647 -0.008704
19.547932 1.000000 -0.298419 0.586640 0.008856 0.055331 0.925638 -1.502307 -0.011517 -0.307060 -0.566998 0.001929 0.056074 -0.921299 -1.504020 0.020649 -2.073445 24.621332 -6.846878 0.213768 -16.869878 -5.948273 5.990910 5.990910 1.355884 1.355884 8.000000 0.000000 0.200000 0.564952 0.000000 -1.355884 -0.671393 -5.990910 0.015542 0.090809 -0.009123
19.608027 1.000000 -0.298419 0.586628 0.008868 0.055331 0.925626 -1.502307 -0.011517 -0.307072 -0.566974 0.001953 0.056062 -0.921299 -1.504020 0.020649 -2.238821 24.322166 -6.956943 0.451389 -16.805798 -5.932714 5.997624 5.997624 1.354327 1.354327 8.000000 0.000000 0.200000 0.564303 0.000000 -1.354327 -0.663733 -5.997624 0.015403 0.090685 -0.008478
19.652859 1.000000 -0.298419 0.586640 0.008892 0.055331 0.925626 -1.502319 -0.011517 -0.307072 -0.567010 0.001929 0.056062 -0.921311 -1.504020 0.020649 -2.166456 24.506756 -6.875202 0.208794 -16.913969 -5.956082 6.006169 6.006169 1.348987 1.348987 8.000000 0.000000 0.200000 0.562078 0.000000 -1.348987 -0.672020 -6.006169 0.015401 0.090699 -0.008515
19.699164 1.000000 -0.298419 0.586628 0.008880 0.055331 0.925626 -1.502319 -0.011529 -0.307072 -0.567010 0.001953 0.056062 -0.921275 -1.504032 0.020661 -2.249193 24.509923 -6.946403 0.279314 -16.890477 -5.816665 6.009343 6.009343 1.347690 1.347690 8.000000 0.000000 0.200000 0.561537 0.000000 -1.347690 -0.671976 -6.009343 0.015116 0.090565 -0.008754
19.740203 1.000000 -0.298419 0.586628 0.008856 0.055307 0.925638 -1.502319 -0.011517 -0.307060 -0.566998 0.001953 0.056062 -0.921299 -1.504008 0.020649 -2.126239 24.537241 -6.816581 0.277288 -16.895645 -5.847959 6.004704 6.004704 1.344058 1.344058 8.000000 0.000000 0.200000 0.560024 0.000000 -1.344058 -0.681938 -6.004704 0.015357 0.090788 -0.008715
19.789668 1.000000 -0.298419 0.586628 0.008880 0.055331 0.925626 -1.502319 -0.011517 -0.307060 -0.567010 0.001953 0.056074 -0.921299 -1.504020 0.020649 -2.042479 24.403610 -6.897034 0.263445 -16.851306 -5.877367 5.995305 5.995305 1.344455 1.344455 8.000000 0.000000 0.200000 0.560190 0.000000 -1.344455 -0.664576 -5.995305 0.015555 0.090417 -0.009201
19.839048 1.000000 -0.298419 0.586628 0.008856 0.055343 0.925614 -1.502319 -0.011517 -0.307072 -0.566998 0.001953 0.056062 -0.921311 -1.504020 0.020649 -2.073147 24.532537 -6.974296 0.315458 -16.730427 -5.859215 5.998234 5.998234 1.344012 1.344012 8.000000 0.000000 0.200000 0.560005 0.000000 -1.344012 -0.661989 -5.998234 0.015789 0.090808 -0.008227
19.871306 1.000000 -0.298419 0.586628 0.008856 0.055331 0.925638 -1.502307 -0.011529 -0.307072 -0.566998 0.001953 0.056050 -0.921275 -1.504020 0.020661 -2.113812 24.435711 -6.919918 0.289405 -16.769724 -5.883934 6.001286 6.001286 1.336886 1.336886 8.000000 0.000000 0.200000 0.557036 0.000000 -1.336886 -0.670985 -6.001286 0.015487 0.090374 -0.008771
19.919709 1.000000 -0.298419 0.586616 0.008856 0.055331 0.925638 -1.502307 -0.011529 -0.307072 -0.567010 0.001953 0.056062 -0.921323 -1.504008 0.020649 -2.178089 24.629101 -6.754512 0.291496 -16.731114 -6.036714 6.017399 6.017399 1.347537 1.347537 8.000000 0.000000 0.200000 0.561474 0.000000 -1.347537 -0.674645 -6.017399 0.015481 0.090947 -0.008550
19.966264 1.000000 -0.298419 0.586604 0.008856 0.055331 0.925626 -1.502307 -0.011529 -0.307072 -0.566986 0.001953 0.056062 -0.921311 -1.504020 0.020649 -2.066855 24.542659 -6.869791 0.245854 -16.765336 -5.837122 5.995671 5.995671 1.336154 1.336154 8.000000 0.000000 0.200000 0.556731 0.000000 -1.336154 -0.660689 -5.995671 0.016051 0.090787 -0.008061
19.994609 1.000000 -0.298419 0.586640 0.008892 0.055331 0.925626 -1.502307 -0.011529 -0.307060 -0.567010 0.001953 0.056074 -0.921299 -1.504032 0.020649 -2.097602 24.586932 -6.910555 0.186092 -16.864651 -5.939214 5.991642 5.991642 1.336917 1.336917 8.000000 0.000000 0.200000 0.557049 0.000000 -1.336917 -0.654509 -5.991642 0.015635 0.090641 -0.008008
20.030964 2.000000 -0.298419 0.586628 0.008856 0.055331 0.925638 -1.502319 -0.011517 -0.307072 -0.566974 0.001953 0.056062 -0.921311 -1.504020 0.020661 0.028628 -0.039889 -0.053096 0.021410 0.039339 0.108264 5.969426 5.969426 1.345248 1.345248 8.000000 0.000000 0.200000 0.560520 0.000000 -1.345248 -0.677550 -5.969426 0.015650 0.090437 -0.009634
20.112896 2.000000 -0.298419 0.586628 0.008868 0.055331 0.925638 -1.502319 -0.011517 -0.307072 -0.566986 0.001953 0.056074 -0.921299 -1.504020 0.020637 -0.068286 0.049486 0.137028 -0.042040 0.160631 -0.065205 6.007756 6.007756 1.348514 1.348514 8.000000 0.000000 0.200000 0.561881 0.000000 -1.348514 -0.663000 -6.007756 0.015696 0.091218 -0.008521
20.150017 2.000000 -0.298419 0.586628 0.008880 0.055331 0.925626 -1.502307 -0.011529 -0.307072 -0.566986 0.001953 0.056062 -0.921299 -1.504020 0.020649 -0.054352 0.095483 0.044245 0.173181 0.205978 0.083021 5.989079 5.989079 1.336627 1.336627 8.000000 0.000000 0.200000 0.556928 0.000000 -1.336627 -0.655043 -5.989079 0.015575 0.090769 -0.008306
20.173974 2.000000 -0.298419 0.586628 0.008880 0.055331 0.925638 -1.502331 -0.011517 -0.307072 -0.566986 0.001953 0.056062 -0.921311 -1.504008 0.020649 -0.049605 0.061458 -0.014298 0.070953 0.136197 0.113077 5.984074 5.984074 1.345813 1.345813 8.000000 0.000000 0.200000 0.560755 0.000000 -1.345813 -0.666861 -5.984074 0.015529 0.090520 -0.008804
20.199115 2.000000 -0.298419 0.586628 0.008892 0.055307 0.925638 -1.502307 -0.011529 -0.307072 -0.566998 0.001953 0.056062 -0.921299 -1.504020 0.020649 0.011302 -0.145210 -0.048824 -0.013543 -0.054494 -0.011131 6.009221 6.009221 1.343524 1.343524 8.000000 0.000000 0.200000 0.559802 0.000000 -1.343524 -0.660267 -6.009221 0.015870 0.090894 -0.007928
20.218390 2.000000 -0.298419 0.586628 0.008880 0.055307 0.925638 -1.502319 -0.011529 -0.307060 -0.566998 0.001953 0.056062 -0.921299 -1.503996 0.020661 0.007737 -0.111460 -0.066563 0.007676 0.045198 -0.002563 5.981877 5.981877 1.354434 1.354434 8.000000 0.000000 0.200000 0.564348 0.000000 -1.354434 -0.674128 -5.981877 0.015179 0.090766 -0.008498
20.241881 2.000000 -0.298419 0.586640 0.008880 0.055331 0.925638 -1.502307 -0.011517 -0.307072 -0.567010 0.001953 0.056062 -0.921323 -1.504032 0.020649 0.017392 -0.042536 -0.050223 -0.024111 0.189886 -0.056561 5.992131 5.992131 1.340823 1.340823 8.000000 0.000000 0.200000 0.558676 0.000000 -1.340823 -0.653542 -5.992131 0.015382 0.090918 -0.008380
20.259964 2.000000 -0.298419 0.586628 0.008856 0.055331 0.925638 -1.502307 -0.011517 -0.307060 -0.566998 0.001953 0.056062 -0.921299 -1.504032 0.020649 0.030403 -0.169748 -0.145126 -0.002170 -0.007436 0.039578 5.992985 5.992985 1.346438 1.346438 8.000000 0.000000 0.200000 0.561016 0.000000 -1.346438 -0.675446 -5.992985 0.015448 0.090823 -0.008492
20.279385 2.000000 -0.298419 0.586628 0.008856 0.055331 0.925638 -1.502307 -0.011517 -0.307072 -0.567022 0.001977 0.056050 -0.921299 -1.504008 0.020649 0.088042 -0.139047 -0.085593 -0.003228 0.159015 -0.032688 5.996525 5.996525 1.358035 1.358035 8.000000 0.000000 0.200000 0.565848 0.000000 -1.358035 -0.674542 -5.996525 0.015592 0.090865 -0.008919
20.297030 2.000000 -0.298419 0.586628 0.008880 0.055307 0.925638 -1.502319 -0.011517 -0.307072 -0.566974 0.001929 0.056062 -0.921275 -1.504008 0.020637 -0.097998 -0.087302 -0.041759 0.106596 0.118291 0.053139 5.985417 5.985417 1.342929 1.342929 8.000000 0.000000 0.200000 0.559554 0.000000 -1.342929 -0.668993 -5.985417 0.015468 0.090777 -0.008628
20.319587 2.000000 -0.298419 0.586616 0.008856 0.055331 0.925626 -1.502307 -0.011529 -0.307060 -0.566974 0.001977 0.056050 -0.921311 -1.504020 0.020661 0.017034 -0.198962 -0.095705 -0.074336 0.232301 0.049759 5.978215 5.978215 1.347751 1.347751 8.000000 0.000000 0.200000 0.561563 0.000000 -1.347751 -0.670910 -5.978215 0.015479 0.090459 -0.008519
20.343431 2.000000 -0.298419 0.586628 0.008868 0.055331 0.925626 -1.502319 -0.011517 -0.307072 -0.566986 0.001977 0.056050 -0.921299 -1.504008 0.020637 -0.000391 -0.076813 -0.024482 0.038125 0.064839 0.052085 5.985905 5.985905 1.346713 1.346713 8.000000 0.000000 0.200000 0.561130 0.000000 -1.346713 -0.671589 -5.985905 0.015296 0.090900 -0.008124
20.363699 2.000000 -0.298419 0.586628 0.008868 0.055331 0.925626 -1.502319 -0.011517 -0.307072 -0.566998 0.001953 0.056062 -0.921311 -1.504020 0.020649 -0.038636 -0.060441 -0.045257 0.016288 -0.035031 -0.060402 5.985173 5.985173 1.348849 1.348849 8.000000 0.000000 0.200000 0.562021 0.000000 -1.348849 -0.668158 -5.985173 0.015740 0.091004 -0.008495
20.384020 2.000000 -0.298419 0.586628 0.008856 0.055331 0.925650 -1.502295 -0.011529 -0.307072 -0.566986 0.001953 0.056062 -0.921275 -1.504020 0.020649 0.063113 -0.066388 0.060015 -0.087364 0.286507 -0.006534 5.982975 5.982975 1.335269 1.335269 8.000000 0.000000 0.200000 0.556362 0.000000 -1.335269 -0.656750 -5.982975 0.015454 0.091084 -0.007545
20.404198 2.000000 -0.298419 0.586628 0.008856 0.055331 0.925626 -1.502307 -0.011517 -0.307072 -0.566986 0.001953 0.056050 -0.921275 -1.504020 0.020661 -0.025133 -0.057162 0.033641 -0.056076 0.142526 0.034239 5.980534 5.980534 1.346988 1.346988 8.000000 0.000000 0.200000 0.561245 0.000000 -1.346988 -0.669285 -5.980534 0.015434 0.090803 -0.008683
20.426257 2.000000 -0.298419 0.586616 0.008868 0.055331 0.925626 -1.502319 -0.011505 -0.307072 -0.566986 0.001953 0.056062 -0.921299 -1.504020 0.020649 -0.034458 -0.025504 0.004863 -0.018434 0.119653 0.005046 5.987004 5.987004 1.343783 1.343783 8.000000 0.000000 0.200000 0.559910 0.000000 -1.343783 -0.663704 -5.987004 0.014935 0.090409 -0.008236
20.459642 2.000000 -0.298419 0.586640 0.008868 0.055331 0.925650 -1.502307 -0.011517 -0.307072 -0.566998 0.001953 0.056062 -0.921311 -1.504020 0.020649 -0.081948 -0.168710 -0.045341 -0.013405 -0.065718 -0.065789 5.984562 5.984562 1.340076 1.340076 8.000000 0.000000 0.200000 0.558365 0.000000 -1.340076 -0.655806 -5.984562 0.015470 0.090459 -0.007980
20.483377 2.000000 -0.298419 0.586652 0.008856 0.055307 0.925638 -1.502307 -0.011529 -0.307060 -0.566998 0.001953 0.056050 -0.921299 -1.504020 0.020661 -0.048238 -0.250297 -0.134994 0.160412 0.066265 0.101380 5.979191 5.979191 1.340076 1.340076 8.000000 0.000000 0.200000 0.558365 0.000000 -1.340076 -0.650360 -5.979191 0.015878 0.090732 -0.008222
20.515488 2.000000 -0.298419 0.586628 0.008880 0.055307 0.925626 -1.502307 -0.011529 -0.307072 -0.566998 0.001953 0.056050 -0.921323 -1.504008 0.020637 0.119519 -0.247799 -0.185151 0.080560 0.106836 0.048455 5.974675 5.974675 1.345279 1.345279 8.000000 0.000000 0.200000 0.560533 0.000000 -1.345279 -0.678236 -5.974675 0.015305 0.090428 -0.008434
20.543060 2.000000 -0.298419 0.586604 0.008856 0.055331 0.925638 -1.502307 -0.011505 -0.307072 -0.566998 0.001953 0.056074 -0.921299 -1.504020 0.020649 0.059536 -0.167374 -0.107677 0.081402 0.098069 -0.014116 5.974431 5.974431 1.343204 1.343204 8.000000 0.000000 0.200000 0.559668 0.000000 -1.343204 -0.675118 -5.974431 0.014919 0.090585 -0.008511
20.573123 2.000000 -0.298419 0.586628 0.008868 0.055307 0.925626 -1.502295 -0.011517 -0.307060 -0.567010 0.001953 0.056074 -0.921299 -1.504008 0.020649 0.066916 -0.078846 -0.052204 0.087368 0.068650 -0.036404 5.987126 5.987126 1.342425 1.342425 8.000000 0.000000 0.200000 0.559344 0.000000 -1.342425 -0.666193 -5.987126 0.015655 0.090677 -0.008429
20.601894 2.000000 -0.298419 0.586628 0.008880 0.055331 0.925626 -1.502319 -0.011517 -0.307072 -0.566998 0.001953 0.056062 -0.921311 -1.504020 0.020649 -0.010539 -0.027577 -0.069249 -0.014304 0.012462 -0.059732 5.979924 5.979924 1.343814 1.343814 8.000000 0.000000 0.200000 0.559922 0.000000 -1.343814 -0.667465 -5.979924 0.015582 0.090961 -0.008733
20.622624 2.000000 -0.298419 0.586628 0.008856 0.055331 0.925638 -1.502307 -0.011517 -0.307072 -0.567010 0.001953 0.056062 -0.921299 -1.504044 0.020649 0.050973 -0.053732 0.001633 -0.014546 0.046487 -0.024452 5.966740 5.966740 1.339648 1.339648 8.000000 0.000000 0.200000 0.558187 0.000000 -1.339648 -0.673638 -5.966740 0.014856 0.090294 -0.008241
20.645621 2.000000 -0.298419 0.586628 0.008856 0.055343 0.925626 -1.502307 -0.011529 -0.307072 -0.566986 0.001953 0.056074 -0.921275 -1.503996 0.020649 0.076658 0.031045 -0.035161 0.013618 0.084294 -0.027240 5.972233 5.972233 1.348422 1.348422 8.000000 0.000000 0.200000 0.561843 0.000000 -1.348422 -0.663536 -5.972233 0.015393 0.090453 -0.008738
20.669419 2.000000 -0.298419 0.586628 0.008868 0.055307 0.925614 -1.502295 -0.011517 -0.307072 -0.567010 0.001953 0.056050 -0.921299 -1.504032 0.020649 0.061875 -0.074480 -0.028624 0.072788 0.101965 0.040776 5.967717 5.967717 1.355289 1.355289 8.000000 0.000000 0.200000 0.564704 0.000000 -1.355289 -0.674553 -5.967717 0.014899 0.090106 -0.008776
20.689326 2.000000 -0.298407 0.586640 0.008880 0.055331 0.925638 -1.502319 -0.011517 -0.307072 -0.566998 0.001953 0.056062 -0.921311 -1.504008 0.020637 -0.061751 -0.077536 -0.130743 -0.079826 0.048015 0.012408 5.975651 5.975651 1.343219 1.343219 8.000000 0.000000 0.200000 0.559675 0.000000 -1.343219 -0.660366 -5.975651 0.015649 0.090321 -0.008129
20.707539 2.000000 -0.298419 0.586628 0.008868 0.055331 0.925638 -1.502319 -0.011505 -0.307060 -0.566986 0.001953 0.056062 -0.921299 -1.504020 0.020649 0.016464 -0.092962 -0.083603 -0.113007 0.092953 0.035030 5.961857 5.961857 1.344180 1.344180 8.000000 0.000000 0.200000 0.560075 0.000000 -1.344180 -0.665745 -5.961857 0.015490 0.090459 -0.009067
20.735662 2.000000 -0.298419 0.586628 0.008880 0.055331 0.925626 -1.502319 -0.011517 -0.307072 -0.566986 0.001977 0.056050 -0.921311 -1.504008 0.020661 0.013248 -0.058009 0.040816 -0.106523 -0.037143 0.156587 5.995671 5.995671 1.340320 1.340320 8.000000 0.000000 0.200000 0.558467 0.000000 -1.340320 -0.658016 -5.995671 0.015525 0.090816 -0.008400
20.771206 2.000000 -0.298419 0.586628 0.008868 0.055331 0.925626 -1.502319 -0.011517 -0.307060 -0.566986 0.001953 0.056074 -0.921299 -1.504032 0.020637 0.019223 0.016938 0.037332 -0.088485 0.117417 0.023525 5.970280 5.970280 1.336749 1.336749 8.000000 0.000000 0.200000 0.556979 0.000000 -1.336749 -0.672753 -5.970280 0.015274 0.090643 -0.008198
20.805717 2.000000 -0.298419 0.586628 0.008868 0.055331 0.925638 -1.502319 -0.011505 -0.307072 -0.566986 0.001953 0.056062 -0.921299 -1.504020 0.020649 -0.037265 -0.179247 -0.095063 -0.178560 0.163956 0.087081 5.971013 5.971013 1.353305 1.353305 8.000000 0.000000 0.200000 0.563877 0.000000 -1.353305 -0.662781 -5.971013 0.015518 0.090210 -0.008687
20.835623 2.000000 -0.298419 0.586628 0.008868 0.055331 0.925626 -1.502319 -0.011529 -0.307060 -0.566986 0.001977 0.056062 -0.921311 -1.504008 0.020649 -0.025519 -0.111799 -0.006495 -0.145760 -0.037629 0.007063 5.998967 5.998967 1.346698 1.346698 8.000000 0.000000 0.200000 0.561124 0.000000 -1.346698 -0.665472 -5.998967 0.015577 0.090501 -0.008418
20.876618 2.000000 -0.298419 0.586628 0.008880 0.055331 0.925638 -1.502319 -0.011517 -0.307072 -0.566986 0.001953 0.056074 -0.921299 -1.504020 0.020649 -0.034531 0.000108 -0.115793 -0.162732 0.068013 0.210016 5.988469 5.988469 1.331561 1.331561 8.000000 0.000000 0.200000 0.554817 0.000000 -1.331561 -0.658552 -5.988469 0.015577 0.090250 -0.007899
20.901414 2.000000 -0.298419 0.586640 0.008868 0.055331 0.925626 -1.502307 -0.011517 -0.307072 -0.566986 0.001953 0.056038 -0.921311 -1.504032 0.020661 -0.028493 -0.172287 -0.163021 -0.094622 0.024476 0.077673 5.978581 5.978581 1.350711 1.350711 8.000000 0.000000 0.200000 0.562796 0.000000 -1.350711 -0.680653 -5.978581 0.015059 0.090265 -0.008662
20.931456 2.000000 -0.298419 0.586616 0.008868 0.055331 0.925638 -1.502307 -0.011517 -0.307072 -0.566986 0.001953 0.056050 -0.921311 -1.503996 0.020661 0.084192 0.075930 0.005821 0.084623 0.146368 0.054454 5.981389 5.981389 1.352420 1.352420 8.000000 0.000000 0.200000 0.563508 0.000000 -1.352420 -0.671910 -5.981389 0.014749 0.090135 -0.009448
20.960854 2.000000 -0.298419 0.586628 0.008868 0.055331 0.925638 -1.502295 -0.011505 -0.307072 -0.566974 0.001953 0.056062 -0.921311 -1.504044 0.020649 0.014939 -0.191329 0.006809 -0.104076 0.138236 0.145457 5.971257 5.971257 1.337070 1.337070 8.000000 0.000000 0.200000 0.557112 0.000000 -1.337070 -0.655943 -5.971257 0.015629 0.090415 -0.008466
20.987307 2.000000 -0.298419 0.586628 0.008856 0.055331 0.925626 -1.502307 -0.011517 -0.307060 -0.566986 0.001977 0.056074 -0.921311 -1.504020 0.020637 -0.043504 -0.079564 -0.012903 -0.027350 0.009557 -0.015421 5.982609 5.982609 1.350619 1.350619 8.000000 0.000000 0.200000 0.562758 0.000000 -1.350619 -0.675020 -5.982609 0.015671 0.090223 -0.008739
21.031135 2.000000 -0.298407 0.586628 0.008868 0.055331 0.925638 -1.502307 -0.011529 -0.307072 -0.566986 0.001953 0.056062 -0.921323 -1.503996 0.020649 -0.036438 0.066377 -0.089359 0.020394 0.157205 -0.092352 5.979191 5.979191 1.352359 1.352359 8.000000 0.000000 0.200000 0.563483 0.000000 -1.352359 -0.676522 -5.979191 0.015580 0.090530 -0.008271
21.054896 2.000000 -0.298419 0.586628 0.008856 0.055331 0.925638 -1.502319 -0.011505 -0.307072 -0.566986 0.001953 0.056062 -0.921311 -1.504008 0.020649 -0.012778 -0.016811 0.023084 0.107221 0.192072 0.105191 5.980656 5.980656 1.337497 1.337497 8.000000 0.000000 0.200000 0.557290 0.000000 -1.337497 -0.685961 -5.980656 0.015168 0.090196 -0.008866
21.088477 2.000000 -0.298419 0.586628 0.008880 0.055331 0.925626 -1.502307 -0.011517 -0.307060 -0.566998 0.001977 0.056062 -0.921311 -1.504020 0.020649 0.154652 0.120197 -0.094535 -0.061155 -0.124774 0.020495 5.979802 5.979802 1.333133 1.333133 8.000000 0.000000 0.200000 0.555472 0.000000 -1.333133 -0.669869 -5.979802 0.015463 0.090534 -0.008081
21.120634 2.000000 -0.298419 0.586628 0.008856 0.055331 0.925626 -1.502307 -0.011517 -0.307072 -0.566998 0.001953 0.056038 -0.921323 -1.504020 0.020649 0.028246 0.053812 0.038028 0.012936 0.022977 -0.090656 5.990788 5.990788 1.349856 1.349856 8.000000 0.000000 0.200000 0.562440 0.000000 -1.349856 -0.691860 -5.990788 0.014970 0.090406 -0.008647
21.144422 2.000000 -0.298419 0.586628 0.008856 0.055331 0.925626 -1.502319 -0.011517 -0.307072 -0.566998 0.001977 0.056062 -0.921311 -1.504020 0.020649 -0.038085 -0.020936 -0.073038 0.018216 0.100051 -0.033402 5.992985 5.992985 1.349109 1.349109 8.000000 0.000000 0.200000 0.562129 0.000000 -1.349109 -0.662348 -5.992985 0.015674 0.090525 -0.008823
21.199905 2.000000 -0.298419 0.586628 0.008868 0.055331 0.925638 -1.502319 -0.011529 -0.307072 -0.566986 0.001977 0.056062 -0.921299 -1.504032 0.020649 -0.069980 0.043338 0.128474 0.180494 -0.442536 -0.044655 5.973820 5.973820 1.346835 1.346835 8.000000 0.000000 0.200000 0.561181 0.000000 -1.346835 -0.665148 -5.973820 0.015434 0.090113 -0.008305
21.224888 2.000000 -0.298419 0.586628 0.008856 0.055307 0.925626 -1.502319 -0.011529 -0.307072 -0.566986 0.001953 0.056062 -0.921299 -1.504008 0.020637 0.002910 0.073593 0.105263 0.083393 -0.038465 -0.066843 5.974675 5.974675 1.335361 1.335361 8.000000 0.000000 0.200000 0.556400 0.000000 -1.335361 -0.670107 -5.974675 0.015391 0.090459 -0.008498
21.252390 2.000000 -0.298419 0.586628 0.008856 0.055331 0.925626 -1.502307 -0.011529 -0.307072 -0.566998 0.001953 0.056062 -0.921311 -1.504020 0.020661 0.015608 0.049063 0.021046 0.122060 0.067542 0.163157 5.988713 5.988713 1.347293 1.347293 8.000000 0.000000 0.200000 0.561372 0.000000 -1.347293 -0.666605 -5.988713 0.015673 0.090364 -0.008510
21.284186 2.000000 -0.298419 0.586616 0.008892 0.055331 0.925626 -1.502319 -0.011517 -0.307060 -0.566998 0.001953 0.056074 -0.921311 -1.504020 0.020649 0.008954 -0.064949 -0.035096 -0.043889 0.024314 0.019622 5.990178 5.990178 1.347400 1.347400 8.000000 0.000000 0.200000 0.561417 0.000000 -1.347400 -0.667853 -5.990178 0.015278 0.090622 -0.008244
21.319260 2.000000 -0.298419 0.586628 0.008892 0.055331 0.925626 -1.502319 -0.011529 -0.307060 -0.566986 0.001953 0.056062 -0.921323 -1.504008 0.020637 0.012342 0.004976 -0.033929 -0.093340 -0.018539 0.076541 5.977726 5.977726 1.339160 1.339160 8.000000 0.000000 0.200000 0.557983 0.000000 -1.339160 -0.656317 -5.977726 0.015681 0.090323 -0.008294
21.355035 2.000000 -0.298419 0.586628 0.008868 0.055331 0.925626 -1.502307 -0.011517 -0.307060 -0.566986 0.001953 0.056062 -0.921323 -1.504020 0.020649 0.054678 -0.231202 -0.118082 -0.095611 -0.125715 0.139673 5.983342 5.983342 1.341968 1.341968 8.000000 0.000000 0.200000 0.559153 0.000000 -1.341968 -0.670141 -5.983342 0.015606 0.090356 -0.007778
21.390185 2.000000 -0.298419 0.586628 0.008880 0.055331 0.925626 -1.502319 -0.011517 -0.307072 -0.566986 0.001977 0.056062 -0.921323 -1.504020 0.020661 0.060984 -0.036004 -0.005122 -0.080673 0.085212 -0.034327 5.966984 5.966984 1.350604 1.350604 8.000000 0.000000 0.200000 0.562752 0.000000 -1.350604 -0.677834 -5.966984 0.015222 0.090608 -0.007669
21.424915 2.000000 -0.298419 0.586616 0.008856 0.055331 0.925626 -1.502307 -0.011529 -0.307072 -0.566986 0.001953 0.056038 -0.921299 -1.504032 0.020661 0.019084 0.065764 -0.068307 0.071727 0.049431 0.077923 5.980900 5.980900 1.340610 1.340610 8.000000 0.000000 0.200000 0.558587 0.000000 -1.340610 -0.666746 -5.980900 0.015200 0.090396 -0.008250
21.464925 2.000000 -0.298419 0.586628 0.008868 0.055331 0.925626 -1.502307 -0.011517 -0.307072 -0.566986 0.001953 0.056062 -0.921311 -1.504020 0.020649 0.047614 -0.067560 0.023431 -0.024078 0.120811 0.037751 5.986638 5.986638 1.338397 1.338397 8.000000 0.000000 0.200000 0.557665 0.000000 -1.338397 -0.665606 -5.986638 0.015672 0.090550 -0.007930
21.501419 2.000000 -0.298419 0.586628 0.008868 0.055343 0.925638 -1.502307 -0.011517 -0.307060 -0.567010 0.001953 0.056038 -0.921311 -1.504020 0.020649 0.068271 0.082945 0.027742 0.015952 -0.115844 0.047360 5.982121 5.982121 1.332919 1.332919 8.000000 0.000000 0.200000 0.555383 0.000000 -1.332919 -0.668528 -5.982121 0.015242 0.090038 -0.007879
21.539785 2.000000 -0.298419 0.586628 0.008880 0.055331 0.925626 -1.502319 -0.011517 -0.307060 -0.566998 0.001953 0.056062 -0.921311 -1.504032 0.020649 0.017411 0.058918 -0.037300 -0.012465 0.053621 -0.091996 5.973454 5.973454 1.353992 1.353992 8.000000 0.000000 0.200000 0.564163 0.000000 -1.353992 -0.674670 -5.973454 0.015009 0.090250 -0.009009
21.581014 2.000000 -0.298419 0.586628 0.008880 0.055331 0.925626 -1.502307 -0.011529 -0.307072 -0.566986 0.001953 0.056050 -0.921299 -1.504008 0.020649 0.041213 -0.160701 -0.080728 0.062345 0.113934 -0.046386 5.971623 5.971623 1.351794 1.351794 8.000000 0.000000 0.200000 0.563248 0.000000 -1.351794 -0.679518 -5.971623 0.015500 0.090949 -0.008582
21.611040 2.000000 -0.298419 0.586628 0.008856 0.055331 0.925638 -1.502307 -0.011517 -0.307072 -0.566974 0.001953 0.056062 -0.921299 -1.504020 0.020649 0.012663 -0.064971 -0.099561 0.029988 0.291484 0.217316 5.974064 5.974064 1.333926 1.333926 8.000000 0.000000 0.200000 0.555803 0.000000 -1.333926 -0.669207 -5.974064 0.015061 0.090358 -0.008135
21.644859 2.000000 -0.298419 0.586640 0.008868 0.055331 0.925638 -1.502319 -0.011529 -0.307072 -0.566974 0.001953 0.056074 -0.921299 -1.503996 0.020649 -0.010591 0.094281 -0.060829 0.106348 0.206748 0.063940 5.964665 5.964665 1.338733 1.338733 8.000000 0.000000 0.200000 0.557805 0.000000 -1.338733 -0.681904 -5.964665 0.014819 0.090265 -0.008546
21.686924 2.000000 -0.298419 0.586628 0.008856 0.055331 0.925626 -1.502307 -0.011529 -0.307072 -0.566986 0.001953 0.056062 -0.921299 -1.504020 0.020649 -0.036197 -0.004722 0.080365 -0.157009 0.153616 0.118544 5.982243 5.982243 1.347034 1.347034 8.000000 0.000000 0.200000 0.561264 0.000000 -1.347034 -0.670849 -5.982243 0.015371 0.090306 -0.008507
21.721334 2.000000 -0.298419 0.586628 0.008880 0.055331 0.925638 -1.502307 -0.011529 -0.307072 -0.567022 0.001953 0.056062 -0.921311 -1.504008 0.020637 -0.022121 -0.080541 -0.007868 -0.275198 -0.010076 0.191941 5.989567 5.989567 1.345599 1.345599 8.000000 0.000000 0.200000 0.560666 0.000000 -1.345599 -0.654124 -5.989567 0.015310 0.090813 -0.008257
21.749600 2.000000 -0.298419 0.586628 0.008880 0.055331 0.925626 -1.502319 -0.011517 -0.307060 -0.567010 0.001953 0.056074 -0.921299 -1.504008 0.020661 0.007862 -0.084762 -0.035195 -0.184758 -0.054544 -0.072782 5.975651 5.975651 1.349124 1.349124 8.000000 0.000000 0.200000 0.562135 0.000000 -1.349124 -0.681980 -5.975651 0.015171 0.089960 -0.009151
21.777080 2.000000 -0.298419 0.586628 0.008868 0.055331 0.925626 -1.502307 -0.011517 -0.307072 -0.566986 0.001953 0.056062 -0.921311 -1.504020 0.020649 -0.046771 -0.150841 -0.098613 -0.003360 0.183384 -0.046371 5.966008 5.966008 1.327487 1.327487 8.000000 0.000000 0.200000 0.553120 0.000000 -1.327487 -0.662340 -5.966008 0.015072 0.089730 -0.008188
21.812378 2.000000 -0.298419 0.586628 0.008856 0.055331 0.925638 -1.502307 -0.011517 -0.307060 -0.567022 0.001953 0.056050 -0.921299 -1.504020 0.020649 0.090940 0.096543 0.004652 -0.102427 0.186005 0.117028 5.977116 5.977116 1.338733 1.338733 8.000000 0.000000 0.200000 0.557805 0.000000 -1.338733 -0.678509 -5.977116 0.015139 0.090196 -0.008482
21.842413 2.000000 -0.298419 0.586628 0.008868 0.055307 0.925626 -1.502319 -0.011517 -0.307072 -0.566998 0.001953 0.056050 -0.921311 -1.504008 0.020661 0.148496 -0.043225 -0.055364 0.007944 0.211950 -0.025427 5.990544 5.990544 1.343112 1.343112 8.000000 0.000000 0.200000 0.559630 0.000000 -1.343112 -0.681732 -5.990544 0.015580 0.090361 -0.008874
21.870507 2.000000 -0.298419 0.586628 0.008868 0.055331 0.925626 -1.502319 -0.011529 -0.307072 -0.566974 0.001953 0.056050 -0.921299 -1.504020 0.020649 0.096243 0.053667 -0.065890 0.176250 0.245832 0.162320 5.993474 5.993474 1.347690 1.347690 8.000000 0.000000 0.200000 0.561537 0.000000 -1.347690 -0.678692 -5.993474 0.015720 0.090139 -0.008745
21.903955 2.000000 -0.298419 0.586616 0.008880 0.055331 0.925638 -1.502307 -0.011505 -0.307060 -0.566974 0.001953 0.056050 -0.921299 -1.504020 0.020625 0.126952 0.041371 0.015816 -0.024845 0.237555 -0.003564 5.973576 5.973576 1.351459 1.351459 8.000000 0.000000 0.200000 0.563108 0.000000 -1.351459 -0.665236 -5.973576 0.015341 0.090246 -0.008917
21.942999 2.000000 -0.298419 0.586628 0.008880 0.055331 0.925638 -1.502307 -0.011517 -0.307060 -0.566986 0.001953 0.056074 -0.921323 -1.504020 0.020649 0.072663 0.023623 -0.015004 0.083683 0.246683 0.016376 5.980778 5.980778 1.330676 1.330676 8.000000 0.000000 0.200000 0.554448 0.000000 -1.330676 -0.662264 -5.980778 0.015012 0.090110 -0.008106
21.990567 2.000000 -0.298419 0.586616 0.008880 0.055331 0.925638 -1.502319 -0.011529 -0.307072 -0.566974 0.001953 0.056062 -0.921299 -1.504032 0.020649 0.054044 0.027901 -0.051593 -0.023007 0.065202 -0.122881 5.979557 5.979557 1.335376 1.335376 8.000000 0.000000 0.200000 0.556407 0.000000 -1.335376 -0.671421 -5.979557 0.015691 0.090049 -0.008742
22.017515 2.000000 -0.298419 0.586640 0.008856 0.055331 0.925638 -1.502319 -0.011529 -0.307072 -0.566986 0.001953 0.056062 -0.921299 -1.504020 0.020649 -0.053945 -0.064582 -0.101777 -0.104665 -0.006498 -0.021964 5.984440 5.984440 1.359820 1.359820 8.000000 0.000000 0.200000 0.566592 0.000000 -1.359820 -0.676840 -5.984440 0.015515 0.089951 -0.009069
22.045158 2.000000 -0.298419 0.586628 0.008856 0.055343 0.925626 -1.502307 -0.011517 -0.307072 -0.566986 0.001953 0.056074 -0.921275 -1.504020 0.020649 0.007682 0.000911 -0.042888 -0.059763 -0.005639 -0.115752 5.972722 5.972722 1.337344 1.337344 8.000000 0.000000 0.200000 0.557227 0.000000 -1.337344 -0.663437 -5.972722 0.015902 0.090511 -0.008452
22.081781 2.000000 -0.298419 0.586628 0.008856 0.055331 0.925626 -1.502319 -0.011517 -0.307060 -0.566986 0.001977 0.056062 -0.921323 -1.504008 0.020649 -0.018016 0.007070 -0.079446 0.073182 0.278082 0.085758 5.984074 5.984074 1.343204 1.343204 8.000000 0.000000 0.200000 0.559668 0.000000 -1.343204 -0.678068 -5.984074 0.015439 0.090001 -0.008761
22.118582 2.000000 -0.298419 0.586628 0.008868 0.055331 0.925626 -1.502319 -0.011529 -0.307060 -0.566998 0.001953 0.056062 -0.921299 -1.504020 0.020661 0.034994 0.046184 0.042626 0.005813 0.123832 -0.070244 5.975041 5.975041 1.348498 1.348498 8.000000 0.000000 0.200000 0.561874 0.000000 -1.348498 -0.683296 -5.975041 0.015201 0.090446 -0.008326
22.178817 2.000000 -0.298419 0.586628 0.008856 0.055343 0.925638 -1.502319 -0.011517 -0.307072 -0.566998 0.001953 0.056062 -0.921311 -1.504008 0.020649 -0.016292 -0.131084 0.043472 0.092517 0.182897 -0.082423 5.972355 5.972355 1.335010 1.335010 8.000000 0.000000 0.200000 0.556254 0.000000 -1.335010 -0.673939 -5.972355 0.015094 0.090124 -0.008199
22.218345 2.000000 -0.298419 0.586628 0.008880 0.055331 0.925626 -1.502319 -0.011517 -0.307072 -0.566998 0.001953 0.056062 -0.921299 -1.504020 0.020637 -0.026291 0.085835 0.071454 0.033969 -0.010961 0.018825 5.973332 5.973332 1.339892 1.339892 8.000000 0.000000 0.200000 0.558289 0.000000 -1.339892 -0.656292 -5.973332 0.015514 0.090301 -0.007957
22.262749 2.000000 -0.298419 0.586628 0.008856 0.055331 0.925638 -1.502283 -0.011517 -0.307072 -0.566998 0.001953 0.056062 -0.921323 -1.504020 0.020637 0.166942 0.127881 -0.157056 -0.012352 0.157761 0.141986 5.967717 5.967717 1.347064 1.347064 8.000000 0.000000 0.200000 0.561277 0.000000 -1.347064 -0.678364 -5.967717 0.014696 0.089916 -0.008564
22.317955 2.000000 -0.298419 0.586616 0.008880 0.055331 0.925626 -1.502319 -0.011517 -0.307072 -0.566974 0.001953 0.056062 -0.921311 -1.504008 0.020649 0.019448 -0.398095 -0.236596 -0.259006 0.319196 0.107035 5.968693 5.968693 1.351230 1.351230 8.000000 0.000000 0.200000 0.563012 0.000000 -1.351230 -0.665173 -5.968693 0.015930 0.089960 -0.008291
22.359651 2.000000 -0.298419 0.586616 0.008880 0.055331 0.925626 -1.502319 -0.011517 -0.307072 -0.566974 0.001953 0.056074 -0.921311 -1.504032 0.020661 0.083327 -0.162490 -0.121482 -0.295014 0.263826 0.128091 5.974308 5.974308 1.340274 1.340274 8.000000 0.000000 0.200000 0.558447 0.000000 -1.340274 -0.684492 -5.974308 0.015643 0.090085 -0.008785
22.395835 2.000000 -0.298419 0.586628 0.008868 0.055331 0.925638 -1.502319 -0.011517 -0.307072 -0.566974 0.001953 0.056062 -0.921311 -1.504020 0.020661 0.084139 -0.006334 -0.037625 -0.132641 0.282829 0.181124 5.958683 5.958683 1.338382 1.338382 8.000000 0.000000 0.200000 0.557659 0.000000 -1.338382 -0.675663 -5.958683 0.015145 0.090104 -0.008788
22.428671 2.000000 -0.298419 0.586628 0.008844 0.055307 0.925626 -1.502319 -0.011517 -0.307072 -0.566986 0.001977 0.056026 -0.921299 -1.504020 0.020649 0.008797 -0.012894 -0.002329 -0.087400 0.293771 0.013125 5.981266 5.981266 1.340686 1.340686 8.000000 0.000000 0.200000 0.558619 0.000000 -1.340686 -0.670115 -5.981266 0.015846 0.090129 -0.008720
22.468005 2.000000 -0.298419 0.586616 0.008880 0.055331 0.925626 -1.502319 -0.011517 -0.307072 -0.566974 0.001977 0.056050 -0.921299 -1.504020 0.020649 0.042671 0.043246 -0.069216 0.062958 0.169931 -0.001189 5.970036 5.970036 1.329425 1.329425 8.000000 0.000000 0.200000 0.553927 0.000000 -1.329425 -0.679589 -5.970036 0.015246 0.089785 -0.008138
22.510023 2.000000 -0.298419 0.586628 0.008868 0.055331 0.925626 -1.502307 -0.011517 -0.307060 -0.566998 0.001977 0.056074 -0.921299 -1.504008 0.020637 0.065198 0.010361 0.006188 0.020316 0.001819 0.061992 5.985051 5.985051 1.329654 1.329654 8.000000 0.000000 0.200000 0.554022 0.000000 -1.329654 -0.672077 -5.985051 0.015400 0.090105 -0.007897
22.540048 2.000000 -0.298419 0.586604 0.008880 0.055331 0.925626 -1.502319 -0.011517 -0.307072 -0.566986 0.001953 0.056062 -0.921299 -1.504020 0.020649 -0.011388 -0.118277 -0.075310 -0.027248 0.283686 0.189657 5.959904 5.959904 1.346774 1.346774 8.000000 0.000000 0.200000 0.561156 0.000000 -1.346774 -0.683100 -5.959904 0.015141 0.089940 -0.008805
22.560111 2.000000 -0.298419 0.586628 0.008880 0.055343 0.925626 -1.502307 -0.011529 -0.307072 -0.566962 0.001953 0.056062 -0.921299 -1.504044 0.020649 -0.009211 -0.118691 -0.104160 -0.005250 0.236839 0.063168 5.964543 5.964543 1.332248 1.332248 8.000000 0.000000 0.200000 0.555103 0.000000 -1.332248 -0.683518 -5.964543 0.014995 0.089861 -0.008728
22.585816 2.000000 -0.298419 0.586616 0.008856 0.055331 0.925638 -1.502319 -0.011517 -0.307072 -0.566998 0.001953 0.056050 -0.921323 -1.504008 0.020661 -0.035936 -0.023673 -0.067692 0.007775 0.191383 0.023911 5.976872 5.976872 1.333804 1.333804 8.000000 0.000000 0.200000 0.555752 0.000000 -1.333804 -0.675425 -5.976872 0.015659 0.089835 -0.008895
22.611613 2.000000 -0.298419 0.586616 0.008868 0.055331 0.925626 -1.502319 -0.011517 -0.307072 -0.566986 0.001953 0.056050 -0.921311 -1.504008 0.020649 -0.074880 -0.028266 0.051444 -0.060188 0.180792 0.034751 5.971623 5.971623 1.345920 1.345920 8.000000 0.000000 0.200000 0.560800 0.000000 -1.345920 -0.672133 -5.971623 0.015656 0.090025 -0.007817
22.640534 2.000000 -0.298419 0.586628 0.008880 0.055331 0.925626 -1.502307 -0.011517 -0.307072 -0.566974 0.001953 0.056062 -0.921311 -1.504020 0.020649 -0.027980 0.070266 0.090532 -0.063495 0.163826 0.025194 5.974064 5.974064 1.337405 1.337405 8.000000 0.000000 0.200000 0.557252 0.000000 -1.337405 -0.657744 -5.974064 0.015452 0.090035 -0.008436
22.668315 2.000000 -0.298419 0.586628 0.008880 0.055331 0.925626 -1.502319 -0.011529 -0.307072 -0.566986 0.001977 0.056062 -0.921299 -1.504020 0.020649 -0.110622 -0.190276 -0.115175 0.008104 0.184740 -0.041718 5.975041 5.975041 1.349933 1.349933 8.000000 0.000000 0.200000 0.562472 0.000000 -1.349933 -0.672425 -5.975041 0.015614 0.090192 -0.008546
22.689431 2.000000 -0.298419 0.586628 0.008856 0.055331 0.925626 -1.502307 -0.011529 -0.307072 -0.566998 0.001953 0.056050 -0.921311 -1.504020 0.020661 -0.040039 -0.080282 0.035029 0.127530 0.156628 0.095467 5.978703 5.978703 1.333697 1.333697 8.000000 0.000000 0.200000 0.555707 0.000000 -1.333697 -0.677105 -5.978703 0.015191 0.090052 -0.008093
22.712802 2.000000 -0.298419 0.586628 0.008868 0.055331 0.925626 -1.502307 -0.011517 -0.307072 -0.566974 0.001977 0.056038 -0.921299 -1.504008 0.020649 -0.040569 -0.038740 0.069988 -0.059072 0.093406 0.131298 5.979924 5.979924 1.334842 1.334842 8.000000 0.000000 0.200000 0.556184 0.000000 -1.334842 -0.665293 -5.979924 0.015366 0.089925 -0.008109
22.734102 2.000000 -0.298419 0.586628 0.008880 0.055331 0.925638 -1.502319 -0.011517 -0.307072 -0.566986 0.001977 0.056062 -0.921311 -1.504020 0.020637 -0.043182 0.013586 0.002027 -0.084756 0.103095 -0.120947 5.983586 5.983586 1.339892 1.339892 8.000000 0.000000 0.200000 0.558289 0.000000 -1.339892 -0.683216 -5.983586 0.015077 0.089842 -0.008655
22.762154 2.000000 -0.298419 0.586640 0.008856 0.055331 0.925626 -1.502319 -0.011517 -0.307072 -0.566974 0.001953 0.056050 -0.921299 -1.504020 0.020649 0.086049 0.078648 0.119697 -0.084995 0.142820 0.218749 5.965275 5.965275 1.320270 1.320270 8.000000 0.000000 0.200000 0.550112 0.000000 -1.320270 -0.671032 -5.965275 0.015207 0.089678 -0.008646
22.790045 2.000000 -0.298419 0.586616 0.008868 0.055331 0.925650 -1.502319 -0.011517 -0.307072 -0.566998 0.001977 0.056050 -0.921299 -1.504020 0.020649 0.062025 -0.221595 -0.079888 0.222131 0.285554 0.044013 5.978581 5.978581 1.335757 1.335757 8.000000 0.000000 0.200000 0.556566 0.000000 -1.335757 -0.681877 -5.978581 0.015010 0.090088 -0.009307
22.810133 2.000000 -0.298419 0.586628 0.008868 0.055307 0.925638 -1.502319 -0.011517 -0.307072 -0.566998 0.001977 0.056050 -0.921299 -1.504032 0.020649 0.039442 -0.055660 -0.061482 0.035821 0.239228 0.156235 5.970402 5.970402 1.347461 1.347461 8.000000 0.000000 0.200000 0.561442 0.000000 -1.347461 -0.672913 -5.970402 0.015047 0.090141 -0.008982
22.835581 2.000000 -0.298419 0.586628 0.008868 0.055331 0.925638 -1.502319 -0.011529 -0.307072 -0.566998 0.001953 0.056038 -0.921311 -1.504020 0.020661 -0.023268 -0.090036 0.057033 0.081934 0.217669 -0.063946 5.963688 5.963688 1.334048 1.334048 8.000000 0.000000 0.200000 0.555853 0.000000 -1.334048 -0.669756 -5.963688 0.015205 0.089824 -0.008521
22.870438 2.000000 -0.298419 0.586628 0.008856 0.055331 0.925626 -1.502307 -0.011529 -0.307072 -0.566998 0.001953 0.056050 -0.921311 -1.504008 0.020637 0.098153 0.100673 0.067459 -0.061726 0.147676 0.155131 5.964665 5.964665 1.344958 1.344958 8.000000 0.000000 0.200000 0.560399 0.000000 -1.344958 -0.667990 -5.964665 0.015002 0.090070 -0.008793
22.899718 2.000000 -0.298419 0.586604 0.008856 0.055331 0.925626 -1.502319 -0.011517 -0.307060 -0.566998 0.001953 0.056062 -0.921299 -1.504020 0.020637 -0.016745 0.034548 -0.072264 0.096339 0.208851 -0.130114 5.978215 5.978215 1.356219 1.356219 8.000000 0.000000 0.200000 0.565091 0.000000 -1.356219 -0.676873 -5.978215 0.015073 0.090410 -0.008060
22.925909 2.000000 -0.298419 0.586628 0.008880 0.055331 0.925626 -1.502307 -0.011529 -0.307072 -0.566974 0.001977 0.056050 -0.921299 -1.504020 0.020661 -0.014499 -0.048620 0.022698 0.154456 0.299505 -0.020095 5.962834 5.962834 1.340350 1.340350 8.000000 0.000000 0.200000 0.558479 0.000000 -1.340350 -0.669956 -5.962834 0.015009 0.089697 -0.008209
22.946415 2.000000 -0.298419 0.586616 0.008856 0.055331 0.925626 -1.502307 -0.011505 -0.307072 -0.566998 0.001977 0.056038 -0.921323 -1.504020 0.020661 0.025818 -0.030509 0.023670 0.131030 0.180748 0.024854 5.975285 5.975285 1.335849 1.335849 8.000000 0.000000 0.200000 0.556604 0.000000 -1.335849 -0.679123 -5.975285 0.015228 0.090104 -0.008345
22.972432 2.000000 -0.298419 0.586628 0.008856 0.055331 0.925638 -1.502319 -0.011517 -0.307072 -0.566974 0.001977 0.056062 -0.921311 -1.504020 0.020649 -0.046571 -0.026542 0.038258 0.038898 0.167071 0.016404 5.970768 5.970768 1.350452 1.350452 8.000000 0.000000 0.200000 0.562688 0.000000 -1.350452 -0.695057 -5.970768 0.015100 0.089899 -0.008996
23.000043 2.000000 -0.298419 0.586616 0.008856 0.055331 0.925638 -1.502307 -0.011493 -0.307084 -0.567010 0.001953 0.056038 -0.921299 -1.504008 0.020661 -0.024044 0.065415 0.034735 0.011678 0.109439 0.042532 5.985417 5.985417 1.336795 1.336795 8.000000 0.000000 0.200000 0.556998 0.000000 -1.336795 -0.679379 -5.985417 0.015223 0.090030 -0.007708
23.023826 2.000000 -0.298419 0.586616 0.008868 0.055331 0.925638 -1.502283 -0.011505 -0.307060 -0.566998 0.001953 0.056074 -0.921299 -1.504020 0.020637 -0.009971 -0.152478 -0.109927 0.044673 0.150322 -0.043579 5.986882 5.986882 1.352008 1.352008 8.000000 0.000000 0.200000 0.563337 0.000000 -1.352008 -0.675169 -5.986882 0.015125 0.090167 -0.008954
23.045961 2.000000 -0.298419 0.586628 0.008856 0.055331 0.925626 -1.502307 -0.011517 -0.307072 -0.566986 0.001953 0.056062 -0.921299 -1.504020 0.020649 -0.000605 -0.167848 -0.106029 -0.037117 0.278377 0.021854 5.981877 5.981877 1.334720 1.334720 8.000000 0.000000 0.200000 0.556133 0.000000 -1.334720 -0.668158 -5.981877 0.014891 0.089936 -0.008412
23.068307 2.000000 -0.298419 0.586616 0.008868 0.055331 0.925638 -1.502307 -0.011517 -0.307072 -0.566998 0.001953 0.056062 -0.921299 -1.504008 0.020649 -0.007186 -0.158603 -0.099023 0.039221 0.171080 -0.048291 5.982243 5.982243 1.340426 1.340426 8.000000 0.000000 0.200000 0.558511 0.000000 -1.340426 -0.683220 -5.982243 0.015149 0.089863 -0.008476
23.094668 2.000000 -0.298419 0.586628 0.008892 0.055331 0.925626 -1.502319 -0.011529 -0.307072 -0.566974 0.001977 0.056062 -0.921311 -1.504008 0.020661 0.034549 -0.001774 -0.046440 0.074549 0.249937 -0.085747 5.972966 5.972966 1.341632 1.341632 8.000000 0.000000 0.200000 0.559013 0.000000 -1.341632 -0.662508 -5.972966 0.015246 0.090089 -0.008273
23.119657 2.000000 -0.298419 0.586628 0.008868 0.055331 0.925638 -1.502307 -0.011529 -0.307072 -0.566986 0.001977 0.056050 -0.921299 -1.504020 0.020649 -0.045975 -0.020471 -0.072856 -0.026272 0.275569 0.083826 5.975529 5.975529 1.341907 1.341907 8.000000 0.000000 0.200000 0.559128 0.000000 -1.341907 -0.654888 -5.975529 0.015429 0.089932 -0.008202
23.136394 2.000000 -0.298419 0.586616 0.008856 0.055331 0.925626 -1.502307 -0.011517 -0.307072 -0.566998 0.001953 0.056050 -0.921311 -1.504032 0.020661 -0.031964 -0.048655 -0.046385 -0.117632 0.081550 -0.087102 5.971989 5.971989 1.331332 1.331332 8.000000 0.000000 0.200000 0.554722 0.000000 -1.331332 -0.684973 -5.971989 0.015076 0.089917 -0.008570
23.158807 2.000000 -0.298419 0.586628 0.008868 0.055331 0.925626 -1.502319 -0.011517 -0.307072 -0.566998 0.001953 0.056062 -0.921311 -1.504032 0.020637 -0.019924 0.075842 0.030460 0.044244 0.136303 -0.025582 5.965275 5.965275 1.345508 1.345508 8.000000 0.000000 0.200000 0.560628 0.000000 -1.345508 -0.669394 -5.965275 0.015576 0.090003 -0.008406
23.179087 2.000000 -0.298419 0.586628 0.008856 0.055331 0.925626 -1.502319 -0.011517 -0.307072 -0.566986 0.001953 0.056062 -0.921299 -1.504008 0.020637 0.016572 0.006302 0.042763 -0.036695 0.235171 0.056778 5.969792 5.969792 1.349155 1.349155 8.000000 0.000000 0.200000 0.562148 0.000000 -1.349155 -0.661406 -5.969792 0.015606 0.089733 -0.008351
23.204482 2.000000 -0.298419 0.586628 0.008856 0.055331 0.925638 -1.502307 -0.011505 -0.307060 -0.566998 0.001953 0.056050 -0.921311 -1.504020 0.020649 0.000799 0.049466 0.084998 -0.050972 0.136307 0.020570 5.964177 5.964177 1.356311 1.356311 8.000000 0.000000 0.200000 0.565130 0.000000 -1.356311 -0.676260 -5.964177 0.015281 0.090221 -0.008536
23.224600 2.000000 -0.298419 0.586628 0.008880 0.055331 0.925614 -1.502319 -0.011517 -0.307072 -0.566998 0.001953 0.056062 -0.921299 -1.504032 0.020661 -0.047778 -0.026921 -0.038536 0.036403 0.136789 0.050768 5.975529 5.975529 1.339358 1.339358 8.000000 0.000000 0.200000 0.558066 0.000000 -1.339358 -0.670296 -5.975529 0.015243 0.090048 -0.008436
23.250832 2.000000 -0.298419 0.586604 0.008856 0.055307 0.925638 -1.502319 -0.011529 -0.307072 -0.566974 0.001977 0.056050 -0.921323 -1.504020 0.020661 0.043190 -0.034777 -0.000443 -0.041594 0.129170 -0.099285 5.976872 5.976872 1.343341 1.343341 8.000000 0.000000 0.200000 0.559725 0.000000 -1.343341 -0.681689 -5.976872 0.015058 0.089862 -0.008895
23.273776 2.000000 -0.298407 0.586628 0.008856 0.055331 0.925626 -1.502307 -0.011529 -0.307060 -0.566974 0.001977 0.056050 -0.921299 -1.504020 0.020661 0.042355 0.050982 -0.015483 0.051608 0.175261 0.012243 5.984684 5.984684 1.336505 1.336505 8.000000 0.000000 0.200000 0.556877 0.000000 -1.336505 -0.690865 -5.984684 0.015207 0.090109 -0.008042
23.295563 2.000000 -0.298419 0.586628 0.008856 0.055331 0.925638 -1.502319 -0.011541 -0.307060 -0.566998 0.001977 0.056062 -0.921299 -1.504008 0.020649 0.044814 0.067852 0.008739 0.141778 0.107702 0.040943 5.976506 5.976506 1.348147 1.348147 8.000000 0.000000 0.200000 0.561728 0.000000 -1.348147 -0.679631 -5.976506 0.015313 0.089747 -0.008895
23.334637 2.000000 -0.298419 0.586616 0.008856 0.055331 0.925626 -1.502319 -0.011517 -0.307072 -0.566998 0.001953 0.056074 -0.921275 -1.504020 0.020649 -0.010645 -0.094681 -0.076293 -0.090723 0.191231 0.013979 5.977849 5.977849 1.337802 1.337802 8.000000 0.000000 0.200000 0.557417 0.000000 -1.337802 -0.673252 -5.977849 0.015326 0.090028 -0.008095
23.369708 2.000000 -0.298419 0.586616 0.008868 0.055355 0.925626 -1.502319 -0.011517 -0.307096 -0.566962 0.001953 0.056050 -0.921323 -1.504020 0.020649 0.037637 -0.041778 -0.036906 0.021869 0.283355 0.000631 5.958439 5.958439 1.342151 1.342151 8.000000 0.000000 0.200000 0.559229 0.000000 -1.342151 -0.678032 -5.958439 0.014956 0.089476 -0.009202
23.404783 2.000000 -0.298419 0.586616 0.008856 0.055331 0.925650 -1.502319 -0.011529 -0.307072 -0.566998 0.001953 0.056050 -0.921299 -1.504008 0.020649 0.002066 -0.006960 0.031481 0.005007 0.215049 0.022529 5.969670 5.969670 1.344333 1.344333 8.000000 0.000000 0.200000 0.560139 0.000000 -1.344333 -0.668049 -5.969670 0.015541 0.090404 -0.008205
23.436685 2.000000 -0.298419 0.586616 0.008856 0.055307 0.925638 -1.502331 -0.011517 -0.307060 -0.566998 0.001953 0.056050 -0.921323 -1.504020 0.020649 0.001533 -0.148617 -0.047918 0.003542 0.156594 -0.161844 5.949040 5.949040 1.339145 1.339145 8.000000 0.000000 0.200000 0.557977 0.000000 -1.339145 -0.684567 -5.949040 0.015364 0.089720 -0.008720
23.461486 2.000000 -0.298419 0.586628 0.008868 0.055331 0.925626 -1.502319 -0.011529 -0.307072 -0.566974 0.001953 0.056050 -0.921323 -1.504020 0.020649 0.035636 0.072503 -0.013463 0.143598 0.302888 0.045472 5.962346 5.962346 1.349643 1.349643 8.000000 0.000000 0.200000 0.562351 0.000000 -1.349643 -0.676478 -5.962346 0.015169 0.090000 -0.008435
23.484054 2.000000 -0.298419 0.586616 0.008856 0.055331 0.925626 -1.502307 -0.011529 -0.307072 -0.566974 0.001953 0.056050 -0.921323 -1.504008 0.020649 -0.060203 0.022940 -0.064873 0.056288 0.146394 0.079257 5.949528 5.949528 1.342486 1.342486 8.000000 0.000000 0.200000 0.559369 0.000000 -1.342486 -0.666952 -5.949528 0.015152 0.089850 -0.008312
23.503906 2.000000 -0.298419 0.586628 0.008856 0.055331 0.925626 -1.502307 -0.011517 -0.307072 -0.566998 0.001953 0.056062 -0.921323 -1.504020 0.020613 0.012332 -0.072401 -0.001402 0.011699 0.191041 -0.054199 5.976994 5.976994 1.328982 1.328982 8.000000 0.000000 0.200000 0.553743 0.000000 -1.328982 -0.680836 -5.976994 0.015341 0.089983 -0.008624
23.525538 2.000000 -0.298419 0.586616 0.008868 0.055331 0.925638 -1.502319 -0.011517 -0.307072 -0.566974 0.001953 0.056050 -0.921311 -1.504008 0.020649 -0.062512 0.010736 -0.059387 -0.013949 0.122858 -0.073913 5.975529 5.975529 1.351092 1.351092 8.000000 0.000000 0.200000 0.562955 0.000000 -1.351092 -0.683136 -5.975529 0.015182 0.089793 -0.009232
23.553512 2.000000 -0.298419 0.586616 0.008856 0.055331 0.925638 -1.502307 -0.011529 -0.307072 -0.566998 0.001953 0.056062 -0.921299 -1.504020 0.020649 -0.001556 0.026163 -0.000881 0.060181 0.130004 -0.018813 5.956120 5.956120 1.332858 1.332858 8.000000 0.000000 0.200000 0.555358 0.000000 -1.332858 -0.658118 -5.956120 0.015643 0.089628 -0.007833
23.573252 2.000000 -0.298419 0.586628 0.008880 0.055307 0.925638 -1.502307 -0.011529 -0.307060 -0.566974 0.001953 0.056074 -0.921323 -1.504008 0.020649 0.025735 0.029936 0.078194 0.036477 0.166612 -0.013327 5.954045 5.954045 1.333789 1.333789 8.000000 0.000000 0.200000 0.555745 0.000000 -1.333789 -0.672379 -5.954045 0.014928 0.089825 -0.008300
23.594236 2.000000 -0.298419 0.586628 0.008892 0.055331 0.925626 -1.502307 -0.011529 -0.307072 -0.566998 0.001977 0.056062 -0.921299 -1.504020 0.020649 0.007211 -0.076718 0.008351 0.031255 0.101140 -0.022431 5.956974 5.956974 1.327365 1.327365 8.000000 0.000000 0.200000 0.553069 0.000000 -1.327365 -0.672173 -5.956974 0.015722 0.089634 -0.007779
23.617938 2.000000 -0.298419 0.586628 0.008880 0.055331 0.925638 -1.502307 -0.011517 -0.307072 -0.566962 0.001977 0.056074 -0.921299 -1.504008 0.020649 -0.058670 0.063751 -0.060998 0.058956 0.235001 -0.100543 5.951725 5.951725 1.334476 1.334476 8.000000 0.000000 0.200000 0.556031 0.000000 -1.334476 -0.679758 -5.951725 0.015145 0.089874 -0.008354
23.639329 2.000000 -0.298419 0.586616 0.008880 0.055331 0.925638 -1.502319 -0.011517 -0.307060 -0.566998 0.001977 0.056062 -0.921299 -1.504020 0.020649 -0.027138 -0.080937 -0.041012 0.162442 0.213498 -0.055189 5.968327 5.968327 1.347095 1.347095 8.000000 0.000000 0.200000 0.561289 0.000000 -1.347095 -0.677201 -5.968327 0.015258 0.089668 -0.008587
23.661922 2.000000 -0.298419 0.586616 0.008856 0.055331 0.925626 -1.502319 -0.011505 -0.307072 -0.566986 0.001977 0.056062 -0.921299 -1.504008 0.020649 -0.032056 0.016449 -0.010555 0.111560 0.291626 -0.041324 5.954289 5.954289 1.336856 1.336856 8.000000 0.000000 0.200000 0.557023 0.000000 -1.336856 -0.684109 -5.954289 0.014865 0.089663 -0.008469
23.687128 2.000000 -0.298419 0.586616 0.008856 0.055331 0.925626 -1.502319 -0.011517 -0.307072 -0.566986 0.001953 0.056074 -0.921299 -1.504032 0.020661 0.029020 -0.189008 -0.020014 0.024835 0.122461 -0.003197 5.975773 5.975773 1.322528 1.322528 8.000000 0.000000 0.200000 0.551053 0.000000 -1.322528 -0.681124 -5.975773 0.014742 0.089537 -0.007873
23.708978 2.000000 -0.298419 0.586604 0.008868 0.055343 0.925626 -1.502319 -0.011517 -0.307072 -0.566998 0.001953 0.056062 -0.921299 -1.504020 0.020649 -0.025844 -0.159608 -0.096206 0.139800 0.237415 -0.051109 5.969426 5.969426 1.337253 1.337253 8.000000 0.000000 0.200000 0.557189 0.000000 -1.337253 -0.670208 -5.969426 0.015404 0.090225 -0.007970
23.733254 2.000000 -0.298419 0.586616 0.008856 0.055331 0.925626 -1.502307 -0.011529 -0.307072 -0.566974 0.001953 0.056050 -0.921299 -1.504020 0.020637 0.002642 -0.276701 -0.162350 -0.158028 0.158846 0.096441 5.948796 5.948796 1.352405 1.352405 8.000000 0.000000 0.200000 0.563502 0.000000 -1.352405 -0.685761 -5.948796 0.014832 0.089867 -0.008617
23.755142 2.000000 -0.298419 0.586616 0.008856 0.055331 0.925638 -1.502319 -0.011517 -0.307060 -0.566998 0.001953 0.056062 -0.921323 -1.504020 0.020661 -0.022921 -0.087467 -0.047844 -0.007687 0.135834 0.004141 5.956120 5.956120 1.340213 1.340213 8.000000 0.000000 0.200000 0.558422 0.000000 -1.340213 -0.677992 -5.956120 0.014953 0.089490 -0.008333
23.781220 2.000000 -0.298419 0.586616 0.008868 0.055331 0.925638 -1.502307 -0.011517 -0.307072 -0.566974 0.001977 0.056074 -0.921299 -1.504020 0.020649 0.035042 -0.128892 -0.091164 0.054874 0.154095 -0.074384 5.955998 5.955998 1.339999 1.339999 8.000000 0.000000 0.200000 0.558333 0.000000 -1.339999 -0.681380 -5.955998 0.015302 0.089925 -0.007613
23.805837 2.000000 -0.298419 0.586616 0.008856 0.055331 0.925638 -1.502319 -0.011529 -0.307072 -0.566974 0.001977 0.056062 -0.921311 -1.504008 0.020661 0.021726 -0.156624 -0.057240 0.129940 0.182673 0.099712 5.952702 5.952702 1.329715 1.329715 8.000000 0.000000 0.200000 0.554048 0.000000 -1.329715 -0.669461 -5.952702 0.015377 0.089920 -0.008755
23.835294 2.000000 -0.298419 0.586628 0.008856 0.055343 0.925626 -1.502319 -0.011517 -0.307072 -0.566962 0.001953 0.056062 -0.921323 -1.504020 0.020637 0.059543 0.046226 0.053322 0.064027 0.265426 -0.097283 5.976384 5.976384 1.335452 1.335452 8.000000 0.000000 0.200000 0.556438 0.000000 -1.335452 -0.675442 -5.976384 0.015073 0.089688 -0.008240
23.861154 2.000000 -0.298419 0.586628 0.008856 0.055331 0.925626 -1.502319 -0.011529 -0.307072 -0.566974 0.001977 0.056062 -0.921299 -1.504020 0.020661 0.056653 0.015268 0.004406 0.128889 0.118607 0.092742 5.973454 5.973454 1.329181 1.329181 8.000000 0.000000 0.200000 0.553825 0.000000 -1.329181 -0.681757 -5.973454 0.014906 0.089453 -0.008098
23.893541 2.000000 -0.298419 0.586628 0.008856 0.055331 0.925638 -1.502307 -0.011529 -0.307072 -0.566962 0.001977 0.056062 -0.921311 -1.504020 0.020661 -0.006215 -0.015487 0.002791 0.024433 0.210356 -0.143581 5.961735 5.961735 1.337726 1.337726 8.000000 0.000000 0.200000 0.557386 0.000000 -1.337726 -0.676750 -5.961735 0.015123 0.089468 -0.008382
23.916515 2.000000 -0.298419 0.586628 0.008868 0.055331 0.925626 -1.502319 -0.011529 -0.307072 -0.566974 0.001941 0.056050 -0.921311 -1.504008 0.020673 -0.032915 0.041387 0.067936 0.057777 0.112997 -0.053862 5.958806 5.958806 1.330417 1.330417 8.000000 0.000000 0.200000 0.554340 0.000000 -1.330417 -0.676091 -5.958806 0.015230 0.089733 -0.008216
23.945411 2.000000 -0.298419 0.586604 0.008868 0.055331 0.925626 -1.502307 -0.011517 -0.307084 -0.566974 0.001977 0.056086 -0.921323 -1.504008 0.020649 -0.013696 0.041825 0.050328 0.142374 0.217437 -0.009765 5.959294 5.959294 1.343402 1.343402 8.000000 0.000000 0.200000 0.559751 0.000000 -1.343402 -0.676998 -5.959294 0.015157 0.089671 -0.008490
23.972066 2.000000 -0.298419 0.586628 0.008868 0.055331 0.925626 -1.502307 -0.011517 -0.307072 -0.566986 0.001977 0.056074 -0.921299 -1.504008 0.020649 0.093581 0.161461 0.024489 0.135655 0.272497 -0.017817 5.967717 5.967717 1.347934 1.347934 8.000000 0.000000 0.200000 0.561639 0.000000 -1.347934 -0.687374 -5.967717 0.014754 0.089884 -0.008321
24.021043 2.000000 -0.298419 0.586616 0.008856 0.055331 0.925638 -1.502307 -0.011529 -0.307084 -0.566962 0.001953 0.056062 -0.921323 -1.504008 0.020649 0.021835 -0.141160 -0.096551 0.031081 0.101726 -0.114866 5.969304 5.969304 1.340915 1.340915 8.000000 0.000000 0.200000 0.558714 0.000000 -1.340915 -0.685786 -5.969304 0.015226 0.089605 -0.008725
24.051134 2.000000 -0.298419 0.586616 0.008880 0.055331 0.925626 -1.502319 -0.011529 -0.307072 -0.566962 0.001953 0.056038 -0.921299 -1.504020 0.020649 -0.004228 -0.112479 -0.116010 0.049487 0.236764 -0.034860 5.960759 5.960759 1.339435 1.339435 8.000000 0.000000 0.200000 0.558098 0.000000 -1.339435 -0.675936 -5.960759 0.015006 0.089653 -0.008131
24.090781 2.000000 -0.298419 0.586616 0.008868 0.055331 0.925626 -1.502295 -0.011517 -0.307072 -0.566998 0.001953 0.056074 -0.921311 -1.504020 0.020649 0.060114 0.015130 0.016861 0.000166 0.063962 0.033568 5.973698 5.973698 1.348529 1.348529 8.000000 0.000000 0.200000 0.561887 0.000000 -1.348529 -0.689837 -5.973698 0.014997 0.089724 -0.008893
24.139586 2.000000 -0.298419 0.586616 0.008868 0.055331 0.925626 -1.502319 -0.011517 -0.307060 -0.566974 0.001953 0.056038 -0.921299 -1.504020 0.020661 0.016134 0.001923 0.000237 0.000192 0.204115 -0.058639 5.967595 5.967595 1.339999 1.339999 8.000000 0.000000 0.200000 0.558333 0.000000 -1.339999 -0.679949 -5.967595 0.015043 0.089688 -0.008037
24.193305 2.000000 -0.298419 0.586616 0.008868 0.055331 0.925626 -1.502319 -0.011529 -0.307072 -0.566974 0.001977 0.056062 -0.921299 -1.504020 0.020649 0.050438 -0.036480 0.014397 -0.034888 0.035640 0.100962 5.954655 5.954655 1.335269 1.335269 8.000000 0.000000 0.200000 0.556362 0.000000 -1.335269 -0.674469 -5.954655 0.015195 0.089614 -0.008175
24.237851 2.000000 -0.298419 0.586604 0.008880 0.055331 0.925626 -1.502307 -0.011505 -0.307060 -0.566974 0.001953 0.056050 -0.921311 -1.503996 0.020649 -0.031881 0.132427 -0.094423 -0.156899 0.145300 0.109744 5.951237 5.951237 1.341220 1.341220 8.000000 0.000000 0.200000 0.558842 0.000000 -1.341220 -0.684353 -5.951237 0.015014 0.089683 -0.008309
24.273070 2.000000 -0.298419 0.586604 0.008856 0.055307 0.925638 -1.502319 -0.011517 -0.307060 -0.566986 0.001953 0.056038 -0.921323 -1.504020 0.020661 0.102984 -0.041475 -0.028814 -0.169444 0.162314 0.149927 5.965764 5.965764 1.337482 1.337482 8.000000 0.000000 0.200000 0.557284 0.000000 -1.337482 -0.666125 -5.965764 0.015055 0.089504 -0.008523
24.316624 2.000000 -0.298419 0.586616 0.008868 0.055331 0.925638 -1.502307 -0.011517 -0.307072 -0.566974 0.001977 0.056062 -0.921323 -1.504020 0.020649 -0.016120 0.172908 0.050194 0.008569 0.074770 -0.099383 5.956242 5.956242 1.320163 1.320163 8.000000 0.000000 0.200000 0.550068 0.000000 -1.320163 -0.676518 -5.956242 0.015193 0.089172 -0.007286
24.362601 2.000000 -0.298419 0.586628 0.008856 0.055331 0.925638 -1.502307 -0.011517 -0.307072 -0.566962 0.001953 0.056074 -0.921323 -1.504008 0.020649 0.172188 0.114637 -0.153611 0.145472 0.168589 0.001241 5.945500 5.945500 1.329959 1.329959 8.000000 0.000000 0.200000 0.554150 0.000000 -1.329959 -0.687664 -5.945500 0.014826 0.089525 -0.008396
24.404860 2.000000 -0.298419 0.586628 0.008856 0.055331 0.925638 -1.502307 -0.011517 -0.307060 -0.566974 0.001977 0.056050 -0.921323 -1.504032 0.020649 0.110583 -0.039651 -0.039789 -0.006723 0.378619 -0.079971 5.954655 5.954655 1.347262 1.347262 8.000000 0.000000 0.200000 0.561359 0.000000 -1.347262 -0.694058 -5.954655 0.014787 0.089422 -0.008367
24.458148 2.000000 -0.298419 0.586604 0.008844 0.055343 0.925626 -1.502331 -0.011529 -0.307072 -0.566974 0.001953 0.056062 -0.921287 -1.504044 0.020637 0.001841 -0.039005 -0.034363 -0.041165 0.076931 0.019294 5.949528 5.949528 1.334476 1.334476 8.000000 0.000000 0.200000 0.556031 0.000000 -1.334476 -0.675644 -5.949528 0.015866 0.089682 -0.008334
24.501372 2.000000 -0.298419 0.586604 0.008868 0.055331 0.925626 -1.502307 -0.011517 -0.307072 -0.566974 0.001977 0.056062 -0.921311 -1.504032 0.020649 0.045116 -0.296194 -0.114600 0.042442 0.189021 -0.078949 5.948674 5.948674 1.321353 1.321353 8.000000 0.000000 0.200000 0.550564 0.000000 -1.321353 -0.682034 -5.948674 0.015176 0.089634 -0.007625
24.536816 2.000000 -0.298419 0.586616 0.008880 0.055331 0.925638 -1.502307 -0.011505 -0.307060 -0.566974 0.001977 0.056074 -0.921299 -1.504020 0.020649 0.076542 -0.205429 -0.129081 -0.014584 0.145723 -0.093240 5.952946 5.952946 1.332049 1.332049 8.000000 0.000000 0.200000 0.555021 0.000000 -1.332049 -0.689434 -5.952946 0.015065 0.089455 -0.008968
24.576453 2.000000 -0.298407 0.586616 0.008856 0.055331 0.925626 -1.502307 -0.011517 -0.307072 -0.566962 0.001953 0.056074 -0.921299 -1.504020 0.020649 0.018282 -0.034704 -0.012113 0.100160 0.265225 0.031244 5.948674 5.948674 1.347842 1.347842 8.000000 0.000000 0.200000 0.561601 0.000000 -1.347842 -0.681309 -5.948674 0.015091 0.089356 -0.008464
24.641134 2.000000 -0.298419 0.586604 0.008856 0.055331 0.925638 -1.502307 -0.011517 -0.307072 -0.566974 0.001977 0.056062 -0.921323 -1.504032 0.020649 0.151774 -0.279173 -0.095211 0.037649 0.188043 -0.115228 5.937199 5.937199 1.341937 1.341937 8.000000 0.000000 0.200000 0.559140 0.000000 -1.341937 -0.684765 -5.937199 0.015105 0.089465 -0.008516
24.683539 2.000000 -0.298419 0.586616 0.008868 0.055331 0.925638 -1.502319 -0.011517 -0.307072 -0.566974 0.001977 0.056074 -0.921323 -1.504020 0.020649 0.017984 -0.088002 -0.040662 0.052506 0.080929 -0.017791 5.961735 5.961735 1.330615 1.330615 8.000000 0.000000 0.200000 0.554423 0.000000 -1.330615 -0.681547 -5.961735 0.015515 0.089649 -0.008696
24.719434 2.000000 -0.298419 0.586604 0.008868 0.055343 0.925638 -1.502319 -0.011505 -0.307072 -0.566974 0.001977 0.056050 -0.921275 -1.504008 0.020637 0.068023 -0.239460 -0.089819 0.095079 0.189553 0.003725 5.947453 5.947453 1.334567 1.334567 8.000000 0.000000 0.200000 0.556070 0.000000 -1.334567 -0.692313 -5.947453 0.014295 0.089223 -0.008051
24.749782 2.000000 -0.298419 0.586604 0.008856 0.055331 0.925638 -1.502307 -0.011517 -0.307072 -0.566998 0.001977 0.056050 -0.921299 -1.504008 0.020637 0.047151 -0.136557 0.008991 0.101818 0.065698 -0.058910 5.933903 5.933903 1.332263 1.332263 8.000000 0.000000 0.200000 0.555110 0.000000 -1.332263 -0.695635 -5.933903 0.014651 0.089165 -0.009759
24.777920 2.000000 -0.298419 0.586628 0.008856 0.055331 0.925638 -1.502307 -0.011517 -0.307072 -0.566974 0.001977 0.056038 -0.921311 -1.504020 0.020649 0.004505 0.020017 0.003927 0.080453 0.219337 -0.048010 5.935612 5.935612 1.337405 1.337405 8.000000 0.000000 0.200000 0.557252 0.000000 -1.337405 -0.675984 -5.935612 0.015352 0.089672 -0.008546
24.809360 2.000000 -0.298419 0.586628 0.008856 0.055307 0.925638 -1.502319 -0.011529 -0.307072 -0.566950 0.001977 0.056074 -0.921311 -1.504020 0.020637 -0.007605 0.108059 0.007751 0.148549 0.255480 -0.016619 5.936833 5.936833 1.337771 1.337771 8.000000 0.000000 0.200000 0.557405 0.000000 -1.337771 -0.679083 -5.936833 0.014929 0.089326 -0.008639
24.860826 2.000000 -0.298419 0.586604 0.008856 0.055343 0.925626 -1.502307 -0.011529 -0.307072 -0.566974 0.001977 0.056074 -0.921311 -1.504020 0.020649 0.074511 -0.059196 -0.039893 -0.082238 0.047329 -0.083054 5.939518 5.939518 1.329272 1.329272 8.000000 0.000000 0.200000 0.553863 0.000000 -1.329272 -0.682757 -5.939518 0.015516 0.089349 -0.008080
24.891042 2.000000 -0.298407 0.586628 0.008832 0.055331 0.925638 -1.502307 -0.011529 -0.307072 -0.566974 0.001977 0.056050 -0.921311 -1.504020 0.020661 0.046232 -0.033029 -0.032308 0.037054 0.178323 -0.013695 5.949528 5.949528 1.332080 1.332080 8.000000 0.000000 0.200000 0.555033 0.000000 -1.332080 -0.687735 -5.949528 0.014943 0.089598 -0.008240
24.926802 2.000000 -0.298419 0.586604 0.008844 0.055331 0.925638 -1.502307 -0.011505 -0.307072 -0.566974 0.001953 0.056050 -0.921311 -1.504020 0.020649 0.147475 -0.000949 -0.073870 0.077539 0.238631 -0.048231 5.957463 5.957463 1.342380 1.342380 8.000000 0.000000 0.200000 0.559325 0.000000 -1.342380 -0.693224 -5.957463 0.014429 0.089357 -0.008764
24.964306 2.000000 -0.298419 0.586604 0.008844 0.055331 0.925626 -1.502307 -0.011529 -0.307072 -0.566974 0.001953 0.056074 -0.921311 -1.504008 0.020661 0.038376 -0.057063 -0.053946 -0.200261 0.167689 0.074545 5.949772 5.949772 1.334170 1.334170 8.000000 0.000000 0.200000 0.555904 0.000000 -1.334170 -0.693241 -5.949772 0.015198 0.089451 -0.008159
25.005223 2.000000 -0.298419 0.586616 0.008856 0.055331 0.925638 -1.502319 -0.011529 -0.307072 -0.566962 0.001977 0.056074 -0.921287 -1.504020 0.020649 0.001089 0.090582 -0.019887 -0.096868 0.179761 -0.192084 5.936589 5.936589 1.340030 1.340030 8.000000 0.000000 0.200000 0.558346 0.000000 -1.340030 -0.679018 -5.936589 0.015244 0.089462 -0.008454
25.043946 2.000000 -0.298419 0.586604 0.008856 0.055331 0.925626 -1.502307 -0.011517 -0.307072 -0.566974 0.001953 0.056050 -0.921299 -1.504020 0.020649 0.047069 0.049465 -0.014087 -0.081284 0.200132 0.156060 5.936100 5.936100 1.332065 1.332065 8.000000 0.000000 0.200000 0.555027 0.000000 -1.332065 -0.684731 -5.936100 0.015302 0.089787 -0.008341
25.073393 2.000000 -0.298419 0.586604 0.008868 0.055331 0.925626 -1.502307 -0.011517 -0.307072 -0.566998 0.001953 0.056050 -0.921299 -1.504020 0.020649 -0.042257 0.146840 0.134984 0.100712 0.143238 0.190266 5.944035 5.944035 1.333530 1.333530 8.000000 0.000000 0.200000 0.555637 0.000000 -1.333530 -0.693888 -5.944035 0.014853 0.089524 -0.008507
25.107011 2.000000 -0.298419 0.586616 0.008868 0.055331 0.925626 -1.502319 -0.011517 -0.307072 -0.566974 0.001953 0.056038 -0.921311 -1.504020 0.020661 -0.012036 0.008417 -0.013192 0.086466 0.100467 0.020890 5.934391 5.934391 1.334842 1.334842 8.000000 0.000000 0.200000 0.556184 0.000000 -1.334842 -0.688565 -5.934391 0.015043 0.089080 -0.008571
25.135573 2.000000 -0.298419 0.586616 0.008880 0.055307 0.925638 -1.502307 -0.011529 -0.307060 -0.566962 0.001977 0.056062 -0.921299 -1.504020 0.020649 -0.050228 -0.197617 -0.102527 0.168433 0.318975 0.050648 5.949528 5.949528 1.332614 1.332614 8.000000 0.000000 0.200000 0.555256 0.000000 -1.332614 -0.694741 -5.949528 0.014911 0.089694 -0.008704
25.179780 2.000000 -0.298419 0.586616 0.008856 0.055331 0.925626 -1.502307 -0.011517 -0.307072 -0.566974 0.001965 0.056050 -0.921323 -1.504008 0.020649 0.090777 -0.067609 -0.087364 0.094086 0.192450 0.005363 5.939763 5.939763 1.342731 1.342731 8.000000 0.000000 0.200000 0.559471 0.000000 -1.342731 -0.678322 -5.939763 0.015439 0.089276 -0.008343
25.244829 2.000000 -0.298419 0.586604 0.008856 0.055331 0.925638 -1.502307 -0.011529 -0.307060 -0.566974 0.001977 0.056050 -0.921299 -1.504020 0.020649 -0.066092 0.057393 0.107561 0.500518 0.316008 -0.134949 5.926701 5.926701 1.326617 1.326617 8.000000 0.000000 0.200000 0.552757 0.000000 -1.326617 -0.667965 -5.926701 0.015467 0.089315 -0.008350
25.286282 2.000000 -0.298419 0.586604 0.008856 0.055331 0.925626 -1.502307 -0.011517 -0.307060 -0.566962 0.001953 0.056062 -0.921311 -1.504020 0.020637 0.097672 -0.117764 0.088546 0.125515 0.085804 0.046139 5.951970 5.951970 1.333179 1.333179 8.000000 0.000000 0.200000 0.555491 0.000000 -1.333179 -0.680592 -5.951970 0.015208 0.089436 -0.008740
25.329562 2.000000 -0.298419 0.586604 0.008856 0.055331 0.925626 -1.502307 -0.011517 -0.307072 -0.566962 0.001977 0.056062 -0.921323 -1.504032 0.020661 0.018537 -0.024040 0.005005 0.277331 0.159423 -0.135406 5.920475 5.920475 1.325412 1.325412 8.000000 0.000000 0.200000 0.552255 0.000000 -1.325412 -0.679796 -5.920475 0.015461 0.089274 -0.008645
25.374000 2.000000 -0.298431 0.586604 0.008856 0.055331 0.925626 -1.502307 -0.011517 -0.307072 -0.566962 0.001977 0.056062 -0.921299 -1.504020 0.020649 0.037236 0.030583 0.034124 0.107060 0.255424 -0.097348 5.942570 5.942570 1.339084 1.339084 8.000000 0.000000 0.200000 0.557952 0.000000 -1.339084 -0.688973 -5.942570 0.015125 0.089101 -0.008920
25.413876 2.000000 -0.298419 0.586604 0.008856 0.055331 0.925638 -1.502307 -0.011529 -0.307072 -0.566974 0.001953 0.056062 -0.921311 -1.504020 0.020649 -0.058934 0.209449 0.090853 0.044473 0.065021 -0.052791 5.939274 5.939274 1.314853 1.314853 8.000000 0.000000 0.200000 0.547855 0.000000 -1.314853 -0.673081 -5.939274 0.015231 0.089197 -0.007757
25.461531 2.000000 -0.298419 0.586604 0.008856 0.055331 0.925638 -1.502319 -0.011529 -0.307060 -0.566962 0.001977 0.056062 -0.921299 -1.504020 0.020661 0.003878 -0.177108 -0.073296 0.153666 0.145406 -0.183467 5.947819 5.947819 1.327472 1.327472 8.000000 0.000000 0.200000 0.553113 0.000000 -1.327472 -0.676148 -5.947819 0.015337 0.089284 -0.008014
25.500344 2.000000 -0.298419 0.586592 0.008856 0.055331 0.925626 -1.502319 -0.011529 -0.307072 -0.566974 0.001977 0.056050 -0.921311 -1.504008 0.020637 0.007062 -0.167231 -0.078112 0.165392 0.211144 -0.024982 5.942936 5.942936 1.332675 1.332675 8.000000 0.000000 0.200000 0.555281 0.000000 -1.332675 -0.679842 -5.942936 0.014655 0.089314 -0.008273
25.543095 2.000000 -0.298419 0.586592 0.008856 0.055331 0.925626 -1.502307 -0.011529 -0.307060 -0.566974 0.001977 0.056062 -0.921299 -1.503996 0.020661 0.059129 -0.094369 -0.107123 0.042732 0.194821 -0.037630 5.926579 5.926579 1.321887 1.321887 8.000000 0.000000 0.200000 0.550786 0.000000 -1.321887 -0.698218 -5.926579 0.014862 0.088922 -0.008328
25.595353 2.000000 -0.298419 0.586616 0.008856 0.055331 0.925626 -1.502319 -0.011517 -0.307060 -0.566974 0.001977 0.056062 -0.921311 -1.504020 0.020649 -0.152772 -0.004942 -0.007552 0.310150 0.204994 -0.201351 5.929875 5.929875 1.324405 1.324405 8.000000 0.000000 0.200000 0.551835 0.000000 -1.324405 -0.684506 -5.929875 0.014945 0.089307 -0.008301
25.639245 2.000000 -0.298419 0.586592 0.008868 0.055331 0.925626 -1.502307 -0.011517 -0.307072 -0.566974 0.001953 0.056062 -0.921323 -1.504032 0.020649 0.123749 -0.048879 0.050098 0.066285 0.088094 0.012865 5.932805 5.932805 1.324649 1.324649 8.000000 0.000000 0.200000 0.551937 0.000000 -1.324649 -0.673624 -5.932805 0.015379 0.089341 -0.008169
25.676483 2.000000 -0.298419 0.586604 0.008856 0.055331 0.925626 -1.502319 -0.011517 -0.307072 -0.566962 0.001977 0.056074 -0.921311 -1.504020 0.020649 0.057082 0.021324 0.111158 0.093845 0.277916 0.012481 5.940373 5.940373 1.325549 1.325549 8.000000 0.000000 0.200000 0.552312 0.000000 -1.325549 -0.695240 -5.940373 0.014841 0.089578 -0.007903
25.718972 2.000000 -0.298419 0.586592 0.008856 0.055331 0.925626 -1.502342 -0.011529 -0.307072 -0.566974 0.001977 0.056062 -0.921335 -1.504032 0.020637 -0.019505 -0.148075 -0.097738 -0.179569 0.152518 -0.039717 5.938420 5.938420 1.322986 1.322986 8.000000 0.000000 0.200000 0.551244 0.000000 -1.322986 -0.669585 -5.938420 0.015656 0.089592 -0.007548
25.746062 2.000000 -0.298419 0.586592 0.008856 0.055331 0.925626 -1.502319 -0.011529 -0.307072 -0.566974 0.001953 0.056050 -0.921311 -1.504020 0.020649 0.024457 -0.146557 -0.029699 -0.082770 0.157806 0.186006 5.917057 5.917057 1.339709 1.339709 8.000000 0.000000 0.200000 0.558212 0.000000 -1.339709 -0.673365 -5.917057 0.014845 0.089383 -0.007773
25.781372 2.000000 -0.298419 0.586604 0.008868 0.055331 0.925626 -1.502331 -0.011529 -0.307060 -0.566974 0.001953 0.056062 -0.921323 -1.504020 0.020649 -0.039293 0.056395 0.046736 -0.053764 0.121271 -0.180322 5.931462 5.931462 1.327701 1.327701 8.000000 0.000000 0.200000 0.553209 0.000000 -1.327701 -0.674204 -5.931462 0.015368 0.089682 -0.007863
25.823446 2.000000 -0.298419 0.586592 0.008856 0.055331 0.925626 -1.502307 -0.011517 -0.307060 -0.566974 0.001953 0.056062 -0.921299 -1.504020 0.020637 -0.004515 0.038173 0.030493 0.119103 0.254486 -0.032341 5.934514 5.934514 1.335788 1.335788 8.000000 0.000000 0.200000 0.556578 0.000000 -1.335788 -0.680260 -5.934514 0.015196 0.089444 -0.008308
25.868220 2.000000 -0.298419 0.586604 0.008880 0.055331 0.925626 -1.502307 -0.011517 -0.307072 -0.566974 0.001977 0.056062 -0.921299 -1.504020 0.020649 0.046896 -0.284288 -0.136020 0.022296 0.205319 0.011650 5.925358 5.925358 1.332324 1.332324 8.000000 0.000000 0.200000 0.555135 0.000000 -1.332324 -0.691132 -5.925358 0.015040 0.089277 -0.007825
25.907665 2.000000 -0.298419 0.586604 0.008880 0.055331 0.925638 -1.502319 -0.011529 -0.307072 -0.566962 0.001977 0.056050 -0.921311 -1.504008 0.020649 -0.001910 -0.396224 -0.192085 -0.099742 0.297277 0.059597 5.930851 5.930851 1.328479 1.328479 8.000000 0.000000 0.200000 0.553533 0.000000 -1.328479 -0.693548 -5.930851 0.015353 0.089633 -0.007949
25.951949 2.000000 -0.298419 0.586604 0.008856 0.055307 0.925638 -1.502307 -0.011529 -0.307060 -0.566962 0.001953 0.056074 -0.921311 -1.504008 0.020649 0.026168 0.028845 -0.076402 0.089048 0.111330 -0.026450 5.928532 5.928532 1.323443 1.323443 8.000000 0.000000 0.200000 0.551435 0.000000 -1.323443 -0.687626 -5.928532 0.015085 0.089241 -0.007670
25.982994 2.000000 -0.298419 0.586604 0.008856 0.055331 0.925626 -1.502307 -0.011517 -0.307072 -0.566974 0.001953 0.056074 -0.921323 -1.504020 0.020661 0.157166 -0.001922 0.088414 0.036033 0.078793 -0.001632 5.922917 5.922917 1.326022 1.326022 8.000000 0.000000 0.200000 0.552509 0.000000 -1.326022 -0.681265 -5.922917 0.014816 0.090106 -0.007520
26.030556 2.000000 -0.298419 0.586604 0.008856 0.055331 0.925626 -1.502319 -0.011529 -0.307072 -0.566974 0.001977 0.056062 -0.921299 -1.504032 0.020649 0.042832 -0.031984 -0.063536 0.008640 0.207386 -0.104417 5.934391 5.934391 1.331241 1.331241 8.000000 0.000000 0.200000 0.554684 0.000000 -1.331241 -0.691677 -5.934391 0.014831 0.089505 -0.008195
26.095665 2.000000 -0.298419 0.586592 0.008856 0.055331 0.925614 -1.502307 -0.011517 -0.307072 -0.566962 0.001953 0.056062 -0.921299 -1.504020 0.020661 0.100207 0.088771 0.075953 0.121192 0.320990 -0.049025 5.935124 5.935124 1.326098 1.326098 8.000000 0.000000 0.200000 0.552541 0.000000 -1.326098 -0.685673 -5.935124 0.015310 0.089534 -0.008133
26.139496 2.000000 -0.298419 0.586592 0.008856 0.055331 0.925638 -1.502307 -0.011529 -0.307072 -0.566962 0.001953 0.056062 -0.921323 -1.504008 0.020649 -0.013106 -0.178784 -0.141756 0.071816 0.139655 -0.045477 5.913884 5.913884 1.344363 1.344363 8.000000 0.000000 0.200000 0.560151 0.000000 -1.344363 -0.674391 -5.913884 0.015394 0.089582 -0.008145
26.200875 2.000000 -0.298419 0.586592 0.008856 0.055331 0.925638 -1.502319 -0.011517 -0.307072 -0.566974 0.001953 0.056062 -0.921323 -1.504032 0.020637 0.090554 -0.039235 -0.072564 -0.143657 -0.023009 0.098312 5.916203 5.916203 1.326175 1.326175 8.000000 0.000000 0.200000 0.552573 0.000000 -1.326175 -0.695792 -5.916203 0.014932 0.089202 -0.007602
26.230613 2.000000 -0.298419 0.586592 0.008856 0.055331 0.925626 -1.502319 -0.011517 -0.307072 -0.566974 0.001977 0.056086 -0.921323 -1.504008 0.020637 0.205282 -0.060011 -0.163338 0.010734 0.124847 0.050074 5.936955 5.936955 1.318118 1.318118 8.000000 0.000000 0.200000 0.549216 0.000000 -1.318118 -0.667389 -5.936955 0.015100 0.089304 -0.007559
26.256086 2.000000 -0.298443 0.586580 0.008844 0.055331 0.925626 -1.502307 -0.011529 -0.307072 -0.566974 0.001977 0.056062 -0.921323 -1.504020 0.020637 0.158352 -0.045165 -0.012812 0.030654 0.135565 0.028177 5.932316 5.932316 1.334521 1.334521 8.000000 0.000000 0.200000 0.556051 0.000000 -1.334521 -0.671412 -5.932316 0.015527 0.089847 -0.007780
26.282665 2.000000 -0.298419 0.586592 0.008844 0.055331 0.925626 -1.502307 -0.011517 -0.307072 -0.566962 0.001977 0.056050 -0.921299 -1.504020 0.020637 0.088467 -0.149239 -0.104957 -0.036460 0.306004 0.207922 5.920598 5.920598 1.335818 1.335818 8.000000 0.000000 0.200000 0.556591 0.000000 -1.335818 -0.676209 -5.920598 0.015620 0.089550 -0.007829
26.307380 2.000000 -0.298419 0.586592 0.008856 0.055331 0.925638 -1.502319 -0.011517 -0.307072 -0.566974 0.001977 0.056050 -0.921311 -1.504020 0.020661 0.050331 0.020848 -0.080335 -0.046911 0.060170 -0.125191 5.932927 5.932927 1.331103 1.331103 8.000000 0.000000 0.200000 0.554626 0.000000 -1.331103 -0.683863 -5.932927 0.014944 0.089418 -0.007906
26.352893 2.000000 -0.298431 0.586580 0.008868 0.055331 0.925626 -1.502319 -0.011529 -0.307072 -0.566962 0.001977 0.056074 -0.921299 -1.504020 0.020649 0.102346 -0.025188 0.073598 0.028716 0.268877 -0.041763 5.912175 5.912175 1.314532 1.314532 8.000000 0.000000 0.200000 0.547722 0.000000 -1.314532 -0.685932 -5.912175 0.015176 0.089023 -0.007768
26.388405 2.000000 -0.298419 0.586580 0.008844 0.055331 0.925626 -1.502295 -0.011517 -0.307072 -0.566974 0.001977 0.056062 -0.921311 -1.504032 0.020661 -0.072410 -0.014989 -0.008772 0.009921 0.132328 0.025357 5.936345 5.936345 1.322375 1.322375 8.000000 0.000000 0.200000 0.550990 0.000000 -1.322375 -0.691326 -5.936345 0.015044 0.088975 -0.008001
26.419472 2.000000 -0.298419 0.586592 0.008868 0.055331 0.925638 -1.502307 -0.011505 -0.307072 -0.566962 0.001977 0.056062 -0.921299 -1.504020 0.020661 -0.012561 0.025776 -0.045991 0.151218 0.131578 -0.003370 5.928654 5.928654 1.326449 1.326449 8.000000 0.000000 0.200000 0.552687 0.000000 -1.326449 -0.677286 -5.928654 0.015390 0.089422 -0.008023
26.446368 2.000000 -0.298419 0.586592 0.008856 0.055331 0.925638 -1.502307 -0.011517 -0.307072 -0.566962 0.001989 0.056050 -0.921311 -1.504032 0.020637 -0.060090 -0.037622 -0.032219 -0.024856 0.162238 0.100614 5.928532 5.928532 1.338733 1.338733 8.000000 0.000000 0.200000 0.557805 0.000000 -1.338733 -0.689751 -5.928532 0.015155 0.089232 -0.008433
26.493181 2.000000 -0.298419 0.586580 0.008832 0.055331 0.925614 -1.502307 -0.011529 -0.307060 -0.566962 0.001977 0.056062 -0.921299 -1.504020 0.020649 -0.018142 -0.008708 -0.004423 0.003920 0.116176 -0.133178 5.938420 5.938420 1.328326 1.328326 8.000000 0.000000 0.200000 0.553469 0.000000 -1.328326 -0.679632 -5.938420 0.015463 0.089561 -0.008008
26.536687 2.000000 -0.298419 0.586592 0.008856 0.055331 0.925638 -1.502319 -0.011517 -0.307084 -0.566962 0.001953 0.056050 -0.921323 -1.504020 0.020649 0.062535 -0.065707 -0.045498 0.094128 0.170507 -0.037954 5.940861 5.940861 1.317859 1.317859 8.000000 0.000000 0.200000 0.549108 0.000000 -1.317859 -0.679678 -5.940861 0.015582 0.089280 -0.007425
26.567164 2.000000 -0.298419 0.586580 0.008856 0.055331 0.925626 -1.502319 -0.011505 -0.307072 -0.566974 0.001953 0.056062 -0.921311 -1.504020 0.020649 0.009234 0.017705 -0.013312 -0.030699 0.080539 -0.022114 5.918400 5.918400 1.328937 1.328937 8.000000 0.000000 0.200000 0.553724 0.000000 -1.328937 -0.684609 -5.918400 0.015117 0.089410 -0.007483
26.603723 2.000000 -0.298419 0.586592 0.008856 0.055331 0.925638 -1.502319 -0.011517 -0.307072 -0.566962 0.001977 0.056074 -0.921323 -1.504032 0.020649 0.012059 -0.013167 -0.017388 0.074097 0.243222 0.008524 5.924992 5.924992 1.335650 1.335650 8.000000 0.000000 0.200000 0.556521 0.000000 -1.335650 -0.683197 -5.924992 0.015071 0.089012 -0.008673
26.640030 2.000000 -0.298431 0.586580 0.008856 0.055331 0.925626 -1.502307 -0.011517 -0.307072 -0.566962 0.001977 0.056050 -0.921299 -1.504020 0.020649 0.038564 -0.025080 0.040463 -0.035626 0.087677 -0.081956 5.929142 5.929142 1.331943 1.331943 8.000000 0.000000 0.200000 0.554976 0.000000 -1.331943 -0.683609 -5.929142 0.014856 0.089873 -0.007979
26.668720 2.000000 -0.298419 0.586580 0.008844 0.055331 0.925638 -1.502307 -0.011517 -0.307060 -0.566950 0.001977 0.056062 -0.921311 -1.503996 0.020649 0.010815 0.063357 0.059644 -0.062174 0.089859 -0.017573 5.906559 5.906559 1.330859 1.330859 8.000000 0.000000 0.200000 0.554525 0.000000 -1.330859 -0.693947 -5.906559 0.014876 0.089303 -0.007997
26.694504 2.000000 -0.298419 0.586568 0.008856 0.055331 0.925650 -1.502319 -0.011517 -0.307072 -0.566962 0.001953 0.056074 -0.921311 -1.504008 0.020661 -0.085563 -0.053343 -0.108725 0.078449 0.094492 0.040493 5.939763 5.939763 1.329654 1.329654 8.000000 0.000000 0.200000 0.554022 0.000000 -1.329654 -0.690504 -5.939763 0.015111 0.089015 -0.007955
26.723327 2.000000 -0.298419 0.586604 0.008868 0.055331 0.925626 -1.502307 -0.011529 -0.307072 -0.566974 0.001977 0.056062 -0.921311 -1.504008 0.020649 0.028026 -0.056782 -0.033934 0.137054 0.184929 -0.008276 5.917668 5.917668 1.320666 1.320666 8.000000 0.000000 0.200000 0.550278 0.000000 -1.320666 -0.674637 -5.917668 0.015021 0.089532 -0.007059
26.752472 2.000000 -0.298419 0.586580 0.008856 0.055331 0.925638 -1.502307 -0.011529 -0.307060 -0.566962 0.001977 0.056074 -0.921323 -1.504032 0.020649 0.048604 -0.057181 -0.052081 -0.084574 0.139562 -0.081032 5.924870 5.924870 1.327762 1.327762 8.000000 0.000000 0.200000 0.553234 0.000000 -1.327762 -0.696781 -5.924870 0.014864 0.089265 -0.007961
26.780394 2.000000 -0.298419 0.586580 0.008832 0.055331 0.925638 -1.502319 -0.011529 -0.307072 -0.566974 0.001977 0.056050 -0.921323 -1.504020 0.020649 0.053177 -0.069455 0.093503 0.090313 0.155115 0.046622 5.903508 5.903508 1.324283 1.324283 8.000000 0.000000 0.200000 0.551784 0.000000 -1.324283 -0.679848 -5.903508 0.015166 0.089052 -0.008746
26.810430 2.000000 -0.298419 0.586580 0.008844 0.055331 0.925626 -1.502319 -0.011517 -0.307072 -0.566974 0.001977 0.056050 -0.921299 -1.504020 0.020661 -0.042434 0.048369 0.107408 -0.048581 0.204771 -0.041221 5.931950 5.931950 1.325625 1.325625 8.000000 0.000000 0.200000 0.552344 0.000000 -1.325625 -0.692614 -5.931950 0.014800 0.089435 -0.007656
26.839498 2.000000 -0.298419 0.586568 0.008856 0.055331 0.925638 -1.502319 -0.011517 -0.307072 -0.566974 0.001977 0.056050 -0.921299 -1.504020 0.020625 -0.004181 -0.001003 0.037252 0.045073 0.187504 0.005119 5.913029 5.913029 1.328784 1.328784 8.000000 0.000000 0.200000 0.553660 0.000000 -1.328784 -0.683529 -5.913029 0.014836 0.089009 -0.008539
26.873791 2.000000 -0.298419 0.586580 0.008856 0.055331 0.925626 -1.502319 -0.011517 -0.307096 -0.566974 0.001953 0.056062 -0.921311 -1.504008 0.020661 -0.011019 0.000034 -0.012892 -0.025268 0.172158 0.155636 5.911686 5.911686 1.326144 1.326144 8.000000 0.000000 0.200000 0.552560 0.000000 -1.326144 -0.691801 -5.911686 0.014861 0.089260 -0.007872
26.911196 2.000000 -0.298419 0.586580 0.008832 0.055331 0.925638 -1.502319 -0.011517 -0.307072 -0.566962 0.001977 0.056074 -0.921299 -1.504008 0.020649 0.031901 0.003118 -0.056440 0.165667 0.321847 -0.004513 5.921086 5.921086 1.338275 1.338275 8.000000 0.000000 0.200000 0.557615 0.000000 -1.338275 -0.682717 -5.921086 0.014902 0.089511 -0.008287
26.937350 2.000000 -0.298419 0.586592 0.008856 0.055331 0.925638 -1.502307 -0.011529 -0.307072 -0.566962 0.001977 0.056062 -0.921311 -1.504008 0.020649 0.060880 0.048799 0.038102 0.090383 0.266698 0.034742 5.913029 5.913029 1.341937 1.341937 8.000000 0.000000 0.200000 0.559140 0.000000 -1.341937 -0.702582 -5.913029 0.014990 0.088962 -0.008157
26.974355 2.000000 -0.298419 0.586568 0.008868 0.055331 0.925638 -1.502319 -0.011493 -0.307072 -0.566950 0.001977 0.056062 -0.921323 -1.504008 0.020649 -0.000424 -0.279535 -0.138706 -0.012846 0.188541 0.019635 5.915104 5.915104 1.328631 1.328631 8.000000 0.000000 0.200000 0.553596 0.000000 -1.328631 -0.685541 -5.915104 0.015330 0.089567 -0.008077
27.012304 2.000000 -0.298419 0.586580 0.008856 0.055331 0.925626 -1.502319 -0.011517 -0.307072 -0.566962 0.001977 0.056062 -0.921299 -1.504020 0.020649 0.036046 -0.020778 -0.015946 0.015787 0.093225 0.003320 5.917912 5.917912 1.329364 1.329364 8.000000 0.000000 0.200000 0.553902 0.000000 -1.329364 -0.686432 -5.917912 0.014849 0.089411 -0.008290
27.037180 2.000000 -0.298419 0.586580 0.008832 0.055331 0.925650 -1.502319 -0.011517 -0.307072 -0.566938 0.001953 0.056062 -0.921323 -1.504020 0.020649 -0.077635 0.090776 -0.046180 0.007066 0.141950 -0.080706 5.905827 5.905827 1.338321 1.338321 8.000000 0.000000 0.200000 0.557634 0.000000 -1.338321 -0.684864 -5.905827 0.015036 0.088846 -0.007340
27.068099 2.000000 -0.298419 0.586568 0.008868 0.055331 0.925626 -1.502319 -0.011529 -0.307060 -0.566950 0.001977 0.056062 -0.921299 -1.504008 0.020649 -0.041076 0.057157 0.047361 -0.146111 0.320382 0.026903 5.917302 5.917302 1.336993 1.336993 8.000000 0.000000 0.200000 0.557081 0.000000 -1.336993 -0.677389 -5.917302 0.015521 0.089522 -0.008433
27.103763 2.000000 -0.298419 0.586592 0.008856 0.055331 0.925626 -1.502307 -0.011517 -0.307072 -0.566962 0.001977 0.056074 -0.921299 -1.504020 0.020649 -0.066377 -0.184054 -0.104548 -0.121020 0.313679 0.106044 5.910344 5.910344 1.345294 1.345294 8.000000 0.000000 0.200000 0.560539 0.000000 -1.345294 -0.683909 -5.910344 0.015386 0.088907 -0.008746
27.137788 2.000000 -0.298419 0.586580 0.008856 0.055331 0.925638 -1.502319 -0.011529 -0.307060 -0.566974 0.001977 0.056086 -0.921311 -1.504020 0.020649 0.050396 -0.023373 0.058141 -0.107539 0.166598 0.030378 5.921940 5.921940 1.325946 1.325946 8.000000 0.000000 0.200000 0.552477 0.000000 -1.325946 -0.686964 -5.921940 0.014734 0.089192 -0.008104
27.168673 2.000000 -0.298419 0.586568 0.008856 0.055331 0.925638 -1.502319 -0.011517 -0.307072 -0.566962 0.001953 0.056062 -0.921323 -1.504020 0.020661 0.008859 -0.211799 -0.086763 -0.100772 0.276873 0.173939 5.908268 5.908268 1.335238 1.335238 8.000000 0.000000 0.200000 0.556349 0.000000 -1.335238 -0.689692 -5.908268 0.015285 0.089461 -0.008638
27.200463 2.000000 -0.298419 0.586580 0.008856 0.055331 0.925626 -1.502307 -0.011517 -0.307072 -0.566974 0.001953 0.056062 -0.921311 -1.504008 0.020649 -0.009676 0.035109 -0.058564 -0.102757 0.044312 0.016056 5.922917 5.922917 1.329776 1.329776 8.000000 0.000000 0.200000 0.554073 0.000000 -1.329776 -0.699993 -5.922917 0.014749 0.088679 -0.008592
27.229676 2.000000 -0.298419 0.586568 0.008856 0.055331 0.925626 -1.502307 -0.011517 -0.307072 -0.566962 0.001977 0.056074 -0.921323 -1.504020 0.020661 0.017778 -0.032447 -0.018447 -0.049082 0.138203 0.047963 5.904850 5.904850 1.316928 1.316928 8.000000 0.000000 0.200000 0.548720 0.000000 -1.316928 -0.696505 -5.904850 0.015206 0.089298 -0.007835
27.266689 2.000000 -0.298419 0.586580 0.008868 0.055331 0.925626 -1.502319 -0.011517 -0.307072 -0.566962 0.001977 0.056050 -0.921323 -1.504020 0.020649 0.003441 -0.014341 0.028313 -0.099544 0.224184 0.097662 5.919133 5.919133 1.344165 1.344165 8.000000 0.000000 0.200000 0.560069 0.000000 -1.344165 -0.698723 -5.919133 0.014759 0.089609 -0.007788
27.298559 2.000000 -0.298419 0.586568 0.008856 0.055331 0.925626 -1.502319 -0.011517 -0.307072 -0.566974 0.001953 0.056062 -0.921299 -1.504020 0.020649 0.008160 0.129457 -0.066036 -0.059562 0.051738 0.065212 5.930241 5.930241 1.321368 1.321368 8.000000 0.000000 0.200000 0.550570 0.000000 -1.321368 -0.685921 -5.930241 0.015240 0.089592 -0.007105
27.331709 2.000000 -0.298419 0.586580 0.008856 0.055331 0.925650 -1.502319 -0.011517 -0.307072 -0.566938 0.001977 0.056074 -0.921323 -1.504008 0.020625 0.029436 -0.051308 -0.033821 0.102689 0.373667 0.000527 5.906071 5.906071 1.325793 1.325793 8.000000 0.000000 0.200000 0.552414 0.000000 -1.325793 -0.675329 -5.906071 0.015429 0.089359 -0.007590
27.363664 2.000000 -0.298419 0.586580 0.008856 0.055331 0.925626 -1.502319 -0.011529 -0.307060 -0.566950 0.001977 0.056062 -0.921311 -1.504020 0.020661 0.026419 -0.074897 -0.037818 0.073592 0.266027 -0.105671 5.915104 5.915104 1.326266 1.326266 8.000000 0.000000 0.200000 0.552611 0.000000 -1.326266 -0.685089 -5.915104 0.014949 0.089002 -0.008032
27.394403 2.000000 -0.298419 0.586580 0.008856 0.055343 0.925638 -1.502307 -0.011529 -0.307072 -0.566962 0.001977 0.056074 -0.921299 -1.504008 0.020649 0.044698 -0.108876 0.010634 -0.021695 0.171878 0.096776 5.926945 5.926945 1.317889 1.317889 8.000000 0.000000 0.200000 0.549121 0.000000 -1.317889 -0.692892 -5.926945 0.015222 0.089361 -0.008016
27.416860 2.000000 -0.298419 0.586580 0.008868 0.055331 0.925638 -1.502319 -0.011517 -0.307072 -0.566962 0.001977 0.056062 -0.921323 -1.504020 0.020649 -0.051746 -0.107993 -0.038025 0.007876 0.178842 -0.052321 5.914006 5.914006 1.333133 1.333133 8.000000 0.000000 0.200000 0.555472 0.000000 -1.333133 -0.692843 -5.914006 0.015073 0.089420 -0.008196
27.448189 2.000000 -0.298419 0.586580 0.008856 0.055331 0.925638 -1.502319 -0.011529 -0.307072 -0.566974 0.001953 0.056074 -0.921323 -1.504008 0.020661 -0.039902 -0.041241 -0.050706 0.149088 0.117255 -0.157583 5.913517 5.913517 1.346881 1.346881 8.000000 0.000000 0.200000 0.561200 0.000000 -1.346881 -0.668707 -5.913517 0.015544 0.089820 -0.008259
27.474558 2.000000 -0.298419 0.586580 0.008880 0.055331 0.925638 -1.502307 -0.011517 -0.307072 -0.566962 0.001953 0.056062 -0.921299 -1.504020 0.020649 0.042531 -0.105808 -0.065166 0.149803 0.146934 -0.044682 5.911320 5.911320 1.326160 1.326160 8.000000 0.000000 0.200000 0.552566 0.000000 -1.326160 -0.688246 -5.911320 0.015128 0.089383 -0.007630
27.507317 2.000000 -0.298419 0.586568 0.008856 0.055331 0.925638 -1.502307 -0.011517 -0.307072 -0.566950 0.001977 0.056050 -0.921323 -1.504020 0.020661 -0.066751 -0.064720 -0.148990 0.087892 0.097894 -0.036083 5.920353 5.920353 1.330768 1.330768 8.000000 0.000000 0.200000 0.554487 0.000000 -1.330768 -0.690665 -5.920353 0.015338 0.089629 -0.007916
27.528654 2.000000 -0.298419 0.586568 0.008832 0.055331 0.925626 -1.502283 -0.011517 -0.307072 -0.566950 0.001977 0.056062 -0.921323 -1.504008 0.020649 0.091307 -0.024195 -0.122995 0.023997 0.217833 -0.097790 5.929265 5.929265 1.334415 1.334415 8.000000 0.000000 0.200000 0.556006 0.000000 -1.334415 -0.698338 -5.929265 0.014942 0.089384 -0.007756
27.551180 2.000000 -0.298419 0.586580 0.008856 0.055331 0.925638 -1.502307 -0.011517 -0.307072 -0.566962 0.001977 0.056074 -0.921323 -1.504020 0.020661 0.084286 -0.028577 -0.044384 0.161103 0.184054 -0.062137 5.909733 5.909733 1.335620 1.335620 8.000000 0.000000 0.200000 0.556508 0.000000 -1.335620 -0.689272 -5.909733 0.015249 0.089487 -0.008018
27.578982 2.000000 -0.298419 0.586532 0.008856 0.055331 0.925638 -1.502307 -0.011517 -0.307060 -0.566938 0.001977 0.056074 -0.921299 -1.504008 0.020661 0.086970 -0.139787 -0.059572 -0.041187 0.177174 -0.113015 5.914860 5.914860 1.328784 1.328784 8.000000 0.000000 0.200000 0.553660 0.000000 -1.328784 -0.699101 -5.914860 0.014686 0.089530 -0.007771
27.594798 2.000000 -0.298419 0.586568 0.008844 0.055331 0.925626 -1.502319 -0.011541 -0.307072 -0.566974 0.001977 0.056062 -0.921323 -1.504008 0.020649 0.006826 -0.078544 -0.092970 -0.023168 0.130960 -0.044037 5.928532 5.928532 1.327136 1.327136 8.000000 0.000000 0.200000 0.552973 0.000000 -1.327136 -0.687125 -5.928532 0.015695 0.089391 -0.007192
27.624445 2.000000 -0.298419 0.586568 0.008856 0.055331 0.925626 -1.502307 -0.011541 -0.307072 -0.566950 0.001953 0.056062 -0.921299 -1.504032 0.020661 0.094730 0.116163 0.040155 0.002848 0.244486 0.026163 5.910832 5.910832 1.320483 1.320483 8.000000 0.000000 0.200000 0.550201 0.000000 -1.320483 -0.681288 -5.910832 0.015244 0.089634 -0.007983
27.656257 2.000000 -0.298419 0.586556 0.008856 0.055331 0.925626 -1.502319 -0.011493 -0.307072 -0.566962 0.001953 0.056074 -0.921323 -1.504008 0.020661 0.071252 -0.138006 0.034422 0.245169 0.106040 -0.137821 5.907292 5.907292 1.326633 1.326633 8.000000 0.000000 0.200000 0.552764 0.000000 -1.326633 -0.686045 -5.907292 0.015494 0.089635 -0.007553
27.687966 2.000000 -0.298419 0.586580 0.008856 0.055343 0.925638 -1.502319 -0.011517 -0.307060 -0.566962 0.001953 0.056062 -0.921311 -1.504032 0.020649 0.025943 0.092579 0.016068 -0.113298 0.185235 0.042405 5.924382 5.924382 1.339191 1.339191 8.000000 0.000000 0.200000 0.557996 0.000000 -1.339191 -0.698120 -5.924382 0.014980 0.089184 -0.008437
27.719803 2.000000 -0.298419 0.586556 0.008856 0.055331 0.925626 -1.502307 -0.011505 -0.307072 -0.566962 0.001953 0.056050 -0.921311 -1.504020 0.020661 -0.008282 0.065341 -0.043722 -0.030479 0.012353 0.103049 5.909367 5.909367 1.333591 1.333591 8.000000 0.000000 0.200000 0.555663 0.000000 -1.333591 -0.698607 -5.909367 0.015382 0.089588 -0.008486
27.759629 2.000000 -0.298419 0.586568 0.008868 0.055331 0.925638 -1.502319 -0.011529 -0.307060 -0.566962 0.001953 0.056062 -0.921311 -1.504020 0.020649 -0.022493 -0.184330 -0.146536 0.210816 0.303670 0.042080 5.895939 5.895939 1.324969 1.324969 8.000000 0.000000 0.200000 0.552071 0.000000 -1.324969 -0.687697 -5.895939 0.015194 0.089271 -0.007897
27.786676 2.000000 -0.298419 0.586568 0.008856 0.055331 0.925638 -1.502307 -0.011517 -0.307072 -0.566962 0.001977 0.056062 -0.921299 -1.504020 0.020661 -0.051595 -0.105580 -0.169632 -0.046003 0.152419 0.094043 5.913517 5.913517 1.323916 1.323916 8.000000 0.000000 0.200000 0.551632 0.000000 -1.323916 -0.692837 -5.913517 0.015181 0.089252 -0.008159
27.809214 2.000000 -0.298419 0.586568 0.008856 0.055331 0.925638 -1.502307 -0.011529 -0.307072 -0.566962 0.001953 0.056062 -0.921323 -1.504008 0.020661 0.031147 -0.097804 -0.042684 0.010378 0.158744 -0.080894 5.926579 5.926579 1.337512 1.337512 8.000000 0.000000 0.200000 0.557297 0.000000 -1.337512 -0.687117 -5.926579 0.015220 0.089279 -0.008191
27.830412 2.000000 -0.298419 0.586556 0.008856 0.055331 0.925626 -1.502307 -0.011529 -0.307060 -0.566950 0.001953 0.056062 -0.921323 -1.504020 0.020661 0.004629 -0.007421 -0.032838 -0.002692 0.204231 -0.069074 5.899235 5.899235 1.330447 1.330447 8.000000 0.000000 0.200000 0.554353 0.000000 -1.330447 -0.704846 -5.899235 0.015073 0.089531 -0.007961
27.856990 2.000000 -0.298419 0.586544 0.008856 0.055331 0.925638 -1.502307 -0.011529 -0.307060 -0.566938 0.001953 0.056074 -0.921323 -1.504020 0.020661 0.011211 -0.166498 -0.076655 0.011810 0.233961 0.068275 5.907414 5.907414 1.327762 1.327762 8.000000 0.000000 0.200000 0.553234 0.000000 -1.327762 -0.683176 -5.907414 0.014953 0.089349 -0.007255
27.889269 2.000000 -0.298419 0.586544 0.008856 0.055331 0.925638 -1.502307 -0.011529 -0.307072 -0.566962 0.001953 0.056062 -0.921323 -1.504032 0.020649 0.064692 -0.065411 -0.045116 0.030426 0.188924 -0.053319 5.892888 5.892888 1.331515 1.331515 8.000000 0.000000 0.200000 0.554798 0.000000 -1.331515 -0.684145 -5.892888 0.015346 0.089628 -0.007521
27.918671 2.000000 -0.298419 0.586556 0.008868 0.055331 0.925626 -1.502319 -0.011517 -0.307072 -0.566962 0.001977 0.056062 -0.921299 -1.504020 0.020649 -0.061993 0.019970 0.091900 0.030056 0.222769 -0.031889 5.912053 5.912053 1.330386 1.330386 8.000000 0.000000 0.200000 0.554328 0.000000 -1.330386 -0.684740 -5.912053 0.015252 0.089489 -0.007351
27.951838 2.000000 -0.298419 0.586556 0.008856 0.055331 0.925614 -1.502319 -0.011517 -0.307072 -0.566950 0.001953 0.056074 -0.921299 -1.504020 0.020649 -0.010176 0.067270 0.009195 -0.050176 0.203702 0.133967 5.917546 5.917546 1.334399 1.334399 8.000000 0.000000 0.200000 0.556000 0.000000 -1.334399 -0.681786 -5.917546 0.015431 0.089582 -0.007544
27.977643 2.000000 -0.298419 0.586568 0.008868 0.055331 0.925662 -1.502307 -0.011505 -0.307060 -0.566962 0.001977 0.056050 -0.921299 -1.504020 0.020649 0.168969 0.015913 -0.109727 -0.182393 0.256675 0.237610 5.902043 5.902043 1.327838 1.327838 8.000000 0.000000 0.200000 0.553266 0.000000 -1.327838 -0.693770 -5.902043 0.014999 0.089206 -0.007350
28.014863 2.000000 -0.298419 0.586544 0.008832 0.055331 0.925626 -1.502319 -0.011517 -0.307072 -0.566962 0.001953 0.056062 -0.921311 -1.504008 0.020625 0.051734 -0.123879 -0.129736 -0.009718 0.094578 -0.017940 5.903019 5.903019 1.332690 1.332690 8.000000 0.000000 0.200000 0.555288 0.000000 -1.332690 -0.697478 -5.903019 0.015637 0.089136 -0.008218
28.050380 2.000000 -0.298419 0.586556 0.008832 0.055331 0.925626 -1.502319 -0.011529 -0.307072 -0.566938 0.001953 0.056074 -0.921323 -1.504020 0.020637 0.034631 0.138113 0.071645 0.052230 0.370471 -0.017482 5.924626 5.924626 1.325564 1.325564 8.000000 0.000000 0.200000 0.552319 0.000000 -1.325564 -0.682286 -5.924626 0.015383 0.089265 -0.007249
28.074572 2.000000 -0.298419 0.586532 0.008856 0.055331 0.925626 -1.502319 -0.011529 -0.307072 -0.566962 0.001977 0.056050 -0.921323 -1.504020 0.020649 0.033236 -0.023949 -0.051304 -0.108273 0.183274 0.190487 5.905949 5.905949 1.338595 1.338595 8.000000 0.000000 0.200000 0.557748 0.000000 -1.338595 -0.689408 -5.905949 0.015331 0.089087 -0.007768
28.097016 2.000000 -0.298419 0.586556 0.008856 0.055331 0.925650 -1.502319 -0.011505 -0.307072 -0.566938 0.001977 0.056050 -0.921311 -1.503996 0.020649 -0.012065 -0.020789 -0.076127 0.032460 0.201041 -0.065071 5.905461 5.905461 1.336185 1.336185 8.000000 0.000000 0.200000 0.556744 0.000000 -1.336185 -0.689953 -5.905461 0.014865 0.089393 -0.007633
28.115649 2.000000 -0.298419 0.586544 0.008832 0.055331 0.925626 -1.502307 -0.011481 -0.307060 -0.566950 0.001953 0.056050 -0.921323 -1.504020 0.020661 0.086809 -0.013256 0.028646 -0.142373 0.151882 0.094632 5.914860 5.914860 1.330234 1.330234 8.000000 0.000000 0.200000 0.554264 0.000000 -1.330234 -0.697153 -5.914860 0.014639 0.089690 -0.007647
28.140134 2.000000 -0.298419 0.586532 0.008856 0.055343 0.925626 -1.502307 -0.011517 -0.307060 -0.566950 0.001953 0.056062 -0.921323 -1.504008 0.020649 0.044298 0.034394 -0.035261 -0.118039 0.018621 -0.078351 5.916935 5.916935 1.347934 1.347934 8.000000 0.000000 0.200000 0.561639 0.000000 -1.347934 -0.689482 -5.916935 0.014887 0.089305 -0.008671
28.164385 2.000000 -0.298419 0.586544 0.008844 0.055331 0.925626 -1.502307 -0.011517 -0.307072 -0.566914 0.001989 0.056062 -0.921311 -1.504008 0.020649 0.050580 0.073343 -0.016565 0.026523 0.225128 -0.033260 5.897526 5.897526 1.337146 1.337146 8.000000 0.000000 0.200000 0.557144 0.000000 -1.337146 -0.683436 -5.897526 0.015188 0.089416 -0.007869
28.185314 2.000000 -0.298431 0.586544 0.008832 0.055331 0.925614 -1.502319 -0.011529 -0.307072 -0.566950 0.001977 0.056050 -0.921311 -1.504020 0.020649 -0.036769 0.061774 0.005212 0.006724 0.071295 0.048558 5.917302 5.917302 1.339160 1.339160 8.000000 0.000000 0.200000 0.557983 0.000000 -1.339160 -0.683340 -5.917302 0.015458 0.089361 -0.007986
28.202466 2.000000 -0.298431 0.586556 0.008856 0.055331 0.925626 -1.502331 -0.011541 -0.307072 -0.566914 0.001977 0.056062 -0.921299 -1.504008 0.020637 0.013578 0.111520 0.032995 0.007190 0.259721 -0.055032 5.931584 5.931584 1.329776 1.329776 8.000000 0.000000 0.200000 0.554073 0.000000 -1.329776 -0.691933 -5.931584 0.015082 0.089247 -0.007550
28.224145 2.000000 -0.298419 0.586544 0.008844 0.055343 0.925626 -1.502319 -0.011529 -0.307072 -0.566938 0.001953 0.056062 -0.921311 -1.504008 0.020661 0.083870 -0.048515 -0.036568 0.108045 0.192256 0.055955 5.921452 5.921452 1.324206 1.324206 8.000000 0.000000 0.200000 0.551753 0.000000 -1.324206 -0.682781 -5.921452 0.015150 0.089459 -0.007754
28.243007 2.000000 -0.298431 0.586544 0.008844 0.055331 0.925626 -1.502319 -0.011505 -0.307072 -0.566926 0.001953 0.056062 -0.921311 -1.504020 0.020649 0.029187 -0.005189 0.066724 0.067560 0.285219 0.140442 5.905705 5.905705 1.324451 1.324451 8.000000 0.000000 0.200000 0.551854 0.000000 -1.324451 -0.687237 -5.905705 0.015418 0.089091 -0.008150
28.267914 2.000000 -0.298419 0.586544 0.008856 0.055331 0.925626 -1.502319 -0.011541 -0.307072 -0.566926 0.001953 0.056062 -0.921311 -1.504020 0.020649 0.062362 -0.260935 -0.121141 -0.084206 0.163590 0.154249 5.909489 5.909489 1.331592 1.331592 8.000000 0.000000 0.200000 0.554830 0.000000 -1.331592 -0.705532 -5.909489 0.014593 0.089340 -0.007409
28.290794 2.000000 -0.298419 0.586544 0.008856 0.055331 0.925638 -1.502307 -0.011529 -0.307072 -0.566914 0.001977 0.056074 -0.921299 -1.504008 0.020649 0.074776 -0.028279 -0.063344 0.011690 0.199453 -0.014302 5.906193 5.906193 1.338077 1.338077 8.000000 0.000000 0.200000 0.557532 0.000000 -1.338077 -0.700638 -5.906193 0.014732 0.089274 -0.007637
28.313453 2.000000 -0.298419 0.586556 0.008856 0.055331 0.925638 -1.502307 -0.011517 -0.307072 -0.566914 0.001953 0.056062 -0.921311 -1.504008 0.020649 -0.000547 0.008934 -0.051357 -0.039151 0.260861 0.001068 5.904606 5.904606 1.328662 1.328662 8.000000 0.000000 0.200000 0.553609 0.000000 -1.328662 -0.696017 -5.904606 0.015121 0.089274 -0.007495
28.334466 2.000000 -0.298419 0.586544 0.008856 0.055331 0.925638 -1.502319 -0.011517 -0.307072 -0.566914 0.001953 0.056074 -0.921311 -1.504020 0.020625 -0.014365 -0.016504 0.012441 -0.122721 0.161598 0.025125 5.898015 5.898015 1.331103 1.331103 8.000000 0.000000 0.200000 0.554626 0.000000 -1.331103 -0.686339 -5.898015 0.015322 0.089145 -0.007728
28.355987 2.000000 -0.298419 0.586568 0.008844 0.055331 0.925638 -1.502319 -0.011517 -0.307072 -0.566938 0.001977 0.056050 -0.921311 -1.504008 0.020649 -0.014216 -0.002609 -0.006290 -0.175563 0.077595 0.066632 5.913273 5.913273 1.332782 1.332782 8.000000 0.000000 0.200000 0.555326 0.000000 -1.332782 -0.690745 -5.913273 0.015007 0.089542 -0.007816
28.383133 2.000000 -0.298419 0.586544 0.008832 0.055331 0.925626 -1.502319 -0.011529 -0.307060 -0.566914 0.001977 0.056050 -0.921299 -1.504020 0.020661 0.007625 -0.005179 0.034117 -0.058870 0.181876 -0.059643 5.911076 5.911076 1.345233 1.345233 8.000000 0.000000 0.200000 0.560514 0.000000 -1.345233 -0.695133 -5.911076 0.015295 0.089412 -0.008077
28.404730 2.000000 -0.298419 0.586532 0.008856 0.055331 0.925638 -1.502319 -0.011517 -0.307060 -0.566938 0.001953 0.056062 -0.921311 -1.504008 0.020661 0.027009 0.064552 0.039094 -0.065559 0.160506 0.083141 5.913151 5.913151 1.312030 1.312030 8.000000 0.000000 0.200000 0.546679 0.000000 -1.312030 -0.688307 -5.913151 0.015790 0.089248 -0.007876
28.428065 2.000000 -0.298419 0.586556 0.008868 0.055331 0.925638 -1.502307 -0.011517 -0.307060 -0.566926 0.001953 0.056062 -0.921323 -1.504008 0.020661 -0.011835 0.038357 0.015673 -0.013674 0.175434 -0.042242 5.902653 5.902653 1.344317 1.344317 8.000000 0.000000 0.200000 0.560132 0.000000 -1.344317 -0.692709 -5.902653 0.015225 0.089267 -0.008034
28.466001 2.000000 -0.298431 0.586556 0.008856 0.055331 0.925626 -1.502307 -0.011529 -0.307072 -0.566926 0.001953 0.056086 -0.921299 -1.504008 0.020649 0.063353 0.053210 0.034890 -0.037622 0.149366 0.107721 5.906559 5.906559 1.333423 1.333423 8.000000 0.000000 0.200000 0.555593 0.000000 -1.333423 -0.700552 -5.906559 0.014629 0.089071 -0.007882
28.492693 2.000000 -0.298419 0.586544 0.008856 0.055331 0.925626 -1.502319 -0.011505 -0.307072 -0.566950 0.001977 0.056050 -0.921299 -1.504008 0.020661 0.084846 0.011527 0.062206 -0.008445 0.199574 -0.011608 5.911686 5.911686 1.336978 1.336978 8.000000 0.000000 0.200000 0.557074 0.000000 -1.336978 -0.685400 -5.911686 0.015227 0.089664 -0.007732
28.517633 2.000000 -0.298419 0.586544 0.008844 0.055331 0.925626 -1.502319 -0.011541 -0.307060 -0.566914 0.001977 0.056074 -0.921311 -1.504008 0.020637 0.052826 0.028325 0.004639 0.005843 0.204456 -0.006411 5.895207 5.895207 1.334827 1.334827 8.000000 0.000000 0.200000 0.556178 0.000000 -1.334827 -0.698441 -5.895207 0.015127 0.089405 -0.008283
28.542646 2.000000 -0.298419 0.586544 0.008856 0.055331 0.925626 -1.502307 -0.011505 -0.307072 -0.566950 0.001977 0.056062 -0.921323 -1.504020 0.020649 0.017217 -0.076670 0.011189 0.028918 0.103801 0.066138 5.915959 5.915959 1.341128 1.341128 8.000000 0.000000 0.200000 0.558803 0.000000 -1.341128 -0.702484 -5.915959 0.014849 0.089231 -0.007637
28.576957 2.000000 -0.298419 0.586556 0.008844 0.055331 0.925626 -1.502307 -0.011517 -0.307072 -0.566914 0.001977 0.056074 -0.921323 -1.504008 0.020637 -0.049697 0.197045 0.089780 0.231792 0.113752 -0.172989 5.894719 5.894719 1.335605 1.335605 8.000000 0.000000 0.200000 0.556502 0.000000 -1.335605 -0.694157 -5.894719 0.014752 0.089091 -0.007588
28.621232 2.000000 -0.298419 0.586556 0.008844 0.055331 0.925638 -1.502319 -0.011529 -0.307072 -0.566938 0.001953 0.056050 -0.921323 -1.504008 0.020649 -0.008324 -0.028034 0.003514 -0.042425 0.212040 -0.006145 5.898503 5.898503 1.331088 1.331088 8.000000 0.000000 0.200000 0.554620 0.000000 -1.331088 -0.707989 -5.898503 0.015065 0.088966 -0.008400
28.643124 2.000000 -0.298419 0.586544 0.008844 0.055331 0.925626 -1.502307 -0.011517 -0.307072 -0.566902 0.001953 0.056062 -0.921311 -1.504020 0.020649 0.075906 -0.054381 0.091612 -0.041593 0.106940 -0.057989 5.902653 5.902653 1.325061 1.325061 8.000000 0.000000 0.200000 0.552109 0.000000 -1.325061 -0.694748 -5.902653 0.015058 0.089059 -0.007519
28.664043 2.000000 -0.298419 0.586532 0.008856 0.055331 0.925638 -1.502307 -0.011517 -0.307072 -0.566914 0.001953 0.056074 -0.921323 -1.504020 0.020637 0.121617 -0.087005 0.120806 0.042601 0.047094 -0.002754 5.888249 5.888249 1.329150 1.329150 8.000000 0.000000 0.200000 0.553813 0.000000 -1.329150 -0.699669 -5.888249 0.015355 0.089385 -0.007775
28.681839 2.000000 -0.298431 0.586520 0.008868 0.055331 0.925638 -1.502307 -0.011517 -0.307072 -0.566938 0.001977 0.056074 -0.921299 -1.503996 0.020649 0.092297 -0.054734 0.042062 0.087336 0.162069 0.145146 5.914860 5.914860 1.336780 1.336780 8.000000 0.000000 0.200000 0.556992 0.000000 -1.336780 -0.698653 -5.914860 0.014612 0.089677 -0.007590
28.703593 2.000000 -0.298419 0.586556 0.008844 0.055331 0.925626 -1.502319 -0.011517 -0.307072 -0.566914 0.001977 0.056074 -0.921311 -1.504020 0.020649 0.029627 0.017244 0.020225 -0.091277 0.260404 0.053602 5.909733 5.909733 1.339511 1.339511 8.000000 0.000000 0.200000 0.558130 0.000000 -1.339511 -0.676733 -5.909733 0.015427 0.088864 -0.007529
28.728904 2.000000 -0.298431 0.586532 0.008832 0.055331 0.925626 -1.502307 -0.011517 -0.307072 -0.566914 0.001965 0.056062 -0.921323 -1.504020 0.020649 0.094375 -0.090747 0.043923 -0.104094 0.205076 0.135730 5.903508 5.903508 1.351581 1.351581 8.000000 0.000000 0.200000 0.563159 0.000000 -1.351581 -0.697832 -5.903508 0.014892 0.089342 -0.008626
28.747839 2.000000 -0.298419 0.586532 0.008844 0.055331 0.925626 -1.502319 -0.011529 -0.307060 -0.566938 0.001953 0.056050 -0.921311 -1.504008 0.020637 0.017478 -0.022704 -0.068004 -0.024729 0.147337 0.041200 5.905217 5.905217 1.344211 1.344211 8.000000 0.000000 0.200000 0.560088 0.000000 -1.344211 -0.695189 -5.905217 0.015217 0.089017 -0.007472
28.776784 2.000000 -0.298407 0.586520 0.008832 0.055331 0.925626 -1.502307 -0.011517 -0.307072 -0.566902 0.001977 0.056086 -0.921323 -1.504032 0.020649 -0.023230 -0.020407 -0.119294 -0.195071 0.288439 -0.011196 5.896916 5.896916 1.331805 1.331805 8.000000 0.000000 0.200000 0.554919 0.000000 -1.331805 -0.687809 -5.896916 0.015059 0.089210 -0.007672
28.803820 2.000000 -0.298419 0.586532 0.008856 0.055331 0.925638 -1.502307 -0.011517 -0.307072 -0.566914 0.001977 0.056050 -0.921323 -1.504008 0.020649 0.046236 -0.238960 -0.062993 -0.032128 0.205936 -0.047963 5.911686 5.911686 1.323123 1.323123 8.000000 0.000000 0.200000 0.551301 0.000000 -1.323123 -0.687388 -5.911686 0.015013 0.089158 -0.007320
28.824480 2.000000 -0.298419 0.586532 0.008868 0.055343 0.925626 -1.502307 -0.011505 -0.307060 -0.566914 0.001953 0.056086 -0.921311 -1.504008 0.020673 0.024296 -0.037504 -0.108312 -0.064765 0.116253 -0.000282 5.923283 5.923283 1.331073 1.331073 8.000000 0.000000 0.200000 0.554614 0.000000 -1.331073 -0.705908 -5.923283 0.014683 0.089397 -0.007595
28.845954 2.000000 -0.298419 0.586556 0.008868 0.055331 0.925638 -1.502307 -0.011517 -0.307072 -0.566902 0.001977 0.056074 -0.921323 -1.504008 0.020649 0.024762 -0.118601 -0.091309 -0.001298 0.268246 0.060634 5.892155 5.892155 1.343646 1.343646 8.000000 0.000000 0.200000 0.559853 0.000000 -1.343646 -0.695561 -5.892155 0.014890 0.089365 -0.007798
28.865826 2.000000 -0.298419 0.586520 0.008832 0.055331 0.925626 -1.502307 -0.011517 -0.307060 -0.566902 0.001953 0.056062 -0.921323 -1.504020 0.020625 0.058113 -0.202605 -0.128497 -0.005159 0.098711 -0.030219 5.900090 5.900090 1.318957 1.318957 8.000000 0.000000 0.200000 0.549566 0.000000 -1.318957 -0.667397 -5.900090 0.015565 0.089462 -0.006679
28.888227 2.000000 -0.298419 0.586544 0.008856 0.055331 0.925626 -1.502307 -0.011529 -0.307072 -0.566926 0.001977 0.056062 -0.921299 -1.504020 0.020661 0.030016 -0.049926 -0.038095 0.062087 0.102067 -0.002743 5.898747 5.898747 1.331195 1.331195 8.000000 0.000000 0.200000 0.554665 0.000000 -1.331195 -0.688032 -5.898747 0.015000 0.089171 -0.007546
28.909509 2.000000 -0.298419 0.586532 0.008856 0.055331 0.925626 -1.502319 -0.011517 -0.307072 -0.566926 0.001953 0.056050 -0.921323 -1.504020 0.020649 0.012244 -0.126176 -0.060487 0.068202 0.361747 0.071568 5.904728 5.904728 1.348315 1.348315 8.000000 0.000000 0.200000 0.561798 0.000000 -1.348315 -0.695196 -5.904728 0.015033 0.089097 -0.008072
28.935856 2.000000 -0.298419 0.586520 0.008844 0.055331 0.925638 -1.502319 -0.011517 -0.307072 -0.566938 0.001953 0.056062 -0.921323 -1.504008 0.020637 0.062517 -0.012011 0.006330 0.119231 0.181288 -0.027937 5.894963 5.894963 1.339618 1.339618 8.000000 0.000000 0.200000 0.558174 0.000000 -1.339618 -0.680235 -5.894963 0.015517 0.089162 -0.007202
28.970658 2.000000 -0.298419 0.586532 0.008844 0.055331 0.925626 -1.502307 -0.011517 -0.307060 -0.566926 0.001953 0.056062 -0.921311 -1.504020 0.020637 0.004640 -0.030056 -0.077862 -0.031822 0.099749 -0.108412 5.898015 5.898015 1.338626 1.338626 8.000000 0.000000 0.200000 0.557761 0.000000 -1.338626 -0.694554 -5.898015 0.014906 0.089555 -0.007528
28.998078 2.000000 -0.298419 0.586508 0.008844 0.055343 0.925650 -1.502319 -0.011517 -0.307060 -0.566914 0.001953 0.056074 -0.921311 -1.504020 0.020649 0.071446 -0.109965 -0.071731 0.099741 0.055647 -0.121253 5.901677 5.901677 1.334292 1.334292 8.000000 0.000000 0.200000 0.555955 0.000000 -1.334292 -0.685122 -5.901677 0.015278 0.089330 -0.007273
29.030205 2.000000 -0.298419 0.586532 0.008844 0.055331 0.925638 -1.502307 -0.011529 -0.307084 -0.566902 0.001953 0.056050 -0.921299 -1.504020 0.020661 -0.050324 -0.045408 -0.011859 0.041325 0.275895 0.066215 5.916325 5.916325 1.337253 1.337253 8.000000 0.000000 0.200000 0.557189 0.000000 -1.337253 -0.697851 -5.916325 0.014972 0.089258 -0.007823
29.062044 2.000000 -0.298419 0.586532 0.008856 0.055331 0.925638 -1.502319 -0.011529 -0.307072 -0.566902 0.001977 0.056062 -0.921311 -1.504020 0.020649 -0.052461 0.079911 0.101203 0.023907 0.233825 0.279050 5.892277 5.892277 1.332492 1.332492 8.000000 0.000000 0.200000 0.555205 0.000000 -1.332492 -0.694186 -5.892277 0.015192 0.089313 -0.007702
29.096378 2.000000 -0.298419 0.586532 0.008856 0.055307 0.925638 -1.502307 -0.011505 -0.307072 -0.566926 0.001953 0.056038 -0.921311 -1.504008 0.020649 -0.103979 -0.051817 -0.032443 0.016237 0.141855 0.007545 5.909001 5.909001 1.330432 1.330432 8.000000 0.000000 0.200000 0.554347 0.000000 -1.330432 -0.697125 -5.909001 0.015130 0.089674 -0.007610
29.127056 2.000000 -0.298419 0.586532 0.008856 0.055331 0.925638 -1.502307 -0.011529 -0.307060 -0.566926 0.001977 0.056062 -0.921323 -1.504008 0.020649 -0.022688 0.055103 0.034903 -0.186566 0.152995 0.059364 5.894841 5.894841 1.337710 1.337710 8.000000 0.000000 0.200000 0.557379 0.000000 -1.337710 -0.698317 -5.894841 0.014911 0.089609 -0.007496
29.164089 2.000000 -0.298419 0.586532 0.008868 0.055331 0.925626 -1.502319 -0.011529 -0.307072 -0.566902 0.001953 0.056050 -0.921311 -1.504008 0.020649 -0.070101 0.098276 0.079193 -0.095827 0.170743 0.058562 5.911931 5.911931 1.349002 1.349002 8.000000 0.000000 0.200000 0.562084 0.000000 -1.349002 -0.694041 -5.911931 0.015403 0.089284 -0.007342
29.205523 2.000000 -0.298419 0.586520 0.008856 0.055331 0.925638 -1.502307 -0.011493 -0.307072 -0.566902 0.001953 0.056038 -0.921311 -1.504008 0.020661 0.047433 -0.044004 0.092400 -0.151233 0.209394 0.127932 5.898869 5.898869 1.322040 1.322040 8.000000 0.000000 0.200000 0.550850 0.000000 -1.322040 -0.685509 -5.898869 0.014892 0.088867 -0.007092
29.233555 2.000000 -0.298419 0.586508 0.008856 0.055331 0.925638 -1.502283 -0.011505 -0.307060 -0.566914 0.001953 0.056074 -0.921311 -1.504020 0.020661 0.003030 -0.129121 -0.109998 0.017983 0.153476 0.012867 5.887516 5.887516 1.322101 1.322101 8.000000 0.000000 0.200000 0.550875 0.000000 -1.322101 -0.681444 -5.887516 0.015097 0.089091 -0.007543
29.259934 2.000000 -0.298419 0.586508 0.008856 0.055331 0.925638 -1.502319 -0.011517 -0.307072 -0.566902 0.001953 0.056074 -0.921311 -1.504020 0.020649 0.073888 -0.091408 0.072118 -0.049836 0.191540 0.058678 5.899235 5.899235 1.331363 1.331363 8.000000 0.000000 0.200000 0.554734 0.000000 -1.331363 -0.698626 -5.899235 0.015229 0.089512 -0.007759
29.294067 2.000000 -0.298419 0.586520 0.008832 0.055331 0.925626 -1.502307 -0.011505 -0.307060 -0.566914 0.001965 0.056074 -0.921299 -1.504032 0.020649 -0.024548 0.027365 0.060946 -0.043614 0.156977 -0.030723 5.882145 5.882145 1.324328 1.324328 8.000000 0.000000 0.200000 0.551804 0.000000 -1.324328 -0.700217 -5.882145 0.014704 0.089273 -0.008334
29.334685 2.000000 -0.298419 0.586532 0.008856 0.055331 0.925638 -1.502307 -0.011517 -0.307060 -0.566914 0.001953 0.056062 -0.921323 -1.504008 0.020649 0.102768 -0.216983 -0.055854 0.094516 0.208093 -0.035268 5.893254 5.893254 1.332538 1.332538 8.000000 0.000000 0.200000 0.555224 0.000000 -1.332538 -0.688776 -5.893254 0.015114 0.089106 -0.007897
29.368283 2.000000 -0.298419 0.586520 0.008868 0.055331 0.925626 -1.502307 -0.011529 -0.307096 -0.566926 0.001977 0.056062 -0.921323 -1.504008 0.020649 -0.027078 -0.169822 -0.121802 -0.103541 0.126454 0.074163 5.908513 5.908513 1.353168 1.353168 8.000000 0.000000 0.200000 0.563820 0.000000 -1.353168 -0.706843 -5.908513 0.015371 0.089446 -0.008079
29.395638 2.000000 -0.298419 0.586532 0.008856 0.055331 0.925638 -1.502307 -0.011517 -0.307072 -0.566926 0.001977 0.056062 -0.921323 -1.504008 0.020649 0.026967 -0.118266 -0.020253 -0.244151 0.314127 0.051048 5.880803 5.880803 1.325732 1.325732 8.000000 0.000000 0.200000 0.552388 0.000000 -1.325732 -0.686377 -5.880803 0.015600 0.089882 -0.007151
29.427950 2.000000 -0.298419 0.586508 0.008856 0.055331 0.925626 -1.502307 -0.011529 -0.307072 -0.566926 0.001977 0.056062 -0.921323 -1.504008 0.020649 -0.075103 -0.191969 -0.077742 -0.047197 0.149414 -0.068460 5.892155 5.892155 1.327624 1.327624 8.000000 0.000000 0.200000 0.553177 0.000000 -1.327624 -0.685665 -5.892155 0.015361 0.089022 -0.007996
29.459057 2.000000 -0.298419 0.586520 0.008832 0.055331 0.925626 -1.502319 -0.011517 -0.307060 -0.566902 0.001977 0.056062 -0.921323 -1.504008 0.020649 -0.069057 -0.050443 0.015365 0.048055 0.233646 0.039616 5.905949 5.905949 1.330157 1.330157 8.000000 0.000000 0.200000 0.554232 0.000000 -1.330157 -0.696213 -5.905949 0.014918 0.089306 -0.007214
29.483660 2.000000 -0.298419 0.586508 0.008856 0.055331 0.925638 -1.502307 -0.011517 -0.307060 -0.566902 0.001977 0.056086 -0.921299 -1.504020 0.020661 0.064368 -0.002948 -0.090205 0.050653 0.161856 -0.002935 5.898991 5.898991 1.323520 1.323520 8.000000 0.000000 0.200000 0.551467 0.000000 -1.323520 -0.684197 -5.898991 0.015222 0.088932 -0.007487
29.516850 2.000000 -0.298419 0.586508 0.008844 0.055331 0.925626 -1.502307 -0.011541 -0.307072 -0.566902 0.001953 0.056062 -0.921299 -1.504008 0.020649 0.062029 -0.071349 -0.044720 0.288810 0.176119 -0.045541 5.898991 5.898991 1.340625 1.340625 8.000000 0.000000 0.200000 0.558594 0.000000 -1.340625 -0.697920 -5.898991 0.015139 0.089150 -0.007731
29.554914 2.000000 -0.298419 0.586520 0.008856 0.055343 0.925626 -1.502307 -0.011517 -0.307072 -0.566890 0.001953 0.056050 -0.921335 -1.504008 0.020625 -0.065378 -0.046796 -0.021863 -0.119216 0.204146 0.028130 5.915715 5.915715 1.328265 1.328265 8.000000 0.000000 0.200000 0.553444 0.000000 -1.328265 -0.702927 -5.915715 0.014938 0.089156 -0.007846
29.590898 2.000000 -0.298419 0.586520 0.008892 0.055331 0.925650 -1.502307 -0.011517 -0.307072 -0.566902 0.001953 0.056086 -0.921323 -1.504020 0.020661 0.004045 -0.047974 -0.058860 -0.036595 0.223196 0.051844 5.896916 5.896916 1.330462 1.330462 8.000000 0.000000 0.200000 0.554359 0.000000 -1.330462 -0.692917 -5.896916 0.015570 0.089367 -0.008275
29.644025 2.000000 -0.298419 0.586508 0.008844 0.055331 0.925626 -1.502319 -0.011517 -0.307072 -0.566926 0.001953 0.056062 -0.921323 -1.504020 0.020649 0.004259 -0.019562 0.034988 0.069352 0.144604 -0.007355 5.910954 5.910954 1.338412 1.338412 8.000000 0.000000 0.200000 0.557672 0.000000 -1.338412 -0.693646 -5.910954 0.015197 0.089301 -0.007455
29.699477 2.000000 -0.298419 0.586520 0.008856 0.055307 0.925638 -1.502307 -0.011517 -0.307072 -0.566902 0.001953 0.056074 -0.921299 -1.504020 0.020661 -0.114529 0.164631 0.091714 0.015751 0.142415 -0.057277 5.886052 5.886052 1.337832 1.337832 8.000000 0.000000 0.200000 0.557430 0.000000 -1.337832 -0.684469 -5.886052 0.015287 0.089380 -0.007964
29.723469 2.000000 -0.298419 0.586508 0.008868 0.055331 0.925638 -1.502307 -0.011517 -0.307060 -0.566890 0.001965 0.056062 -0.921323 -1.504020 0.020649 -0.049607 -0.112854 -0.056041 -0.012094 0.223469 0.008524 5.912785 5.912785 1.336215 1.336215 8.000000 0.000000 0.200000 0.556756 0.000000 -1.336215 -0.699906 -5.912785 0.015008 0.089043 -0.007497
29.743114 2.000000 -0.298419 0.586508 0.008856 0.055331 0.925626 -1.502307 -0.011517 -0.307060 -0.566890 0.001977 0.056074 -0.921299 -1.504008 0.020661 -0.019519 -0.041386 -0.039268 -0.142002 0.318085 -0.022266 5.896916 5.896916 1.349353 1.349353 8.000000 0.000000 0.200000 0.562230 0.000000 -1.349353 -0.711081 -5.896916 0.014686 0.089042 -0.008841
29.777297 2.000000 -0.298419 0.586496 0.008856 0.055331 0.925626 -1.502307 -0.011517 -0.307072 -0.566902 0.001953 0.056074 -0.921323 -1.504020 0.020649 0.022471 -0.040835 -0.039362 0.180082 0.211506 0.120313 5.905705 5.905705 1.331759 1.331759 8.000000 0.000000 0.200000 0.554900 0.000000 -1.331759 -0.693438 -5.905705 0.015236 0.088863 -0.007549
29.811612 2.000000 -0.298419 0.586508 0.008832 0.055331 0.925638 -1.502319 -0.011529 -0.307072 -0.566902 0.001953 0.056038 -0.921311 -1.504008 0.020649 0.002037 -0.010408 -0.017150 0.074258 0.282795 0.040736 5.904118 5.904118 1.342303 1.342303 8.000000 0.000000 0.200000 0.559293 0.000000 -1.342303 -0.692337 -5.904118 0.015104 0.089291 -0.007409
29.836657 2.000000 -0.298419 0.586508 0.008856 0.055331 0.925638 -1.502307 -0.011517 -0.307060 -0.566902 0.001977 0.056074 -0.921323 -1.504008 0.020649 0.020397 0.056061 -0.007578 -0.003546 0.067671 -0.168314 5.884343 5.884343 1.338016 1.338016 8.000000 0.000000 0.200000 0.557506 0.000000 -1.338016 -0.700011 -5.884343 0.014900 0.089383 -0.007593
29.860896 2.000000 -0.298419 0.586496 0.008880 0.055331 0.925638 -1.502307 -0.011517 -0.307072 -0.566902 0.001977 0.056074 -0.921311 -1.504020 0.020637 -0.006739 -0.065970 -0.078427 0.025456 0.145583 -0.080477 5.898137 5.898137 1.345172 1.345172 8.000000 0.000000 0.200000 0.560488 0.000000 -1.345172 -0.698035 -5.898137 0.015096 0.089333 -0.008148
29.887057 2.000000 -0.298419 0.586496 0.008844 0.055331 0.925638 -1.502307 -0.011529 -0.307060 -0.566926 0.001953 0.056074 -0.921299 -1.504020 0.020649 0.035366 -0.021250 -0.022335 0.170388 0.090324 -0.150441 5.888981 5.888981 1.332034 1.332034 8.000000 0.000000 0.200000 0.555014 0.000000 -1.332034 -0.695050 -5.888981 0.015413 0.089101 -0.007436
29.922183 2.000000 -0.298419 0.586496 0.008856 0.055331 0.925638 -1.502295 -0.011529 -0.307072 -0.566926 0.001977 0.056050 -0.921323 -1.504008 0.020649 0.039665 0.057658 -0.049973 0.047780 0.003968 0.115812 5.909489 5.909489 1.339862 1.339862 8.000000 0.000000 0.200000 0.558276 0.000000 -1.339862 -0.704748 -5.909489 0.015272 0.089620 -0.007422
29.945443 2.000000 -0.298419 0.586484 0.008844 0.055331 0.925626 -1.502319 -0.011517 -0.307060 -0.566914 0.001953 0.056062 -0.921323 -1.504008 0.020649 0.091213 -0.087280 0.004458 -0.013414 0.017849 -0.090392 5.883732 5.883732 1.341205 1.341205 8.000000 0.000000 0.200000 0.558835 0.000000 -1.341205 -0.706250 -5.883732 0.015269 0.089992 -0.007822
29.974892 2.000000 -0.298419 0.586484 0.008868 0.055331 0.925626 -1.502295 -0.011517 -0.307072 -0.566902 0.001977 0.056062 -0.921311 -1.504008 0.020649 0.060623 -0.137782 -0.100863 0.146927 0.287149 0.018963 5.882145 5.882145 1.334567 1.334567 8.000000 0.000000 0.200000 0.556070 0.000000 -1.334567 -0.705897 -5.882145 0.015084 0.089045 -0.007611
30.008745 2.000000 -0.298419 0.586508 0.008856 0.055343 0.925626 -1.502307 -0.011529 -0.307072 -0.566890 0.001977 0.056062 -0.921311 -1.504020 0.020649 0.033038 0.021223 0.014749 0.050539 0.166048 -0.082602 5.895573 5.895573 1.331485 1.331485 8.000000 0.000000 0.200000 0.554785 0.000000 -1.331485 -0.703673 -5.895573 0.015008 0.089065 -0.007688
30.032679 2.000000 -0.298419 0.586484 0.008856 0.055331 0.925638 -1.502307 -0.011517 -0.307060 -0.566890 0.001953 0.056050 -0.921311 -1.504020 0.020649 0.023047 -0.060804 0.005990 -0.076886 0.160747 0.060506 5.903264 5.903264 1.332843 1.332843 8.000000 0.000000 0.200000 0.555351 0.000000 -1.332843 -0.707541 -5.903264 0.014952 0.088769 -0.007479
30.049749 2.000000 -0.298419 0.586496 0.008868 0.055331 0.925638 -1.502307 -0.011517 -0.307072 -0.566902 0.001977 0.056050 -0.921299 -1.504008 0.020637 0.004843 -0.020917 -0.008488 -0.009135 0.197264 0.062329 5.880803 5.880803 1.338443 1.338443 8.000000 0.000000 0.200000 0.557685 0.000000 -1.338443 -0.694310 -5.880803 0.014827 0.089476 -0.007812
30.076893 2.000000 -0.298419 0.586496 0.008856 0.055331 0.925626 -1.502319 -0.011517 -0.307072 -0.566902 0.001953 0.056062 -0.921323 -1.504008 0.020649 -0.033615 0.014178 0.080626 -0.073060 0.181865 0.122095 5.903386 5.903386 1.314746 1.314746 8.000000 0.000000 0.200000 0.547811 0.000000 -1.314746 -0.698702 -5.903386 0.014950 0.089164 -0.007808
30.101948 2.000000 -0.298419 0.586496 0.008856 0.055331 0.925626 -1.502295 -0.011505 -0.307072 -0.566902 0.001953 0.056050 -0.921323 -1.504008 0.020637 -0.077048 0.031785 0.093808 -0.032625 0.191025 -0.043972 5.901921 5.901921 1.330661 1.330661 8.000000 0.000000 0.200000 0.554442 0.000000 -1.330661 -0.697350 -5.901921 0.015553 0.089947 -0.007440
30.127394 2.000000 -0.298419 0.586496 0.008856 0.055331 0.925626 -1.502307 -0.011529 -0.307060 -0.566902 0.001977 0.056062 -0.921311 -1.504032 0.020649 -0.026814 -0.046573 -0.058057 -0.104295 0.159297 -0.099328 5.880192 5.880192 1.357471 1.357471 8.000000 0.000000 0.200000 0.565613 0.000000 -1.357471 -0.681235 -5.880192 0.015539 0.089373 -0.007137
30.155446 2.000000 -0.298419 0.586496 0.008868 0.055331 0.925626 -1.502307 -0.011517 -0.307072 -0.566890 0.001977 0.056086 -0.921323 -1.504020 0.020649 -0.007061 0.004856 0.097132 -0.120790 0.033580 -0.051300 5.900212 5.900212 1.334369 1.334369 8.000000 0.000000 0.200000 0.555987 0.000000 -1.334369 -0.690777 -5.900212 0.015709 0.089236 -0.007706
30.185507 2.000000 -0.298419 0.586484 0.008868 0.055307 0.925626 -1.502307 -0.011529 -0.307072 -0.566890 0.001977 0.056050 -0.921311 -1.504020 0.020649 -0.002396 -0.070259 -0.008062 -0.147035 0.155924 0.152365 5.892155 5.892155 1.348895 1.348895 8.000000 0.000000 0.200000 0.562040 0.000000 -1.348895 -0.685698 -5.892155 0.015413 0.089905 -0.007658
30.216729 2.000000 -0.298419 0.586496 0.008856 0.055331 0.925626 -1.502307 -0.011529 -0.307072 -0.566890 0.001953 0.056062 -0.921311 -1.504020 0.020649 -0.034192 0.025060 -0.073323 0.026500 0.167508 0.036480 5.896916 5.896916 1.327472 1.327472 8.000000 0.000000 0.200000 0.553113 0.000000 -1.327472 -0.698101 -5.896916 0.015134 0.089198 -0.007446
30.239719 2.000000 -0.298419 0.586472 0.008832 0.055331 0.925626 -1.502307 -0.011529 -0.307072 -0.566890 0.001977 0.056062 -0.921323 -1.504020 0.020649 0.003180 0.068564 -0.002907 -0.137679 0.186230 0.081740 5.891545 5.891545 1.330401 1.330401 8.000000 0.000000 0.200000 0.554334 0.000000 -1.330401 -0.707173 -5.891545 0.014984 0.089293 -0.007674
30.276033 2.000000 -0.298419 0.586496 0.008856 0.055331 0.925626 -1.502319 -0.011517 -0.307072 -0.566902 0.001977 0.056074 -0.921311 -1.504032 0.020649 0.018580 0.026959 -0.023089 -0.110446 0.042356 -0.068107 5.888493 5.888493 1.331805 1.331805 8.000000 0.000000 0.200000 0.554919 0.000000 -1.331805 -0.706141 -5.888493 0.015196 0.089138 -0.007703
30.320075 2.000000 -0.298419 0.586496 0.008856 0.055331 0.925626 -1.502342 -0.011517 -0.307072 -0.566902 0.001953 0.056074 -0.921311 -1.504020 0.020661 -0.055350 -0.028063 0.100901 -0.321530 0.038374 -0.075297 5.877141 5.877141 1.339892 1.339892 8.000000 0.000000 0.200000 0.558289 0.000000 -1.339892 -0.691494 -5.877141 0.014901 0.089545 -0.007652
30.344399 2.000000 -0.298419 0.586496 0.008868 0.055331 0.925638 -1.502307 -0.011517 -0.307072 -0.566902 0.001953 0.056062 -0.921323 -1.504008 0.020661 -0.060041 0.159728 0.137242 -0.131685 0.246555 0.056614 5.910954 5.910954 1.349719 1.349719 8.000000 0.000000 0.200000 0.562383 0.000000 -1.349719 -0.706921 -5.910954 0.015398 0.089373 -0.007756
30.373797 2.000000 -0.298419 0.586496 0.008856 0.055331 0.925626 -1.502307 -0.011529 -0.307072 -0.566890 0.001953 0.056062 -0.921323 -1.504020 0.020661 -0.004773 0.030942 0.044354 -0.207361 0.235002 0.117878 5.882512 5.882512 1.334689 1.334689 8.000000 0.000000 0.200000 0.556120 0.000000 -1.334689 -0.697731 -5.882512 0.014991 0.089294 -0.007403
30.404953 2.000000 -0.298419 0.586496 0.008856 0.055331 0.925638 -1.502307 -0.011529 -0.307072 -0.566878 0.001977 0.056062 -0.921323 -1.504032 0.020661 -0.033474 -0.047822 0.037317 -0.104400 0.188153 0.090787 5.881047 5.881047 1.336108 1.336108 8.000000 0.000000 0.200000 0.556712 0.000000 -1.336108 -0.692494 -5.881047 0.015473 0.089353 -0.007840
30.423122 2.000000 -0.298419 0.586484 0.008856 0.055331 0.925626 -1.502307 -0.011517 -0.307060 -0.566890 0.001977 0.056062 -0.921311 -1.504020 0.020661 -0.016805 -0.035046 0.002088 -0.106898 0.092327 0.038466 5.881291 5.881291 1.340808 1.340808 8.000000 0.000000 0.200000 0.558670 0.000000 -1.340808 -0.697172 -5.881291 0.014841 0.089086 -0.006993
30.444260 2.000000 -0.298419 0.586472 0.008844 0.055331 0.925638 -1.502307 -0.011529 -0.307072 -0.566902 0.001953 0.056062 -0.921323 -1.504020 0.020649 -0.022126 -0.021742 0.005411 -0.128384 0.215281 -0.065447 5.894963 5.894963 1.338992 1.338992 8.000000 0.000000 0.200000 0.557913 0.000000 -1.338992 -0.691904 -5.894963 0.015586 0.089461 -0.007823
30.479588 2.000000 -0.298419 0.586472 0.008880 0.055331 0.925650 -1.502307 -0.011553 -0.307072 -0.566890 0.001953 0.056062 -0.921311 -1.504044 0.020649 0.014271 0.066828 -0.017300 0.159670 0.165293 -0.041676 5.900578 5.900578 1.334979 1.334979 8.000000 0.000000 0.200000 0.556241 0.000000 -1.334979 -0.692730 -5.900578 0.015691 0.089217 -0.007375
30.510394 2.000000 -0.298419 0.586484 0.008856 0.055331 0.925626 -1.502307 -0.011529 -0.307072 -0.566902 0.001953 0.056062 -0.921311 -1.504032 0.020637 0.045008 -0.007351 0.034775 0.046925 0.185097 -0.020009 5.885807 5.885807 1.342425 1.342425 8.000000 0.000000 0.200000 0.559344 0.000000 -1.342425 -0.688961 -5.885807 0.015474 0.089495 -0.007665
30.545903 2.000000 -0.298419 0.586484 0.008856 0.055331 0.925626 -1.502307 -0.011517 -0.307072 -0.566902 0.001953 0.056050 -0.921323 -1.504008 0.020649 -0.091160 0.083553 0.044229 -0.034307 0.102106 -0.171989 5.888737 5.888737 1.333652 1.333652 8.000000 0.000000 0.200000 0.555688 0.000000 -1.333652 -0.703356 -5.888737 0.015282 0.089278 -0.007604
30.574372 2.000000 -0.298419 0.586496 0.008844 0.055331 0.925626 -1.502307 -0.011505 -0.307060 -0.566902 0.001977 0.056062 -0.921323 -1.504020 0.020649 -0.023420 0.099559 0.067050 0.033182 0.258388 -0.081340 5.898869 5.898869 1.346316 1.346316 8.000000 0.000000 0.200000 0.560965 0.000000 -1.346316 -0.693966 -5.898869 0.015489 0.089540 -0.008080
30.604506 2.000000 -0.298419 0.586484 0.008868 0.055331 0.925626 -1.502319 -0.011529 -0.307060 -0.566902 0.001977 0.056050 -0.921299 -1.504008 0.020661 0.004850 0.063589 0.057797 0.121362 0.085706 -0.159072 5.897160 5.897160 1.330874 1.330874 8.000000 0.000000 0.200000 0.554531 0.000000 -1.330874 -0.703415 -5.897160 0.014748 0.089077 -0.007572
30.632019 2.000000 -0.298419 0.586484 0.008856 0.055331 0.925626 -1.502307 -0.011517 -0.307072 -0.566914 0.001953 0.056062 -0.921299 -1.504008 0.020673 -0.036265 0.008806 -0.066927 0.144963 -0.029227 -0.067525 5.879704 5.879704 1.329623 1.329623 8.000000 0.000000 0.200000 0.554010 0.000000 -1.329623 -0.695904 -5.879704 0.015197 0.089172 -0.007548
30.665055 2.000000 -0.298419 0.586472 0.008868 0.055331 0.925638 -1.502319 -0.011529 -0.307060 -0.566902 0.001953 0.056050 -0.921323 -1.504008 0.020649 0.027221 -0.097947 -0.085085 0.182010 0.198616 -0.030852 5.896794 5.896794 1.336215 1.336215 8.000000 0.000000 0.200000 0.556756 0.000000 -1.336215 -0.703505 -5.896794 0.015437 0.089578 -0.007958
30.687632 2.000000 -0.298419 0.586472 0.008856 0.055331 0.925638 -1.502307 -0.011529 -0.307060 -0.566902 0.001953 0.056050 -0.921323 -1.504008 0.020649 0.039727 -0.185085 -0.093078 0.066889 0.165221 -0.062051 5.879338 5.879338 1.335147 1.335147 8.000000 0.000000 0.200000 0.556311 0.000000 -1.335147 -0.701782 -5.879338 0.015264 0.089313 -0.006806
30.715296 2.000000 -0.298419 0.586472 0.008856 0.055331 0.925626 -1.502319 -0.011493 -0.307084 -0.566890 0.001953 0.056062 -0.921311 -1.504008 0.020649 -0.038483 -0.027317 -0.029827 0.101375 0.122335 -0.017946 5.891911 5.891911 1.327090 1.327090 8.000000 0.000000 0.200000 0.552954 0.000000 -1.327090 -0.692824 -5.891911 0.015465 0.089226 -0.007158
30.743170 2.000000 -0.298419 0.586484 0.008856 0.055331 0.925626 -1.502307 -0.011517 -0.307072 -0.566890 0.001977 0.056074 -0.921323 -1.504020 0.020649 0.068851 -0.044469 -0.060909 0.015482 0.184774 0.027399 5.876530 5.876530 1.342486 1.342486 8.000000 0.000000 0.200000 0.559369 0.000000 -1.342486 -0.692345 -5.876530 0.015068 0.089431 -0.007477
30.767398 2.000000 -0.298419 0.586484 0.008856 0.055331 0.925626 -1.502307 -0.011517 -0.307072 -0.566890 0.001977 0.056050 -0.921311 -1.504020 0.020637 0.057596 -0.013353 -0.011211 -0.075184 0.230890 0.053084 5.884221 5.884221 1.334827 1.334827 8.000000 0.000000 0.200000 0.556178 0.000000 -1.334827 -0.688332 -5.884221 0.015399 0.089047 -0.008192
30.793663 2.000000 -0.298419 0.586472 0.008856 0.055331 0.925626 -1.502307 -0.011517 -0.307072 -0.566890 0.001953 0.056062 -0.921323 -1.504008 0.020649 0.048579 0.026999 -0.034431 0.091949 0.168218 0.009049 5.895085 5.895085 1.334048 1.334048 8.000000 0.000000 0.200000 0.555853 0.000000 -1.334048 -0.694117 -5.895085 0.015330 0.089251 -0.007762
30.823619 2.000000 -0.298419 0.586484 0.008856 0.055331 0.925638 -1.502307 -0.011529 -0.307072 -0.566890 0.001977 0.056074 -0.921311 -1.504008 0.020649 -0.007827 0.074525 0.050162 0.104484 0.198613 -0.072210 5.885075 5.885075 1.344470 1.344470 8.000000 0.000000 0.200000 0.560196 0.000000 -1.344470 -0.695406 -5.885075 0.015339 0.089335 -0.007649
30.844002 2.000000 -0.298419 0.586496 0.008856 0.055331 0.925638 -1.502307 -0.011517 -0.307060 -0.566890 0.001953 0.056050 -0.921311 -1.504020 0.020649 -0.020226 0.072105 -0.011380 0.017648 0.099607 -0.100853 5.887516 5.887516 1.332751 1.332751 8.000000 0.000000 0.200000 0.555313 0.000000 -1.332751 -0.700190 -5.887516 0.015218 0.088915 -0.007689
30.862634 2.000000 -0.298419 0.586472 0.008856 0.055331 0.925626 -1.502307 -0.011505 -0.307060 -0.566902 0.001977 0.056074 -0.921323 -1.504008 0.020637 -0.013854 -0.015724 0.045278 -0.064302 0.103556 0.081320 5.868474 5.868474 1.342563 1.342563 8.000000 0.000000 0.200000 0.559401 0.000000 -1.342563 -0.687641 -5.868474 0.015468 0.089459 -0.007655
30.884293 2.000000 -0.298419 0.586484 0.008856 0.055331 0.925626 -1.502319 -0.011517 -0.307072 -0.566890 0.001977 0.056050 -0.921311 -1.504020 0.020649 -0.019817 -0.007122 0.005790 -0.095621 0.095928 -0.061841 5.892277 5.892277 1.332278 1.332278 8.000000 0.000000 0.200000 0.555116 0.000000 -1.332278 -0.711956 -5.892277 0.015009 0.089051 -0.007406
30.903816 2.000000 -0.298419 0.586472 0.008856 0.055331 0.925626 -1.502307 -0.011517 -0.307060 -0.566902 0.001977 0.056050 -0.921323 -1.504008 0.020649 0.007744 -0.358482 -0.095394 0.042037 0.175837 -0.003352 5.884465 5.884465 1.335696 1.335696 8.000000 0.000000 0.200000 0.556540 0.000000 -1.335696 -0.691805 -5.884465 0.015192 0.089180 -0.007192
30.924192 2.000000 -0.298431 0.586472 0.008856 0.055331 0.925626 -1.502307 -0.011517 -0.307072 -0.566902 0.001977 0.056074 -0.921323 -1.504008 0.020637 0.015434 -0.052058 0.037518 0.225151 0.203668 0.034317 5.891911 5.891911 1.324252 1.324252 8.000000 0.000000 0.200000 0.551772 0.000000 -1.324252 -0.686383 -5.891911 0.015290 0.088978 -0.007022
30.952625 2.000000 -0.298419 0.586484 0.008856 0.055331 0.925638 -1.502307 -0.011517 -0.307072 -0.566902 0.001977 0.056062 -0.921323 -1.504020 0.020649 0.045608 -0.007415 -0.024888 -0.090709 0.192280 -0.029943 5.886174 5.886174 1.338794 1.338794 8.000000 0.000000 0.200000 0.557831 0.000000 -1.338794 -0.693301 -5.886174 0.015490 0.089595 -0.008273
30.974887 2.000000 -0.298419 0.586472 0.008856 0.055331 0.925626 -1.502307 -0.011517 -0.307060 -0.566890 0.001953 0.056038 -0.921323 -1.504008 0.020649 -0.017809 -0.038477 -0.001340 -0.076110 0.233692 0.015882 5.887394 5.887394 1.340869 1.340869 8.000000 0.000000 0.200000 0.558695 0.000000 -1.340869 -0.692862 -5.887394 0.015791 0.089264 -0.007846
31.000121 2.000000 -0.298419 0.586472 0.008844 0.055331 0.925638 -1.502307 -0.011505 -0.307060 -0.566902 0.001953 0.056074 -0.921311 -1.504020 0.020649 -0.012476 -0.045149 -0.032834 -0.070196 0.149707 -0.124443 5.884831 5.884831 1.339664 1.339664 8.000000 0.000000 0.200000 0.558193 0.000000 -1.339664 -0.694397 -5.884831 0.015344 0.089360 -0.007610
31.019286 2.000000 -0.298419 0.586484 0.008868 0.055331 0.925638 -1.502307 -0.011517 -0.307060 -0.566902 0.001953 0.056050 -0.921323 -1.504008 0.020661 0.008133 -0.033164 -0.053237 -0.079153 0.150666 -0.120285 5.877995 5.877995 1.350146 1.350146 8.000000 0.000000 0.200000 0.562561 0.000000 -1.350146 -0.712502 -5.877995 0.015079 0.089197 -0.008306
31.036218 2.000000 -0.298419 0.586484 0.008868 0.055331 0.925626 -1.502307 -0.011517 -0.307060 -0.566902 0.001953 0.056050 -0.921311 -1.504008 0.020649 -0.016888 -0.071093 -0.120211 0.031500 0.076120 0.035276 5.894352 5.894352 1.339740 1.339740 8.000000 0.000000 0.200000 0.558225 0.000000 -1.339740 -0.711378 -5.894352 0.014819 0.089378 -0.007340
31.066068 2.000000 -0.298419 0.586484 0.008868 0.055331 0.925650 -1.502307 -0.011517 -0.307060 -0.566878 0.001953 0.056074 -0.921299 -1.504020 0.020637 -0.006794 -0.232789 -0.147481 0.007497 0.027751 -0.031835 5.877995 5.877995 1.345523 1.345523 8.000000 0.000000 0.200000 0.560635 0.000000 -1.345523 -0.688462 -5.877995 0.015407 0.089185 -0.007597
31.088929 2.000000 -0.298431 0.586472 0.008856 0.055331 0.925626 -1.502319 -0.011505 -0.307060 -0.566902 0.001953 0.056074 -0.921311 -1.504008 0.020661 0.079770 -0.336824 -0.005517 0.102030 0.059900 -0.096901 5.950505 5.950505 1.017322 1.017322 8.000000 0.000000 0.200000 0.423884 0.000000 -1.017322 -0.374356 -5.950505 0.024223 0.095555 0.017794
31.114606 2.000000 -0.298419 0.586484 0.008868 0.055331 0.925626 -1.502307 -0.011517 -0.307072 -0.566926 0.001977 0.056062 -0.921323 -1.504008 0.020625 0.003443 -0.213709 -0.146766 -0.051608 0.120585 0.067941 6.815617 6.815617 1.937488 1.937488 8.000000 0.000000 0.200000 0.807287 0.000000 -1.937488 -0.743336 -6.815617 0.018481 0.117996 0.010123
31.146084 2.000000 -0.298419 0.586484 0.008868 0.055331 0.925638 -1.502307 -0.011517 -0.307072 -0.566902 0.001977 0.056062 -0.921323 -1.504020 0.020637 0.038175 0.025454 -0.035858 0.010835 -0.000755 0.042596 4.447087 4.447087 3.284244 3.284244 8.000000 0.000877 0.200000 1.368435 0.000000 -3.284244 -1.472060 -4.447087 -0.084617 -0.017561 -0.046030
31.186556 2.000000 -0.298419 0.586460 0.008868 0.055331 0.925626 -1.502307 -0.011529 -0.307060 -0.566890 0.001977 0.056074 -0.921323 -1.504008 0.020661 -0.054202 -0.096873 -0.008482 -0.016772 0.035159 -0.228382 6.254948 6.254948 2.941836 2.941836 8.000000 0.002895 0.200000 1.225765 0.000000 -2.941836 -1.891020 -6.254948 -0.053448 0.016037 -0.052752
31.219653 2.000000 -0.298419 0.586472 0.008856 0.055331 0.925638 -1.502307 -0.011517 -0.307072 -0.566890 0.001953 0.056050 -0.921311 -1.504020 0.020649 -0.022318 0.060788 0.017411 0.248325 0.338430 0.134891 6.873478 6.873478 3.106204 3.106204 8.000000 0.005311 0.200000 1.294252 0.000000 -3.106204 -2.166237 -6.873478 -0.038932 0.016044 -0.063261
31.251615 2.000000 -0.298419 0.586472 0.008856 0.055331 0.925626 -1.502319 -0.011517 -0.307072 -0.566890 0.001953 0.056050 -0.921323 -1.504008 0.020661 -0.091174 0.029166 0.077608 0.086914 0.193477 -0.130705 6.314518 6.314518 2.165561 2.165561 8.000000 0.007409 0.200000 0.902317 0.000000 -2.165561 -1.640417 -6.314518 -0.035114 0.014001 -0.021024
31.284596 2.000000 -0.298407 0.586484 0.008844 0.055343 0.925626 -1.502307 -0.011517 -0.307072 -0.566890 0.001977 0.056062 -0.921323 -1.503996 0.020673 0.049526 0.069055 -0.043168 0.110706 0.231562 -0.039295 5.907536 5.907536 1.812594 1.812594 8.000000 0.008935 0.200000 0.755248 0.000000 -1.812594 -1.242150 -5.907536 -0.022780 0.018403 -0.017055
31.307940 2.000000 -0.298419 0.586448 0.008880 0.055331 0.925638 -1.502319 -0.011517 -0.307060 -0.566890 0.001953 0.056062 -0.921311 -1.504008 0.020649 0.098975 -0.032993 -0.069823 0.077552 0.241254 -0.060292 6.010930 6.010930 1.754993 1.754993 8.000000 0.009664 0.200000 0.731247 0.000000 -1.754993 -1.199250 -6.010930 -0.024391 0.017443 -0.014136
31.334948 2.000000 -0.298419 0.586460 0.008880 0.055331 0.925638 -1.502307 -0.011529 -0.307060 -0.566890 0.001953 0.056074 -0.921299 -1.504032 0.020649 0.064663 -0.221339 -0.120037 -0.059373 0.241776 0.113471 6.010075 6.010075 1.847079 1.847079 8.000000 0.010103 0.200000 0.769616 0.000000 -1.847079 -1.263317 -6.010075 -0.026276 0.017896 -0.025193
31.354789 2.000000 -0.298419 0.586484 0.008856 0.055307 0.925638 -1.502307 -0.011529 -0.307060 -0.566902 0.001953 0.056062 -0.921323 -1.504020 0.020649 0.045729 -0.229924 -0.165897 -0.053784 0.094458 0.029041 5.957585 5.957585 1.840213 1.840213 8.000000 0.010199 0.200000 0.766755 0.000000 -1.840213 -1.240792 -5.957585 -0.026825 0.017538 -0.025074
31.380550 2.000000 -0.298395 0.586448 0.008629 0.055355 0.926417 -1.502558 -0.011661 -0.306509 -0.567381 0.002037 0.056601 -0.922570 -1.504008 0.020493 0.027159 -0.213913 -0.329510 -0.374925 0.118005 -0.606750 5.885685 5.885685 1.846377 1.846377 8.000000 0.010199 0.200000 0.769324 0.000000 -1.846377 -1.287438 -5.885685 -0.029893 0.015864 -0.029605
31.409743 2.000000 -0.298227 0.586640 0.008629 0.055739 0.927998 -1.502990 -0.011685 -0.305849 -0.566494 0.000863 0.057273 -0.922546 -1.503697 0.020505 0.321616 0.488122 -0.983477 0.336820 -0.345738 -0.980744 5.835515 5.835515 1.827151 1.827151 8.000000 0.010199 0.200000 0.761313 0.000000 -1.827151 -1.245648 -5.835515 -0.029359 0.015963 -0.027043
31.449684 2.000000 -0.297952 0.587011 0.008473 0.056050 0.928334 -1.503241 -0.011577 -0.305058 -0.565691 0.000563 0.057548 -0.922594 -1.503349 0.020553 0.018368 -0.105214 -0.488439 -0.121341 0.210728 -0.670989 5.869572 5.869572 1.861133 1.861133 8.000000 0.010199 0.200000 0.775472 0.000000 -1.861133 -1.266800 -5.869572 -0.029425 0.015686 -0.029960
31.474393 2.000000 -0.297868 0.583572 0.008497 0.056062 0.927315 -1.507759 -0.011457 -0.302026 -0.565931 0.001366 0.057608 -0.923253 -1.503816 0.020589 -0.139610 -0.258118 -0.194396 -0.246617 -0.255543 -0.717909 5.846745 5.846745 1.868869 1.868869 8.000000 0.010199 0.200000 0.778695 0.000000 -1.868869 -1.280220 -5.846745 -0.028784 0.016014 -0.032312
31.504356 2.000000 -0.297820 0.583548 0.008449 0.056062 0.927363 -1.508143 -0.011445 -0.301835 -0.565919 0.001366 0.057620 -0.923253 -1.503816 0.020577 -0.510176 -0.565550 -0.465176 -0.179903 -0.279979 -0.739562 5.863102 5.863102 1.866916 1.866916 8.000000 0.010199 0.200000 0.777882 0.000000 -1.866916 -1.289271 -5.863102 -0.028648 0.015627 -0.034110
31.549239 2.000000 -0.297748 0.583536 0.008269 0.056062 0.927387 -1.508502 -0.011433 -0.301787 -0.565871 0.001306 0.057608 -0.923229 -1.503840 0.020589 -0.657227 -0.596043 -0.402072 -0.322636 -0.305017 -0.887180 5.878117 5.878117 1.874026 1.874026 8.000000 0.010199 0.200000 0.780844 0.000000 -1.874026 -1.289305 -5.878117 -0.027712 0.015603 -0.033669
31.589818 2.000000 -0.297772 0.582409 0.008748 0.056002 0.927064 -1.508287 -0.011409 -0.302182 -0.565859 -0.000455 0.057596 -0.922486 -1.503757 0.020589 -0.427278 -0.926669 -0.504405 -0.231129 -0.674758 -0.836790 5.892521 5.892521 1.875827 1.875827 8.000000 0.010199 0.200000 0.781595 0.000000 -1.875827 -1.280789 -5.892521 -0.027385 0.016255 -0.032304
31.628352 2.000000 -0.297784 0.582182 0.008784 0.056002 0.927064 -1.508263 -0.011409 -0.302194 -0.565859 -0.000527 0.057596 -0.922462 -1.503733 0.020577 -0.410982 -0.636362 -0.306442 -0.226096 -0.548118 -0.985342 5.846501 5.846501 1.884128 1.884128 8.000000 0.010199 0.200000 0.785053 0.000000 -1.884128 -1.279499 -5.846501 -0.027605 0.015623 -0.033598
31.669533 2.000000 -0.297784 0.582026 0.008832 0.056002 0.927040 -1.508275 -0.011409 -0.302206 -0.565859 -0.000575 0.057584 -0.922438 -1.503721 0.020589 -0.416788 -1.115068 -0.479054 -0.203024 -0.663932 -0.862515 5.845280 5.845280 1.886264 1.886264 8.000000 0.010199 0.200000 0.785943 0.000000 -1.886264 -1.277617 -5.845280 -0.028025 0.015231 -0.034231
31.699775 2.000000 -0.297784 0.581870 0.008856 0.056002 0.927016 -1.508239 -0.011409 -0.302302 -0.565823 -0.000671 0.057596 -0.922390 -1.503697 0.020589 -0.393795 -0.901601 -0.514833 -0.298711 -0.818265 -0.676586 5.838078 5.838078 1.875018 1.875018 8.000000 0.010199 0.200000 0.781258 0.000000 -1.875018 -1.293377 -5.838078 -0.027593 0.015193 -0.034422
31.746582 2.000000 -0.297784 0.581870 0.008868 0.056026 0.927028 -1.508263 -0.011409 -0.302314 -0.565799 -0.000671 0.057584 -0.922366 -1.503709 0.020613 -0.337471 -0.853719 -0.347038 -0.293051 -0.795385 -0.904124 5.870305 5.870305 1.898364 1.898364 8.000000 0.010199 0.200000 0.790985 0.000000 -1.898364 -1.275357 -5.870305 -0.026311 0.016362 -0.035086
31.785857 2.000000 -0.297784 0.581834 0.008904 0.056014 0.926992 -1.508263 -0.011409 -0.302362 -0.565715 -0.000647 0.057584 -0.922330 -1.503697 0.020601 -0.544732 -0.963453 -0.490519 -0.242184 -0.856087 -0.829123 5.909855 5.909855 1.890567 1.890567 8.000000 0.010199 0.200000 0.787736 0.000000 -1.890567 -1.263438 -5.909855 -0.025366 0.016506 -0.032230
31.810120 2.000000 -0.297796 0.581858 0.008916 0.056002 0.926980 -1.508263 -0.011397 -0.302350 -0.565715 -0.000647 0.057596 -0.922342 -1.503697 0.020601 -0.448222 -0.870000 -0.397086 -0.384284 -0.769579 -0.843942 5.889225 5.889225 1.879626 1.879626 8.000000 0.010199 0.200000 0.783178 0.000000 -1.879626 -1.271368 -5.889225 -0.026125 0.016390 -0.033186
31.834339 2.000000 -0.297784 0.581858 0.008952 0.056014 0.926980 -1.508263 -0.011397 -0.302362 -0.565703 -0.000671 0.057584 -0.922342 -1.503721 0.020577 -0.404988 -1.010619 -0.465063 -0.241874 -0.723348 -0.705392 5.897526 5.897526 1.878909 1.878909 8.000000 0.010199 0.200000 0.782879 0.000000 -1.878909 -1.277001 -5.897526 -0.026204 0.016206 -0.033647
31.860398 2.000000 -0.297784 0.581858 0.008940 0.056002 0.926968 -1.508263 -0.011397 -0.302338 -0.565715 -0.000671 0.057608 -0.922342 -1.503697 0.020589 -0.390854 -0.895231 -0.491968 -0.221001 -0.774715 -0.835348 5.883610 5.883610 1.869266 1.869266 8.000000 0.010199 0.200000 0.778861 0.000000 -1.869266 -1.262677 -5.883610 -0.026252 0.016275 -0.032030
31.895955 2.000000 -0.297784 0.581870 0.008964 0.056002 0.926944 -1.508275 -0.011409 -0.302362 -0.565703 -0.000647 0.057596 -0.922342 -1.503685 0.020589 -0.360992 -0.869787 -0.394508 -0.340468 -0.656603 -0.735970 5.849675 5.849675 1.883853 1.883853 8.000000 0.010199 0.200000 0.784939 0.000000 -1.883853 -1.272909 -5.849675 -0.026869 0.016080 -0.033877
31.936533 2.000000 -0.297784 0.581846 0.008976 0.056002 0.926944 -1.508263 -0.011397 -0.302338 -0.565703 -0.000671 0.057608 -0.922318 -1.503697 0.020577 -0.385353 -1.136497 -0.476306 -0.373691 -0.875293 -0.830021 5.858342 5.858342 1.877765 1.877765 8.000000 0.010199 0.200000 0.782402 0.000000 -1.877765 -1.272593 -5.858342 -0.026912 0.016454 -0.032835
31.978160 2.000000 -0.297784 0.581846 0.009012 0.056014 0.926920 -1.508251 -0.011397 -0.302350 -0.565679 -0.000671 0.057608 -0.922330 -1.503661 0.020577 -0.351294 -0.953160 -0.455705 -0.211854 -0.773840 -0.845071 5.871037 5.871037 1.893954 1.893954 8.000000 0.010199 0.200000 0.789148 0.000000 -1.893954 -1.295304 -5.871037 -0.026611 0.015682 -0.034700
32.015366 2.000000 -0.297784 0.581858 0.009012 0.056026 0.926920 -1.508263 -0.011397 -0.302350 -0.565691 -0.000671 0.057596 -0.922330 -1.503673 0.020589 -0.532687 -0.864731 -0.290244 -0.227607 -0.822326 -0.781871 5.852726 5.852726 1.872165 1.872165 8.000000 0.010199 0.200000 0.780069 0.000000 -1.872165 -1.260203 -5.852726 -0.026104 0.016321 -0.033215
32.041876 2.000000 -0.297796 0.581834 0.009024 0.056002 0.926920 -1.508263 -0.011397 -0.302374 -0.565703 -0.000671 0.057584 -0.922330 -1.503673 0.020589 -0.488266 -0.931225 -0.345618 -0.284173 -0.582814 -0.756600 5.867863 5.867863 1.909671 1.909671 8.000000 0.010199 0.200000 0.795696 0.000000 -1.909671 -1.289917 -5.867863 -0.026266 0.015791 -0.036380
32.079885 2.000000 -0.297784 0.581786 0.009036 0.056026 0.926932 -1.508251 -0.011397 -0.302350 -0.565703 -0.000671 0.057596 -0.922318 -1.503685 0.020589 -0.462340 -0.901907 -0.515708 -0.170610 -0.651145 -0.818793 5.844670 5.844670 1.884555 1.884555 8.000000 0.010199 0.200000 0.785231 0.000000 -1.884555 -1.290518 -5.844670 -0.026485 0.016060 -0.035766
32.112160 2.000000 -0.297784 0.581798 0.009036 0.056002 0.926932 -1.508263 -0.011409 -0.302350 -0.565703 -0.000671 0.057584 -0.922306 -1.503661 0.020589 -0.456979 -1.213043 -0.323300 -0.181084 -0.702181 -0.824758 5.856633 5.856633 1.868014 1.868014 8.000000 0.010199 0.200000 0.778339 0.000000 -1.868014 -1.296826 -5.856633 -0.026773 0.015706 -0.035079
32.141592 2.000000 -0.297784 0.581738 0.009060 0.056002 0.926932 -1.508239 -0.011397 -0.302386 -0.565703 -0.000671 0.057584 -0.922318 -1.503661 0.020589 -0.347960 -1.026680 -0.335992 -0.492938 -0.789328 -0.745328 5.838078 5.838078 1.903415 1.903415 8.000000 0.010199 0.200000 0.793089 0.000000 -1.903415 -1.292477 -5.838078 -0.026632 0.016164 -0.034853
32.162993 2.000000 -0.297796 0.581738 0.009060 0.056026 0.926932 -1.508251 -0.011397 -0.302374 -0.565691 -0.000671 0.057596 -0.922306 -1.503661 0.020601 -0.429077 -1.127335 -0.463285 -0.420329 -0.905802 -0.843001 5.831242 5.831242 1.892306 1.892306 8.000000 0.010199 0.200000 0.788461 0.000000 -1.892306 -1.285149 -5.831242 -0.026950 0.015340 -0.035525
32.188439 2.000000 -0.297796 0.581738 0.009060 0.056014 0.926932 -1.508251 -0.011409 -0.302374 -0.565703 -0.000671 0.057596 -0.922294 -1.503661 0.020589 -0.371110 -1.016351 -0.408157 -0.301190 -0.814138 -0.857719 5.827580 5.827580 1.878802 1.878802 8.000000 0.010199 0.200000 0.782834 0.000000 -1.878802 -1.280606 -5.827580 -0.026293 0.015387 -0.035960
32.225826 2.000000 -0.297784 0.581690 0.009072 0.056002 0.926908 -1.508239 -0.011397 -0.302398 -0.565691 -0.000671 0.057596 -0.922306 -1.503673 0.020589 -0.382455 -0.749662 -0.381815 -0.293671 -0.603819 -0.906473 5.835637 5.835637 1.878131 1.878131 8.000000 0.010199 0.200000 0.782555 0.000000 -1.878131 -1.293642 -5.835637 -0.026312 0.016001 -0.035194
32.255144 2.000000 -0.297796 0.581714 0.009060 0.056002 0.926920 -1.508227 -0.011409 -0.302386 -0.565703 -0.000671 0.057596 -0.922306 -1.503673 0.020589 -0.290354 -0.960867 -0.431579 -0.229723 -0.856085 -0.831375 5.861149 5.861149 1.910266 1.910266 8.000000 0.010199 0.200000 0.795944 0.000000 -1.910266 -1.323393 -5.861149 -0.025883 0.015939 -0.037330
32.289590 2.000000 -0.297784 0.581702 0.009060 0.056002 0.926908 -1.508227 -0.011373 -0.302386 -0.565715 -0.000647 0.057608 -0.922306 -1.503661 0.020589 -0.476062 -0.814969 -0.416954 -0.195020 -0.814263 -0.819991 5.857243 5.857243 1.884234 1.884234 8.000000 0.010199 0.200000 0.785098 0.000000 -1.884234 -1.304873 -5.857243 -0.026053 0.016268 -0.035275
32.324017 2.000000 -0.297784 0.581690 0.009084 0.056002 0.926908 -1.508239 -0.011409 -0.302386 -0.565691 -0.000671 0.057572 -0.922306 -1.503661 0.020601 -0.335123 -0.999693 -0.472396 -0.199320 -0.621604 -0.899959 5.842961 5.842961 1.886874 1.886874 8.000000 0.010199 0.200000 0.786198 0.000000 -1.886874 -1.285113 -5.842961 -0.025780 0.016322 -0.034786
32.367408 2.000000 -0.297784 0.581690 0.009072 0.056014 0.926920 -1.508227 -0.011397 -0.302374 -0.565703 -0.000671 0.057596 -0.922306 -1.503673 0.020601 -0.478302 -0.843196 -0.556626 -0.093624 -0.749881 -0.774239 5.856511 5.856511 1.867663 1.867663 8.000000 0.010199 0.200000 0.778193 0.000000 -1.867663 -1.312861 -5.856511 -0.026171 0.015523 -0.035379
32.399005 2.000000 -0.297796 0.581702 0.009096 0.056002 0.926908 -1.508239 -0.011409 -0.302398 -0.565703 -0.000671 0.057608 -0.922306 -1.503673 0.020589 -0.488578 -0.899200 -0.535837 -0.330468 -0.727922 -0.732684 5.853703 5.853703 1.869922 1.869922 8.000000 0.010199 0.200000 0.779134 0.000000 -1.869922 -1.299753 -5.853703 -0.026085 0.015864 -0.035034
32.444338 2.000000 -0.297784 0.581702 0.009084 0.056002 0.926920 -1.508227 -0.011397 -0.302374 -0.565703 -0.000671 0.057584 -0.922294 -1.503661 0.020601 -0.307822 -1.222124 -0.559746 -0.451024 -0.812798 -0.768745 5.842961 5.842961 1.877780 1.877780 8.000000 0.010199 0.200000 0.782408 0.000000 -1.877780 -1.308092 -5.842961 -0.026238 0.015973 -0.034432
32.499978 2.000000 -0.297784 0.581702 0.009072 0.056002 0.926908 -1.508227 -0.011421 -0.302386 -0.565691 -0.000671 0.057596 -0.922282 -1.503685 0.020601 -0.329648 -0.972624 -0.479484 -0.431034 -0.628627 -0.643515 5.858952 5.858952 1.879489 1.879489 8.000000 0.010199 0.200000 0.783120 0.000000 -1.879489 -1.297396 -5.858952 -0.025702 0.016276 -0.034822
32.535366 2.000000 -0.297784 0.581702 0.009096 0.056002 0.926908 -1.508227 -0.011397 -0.302386 -0.565691 -0.000671 0.057596 -0.922306 -1.503661 0.020577 -0.371284 -0.973015 -0.461239 -0.312815 -0.852925 -0.812129 5.833195 5.833195 1.869830 1.869830 8.000000 0.010199 0.200000 0.779096 0.000000 -1.869830 -1.291233 -5.833195 -0.026012 0.016150 -0.033678
32.592832 2.000000 -0.297796 0.581690 0.009084 0.056014 0.926908 -1.508227 -0.011397 -0.302386 -0.565703 -0.000647 0.057596 -0.922294 -1.503661 0.020589 -0.291099 -1.004000 -0.408578 -0.196091 -0.609622 -0.873548 5.831852 5.831852 1.874255 1.874255 8.000000 0.010199 0.200000 0.780940 0.000000 -1.874255 -1.300902 -5.831852 -0.026678 0.015482 -0.035169
32.647256 2.000000 -0.297784 0.581690 0.009096 0.056014 0.926908 -1.508251 -0.011409 -0.302386 -0.565715 -0.000671 0.057572 -0.922306 -1.503673 0.020601 -0.380459 -1.086398 -0.502936 -0.002941 -0.521252 -0.785497 5.835637 5.835637 1.883563 1.883563 8.000000 0.010199 0.200000 0.784818 0.000000 -1.883563 -1.297104 -5.835637 -0.026185 0.016106 -0.035532
32.682910 2.000000 -0.297784 0.581702 0.009084 0.056002 0.926908 -1.508251 -0.011409 -0.302386 -0.565691 -0.000671 0.057608 -0.922306 -1.503673 0.020589 -0.512494 -0.941730 -0.348542 -0.179516 -0.613813 -0.673151 5.851384 5.851384 1.877399 1.877399 8.000000 0.010199 0.200000 0.782249 0.000000 -1.877399 -1.295212 -5.851384 -0.025855 0.016360 -0.033647
32.720837 2.000000 -0.297796 0.581690 0.009096 0.056014 0.926908 -1.508239 -0.011409 -0.302386 -0.565691 -0.000671 0.057584 -0.922306 -1.503661 0.020577 -0.435632 -0.824459 -0.357424 -0.139073 -0.745765 -0.710061 5.827946 5.827946 1.867358 1.867358 8.000000 0.010199 0.200000 0.778066 0.000000 -1.867358 -1.296776 -5.827946 -0.026183 0.015794 -0.035251
32.755890 2.000000 -0.297796 0.581666 0.009096 0.056002 0.926908 -1.508239 -0.011397 -0.302386 -0.565691 -0.000671 0.057572 -0.922282 -1.503661 0.020589 -0.250986 -0.945073 -0.331368 -0.206713 -0.610245 -0.852790 5.826848 5.826848 1.858661 1.858661 8.000000 0.010199 0.200000 0.774442 0.000000 -1.858661 -1.296269 -5.826848 -0.025795 0.015898 -0.033947
32.790103 2.000000 -0.297784 0.581642 0.009084 0.056002 0.926884 -1.508251 -0.011397 -0.302374 -0.565691 -0.000671 0.057584 -0.922306 -1.503673 0.020589 -0.577414 -0.818839 -0.546796 -0.403530 -0.748829 -0.776777 5.833073 5.833073 1.890155 1.890155 8.000000 0.010199 0.200000 0.787565 0.000000 -1.890155 -1.299605 -5.833073 -0.025335 0.016291 -0.034937
32.824525 2.000000 -0.297784 0.581654 0.009096 0.056002 0.926908 -1.508251 -0.011385 -0.302386 -0.565691 -0.000671 0.057596 -0.922306 -1.503661 0.020601 -0.374732 -0.907268 -0.359165 -0.201439 -0.751735 -0.883886 5.839177 5.839177 1.884296 1.884296 8.000000 0.010199 0.200000 0.785123 0.000000 -1.884296 -1.315232 -5.839177 -0.025822 0.016162 -0.036716
32.857312 2.000000 -0.297784 0.581654 0.009072 0.056002 0.926884 -1.508239 -0.011397 -0.302386 -0.565691 -0.000671 0.057584 -0.922282 -1.503661 0.020589 -0.355886 -0.879801 -0.424376 -0.136357 -0.644915 -0.784732 5.851994 5.851994 1.879916 1.879916 8.000000 0.010199 0.200000 0.783298 0.000000 -1.879916 -1.295904 -5.851994 -0.025300 0.016197 -0.034487
32.894646 2.000000 -0.297772 0.581630 0.009072 0.056002 0.926884 -1.508239 -0.011409 -0.302386 -0.565691 -0.000671 0.057584 -0.922282 -1.503661 0.020589 -0.305823 -0.914540 -0.401381 -0.307092 -0.541076 -0.741155 5.843449 5.843449 1.875415 1.875415 8.000000 0.010199 0.200000 0.781423 0.000000 -1.875415 -1.310934 -5.843449 -0.025817 0.016028 -0.034546
32.927830 2.000000 -0.297772 0.581630 0.009084 0.056002 0.926896 -1.508239 -0.011385 -0.302398 -0.565691 -0.000671 0.057596 -0.922282 -1.503661 0.020601 -0.452476 -0.978670 -0.407959 -0.241864 -0.636917 -0.883368 5.829533 5.829533 1.875323 1.875323 8.000000 0.010199 0.200000 0.781385 0.000000 -1.875323 -1.304999 -5.829533 -0.025592 0.016054 -0.034778
32.952420 2.000000 -0.297784 0.581630 0.009084 0.056014 0.926908 -1.508239 -0.011397 -0.302386 -0.565691 -0.000671 0.057596 -0.922282 -1.503661 0.020589 -0.392663 -0.902114 -0.394192 -0.224506 -0.629465 -0.867372 5.842595 5.842595 1.867282 1.867282 8.000000 0.010199 0.200000 0.778034 0.000000 -1.867282 -1.300289 -5.842595 -0.025440 0.016203 -0.034154
32.979781 2.000000 -0.297784 0.581594 0.009084 0.056002 0.926896 -1.508227 -0.011385 -0.302386 -0.565703 -0.000671 0.057596 -0.922282 -1.503661 0.020613 -0.316258 -0.881640 -0.411178 -0.384250 -0.610962 -0.824404 5.845402 5.845402 1.868243 1.868243 8.000000 0.010199 0.200000 0.778435 0.000000 -1.868243 -1.321480 -5.845402 -0.025836 0.015687 -0.034791
33.011481 2.000000 -0.297796 0.581606 0.009096 0.056002 0.926896 -1.508239 -0.011409 -0.302398 -0.565691 -0.000671 0.057608 -0.922282 -1.503661 0.020589 -0.458387 -0.858837 -0.497957 -0.176327 -0.621178 -0.809057 5.833683 5.833683 1.871478 1.871478 8.000000 0.010199 0.200000 0.779783 0.000000 -1.871478 -1.306521 -5.833683 -0.025385 0.016292 -0.035367
33.039129 2.000000 -0.297784 0.581606 0.009072 0.056026 0.926884 -1.508251 -0.011397 -0.302386 -0.565691 -0.000671 0.057596 -0.922270 -1.503661 0.020601 -0.353068 -0.911986 -0.439239 -0.119402 -0.655425 -0.771996 5.837224 5.837224 1.872241 1.872241 8.000000 0.010199 0.200000 0.780100 0.000000 -1.872241 -1.315411 -5.837224 -0.026224 0.016014 -0.034743
33.069611 2.000000 -0.297796 0.581606 0.009072 0.056002 0.926884 -1.508239 -0.011409 -0.302398 -0.565691 -0.000671 0.057596 -0.922306 -1.503661 0.020589 -0.374782 -0.866026 -0.444861 -0.139784 -0.734694 -0.771135 5.797551 5.797551 1.876712 1.876712 8.000000 0.010199 0.200000 0.781963 0.000000 -1.876712 -1.301216 -5.797551 -0.025199 0.015968 -0.035567
33.099077 2.000000 -0.297784 0.581606 0.009108 0.056002 0.926884 -1.508227 -0.011373 -0.302386 -0.565691 -0.000671 0.057584 -0.922282 -1.503649 0.020589 -0.403989 -0.858639 -0.382492 -0.195259 -0.602883 -0.815207 5.834660 5.834660 1.874209 1.874209 8.000000 0.010199 0.200000 0.780921 0.000000 -1.874209 -1.313725 -5.834660 -0.025514 0.015817 -0.036157
33.137850 2.000000 -0.297796 0.581582 0.009084 0.056014 0.926896 -1.508239 -0.011397 -0.302374 -0.565691 -0.000671 0.057596 -0.922282 -1.503661 0.020589 -0.321054 -0.866585 -0.432175 -0.452996 -0.761074 -0.788366 5.822087 5.822087 1.860324 1.860324 8.000000 0.010199 0.200000 0.775135 0.000000 -1.860324 -1.303484 -5.822087 -0.025772 0.016002 -0.034863
33.170539 2.000000 -0.297808 0.581582 0.009060 0.056014 0.926896 -1.508227 -0.011409 -0.302386 -0.565691 -0.000671 0.057596 -0.922282 -1.503661 0.020589 -0.372249 -0.732548 -0.397925 -0.246495 -0.614058 -0.842395 5.823185 5.823185 1.865314 1.865314 8.000000 0.010199 0.200000 0.777214 0.000000 -1.865314 -1.318302 -5.823185 -0.025935 0.015884 -0.035017
33.207206 2.000000 -0.297784 0.581594 0.009084 0.056002 0.926884 -1.508227 -0.011397 -0.302386 -0.565679 -0.000671 0.057608 -0.922282 -1.503661 0.020589 -0.312337 -0.880281 -0.372962 -0.263343 -0.684313 -0.703392 5.841130 5.841130 1.869021 1.869021 8.000000 0.010199 0.200000 0.778759 0.000000 -1.869021 -1.312168 -5.841130 -0.025247 0.016095 -0.036422
33.253620 2.000000 -0.297784 0.581582 0.009084 0.056002 0.926896 -1.508239 -0.011397 -0.302386 -0.565691 -0.000683 0.057608 -0.922294 -1.503661 0.020589 -0.442904 -1.008776 -0.508346 -0.243051 -0.867253 -0.765527 5.832219 5.832219 1.854816 1.854816 8.000000 0.010199 0.200000 0.772840 0.000000 -1.854816 -1.309248 -5.832219 -0.025250 0.016057 -0.034955
33.300382 2.000000 -0.297784 0.581594 0.009084 0.056002 0.926884 -1.508239 -0.011397 -0.302386 -0.565691 -0.000671 0.057596 -0.922282 -1.503661 0.020577 -0.390510 -1.035263 -0.591924 -0.416413 -0.561882 -0.768518 5.837590 5.837590 1.869708 1.869708 8.000000 0.010199 0.200000 0.779045 0.000000 -1.869708 -1.322996 -5.837590 -0.025441 0.016091 -0.035551
33.344924 2.000000 -0.297784 0.581571 0.009096 0.056014 0.926896 -1.508239 -0.011385 -0.302374 -0.565691 -0.000671 0.057596 -0.922282 -1.503661 0.020589 -0.311287 -0.987487 -0.455256 -0.218900 -0.577877 -0.881433 5.849186 5.849186 1.859439 1.859439 8.000000 0.010199 0.200000 0.774766 0.000000 -1.859439 -1.304615 -5.849186 -0.025013 0.016013 -0.034996
33.386029 2.000000 -0.297784 0.581571 0.009072 0.056014 0.926896 -1.508227 -0.011397 -0.302374 -0.565691 -0.000671 0.057608 -0.922294 -1.503661 0.020589 -0.414755 -0.878925 -0.431685 -0.199890 -0.836489 -0.864370 5.838688 5.838688 1.866260 1.866260 8.000000 0.010199 0.200000 0.777608 0.000000 -1.866260 -1.311953 -5.838688 -0.025426 0.016120 -0.035110
33.419676 2.000000 -0.297784 0.581571 0.009096 0.056014 0.926884 -1.508227 -0.011409 -0.302374 -0.565691 -0.000671 0.057584 -0.922270 -1.503661 0.020589 -0.289264 -0.958383 -0.404649 -0.091198 -0.707875 -0.832961 5.850651 5.850651 1.865329 1.865329 8.000000 0.010199 0.200000 0.777220 0.000000 -1.865329 -1.297209 -5.850651 -0.024225 0.016319 -0.033948
33.461745 2.000000 -0.297772 0.581559 0.009108 0.056002 0.926884 -1.508239 -0.011409 -0.302374 -0.565703 -0.000671 0.057620 -0.922258 -1.503661 0.020589 -0.317149 -1.032782 -0.422342 -0.433122 -0.871779 -0.675845 5.829777 5.829777 1.853244 1.853244 8.000000 0.010199 0.200000 0.772185 0.000000 -1.853244 -1.311198 -5.829777 -0.024768 0.016004 -0.034027
33.503022 2.000000 -0.297772 0.581559 0.009084 0.056002 0.926884 -1.508227 -0.011397 -0.302398 -0.565691 -0.000671 0.057596 -0.922282 -1.503661 0.020589 -0.334942 -0.933514 -0.442690 -0.298673 -0.635498 -0.848715 5.819035 5.819035 1.856540 1.856540 8.000000 0.010199 0.200000 0.773558 0.000000 -1.856540 -1.303564 -5.819035 -0.025590 0.015863 -0.035110
33.542619 2.000000 -0.297784 0.581546 0.009084 0.056002 0.926884 -1.508227 -0.011397 -0.302386 -0.565691 -0.000683 0.057596 -0.922282 -1.503661 0.020601 -0.414081 -0.860943 -0.343682 -0.233417 -0.882948 -0.884849 5.827336 5.827336 1.853229 1.853229 8.000000 0.010199 0.200000 0.772179 0.000000 -1.853229 -1.312552 -5.827336 -0.024844 0.015986 -0.035291
33.577445 2.000000 -0.297784 0.581535 0.009096 0.056014 0.926884 -1.508227 -0.011397 -0.302386 -0.565691 -0.000671 0.057596 -0.922282 -1.503661 0.020625 -0.322204 -0.980401 -0.473101 -0.369939 -0.594782 -0.701226 5.822331 5.822331 1.858081 1.858081 8.000000 0.010199 0.200000 0.774200 0.000000 -1.858081 -1.320542 -5.822331 -0.025674 0.016075 -0.034108
33.608458 2.000000 -0.297784 0.581559 0.009084 0.056002 0.926884 -1.508239 -0.011409 -0.302386 -0.565691 -0.000671 0.057584 -0.922270 -1.503661 0.020589 -0.471956 -0.969032 -0.562652 -0.258071 -0.649842 -0.883739 5.821354 5.821354 1.855365 1.855365 8.000000 0.010199 0.200000 0.773069 0.000000 -1.855365 -1.326020 -5.821354 -0.025123 0.015829 -0.035452
33.636248 2.000000 -0.297784 0.581559 0.009108 0.056002 0.926896 -1.508215 -0.011409 -0.302374 -0.565691 -0.000671 0.057596 -0.922282 -1.503661 0.020565 -0.257979 -1.184187 -0.668705 -0.295251 -0.820120 -0.896121 5.818913 5.818913 1.860553 1.860553 8.000000 0.010199 0.200000 0.775230 0.000000 -1.860553 -1.311928 -5.818913 -0.024947 0.015886 -0.035556
33.661859 2.000000 -0.297784 0.581511 0.009084 0.056002 0.926896 -1.508215 -0.011409 -0.302398 -0.565691 -0.000671 0.057584 -0.922270 -1.503661 0.020589 -0.256256 -1.231570 -0.559167 -0.217585 -0.789313 -0.803953 5.807927 5.807927 1.854175 1.854175 8.000000 0.010199 0.200000 0.772573 0.000000 -1.854175 -1.306109 -5.807927 -0.025107 0.016014 -0.034291
33.702542 2.000000 -0.297784 0.581523 0.009072 0.056026 0.926884 -1.508215 -0.011409 -0.302386 -0.565703 -0.000671 0.057608 -0.922294 -1.503661 0.020589 -0.365356 -0.844227 -0.532766 -0.201053 -0.662736 -0.910137 5.797307 5.797307 1.850253 1.850253 8.000000 0.010199 0.200000 0.770939 0.000000 -1.850253 -1.300057 -5.797307 -0.025354 0.016370 -0.033785
33.740718 2.000000 -0.297784 0.581535 0.009108 0.056002 0.926884 -1.508215 -0.011409 -0.302386 -0.565691 -0.000671 0.057596 -0.922270 -1.503661 0.020601 -0.409340 -1.111596 -0.465158 -0.254081 -0.836890 -0.847049 5.805119 5.805119 1.862720 1.862720 8.000000 0.010199 0.200000 0.776133 0.000000 -1.862720 -1.329422 -5.805119 -0.025616 0.015592 -0.035326
33.762920 2.000000 -0.297784 0.581535 0.009096 0.056002 0.926884 -1.508227 -0.011397 -0.302386 -0.565691 -0.000683 0.057584 -0.922246 -1.503661 0.020589 -0.307058 -0.902846 -0.457331 -0.192764 -0.701750 -0.834026 5.804631 5.804631 1.870395 1.870395 8.000000 0.010199 0.200000 0.779331 0.000000 -1.870395 -1.330220 -5.804631 -0.025451 0.015966 -0.035854
33.794744 2.000000 -0.297784 0.581511 0.009120 0.056002 0.926884 -1.508227 -0.011397 -0.302374 -0.565691 -0.000671 0.057584 -0.922282 -1.503649 0.020613 -0.303341 -1.103217 -0.424487 -0.252047 -0.687444 -0.997517 5.794621 5.794621 1.848804 1.848804 8.000000 0.010199 0.200000 0.770335 0.000000 -1.848804 -1.305762 -5.794621 -0.025308 0.015993 -0.035108
33.820639 2.000000 -0.297784 0.581511 0.009084 0.056002 0.926860 -1.508251 -0.011397 -0.302386 -0.565691 -0.000671 0.057572 -0.922270 -1.503649 0.020589 -0.354252 -1.195516 -0.563013 -0.187479 -0.728390 -0.839973 5.782658 5.782658 1.849231 1.849231 8.000000 0.010199 0.200000 0.770513 0.000000 -1.849231 -1.319153 -5.782658 -0.025472 0.015927 -0.034866
33.852589 2.000000 -0.297772 0.581511 0.009084 0.056014 0.926872 -1.508227 -0.011397 -0.302374 -0.565691 -0.000671 0.057596 -0.922282 -1.503661 0.020589 -0.319160 -0.865787 -0.474232 -0.260123 -0.727793 -0.900919 5.796696 5.796696 1.871081 1.871081 8.000000 0.010199 0.200000 0.779617 0.000000 -1.871081 -1.320772 -5.796696 -0.025307 0.016226 -0.035243
33.880706 2.000000 -0.297772 0.581499 0.009084 0.056002 0.926884 -1.508227 -0.011409 -0.302386 -0.565691 -0.000671 0.057608 -0.922270 -1.503673 0.020589 -0.288243 -0.955143 -0.414443 -0.075748 -0.736518 -0.781921 5.805607 5.805607 1.857181 1.857181 8.000000 0.010199 0.200000 0.773825 0.000000 -1.857181 -1.319138 -5.805607 -0.024955 0.016195 -0.034668
33.920284 2.000000 -0.297772 0.581499 0.009120 0.056002 0.926872 -1.508227 -0.011409 -0.302386 -0.565691 -0.000671 0.057584 -0.922294 -1.503649 0.020589 -0.296642 -0.970705 -0.501098 -0.418288 -0.720125 -0.623416 5.814274 5.814274 1.867953 1.867953 8.000000 0.010199 0.200000 0.778314 0.000000 -1.867953 -1.330069 -5.814274 -0.025315 0.016156 -0.036251
33.961280 2.000000 -0.297784 0.581499 0.009096 0.056014 0.926872 -1.508215 -0.011397 -0.302386 -0.565691 -0.000683 0.057596 -0.922282 -1.503661 0.020589 -0.456037 -0.887520 -0.542640 -0.291504 -0.786547 -0.823575 5.811223 5.811223 1.863711 1.863711 8.000000 0.010199 0.200000 0.776546 0.000000 -1.863711 -1.330805 -5.811223 -0.025192 0.016108 -0.035592
33.992406 2.000000 -0.297784 0.581499 0.009096 0.056002 0.926884 -1.508227 -0.011385 -0.302386 -0.565691 -0.000683 0.057584 -0.922282 -1.503661 0.020589 -0.330893 -0.853776 -0.431913 -0.143961 -0.698416 -0.783094 5.816472 5.816472 1.860004 1.860004 8.000000 0.010199 0.200000 0.775001 0.000000 -1.860004 -1.312750 -5.816472 -0.024864 0.016120 -0.035164
34.032570 2.000000 -0.297772 0.581499 0.009072 0.056002 0.926872 -1.508239 -0.011397 -0.302386 -0.565703 -0.000683 0.057596 -0.922282 -1.503637 0.020601 -0.577105 -1.013551 -0.404976 -0.057464 -0.727456 -0.757824 5.809758 5.809758 1.856586 1.856586 8.000000 0.010199 0.200000 0.773577 0.000000 -1.856586 -1.318640 -5.809758 -0.025061 0.016315 -0.035169
34.070728 2.000000 -0.297772 0.581499 0.009096 0.056002 0.926884 -1.508239 -0.011409 -0.302386 -0.565691 -0.000683 0.057596 -0.922270 -1.503661 0.020577 -0.425545 -1.088028 -0.444455 -0.397693 -0.708393 -0.732929 5.808903 5.808903 1.856357 1.856357 8.000000 0.010199 0.200000 0.773482 0.000000 -1.856357 -1.309351 -5.808903 -0.025133 0.015859 -0.035254
34.098211 2.000000 -0.297796 0.581499 0.009096 0.056002 0.926860 -1.508239 -0.011409 -0.302386 -0.565691 -0.000683 0.057596 -0.922282 -1.503661 0.020577 -0.363111 -0.895699 -0.373072 -0.356602 -0.623861 -0.663474 5.821232 5.821232 1.849322 1.849322 8.000000 0.010199 0.200000 0.770551 0.000000 -1.849322 -1.310173 -5.821232 -0.024475 0.016426 -0.034963
34.126338 2.000000 -0.297784 0.581487 0.009096 0.056014 0.926872 -1.508203 -0.011397 -0.302386 -0.565691 -0.000671 0.057596 -0.922270 -1.503661 0.020601 -0.431412 -0.982790 -0.384734 -0.163423 -0.664458 -0.737805 5.809269 5.809269 1.849963 1.849963 8.000000 0.010199 0.200000 0.770818 0.000000 -1.849963 -1.318945 -5.809269 -0.024791 0.015821 -0.034826
34.149264 2.000000 -0.297784 0.581475 0.009120 0.056002 0.926860 -1.508227 -0.011397 -0.302386 -0.565703 -0.000683 0.057596 -0.922282 -1.503661 0.020601 -0.266833 -1.021504 -0.382458 -0.190942 -0.812583 -0.749927 5.805485 5.805485 1.838855 1.838855 8.000000 0.010199 0.200000 0.766190 0.000000 -1.838855 -1.315562 -5.805485 -0.025163 0.016027 -0.034304
34.180506 2.000000 -0.297784 0.581475 0.009084 0.056002 0.926884 -1.508227 -0.011397 -0.302386 -0.565703 -0.000683 0.057584 -0.922282 -1.503661 0.020577 -0.326774 -1.079841 -0.529053 -0.202081 -0.713997 -0.754780 5.822209 5.822209 1.848132 1.848132 8.000000 0.010199 0.200000 0.770055 0.000000 -1.848132 -1.312380 -5.822209 -0.024669 0.015842 -0.034878
34.216214 2.000000 -0.297784 0.581487 0.009108 0.056002 0.926872 -1.508227 -0.011373 -0.302386 -0.565691 -0.000683 0.057596 -0.922282 -1.503661 0.020577 -0.330171 -0.874223 -0.356468 -0.192687 -0.846075 -0.844043 5.822209 5.822209 1.861545 1.861545 8.000000 0.010199 0.200000 0.775644 0.000000 -1.861545 -1.318116 -5.822209 -0.024257 0.016319 -0.036348
34.260885 2.000000 -0.297772 0.581475 0.009096 0.056026 0.926872 -1.508239 -0.011397 -0.302386 -0.565691 -0.000671 0.057608 -0.922270 -1.503649 0.020589 -0.417892 -1.166091 -0.657882 -0.138960 -0.808891 -0.897315 5.821721 5.821721 1.854266 1.854266 8.000000 0.010199 0.200000 0.772611 0.000000 -1.854266 -1.320229 -5.821721 -0.024721 0.015957 -0.035411
34.297516 2.000000 -0.297772 0.581475 0.009096 0.056014 0.926884 -1.508239 -0.011385 -0.302386 -0.565703 -0.000683 0.057596 -0.922282 -1.503673 0.020601 -0.458031 -0.973074 -0.419672 -0.195658 -0.696504 -0.930020 5.822697 5.822697 1.838916 1.838916 8.000000 0.010199 0.200000 0.766215 0.000000 -1.838916 -1.322474 -5.822697 -0.025632 0.016125 -0.033457
34.331283 2.000000 -0.297784 0.581487 0.009132 0.056002 0.926884 -1.508239 -0.011409 -0.302374 -0.565703 -0.000695 0.057596 -0.922282 -1.503685 0.020589 -0.290690 -1.104574 -0.473188 -0.285864 -0.876717 -0.887463 5.837346 5.837346 1.841769 1.841769 8.000000 0.010199 0.200000 0.767404 0.000000 -1.841769 -1.308682 -5.837346 -0.024614 0.016242 -0.033217
34.362871 2.000000 -0.297784 0.581475 0.009096 0.056026 0.926884 -1.508215 -0.011385 -0.302386 -0.565679 -0.000683 0.057584 -0.922258 -1.503661 0.020589 -0.355461 -0.935732 -0.468678 -0.120133 -0.705058 -0.843170 5.797429 5.797429 1.844531 1.844531 8.000000 0.010199 0.200000 0.768555 0.000000 -1.844531 -1.312081 -5.797429 -0.024803 0.016131 -0.034569
34.407491 2.000000 -0.297784 0.581475 0.009108 0.056014 0.926872 -1.508227 -0.011397 -0.302386 -0.565703 -0.000683 0.057584 -0.922270 -1.503661 0.020589 -0.299039 -0.965450 -0.443594 -0.392094 -0.555740 -0.778161 5.821599 5.821599 1.845859 1.845859 8.000000 0.010199 0.200000 0.769108 0.000000 -1.845859 -1.325247 -5.821599 -0.024934 0.016050 -0.035105
34.440695 2.000000 -0.297772 0.581463 0.009108 0.056002 0.926884 -1.508215 -0.011385 -0.302386 -0.565703 -0.000683 0.057596 -0.922246 -1.503661 0.020589 -0.329836 -0.769446 -0.373403 -0.375022 -0.411678 -0.775425 5.809514 5.809514 1.845737 1.845737 8.000000 0.010199 0.200000 0.769057 0.000000 -1.845737 -1.317852 -5.809514 -0.024779 0.015524 -0.035679
34.480935 2.000000 -0.297784 0.581463 0.009096 0.056002 0.926884 -1.508227 -0.011397 -0.302374 -0.565691 -0.000683 0.057596 -0.922282 -1.503661 0.020601 -0.349352 -0.937450 -0.341447 -0.291354 -0.770520 -0.851745 5.792790 5.792790 1.850284 1.850284 8.000000 0.010199 0.200000 0.770952 0.000000 -1.850284 -1.313416 -5.792790 -0.024318 0.016139 -0.034997
34.511442 2.000000 -0.297808 0.581463 0.009096 0.056014 0.926872 -1.508227 -0.011409 -0.302386 -0.565691 -0.000683 0.057596 -0.922258 -1.503661 0.020601 -0.280691 -0.979949 -0.394704 -0.085871 -0.530252 -0.784483 5.808537 5.808537 1.838107 1.838107 8.000000 0.010199 0.200000 0.765878 0.000000 -1.838107 -1.323633 -5.808537 -0.024774 0.015978 -0.034872
34.548697 2.000000 -0.297784 0.581463 0.009096 0.056002 0.926860 -1.508239 -0.011397 -0.302386 -0.565691 -0.000683 0.057584 -0.922246 -1.503661 0.020589 -0.296208 -0.880736 -0.522772 -0.225914 -0.614258 -0.892074 5.782780 5.782780 1.831241 1.831241 8.000000 0.010199 0.200000 0.763017 0.000000 -1.831241 -1.328181 -5.782780 -0.025591 0.015828 -0.034922
34.574937 2.000000 -0.297808 0.581475 0.009096 0.056002 0.926884 -1.508215 -0.011397 -0.302386 -0.565691 -0.000683 0.057596 -0.922294 -1.503661 0.020589 -0.307447 -0.721589 -0.424136 -0.234628 -0.733984 -0.902080 5.793889 5.793889 1.851489 1.851489 8.000000 0.010199 0.200000 0.771454 0.000000 -1.851489 -1.324396 -5.793889 -0.025049 0.015786 -0.035841
34.600699 2.000000 -0.297796 0.581463 0.009096 0.056002 0.926860 -1.508215 -0.011409 -0.302386 -0.565679 -0.000683 0.057620 -0.922258 -1.503673 0.020601 -0.320322 -0.786653 -0.501440 -0.175847 -0.590260 -0.893565 5.813542 5.813542 1.842624 1.842624 8.000000 0.010199 0.200000 0.767760 0.000000 -1.842624 -1.320029 -5.813542 -0.024839 0.015994 -0.034679
34.640978 2.000000 -0.297784 0.581439 0.009108 0.056002 0.926872 -1.508227 -0.011397 -0.302386 -0.565691 -0.000671 0.057608 -0.922270 -1.503661 0.020601 -0.338395 -0.921067 -0.399883 -0.155596 -0.588584 -0.874203 5.807316 5.807316 1.828769 1.828769 8.000000 0.010199 0.200000 0.761987 0.000000 -1.828769 -1.328865 -5.807316 -0.024643 0.015989 -0.034547
34.672439 2.000000 -0.297772 0.581451 0.009096 0.056002 0.926872 -1.508227 -0.011397 -0.302386 -0.565679 -0.000683 0.057596 -0.922258 -1.503673 0.020577 -0.522696 -0.890253 -0.579956 -0.211473 -0.596276 -0.863608 5.791203 5.791203 1.847278 1.847278 8.000000 0.010199 0.200000 0.769699 0.000000 -1.847278 -1.317595 -5.791203 -0.024334 0.016214 -0.035875
34.705443 2.000000 -0.297796 0.581451 0.009120 0.056002 0.926860 -1.508239 -0.011409 -0.302374 -0.565691 -0.000683 0.057596 -0.922258 -1.503661 0.020589 -0.493043 -1.017915 -0.418628 -0.163713 -0.658891 -0.914259 5.796086 5.796086 1.850818 1.850818 8.000000 0.010199 0.200000 0.771174 0.000000 -1.850818 -1.328997 -5.796086 -0.024698 0.015869 -0.037374
34.756042 2.000000 -0.297784 0.581427 0.009132 0.056002 0.926872 -1.508227 -0.011385 -0.302386 -0.565703 -0.000683 0.057584 -0.922270 -1.503625 0.020601 -0.369513 -0.867180 -0.336287 -0.088640 -0.780865 -0.849622 5.776310 5.776310 1.832721 1.832721 8.000000 0.010199 0.200000 0.763634 0.000000 -1.832721 -1.315434 -5.776310 -0.025365 0.015590 -0.034702
34.792073 2.000000 -0.297808 0.581439 0.009096 0.056014 0.926872 -1.508227 -0.011397 -0.302398 -0.565691 -0.000671 0.057596 -0.922294 -1.503649 0.020601 -0.343468 -1.046287 -0.502282 -0.356336 -0.680578 -0.671679 5.775456 5.775456 1.828372 1.828372 8.000000 0.010199 0.200000 0.761822 0.000000 -1.828372 -1.324644 -5.775456 -0.025141 0.015794 -0.034116
34.827160 2.000000 -0.297772 0.581427 0.009132 0.056014 0.926872 -1.508239 -0.011409 -0.302386 -0.565703 -0.000671 0.057608 -0.922258 -1.503673 0.020589 -0.504500 -0.755201 -0.488689 -0.284997 -0.724232 -0.836459 5.783879 5.783879 1.834201 1.834201 8.000000 0.010199 0.200000 0.764250 0.000000 -1.834201 -1.314835 -5.783879 -0.024472 0.016202 -0.034600
34.870760 2.000000 -0.297772 0.581439 0.009108 0.056002 0.926860 -1.508239 -0.011397 -0.302386 -0.565703 -0.000683 0.057608 -0.922270 -1.503661 0.020589 -0.445109 -0.830573 -0.460428 -0.382874 -0.659200 -0.704808 5.790715 5.790715 1.858233 1.858233 8.000000 0.010199 0.200000 0.774264 0.000000 -1.858233 -1.318413 -5.790715 -0.024556 0.016267 -0.035824
34.910769 2.000000 -0.297784 0.581427 0.009132 0.056002 0.926872 -1.508251 -0.011397 -0.302386 -0.565691 -0.000683 0.057608 -0.922270 -1.503661 0.020601 -0.589279 -0.784086 -0.537287 -0.420748 -0.529805 -0.874063 5.792790 5.792790 1.849933 1.849933 8.000000 0.010199 0.200000 0.770805 0.000000 -1.849933 -1.318449 -5.792790 -0.024690 0.016412 -0.035470
34.956958 2.000000 -0.297784 0.581415 0.009120 0.056002 0.926848 -1.508215 -0.011397 -0.302386 -0.565691 -0.000683 0.057584 -0.922270 -1.503649 0.020601 -0.322743 -0.908843 -0.535766 -0.271229 -0.725697 -0.803842 5.788762 5.788762 1.843722 1.843722 8.000000 0.010199 0.200000 0.768218 0.000000 -1.843722 -1.316731 -5.788762 -0.024746 0.016166 -0.035400
35.005335 2.000000 -0.297784 0.581403 0.009108 0.056002 0.926860 -1.508215 -0.011397 -0.302386 -0.565703 -0.000683 0.057596 -0.922246 -1.503661 0.020589 -0.279634 -0.907772 -0.430057 -0.151295 -0.672602 -0.875982 5.785588 5.785588 1.839023 1.839023 8.000000 0.010199 0.200000 0.766259 0.000000 -1.839023 -1.330134 -5.785588 -0.025271 0.015318 -0.035872
35.052987 2.000000 -0.297772 0.581415 0.009120 0.056002 0.926884 -1.508215 -0.011397 -0.302386 -0.565679 -0.000695 0.057584 -0.922246 -1.503673 0.020589 -0.296959 -1.022423 -0.421830 -0.172659 -0.658337 -0.870942 5.793400 5.793400 1.836108 1.836108 8.000000 0.010199 0.200000 0.765045 0.000000 -1.836108 -1.317269 -5.793400 -0.024702 0.015714 -0.034747
35.114496 2.000000 -0.297772 0.581403 0.009132 0.056002 0.926860 -1.508239 -0.011397 -0.302374 -0.565703 -0.000683 0.057596 -0.922246 -1.503661 0.020589 -0.282337 -0.873965 -0.435483 -0.435623 -0.592190 -0.779820 5.791691 5.791691 1.832690 1.832690 8.000000 0.010199 0.200000 0.763621 0.000000 -1.832690 -1.305313 -5.791691 -0.024792 0.016247 -0.034440
35.158139 2.000000 -0.297796 0.581403 0.009132 0.056002 0.926872 -1.508227 -0.011409 -0.302386 -0.565691 -0.000683 0.057596 -0.922270 -1.503661 0.020565 -0.327413 -1.063418 -0.472195 -0.258039 -0.596059 -0.818424 5.799870 5.799870 1.832278 1.832278 8.000000 0.010199 0.200000 0.763449 0.000000 -1.832278 -1.323622 -5.799870 -0.024649 0.016439 -0.034658
35.196920 2.000000 -0.297784 0.581415 0.009132 0.056002 0.926860 -1.508227 -0.011397 -0.302374 -0.565691 -0.000683 0.057584 -0.922270 -1.503661 0.020589 -0.306868 -1.033281 -0.473357 -0.217085 -0.649248 -0.880605 5.785344 5.785344 1.839297 1.839297 8.000000 0.010199 0.200000 0.766374 0.000000 -1.839297 -1.328177 -5.785344 -0.024168 0.015937 -0.036265
35.234477 2.000000 -0.297808 0.581403 0.009096 0.056002 0.926860 -1.508239 -0.011397 -0.302386 -0.565703 -0.000671 0.057584 -0.922246 -1.503661 0.020589 -0.375672 -0.844746 -0.355541 -0.316278 -0.385262 -0.854550 5.781804 5.781804 1.837466 1.837466 8.000000 0.010199 0.200000 0.765611 0.000000 -1.837466 -1.313366 -5.781804 -0.024556 0.016265 -0.035634
35.287022 2.000000 -0.297784 0.581403 0.009096 0.056002 0.926860 -1.508215 -0.011409 -0.302386 -0.565691 -0.000683 0.057584 -0.922234 -1.503661 0.020589 -0.389684 -1.011454 -0.608710 -0.524841 -0.812362 -0.589063 5.791081 5.791081 1.851794 1.851794 8.000000 0.010199 0.200000 0.771581 0.000000 -1.851794 -1.347101 -5.791081 -0.024751 0.016493 -0.036050
35.320028 2.000000 -0.297796 0.581403 0.009120 0.056002 0.926884 -1.508203 -0.011397 -0.302386 -0.565703 -0.000683 0.057584 -0.922246 -1.503661 0.020601 -0.386612 -0.950565 -0.574149 -0.305836 -0.898404 -0.839723 5.786198 5.786198 1.831439 1.831439 8.000000 0.010199 0.200000 0.763100 0.000000 -1.831439 -1.303341 -5.786198 -0.024272 0.016196 -0.034850
35.367151 2.000000 -0.297808 0.581403 0.009132 0.056002 0.926860 -1.508215 -0.011409 -0.302386 -0.565703 -0.000683 0.057596 -0.922270 -1.503661 0.020589 -0.579205 -1.090628 -0.337237 -0.241369 -0.748848 -0.910854 5.791569 5.791569 1.853671 1.853671 8.000000 0.010199 0.200000 0.772363 0.000000 -1.853671 -1.322716 -5.791569 -0.024545 0.016273 -0.035778
35.423444 2.000000 -0.297784 0.581379 0.009108 0.056002 0.926860 -1.508215 -0.011409 -0.302386 -0.565691 -0.000707 0.057596 -0.922234 -1.503637 0.020601 -0.596085 -0.913820 -0.623729 -0.169958 -0.712449 -0.815182 5.784489 5.784489 1.839511 1.839511 8.000000 0.010199 0.200000 0.766463 0.000000 -1.839511 -1.329520 -5.784489 -0.024598 0.016415 -0.035900
35.458404 2.000000 -0.297808 0.581415 0.009132 0.056026 0.926860 -1.508227 -0.011397 -0.302386 -0.565703 -0.000695 0.057596 -0.922270 -1.503661 0.020589 -0.237985 -0.822907 -0.246351 -0.196374 -0.515790 -0.916090 5.767277 5.767277 1.833636 1.833636 8.000000 0.010199 0.200000 0.764015 0.000000 -1.833636 -1.331045 -5.767277 -0.024447 0.015657 -0.036967
35.497914 2.000000 -0.297808 0.581391 0.009132 0.056002 0.926860 -1.508215 -0.011409 -0.302386 -0.565703 -0.000695 0.057596 -0.922270 -1.503661 0.020589 -0.316604 -1.026234 -0.432089 -0.173377 -0.634249 -0.850600 5.775944 5.775944 1.835849 1.835849 8.000000 0.010199 0.200000 0.764937 0.000000 -1.835849 -1.324433 -5.775944 -0.024151 0.015888 -0.035008
35.538206 2.000000 -0.297784 0.581391 0.009132 0.056002 0.926872 -1.508215 -0.011385 -0.302386 -0.565691 -0.000683 0.057584 -0.922234 -1.503625 0.020601 -0.558180 -0.995812 -0.386924 -0.174609 -0.823780 -0.846607 5.773381 5.773381 1.849704 1.849704 8.000000 0.010199 0.200000 0.770710 0.000000 -1.849704 -1.321104 -5.773381 -0.024046 0.016309 -0.035553
35.569078 2.000000 -0.297784 0.581379 0.009132 0.056002 0.926872 -1.508215 -0.011397 -0.302386 -0.565691 -0.000683 0.057596 -0.922234 -1.503661 0.020601 -0.431928 -0.953848 -0.431541 -0.233160 -0.795809 -0.900976 5.787419 5.787419 1.820590 1.820590 8.000000 0.010199 0.200000 0.758579 0.000000 -1.820590 -1.303145 -5.787419 -0.024287 0.016219 -0.034062
35.600549 2.000000 -0.297784 0.581379 0.009132 0.056014 0.926860 -1.508203 -0.011397 -0.302386 -0.565715 -0.000683 0.057608 -0.922246 -1.503661 0.020601 -0.541726 -1.142660 -0.667357 -0.108912 -0.661807 -0.844722 5.777287 5.777287 1.844714 1.844714 8.000000 0.010199 0.200000 0.768631 0.000000 -1.844714 -1.320885 -5.777287 -0.024081 0.016131 -0.035566
35.646686 2.000000 -0.297784 0.581403 0.009120 0.056014 0.926860 -1.508239 -0.011397 -0.302374 -0.565679 -0.000683 0.057596 -0.922270 -1.503661 0.020589 -0.454798 -0.962896 -0.443230 -0.342550 -0.467844 -0.795347 5.772892 5.772892 1.840747 1.840747 8.000000 0.010199 0.200000 0.766978 0.000000 -1.840747 -1.317028 -5.772892 -0.024142 0.016204 -0.035876
35.691534 2.000000 -0.297784 0.581391 0.009144 0.056002 0.926860 -1.508215 -0.011397 -0.302386 -0.565703 -0.000683 0.057596 -0.922246 -1.503673 0.020589 -0.319979 -1.260430 -0.567652 -0.438012 -0.568125 -0.701191 5.774968 5.774968 1.844440 1.844440 8.000000 0.010199 0.200000 0.768516 0.000000 -1.844440 -1.310560 -5.774968 -0.024360 0.016187 -0.035181
35.754982 2.000000 -0.297796 0.581379 0.009144 0.056026 0.926884 -1.508251 -0.011397 -0.302386 -0.565691 -0.000683 0.057584 -0.922246 -1.503661 0.020577 -0.366041 -1.005307 -0.456484 0.029825 -0.557463 -0.833064 5.768498 5.768498 1.829303 1.829303 8.000000 0.010199 0.200000 0.762210 0.000000 -1.829303 -1.316679 -5.768498 -0.024635 0.015872 -0.033628
35.793425 2.000000 -0.297796 0.581391 0.009144 0.056002 0.926860 -1.508215 -0.011409 -0.302398 -0.565691 -0.000683 0.057584 -0.922234 -1.503661 0.020589 -0.350807 -0.935056 -0.365483 -0.114526 -0.742202 -0.894405 5.755681 5.755681 1.829608 1.829608 8.000000 0.010199 0.200000 0.762337 0.000000 -1.829608 -1.341006 -5.755681 -0.025451 0.015807 -0.033929
35.832746 2.000000 -0.297808 0.581391 0.009120 0.056002 0.926860 -1.508227 -0.011409 -0.302374 -0.565703 -0.000683 0.057584 -0.922246 -1.503637 0.020589 -0.351717 -0.862178 -0.379661 -0.335959 -0.624156 -0.804262 5.766911 5.766911 1.831500 1.831500 8.000000 0.010199 0.200000 0.763125 0.000000 -1.831500 -1.318463 -5.766911 -0.024959 0.016111 -0.034097
35.872612 2.000000 -0.297784 0.581391 0.009120 0.056014 0.926848 -1.508203 -0.011385 -0.302386 -0.565679 -0.000683 0.057596 -0.922246 -1.503661 0.020577 -0.274995 -0.985883 -0.514199 -0.199012 -0.724744 -0.730183 5.765080 5.765080 1.826358 1.826358 8.000000 0.010199 0.200000 0.760982 0.000000 -1.826358 -1.309801 -5.765080 -0.024111 0.016046 -0.034619
35.911289 2.000000 -0.297784 0.581367 0.009132 0.056002 0.926860 -1.508227 -0.011397 -0.302374 -0.565691 -0.000683 0.057584 -0.922246 -1.503661 0.020601 -0.239924 -1.070804 -0.578082 -0.308322 -0.446225 -0.923575 5.772282 5.772282 1.830157 1.830157 8.000000 0.010199 0.200000 0.762566 0.000000 -1.830157 -1.317641 -5.772282 -0.024957 0.016193 -0.034088
35.957876 2.000000 -0.297784 0.581391 0.009132 0.056014 0.926860 -1.508215 -0.011397 -0.302374 -0.565691 -0.000683 0.057584 -0.922234 -1.503661 0.020589 -0.497271 -0.772399 -0.613965 -0.286895 -0.820966 -0.776973 5.797429 5.797429 1.842563 1.842563 8.000000 0.010199 0.200000 0.767734 0.000000 -1.842563 -1.332327 -5.797429 -0.024023 0.016168 -0.036786
36.004475 2.000000 -0.297784 0.581391 0.009132 0.056002 0.926872 -1.508191 -0.011397 -0.302386 -0.565703 -0.000695 0.057584 -0.922270 -1.503661 0.020589 -0.273523 -1.074005 -0.385703 -0.121191 -0.601749 -0.842045 5.804875 5.804875 1.855914 1.855914 8.000000 0.010199 0.200000 0.773298 0.000000 -1.855914 -1.377144 -5.804875 -0.024119 0.015800 -0.040871
36.068898 2.000000 -0.297784 0.581379 0.009132 0.056002 0.926860 -1.508215 -0.011397 -0.302374 -0.565691 -0.000683 0.057596 -0.922258 -1.503661 0.020601 -0.405959 -1.212676 -0.611407 -0.114761 -0.669324 -0.961064 5.784367 5.784367 1.827060 1.827060 8.000000 0.010199 0.200000 0.761275 0.000000 -1.827060 -1.356863 -5.784367 -0.024537 0.016329 -0.036817
36.114890 2.000000 -0.297784 0.581379 0.009132 0.056002 0.926872 -1.508215 -0.011397 -0.302386 -0.565691 -0.000695 0.057596 -0.922246 -1.503637 0.020577 -0.357770 -1.002225 -0.433162 -0.153692 -0.612280 -0.876506 5.781437 5.781437 1.797336 1.797336 8.000000 0.010199 0.200000 0.748890 0.000000 -1.797336 -1.340390 -5.781437 -0.024299 0.016560 -0.034124
36.171056 2.000000 -0.297784 0.581391 0.009144 0.056002 0.926860 -1.508215 -0.011409 -0.302374 -0.565703 -0.000683 0.057584 -0.922258 -1.503661 0.020589 -0.342355 -0.874859 -0.487215 -0.298032 -0.449813 -0.618498 5.779973 5.779973 1.777331 1.777331 8.000000 0.010199 0.200000 0.740555 0.000000 -1.777331 -1.307812 -5.779973 -0.023702 0.016851 -0.031499
36.210700 2.000000 -0.297808 0.581355 0.009144 0.056002 0.926884 -1.508227 -0.011385 -0.302374 -0.565691 -0.000683 0.057596 -0.922234 -1.503661 0.020589 -0.314855 -1.017454 -0.416876 -0.265512 -0.627416 -0.797268 5.800358 5.800358 1.768313 1.768313 8.000000 0.010199 0.200000 0.736797 0.000000 -1.768313 -1.302670 -5.800358 -0.023179 0.016814 -0.030391
36.247015 2.000000 -0.297808 0.581367 0.009132 0.056002 0.926860 -1.508227 -0.011397 -0.302398 -0.565691 -0.000683 0.057584 -0.922234 -1.503661 0.020589 -0.330080 -0.960346 -0.404728 -0.369529 -0.770643 -0.708272 5.781437 5.781437 1.776645 1.776645 8.000000 0.010199 0.200000 0.740269 0.000000 -1.776645 -1.325808 -5.781437 -0.024256 0.016544 -0.030345
36.295213 2.000000 -0.297784 0.581355 0.009144 0.056014 0.926860 -1.508203 -0.011397 -0.302374 -0.565679 -0.000683 0.057596 -0.922234 -1.503649 0.020589 -0.504482 -1.100210 -0.679611 -0.236431 -0.784999 -0.816797 5.793522 5.793522 1.790957 1.790957 8.000000 0.010199 0.200000 0.746232 0.000000 -1.790957 -1.320244 -5.793522 -0.023545 0.016436 -0.033668
36.337929 2.000000 -0.297784 0.581355 0.009132 0.056002 0.926860 -1.508227 -0.011409 -0.302374 -0.565715 -0.000683 0.057596 -0.922282 -1.503661 0.020577 -0.455111 -0.862696 -0.452344 -0.280218 -0.623408 -0.575274 5.812199 5.812199 1.780200 1.780200 8.000000 0.010199 0.200000 0.741750 0.000000 -1.780200 -1.321202 -5.812199 -0.023751 0.016508 -0.031421
36.367687 2.000000 -0.297772 0.581355 0.009132 0.056014 0.926860 -1.508227 -0.011385 -0.302386 -0.565691 -0.000683 0.057596 -0.922246 -1.503661 0.020577 -0.445245 -0.853723 -0.441004 -0.378363 -0.462550 -0.703388 5.817326 5.817326 1.787112 1.787112 8.000000 0.010199 0.200000 0.744630 0.000000 -1.787112 -1.338627 -5.817326 -0.023748 0.016437 -0.033251
36.411075 2.000000 -0.297784 0.581367 0.009132 0.056002 0.926860 -1.508215 -0.011397 -0.302386 -0.565691 -0.000683 0.057596 -0.922246 -1.503661 0.020589 -0.260687 -0.998635 -0.410455 -0.375208 -0.613360 -0.702197 5.791569 5.791569 1.767764 1.767764 8.000000 0.010199 0.200000 0.736568 0.000000 -1.767764 -1.310269 -5.791569 -0.023525 0.016542 -0.030815
36.474550 2.000000 -0.297784 0.581331 0.009120 0.056002 0.926848 -1.508215 -0.011373 -0.302386 -0.565691 -0.000683 0.057596 -0.922246 -1.503661 0.020601 -0.607374 -0.806137 -0.633121 -0.099366 -0.809903 -0.866370 5.801701 5.801701 1.756747 1.756747 8.000000 0.010199 0.200000 0.731978 0.000000 -1.756747 -1.309828 -5.801701 -0.023638 0.016786 -0.028749
36.524321 2.000000 -0.297808 0.581343 0.009132 0.056002 0.926860 -1.508203 -0.011397 -0.302386 -0.565679 -0.000671 0.057584 -0.922234 -1.503649 0.020601 -0.334739 -0.874052 -0.387475 -0.047329 -0.435088 -0.948147 5.807438 5.807438 1.747165 1.747165 8.000000 0.010199 0.200000 0.727985 0.000000 -1.747165 -1.291477 -5.807438 -0.023675 0.017213 -0.028394
36.557837 2.000000 -0.297784 0.581343 0.009132 0.056002 0.926860 -1.508215 -0.011397 -0.302386 -0.565691 -0.000671 0.057596 -0.922234 -1.503661 0.020589 -0.411959 -0.946763 -0.498619 -0.151172 -0.593727 -0.958971 5.792546 5.792546 1.743243 1.743243 8.000000 0.010199 0.200000 0.726351 0.000000 -1.743243 -1.299771 -5.792546 -0.023689 0.016750 -0.027301
36.597719 2.000000 -0.297784 0.581367 0.009132 0.056002 0.926860 -1.508215 -0.011397 -0.302386 -0.565691 -0.000683 0.057596 -0.922246 -1.503661 0.020601 -0.493258 -0.933747 -0.498917 -0.206347 -0.418982 -0.690769 5.815617 5.815617 1.758060 1.758060 8.000000 0.010199 0.200000 0.732525 0.000000 -1.758060 -1.294911 -5.815617 -0.023896 0.016771 -0.027935
36.641561 2.000000 -0.297784 0.581355 0.009132 0.056002 0.926860 -1.508215 -0.011385 -0.302410 -0.565691 -0.000683 0.057608 -0.922246 -1.503661 0.020601 -0.535071 -0.797990 -0.548525 -0.196157 -0.727495 -0.944935 5.776921 5.776921 1.719379 1.719379 8.000000 0.010199 0.200000 0.716408 0.000000 -1.719379 -1.291128 -5.776921 -0.023994 0.016641 -0.025321
36.684015 2.000000 -0.297808 0.581331 0.009132 0.056002 0.926836 -1.508203 -0.011397 -0.302386 -0.565691 -0.000683 0.057584 -0.922234 -1.503661 0.020589 -0.284003 -0.915888 -0.406951 -0.365794 -0.448815 -0.691100 5.825993 5.825993 1.760409 1.760409 8.000000 0.010199 0.200000 0.733504 0.000000 -1.760409 -1.330717 -5.825993 -0.023533 0.016859 -0.030629
36.716655 2.000000 -0.297772 0.581355 0.009144 0.056002 0.926860 -1.508215 -0.011397 -0.302410 -0.565691 -0.000683 0.057620 -0.922246 -1.503649 0.020601 -0.321742 -0.964491 -0.557508 -0.184215 -0.481456 -0.912068 5.820744 5.820744 1.790835 1.790835 8.000000 0.010199 0.200000 0.746181 0.000000 -1.790835 -1.336993 -5.820744 -0.022981 0.016876 -0.034272
36.762464 2.000000 -0.297808 0.581343 0.009132 0.056002 0.926860 -1.508215 -0.011409 -0.302386 -0.565691 -0.000695 0.057596 -0.922234 -1.503649 0.020601 -0.245121 -0.978504 -0.323352 -0.166822 -0.734173 -0.824887 5.808659 5.808659 1.798450 1.798450 8.000000 0.010199 0.200000 0.749354 0.000000 -1.798450 -1.362252 -5.808659 -0.023779 0.016443 -0.035165
36.821524 2.000000 -0.297784 0.581355 0.009132 0.056002 0.926860 -1.508215 -0.011385 -0.302386 -0.565691 -0.000695 0.057596 -0.922246 -1.503637 0.020589 -0.578477 -0.858492 -0.309297 -0.228815 -0.450741 -0.560230 5.800602 5.800602 1.721179 1.721179 8.000000 0.010199 0.200000 0.717158 0.000000 -1.721179 -1.287463 -5.800602 -0.024014 0.016733 -0.024675
36.859614 2.000000 -0.297808 0.581355 0.009144 0.056002 0.926836 -1.508215 -0.011397 -0.302386 -0.565667 -0.000683 0.057596 -0.922234 -1.503649 0.020589 -0.462123 -1.023250 -0.352435 -0.292002 -0.482090 -0.861708 5.788640 5.788640 1.724597 1.724597 8.000000 0.010199 0.200000 0.718582 0.000000 -1.724597 -1.269516 -5.788640 -0.022970 0.017767 -0.023821
36.896872 2.000000 -0.297784 0.581331 0.009120 0.056002 0.926860 -1.508227 -0.011409 -0.302386 -0.565691 -0.000695 0.057584 -0.922246 -1.503661 0.020601 -0.417593 -0.943314 -0.495378 -0.353566 -0.628082 -0.713520 5.799870 5.799870 1.694461 1.694461 8.000000 0.010199 0.200000 0.706025 0.000000 -1.694461 -1.246004 -5.799870 -0.022719 0.017673 -0.021222
36.955961 2.000000 -0.297808 0.581331 0.009144 0.056002 0.926872 -1.508203 -0.011397 -0.302410 -0.565679 -0.000683 0.057596 -0.922234 -1.503637 0.020577 -0.238112 -1.331968 -0.540966 -0.316999 -0.434947 -0.784298 5.799748 5.799748 1.712146 1.712146 8.000000 0.010199 0.200000 0.713394 0.000000 -1.712146 -1.268833 -5.799748 -0.023123 0.017152 -0.024244
37.001111 2.000000 -0.297784 0.581343 0.009168 0.056002 0.926860 -1.508215 -0.011397 -0.302422 -0.565679 -0.000695 0.057584 -0.922246 -1.503637 0.020589 -0.327235 -0.915274 -0.442155 -0.230328 -0.586711 -0.881545 5.802067 5.802067 1.742648 1.742648 8.000000 0.010199 0.200000 0.726103 0.000000 -1.742648 -1.315665 -5.802067 -0.023880 0.016765 -0.027350
37.035811 2.000000 -0.297784 0.581331 0.009180 0.056002 0.926860 -1.508227 -0.011385 -0.302422 -0.565691 -0.000683 0.057596 -0.922246 -1.503649 0.020589 -0.477408 -1.092174 -0.560296 -0.067113 -0.534458 -0.869208 5.795475 5.795475 1.737811 1.737811 8.000000 0.010199 0.200000 0.724088 0.000000 -1.737811 -1.312292 -5.795475 -0.023858 0.016618 -0.027238
37.067282 2.000000 -0.297808 0.581331 0.009144 0.056002 0.926836 -1.508215 -0.011397 -0.302422 -0.565679 -0.000707 0.057596 -0.922246 -1.503649 0.020577 -0.296749 -0.971327 -0.377169 -0.105119 -0.440144 -0.938580 5.811100 5.811100 1.761722 1.761722 8.000000 0.010199 0.200000 0.734051 0.000000 -1.761722 -1.327997 -5.811100 -0.023513 0.016635 -0.030329
37.113384 2.000000 -0.297784 0.581343 0.009132 0.056002 0.926860 -1.508215 -0.011397 -0.302422 -0.565703 -0.000707 0.057584 -0.922246 -1.503649 0.020577 -0.341092 -0.959771 -0.498700 -0.213400 -0.363068 -0.586809 5.797795 5.797795 1.732532 1.732532 8.000000 0.010199 0.200000 0.721888 0.000000 -1.732532 -1.310007 -5.797795 -0.023669 0.016876 -0.027565
37.149806 2.000000 -0.297808 0.581331 0.009120 0.056002 0.926860 -1.508215 -0.011397 -0.302422 -0.565679 -0.000671 0.057596 -0.922222 -1.503625 0.020589 -0.352485 -1.000741 -0.402517 -0.189602 -0.503768 -0.778503 5.800969 5.800969 1.700564 1.700564 8.000000 0.010199 0.200000 0.708569 0.000000 -1.700564 -1.267281 -5.800969 -0.023620 0.017037 -0.023200
37.183445 2.000000 -0.297784 0.581331 0.009144 0.056002 0.926860 -1.508227 -0.011397 -0.302422 -0.565703 -0.000695 0.057584 -0.922246 -1.503637 0.020589 -0.290629 -0.849879 -0.523460 -0.290416 -0.683443 -0.769803 5.799748 5.799748 1.676806 1.676806 8.000000 0.010199 0.200000 0.698669 0.000000 -1.676806 -1.236550 -5.799748 -0.023026 0.017242 -0.019202
37.224805 2.000000 -0.297808 0.581331 0.009144 0.056002 0.926848 -1.508215 -0.011409 -0.302422 -0.565679 -0.000683 0.057584 -0.922246 -1.503637 0.020601 -0.280449 -1.053872 -0.489202 -0.069740 -0.600160 -0.760848 5.779484 5.779484 1.650897 1.650897 8.000000 0.010199 0.200000 0.687874 0.000000 -1.650897 -1.216404 -5.779484 -0.023382 0.017923 -0.013526
37.274654 2.000000 -0.297784 0.581331 0.009144 0.056026 0.926860 -1.508215 -0.011397 -0.302434 -0.565679 -0.000707 0.057584 -0.922246 -1.503637 0.020577 -0.372662 -1.108135 -0.562459 -0.477672 -0.640375 -0.672113 5.801335 5.801335 1.636127 1.636127 8.000000 0.010199 0.200000 0.681719 0.000000 -1.636127 -1.202492 -5.801335 -0.023914 0.017301 -0.012152
37.309039 2.000000 -0.297784 0.581331 0.009156 0.056002 0.926872 -1.508215 -0.011409 -0.302446 -0.565679 -0.000731 0.057584 -0.922234 -1.503649 0.020577 -0.339232 -1.032288 -0.405515 -0.341993 -0.677691 -0.812367 5.797307 5.797307 1.598010 1.598010 8.000000 0.010199 0.200000 0.665838 0.000000 -1.598010 -1.174513 -5.797307 -0.022914 0.017944 -0.010351
37.337707 2.000000 -0.297784 0.581319 0.009144 0.056014 0.926860 -1.508215 -0.011409 -0.302446 -0.565679 -0.000731 0.057584 -0.922222 -1.503637 0.020589 -0.314497 -0.974386 -0.464585 -0.249056 -0.679130 -0.834541 5.819890 5.819890 1.604342 1.604342 8.000000 0.010199 0.200000 0.668476 0.000000 -1.604342 -1.166151 -5.819890 -0.022197 0.018627 -0.009284
37.368723 2.000000 -0.297784 0.581319 0.009168 0.056014 0.926860 -1.508215 -0.011397 -0.302446 -0.565667 -0.000707 0.057596 -0.922234 -1.503649 0.020589 -0.420545 -0.983114 -0.493712 -0.214481 -0.691024 -0.882652 5.817936 5.817936 1.591113 1.591113 8.000000 0.010199 0.200000 0.662964 0.000000 -1.591113 -1.157408 -5.817936 -0.022501 0.018174 -0.008835
37.409296 2.000000 -0.297784 0.581319 0.009144 0.056014 0.926860 -1.508215 -0.011409 -0.302446 -0.565667 -0.000731 0.057584 -0.922234 -1.503649 0.020589 -0.450032 -0.920452 -0.524923 -0.182215 -0.640091 -0.873389 5.833195 5.833195 1.642825 1.642825 8.000000 0.010199 0.200000 0.684510 0.000000 -1.642825 -1.208853 -5.833195 -0.022746 0.017698 -0.015185
37.449346 2.000000 -0.297808 0.581319 0.009156 0.056002 0.926860 -1.508203 -0.011397 -0.302446 -0.565667 -0.000707 0.057596 -0.922246 -1.503649 0.020589 -0.316796 -1.074047 -0.385246 -0.219590 -0.448276 -0.949610 5.848942 5.848942 1.682483 1.682483 8.000000 0.010199 0.200000 0.701034 0.000000 -1.682483 -1.258189 -5.848942 -0.022681 0.017286 -0.020274
37.476877 2.000000 -0.297808 0.581319 0.009168 0.056002 0.926860 -1.508215 -0.011397 -0.302446 -0.565667 -0.000707 0.057596 -0.922246 -1.503637 0.020577 -0.369130 -1.041879 -0.549618 -0.323221 -0.516583 -0.835658 5.847722 5.847722 1.671603 1.671603 8.000000 0.010199 0.200000 0.696501 0.000000 -1.671603 -1.253252 -5.847722 -0.023170 0.017531 -0.019753
37.499497 2.000000 -0.297784 0.581319 0.009168 0.056014 0.926848 -1.508215 -0.011409 -0.302446 -0.565679 -0.000707 0.057596 -0.922234 -1.503649 0.020577 -0.367131 -0.958282 -0.467551 -0.202977 -0.386570 -0.702243 5.842350 5.842350 1.683246 1.683246 8.000000 0.010199 0.200000 0.701352 0.000000 -1.683246 -1.261790 -5.842350 -0.023180 0.017374 -0.020534
37.526081 2.000000 -0.297784 0.581319 0.009144 0.056002 0.926848 -1.508215 -0.011397 -0.302446 -0.565667 -0.000731 0.057584 -0.922234 -1.503649 0.020589 -0.396649 -1.008366 -0.508141 -0.254663 -0.511692 -0.849939 5.816227 5.816227 1.685840 1.685840 8.000000 0.010199 0.200000 0.702433 0.000000 -1.685840 -1.249245 -5.816227 -0.023140 0.017439 -0.021659
37.561220 2.000000 -0.297808 0.581307 0.009156 0.056002 0.926836 -1.508215 -0.011409 -0.302470 -0.565667 -0.000743 0.057596 -0.922246 -1.503625 0.020577 -0.291604 -1.134456 -0.456300 -0.084306 -0.580373 -0.683271 5.824528 5.824528 1.683230 1.683230 8.000000 0.010199 0.200000 0.701346 0.000000 -1.683230 -1.258938 -5.824528 -0.023316 0.017175 -0.020009
37.593823 2.000000 -0.297784 0.581307 0.009156 0.056002 0.926836 -1.508215 -0.011397 -0.302482 -0.565691 -0.000731 0.057584 -0.922246 -1.503613 0.020577 -0.357978 -1.016636 -0.529428 -0.122804 -0.628284 -0.796731 5.812321 5.812321 1.654574 1.654574 8.000000 0.010199 0.200000 0.689406 0.000000 -1.654574 -1.221041 -5.812321 -0.023070 0.017397 -0.017010
37.621483 2.000000 -0.297808 0.581307 0.009156 0.056014 0.926836 -1.508203 -0.011397 -0.302470 -0.565679 -0.000743 0.057596 -0.922234 -1.503625 0.020577 -0.257420 -1.087518 -0.430756 -0.307881 -0.552937 -0.827740 5.813298 5.813298 1.677020 1.677020 8.000000 0.010199 0.200000 0.698758 0.000000 -1.677020 -1.243204 -5.813298 -0.023577 0.016943 -0.018950
37.653085 2.000000 -0.297796 0.581307 0.009168 0.056014 0.926848 -1.508215 -0.011409 -0.302482 -0.565667 -0.000767 0.057596 -0.922234 -1.503613 0.020589 -0.269708 -1.053017 -0.582344 -0.094946 -0.379556 -0.835596 5.822453 5.822453 1.691913 1.691913 8.000000 0.010199 0.200000 0.704964 0.000000 -1.691913 -1.269480 -5.822453 -0.023118 0.017262 -0.021792
37.691572 2.000000 -0.297784 0.581307 0.009156 0.056002 0.926860 -1.508203 -0.011409 -0.302506 -0.565691 -0.000767 0.057596 -0.922234 -1.503613 0.020601 -0.269881 -0.921208 -0.538537 0.025428 -0.423397 -0.822409 5.825016 5.825016 1.691592 1.691592 8.000000 0.010199 0.200000 0.704830 0.000000 -1.691592 -1.255610 -5.825016 -0.022821 0.017387 -0.021543
37.723751 2.000000 -0.297796 0.581295 0.009180 0.056002 0.926860 -1.508203 -0.011397 -0.302506 -0.565667 -0.000779 0.057584 -0.922234 -1.503625 0.020589 -0.259778 -0.993621 -0.489261 -0.061436 -0.560124 -0.760893 5.823552 5.823552 1.659335 1.659335 8.000000 0.010199 0.200000 0.691390 0.000000 -1.659335 -1.231093 -5.823552 -0.023701 0.017446 -0.018074
37.758807 2.000000 -0.297784 0.581295 0.009144 0.056002 0.926860 -1.508203 -0.011421 -0.302482 -0.565667 -0.000743 0.057596 -0.922246 -1.503613 0.020589 -0.305853 -0.978390 -0.441701 0.051055 -0.329391 -0.895838 5.801335 5.801335 1.663547 1.663547 8.000000 0.010199 0.200000 0.693144 0.000000 -1.663547 -1.229506 -5.801335 -0.023775 0.017479 -0.017264
37.798764 2.000000 -0.297784 0.581295 0.009144 0.056002 0.926836 -1.508203 -0.011409 -0.302482 -0.565667 -0.000767 0.057596 -0.922246 -1.503625 0.020601 -0.336098 -1.093964 -0.490918 -0.102692 -0.458595 -0.722487 5.797429 5.797429 1.658664 1.658664 8.000000 0.010199 0.200000 0.691110 0.000000 -1.658664 -1.237160 -5.797429 -0.023537 0.017283 -0.018952
37.831248 2.000000 -0.297784 0.581295 0.009144 0.056002 0.926848 -1.508215 -0.011397 -0.302482 -0.565667 -0.000767 0.057584 -0.922234 -1.503613 0.020589 -0.368978 -1.094465 -0.500539 -0.023535 -0.349310 -0.692424 5.828068 5.828068 1.685199 1.685199 8.000000 0.010199 0.200000 0.702166 0.000000 -1.685199 -1.270849 -5.828068 -0.023545 0.016819 -0.021864
37.866583 2.000000 -0.297784 0.581295 0.009144 0.056002 0.926836 -1.508203 -0.011409 -0.302482 -0.565679 -0.000767 0.057596 -0.922270 -1.503625 0.020589 -0.426003 -0.930876 -0.505554 -0.030950 -0.449170 -0.722667 5.820378 5.820378 1.730975 1.730975 8.000000 0.010199 0.200000 0.721240 0.000000 -1.730975 -1.311177 -5.820378 -0.023531 0.016611 -0.028062
37.920241 2.000000 -0.297796 0.581283 0.009168 0.056014 0.926848 -1.508203 -0.011397 -0.302506 -0.565679 -0.000767 0.057596 -0.922246 -1.503625 0.020601 -0.304018 -1.251861 -0.573590 -0.254391 -0.222666 -0.569361 5.838322 5.838322 1.745105 1.745105 8.000000 0.010199 0.200000 0.727127 0.000000 -1.745105 -1.317461 -5.838322 -0.023102 0.016709 -0.029296
37.954322 2.000000 -0.297796 0.581307 0.009168 0.056002 0.926836 -1.508203 -0.011409 -0.302482 -0.565667 -0.000767 0.057584 -0.922270 -1.503625 0.020589 -0.460710 -0.878454 -0.533404 -0.120405 -0.411036 -0.803245 5.820500 5.820500 1.736926 1.736926 8.000000 0.010199 0.200000 0.723719 0.000000 -1.736926 -1.312489 -5.820500 -0.023420 0.016768 -0.029119
38.008038 2.000000 -0.297796 0.581283 0.009156 0.056002 0.926836 -1.508203 -0.011421 -0.302482 -0.565691 -0.000767 0.057596 -0.922222 -1.503625 0.020601 -0.387872 -1.110929 -0.478945 -0.118012 -0.333411 -0.642019 5.807805 5.807805 1.679278 1.679278 8.000000 0.010199 0.200000 0.699699 0.000000 -1.679278 -1.256810 -5.807805 -0.023292 0.017245 -0.021235
38.039231 2.000000 -0.297808 0.581295 0.009144 0.056002 0.926836 -1.508215 -0.011409 -0.302482 -0.565679 -0.000767 0.057596 -0.922234 -1.503613 0.020577 -0.361044 -1.073290 -0.499481 -0.065902 -0.549602 -0.630701 5.783391 5.783391 1.669787 1.669787 8.000000 0.010199 0.200000 0.695745 0.000000 -1.669787 -1.224734 -5.783391 -0.023547 0.017526 -0.018048
38.074527 2.000000 -0.297784 0.581283 0.009144 0.056002 0.926836 -1.508215 -0.011397 -0.302482 -0.565679 -0.000767 0.057596 -0.922246 -1.503613 0.020565 -0.332699 -1.001779 -0.456137 -0.088062 -0.541648 -0.635272 5.788884 5.788884 1.632648 1.632648 8.000000 0.010199 0.200000 0.680270 0.000000 -1.632648 -1.217388 -5.788884 -0.023095 0.017473 -0.015674
38.101892 2.000000 -0.297784 0.581295 0.009156 0.056002 0.926836 -1.508215 -0.011409 -0.302482 -0.565667 -0.000743 0.057596 -0.922246 -1.503625 0.020589 -0.373141 -0.930390 -0.424831 -0.066676 -0.455103 -0.749994 5.799992 5.799992 1.657474 1.657474 8.000000 0.010199 0.200000 0.690614 0.000000 -1.657474 -1.204260 -5.799992 -0.022956 0.017419 -0.016276
38.147226 2.000000 -0.297784 0.581283 0.009144 0.056002 0.926848 -1.508203 -0.011385 -0.302482 -0.565679 -0.000743 0.057596 -0.922246 -1.503625 0.020589 -0.501736 -1.073163 -0.314911 -0.075727 -0.589165 -0.767602 5.819401 5.819401 1.661181 1.661181 8.000000 0.010199 0.200000 0.692159 0.000000 -1.661181 -1.243071 -5.819401 -0.022837 0.017132 -0.020235
38.183097 2.000000 -0.297808 0.581295 0.009156 0.056002 0.926848 -1.508215 -0.011397 -0.302482 -0.565679 -0.000767 0.057608 -0.922246 -1.503625 0.020589 -0.396014 -0.903555 -0.343804 0.033676 -0.380705 -0.765378 5.826970 5.826970 1.706225 1.706225 8.000000 0.010199 0.200000 0.710927 0.000000 -1.706225 -1.262049 -5.826970 -0.023012 0.017275 -0.023321
38.217587 2.000000 -0.297772 0.581283 0.009180 0.056026 0.926848 -1.508215 -0.011397 -0.302482 -0.565667 -0.000767 0.057584 -0.922246 -1.503625 0.020589 -0.408425 -0.973618 -0.485577 0.133021 -0.330954 -0.762891 5.829167 5.829167 1.720874 1.720874 8.000000 0.010199 0.200000 0.717031 0.000000 -1.720874 -1.285120 -5.829167 -0.023166 0.017652 -0.025211
38.258670 2.000000 -0.297808 0.581283 0.009156 0.056014 0.926836 -1.508203 -0.011385 -0.302482 -0.565667 -0.000767 0.057584 -0.922246 -1.503625 0.020601 -0.271576 -1.111896 -0.373543 -0.038593 -0.613263 -0.647904 5.835392 5.835392 1.727603 1.727603 8.000000 0.010199 0.200000 0.719835 0.000000 -1.727603 -1.302841 -5.835392 -0.023646 0.016949 -0.027648
38.299191 2.000000 -0.297772 0.581283 0.009156 0.056014 0.926848 -1.508215 -0.011397 -0.302482 -0.565679 -0.000767 0.057596 -0.922234 -1.503625 0.020601 -0.296195 -0.884835 -0.418798 0.046678 -0.404619 -0.832757 5.819035 5.819035 1.677875 1.677875 8.000000 0.010199 0.200000 0.699114 0.000000 -1.677875 -1.261637 -5.819035 -0.022969 0.017554 -0.022555
38.340915 2.000000 -0.297784 0.581295 0.009156 0.056014 0.926848 -1.508215 -0.011409 -0.302482 -0.565679 -0.000743 0.057608 -0.922246 -1.503625 0.020601 -0.528720 -0.937167 -0.637790 0.062468 -0.427540 -0.707043 5.812077 5.812077 1.684573 1.684573 8.000000 0.010199 0.200000 0.701906 0.000000 -1.684573 -1.260927 -5.812077 -0.022885 0.017691 -0.020913
38.371494 2.000000 -0.297796 0.581295 0.009168 0.056014 0.926836 -1.508203 -0.011409 -0.302482 -0.565667 -0.000767 0.057608 -0.922246 -1.503613 0.020589 -0.338520 -1.079066 -0.520571 -0.036183 -0.541039 -0.858241 5.810734 5.810734 1.661517 1.661517 8.000000 0.010199 0.200000 0.692299 0.000000 -1.661517 -1.254141 -5.810734 -0.022677 0.017260 -0.021668
38.414030 2.000000 -0.297784 0.581283 0.009168 0.056002 0.926836 -1.508203 -0.011397 -0.302482 -0.565691 -0.000767 0.057584 -0.922246 -1.503613 0.020589 -0.327998 -1.000527 -0.450092 -0.309465 -0.316454 -0.704568 5.828312 5.828312 1.697513 1.697513 8.000000 0.010199 0.200000 0.707297 0.000000 -1.697513 -1.265332 -5.828312 -0.022865 0.017043 -0.024041
38.455335 2.000000 -0.297808 0.581283 0.009156 0.056002 0.926836 -1.508203 -0.011409 -0.302482 -0.565691 -0.000767 0.057584 -0.922246 -1.503589 0.020589 -0.261090 -1.065537 -0.464729 -0.126170 -0.401814 -0.603692 5.823063 5.823063 1.674701 1.674701 8.000000 0.010199 0.200000 0.697792 0.000000 -1.674701 -1.272305 -5.823063 -0.023236 0.017183 -0.022604
38.496734 2.000000 -0.297784 0.581271 0.009180 0.056002 0.926836 -1.508203 -0.011397 -0.302482 -0.565679 -0.000767 0.057596 -0.922246 -1.503613 0.020589 -0.397453 -0.986215 -0.448318 -0.004431 -0.482636 -0.753517 5.813176 5.813176 1.682467 1.682467 8.000000 0.010199 0.200000 0.701028 0.000000 -1.682467 -1.270697 -5.813176 -0.022257 0.017066 -0.024016
38.546508 2.000000 -0.297808 0.581283 0.009156 0.056002 0.926836 -1.508203 -0.011397 -0.302482 -0.565667 -0.000767 0.057596 -0.922246 -1.503625 0.020589 -0.454419 -0.848781 -0.524516 -0.174737 -0.494315 -0.650490 5.811223 5.811223 1.658954 1.658954 8.000000 0.010199 0.200000 0.691231 0.000000 -1.658954 -1.257355 -5.811223 -0.022580 0.017379 -0.021700
38.573892 2.000000 -0.297784 0.581283 0.009168 0.056014 0.926848 -1.508203 -0.011409 -0.302506 -0.565679 -0.000767 0.057596 -0.922246 -1.503649 0.020577 -0.343038 -1.068841 -0.520252 -0.059377 -0.594087 -0.679558 5.834904 5.834904 1.661731 1.661731 8.000000 0.010199 0.200000 0.692388 0.000000 -1.661731 -1.240574 -5.834904 -0.022755 0.017401 -0.020715
38.611540 2.000000 -0.297784 0.581283 0.009180 0.056014 0.926836 -1.508227 -0.011397 -0.302482 -0.565667 -0.000767 0.057596 -0.922222 -1.503613 0.020589 -0.449340 -0.880250 -0.449929 0.036748 -0.580535 -0.838167 5.807682 5.807682 1.625491 1.625491 8.000000 0.010199 0.200000 0.677288 0.000000 -1.625491 -1.217242 -5.807682 -0.023067 0.017427 -0.016209
38.651323 2.000000 -0.297772 0.581283 0.009156 0.056002 0.926848 -1.508203 -0.011397 -0.302482 -0.565679 -0.000767 0.057596 -0.922246 -1.503613 0.020589 -0.345705 -0.879323 -0.423183 -0.154565 -0.526032 -0.626347 5.789616 5.789616 1.610660 1.610660 8.000000 0.010199 0.200000 0.671108 0.000000 -1.610660 -1.186077 -5.789616 -0.022864 0.017558 -0.012235
38.689531 2.000000 -0.297796 0.581283 0.009180 0.056002 0.926836 -1.508203 -0.011385 -0.302482 -0.565691 -0.000767 0.057596 -0.922246 -1.503613 0.020577 -0.314526 -0.867302 -0.356866 -0.017186 -0.557272 -0.770228 5.776432 5.776432 1.593631 1.593631 8.000000 0.010199 0.200000 0.664013 0.000000 -1.593631 -1.182741 -5.776432 -0.022959 0.017508 -0.010549
38.732134 2.000000 -0.297784 0.581283 0.009156 0.056002 0.926836 -1.508203 -0.011397 -0.302482 -0.565655 -0.000767 0.057608 -0.922234 -1.503601 0.020577 -0.244753 -1.104055 -0.394345 0.008365 -0.321549 -0.759990 5.789860 5.789860 1.619891 1.619891 8.000000 0.010199 0.200000 0.674955 0.000000 -1.619891 -1.202265 -5.789860 -0.023072 0.017801 -0.014268
38.765141 2.000000 -0.297784 0.581283 0.009156 0.056014 0.926836 -1.508215 -0.011397 -0.302482 -0.565679 -0.000767 0.057584 -0.922234 -1.503613 0.020589 -0.491297 -0.981064 -0.586305 -0.153701 -0.394340 -0.678555 5.806462 5.806462 1.656177 1.656177 8.000000 0.010199 0.200000 0.690074 0.000000 -1.656177 -1.223439 -5.806462 -0.022330 0.017667 -0.019335
38.806936 2.000000 -0.297784 0.581283 0.009180 0.056014 0.926836 -1.508203 -0.011397 -0.302482 -0.565667 -0.000743 0.057572 -0.922222 -1.503613 0.020589 -0.319013 -0.930933 -0.419645 0.003971 -0.468070 -0.738907 5.815495 5.815495 1.659946 1.659946 8.000000 0.010199 0.200000 0.691644 0.000000 -1.659946 -1.242544 -5.815495 -0.023150 0.017084 -0.020923
38.841262 2.000000 -0.297808 0.581283 0.009180 0.056002 0.926836 -1.508203 -0.011397 -0.302482 -0.565667 -0.000743 0.057572 -0.922234 -1.503613 0.020589 -0.339296 -0.967999 -0.308371 -0.111688 -0.484596 -0.664139 5.809758 5.809758 1.661777 1.661777 8.000000 0.010199 0.200000 0.692407 0.000000 -1.661777 -1.243353 -5.809758 -0.023240 0.016919 -0.020754
38.871745 2.000000 -0.297784 0.581283 0.009180 0.056002 0.926836 -1.508215 -0.011397 -0.302482 -0.565667 -0.000767 0.057584 -0.922222 -1.503613 0.020589 -0.307062 -0.968272 -0.451501 -0.260481 -0.478929 -0.665226 5.831486 5.831486 1.674731 1.674731 8.000000 0.010199 0.200000 0.697805 0.000000 -1.674731 -1.243222 -5.831486 -0.023232 0.016809 -0.021425
38.910885 2.000000 -0.297796 0.581271 0.009180 0.056002 0.926836 -1.508215 -0.011397 -0.302482 -0.565667 -0.000767 0.057584 -0.922234 -1.503613 0.020601 -0.531618 -0.877467 -0.557505 -0.092512 -0.689558 -0.788748 5.809025 5.809025 1.670764 1.670764 8.000000 0.010199 0.200000 0.696152 0.000000 -1.670764 -1.236929 -5.809025 -0.022919 0.017041 -0.021549
38.944221 2.000000 -0.297784 0.581283 0.009144 0.056002 0.926824 -1.508203 -0.011397 -0.302506 -0.565667 -0.000767 0.057608 -0.922246 -1.503613 0.020589 -0.400150 -0.868481 -0.498068 0.074798 -0.337827 -0.770213 5.820256 5.820256 1.653247 1.653247 8.000000 0.010199 0.200000 0.688853 0.000000 -1.653247 -1.223261 -5.820256 -0.022363 0.017612 -0.017758
38.983070 2.000000 -0.297784 0.581283 0.009156 0.056014 0.926836 -1.508227 -0.011397 -0.302506 -0.565667 -0.000767 0.057596 -0.922234 -1.503601 0.020589 -0.327374 -1.027496 -0.434754 -0.172671 -0.573445 -0.638466 5.798039 5.798039 1.611590 1.611590 8.000000 0.010199 0.200000 0.671496 0.000000 -1.611590 -1.191496 -5.798039 -0.022933 0.017443 -0.013502
39.009656 2.000000 -0.297796 0.581283 0.009168 0.056014 0.926836 -1.508203 -0.011397 -0.302482 -0.565667 -0.000767 0.057596 -0.922234 -1.503601 0.020589 -0.380435 -0.951258 -0.526011 -0.039079 -0.503227 -0.709993 5.808293 5.808293 1.595813 1.595813 8.000000 0.010199 0.200000 0.664922 0.000000 -1.595813 -1.177346 -5.808293 -0.022460 0.017885 -0.011815
39.037252 2.000000 -0.297796 0.581295 0.009156 0.056002 0.926812 -1.508203 -0.011397 -0.302482 -0.565667 -0.000779 0.057584 -0.922234 -1.503589 0.020589 -0.438096 -0.885685 -0.339201 -0.101506 -0.504702 -0.675684 5.805119 5.805119 1.591495 1.591495 8.000000 0.010199 0.200000 0.663123 0.000000 -1.591495 -1.181973 -5.805119 -0.023367 0.017861 -0.010730
39.080853 2.000000 -0.297784 0.581271 0.009156 0.056002 0.926836 -1.508203 -0.011397 -0.302482 -0.565667 -0.000779 0.057608 -0.922222 -1.503589 0.020589 -0.326467 -1.076069 -0.471929 -0.025804 -0.567074 -0.753784 5.796818 5.796818 1.583087 1.583087 8.000000 0.010199 0.200000 0.659620 0.000000 -1.583087 -1.171015 -5.796818 -0.023146 0.017874 -0.010148
39.115670 2.000000 -0.297808 0.581295 0.009180 0.056014 0.926836 -1.508203 -0.011397 -0.302482 -0.565679 -0.000779 0.057584 -0.922246 -1.503601 0.020589 -0.297323 -1.154109 -0.489834 0.019516 -0.589682 -0.794543 5.791447 5.791447 1.597812 1.597812 8.000000 0.010199 0.200000 0.665755 0.000000 -1.597812 -1.178250 -5.791447 -0.023018 0.017507 -0.012004
39.149202 2.000000 -0.297808 0.581271 0.009180 0.056002 0.926836 -1.508203 -0.011409 -0.302482 -0.565679 -0.000767 0.057584 -0.922246 -1.503601 0.020589 -0.320461 -0.943747 -0.470527 -0.202397 -0.517556 -0.636975 5.795231 5.795231 1.626300 1.626300 8.000000 0.010199 0.200000 0.677625 0.000000 -1.626300 -1.204409 -5.795231 -0.022768 0.017185 -0.016053
39.189501 2.000000 -0.297808 0.581283 0.009144 0.056002 0.926836 -1.508203 -0.011409 -0.302506 -0.565667 -0.000779 0.057584 -0.922246 -1.503613 0.020589 -0.255703 -1.073453 -0.269272 -0.214549 -0.510684 -0.579533 5.791569 5.791569 1.656238 1.656238 8.000000 0.010199 0.200000 0.690099 0.000000 -1.656238 -1.236313 -5.791569 -0.022907 0.017851 -0.019906
39.229323 2.000000 -0.297784 0.581271 0.009156 0.056014 0.926836 -1.508203 -0.011397 -0.302482 -0.565667 -0.000779 0.057596 -0.922234 -1.503613 0.020589 -0.349912 -0.926753 -0.407736 -0.229126 -0.392733 -0.618482 5.772038 5.772038 1.619769 1.619769 8.000000 0.010199 0.200000 0.674904 0.000000 -1.619769 -1.195246 -5.772038 -0.023042 0.017202 -0.015416
39.272832 2.000000 -0.297784 0.581283 0.009180 0.056014 0.926836 -1.508203 -0.011397 -0.302482 -0.565679 -0.000779 0.057608 -0.922246 -1.503589 0.020601 -0.282627 -1.023282 -0.486162 0.042831 -0.367289 -0.854364 5.804997 5.804997 1.612369 1.612369 8.000000 0.010199 0.200000 0.671820 0.000000 -1.612369 -1.180985 -5.804997 -0.022708 0.017631 -0.013260
39.317725 2.000000 -0.297796 0.581283 0.009180 0.056002 0.926836 -1.508215 -0.011409 -0.302506 -0.565667 -0.000779 0.057596 -0.922246 -1.503601 0.020577 -0.325278 -0.979605 -0.394717 -0.174430 -0.443369 -0.618550 5.802311 5.802311 1.597995 1.597995 8.000000 0.010199 0.200000 0.665831 0.000000 -1.597995 -1.166912 -5.802311 -0.022253 0.017798 -0.012171
39.357980 2.000000 -0.297808 0.581271 0.009180 0.056014 0.926812 -1.508203 -0.011409 -0.302506 -0.565667 -0.000779 0.057596 -0.922234 -1.503577 0.020589 -0.247950 -1.052443 -0.494743 -0.320801 -0.518824 -0.525763 5.797184 5.797184 1.592090 1.592090 8.000000 0.010199 0.200000 0.663371 0.000000 -1.592090 -1.194613 -5.797184 -0.022771 0.017496 -0.012301
39.409576 2.000000 -0.297784 0.581259 0.009156 0.056002 0.926836 -1.508203 -0.011397 -0.302506 -0.565655 -0.000803 0.057596 -0.922246 -1.503577 0.020589 -0.424028 -1.019191 -0.293235 -0.021247 -0.519007 -0.747709 5.805607 5.805607 1.618838 1.618838 8.000000 0.010199 0.200000 0.674516 0.000000 -1.618838 -1.194838 -5.805607 -0.022457 0.018047 -0.015185
39.449919 2.000000 -0.297796 0.581283 0.009180 0.056002 0.926824 -1.508203 -0.011409 -0.302506 -0.565655 -0.000779 0.057596 -0.922246 -1.503577 0.020589 -0.316647 -0.955195 -0.405564 0.008671 -0.543267 -0.842632 5.814518 5.814518 1.595614 1.595614 8.000000 0.010199 0.200000 0.664839 0.000000 -1.595614 -1.190508 -5.814518 -0.021989 0.018130 -0.013475
39.480753 2.000000 -0.297772 0.581247 0.009180 0.056002 0.926836 -1.508203 -0.011397 -0.302482 -0.565667 -0.000779 0.057596 -0.922222 -1.503577 0.020601 -0.463643 -0.986242 -0.477190 -0.151445 -0.661961 -0.740177 5.811100 5.811100 1.595569 1.595569 8.000000 0.010199 0.200000 0.664820 0.000000 -1.595569 -1.157696 -5.811100 -0.022082 0.018183 -0.011047
39.537860 2.000000 -0.297784 0.581247 0.009156 0.056002 0.926812 -1.508203 -0.011397 -0.302482 -0.565667 -0.000803 0.057596 -0.922234 -1.503577 0.020613 -0.303354 -1.186445 -0.200563 0.049840 -0.717420 -0.688778 5.803044 5.803044 1.545367 1.545367 8.000000 0.010199 0.200000 0.643903 0.000000 -1.545367 -1.150189 -5.803044 -0.022964 0.018061 -0.006988
39.568008 2.000000 -0.297808 0.581259 0.009180 0.056002 0.926836 -1.508203 -0.011385 -0.302482 -0.565667 -0.000779 0.057596 -0.922246 -1.503565 0.020601 -0.302942 -1.175825 -0.438497 -0.022577 -0.397996 -0.670597 5.826970 5.826970 1.550479 1.550479 8.000000 0.010199 0.200000 0.646033 0.000000 -1.550479 -1.130398 -5.826970 -0.021857 0.018365 -0.005502
39.605786 2.000000 -0.297784 0.581259 0.009156 0.056002 0.926836 -1.508203 -0.011409 -0.302482 -0.565667 -0.000779 0.057596 -0.922234 -1.503577 0.020577 -0.287152 -1.060152 -0.467017 0.006502 -0.477280 -0.741114 5.804509 5.804509 1.490817 1.490817 8.000000 0.010199 0.200000 0.621174 0.000000 -1.490817 -1.094574 -5.804509 -0.022296 0.018403 0.000151
39.651617 2.000000 -0.297808 0.581271 0.009156 0.056002 0.926836 -1.508203 -0.011397 -0.302482 -0.565667 -0.000779 0.057608 -0.922246 -1.503565 0.020601 -0.477847 -0.870704 -0.525293 -0.182106 -0.525383 -0.704623 5.809025 5.809025 1.476398 1.476398 8.000000 0.010199 0.200000 0.615166 0.000000 -1.476398 -1.065949 -5.809025 -0.021680 0.018977 0.003202
39.700540 2.000000 -0.297808 0.581271 0.009168 0.056002 0.926812 -1.508203 -0.011397 -0.302506 -0.565667 -0.000803 0.057596 -0.922246 -1.503553 0.020589 -0.383675 -1.037926 -0.423284 -0.008315 -0.583867 -0.687598 5.821476 5.821476 1.486835 1.486835 8.000000 0.010199 0.200000 0.619514 0.000000 -1.486835 -1.084400 -5.821476 -0.022498 0.018864 0.002441
39.743270 2.000000 -0.297808 0.581247 0.009156 0.056002 0.926824 -1.508203 -0.011409 -0.302506 -0.565655 -0.000803 0.057596 -0.922234 -1.503565 0.020613 -0.464627 -0.996479 -0.610447 0.027408 -0.482541 -0.849651 5.832585 5.832585 1.461795 1.461795 8.000000 0.010199 0.200000 0.609081 0.000000 -1.461795 -1.073612 -5.832585 -0.021926 0.018832 0.003729
39.789294 2.000000 -0.297784 0.581247 0.009180 0.056014 0.926836 -1.508191 -0.011385 -0.302482 -0.565667 -0.000803 0.057596 -0.922234 -1.503553 0.020589 -0.381015 -0.847669 -0.440997 -0.242377 -0.455011 -0.668181 5.803898 5.803898 1.479190 1.479190 8.000000 0.010199 0.200000 0.616329 0.000000 -1.479190 -1.084389 -5.803898 -0.021755 0.019172 0.001453
39.826264 2.000000 -0.297784 0.581247 0.009156 0.056014 0.926836 -1.508203 -0.011409 -0.302482 -0.565655 -0.000803 0.057596 -0.922246 -1.503553 0.020589 -0.432385 -0.929209 -0.502427 -0.095673 -0.402089 -0.626208 5.811100 5.811100 1.496783 1.496783 8.000000 0.010199 0.200000 0.623660 0.000000 -1.496783 -1.093642 -5.811100 -0.021660 0.018957 0.000396
39.872624 2.000000 -0.297784 0.581235 0.009180 0.056002 0.926836 -1.508191 -0.011397 -0.302482 -0.565667 -0.000803 0.057596 -0.922234 -1.503553 0.020589 -0.357608 -0.872315 -0.277053 -0.009282 -0.670619 -0.697386 5.824040 5.824040 1.470462 1.470462 8.000000 0.010199 0.200000 0.612692 0.000000 -1.470462 -1.078345 -5.824040 -0.021949 0.019119 0.003374
39.906882 2.000000 -0.297808 0.581247 0.009180 0.056002 0.926812 -1.508203 -0.011409 -0.302518 -0.565667 -0.000803 0.057584 -0.922234 -1.503553 0.020589 -0.376518 -0.887182 -0.345597 0.034736 -0.527245 -0.760591 5.843327 5.843327 1.487506 1.487506 8.000000 0.010199 0.200000 0.619794 0.000000 -1.487506 -1.089623 -5.843327 -0.022071 0.018984 0.000970
39.957861 2.000000 -0.297796 0.581223 0.009180 0.056002 0.926824 -1.508191 -0.011409 -0.302506 -0.565667 -0.000815 0.057596 -0.922234 -1.503469 0.020577 -0.436028 -0.945092 -0.396898 0.120039 -0.626950 -0.831959 5.805241 5.805241 1.488849 1.488849 8.000000 0.010199 0.200000 0.620354 0.000000 -1.488849 -1.113579 -5.805241 -0.022399 0.018332 -0.001815
39.999134 2.000000 -0.297784 0.581235 0.009180 0.056002 0.926812 -1.508203 -0.011397 -0.302506 -0.565667 -0.000827 0.057608 -0.922246 -1.503469 0.020601 -0.488074 -0.903896 -0.363517 0.013664 -0.266169 -0.940664 5.831730 5.831730 1.519565 1.519565 8.000000 0.010199 0.200000 0.633152 0.000000 -1.519565 -1.126438 -5.831730 -0.022033 0.018427 -0.003982
40.042829 2.000000 -0.297808 0.581235 0.009180 0.056014 0.926836 -1.508179 -0.011409 -0.302506 -0.565667 -0.000827 0.057596 -0.922234 -1.503445 0.020601 -0.408608 -0.864839 -0.272664 -0.116875 -0.532788 -0.630993 5.833073 5.833073 1.524371 1.524371 8.000000 0.010199 0.200000 0.635155 0.000000 -1.524371 -1.150269 -5.833073 -0.022394 0.018427 -0.005245
40.078771 2.000000 -0.297808 0.581211 0.009180 0.056002 0.926836 -1.508143 -0.011397 -0.302542 -0.565679 -0.000839 0.057584 -0.922246 -1.503409 0.020601 -0.415556 -0.884535 -0.288782 -0.084437 -0.705982 -0.755790 5.849431 5.849431 1.536899 1.536899 8.000000 0.010199 0.200000 0.640374 0.000000 -1.536899 -1.149760 -5.849431 -0.022024 0.018729 -0.006330
# 记录总帧数: 1159
