# SIFR双臂协作搬运实验数据（固定期望内力）
# 方法: SIFR (Static Internal Force Regulation)
# 时间: 2026-09-04 01:37:12.365366
# 阶段: MOVE=10.0s, GRASP=10.0s, TEST=30.0s
# 固定内力: F_fixed=16.35
# 列: time phase(0=MOVE,1=GRASP,2=TEST) left_q(7) right_q(7) left_dq(7) right_dq(7) left_gmo_F(3) right_gmo_F(3) tactile_left tactile_right F_E(估计外力) F_I_des(期望内力=固定) F_I_est(实际内力) delta(滑动位移,仅记录) delta_roll(肩roll偏移) fc(摩擦锥裕度) difr_active(始终0) left_tactile_5f(5) right_tactile_5f(5)
#================================================================================
0.004765 0.000000 0.176384 0.196074 -0.205721 1.013961 -0.310128 0.312908 0.077071 0.105953 -0.019067 0.247894 0.833095 0.296346 0.301499 -0.055331 -0.001534 0.003068 0.004602 -0.001534 0.000000 0.018408 -0.012272 0.006136 -0.015340 -0.009204 -0.010738 0.006136 -0.006136 0.006136 -0.032267 0.027137 0.441284 0.046608 -0.039693 0.173811 0.000000 0.060000 0.037167 16.350000 0.030000 0.000000 0.000000 0.000000 0.000000 0.000000 0.000000 0.000000 0.000000 0.000000 0.011000 0.000000 0.000000 0.049000 0.000000
0.057936 0.000000 0.176384 0.196086 -0.205745 1.013985 -0.310104 0.312908 0.077071 0.105953 -0.019067 0.247894 0.833095 0.296334 0.301511 -0.055331 -0.004602 0.009204 0.012272 0.003068 -0.003068 0.018408 0.018408 0.003068 0.004602 0.001534 -0.018408 -0.009204 0.000000 -0.006136 -0.311856 0.338715 4.418662 0.583800 0.113246 1.614788 0.000000 0.060000 0.376042 16.350000 0.030000 0.000000 0.000000 0.000000 0.000000 0.000000 0.000000 0.000000 0.000000 0.000000 0.011000 0.000000 0.000000 0.049000 0.000000
0.080105 0.000000 0.176384 0.196074 -0.205745 1.013973 -0.310128 0.312884 0.077071 0.105953 -0.019067 0.247870 0.833119 0.296322 0.301511 -0.055331 -0.001534 -0.012272 0.000000 0.000000 -0.001534 0.000000 -0.006136 0.003068 -0.001534 0.000000 -0.013806 -0.001534 0.000000 0.006136 -0.392072 0.338381 5.604213 0.732996 0.121445 2.070862 0.000000 0.060000 0.452840 16.350000 0.030000 0.000000 0.000000 0.000000 0.000000 0.000000 0.000000 0.000000 0.000000 0.000000 0.011000 0.000000 0.000000 0.049000 0.000000
0.098895 0.000000 0.176384 0.196086 -0.205721 1.013961 -0.310128 0.312896 0.077059 0.105953 -0.019067 0.247870 0.833119 0.296322 0.301511 -0.055343 -0.004602 -0.006136 0.007670 -0.016874 -0.013806 0.006136 -0.018408 0.000000 0.010738 -0.004602 0.009204 0.000000 0.006136 -0.006136 -0.436896 0.388979 6.671342 0.863535 0.164944 2.331355 0.000000 0.060000 0.527987 16.350000 0.030000 0.000000 0.000000 0.000000 0.000000 0.000000 0.000000 0.000000 0.000000 0.000000 0.011000 0.000000 0.000000 0.049000 0.000000
0.120645 0.000000 0.176384 0.196110 -0.205733 1.013973 -0.310128 0.312884 0.077059 0.105953 -0.019067 0.247918 0.833143 0.296334 0.301499 -0.055331 0.006136 0.001534 0.000000 0.006136 0.001534 -0.018408 -0.018408 0.015340 0.000000 -0.009204 0.006136 -0.012272 -0.006136 0.000000 -0.582723 0.456786 7.747301 0.946777 0.138099 2.727226 0.000000 0.060000 0.604913 16.350000 0.030000 0.000000 0.000000 0.000000 0.000000 0.000000 0.000000 0.000000 0.000000 0.000000 0.011000 0.000000 0.000000 0.049000 0.000000
0.141698 0.000000 0.176384 0.196062 -0.205733 1.013961 -0.310152 0.312896 0.077071 0.105929 -0.019067 0.247894 0.833143 0.296298 0.301523 -0.055331 0.001534 0.001534 -0.004602 -0.003068 -0.003068 0.000000 0.018408 0.012272 0.000000 0.016874 -0.004602 -0.003068 0.024544 0.000000 -0.642225 0.516690 8.635085 1.061732 0.185566 3.031132 0.000000 0.060000 0.678441 16.350000 0.030000 0.000000 0.000000 0.000000 0.000000 0.000000 0.000000 0.000000 0.000000 0.000000 0.011000 0.000000 0.000000 0.049000 0.000000
0.167685 0.000000 0.176384 0.196038 -0.205721 1.013973 -0.310152 0.312884 0.077071 0.105929 -0.019067 0.247906 0.833143 0.296322 0.301535 -0.055331 0.001534 -0.010738 0.012272 0.003068 0.000000 -0.012272 0.006136 0.000000 0.001534 0.019942 0.003068 -0.001534 0.024544 0.000000 -0.698423 0.551290 9.488471 1.216980 0.210769 3.346506 0.000000 0.060000 0.761114 16.350000 0.030000 0.000000 0.000000 0.000000 0.000000 0.000000 0.000000 0.000000 0.000000 0.000000 0.011000 0.000000 0.000000 0.049000 0.000000
0.186140 0.000000 0.176384 0.196098 -0.205709 1.013961 -0.310128 0.312896 0.077071 0.105905 -0.019055 0.247942 0.833131 0.296322 0.301499 -0.055331 0.009204 0.001534 -0.009204 -0.010738 -0.010738 0.000000 0.000000 0.003068 -0.009204 0.023010 -0.007670 -0.007670 -0.018408 0.000000 -0.779843 0.559486 10.306194 1.306594 0.191842 3.595590 0.000000 0.060000 0.816268 16.350000 0.030000 0.000000 0.000000 0.000000 0.000000 0.000000 0.000000 0.000000 0.000000 0.000000 0.011000 0.000000 0.000000 0.049000 0.000000
0.210699 0.000000 0.176384 0.195966 -0.205697 1.013961 -0.310104 0.312908 0.077071 0.105905 -0.019067 0.247954 0.833143 0.296358 0.301511 -0.055331 0.007670 -0.021476 -0.003068 -0.004602 -0.007670 0.024544 0.006136 0.003068 -0.009204 0.007670 -0.010738 0.003068 0.012272 0.000000 -0.870164 0.520676 11.239598 1.386434 0.197921 3.839540 0.000000 0.060000 0.864532 16.350000 0.030000 0.000000 0.000000 0.000000 0.000000 0.000000 0.000000 0.000000 0.000000 0.000000 0.011000 0.000000 0.000000 0.049000 0.000000
0.240284 0.000000 0.176372 0.196110 -0.205733 1.013973 -0.310296 0.312908 0.077059 0.104610 -0.018851 0.247894 0.835360 0.296334 0.301283 -0.055295 0.000000 0.013806 -0.001534 0.006136 0.000000 0.000000 -0.006136 -0.001534 -0.004602 0.003068 0.029146 0.000000 0.000000 0.012272 -0.915456 0.681165 12.034203 1.329693 0.167146 4.614290 0.000000 0.060000 0.880066 16.350000 0.030000 0.000000 0.000000 0.000000 0.000000 0.000000 0.000000 0.000000 0.000000 0.000000 0.011000 0.000000 0.000000 0.049000 0.000000
0.275066 0.000000 0.176384 0.196086 -0.205733 1.013973 -0.310415 0.312896 0.077059 0.104490 -0.018779 0.247978 0.835504 0.296322 0.301271 -0.055319 0.000000 0.000000 0.000000 0.003068 0.012272 -0.006136 -0.006136 -0.009204 0.003068 -0.004602 -0.004602 -0.007670 0.000000 0.006136 -0.939290 0.724224 12.636850 1.373082 0.183198 5.435010 0.000000 0.060000 0.911823 16.350000 0.030000 0.000000 0.000000 0.000000 0.000000 0.000000 0.000000 0.000000 0.000000 0.000000 0.011000 0.000000 0.000000 0.049000 0.000000
0.306521 0.000000 0.176372 0.196038 -0.205733 1.013985 -0.310475 0.312896 0.077071 0.104455 -0.018779 0.247906 0.835552 0.296322 0.301283 -0.055319 0.000000 -0.009204 0.001534 0.000000 0.000000 0.000000 0.012272 0.003068 -0.004602 0.004602 0.015340 0.003068 0.000000 0.012272 -0.975410 0.703531 13.269188 1.232577 0.128584 6.093789 0.000000 0.060000 0.863447 16.350000 0.030000 0.000000 0.000000 0.000000 0.000000 0.000000 0.000000 0.000000 0.000000 0.000000 0.011000 0.000000 0.000000 0.049000 0.000000
0.339166 0.000000 0.176372 0.196110 -0.205721 1.013985 -0.310523 0.312932 0.077071 0.104347 -0.018755 0.247942 0.835624 0.296334 0.301271 -0.055331 -0.009204 0.007670 0.009204 -0.003068 0.003068 0.012272 0.000000 0.003068 0.004602 -0.010738 0.000000 0.000000 -0.006136 -0.006136 -0.977470 0.767965 13.827353 1.198034 0.108637 6.707735 0.000000 0.060000 0.864914 16.350000 0.030000 0.000000 0.000000 0.000000 0.000000 0.000000 0.000000 0.000000 0.000000 0.000000 0.011000 0.000000 0.000000 0.049000 0.000000
0.382088 0.000000 0.176372 0.196038 -0.205721 1.013973 -0.310559 0.312908 0.077059 0.104359 -0.018719 0.247954 0.835660 0.296370 0.301259 -0.055331 0.003068 0.006136 0.015340 -0.003068 0.000000 0.000000 0.000000 -0.007670 0.003068 0.009204 0.007670 0.016874 -0.006136 -0.006136 -1.078910 0.805580 14.403516 1.286016 0.098663 6.950831 0.000000 0.060000 0.932279 16.350000 0.030000 0.000000 0.000000 0.000000 0.000000 0.000000 0.000000 0.000000 0.000000 0.000000 0.011000 0.000000 0.000000 0.049000 0.000000
0.410483 0.000000 0.176372 0.196086 -0.205697 1.013985 -0.310571 0.312908 0.077059 0.104335 -0.018695 0.247954 0.835696 0.296346 0.301247 -0.055319 -0.009204 -0.001534 0.013806 -0.009204 -0.009204 0.000000 0.000000 0.003068 -0.003068 -0.006136 0.004602 -0.018408 -0.012272 -0.006136 -1.033116 0.838640 14.526700 1.246912 0.065924 7.332880 0.000000 0.060000 0.912384 16.350000 0.030000 0.000000 0.000000 0.000000 0.000000 0.000000 0.000000 0.000000 0.000000 0.000000 0.011000 0.000000 0.000000 0.049000 0.000000
0.449698 0.000000 0.176384 0.196038 -0.205745 1.013997 -0.310571 0.312908 0.077071 0.104311 -0.018695 0.247870 0.835696 0.296358 0.301247 -0.055331 0.010738 -0.013806 0.010738 -0.015340 0.006136 0.000000 0.006136 0.013806 0.001534 0.001534 0.000000 -0.007670 -0.018408 0.000000 -1.146454 0.761493 15.127383 1.162436 0.090059 7.741495 0.000000 0.060000 0.901887 16.350000 0.030000 0.000000 0.000000 0.000000 0.000000 0.000000 0.000000 0.000000 0.000000 0.000000 0.011000 0.000000 0.000000 0.049000 0.000000
0.482285 0.000000 0.176372 0.196086 -0.205709 1.013997 -0.310583 0.312908 0.077071 0.104311 -0.018707 0.247930 0.835732 0.296358 0.301259 -0.055319 -0.004602 0.024544 -0.004602 0.000000 -0.003068 0.000000 0.000000 0.009204 0.006136 0.001534 0.012272 -0.009204 0.006136 0.000000 -1.135362 0.864977 15.474920 1.115770 0.102184 8.019015 0.000000 0.060000 0.907278 16.350000 0.030000 0.000000 0.000000 0.000000 0.000000 0.000000 0.000000 0.000000 0.000000 0.000000 0.011000 0.000000 0.000000 0.049000 0.000000
0.516450 0.000000 0.176372 0.196110 -0.205745 1.013997 -0.310571 0.312896 0.077071 0.104311 -0.018719 0.247906 0.835720 0.296358 0.301235 -0.055331 -0.015340 0.012272 0.003068 -0.001534 -0.004602 -0.006136 -0.030680 0.009204 0.000000 0.018408 -0.003068 -0.018408 -0.006136 0.000000 -1.082892 0.852567 15.379306 1.100163 0.100489 8.305153 0.000000 0.060000 0.883174 16.350000 0.030000 0.000000 0.000000 0.000000 0.000000 0.000000 0.000000 0.000000 0.000000 0.000000 0.011000 0.000000 0.000000 0.049000 0.000000
0.542788 0.000000 0.176348 0.196074 -0.205733 1.013985 -0.310571 0.312908 0.077095 0.104311 -0.018731 0.247894 0.835732 0.296382 0.301271 -0.055319 0.000000 0.021476 0.000000 -0.001534 0.007670 -0.006136 0.030680 0.000000 0.006136 0.012272 0.012272 -0.001534 0.042951 0.000000 -1.160198 0.911976 15.542337 1.111859 0.119398 8.349249 0.000000 0.060000 0.925776 16.350000 0.030000 0.000000 0.000000 0.000000 0.000000 0.000000 0.000000 0.000000 0.000000 0.000000 0.011000 0.000000 0.000000 0.049000 0.000000
0.566062 0.000000 0.176372 0.196062 -0.205733 1.013985 -0.310571 0.312908 0.077071 0.104335 -0.018755 0.247906 0.835732 0.296358 0.301223 -0.055331 -0.004602 -0.006136 0.007670 0.000000 -0.006136 0.006136 0.000000 0.004602 0.000000 0.003068 0.013806 -0.003068 -0.018408 -0.006136 -1.136541 0.849741 15.438512 1.164164 0.096027 8.328861 0.000000 0.060000 0.919006 16.350000 0.030000 0.000000 0.000000 0.000000 0.000000 0.000000 0.000000 0.000000 0.000000 0.000000 0.011000 0.000000 0.000000 0.049000 0.000000
0.586457 0.000000 0.176372 0.196062 -0.205745 1.013961 -0.310571 0.312896 0.077071 0.104335 -0.018731 0.247954 0.835744 0.296358 0.301212 -0.055331 0.003068 0.004602 0.015340 -0.013806 0.000000 -0.006136 0.000000 -0.006136 0.021476 -0.004602 0.003068 -0.013806 -0.012272 -0.006136 -1.153549 0.894786 15.568791 1.227498 0.150204 8.366162 0.000000 0.060000 0.956638 16.350000 0.030000 0.000000 0.000000 0.000000 0.000000 0.000000 0.000000 0.000000 0.000000 0.000000 0.011000 0.000000 0.000000 0.049000 0.000000
0.613296 0.000000 0.176372 0.196026 -0.205733 1.013985 -0.310571 0.312908 0.077083 0.104347 -0.018755 0.247906 0.835744 0.296346 0.301212 -0.055319 0.004602 -0.001534 0.006136 -0.010738 0.001534 0.012272 0.012272 0.003068 -0.004602 -0.004602 -0.009204 0.001534 0.000000 0.000000 -1.185620 0.878845 15.610923 1.238948 0.082734 8.321934 0.000000 0.060000 0.964352 16.350000 0.030000 0.000000 0.000000 0.000000 0.000000 0.000000 0.000000 0.000000 0.000000 0.000000 0.011000 0.000000 0.000000 0.049000 0.000000
0.636781 0.000000 0.176372 0.196086 -0.205745 1.013985 -0.310571 0.312896 0.077071 0.104347 -0.018743 0.247930 0.835768 0.296358 0.301176 -0.055331 0.007670 0.006136 0.009204 0.000000 -0.001534 0.000000 -0.006136 0.007670 0.000000 -0.007670 0.000000 -0.001534 -0.012272 0.000000 -1.212496 0.898795 15.678069 1.251989 0.095240 8.267550 0.000000 0.060000 0.981647 16.350000 0.030000 0.000000 0.000000 0.000000 0.000000 0.000000 0.000000 0.000000 0.000000 0.000000 0.011000 0.000000 0.000000 0.049000 0.000000
0.670526 0.000000 0.176372 0.196062 -0.205733 1.013985 -0.310583 0.312908 0.077059 0.104347 -0.018755 0.247942 0.835732 0.296322 0.301188 -0.055319 0.003068 0.007670 -0.001534 0.000000 -0.007670 0.000000 -0.006136 0.007670 -0.010738 0.001534 0.003068 0.001534 0.000000 0.000000 -1.209982 0.891332 15.726295 1.277259 0.091228 8.204691 0.000000 0.060000 0.987198 16.350000 0.030000 0.000000 0.000000 0.000000 0.000000 0.000000 0.000000 0.000000 0.000000 0.000000 0.011000 0.000000 0.000000 0.049000 0.000000
0.697156 0.000000 0.176372 0.196086 -0.205745 1.013985 -0.310583 0.312896 0.077059 0.104371 -0.018755 0.247930 0.835732 0.296322 0.301188 -0.055319 0.000000 -0.006136 0.012272 -0.001534 -0.003068 0.024544 0.006136 0.003068 -0.009204 0.000000 0.010738 -0.016874 0.030680 0.000000 -1.190343 0.903109 15.646189 1.377901 0.117063 7.821151 0.000000 0.060000 1.017944 16.350000 0.030000 0.000000 0.000000 0.000000 0.000000 0.000000 0.000000 0.000000 0.000000 0.000000 0.011000 0.000000 0.000000 0.049000 0.000000
0.726000 0.000000 0.176372 0.196086 -0.205757 1.013973 -0.310583 0.312872 0.077071 0.104359 -0.018755 0.247954 0.835708 0.296358 0.301164 -0.055319 -0.015340 0.000000 -0.004602 -0.010738 -0.006136 -0.024544 0.012272 0.003068 -0.006136 0.000000 -0.004602 -0.012272 -0.012272 0.000000 -1.089840 0.936682 15.535726 1.516023 0.148289 7.508043 0.000000 0.060000 1.047072 16.350000 0.030000 0.000000 0.000000 0.000000 0.000000 0.000000 0.000000 0.000000 0.000000 0.000000 0.011000 0.000000 0.000000 0.049000 0.000000
0.764794 0.000000 0.176372 0.196038 -0.205757 1.013973 -0.310583 0.312872 0.077071 0.104347 -0.018743 0.247954 0.835696 0.296322 0.301092 -0.055319 -0.001534 -0.003068 -0.009204 0.003068 -0.004602 -0.006136 0.012272 0.000000 0.007670 -0.004602 0.007670 -0.009204 -0.006136 -0.006136 -1.115408 1.042507 14.801433 1.620629 0.202313 7.097025 0.000000 0.060000 1.117847 16.350000 0.030000 0.000000 0.000000 0.000000 0.000000 0.000000 0.000000 0.000000 0.000000 0.000000 0.011000 0.000000 0.000000 0.049000 0.000000
0.799517 0.000000 0.176372 0.196026 -0.205745 1.013961 -0.310571 0.312908 0.077083 0.104371 -0.018731 0.247906 0.835708 0.296346 0.301104 -0.055331 0.000000 -0.019942 -0.010738 -0.006136 0.000000 0.012272 0.012272 0.004602 -0.001534 -0.001534 -0.004602 -0.004602 0.000000 -0.012272 -1.070130 1.081857 14.220664 1.695398 0.191086 6.829221 0.000000 0.060000 1.143075 16.350000 0.030000 0.000000 0.000000 0.000000 0.000000 0.000000 0.000000 0.000000 0.000000 0.000000 0.011000 0.000000 0.000000 0.049000 0.000000
0.827814 0.000000 0.176372 0.196062 -0.205733 1.013961 -0.310583 0.312872 0.077059 0.104371 -0.018743 0.247930 0.835708 0.296322 0.301092 -0.055319 0.004602 0.000000 0.000000 -0.006136 -0.003068 0.000000 0.006136 0.004602 0.001534 0.000000 0.018408 -0.006136 0.000000 -0.012272 -1.081641 1.198718 14.058666 1.717933 0.212685 6.635165 0.000000 0.060000 1.183575 16.350000 0.030000 0.000000 0.000000 0.000000 0.000000 0.000000 0.000000 0.000000 0.000000 0.000000 0.011000 0.000000 0.000000 0.049000 0.000000
0.874814 0.000000 0.176372 0.196038 -0.205757 1.013973 -0.310571 0.312872 0.077071 0.104371 -0.018743 0.247990 0.835684 0.296346 0.301008 -0.055319 -0.003068 0.003068 0.003068 0.010738 -0.001534 0.000000 0.018408 -0.003068 0.001534 0.004602 -0.016874 0.006136 0.000000 0.000000 -0.952590 1.440432 12.852012 1.866781 0.247388 6.370237 0.000000 0.060000 1.277531 16.350000 0.030000 0.000000 0.000000 0.000000 0.000000 0.000000 0.000000 0.000000 0.000000 0.000000 0.011000 0.000000 0.000000 0.049000 0.000000
0.915798 0.000000 0.176348 0.196014 -0.205769 1.013961 -0.310583 0.312848 0.077059 0.104431 -0.018731 0.247954 0.835684 0.296370 0.300912 -0.055331 -0.003068 -0.001534 -0.003068 -0.006136 -0.009204 0.006136 0.000000 0.001534 -0.004602 0.015340 0.003068 -0.012272 -0.024544 -0.018408 -0.918387 1.464549 12.645293 1.869051 0.238564 6.217962 0.000000 0.060000 1.278535 16.350000 0.030000 0.000000 0.000000 0.000000 0.000000 0.000000 0.000000 0.000000 0.000000 0.000000 0.011000 0.000000 0.000000 0.049000 0.000000
0.951428 0.000000 0.176372 0.196098 -0.205781 1.013889 -0.310583 0.312848 0.077071 0.104455 -0.018743 0.247954 0.835648 0.296322 0.300900 -0.055319 -0.006136 0.015340 0.004602 -0.015340 -0.003068 0.000000 0.018408 0.001534 -0.003068 0.001534 0.000000 -0.026078 0.000000 0.000000 -0.832579 1.633013 12.042724 1.954070 0.249387 5.975944 0.000000 0.060000 1.345409 16.350000 0.030000 0.000000 0.000000 0.000000 0.000000 0.000000 0.000000 0.000000 0.000000 0.000000 0.011000 0.000000 0.000000 0.049000 0.000000
0.982520 0.000000 0.176372 0.196014 -0.205781 1.013853 -0.310583 0.312812 0.077047 0.104490 -0.018755 0.247966 0.835612 0.296322 0.300708 -0.055331 0.006136 -0.006136 0.001534 -0.003068 -0.003068 -0.012272 -0.012272 0.000000 -0.004602 -0.004602 0.000000 -0.016874 0.000000 0.000000 -0.852984 1.631776 11.452790 2.066657 0.260134 5.632846 0.000000 0.060000 1.390055 16.350000 0.030000 0.000000 0.000000 0.000000 0.000000 0.000000 0.000000 0.000000 0.000000 0.000000 0.011000 0.000000 0.000000 0.049000 0.000000
1.007916 0.000000 0.176408 0.196134 -0.205793 1.013698 -0.310583 0.312764 0.077071 0.104646 -0.018755 0.247954 0.835468 0.296322 0.300277 -0.055319 0.000000 -0.006136 -0.007670 0.004602 0.001534 -0.012272 0.018408 -0.001534 -0.004602 0.012272 0.003068 0.004602 0.000000 -0.006136 -0.775439 1.780590 10.621845 2.172463 0.310098 5.149836 0.000000 0.060000 1.465227 16.350000 0.030000 0.000000 0.000000 0.000000 0.000000 0.000000 0.000000 0.000000 0.000000 0.000000 0.011000 0.000000 0.000000 0.049000 0.000000
1.037093 0.000000 0.176420 0.196050 -0.205745 1.013674 -0.310583 0.312764 0.077059 0.104646 -0.018743 0.247930 0.835468 0.296322 0.300241 -0.055319 0.000000 0.000000 0.013806 -0.021476 -0.013806 0.000000 0.000000 0.010738 -0.010738 -0.009204 0.004602 0.009204 0.000000 -0.006136 -0.687380 1.896727 9.939409 2.223891 0.292411 4.775104 0.000000 0.060000 1.508415 16.350000 0.030000 0.000000 0.000000 0.000000 0.000000 0.000000 0.000000 0.000000 0.000000 0.000000 0.011000 0.000000 0.000000 0.049000 0.000000
1.062800 0.000000 0.176444 0.196110 -0.205793 1.013566 -0.310607 0.312728 0.077059 0.104778 -0.018791 0.247966 0.835336 0.296310 0.299965 -0.055307 0.000000 0.001534 0.004602 -0.013806 -0.010738 0.000000 0.000000 0.000000 -0.006136 -0.027612 -0.007670 0.001534 0.000000 0.006136 -0.627672 2.064619 8.928328 2.439715 0.352951 4.177493 0.000000 0.060000 1.638094 16.350000 0.030000 0.000000 0.000000 0.000000 0.000000 0.000000 0.000000 0.000000 0.000000 0.000000 0.011000 0.000000 0.000000 0.049000 0.000000
1.083331 0.000000 0.176444 0.196074 -0.205793 1.013458 -0.310571 0.312716 0.077047 0.104838 -0.018791 0.248014 0.835301 0.296322 0.299881 -0.055319 0.000000 0.000000 0.007670 -0.003068 -0.007670 -0.012272 0.012272 0.015340 -0.013806 0.003068 -0.015340 -0.006136 0.000000 -0.006136 -0.584244 2.173236 8.207841 2.493273 0.391374 3.815163 0.000000 0.060000 1.690701 16.350000 0.030000 0.000000 0.000000 0.000000 0.000000 0.000000 0.000000 0.000000 0.000000 0.000000 0.011000 0.000000 0.000000 0.049000 0.000000
1.103304 0.000000 0.176444 0.196110 -0.205793 1.013446 -0.310571 0.312704 0.077047 0.104862 -0.018779 0.247906 0.835301 0.296322 0.299761 -0.055307 -0.003068 -0.016874 0.004602 -0.013806 0.000000 0.000000 0.006136 0.000000 -0.001534 -0.001534 0.016874 0.012272 0.000000 -0.006136 -0.537985 2.201958 7.625688 2.605360 0.437013 3.424951 0.000000 0.060000 1.740469 16.350000 0.030000 0.000000 0.000000 0.000000 0.000000 0.000000 0.000000 0.000000 0.000000 0.000000 0.011000 0.000000 0.000000 0.049000 0.000000
1.125936 0.000000 0.176504 0.196182 -0.205781 1.013158 -0.310559 0.312668 0.077035 0.105018 -0.018815 0.248002 0.835193 0.296382 0.299258 -0.055307 -0.007670 0.006136 0.007670 -0.015340 0.003068 -0.012272 -0.018408 0.026078 0.001534 0.000000 -0.012272 0.000000 -0.042951 0.012272 -0.443251 2.409329 6.556718 2.727857 0.492568 2.895527 0.000000 0.060000 1.849673 16.350000 0.030000 0.000000 0.000000 0.000000 0.000000 0.000000 0.000000 0.000000 0.000000 0.000000 0.011000 0.000000 0.000000 0.049000 0.000000
1.151674 0.000000 0.176540 0.196182 -0.205793 1.013110 -0.310571 0.312644 0.077047 0.105114 -0.018815 0.247954 0.835157 0.296382 0.299174 -0.055295 0.000000 -0.004602 0.007670 -0.001534 0.007670 -0.006136 0.006136 0.023010 -0.006136 -0.013806 0.001534 0.001534 -0.006136 0.006136 -0.419965 2.544647 5.511466 2.875433 0.501061 2.238511 0.000000 0.060000 1.947484 16.350000 0.030000 0.000000 0.000000 0.000000 0.000000 0.000000 0.000000 0.000000 0.000000 0.000000 0.011000 0.000000 0.000000 0.049000 0.000000
1.177835 0.000000 0.176635 0.196158 -0.205793 1.012871 -0.310571 0.312549 0.077047 0.105245 -0.018851 0.247978 0.834977 0.296358 0.298791 -0.055307 0.000000 -0.016874 0.015340 -0.007670 -0.007670 -0.006136 0.006136 0.006136 -0.003068 0.004602 0.007670 -0.007670 -0.018408 -0.006136 -0.324605 2.678553 4.279696 3.151842 0.605604 1.417247 0.000000 0.060000 2.096478 16.350000 0.030000 0.000000 0.000000 0.000000 0.000000 0.000000 0.000000 0.000000 0.000000 0.000000 0.011000 0.000000 0.000000 0.049000 0.000000
1.204757 0.000000 0.176659 0.196182 -0.205805 1.012715 -0.310571 0.312525 0.077035 0.105341 -0.018875 0.247954 0.834917 0.296370 0.298635 -0.055295 -0.001534 0.001534 0.001534 -0.016874 -0.003068 -0.006136 0.000000 0.006136 -0.016874 0.000000 -0.023010 -0.018408 0.000000 0.000000 -0.253741 2.828274 3.468178 3.334256 0.634872 0.886653 0.000000 0.060000 2.212682 16.350000 0.030000 0.000000 0.000000 0.000000 0.000000 0.000000 0.000000 0.000000 0.000000 0.000000 0.011000 0.000000 0.000000 0.049000 0.000000
1.229354 0.000000 0.176755 0.196194 -0.205793 1.012571 -0.310583 0.312465 0.077035 0.105557 -0.018875 0.248014 0.834677 0.296322 0.298335 -0.055283 0.000000 0.009204 -0.012272 -0.033748 0.001534 0.000000 0.000000 0.012272 -0.003068 -0.006136 -0.012272 -0.007670 0.000000 0.012272 -0.163765 2.977859 2.535303 3.458925 0.722707 0.317214 0.000000 0.060000 2.311976 16.350000 0.030000 0.000000 0.000000 0.000000 0.000000 0.000000 0.000000 0.000000 0.000000 0.000000 0.011000 0.000000 0.000000 0.049000 0.000000
1.261878 0.000000 0.176827 0.196182 -0.205781 1.012391 -0.310583 0.312429 0.077035 0.105593 -0.018875 0.247990 0.834641 0.296358 0.298251 -0.055283 0.006136 -0.021476 0.010738 -0.012272 -0.007670 0.000000 0.000000 0.003068 0.004602 0.001534 0.018408 -0.013806 -0.006136 0.018408 -0.123526 3.089481 1.210633 3.688937 0.813518 -0.573658 0.000000 0.060000 2.440810 16.350000 0.030000 0.000000 0.000000 0.000000 0.000000 0.000000 0.000000 0.000000 0.000000 0.000000 0.011000 0.000000 0.000000 0.049000 0.000000
1.294095 0.000000 0.176887 0.196194 -0.205817 1.012104 -0.310571 0.312273 0.077035 0.105893 -0.018899 0.247990 0.834306 0.296370 0.297988 -0.055295 0.004602 -0.007670 0.006136 -0.007670 -0.006136 -0.024544 0.006136 0.021476 -0.007670 0.007670 -0.029146 -0.007670 0.012272 0.000000 -0.006201 3.372439 -0.415085 3.898265 0.857765 -1.387214 0.000000 0.060000 2.612739 16.350000 0.030000 0.000000 0.000000 0.000000 0.000000 0.000000 0.000000 0.000000 0.000000 0.000000 0.011000 0.000000 0.000000 0.049000 0.000000
1.321311 0.000000 0.176947 0.196182 -0.205781 1.012080 -0.310547 0.312237 0.077035 0.106012 -0.018923 0.247990 0.834210 0.296322 0.297844 -0.055283 0.000000 -0.027612 0.007670 0.001534 0.010738 0.000000 0.000000 0.024544 0.000000 0.001534 -0.024544 -0.006136 -0.024544 0.000000 0.048118 3.455584 -1.385758 4.069792 0.937300 -2.011374 0.000000 0.060000 2.710402 16.350000 0.030000 0.000000 0.000000 0.000000 0.000000 0.000000 0.000000 0.000000 0.000000 0.000000 0.011000 0.000000 0.000000 0.049000 0.000000
1.350599 0.000000 0.177139 0.196170 -0.205805 1.011744 -0.310571 0.311985 0.077023 0.106300 -0.018935 0.248002 0.833970 0.296346 0.297413 -0.055283 -0.006136 -0.023010 0.015340 0.001534 0.012272 -0.012272 -0.006136 0.009204 0.000000 0.003068 -0.004602 0.004602 0.000000 -0.006136 0.194646 3.702554 -2.901402 4.281314 0.986981 -2.810376 0.000000 0.060000 2.874481 16.350000 0.030000 0.000000 0.000000 0.000000 0.000000 0.000000 0.000000 0.000000 0.000000 0.000000 0.011000 0.000000 0.000000 0.049000 0.000000
1.380592 0.000000 0.177199 0.196194 -0.205817 1.011588 -0.310571 0.311937 0.077023 0.106516 -0.018935 0.248038 0.833874 0.296382 0.297221 -0.055259 0.003068 0.003068 0.015340 -0.010738 0.006136 0.000000 0.006136 0.015340 0.003068 -0.006136 -0.006136 -0.018408 -0.018408 0.018408 0.294854 4.042516 -4.500382 4.496013 1.043390 -3.675313 0.000000 0.060000 3.071305 16.350000 0.030000 0.000000 0.000000 0.000000 0.000000 0.000000 0.000000 0.000000 0.000000 0.000000 0.011000 0.000000 0.000000 0.049000 0.000000
1.409240 0.000000 0.177438 0.196302 -0.205841 1.011037 -0.310571 0.311590 0.077023 0.107043 -0.019007 0.247978 0.833599 0.296382 0.296310 -0.055283 0.001534 0.004602 -0.003068 -0.006136 -0.004602 -0.006136 -0.006136 0.013806 0.001534 0.010738 0.003068 -0.004602 -0.012272 -0.012272 0.414353 4.265960 -6.129611 4.741714 1.149846 -4.742551 0.000000 0.060000 3.247156 16.350000 0.030000 0.000000 0.000000 0.000000 0.000000 0.000000 0.000000 0.000000 0.000000 0.000000 0.011000 0.000000 0.000000 0.049000 0.000000
1.431873 0.000000 0.177498 0.196302 -0.205841 1.010917 -0.310571 0.311470 0.077023 0.107151 -0.019007 0.247954 0.833527 0.296358 0.296130 -0.055259 0.004602 -0.001534 0.019942 -0.032214 -0.004602 -0.018408 0.000000 0.021476 -0.001534 0.000000 0.000000 0.003068 -0.006136 -0.012272 0.537600 4.435290 -7.343100 4.816238 1.176058 -5.184331 0.000000 0.060000 3.336917 16.350000 0.030000 0.000000 0.000000 0.000000 0.000000 0.000000 0.000000 0.000000 0.000000 0.000000 0.011000 0.000000 0.000000 0.049000 0.000000
1.467747 0.000000 0.177810 0.196302 -0.205841 1.010366 -0.310547 0.310320 0.077023 0.107475 -0.019031 0.247894 0.833131 0.296346 0.295687 -0.055247 0.004602 -0.012272 -0.007670 -0.053689 -0.004602 -0.073631 0.000000 0.006136 0.004602 -0.029146 -0.018408 0.007670 -0.006136 -0.006136 0.745366 4.693771 -9.438967 5.242826 1.304064 -6.579914 0.000000 0.060000 3.597738 16.350000 0.030000 0.000000 0.000000 0.000000 0.000000 0.000000 0.000000 0.000000 0.000000 0.000000 0.011000 0.000000 0.000000 0.049000 0.000000
1.497941 0.000000 0.177954 0.196302 -0.205853 1.010126 -0.310547 0.309948 0.077011 0.107618 -0.019055 0.247990 0.832892 0.296382 0.295639 -0.055235 0.000000 0.003068 0.000000 -0.032214 0.004602 -0.049087 0.000000 0.023010 0.007670 0.007670 -0.027612 -0.009204 -0.006136 -0.024544 0.836077 5.007412 -11.150249 5.414273 1.425671 -7.498316 0.000000 0.060000 3.778892 16.350000 0.030000 0.000000 0.000000 0.000000 0.000000 0.000000 0.000000 0.000000 0.000000 0.000000 0.011000 0.000000 0.000000 0.049000 0.000000
1.533664 0.000000 0.178649 0.196314 -0.205877 1.008928 -0.310547 0.308270 0.076999 0.108421 -0.019151 0.248073 0.831573 0.296358 0.295255 -0.055199 0.026078 0.000000 0.003068 -0.061359 -0.019942 -0.018408 0.012272 0.023010 -0.018408 -0.006136 -0.059825 -0.004602 0.000000 -0.024544 0.927103 5.289306 -13.103423 5.678476 1.427394 -8.410813 0.000000 0.060000 3.972368 16.350000 0.030000 0.000000 0.000000 0.000000 0.000000 0.000000 0.000000 0.000000 0.000000 0.000000 0.011000 0.000000 0.000000 0.049000 0.000000
1.566097 0.000000 0.178673 0.196302 -0.205877 1.008161 -0.310547 0.308138 0.076975 0.108697 -0.019139 0.248073 0.831286 0.296382 0.295136 -0.055175 0.000000 -0.018408 0.010738 -0.101243 -0.007670 -0.012272 -0.024544 0.026078 -0.007670 -0.007670 -0.024544 -0.006136 -0.006136 0.006136 1.168244 5.416104 -14.417245 5.800123 1.524089 -9.137700 0.000000 0.060000 4.082378 16.350000 0.030000 0.000000 0.000000 0.000000 0.000000 0.000000 0.000000 0.000000 0.000000 0.000000 0.011000 0.000000 0.000000 0.049000 0.000000
1.590635 0.000000 0.178757 0.196278 -0.205877 1.006687 -0.310547 0.307983 0.076999 0.108973 -0.019127 0.248038 0.830914 0.296358 0.295004 -0.055187 0.006136 -0.003068 0.003068 -0.156466 0.000000 0.000000 0.000000 0.026078 -0.004602 -0.003068 -0.041417 -0.006136 -0.024544 0.000000 1.220986 5.451154 -14.422643 5.935426 1.578932 -9.557605 0.000000 0.060000 4.151150 16.350000 0.030000 0.000000 0.000000 0.000000 0.000000 0.000000 0.000000 0.000000 0.000000 0.000000 0.011000 0.000000 0.000000 0.049000 0.000000
1.611618 0.000000 0.179032 0.196350 -0.205877 1.001438 -0.310523 0.307599 0.076963 0.110399 -0.019319 0.248014 0.828398 0.296322 0.294788 -0.055175 -0.001534 0.021476 0.003068 -0.099709 -0.003068 -0.018408 0.000000 0.082835 -0.033748 -0.010738 -0.158000 0.021476 0.012272 0.006136 1.192712 5.476807 -14.094440 5.802972 1.516780 -9.299719 0.000000 0.060000 4.104664 16.350000 0.030000 0.000000 0.000000 0.000000 0.000000 0.000000 0.000000 0.000000 0.000000 0.000000 0.011000 0.000000 0.000000 0.049000 0.000000
1.638777 0.000000 0.179092 0.196326 -0.205949 1.000887 -0.310511 0.307503 0.076939 0.111034 -0.019414 0.248049 0.827019 0.296322 0.294788 -0.055175 0.001534 -0.013806 0.000000 -0.078233 -0.004602 -0.030680 0.000000 0.085903 -0.026078 0.003068 -0.197884 -0.004602 -0.006136 0.000000 1.159336 5.352547 -13.970586 5.643848 1.550168 -8.755283 0.000000 0.060000 4.007800 16.350000 0.030000 0.000000 0.000000 0.000000 0.000000 0.000000 0.000000 0.000000 0.000000 0.000000 0.011000 0.000000 0.000000 0.049000 0.000000
1.673225 0.000000 0.179811 0.196350 -0.205961 0.995062 -0.310487 0.307096 0.076951 0.112124 -0.019558 0.248073 0.821195 0.296382 0.293362 -0.055103 0.021476 -0.006136 0.010738 -0.116583 -0.004602 0.030680 0.000000 0.006136 -0.003068 0.003068 -0.042951 0.004602 -0.030680 0.012272 1.062334 5.155967 -12.575695 5.671432 1.636043 -8.695330 0.000000 0.060000 3.954565 16.350000 0.030000 0.000000 0.000000 0.000000 0.000000 0.000000 0.000000 0.000000 0.000000 0.000000 0.011000 0.000000 0.000000 0.049000 0.000000
1.722352 0.000000 0.180075 0.196374 -0.206033 0.992330 -0.310511 0.306772 0.076891 0.112640 -0.019654 0.248109 0.819110 0.296370 0.292403 -0.055068 0.003068 -0.004602 0.013806 -0.044485 -0.018408 0.000000 0.000000 0.000000 -0.003068 0.006136 -0.092039 0.001534 -0.006136 0.000000 1.106361 5.234177 -12.931935 5.767604 1.690377 -8.808747 0.000000 0.060000 4.023160 16.350000 0.030000 0.000000 0.000000 0.000000 0.000000 0.000000 0.000000 0.000000 0.000000 0.000000 0.011000 0.000000 0.000000 0.049000 0.000000
1.757598 0.000000 0.180171 0.196362 -0.206033 0.991994 -0.310511 0.306461 0.076891 0.112831 -0.019678 0.248073 0.818343 0.296358 0.292199 -0.055079 0.010738 -0.010738 0.000000 -0.035282 -0.003068 -0.018408 0.000000 0.029146 -0.001534 0.024544 -0.073631 0.001534 -0.012272 0.000000 1.086492 5.189173 -12.791850 5.604961 1.705177 -8.646413 0.000000 0.060000 3.950670 16.350000 0.030000 0.000000 0.000000 0.000000 0.000000 0.000000 0.000000 0.000000 0.000000 0.000000 0.011000 0.000000 0.000000 0.049000 0.000000
1.794485 0.000000 0.181273 0.196493 -0.206081 0.989573 -0.310511 0.305837 0.076771 0.114677 -0.019894 0.248157 0.813262 0.296346 0.291720 -0.054984 0.055223 -0.004602 0.018408 -0.087437 0.003068 -0.006136 -0.006136 0.046019 -0.006136 0.013806 -0.092039 -0.001534 -0.018408 0.006136 1.054681 5.244302 -13.044508 5.440060 1.694355 -8.102661 0.000000 0.060000 3.907689 16.350000 0.030000 0.000000 0.000000 0.000000 0.000000 0.000000 0.000000 0.000000 0.000000 0.000000 0.011000 0.000000 0.000000 0.049000 0.000000
1.819053 0.000000 0.181753 0.196481 -0.206069 0.988950 -0.310523 0.305610 0.076759 0.115085 -0.019918 0.248145 0.812495 0.296358 0.291348 -0.055008 0.046019 -0.013806 -0.007670 -0.064427 0.001534 -0.006136 0.006136 0.033748 -0.003068 0.018408 -0.085903 -0.012272 -0.042951 -0.018408 1.125278 5.305156 -13.849523 5.487542 1.746002 -8.180473 0.000000 0.060000 3.955141 16.350000 0.030000 0.000000 0.000000 0.000000 0.000000 0.000000 0.000000 0.000000 0.000000 0.000000 0.011000 0.000000 0.000000 0.049000 0.000000
1.842859 0.000000 0.183610 0.196505 -0.206093 0.985151 -0.310487 0.304711 0.076699 0.117134 -0.020133 0.248145 0.808420 0.296442 0.290833 -0.054876 0.047553 -0.001534 0.010738 -0.099709 0.003068 -0.024544 0.000000 0.049087 -0.004602 0.013806 -0.087437 -0.001534 0.006136 0.006136 1.189486 5.342734 -13.950756 5.303292 1.757510 -7.823689 0.000000 0.060000 3.910672 16.350000 0.030000 0.000000 0.000000 0.000000 0.000000 0.000000 0.000000 0.000000 0.000000 0.000000 0.011000 0.000000 0.000000 0.049000 0.000000
1.877701 0.000000 0.184174 0.196529 -0.206117 0.984013 -0.310487 0.304447 0.076687 0.117541 -0.020157 0.248181 0.807509 0.296430 0.290737 -0.054876 0.059825 -0.001534 0.007670 -0.113515 -0.010738 -0.024544 -0.018408 0.033748 -0.001534 0.016874 -0.079767 -0.001534 -0.006136 -0.006136 1.159804 5.306882 -13.942662 5.175297 1.758887 -7.376811 0.000000 0.060000 3.853100 16.350000 0.030000 0.000000 0.000000 0.000000 0.000000 0.000000 0.000000 0.000000 0.000000 0.000000 0.011000 0.000000 0.000000 0.049000 0.000000
1.899454 0.000000 0.185779 0.196565 -0.206117 0.981053 -0.310487 0.303812 0.076663 0.118320 -0.020193 0.248145 0.806574 0.296430 0.290462 -0.054840 0.059825 -0.010738 0.021476 -0.108913 -0.003068 -0.030680 0.000000 0.035282 0.000000 0.000000 -0.041417 -0.004602 0.006136 -0.012272 1.127059 5.259399 -13.776043 5.109695 1.765918 -7.506257 0.000000 0.060000 3.813102 16.350000 0.030000 0.000000 0.000000 0.000000 0.000000 0.000000 0.000000 0.000000 0.000000 0.000000 0.011000 0.000000 0.000000 0.049000 0.000000
1.921052 0.000000 0.186355 0.196613 -0.206117 0.980082 -0.310487 0.303596 0.076651 0.118644 -0.020217 0.248145 0.806035 0.296430 0.290390 -0.054768 0.062893 0.003068 -0.003068 -0.101243 -0.003068 -0.036816 0.018408 0.033748 -0.016874 -0.016874 -0.047553 0.006136 -0.018408 0.018408 1.053010 5.223960 -13.287096 5.093151 1.739914 -7.446157 0.000000 0.060000 3.787020 16.350000 0.030000 0.000000 0.000000 0.000000 0.000000 0.000000 0.000000 0.000000 0.000000 0.000000 0.011000 0.000000 0.000000 0.049000 0.000000
1.949734 0.000000 0.188440 0.196697 -0.206141 0.975947 -0.310487 0.302266 0.076531 0.121292 -0.020493 0.248169 0.803602 0.296418 0.289000 -0.054612 0.067495 0.000000 0.007670 -0.133456 -0.007670 -0.042951 0.000000 0.058291 -0.007670 0.000000 -0.075165 0.003068 -0.018408 0.000000 1.032283 5.190925 -13.302567 5.040696 1.864715 -7.687575 0.000000 0.060000 3.771508 16.350000 0.030000 0.000000 0.000000 0.000000 0.000000 0.000000 0.000000 0.000000 0.000000 0.000000 0.011000 0.000000 0.000000 0.049000 0.000000
1.980683 0.000000 0.188668 0.196733 -0.206153 0.975228 -0.310475 0.302122 0.076531 0.121604 -0.020505 0.248145 0.803123 0.296430 0.288928 -0.054588 0.050621 -0.003068 -0.004602 -0.115049 -0.006136 -0.036816 0.006136 0.039884 -0.012272 -0.006136 -0.084369 -0.004602 0.000000 0.006136 1.014235 5.200140 -13.524750 5.091319 1.933335 -7.890412 0.000000 0.060000 3.798995 16.350000 0.030000 0.000000 0.000000 0.000000 0.000000 0.000000 0.000000 0.000000 0.000000 0.000000 0.011000 0.000000 0.000000 0.049000 0.000000
2.003347 0.000000 0.188967 0.196745 -0.206177 0.974653 -0.310487 0.301835 0.076459 0.121916 -0.020577 0.248133 0.802775 0.296442 0.288844 -0.054564 0.042951 0.001534 0.000000 -0.102777 -0.010738 -0.036816 0.000000 0.055223 -0.019942 0.000000 -0.055223 -0.009204 -0.006136 0.018408 1.015964 5.238955 -13.720585 5.017817 1.962757 -8.096230 0.000000 0.060000 3.791759 16.350000 0.030000 0.000000 0.000000 0.000000 0.000000 0.000000 0.000000 0.000000 0.000000 0.000000 0.011000 0.000000 0.000000 0.049000 0.000000
2.032371 0.000000 0.190058 0.196805 -0.206356 0.971873 -0.310475 0.300684 0.076292 0.124768 -0.020781 0.248157 0.799324 0.296430 0.288089 -0.054492 0.029146 0.000000 0.003068 -0.062893 0.003068 -0.012272 -0.012272 0.076699 -0.006136 -0.009204 -0.115049 0.004602 -0.006136 0.000000 1.043674 5.362910 -14.620708 4.962472 2.058548 -8.205064 0.000000 0.060000 3.831247 16.350000 0.030000 0.000000 0.000000 0.000000 0.000000 0.000000 0.000000 0.000000 0.000000 0.000000 0.011000 0.000000 0.000000 0.049000 0.000000
2.074543 0.000000 0.190345 0.196829 -0.206380 0.971286 -0.310475 0.300433 0.076268 0.125223 -0.020793 0.248121 0.798353 0.296358 0.287933 -0.054480 0.029146 0.013806 0.001534 -0.075165 0.003068 -0.018408 0.000000 0.047553 0.000000 0.003068 -0.101243 -0.003068 0.000000 0.018408 1.110617 5.511724 -15.642867 4.947801 2.151235 -8.304386 0.000000 0.060000 3.896188 16.350000 0.030000 0.000000 0.000000 0.000000 0.000000 0.000000 0.000000 0.000000 0.000000 0.000000 0.011000 0.000000 0.000000 0.049000 0.000000
2.103646 0.000000 0.192383 0.196913 -0.206380 0.967331 -0.310451 0.299893 0.076220 0.126709 -0.021164 0.248181 0.795297 0.296454 0.287430 -0.054372 0.082835 0.000000 -0.003068 -0.156466 -0.007670 -0.030680 0.012272 0.039884 -0.006136 -0.003068 -0.102777 0.007670 0.000000 0.012272 0.963139 5.418554 -15.495293 4.974772 2.191215 -8.600488 0.000000 0.060000 3.867756 16.350000 0.030000 0.000000 0.000000 0.000000 0.000000 0.000000 0.000000 0.000000 0.000000 0.000000 0.011000 0.000000 0.000000 0.049000 0.000000
2.132780 0.000000 0.193090 0.196961 -0.206440 0.965869 -0.310451 0.299618 0.076172 0.127392 -0.021248 0.248181 0.794446 0.296442 0.287226 -0.054313 0.059825 -0.004602 0.009204 -0.130388 -0.004602 -0.012272 0.000000 0.072097 -0.010738 -0.003068 -0.101243 0.000000 -0.018408 0.030680 0.992172 5.501541 -16.044735 4.904910 2.237424 -8.958413 0.000000 0.060000 3.883155 16.350000 0.030000 0.000000 0.000000 0.000000 0.000000 0.000000 0.000000 0.000000 0.000000 0.000000 0.011000 0.000000 0.000000 0.049000 0.000000
2.163818 0.000000 0.194935 0.196973 -0.206452 0.962273 -0.310451 0.299258 0.076160 0.130304 -0.021596 0.248193 0.791199 0.296346 0.286759 -0.054277 0.058291 0.003068 0.026078 -0.116583 -0.006136 -0.042951 0.006136 0.058291 -0.010738 0.009204 -0.115049 -0.007670 -0.006136 0.000000 0.922944 5.530337 -15.958827 4.853597 2.278848 -8.900855 0.000000 0.060000 3.879014 16.350000 0.030000 0.000000 0.000000 0.000000 0.000000 0.000000 0.000000 0.000000 0.000000 0.000000 0.011000 0.000000 0.000000 0.049000 0.000000
2.182848 0.000000 0.195499 0.196949 -0.206452 0.961446 -0.310451 0.299174 0.076136 0.130856 -0.021691 0.248217 0.790479 0.296358 0.286675 -0.054277 0.055223 -0.006136 0.000000 -0.115049 -0.006136 0.000000 0.006136 0.064427 -0.023010 0.000000 -0.116583 -0.001534 -0.018408 -0.012272 0.836177 5.448632 -15.768653 4.757414 2.247622 -8.801062 0.000000 0.060000 3.810235 16.350000 0.030000 0.000000 0.000000 0.000000 0.000000 0.000000 0.000000 0.000000 0.000000 0.000000 0.011000 0.000000 0.000000 0.049000 0.000000
2.215270 0.000000 0.196218 0.197069 -0.206476 0.960104 -0.310451 0.299090 0.076124 0.131299 -0.021847 0.248193 0.789089 0.296346 0.286639 -0.054253 0.073631 0.013806 0.007670 -0.193282 0.004602 0.006136 0.000000 0.053689 -0.033748 0.000000 -0.188680 -0.004602 0.006136 0.006136 0.750424 5.426314 -15.458658 4.711189 2.283647 -8.513131 0.000000 0.060000 3.788745 16.350000 0.030000 0.000000 0.000000 0.000000 0.000000 0.000000 0.000000 0.000000 0.000000 0.000000 0.011000 0.000000 0.000000 0.049000 0.000000
2.240443 0.000000 0.198243 0.197332 -0.206608 0.953153 -0.310451 0.298743 0.076004 0.134187 -0.022806 0.248181 0.781383 0.296430 0.286075 -0.054073 0.003068 0.004602 -0.012272 -0.107379 0.000000 0.000000 -0.012272 0.016874 -0.013806 -0.009204 -0.102777 0.009204 0.000000 0.000000 0.845625 5.396203 -15.463394 4.609808 2.328747 -8.317105 0.000000 0.060000 3.758573 16.350000 0.030000 0.000000 0.000000 0.000000 0.000000 0.000000 0.000000 0.000000 0.000000 0.000000 0.011000 0.000000 0.000000 0.049000 0.000000
2.262524 0.000000 0.198207 0.197380 -0.206596 0.952386 -0.310451 0.298587 0.075980 0.134187 -0.022962 0.248181 0.780341 0.296430 0.286135 -0.054061 -0.013806 -0.001534 0.029146 -0.078233 -0.007670 -0.006136 0.000000 -0.006136 -0.016874 0.001534 -0.093573 -0.012272 0.012272 0.000000 0.841945 5.414410 -15.521492 4.551112 2.340142 -8.099170 0.000000 0.060000 3.748786 16.350000 0.030000 0.000000 0.000000 0.000000 0.000000 0.000000 0.000000 0.000000 0.000000 0.000000 0.011000 0.000000 0.000000 0.049000 0.000000
2.282367 0.000000 0.198375 0.197680 -0.206656 0.948779 -0.310451 0.298299 0.075956 0.135446 -0.023633 0.248181 0.776482 0.296382 0.286183 -0.053953 -0.001534 0.012272 0.003068 -0.098175 -0.010738 -0.006136 0.006136 0.046019 -0.018408 -0.016874 -0.059825 -0.007670 0.006136 0.000000 0.792850 5.378636 -15.154054 4.172006 2.294674 -7.653007 0.000000 0.060000 3.613499 16.350000 0.030000 0.000000 0.000000 0.000000 0.000000 0.000000 0.000000 0.000000 0.000000 0.000000 0.011000 0.000000 0.000000 0.049000 0.000000
2.303122 0.000000 0.198639 0.197668 -0.206656 0.947041 -0.310427 0.298156 0.075896 0.135865 -0.023873 0.248229 0.775248 0.296430 0.286135 -0.053857 0.032214 0.001534 0.000000 -0.176408 0.000000 -0.024544 0.000000 0.047553 -0.029146 -0.004602 -0.081301 0.000000 0.000000 0.006136 0.801674 5.321530 -15.223349 4.164026 2.310418 -7.644494 0.000000 0.060000 3.592997 16.350000 0.030000 0.000000 0.000000 0.000000 0.000000 0.000000 0.000000 0.000000 0.000000 0.000000 0.011000 0.000000 0.000000 0.049000 0.000000
2.326930 0.000000 0.198938 0.198027 -0.206692 0.943698 -0.310427 0.296717 0.075716 0.137831 -0.024592 0.248217 0.771712 0.296454 0.285848 -0.053629 0.010738 0.023010 -0.004602 -0.110447 0.006136 0.000000 0.000000 0.058291 -0.023010 0.003068 -0.144194 0.016874 0.000000 0.018408 0.913121 5.583743 -16.560651 4.175105 2.404356 -7.798937 0.000000 0.060000 3.715656 16.350000 0.030000 0.000000 0.000000 0.000000 0.000000 0.000000 0.000000 0.000000 0.000000 0.000000 0.011000 0.000000 0.000000 0.049000 0.000000
2.353226 0.000000 0.202402 0.199382 -0.206680 0.933859 -0.310427 0.295615 0.075525 0.142924 -0.025778 0.248313 0.764486 0.296502 0.284601 -0.053318 0.084369 0.023010 0.026078 -0.200000 -0.010738 -0.055223 -0.006136 0.064427 -0.019942 -0.009204 -0.064427 0.000000 -0.030680 0.000000 0.731434 5.437715 -15.501490 3.871201 2.365476 -7.595831 0.000000 0.060000 3.559685 16.350000 0.030000 0.000000 0.000000 0.000000 0.000000 0.000000 0.000000 0.000000 0.000000 0.000000 0.011000 0.000000 0.000000 0.049000 0.000000
2.385526 0.000000 0.202797 0.199465 -0.206716 0.932588 -0.310415 0.295100 0.075489 0.143307 -0.025958 0.248277 0.764054 0.296514 0.284326 -0.053210 0.026078 0.003068 0.009204 -0.082835 0.004602 -0.030680 0.006136 0.000000 -0.018408 -0.001534 -0.033748 0.003068 -0.012272 -0.006136 0.770336 5.464763 -15.921317 4.005985 2.438007 -7.955787 0.000000 0.060000 3.621079 16.350000 0.030000 0.000000 0.000000 0.000000 0.000000 0.000000 0.000000 0.000000 0.000000 0.000000 0.011000 0.000000 0.000000 0.049000 0.000000
2.413003 0.000000 0.203960 0.199753 -0.206800 0.928310 -0.310391 0.294920 0.075357 0.143715 -0.026988 0.248421 0.762532 0.296538 0.284314 -0.053018 0.075165 0.006136 0.003068 -0.200000 0.010738 0.000000 0.000000 0.033748 -0.039884 -0.006136 -0.099709 -0.010738 0.000000 -0.012272 0.727865 5.430751 -15.793301 4.077285 2.436115 -8.589843 0.000000 0.060000 3.625664 16.350000 0.030000 0.000000 0.000000 0.000000 0.000000 0.000000 0.000000 0.000000 0.000000 0.000000 0.011000 0.000000 0.000000 0.049000 0.000000
2.437858 0.000000 0.204631 0.199921 -0.206896 0.926057 -0.310415 0.294824 0.075309 0.144014 -0.027384 0.248433 0.761873 0.296562 0.284338 -0.052922 0.079767 0.018408 0.003068 -0.200000 0.004602 -0.012272 -0.012272 0.029146 -0.062893 0.000000 -0.084369 0.000000 -0.006136 0.000000 0.634706 5.389553 -15.231235 4.143403 2.404861 -9.073811 0.000000 0.060000 3.619436 16.350000 0.030000 0.000000 0.000000 0.000000 0.000000 0.000000 0.000000 0.000000 0.000000 0.000000 0.011000 0.000000 0.000000 0.049000 0.000000
2.467032 0.000000 0.205206 0.200077 -0.206944 0.924104 -0.310415 0.294608 0.075261 0.144518 -0.027791 0.248457 0.760878 0.296550 0.284290 -0.052886 0.070563 0.013806 0.009204 -0.200000 -0.006136 -0.006136 -0.012272 0.098175 -0.064427 -0.003068 -0.130388 -0.003068 0.000000 0.012272 0.615211 5.374635 -15.143813 4.026468 2.426507 -9.488911 0.000000 0.060000 3.583489 16.350000 0.030000 0.000000 0.000000 0.000000 0.000000 0.000000 0.000000 0.000000 0.000000 0.000000 0.011000 0.000000 0.000000 0.049000 0.000000
2.501855 0.000000 0.205817 0.200137 -0.207063 0.921156 -0.310415 0.293733 0.075177 0.146747 -0.029026 0.248481 0.757475 0.296526 0.284290 -0.052743 0.018408 0.000000 0.006136 -0.151864 -0.003068 0.000000 0.000000 0.096641 -0.067495 0.007670 -0.168738 0.000000 0.000000 0.006136 0.772983 5.426964 -15.633587 3.996425 2.425263 -9.626975 0.000000 0.060000 3.602178 16.350000 0.030000 0.000000 0.000000 0.000000 0.000000 0.000000 0.000000 0.000000 0.000000 0.000000 0.011000 0.000000 0.000000 0.049000 0.000000
2.526961 0.000000 0.206141 0.200220 -0.207063 0.919789 -0.310415 0.293649 0.075129 0.147298 -0.029337 0.248481 0.756564 0.296502 0.284110 -0.052647 0.058291 0.015340 0.001534 -0.200000 0.000000 -0.006136 0.012272 0.075165 -0.050621 0.000000 -0.130388 -0.006136 -0.030680 0.006136 0.702071 5.484694 -15.744014 4.056816 2.483965 -10.034694 0.000000 0.060000 3.647006 16.350000 0.030000 0.000000 0.000000 0.000000 0.000000 0.000000 0.000000 0.000000 0.000000 0.000000 0.011000 0.000000 0.000000 0.049000 0.000000
2.557091 0.000000 0.207195 0.200412 -0.207087 0.916913 -0.310391 0.293614 0.075105 0.148005 -0.029769 0.248517 0.755522 0.296526 0.283906 -0.052479 0.087437 0.006136 0.003068 -0.200000 0.001534 0.000000 0.000000 0.029146 -0.029146 0.015340 -0.059825 0.010738 -0.036816 0.012272 0.491341 5.359902 -15.058396 4.180739 2.581241 -10.590830 0.000000 0.060000 3.643877 16.350000 0.030000 0.000000 0.000000 0.000000 0.000000 0.000000 0.000000 0.000000 0.000000 0.000000 0.011000 0.000000 0.000000 0.049000 0.000000
2.584430 0.000000 0.208118 0.200772 -0.207183 0.912790 -0.310379 0.292703 0.074985 0.148640 -0.030428 0.248517 0.754239 0.296574 0.283703 -0.052275 0.000000 0.003068 0.004602 -0.098175 0.006136 -0.024544 -0.012272 0.026078 -0.030680 0.004602 -0.041417 -0.006136 -0.006136 0.012272 0.673159 5.391333 -15.146282 4.247715 2.561289 -11.193699 0.000000 0.060000 3.678413 16.350000 0.030000 0.000000 0.000000 0.000000 0.000000 0.000000 0.000000 0.000000 0.000000 0.000000 0.011000 0.000000 0.000000 0.049000 0.000000
2.606256 0.000000 0.208693 0.201011 -0.207279 0.908153 -0.310344 0.291804 0.074830 0.150857 -0.031507 0.248553 0.750872 0.296562 0.283535 -0.052167 0.010738 -0.003068 0.000000 -0.179476 0.007670 0.000000 0.012272 0.092039 -0.044485 -0.012272 -0.156466 0.006136 -0.018408 0.000000 0.779468 5.362358 -15.281749 4.226684 2.530082 -11.518871 0.000000 0.060000 3.661578 16.350000 0.030000 0.000000 0.000000 0.000000 0.000000 0.000000 0.000000 0.000000 0.000000 0.000000 0.011000 0.000000 0.000000 0.049000 0.000000
2.624265 0.000000 0.209293 0.201155 -0.207279 0.905540 -0.310344 0.291540 0.074722 0.152272 -0.031938 0.248613 0.748271 0.296538 0.283535 -0.052083 0.053689 0.004602 -0.010738 -0.200000 -0.003068 -0.036816 -0.012272 0.131922 -0.038350 0.030680 -0.200000 -0.009204 -0.006136 0.012272 0.635939 5.281902 -14.713430 4.027230 2.567849 -11.289644 0.000000 0.060000 3.574750 16.350000 0.030000 0.000000 0.000000 0.000000 0.000000 0.000000 0.000000 0.000000 0.000000 0.000000 0.011000 0.000000 0.000000 0.049000 0.000000
2.664433 0.000000 0.210838 0.201611 -0.207759 0.895749 -0.310320 0.289803 0.074254 0.155603 -0.034215 0.248948 0.740745 0.296550 0.283307 -0.051724 -0.003068 -0.003068 -0.010738 -0.142660 -0.003068 0.006136 -0.018408 0.032214 -0.078233 -0.001534 -0.122718 0.003068 0.012272 -0.006136 0.867068 5.346204 -15.435744 4.506642 2.446101 -12.750029 0.000000 0.060000 3.729173 16.350000 0.030000 0.000000 0.000000 0.000000 0.000000 0.000000 0.000000 0.000000 0.000000 0.000000 0.011000 0.000000 0.000000 0.049000 0.000000
2.699082 0.000000 0.211006 0.201683 -0.207782 0.894407 -0.310296 0.289731 0.074194 0.156107 -0.034874 0.249020 0.739307 0.296538 0.283307 -0.051688 0.019942 0.000000 -0.010738 -0.150330 0.006136 -0.006136 -0.030680 0.085903 -0.078233 0.006136 -0.177942 -0.004602 0.000000 0.018408 0.835914 5.384499 -15.569434 4.272705 2.425687 -12.647764 0.000000 0.060000 3.668499 16.350000 0.030000 0.000000 0.000000 0.000000 0.000000 0.000000 0.000000 0.000000 0.000000 0.000000 0.011000 0.000000 0.000000 0.049000 0.000000
2.736295 0.000000 0.211126 0.201730 -0.207902 0.892873 -0.310296 0.289263 0.074122 0.156945 -0.035713 0.249116 0.736658 0.296574 0.283235 -0.051616 0.004602 0.000000 0.000000 -0.096641 0.000000 -0.055223 0.000000 0.072097 -0.085903 -0.003068 -0.200000 0.000000 0.018408 0.000000 0.899920 5.448563 -15.835481 4.103414 2.326741 -12.110587 0.000000 0.060000 3.631406 16.350000 0.030000 0.000000 0.000000 0.000000 0.000000 0.000000 0.000000 0.000000 0.000000 0.000000 0.011000 0.000000 0.000000 0.049000 0.000000
2.779168 0.000000 0.214434 0.202186 -0.208346 0.882734 -0.310296 0.287298 0.073763 0.159103 -0.039404 0.249212 0.727359 0.296526 0.282121 -0.051400 0.062893 -0.001534 -0.021476 -0.200000 -0.001534 -0.055223 -0.006136 0.062893 -0.082835 -0.003068 -0.184078 -0.013806 -0.061359 0.000000 0.671398 5.118634 -14.110985 3.911568 2.123968 -11.372424 0.000000 0.060000 3.408181 16.350000 0.030000 0.000000 0.000000 0.000000 0.000000 0.000000 0.000000 0.000000 0.000000 0.000000 0.011000 0.000000 0.000000 0.049000 0.000000
2.818910 0.000000 0.214913 0.202270 -0.208394 0.880841 -0.310308 0.286687 0.073631 0.159462 -0.039991 0.249176 0.726004 0.296538 0.281450 -0.051388 0.049087 0.009204 -0.026078 -0.200000 -0.001534 -0.085903 -0.012272 0.036816 -0.090505 0.000000 -0.134990 0.000000 -0.079767 0.006136 0.768047 5.140743 -14.364185 4.057688 2.046585 -11.921316 0.000000 0.060000 3.452190 16.350000 0.030000 0.000000 0.000000 0.000000 0.000000 0.000000 0.000000 0.000000 0.000000 0.000000 0.011000 0.000000 0.000000 0.049000 0.000000
2.869040 0.000000 0.216339 0.202497 -0.208801 0.874261 -0.310296 0.285584 0.073176 0.160589 -0.041202 0.249080 0.723224 0.296526 0.278885 -0.051340 0.021476 0.003068 0.004602 -0.187146 -0.003068 -0.055223 -0.024544 0.055223 -0.029146 0.001534 -0.079767 -0.003068 -0.116583 0.018408 0.802648 5.016332 -13.856145 4.150184 2.138161 -12.844178 0.000000 0.060000 3.449768 16.350000 0.030000 0.000000 0.000000 0.000000 0.000000 0.000000 0.000000 0.000000 0.000000 0.000000 0.011000 0.000000 0.000000 0.049000 0.000000
2.915412 0.000000 0.216555 0.202473 -0.208897 0.872595 -0.310296 0.285284 0.073008 0.161152 -0.041334 0.249140 0.722229 0.296526 0.278094 -0.051340 0.016874 0.004602 -0.012272 -0.200000 -0.001534 -0.012272 0.000000 0.067495 -0.024544 0.001534 -0.108913 -0.007670 -0.104311 0.012272 0.880862 5.080017 -14.284822 4.356620 2.184911 -13.774580 0.000000 0.060000 3.547410 16.350000 0.030000 0.000000 0.000000 0.000000 0.000000 0.000000 0.000000 0.000000 0.000000 0.000000 0.011000 0.000000 0.000000 0.049000 0.000000
2.956181 0.000000 0.217418 0.202569 -0.209149 0.866280 -0.310320 0.283631 0.072241 0.164999 -0.041262 0.249248 0.716237 0.296526 0.275493 -0.051101 0.035282 -0.003068 0.010738 -0.142660 0.001534 -0.042951 -0.012272 0.079767 0.016874 0.010738 -0.107379 -0.004602 -0.030680 0.012272 0.746482 4.954068 -13.734844 4.085319 2.280208 -13.383661 0.000000 0.060000 3.427434 16.350000 0.030000 0.000000 0.000000 0.000000 0.000000 0.000000 0.000000 0.000000 0.000000 0.000000 0.011000 0.000000 0.000000 0.049000 0.000000
2.982352 0.000000 0.217538 0.202557 -0.209137 0.865609 -0.310308 0.283343 0.072145 0.165346 -0.041130 0.249296 0.715854 0.296574 0.275182 -0.051029 0.030680 0.004602 0.006136 -0.130388 0.001534 -0.073631 -0.012272 0.047553 0.009204 -0.006136 -0.058291 0.009204 -0.030680 0.012272 0.728921 4.902128 -13.341784 4.075748 2.223308 -13.415288 0.000000 0.060000 3.395475 16.350000 0.030000 0.000000 0.000000 0.000000 0.000000 0.000000 0.000000 0.000000 0.000000 0.000000 0.011000 0.000000 0.000000 0.049000 0.000000
3.012264 0.000000 0.217610 0.202533 -0.209173 0.865033 -0.310308 0.283079 0.072061 0.165622 -0.040986 0.249308 0.715578 0.296562 0.275014 -0.050969 0.012272 -0.009204 0.018408 -0.087437 -0.006136 -0.024544 -0.024544 0.035282 0.023010 -0.003068 -0.038350 0.003068 -0.006136 0.036816 0.710591 4.820566 -13.252152 4.058003 2.282732 -13.478490 0.000000 0.060000 3.369757 16.350000 0.030000 0.000000 0.000000 0.000000 0.000000 0.000000 0.000000 0.000000 0.000000 0.000000 0.011000 0.000000 0.000000 0.049000 0.000000
3.055663 0.000000 0.219036 0.202497 -0.209616 0.856668 -0.310332 0.280083 0.071258 0.171746 -0.041394 0.249428 0.707237 0.296502 0.273228 -0.050717 0.004602 -0.001534 -0.021476 -0.122718 -0.018408 -0.073631 -0.024544 0.187146 -0.016874 0.004602 -0.200000 -0.006136 0.000000 0.000000 0.993888 4.810390 -13.736766 3.165101 2.138248 -12.007981 0.000000 0.060000 3.111175 16.350000 0.030000 0.000000 0.000000 0.000000 0.000000 0.000000 0.000000 0.000000 0.000000 0.000000 0.011000 0.000000 0.000000 0.049000 0.000000
3.119011 0.000000 0.219024 0.202438 -0.209700 0.855362 -0.310308 0.279005 0.071031 0.173699 -0.041549 0.249440 0.704481 0.296514 0.272521 -0.050705 -0.007670 0.003068 0.001534 -0.079767 -0.003068 -0.055223 -0.012272 0.121184 -0.012272 0.004602 -0.141126 0.004602 -0.042951 -0.006136 1.169274 4.923825 -14.578481 2.647019 2.149642 -10.506757 0.000000 0.060000 3.051185 16.350000 0.030000 0.000000 0.000000 0.000000 0.000000 0.000000 0.000000 0.000000 0.000000 0.000000 0.011000 0.000000 0.000000 0.049000 0.000000
3.191879 0.000000 0.222931 0.202450 -0.210515 0.836103 -0.310320 0.277135 0.070276 0.178289 -0.042987 0.249667 0.689165 0.296574 0.268171 -0.050298 0.001534 -0.015340 0.007670 -0.188680 0.006136 -0.049087 -0.006136 0.009204 -0.012272 0.009204 -0.156466 -0.003068 -0.024544 -0.018408 0.959026 4.243558 -10.927459 2.484328 2.158849 -8.792475 0.000000 0.060000 2.727637 16.350000 0.030000 0.000000 0.000000 0.000000 0.000000 0.000000 0.000000 0.000000 0.000000 0.000000 0.011000 0.000000 0.000000 0.049000 0.000000
3.241853 0.000000 0.224153 0.202965 -0.211294 0.826720 -0.310236 0.276093 0.069568 0.178181 -0.045145 0.250075 0.681974 0.296574 0.266829 -0.049890 0.128854 0.026078 -0.033748 -0.200000 -0.007670 -0.030680 -0.024544 0.027612 -0.046019 0.007670 -0.200000 -0.006136 -0.024544 0.018408 0.540971 4.227640 -10.485108 2.679699 2.149549 -9.513664 0.000000 0.060000 2.737103 16.350000 0.030000 0.000000 0.000000 0.000000 0.000000 0.000000 0.000000 0.000000 0.000000 0.000000 0.011000 0.000000 0.000000 0.049000 0.000000
3.294790 0.000000 0.225387 0.203252 -0.211390 0.823700 -0.310224 0.275505 0.069413 0.178541 -0.045696 0.250219 0.680368 0.296574 0.266553 -0.049830 0.085903 0.013806 0.000000 -0.200000 -0.006136 -0.049087 -0.006136 0.027612 -0.061359 0.006136 -0.159534 0.009204 -0.061359 0.006136 0.662956 4.111611 -9.879802 2.806074 2.171030 -10.188099 0.000000 0.060000 2.735520 16.350000 0.030000 0.000000 0.000000 0.000000 0.000000 0.000000 0.000000 0.000000 0.000000 0.000000 0.011000 0.000000 0.000000 0.049000 0.000000
3.342466 0.000000 0.226382 0.203468 -0.211593 0.821135 -0.310248 0.275242 0.069341 0.178865 -0.046343 0.250291 0.679086 0.296550 0.266433 -0.049782 0.099709 0.029146 -0.030680 -0.200000 -0.010738 0.000000 0.000000 0.082835 -0.101243 0.015340 -0.190214 -0.007670 0.012272 -0.006136 0.747334 4.250825 -10.868090 3.067156 2.181523 -11.732844 0.000000 0.060000 2.863325 16.350000 0.030000 0.000000 0.000000 0.000000 0.000000 0.000000 0.000000 0.000000 0.000000 0.000000 0.011000 0.000000 0.000000 0.049000 0.000000
3.386239 0.000000 0.231451 0.204583 -0.212492 0.804837 -0.310200 0.271814 0.068538 0.184401 -0.052287 0.250938 0.660283 0.296514 0.264672 -0.049483 0.128854 0.015340 0.015340 -0.200000 0.001534 -0.092039 -0.006136 0.072097 -0.049087 0.007670 -0.200000 0.009204 0.006136 0.006136 0.570414 4.094652 -9.862702 2.909171 2.164050 -10.742856 0.000000 0.060000 2.749452 16.350000 0.030000 0.000000 0.000000 0.000000 0.000000 0.000000 0.000000 0.000000 0.000000 0.000000 0.011000 0.000000 0.000000 0.049000 0.000000
3.427318 0.000000 0.232506 0.204738 -0.212528 0.802080 -0.310188 0.270820 0.068454 0.185096 -0.052826 0.250878 0.657742 0.296538 0.264588 -0.049483 0.098175 0.019942 0.010738 -0.200000 0.004602 -0.092039 0.006136 0.082835 -0.050621 -0.019942 -0.200000 -0.019942 -0.006136 0.000000 0.573512 4.018255 -9.323828 2.636926 2.009411 -9.917633 0.000000 0.060000 2.620420 16.350000 0.030000 0.000000 0.000000 0.000000 0.000000 0.000000 0.000000 0.000000 0.000000 0.000000 0.011000 0.000000 0.000000 0.049000 0.000000
3.481079 0.000000 0.235550 0.205637 -0.213127 0.788538 -0.310176 0.267823 0.067879 0.189255 -0.057237 0.251465 0.646513 0.296502 0.262790 -0.049159 0.016874 -0.003068 0.000000 -0.093573 0.010738 -0.012272 -0.006136 0.042951 -0.010738 0.001534 -0.032214 0.004602 -0.012272 0.000000 0.767836 3.998116 -9.954680 2.654267 1.947099 -10.320984 0.000000 0.060000 2.617768 16.350000 0.030000 0.000000 0.000000 0.000000 0.000000 0.000000 0.000000 0.000000 0.000000 0.000000 0.011000 0.000000 0.000000 0.049000 0.000000
3.529936 0.000000 0.235550 0.205649 -0.213127 0.787903 -0.310200 0.267823 0.067819 0.189363 -0.057464 0.251465 0.646441 0.296514 0.262694 -0.049159 0.009204 -0.012272 0.007670 -0.079767 0.003068 0.000000 -0.006136 0.009204 -0.012272 0.012272 0.001534 -0.006136 -0.018408 0.000000 0.794287 3.998041 -10.309920 2.798902 1.881880 -10.629520 0.000000 0.060000 2.645305 16.350000 0.030000 0.000000 0.000000 0.000000 0.000000 0.000000 0.000000 0.000000 0.000000 0.000000 0.011000 0.000000 0.000000 0.049000 0.000000
3.584409 0.000000 0.235526 0.205661 -0.213139 0.787232 -0.310188 0.267811 0.067783 0.189387 -0.057800 0.251537 0.646465 0.296502 0.262706 -0.049147 0.000000 -0.001534 0.007670 -0.062893 -0.010738 0.012272 0.000000 0.006136 -0.038350 0.010738 0.004602 -0.003068 0.000000 0.000000 0.882433 4.067848 -10.770733 2.828210 1.706054 -10.823533 0.000000 0.060000 2.656853 16.350000 0.030000 0.000000 0.000000 0.000000 0.000000 0.000000 0.000000 0.000000 0.000000 0.000000 0.011000 0.000000 0.000000 0.049000 0.000000
3.621783 0.000000 0.238210 0.206368 -0.213870 0.774193 -0.310176 0.264516 0.066824 0.194085 -0.059034 0.251968 0.636854 0.296538 0.261004 -0.048836 0.004602 0.015340 -0.023010 -0.200000 -0.001534 -0.012272 -0.012272 0.061359 -0.012272 0.049087 -0.159534 -0.024544 -0.012272 0.000000 1.462755 4.251044 -12.692615 3.332464 1.973820 -12.350731 0.000000 0.060000 2.966998 16.350000 0.030000 0.000000 0.000000 0.000000 0.000000 0.000000 0.000000 0.000000 0.000000 0.000000 0.011000 0.000000 0.000000 0.049000 0.000000
3.673829 0.000000 0.239685 0.206620 -0.214038 0.769303 -0.310176 0.263773 0.066548 0.195475 -0.059178 0.252460 0.632755 0.296550 0.260249 -0.048692 0.128854 0.006136 -0.016874 -0.200000 -0.010738 -0.067495 -0.024544 0.125786 0.001534 0.018408 -0.200000 0.000000 -0.085903 0.006136 1.126368 4.258689 -12.931311 3.283674 2.031320 -12.777706 0.000000 0.060000 2.928904 16.350000 0.030000 0.000000 0.000000 0.000000 0.000000 0.000000 0.000000 0.000000 0.000000 0.000000 0.011000 0.000000 0.000000 0.049000 0.000000
3.713014 0.000000 0.244586 0.207639 -0.215117 0.743202 -0.310176 0.255971 0.065566 0.200196 -0.060784 0.255480 0.606582 0.296502 0.254821 -0.048320 0.036816 0.001534 -0.010738 -0.200000 0.003068 -0.049087 -0.006136 0.019942 -0.052155 0.001534 -0.131922 -0.007670 -0.055223 -0.006136 1.563582 4.113833 -12.446030 3.690733 1.967463 -12.571853 0.000000 0.060000 3.035656 16.350000 0.030000 0.000000 0.000000 0.000000 0.000000 0.000000 0.000000 0.000000 0.000000 0.000000 0.011000 0.000000 0.000000 0.049000 0.000000
3.741457 0.000000 0.245017 0.207866 -0.215237 0.741033 -0.310164 0.255911 0.065578 0.200268 -0.061251 0.255492 0.606246 0.296562 0.254353 -0.048237 0.041417 0.023010 -0.007670 -0.200000 0.000000 0.000000 0.012272 0.010738 -0.041417 0.016874 -0.041417 -0.001534 -0.067495 0.012272 1.467523 4.094914 -12.030680 3.733634 2.069952 -12.890865 0.000000 0.060000 3.047403 16.350000 0.030000 0.000000 0.000000 0.000000 0.000000 0.000000 0.000000 0.000000 0.000000 0.000000 0.011000 0.000000 0.000000 0.049000 0.000000
3.772086 0.000000 0.245233 0.208046 -0.215440 0.739427 -0.310188 0.255815 0.065434 0.200388 -0.061503 0.255564 0.605791 0.296514 0.253862 -0.048165 0.006136 0.009204 -0.041417 -0.199418 -0.003068 -0.018408 -0.006136 0.021476 -0.032214 0.007670 -0.055223 0.000000 -0.042951 0.000000 1.571242 3.941007 -11.788671 3.746874 2.136152 -12.849288 0.000000 0.060000 3.025002 16.350000 0.030000 0.000000 0.000000 0.000000 0.000000 0.000000 0.000000 0.000000 0.000000 0.000000 0.011000 0.000000 0.000000 0.049000 0.000000
3.811736 0.000000 0.250315 0.209233 -0.216735 0.713972 -0.310200 0.253778 0.063840 0.210539 -0.062042 0.256570 0.582829 0.296538 0.246168 -0.047517 0.064427 0.001534 0.001534 -0.200000 -0.003068 -0.085903 -0.012272 0.200000 0.001534 0.015340 -0.200000 -0.024544 0.000000 0.006136 1.459264 3.840863 -11.157713 2.791593 2.443842 -11.184466 0.000000 0.060000 2.767988 16.350000 0.030000 0.000000 0.000000 0.000000 0.000000 0.000000 0.000000 0.000000 0.000000 0.000000 0.011000 0.000000 0.000000 0.049000 0.000000
3.859603 0.000000 0.250878 0.209293 -0.216819 0.711515 -0.310188 0.253131 0.063612 0.212109 -0.062090 0.256510 0.579198 0.296550 0.246096 -0.047517 0.065961 0.001534 -0.013806 -0.200000 0.000000 -0.061359 0.000000 0.190214 -0.013806 0.015340 -0.200000 0.000000 -0.030680 0.000000 1.367214 3.717760 -10.603129 2.231177 2.556918 -9.544388 0.000000 0.060000 2.608016 16.350000 0.030000 0.000000 0.000000 0.000000 0.000000 0.000000 0.000000 0.000000 0.000000 0.000000 0.011000 0.000000 0.000000 0.049000 0.000000
3.912820 0.000000 0.256522 0.211617 -0.217538 0.687823 -0.310152 0.247378 0.060724 0.216555 -0.063265 0.256786 0.560886 0.296586 0.243531 -0.047086 0.087437 0.027612 0.016874 -0.200000 0.004602 -0.073631 -0.036816 0.070563 -0.042951 -0.016874 -0.130388 0.001534 0.000000 0.000000 1.187280 3.679902 -9.389822 2.772547 2.715935 -10.118399 0.000000 0.060000 2.739281 16.350000 0.030000 0.000000 0.000000 0.000000 0.000000 0.000000 0.000000 0.000000 0.000000 0.000000 0.011000 0.000000 0.000000 0.049000 0.000000
3.959234 0.000000 0.256990 0.211845 -0.217681 0.685306 -0.310164 0.247115 0.060424 0.216950 -0.063852 0.256810 0.560059 0.296586 0.243364 -0.047074 0.053689 0.015340 -0.007670 -0.200000 0.000000 -0.012272 -0.061359 0.033748 -0.064427 0.023010 -0.082835 0.001534 -0.018408 0.000000 1.205713 3.501121 -8.872014 2.979764 2.863470 -10.616873 0.000000 0.060000 2.774439 16.350000 0.030000 0.000000 0.000000 0.000000 0.000000 0.000000 0.000000 0.000000 0.000000 0.000000 0.011000 0.000000 0.000000 0.049000 0.000000
3.993929 0.000000 0.257385 0.211893 -0.217813 0.683688 -0.310176 0.247091 0.060173 0.217310 -0.064259 0.256858 0.559424 0.296562 0.243256 -0.047074 0.076699 0.024544 -0.033748 -0.200000 -0.003068 0.055223 -0.049087 0.075165 -0.101243 0.024544 -0.142660 0.000000 0.018408 0.000000 1.303748 3.596236 -9.854026 3.376200 2.966370 -12.062927 0.000000 0.060000 2.950879 16.350000 0.030000 0.000000 0.000000 0.000000 0.000000 0.000000 0.000000 0.000000 0.000000 0.000000 0.011000 0.000000 0.000000 0.049000 0.000000
4.036205 0.000000 0.260285 0.212121 -0.219671 0.662452 -0.310128 0.243651 0.057872 0.224536 -0.077478 0.259902 0.538811 0.296610 0.240727 -0.046523 0.052155 -0.013806 -0.042951 -0.200000 -0.010738 -0.024544 -0.006136 0.075165 -0.200000 -0.004602 -0.200000 -0.015340 0.006136 0.000000 1.900739 3.552188 -11.085078 3.469450 2.385536 -12.046572 0.000000 0.059000 2.913705 16.350000 0.029500 0.000000 0.000000 0.000000 0.000000 0.000000 0.000000 0.000000 0.000000 0.000000 0.010000 0.000000 0.000000 0.049000 0.000000
4.102380 0.000000 0.261124 0.212181 -0.220198 0.658701 -0.310164 0.242453 0.057536 0.225843 -0.079791 0.259902 0.533801 0.296586 0.240188 -0.046499 0.064427 0.006136 -0.032214 -0.200000 -0.018408 -0.128854 -0.042951 0.101243 -0.200000 -0.023010 -0.200000 -0.013806 -0.030680 0.018408 2.162544 3.577608 -11.645235 3.016713 2.037303 -10.974531 0.000000 0.059000 2.771599 16.350000 0.029500 0.000000 0.000000 0.000000 0.000000 0.000000 0.000000 0.000000 0.000000 0.000000 0.010000 0.000000 0.000000 0.049000 0.000000
4.130157 0.000000 0.267033 0.212708 -0.222978 0.636890 -0.310200 0.236676 0.056386 0.230073 -0.087113 0.259518 0.520619 0.296574 0.233980 -0.046487 0.026078 0.001534 -0.069029 -0.200000 -0.007670 -0.098175 -0.024544 0.144194 -0.142660 0.009204 -0.200000 0.003068 -0.085903 0.000000 2.179714 3.336063 -10.858667 2.823347 1.962326 -10.702554 0.000000 0.061000 2.631657 16.350000 0.030500 0.000000 0.000000 0.000000 0.000000 0.000000 0.000000 0.000000 0.000000 0.000000 0.011000 0.000000 0.000000 0.050000 0.000000
4.177525 0.000000 0.266997 0.212684 -0.223458 0.636147 -0.310164 0.236233 0.056290 0.230672 -0.087856 0.259506 0.519624 0.296574 0.233477 -0.046475 -0.026078 -0.018408 -0.084369 -0.145728 0.003068 -0.085903 -0.012272 0.087437 -0.133456 0.006136 -0.176408 -0.004602 -0.073631 -0.012272 2.214932 3.127690 -10.623205 2.953238 1.714991 -10.767503 0.000000 0.061000 2.566670 16.350000 0.030500 0.000000 0.000000 0.000000 0.000000 0.000000 0.000000 0.000000 0.000000 0.000000 0.011000 0.000000 0.000000 0.050000 0.000000
4.236290 0.000000 0.266781 0.212684 -0.224237 0.635044 -0.310128 0.235634 0.056218 0.231080 -0.089031 0.259482 0.518653 0.296574 0.232266 -0.046475 -0.021476 0.003068 -0.055223 -0.131922 0.000000 -0.042951 0.000000 0.024544 -0.099709 0.012272 -0.082835 0.001534 -0.085903 -0.006136 2.497639 3.284120 -11.907572 3.724122 1.601385 -12.606215 0.000000 0.056000 2.892108 16.350000 0.028000 0.000000 0.000000 0.000000 0.000000 0.000000 0.000000 0.000000 0.000000 0.000000 0.011000 0.000000 0.000000 0.045000 0.000000
4.293144 0.000000 0.270760 0.212900 -0.225987 0.618254 -0.310188 0.233357 0.055787 0.236664 -0.090289 0.259818 0.506837 0.296693 0.229546 -0.046247 -0.001534 -0.007670 -0.018408 -0.012272 0.000000 0.006136 0.000000 0.058291 0.046019 0.003068 -0.023010 0.007670 -0.036816 0.006136 2.263378 3.179071 -11.631785 3.472705 1.883972 -12.847403 0.000000 0.056000 2.776617 16.350000 0.028000 0.000000 0.000000 0.000000 0.000000 0.000000 0.000000 0.000000 0.000000 0.000000 0.011000 0.000000 0.000000 0.045000 0.000000
4.339845 0.000000 0.271503 0.212948 -0.226286 0.615833 -0.310152 0.233057 0.055619 0.238294 -0.089798 0.259962 0.503182 0.296729 0.229270 -0.046031 0.087437 -0.010738 0.004602 -0.200000 -0.007670 -0.030680 -0.018408 0.161068 0.032214 0.006136 -0.200000 0.015340 0.000000 0.000000 2.366173 3.129796 -12.150947 3.350527 1.883875 -13.021387 0.000000 0.047000 2.746335 16.350000 0.023500 0.000000 0.000000 0.000000 0.000000 0.000000 0.000000 0.000000 0.000000 0.000000 0.011000 0.000000 0.000000 0.036000 0.000000
4.375770 0.000000 0.282025 0.213691 -0.226981 0.590079 -0.310128 0.228323 0.054996 0.247450 -0.088755 0.260477 0.475726 0.298263 0.223877 -0.042676 0.070563 -0.001534 -0.003068 -0.200000 0.000000 -0.067495 -0.042951 0.079767 0.029146 0.029146 -0.200000 0.007670 0.000000 0.049087 2.229255 2.971310 -11.468380 3.358883 2.126673 -12.148799 0.000000 0.047000 2.720436 16.350000 0.023500 0.000000 0.000000 0.000000 0.000000 0.000000 0.000000 0.000000 0.000000 0.000000 0.011000 0.000000 0.000000 0.036000 0.000000
4.409297 0.000000 0.282300 0.213703 -0.226981 0.588294 -0.310104 0.227988 0.055020 0.247846 -0.088563 0.260597 0.473629 0.298251 0.223853 -0.042412 0.065961 0.009204 -0.004602 -0.200000 0.009204 -0.061359 0.006136 0.081301 0.044485 0.029146 -0.200000 -0.007670 0.000000 0.049087 2.118345 2.923700 -11.195026 3.047292 2.268097 -11.486769 0.000000 0.047000 2.620384 16.350000 0.023500 0.000000 0.000000 0.000000 0.000000 0.000000 0.000000 0.000000 0.000000 0.000000 0.011000 0.000000 0.000000 0.036000 0.000000
4.470383 0.000000 0.283043 0.213763 -0.226969 0.584075 -0.310032 0.227281 0.054936 0.248804 -0.088120 0.261004 0.468823 0.298239 0.223590 -0.041825 0.081301 0.007670 0.013806 -0.200000 0.029146 -0.012272 -0.006136 0.073631 0.036816 0.036816 -0.200000 -0.006136 -0.012272 0.024544 1.971688 2.842862 -11.292723 2.896529 2.534484 -11.090051 0.000000 0.035000 2.587610 16.350000 0.017500 0.000000 0.000000 0.000000 0.000000 0.000000 0.000000 0.000000 0.000000 0.000000 0.011000 0.000000 0.000000 0.024000 0.000000
4.508756 0.000000 0.286387 0.214709 -0.227101 0.564157 -0.309936 0.223506 0.054492 0.251537 -0.095011 0.259854 0.446724 0.297988 0.217885 -0.043587 0.090505 0.055223 -0.015340 -0.200000 0.015340 -0.018408 0.012272 0.023010 -0.128854 -0.019942 -0.200000 -0.009204 -0.067495 -0.030680 2.325602 3.030087 -12.497897 3.522179 1.937091 -11.549833 0.000000 0.035000 2.772540 16.350000 0.017500 0.000000 0.000000 0.000000 0.000000 0.000000 0.000000 0.000000 0.000000 0.000000 0.011000 0.000000 0.000000 0.024000 0.000000
4.543065 0.000000 0.287753 0.215009 -0.227161 0.560334 -0.309900 0.223386 0.054504 0.252172 -0.095646 0.259866 0.443536 0.298072 0.217262 -0.043539 0.187146 0.029146 0.001534 -0.200000 0.000000 -0.030680 0.012272 0.101243 -0.108913 0.023010 -0.200000 -0.003068 -0.049087 -0.012272 1.959458 2.899239 -12.306882 3.181180 2.032477 -11.123177 0.000000 0.043000 2.573710 16.350000 0.021500 0.000000 0.000000 0.000000 0.000000 0.000000 0.000000 0.000000 0.000000 0.000000 0.011000 0.000000 0.000000 0.032000 0.000000
4.602038 0.000000 0.289024 0.215380 -0.227281 0.555709 -0.309924 0.221948 0.054193 0.253011 -0.096401 0.259842 0.439282 0.298096 0.216579 -0.043551 0.141126 0.047553 -0.004602 -0.200000 -0.006136 -0.147262 -0.042951 0.076699 -0.107379 0.013806 -0.200000 0.012272 -0.085903 -0.024544 1.930865 2.760786 -11.320535 3.118796 1.983406 -10.298362 0.000000 0.043000 2.500548 16.350000 0.021500 0.000000 0.000000 0.000000 0.000000 0.000000 0.000000 0.000000 0.000000 0.000000 0.011000 0.000000 0.000000 0.032000 0.000000
4.628408 0.000000 0.293554 0.216351 -0.227580 0.529355 -0.309804 0.215069 0.053282 0.256858 -0.105737 0.258620 0.411814 0.298012 0.210671 -0.043706 0.013806 0.000000 -0.019942 -0.182544 0.000000 -0.036816 0.000000 0.070563 -0.027612 0.016874 -0.179476 -0.004602 -0.141126 -0.006136 2.340172 2.542320 -11.009636 3.002864 1.944841 -9.246932 0.000000 0.052000 2.486935 16.350000 0.026000 0.000000 0.000000 0.000000 0.000000 0.000000 0.000000 0.000000 0.000000 0.000000 0.010000 0.000000 0.000000 0.042000 0.000000
4.657783 0.000000 0.293566 0.216327 -0.227628 0.528852 -0.309828 0.214901 0.053282 0.257134 -0.105761 0.258691 0.411406 0.297988 0.209976 -0.043694 -0.001534 -0.013806 -0.021476 -0.144194 0.009204 -0.012272 0.012272 0.070563 -0.009204 0.013806 -0.085903 -0.004602 -0.134990 0.000000 2.306527 2.477252 -10.918918 2.803507 1.800193 -8.730514 0.000000 0.052000 2.374721 16.350000 0.026000 0.000000 0.000000 0.000000 0.000000 0.000000 0.000000 0.000000 0.000000 0.000000 0.010000 0.000000 0.000000 0.042000 0.000000
4.710107 0.000000 0.293697 0.216339 -0.227712 0.527629 -0.309840 0.214661 0.053186 0.257481 -0.105881 0.258907 0.410651 0.297880 0.208777 -0.043671 0.036816 0.007670 -0.018408 -0.200000 -0.004602 -0.049087 -0.049087 0.062893 -0.039884 0.013806 -0.156466 -0.023010 -0.196350 0.000000 2.951771 2.664657 -13.103149 3.572307 1.602116 -9.696094 0.000000 0.052000 2.790228 16.350000 0.026000 0.000000 0.000000 0.000000 0.000000 0.000000 0.000000 0.000000 0.000000 0.000000 0.010000 0.000000 0.000000 0.042000 0.000000
4.740440 0.000000 0.298875 0.216843 -0.228539 0.502954 -0.309828 0.210299 0.052083 0.266182 -0.107582 0.259722 0.397373 0.297269 0.205110 -0.043587 0.038350 -0.004602 0.007670 -0.200000 -0.003068 -0.085903 -0.024544 0.164136 -0.064427 0.006136 -0.200000 0.000000 -0.024544 0.018408 2.900242 2.516364 -12.236065 3.110853 1.486143 -9.598350 0.000000 0.055000 2.580190 16.350000 0.027500 0.000000 0.000000 0.000000 0.000000 0.000000 0.000000 0.000000 0.000000 0.000000 0.010000 0.000000 0.000000 0.045000 0.000000
4.793116 0.000000 0.298935 0.216843 -0.228539 0.501216 -0.309840 0.209856 0.051988 0.266997 -0.107834 0.259722 0.396234 0.297329 0.205014 -0.043599 0.013806 0.000000 0.004602 -0.200000 0.000000 -0.085903 -0.012272 0.138058 -0.064427 0.000000 -0.188680 0.003068 -0.006136 -0.006136 2.909191 2.360591 -11.688874 3.093501 1.425368 -9.555615 0.000000 0.055000 2.531660 16.350000 0.027500 0.000000 0.000000 0.000000 0.000000 0.000000 0.000000 0.000000 0.000000 0.000000 0.010000 0.000000 0.000000 0.045000 0.000000
4.861067 0.000000 0.299006 0.216783 -0.228671 0.497273 -0.309828 0.208657 0.051568 0.268926 -0.108421 0.259818 0.392160 0.297293 0.204067 -0.043023 0.030680 -0.013806 -0.010738 -0.200000 0.000000 -0.036816 0.012272 0.115049 -0.041417 0.012272 -0.200000 -0.015340 -0.055223 0.061359 3.398407 2.397870 -13.266995 3.557344 1.596694 -10.466740 0.000000 0.055000 2.850573 16.350000 0.027500 0.000000 0.000000 0.000000 0.000000 0.000000 0.000000 0.000000 0.000000 0.000000 0.010000 0.000000 0.000000 0.045000 0.000000
4.897980 0.000000 0.308474 0.219395 -0.229474 0.470549 -0.309600 0.205002 0.049615 0.274990 -0.115612 0.260285 0.368982 0.297257 0.199358 -0.040794 0.029146 -0.004602 0.000000 -0.200000 0.000000 -0.006136 -0.006136 0.035282 -0.116583 0.023010 -0.102777 0.000000 -0.012272 0.024544 3.116058 2.315722 -12.298826 3.703443 1.249346 -10.428333 0.000000 0.055000 2.754485 16.350000 0.027500 0.000000 0.000000 0.000000 0.000000 0.000000 0.000000 0.000000 0.000000 0.000000 0.010000 0.000000 0.000000 0.045000 0.000000
4.955968 0.000000 0.309181 0.219359 -0.229714 0.467756 -0.309612 0.204715 0.049267 0.275290 -0.116930 0.260357 0.367736 0.297257 0.199178 -0.040686 0.050621 -0.001534 -0.030680 -0.200000 -0.003068 -0.006136 -0.012272 0.019942 -0.125786 0.013806 -0.098175 -0.010738 0.000000 0.000000 2.470127 2.093449 -10.810375 3.764933 0.957169 -10.421531 0.000000 0.054000 2.528584 16.350000 0.027000 0.000000 0.000000 0.000000 0.000000 0.000000 0.000000 0.000000 0.000000 0.000000 0.009000 0.000000 0.000000 0.045000 0.000000
4.996363 0.000000 0.317750 0.219503 -0.234675 0.436465 -0.309612 0.197176 0.047362 0.292307 -0.129286 0.259423 0.335223 0.297269 0.194492 -0.040770 0.026078 0.009204 -0.012272 -0.200000 0.000000 -0.012272 0.006136 0.093573 -0.061359 -0.027612 -0.200000 -0.004602 -0.092039 0.000000 2.489490 1.958115 -10.520999 2.974804 0.662032 -9.140687 0.000000 0.054000 2.197699 16.350000 0.027000 0.000000 0.000000 0.000000 0.000000 0.000000 0.000000 0.000000 0.000000 0.000000 0.009000 0.000000 0.000000 0.045000 0.000000
5.040200 0.000000 0.318181 0.219551 -0.234783 0.434920 -0.309612 0.197093 0.047338 0.292559 -0.129657 0.259435 0.333845 0.297293 0.193593 -0.040770 0.059825 0.004602 -0.015340 -0.200000 -0.009204 -0.042951 -0.018408 0.050621 -0.073631 0.000000 -0.200000 -0.004602 -0.171806 0.049087 2.933832 2.038432 -12.503542 3.337333 0.438008 -10.127977 0.000000 0.054000 2.454191 16.350000 0.027000 0.000000 0.000000 0.000000 0.000000 0.000000 0.000000 0.000000 0.000000 0.000000 0.009000 0.000000 0.000000 0.045000 0.000000
5.079857 0.000000 0.327805 0.224596 -0.238091 0.397924 -0.309373 0.189794 0.045780 0.306101 -0.142049 0.258739 0.312465 0.297329 0.185959 -0.041010 0.078233 0.056757 0.001534 -0.200000 0.003068 -0.061359 0.000000 0.200000 -0.035282 0.000000 -0.200000 0.000000 -0.006136 -0.049087 2.826486 2.163283 -12.080740 2.461643 0.015598 -10.367759 0.000000 0.054000 2.163836 16.350000 0.027000 0.000000 0.000000 0.000000 0.000000 0.000000 0.000000 0.000000 0.000000 0.000000 0.009000 0.000000 0.000000 0.045000 0.000000
5.126654 0.000000 0.328595 0.225232 -0.238103 0.394473 -0.309373 0.189039 0.045768 0.308474 -0.142241 0.258572 0.308690 0.297281 0.185708 -0.041274 0.079767 0.061359 0.000000 -0.200000 -0.016874 -0.073631 0.006136 0.200000 -0.024544 -0.018408 -0.200000 -0.013806 -0.024544 -0.030680 2.570335 2.104138 -11.566967 2.072765 -0.372647 -10.300752 0.000000 0.056000 1.966548 16.350000 0.028000 0.000000 0.000000 0.000000 0.000000 0.000000 0.000000 0.000000 0.000000 0.000000 0.010000 0.000000 0.000000 0.046000 0.000000
5.177291 0.000000 0.329303 0.225747 -0.238067 0.391165 -0.309361 0.188392 0.045780 0.310248 -0.142732 0.258608 0.305885 0.297329 0.185672 -0.041322 0.055223 0.052155 0.016874 -0.200000 -0.003068 -0.024544 -0.006136 0.142660 -0.065961 0.012272 -0.200000 0.009204 -0.012272 0.006136 2.373827 2.038898 -10.843894 1.824519 -0.723253 -10.147357 0.000000 0.056000 1.846898 16.350000 0.028000 0.000000 0.000000 0.000000 0.000000 0.000000 0.000000 0.000000 0.000000 0.000000 0.010000 0.000000 0.000000 0.046000 0.000000
5.243019 0.000000 0.335822 0.230193 -0.238690 0.372266 -0.309337 0.184725 0.045288 0.313915 -0.145920 0.259458 0.290018 0.297317 0.182652 -0.041070 0.035282 0.090505 -0.030680 -0.200000 -0.006136 -0.073631 -0.030680 -0.001534 -0.033748 0.000000 -0.133456 0.009204 -0.104311 -0.006136 2.139296 2.221911 -10.394087 2.733319 -0.965823 -11.477920 0.058000 0.056000 2.116443 16.350000 0.001000 0.000000 0.000000 0.000000 0.000000 0.000000 0.000000 0.025000 0.033000 0.000000 0.010000 0.000000 0.000000 0.046000 0.000000
5.298438 0.000000 0.336074 0.230529 -0.238882 0.370360 -0.309373 0.184449 0.045133 0.313903 -0.146016 0.259411 0.289347 0.297281 0.182016 -0.040998 0.010738 0.061359 -0.019942 -0.200000 -0.012272 -0.042951 -0.006136 0.006136 -0.027612 0.001534 -0.138058 -0.003068 -0.122718 0.000000 1.986264 2.225721 -10.052121 2.758295 -1.085086 -12.008444 0.058000 0.056000 2.102658 16.350000 0.001000 0.000000 0.000000 0.000000 0.000000 0.000000 0.000000 0.025000 0.033000 0.000000 0.010000 0.000000 0.000000 0.046000 0.000000
5.333342 0.000000 0.342797 0.236545 -0.238882 0.336457 -0.309277 0.177355 0.044378 0.324017 -0.150750 0.259518 0.256846 0.297341 0.177798 -0.040315 0.050621 0.058291 0.000000 -0.200000 -0.009204 -0.049087 -0.006136 0.110447 -0.047553 -0.006136 -0.200000 0.004602 -0.024544 0.006136 1.665221 2.361952 -9.070662 1.890950 -1.242645 -10.778025 0.137000 0.055000 1.835186 16.350000 0.041000 0.000000 0.000000 0.000000 0.000000 0.000000 0.000000 0.032000 0.105000 0.000000 0.009000 0.000000 0.000000 0.046000 0.000000
5.397051 0.000000 0.342917 0.236940 -0.238882 0.335426 -0.309301 0.177067 0.044378 0.324713 -0.150929 0.259542 0.254665 0.297329 0.177450 -0.040255 0.016874 0.062893 0.016874 -0.159534 -0.009204 -0.036816 0.000000 0.092039 -0.033748 0.010738 -0.200000 0.015340 -0.085903 0.018408 1.423283 2.575850 -8.226110 1.143753 -1.270927 -9.249206 0.137000 0.055000 1.701776 16.350000 0.041000 0.000000 0.000000 0.000000 0.000000 0.000000 0.000000 0.032000 0.105000 0.000000 0.009000 0.000000 0.000000 0.046000 0.000000
5.447692 0.000000 0.343180 0.237527 -0.238918 0.333689 -0.309301 0.176743 0.044366 0.325372 -0.151385 0.259542 0.252304 0.297341 0.176540 -0.040111 0.039884 0.084369 0.010738 -0.200000 0.009204 -0.024544 0.000000 0.092039 -0.092039 0.001534 -0.200000 0.004602 -0.104311 0.018408 1.958355 2.901835 -9.825980 1.543679 -1.469096 -10.264016 0.166000 0.055000 2.049207 16.350000 0.055500 0.000000 0.000000 0.000000 0.000000 0.000000 0.000000 0.008000 0.158000 0.000000 0.009000 0.000000 0.000000 0.046000 0.000000
5.515733 0.000000 0.350215 0.240260 -0.239768 0.307156 -0.309145 0.173028 0.043754 0.333137 -0.159726 0.259830 0.227796 0.297329 0.173016 -0.038565 0.145728 0.050621 0.001534 -0.200000 0.015340 -0.049087 0.000000 0.072097 -0.053689 -0.012272 -0.200000 -0.023010 -0.018408 0.030680 1.472839 3.023647 -9.594438 1.472439 -1.643751 -10.206384 0.166000 0.055000 2.011324 16.350000 0.055500 0.000000 0.000000 0.000000 0.000000 0.000000 0.000000 0.008000 0.158000 0.000000 0.009000 0.000000 0.000000 0.046000 0.000000
5.589485 0.000000 0.360869 0.245389 -0.241830 0.284158 -0.308738 0.169445 0.042916 0.338890 -0.167887 0.259590 0.205182 0.297305 0.164543 -0.036684 0.075165 0.000000 -0.072097 -0.084369 -0.004602 0.000000 -0.012272 0.033748 -0.007670 0.000000 -0.131922 0.000000 -0.018408 0.000000 1.537399 3.204986 -10.727938 1.756762 -2.007730 -10.505165 0.088000 0.055000 2.222202 16.350000 0.016500 0.000000 0.000000 0.000000 0.000000 0.000000 0.000000 0.000000 0.088000 0.000000 0.009000 0.000000 0.000000 0.046000 0.000000
5.661516 0.000000 0.362067 0.245629 -0.242896 0.283019 -0.308774 0.169289 0.042760 0.339309 -0.168175 0.259602 0.203852 0.297341 0.164244 -0.036636 0.115049 0.053689 -0.107379 -0.150330 -0.016874 0.024544 -0.018408 0.041417 -0.081301 0.000000 -0.148796 0.004602 0.000000 0.000000 2.085131 3.628380 -13.178954 2.703402 -2.330111 -12.554300 0.334000 0.055000 2.750032 16.350000 0.139500 0.000000 0.000000 0.000000 0.000000 0.000000 0.000000 0.000000 0.019000 0.315000 0.009000 0.000000 0.000000 0.046000 0.000000
5.714444 0.000000 0.374435 0.246599 -0.245089 0.263953 -0.308594 0.168055 0.042388 0.349400 -0.170380 0.259411 0.182364 0.297377 0.159007 -0.036612 0.078233 -0.016874 -0.012272 -0.200000 0.000000 0.006136 -0.006136 0.138058 -0.049087 0.015340 -0.200000 -0.004602 -0.006136 0.006136 1.919534 3.636667 -13.581792 1.948249 -2.312985 -11.838200 0.334000 0.055000 2.552231 16.350000 0.139500 0.000000 0.000000 0.000000 0.000000 0.000000 0.000000 0.000000 0.019000 0.315000 0.009000 0.000000 0.000000 0.046000 0.000000
5.781016 0.000000 0.375442 0.246719 -0.245041 0.260849 -0.308606 0.168067 0.042388 0.350946 -0.170751 0.259411 0.178517 0.297341 0.158779 -0.036588 0.088971 0.029146 0.016874 -0.200000 -0.001534 0.000000 -0.006136 0.093573 -0.036816 0.021476 -0.200000 0.000000 -0.036816 0.000000 1.465226 3.823619 -13.768538 1.623027 -2.328805 -11.117268 0.455000 0.055000 2.491210 16.350000 0.200000 0.000000 0.000000 0.000000 0.000000 0.000000 0.000000 0.000000 0.000000 0.455000 0.009000 0.000000 0.000000 0.046000 0.000000
5.845436 0.000000 0.381434 0.253478 -0.243687 0.225843 -0.309409 0.159378 0.042101 0.353726 -0.175916 0.259423 0.160361 0.297389 0.153386 -0.035210 0.000000 0.001534 0.006136 -0.200000 -0.009204 -0.200000 -0.012272 0.013806 -0.039884 -0.003068 -0.170272 -0.001534 -0.042951 -0.006136 2.063242 4.142691 -14.023633 3.436750 -2.422549 -14.006569 0.000000 0.043000 3.126454 16.350000 0.021500 0.000000 0.000000 0.000000 0.000000 0.000000 0.000000 0.000000 0.000000 0.000000 0.009000 0.000000 0.000000 0.034000 0.000000
5.904577 0.000000 0.381602 0.253766 -0.243603 0.221624 -0.309469 0.157724 0.041969 0.354374 -0.176588 0.259399 0.157377 0.297401 0.153314 -0.035234 0.032214 0.012272 0.009204 -0.200000 -0.018408 -0.147262 -0.018408 0.105845 -0.061359 0.000000 -0.200000 -0.004602 0.000000 -0.006136 1.745036 4.337378 -13.655299 3.624207 -2.503389 -14.941805 0.000000 0.043000 3.211691 16.350000 0.021500 0.000000 0.000000 0.000000 0.000000 0.000000 0.000000 0.000000 0.000000 0.000000 0.009000 0.000000 0.000000 0.034000 0.000000
5.953796 0.000000 0.382189 0.253766 -0.243495 0.216183 -0.309481 0.156706 0.041981 0.355308 -0.177319 0.259363 0.153566 0.297377 0.153254 -0.035258 0.078233 0.000000 0.021476 -0.200000 -0.015340 -0.122718 -0.018408 0.119651 -0.108913 0.004602 -0.200000 0.001534 -0.006136 -0.012272 1.050542 4.337245 -12.225548 3.614125 -2.628822 -14.863877 0.000000 0.048000 3.157845 16.350000 0.024000 0.000000 0.000000 0.000000 0.000000 0.000000 0.000000 0.000000 0.000000 0.000000 0.010000 0.000000 0.000000 0.038000 0.000000
6.016328 0.000000 0.387426 0.257505 -0.236473 0.182867 -0.309972 0.146891 0.042053 0.367364 -0.180446 0.259578 0.119135 0.297413 0.145105 -0.032513 0.161068 0.047553 0.026078 -0.200000 0.016874 -0.067495 0.000000 0.200000 -0.041417 0.004602 -0.200000 0.006136 -0.036816 -0.006136 0.688612 5.024074 -11.353207 2.835137 -2.436006 -13.734658 0.000000 0.048000 3.149906 16.350000 0.024000 0.000000 0.000000 0.000000 0.000000 0.000000 0.000000 0.000000 0.000000 0.000000 0.010000 0.000000 0.000000 0.038000 0.000000
6.061644 0.000000 0.388636 0.257960 -0.236329 0.180734 -0.309936 0.146303 0.042053 0.368910 -0.180806 0.259518 0.117374 0.297401 0.144805 -0.032513 0.167204 0.076699 0.023010 -0.200000 -0.010738 -0.085903 0.012272 0.196350 -0.036816 0.001534 -0.200000 -0.010738 -0.030680 0.012272 0.514855 5.315812 -10.753277 2.506367 -2.426856 -13.212690 0.000000 0.048000 3.189610 16.350000 0.024000 0.000000 0.000000 0.000000 0.000000 0.000000 0.000000 0.000000 0.000000 0.000000 0.009000 0.000000 0.000000 0.039000 0.000000
6.124987 0.000000 0.399602 0.261520 -0.236149 0.157916 -0.310224 0.139592 0.041981 0.375658 -0.188044 0.259530 0.096018 0.297448 0.138825 -0.032477 0.029146 0.013806 -0.003068 -0.200000 -0.013806 -0.165670 0.012272 0.006136 -0.075165 -0.004602 -0.177942 -0.009204 -0.104311 -0.006136 0.286704 5.480745 -9.425719 2.552184 -2.771804 -11.972150 0.000000 0.048000 3.328562 16.350000 0.024000 0.000000 0.000000 0.000000 0.000000 0.000000 0.000000 0.000000 0.000000 0.000000 0.009000 0.000000 0.000000 0.039000 0.000000
6.166080 0.000000 0.399758 0.261616 -0.236113 0.155783 -0.310415 0.138538 0.041813 0.375681 -0.188991 0.259542 0.094448 0.297472 0.138094 -0.032417 0.013806 0.026078 0.006136 -0.200000 -0.035282 -0.006136 0.000000 0.013806 -0.170272 0.000000 -0.200000 0.016874 -0.012272 0.000000 0.669655 5.823257 -10.525105 3.040300 -3.029477 -13.057455 0.000000 0.048000 3.632489 16.350000 0.024000 0.000000 0.000000 0.000000 0.000000 0.000000 0.000000 0.000000 0.000000 0.000000 0.009000 0.000000 0.000000 0.039000 0.000000
6.217009 0.000000 0.399003 0.261855 -0.230600 0.104550 -0.313184 0.119770 0.039081 0.381278 -0.202473 0.258260 0.067939 0.297329 0.136177 -0.032657 -0.026078 0.036816 0.007670 -0.200000 -0.004602 -0.200000 -0.085903 0.033748 -0.150330 -0.015340 -0.116583 0.010738 -0.012272 0.000000 1.089982 6.099655 -8.687473 3.854315 -3.605189 -14.569961 0.000000 0.048000 4.069612 16.350000 0.024000 0.000000 0.000000 0.000000 0.000000 0.000000 0.000000 0.000000 0.000000 0.000000 0.009000 0.000000 0.000000 0.039000 0.000000
6.272295 0.000000 0.399147 0.262407 -0.230169 0.095203 -0.313160 0.118009 0.038829 0.382968 -0.204475 0.257913 0.065134 0.297305 0.136165 -0.032813 0.004602 0.052155 0.007670 -0.200000 0.001534 -0.104311 -0.036816 0.174874 -0.168738 -0.041417 -0.200000 -0.003068 0.000000 -0.006136 0.317370 6.223153 -6.168018 3.681634 -4.079044 -14.974653 0.266000 0.047000 4.153955 16.350000 0.109500 0.000000 0.000000 0.000000 0.000000 0.000000 0.126000 0.034000 0.000000 0.106000 0.008000 0.000000 0.000000 0.039000 0.000000
6.316080 0.000000 0.399926 0.264624 -0.227137 0.050705 -0.312956 0.105090 0.038122 0.401292 -0.212516 0.256163 0.052083 0.297233 0.134954 -0.032981 0.035282 0.004602 -0.018408 -0.200000 0.004602 -0.061359 -0.049087 0.200000 -0.021476 0.003068 -0.200000 0.000000 0.012272 -0.006136 -0.035125 6.239166 -3.910220 3.535656 -4.222663 -16.342029 0.266000 0.047000 4.161135 16.350000 0.109500 0.000000 0.000000 0.000000 0.000000 0.000000 0.126000 0.034000 0.000000 0.106000 0.008000 0.000000 0.000000 0.039000 0.000000
6.346902 0.000000 0.400189 0.264528 -0.227473 0.048117 -0.312944 0.104083 0.037043 0.403856 -0.212552 0.256163 0.048764 0.297293 0.134954 -0.032969 0.001534 -0.021476 -0.035282 -0.151864 -0.003068 -0.196350 -0.092039 0.200000 -0.004602 0.006136 -0.200000 0.001534 0.012272 0.000000 0.002268 6.213954 -2.949852 3.374226 -4.433547 -16.775044 0.413000 0.045000 4.172977 16.350000 0.184000 0.000000 0.000000 0.000000 0.000000 0.000000 0.253000 0.056000 0.000000 0.104000 0.009000 0.000000 0.000000 0.036000 0.000000
6.383143 0.000000 0.405007 0.265678 -0.227616 0.023058 -0.312597 0.099697 0.035437 0.418273 -0.214014 0.258248 0.008197 0.297365 0.129202 -0.032429 0.104311 0.122718 0.010738 -0.200000 -0.012272 -0.049087 0.000000 0.000000 -0.085903 -0.016874 -0.200000 -0.003068 -0.104311 0.000000 0.194125 6.907598 -3.040113 3.605806 -4.690651 -16.299582 0.413000 0.045000 4.548534 16.350000 0.184000 0.000000 0.000000 0.000000 0.000000 0.000000 0.253000 0.056000 0.000000 0.104000 0.009000 0.000000 0.000000 0.036000 0.000000
6.419056 0.000000 0.406014 0.266433 -0.227533 0.019810 -0.312609 0.099912 0.035437 0.418321 -0.214482 0.258188 0.004973 0.297413 0.128291 -0.032453 0.110447 0.076699 0.003068 -0.200000 -0.015340 0.018408 -0.006136 0.024544 -0.095107 -0.001534 -0.200000 -0.013806 -0.085903 -0.024544 0.418174 6.954203 -2.870463 3.059991 -4.767363 -16.082157 0.413000 0.046000 4.489630 16.350000 0.183500 0.000000 0.000000 0.000000 0.000000 0.000000 0.253000 0.056000 0.000000 0.104000 0.009000 0.000000 0.000000 0.037000 0.000000
6.454913 0.000000 0.406876 0.267068 -0.227533 0.017641 -0.312597 0.099889 0.035461 0.418405 -0.215009 0.258176 0.002085 0.297401 0.127860 -0.032429 0.119651 0.069029 0.009204 -0.200000 0.000000 -0.018408 0.006136 0.015340 -0.082835 0.004602 -0.200000 -0.010738 -0.079767 0.006136 0.516971 7.102258 -2.533438 2.645069 -4.795516 -15.634266 0.198000 0.046000 4.491734 16.350000 0.076000 0.000000 0.000000 0.000000 0.000000 0.000000 0.000000 0.064000 0.000000 0.134000 0.009000 0.000000 0.000000 0.037000 0.000000
6.491057 0.000000 0.417411 0.273228 -0.227485 -0.000515 -0.312117 0.099361 0.035521 0.420239 -0.216651 0.257625 -0.022782 0.297365 0.119710 -0.032381 0.124252 0.072097 -0.001534 -0.200000 -0.013806 -0.012272 -0.006136 0.030680 0.000000 -0.004602 -0.199418 0.000000 -0.092039 0.006136 0.601728 7.468578 -2.734473 2.588718 -4.726076 -15.214622 0.198000 0.046000 4.614623 16.350000 0.076000 0.000000 0.000000 0.000000 0.000000 0.000000 0.000000 0.064000 0.000000 0.134000 0.009000 0.000000 0.000000 0.037000 0.000000
6.527741 0.000000 0.418657 0.273923 -0.227485 -0.002696 -0.312105 0.099337 0.035533 0.420323 -0.216675 0.257613 -0.024064 0.297401 0.118704 -0.032357 0.122718 0.032214 0.000000 -0.200000 -0.003068 -0.012272 -0.006136 0.016874 -0.013806 0.023010 -0.115049 -0.023010 -0.085903 -0.006136 0.604951 7.669006 -2.830651 2.461362 -4.735046 -15.150036 0.172000 0.046000 4.681308 16.350000 0.063000 0.000000 0.000000 0.000000 0.000000 0.000000 0.000000 0.064000 0.000000 0.108000 0.009000 0.000000 0.000000 0.037000 0.000000
6.579440 0.000000 0.423966 0.275445 -0.227473 -0.012739 -0.311266 0.099217 0.035701 0.423043 -0.217490 0.257769 -0.033017 0.297365 0.113886 -0.031818 0.046019 0.033748 -0.006136 -0.105845 0.006136 0.000000 0.000000 0.067495 -0.016874 0.012272 -0.138058 0.000000 -0.055223 0.000000 0.941038 8.121227 -3.549465 2.289721 -4.761668 -14.996003 0.172000 0.046000 4.867139 16.350000 0.063000 0.000000 0.000000 0.000000 0.000000 0.000000 0.000000 0.064000 0.000000 0.108000 0.009000 0.000000 0.000000 0.037000 0.000000
6.616104 0.000000 0.424194 0.275613 -0.227473 -0.013255 -0.311266 0.099217 0.035701 0.423570 -0.217622 0.257745 -0.033927 0.297401 0.113670 -0.031722 0.033748 0.019942 0.006136 -0.082835 0.000000 -0.006136 0.000000 0.081301 -0.024544 -0.010738 -0.142660 -0.012272 -0.012272 0.018408 1.029097 8.330700 -3.827340 2.254909 -4.787954 -14.988479 0.172000 0.046000 4.961570 16.350000 0.063000 0.000000 0.000000 0.000000 0.000000 0.000000 0.000000 0.064000 0.000000 0.108000 0.009000 0.000000 0.000000 0.037000 0.000000
6.659835 0.000000 0.424925 0.275997 -0.227473 -0.015160 -0.311063 0.099241 0.035737 0.424973 -0.218101 0.257745 -0.037115 0.297413 0.113503 -0.031674 0.093573 0.049087 0.004602 -0.194816 0.000000 0.006136 0.012272 0.197884 -0.035282 0.007670 -0.200000 0.012272 0.000000 0.000000 1.404812 8.654683 -4.856144 2.119593 -4.744997 -15.363912 0.114000 0.042000 5.096193 16.350000 0.036000 0.000000 0.000000 0.000000 0.000000 0.000000 0.000000 0.057000 0.000000 0.057000 0.009000 0.000000 0.000000 0.033000 0.000000
6.706189 0.000000 0.435627 0.280203 -0.227125 -0.030428 -0.310571 0.098618 0.036288 0.433781 -0.221732 0.258284 -0.060089 0.297413 0.110830 -0.031147 0.173340 0.150330 0.015340 -0.200000 -0.007670 -0.079767 0.000000 0.133456 -0.110447 0.000000 -0.200000 -0.021476 -0.098175 0.018408 1.005701 9.400098 -5.399605 1.931370 -4.936037 -14.665513 0.114000 0.042000 5.419131 16.350000 0.036000 0.000000 0.000000 0.000000 0.000000 0.000000 0.000000 0.057000 0.000000 0.057000 0.009000 0.000000 0.000000 0.033000 0.000000
6.753058 0.000000 0.437149 0.281521 -0.227161 -0.032753 -0.310595 0.098486 0.036300 0.434536 -0.222775 0.258332 -0.062677 0.297401 0.109716 -0.030871 0.133456 0.130388 0.000000 -0.200000 -0.015340 0.000000 0.006136 0.058291 -0.110447 0.009204 -0.200000 -0.023010 -0.092039 0.036816 0.923209 9.689828 -5.821772 1.848617 -4.937321 -14.231346 0.171000 0.044000 5.534880 16.350000 0.063500 0.000000 0.000000 0.000000 0.000000 0.000000 0.000000 0.065000 0.000000 0.106000 0.009000 0.000000 0.000000 0.035000 0.000000
6.799608 0.000000 0.438071 0.282276 -0.227185 -0.034766 -0.310595 0.098486 0.036288 0.434836 -0.223626 0.258344 -0.064355 0.297377 0.108997 -0.030608 0.107379 0.101243 -0.006136 -0.200000 0.000000 0.000000 0.000000 0.046019 -0.125786 0.009204 -0.200000 0.018408 -0.073631 0.024544 0.766586 9.855296 -5.941336 1.631629 -4.994421 -13.852751 0.171000 0.044000 5.597342 16.350000 0.063500 0.000000 0.000000 0.000000 0.000000 0.000000 0.000000 0.065000 0.000000 0.106000 0.009000 0.000000 0.000000 0.035000 0.000000
6.845258 0.000000 0.443273 0.283966 -0.227185 -0.047577 -0.310236 0.097096 0.036276 0.437436 -0.232015 0.258020 -0.080546 0.297436 0.105893 -0.029397 0.075165 0.007670 0.016874 -0.185612 -0.003068 -0.061359 -0.006136 0.055223 -0.151864 -0.012272 -0.200000 0.001534 -0.049087 0.000000 1.196020 10.149067 -7.164739 1.704182 -5.361027 -13.894492 0.144000 0.042000 5.832642 16.350000 0.051000 0.000000 0.000000 0.000000 0.000000 0.000000 0.000000 0.070000 0.000000 0.074000 0.008000 0.000000 0.000000 0.034000 0.000000
6.889994 0.000000 0.444063 0.284086 -0.227185 -0.049315 -0.310248 0.096928 0.036276 0.438023 -0.233381 0.257996 -0.083362 0.297377 0.105557 -0.029397 0.088971 0.004602 0.000000 -0.196350 -0.004602 -0.006136 0.000000 0.084369 -0.122718 0.016874 -0.200000 -0.012272 -0.030680 0.006136 1.317450 10.383391 -8.038200 1.593111 -5.392636 -13.794658 0.144000 0.042000 5.940728 16.350000 0.051000 0.000000 0.000000 0.000000 0.000000 0.000000 0.000000 0.070000 0.000000 0.074000 0.008000 0.000000 0.000000 0.034000 0.000000
6.944808 0.000000 0.450930 0.284398 -0.227245 -0.062642 -0.310260 0.094903 0.036228 0.443033 -0.237719 0.256319 -0.101387 0.297377 0.099277 -0.029457 0.035282 -0.004602 0.019942 -0.170272 0.007670 0.018408 0.012272 0.009204 -0.013806 -0.042951 -0.116583 -0.009204 -0.073631 -0.012272 1.615216 10.710194 -9.182819 1.895330 -5.692460 -13.610944 0.067000 0.047000 6.190992 16.350000 0.010000 0.000000 0.000000 0.000000 0.000000 0.000000 0.000000 0.067000 0.000000 0.000000 0.007000 0.000000 0.000000 0.040000 0.000000
6.995790 0.000000 0.451266 0.284398 -0.227281 -0.063816 -0.310272 0.094903 0.036252 0.443296 -0.237755 0.256187 -0.102094 0.297413 0.098930 -0.029493 0.029146 -0.030680 -0.004602 -0.167204 0.001534 0.000000 0.006136 0.035282 -0.007670 -0.007670 -0.111981 0.009204 -0.042951 -0.030680 1.626000 10.763851 -9.837847 1.699593 -5.851359 -13.428184 0.067000 0.047000 6.237615 16.350000 0.010000 0.000000 0.000000 0.000000 0.000000 0.000000 0.000000 0.067000 0.000000 0.000000 0.007000 0.000000 0.000000 0.040000 0.000000
7.042629 0.000000 0.451757 0.284338 -0.227293 -0.065841 -0.310284 0.094903 0.036228 0.443608 -0.237743 0.256043 -0.102921 0.297401 0.098390 -0.029445 0.024544 -0.024544 -0.009204 -0.170272 0.000000 0.000000 -0.012272 0.021476 0.000000 0.000000 -0.061359 -0.012272 -0.055223 0.018408 1.546909 10.882516 -10.089152 1.716988 -5.977584 -13.329205 0.192000 0.049000 6.314698 16.350000 0.071500 0.000000 0.000000 0.000000 0.000000 0.000000 0.000000 0.068000 0.034000 0.090000 0.007000 0.000000 0.000000 0.042000 0.000000
7.118193 0.000000 0.456863 0.288089 -0.227221 -0.084405 -0.309972 0.094484 0.036252 0.450379 -0.240164 0.255312 -0.119003 0.297436 0.094352 -0.029565 0.090505 0.015340 0.000000 -0.200000 0.006136 -0.006136 -0.006136 0.044485 -0.047553 -0.010738 -0.200000 0.000000 0.006136 0.000000 1.887233 11.584400 -11.727414 2.144211 -6.325466 -13.917347 0.192000 0.050000 6.752206 16.350000 0.071000 0.000000 0.000000 0.000000 0.000000 0.000000 0.000000 0.068000 0.034000 0.090000 0.007000 0.000000 0.000000 0.043000 0.000000
7.162035 0.000000 0.457510 0.288197 -0.227221 -0.086250 -0.309948 0.094496 0.036264 0.450607 -0.240739 0.255240 -0.120837 0.297448 0.094232 -0.029601 0.096641 0.032214 0.003068 -0.200000 0.009204 0.012272 0.000000 0.026078 -0.087437 -0.006136 -0.200000 -0.015340 -0.024544 -0.018408 2.000675 11.785726 -12.284603 2.315331 -6.483567 -14.100186 0.178000 0.050000 6.897526 16.350000 0.064000 0.000000 0.000000 0.000000 0.000000 0.000000 0.000000 0.069000 0.041000 0.068000 0.007000 0.000000 0.000000 0.043000 0.000000
7.211360 0.000000 0.458241 0.288245 -0.227197 -0.087557 -0.309936 0.094460 0.036264 0.450739 -0.241242 0.255252 -0.121844 0.297413 0.094016 -0.029601 0.130388 0.001534 0.010738 -0.200000 -0.016874 -0.012272 0.000000 0.030680 -0.098175 -0.003068 -0.170272 -0.013806 -0.036816 -0.006136 1.960941 11.873183 -12.583687 2.336016 -6.573951 -14.212273 0.178000 0.050000 6.955062 16.350000 0.064000 0.000000 0.000000 0.000000 0.000000 0.000000 0.000000 0.069000 0.041000 0.068000 0.007000 0.000000 0.000000 0.043000 0.000000
7.249442 0.000000 0.468655 0.288520 -0.227185 -0.109740 -0.310535 0.092326 0.036228 0.457582 -0.249643 0.250746 -0.142193 0.297592 0.089390 -0.029625 0.098175 -0.010738 -0.003068 -0.200000 0.001534 -0.061359 -0.018408 -0.009204 0.004602 -0.075165 -0.019942 0.007670 -0.030680 0.000000 1.944862 12.014352 -12.917334 2.759103 -7.084724 -14.801559 0.206000 0.050000 7.175185 16.350000 0.078000 0.000000 0.000000 0.000000 0.000000 0.000000 0.000000 0.068000 0.051000 0.087000 0.006000 0.000000 0.000000 0.044000 0.000000
7.304674 0.000000 0.470105 0.288532 -0.227197 -0.113251 -0.310595 0.092159 0.036240 0.457666 -0.249655 0.249643 -0.143451 0.297892 0.089175 -0.029625 0.141126 -0.004602 0.001534 -0.200000 -0.003068 -0.024544 -0.006136 0.018408 0.000000 -0.082835 -0.130388 0.027612 -0.018408 -0.006136 1.507121 12.168181 -13.268492 3.155829 -7.493246 -15.278857 0.206000 0.050000 7.356018 16.350000 0.078000 0.000000 0.000000 0.000000 0.000000 0.000000 0.000000 0.068000 0.051000 0.087000 0.006000 0.000000 0.000000 0.044000 0.000000
7.353406 0.000000 0.473856 0.290438 -0.226538 -0.127428 -0.310727 0.088935 0.036264 0.459787 -0.251633 0.246539 -0.169577 0.298227 0.085088 -0.029625 0.036816 0.003068 0.003068 -0.165670 -0.023010 -0.018408 0.006136 0.044485 -0.053689 -0.010738 -0.200000 0.009204 -0.110447 -0.012272 2.074912 12.476204 -14.057588 3.019375 -7.882497 -14.031693 0.238000 0.048000 7.602817 16.350000 0.095000 0.000000 0.000000 0.000000 0.000000 0.000000 0.000000 0.071000 0.053000 0.114000 0.007000 0.000000 0.000000 0.041000 0.000000
7.412626 0.000000 0.474180 0.290510 -0.226514 -0.128363 -0.310835 0.088611 0.036228 0.460038 -0.251872 0.246456 -0.172165 0.298203 0.083997 -0.029601 0.038350 -0.003068 0.001534 -0.122718 -0.012272 -0.055223 -0.030680 0.026078 -0.019942 -0.007670 -0.200000 -0.007670 -0.098175 0.012272 2.163340 12.677946 -14.818784 2.858472 -8.118707 -13.133286 0.238000 0.048000 7.737807 16.350000 0.095000 0.000000 0.000000 0.000000 0.000000 0.000000 0.000000 0.071000 0.053000 0.114000 0.007000 0.000000 0.000000 0.041000 0.000000
7.446788 0.000000 0.474384 0.290546 -0.226478 -0.129010 -0.311003 0.088360 0.036252 0.460206 -0.251992 0.246240 -0.173939 0.298203 0.083458 -0.029625 0.046019 0.001534 0.006136 -0.119651 -0.033748 -0.036816 0.000000 0.032214 -0.029146 -0.038350 -0.200000 -0.001534 -0.116583 -0.018408 2.153504 12.774514 -15.031165 2.740010 -8.335499 -12.716097 0.362000 0.046000 7.823266 16.350000 0.158000 0.000000 0.000000 0.000000 0.000000 0.000000 0.000000 0.069000 0.065000 0.228000 0.008000 0.000000 0.000000 0.038000 0.000000
7.504216 0.000000 0.485014 0.291025 -0.225939 -0.151972 -0.312093 0.083015 0.036264 0.463682 -0.254845 0.242968 -0.189063 0.298695 0.071654 -0.029601 0.061359 0.001534 0.013806 -0.174874 0.009204 -0.079767 0.000000 0.075165 -0.007670 -0.039884 -0.187146 -0.007670 -0.042951 0.018408 1.465936 13.083271 -14.552119 2.750084 -8.829193 -12.433450 0.362000 0.046000 8.044230 16.350000 0.158000 0.000000 0.000000 0.000000 0.000000 0.000000 0.000000 0.069000 0.065000 0.228000 0.008000 0.000000 0.000000 0.038000 0.000000
7.582156 0.000000 0.485229 0.291001 -0.225927 -0.153985 -0.312105 0.082356 0.036252 0.464904 -0.254665 0.242177 -0.191436 0.298695 0.071498 -0.029589 0.007670 0.013806 0.004602 -0.171806 0.006136 -0.049087 0.000000 0.115049 -0.006136 -0.067495 -0.196350 -0.009204 0.000000 0.000000 1.006091 13.168871 -14.165210 2.436522 -9.392084 -11.743526 0.393000 0.027000 8.194194 16.350000 0.183000 0.000000 0.000000 0.000000 0.000000 0.000000 0.000000 0.069000 0.067000 0.257000 0.008000 0.000000 0.000000 0.019000 0.000000
7.640809 0.000000 0.491257 0.292235 -0.223470 -0.177954 -0.312225 0.080702 0.036264 0.472406 -0.256978 0.238462 -0.219024 0.298899 0.068334 -0.029613 0.049087 0.026078 0.015340 -0.200000 -0.001534 0.000000 0.000000 0.081301 0.000000 -0.012272 -0.185612 -0.010738 -0.104311 -0.012272 1.028470 13.658893 -14.753494 2.716464 -9.759215 -11.377069 0.414000 0.009000 8.518283 16.350000 0.202500 0.000000 0.000000 0.000000 0.000000 0.000000 0.000000 0.077000 0.073000 0.264000 0.009000 0.000000 0.000000 0.000000 0.000000
7.695562 0.000000 0.491485 0.292379 -0.223278 -0.179428 -0.312201 0.080714 0.036288 0.473113 -0.256918 0.238474 -0.220150 0.298911 0.067447 -0.029601 0.033748 0.015340 0.024544 -0.196350 -0.001534 0.018408 0.012272 0.104311 0.007670 0.013806 -0.134990 -0.007670 -0.098175 -0.018408 1.119807 13.910826 -15.053590 2.639146 -9.890425 -11.318904 0.414000 0.009000 8.653766 16.350000 0.202500 0.000000 0.000000 0.000000 0.000000 0.000000 0.000000 0.077000 0.073000 0.264000 0.009000 0.000000 0.000000 0.000000 0.000000
7.750049 0.000000 0.491701 0.292559 -0.223086 -0.181980 -0.312165 0.080690 0.036264 0.474156 -0.256870 0.238462 -0.221600 0.298958 0.066393 -0.029613 0.027612 0.038350 0.004602 -0.200000 0.000000 -0.006136 0.000000 0.124252 -0.032214 0.009204 -0.145728 0.001534 -0.092039 0.000000 1.611176 14.130094 -15.915670 2.957685 -10.044959 -11.844461 0.751000 0.009000 8.830410 16.350000 0.371000 0.000000 0.000000 0.000000 0.000000 0.000000 0.311000 0.078000 0.077000 0.285000 0.009000 0.000000 0.000000 0.000000 0.000000
7.810994 0.000000 0.492695 0.295040 -0.221624 -0.199765 -0.310032 0.076208 0.036300 0.484055 -0.257517 0.238426 -0.233357 0.298911 0.060017 -0.029517 0.000000 -0.001534 0.026078 -0.141126 0.024544 -0.104311 0.024544 0.036816 -0.001534 -0.010738 -0.161068 -0.003068 -0.018408 -0.012272 1.739088 14.566743 -15.444037 2.480719 -10.226968 -11.287681 0.751000 0.009000 9.027171 16.350000 0.371000 0.000000 0.000000 0.000000 0.000000 0.000000 0.311000 0.078000 0.077000 0.285000 0.009000 0.000000 0.000000 0.000000 0.000000
7.870309 0.000000 0.494709 0.296322 -0.217214 -0.226861 -0.308222 0.066141 0.036336 0.487171 -0.259794 0.237743 -0.260645 0.298815 0.049519 -0.029589 0.009204 0.024544 0.004602 -0.200000 0.010738 -0.122718 0.000000 -0.001534 -0.010738 -0.013806 -0.182544 0.000000 -0.067495 0.000000 2.411817 15.281542 -15.283666 2.846452 -10.533543 -10.959127 0.767000 0.009000 9.465730 16.350000 0.379000 0.000000 0.000000 0.000000 0.000000 0.000000 0.320000 0.081000 0.079000 0.287000 0.009000 0.000000 0.000000 0.000000 0.000000
7.961118 0.000000 0.494745 0.296502 -0.217070 -0.229114 -0.308162 0.065182 0.036336 0.487123 -0.260142 0.237467 -0.262395 0.298851 0.048968 -0.029637 0.000000 0.000000 0.038350 -0.200000 0.016874 -0.073631 0.000000 -0.010738 -0.033748 -0.041417 -0.147262 0.001534 -0.042951 -0.012272 3.063099 15.829469 -15.321242 2.867294 -10.744886 -10.629421 0.798000 0.009000 9.793220 16.350000 0.394500 0.000000 0.000000 0.000000 0.000000 0.000000 0.315000 0.082000 0.085000 0.316000 0.009000 0.000000 0.000000 0.000000 0.000000
8.040802 0.000000 0.494757 0.296526 -0.216711 -0.231607 -0.307935 0.064164 0.036348 0.487051 -0.260166 0.237192 -0.264372 0.298851 0.048368 -0.029637 0.006136 0.009204 0.041417 -0.200000 0.041417 -0.110447 -0.012272 -0.012272 -0.013806 -0.050621 -0.182544 0.006136 -0.055223 0.000000 3.115635 16.192374 -14.795332 2.742487 -10.749336 -10.073475 0.849000 0.009000 9.936921 16.350000 0.420000 0.000000 0.000000 0.000000 0.000000 0.000000 0.318000 0.084000 0.093000 0.354000 0.009000 0.000000 0.000000 0.000000 0.000000
8.106130 0.000000 0.494721 0.296801 -0.213068 -0.252028 -0.306533 0.052059 0.036480 0.486775 -0.267272 0.235035 -0.289239 0.298839 0.039224 -0.029817 0.024544 0.001534 -0.001534 -0.200000 0.001534 0.006136 -0.018408 0.015340 -0.101243 -0.042951 -0.200000 0.004602 -0.042951 0.012272 3.461278 16.665154 -14.240295 2.628035 -11.471428 -8.831044 0.849000 0.009000 10.346594 16.350000 0.420000 0.000000 0.000000 0.000000 0.000000 0.000000 0.318000 0.084000 0.093000 0.354000 0.009000 0.000000 0.000000 0.000000 0.000000
8.188647 0.000000 0.494949 0.296969 -0.212924 -0.255624 -0.306497 0.051664 0.036564 0.487027 -0.268399 0.234256 -0.292559 0.298851 0.038457 -0.029829 0.003068 0.010738 0.013806 -0.200000 0.003068 -0.024544 0.012272 0.019942 -0.067495 -0.064427 -0.200000 -0.015340 -0.079767 0.000000 3.912586 17.021357 -13.649323 2.372748 -11.855454 -7.449382 0.877000 0.009000 10.620931 16.350000 0.434000 0.000000 0.000000 0.000000 0.000000 0.000000 0.318000 0.086000 0.098000 0.375000 0.009000 0.000000 0.000000 0.000000 0.000000
8.261264 0.000000 0.496267 0.297245 -0.212576 -0.276596 -0.306377 0.047026 0.036636 0.486931 -0.274906 0.230109 -0.309277 0.298946 0.028139 -0.029877 -0.006136 0.006136 0.016874 -0.072097 -0.004602 -0.085903 0.006136 -0.001534 -0.027612 -0.004602 -0.108913 -0.018408 -0.049087 -0.006136 4.712730 17.569531 -13.791851 3.229582 -12.523383 -7.311455 0.867000 0.009000 11.159789 16.350000 0.429000 0.000000 0.000000 0.000000 0.000000 0.000000 0.308000 0.085000 0.099000 0.375000 0.009000 0.000000 0.000000 0.000000 0.000000
8.327060 0.000000 0.496339 0.297269 -0.212516 -0.277363 -0.306377 0.046319 0.036624 0.486967 -0.275158 0.230061 -0.310691 0.298935 0.028043 -0.029901 0.001534 -0.003068 0.015340 -0.107379 0.000000 -0.036816 0.006136 0.015340 -0.027612 -0.003068 -0.200000 0.004602 0.000000 0.000000 5.202536 17.699450 -13.949618 3.684380 -12.905020 -6.967096 0.870000 0.009000 11.406699 16.350000 0.430500 0.000000 0.000000 0.000000 0.000000 0.000000 0.324000 0.089000 0.098000 0.359000 0.009000 0.000000 0.000000 0.000000 0.000000
8.381121 0.000000 0.498280 0.297401 -0.208585 -0.292008 -0.306257 0.042376 0.036887 0.488729 -0.276716 0.229378 -0.328200 0.298899 0.027624 -0.030128 0.030680 0.009204 0.052155 -0.193282 0.006136 0.000000 0.006136 0.055223 -0.007670 -0.018408 -0.200000 -0.013806 0.000000 0.006136 5.132010 18.229240 -13.071303 3.294029 -13.289718 -5.961765 0.870000 0.009000 11.684497 16.350000 0.430500 0.000000 0.000000 0.000000 0.000000 0.000000 0.324000 0.089000 0.098000 0.359000 0.009000 0.000000 0.000000 0.000000 0.000000
8.404436 0.000000 0.498400 0.297401 -0.208454 -0.293062 -0.306233 0.042256 0.036923 0.488884 -0.276752 0.229222 -0.329291 0.298923 0.027636 -0.030152 0.026078 -0.010738 0.049087 -0.200000 0.000000 -0.036816 0.006136 0.047553 -0.003068 -0.029146 -0.200000 0.006136 0.006136 -0.006136 5.087543 18.268028 -12.801629 3.208767 -13.370942 -5.628103 0.870000 0.009000 11.711983 16.350000 0.430500 0.000000 0.000000 0.000000 0.000000 0.000000 0.324000 0.089000 0.098000 0.359000 0.009000 0.000000 0.000000 0.000000 0.000000
8.449194 0.000000 0.498736 0.297460 -0.208238 -0.295183 -0.306197 0.042029 0.036995 0.489364 -0.276764 0.228779 -0.331328 0.298923 0.027648 -0.030188 0.023010 -0.003068 0.039884 -0.184078 -0.003068 -0.024544 -0.024544 0.050621 0.001534 -0.046019 -0.168738 -0.003068 0.012272 0.000000 4.904777 18.440259 -12.272611 2.957142 -13.544324 -4.969826 0.873000 0.009000 11.792937 16.350000 0.432000 0.000000 0.000000 0.000000 0.000000 0.000000 0.331000 0.093000 0.102000 0.347000 0.009000 0.000000 0.000000 0.000000 0.000000
8.520293 0.000000 0.501720 0.297604 -0.207171 -0.311482 -0.305837 0.037583 0.037331 0.491018 -0.276967 0.226118 -0.342857 0.299018 0.021548 -0.030284 0.090505 -0.006136 0.027612 -0.188680 0.001534 -0.012272 -0.012272 0.079767 0.001534 -0.019942 -0.194816 0.000000 0.006136 0.000000 4.578232 18.910436 -11.779421 3.195754 -13.845171 -4.565671 0.873000 0.009000 12.046435 16.350000 0.432000 0.000000 0.000000 0.000000 0.000000 0.000000 0.331000 0.093000 0.102000 0.347000 0.009000 0.000000 0.000000 0.000000 0.000000
8.565214 0.000000 0.502427 0.297652 -0.207015 -0.312740 -0.305825 0.037487 0.037343 0.491413 -0.276943 0.225963 -0.344187 0.299018 0.021524 -0.030320 0.078233 0.010738 0.024544 -0.165670 -0.001534 0.000000 0.000000 0.062893 -0.010738 -0.018408 -0.197884 0.004602 0.000000 -0.018408 4.520529 19.042520 -11.542457 3.356872 -13.981638 -4.321463 0.879000 0.009000 12.142977 16.350000 0.435000 0.000000 0.000000 0.000000 0.000000 0.000000 0.332000 0.093000 0.103000 0.351000 0.009000 0.000000 0.000000 0.000000 0.000000
8.618171 0.000000 0.503134 0.297676 -0.206872 -0.314178 -0.305825 0.037163 0.037379 0.491881 -0.277015 0.225879 -0.345098 0.299018 0.021464 -0.030308 0.065961 -0.001534 0.000000 -0.136524 0.001534 -0.055223 0.000000 0.059825 -0.007670 -0.003068 -0.076699 -0.001534 0.000000 0.018408 4.419384 19.087254 -11.218432 3.418397 -14.090830 -4.417281 0.879000 0.009000 12.186993 16.350000 0.435000 0.000000 0.000000 0.000000 0.000000 0.000000 0.332000 0.093000 0.103000 0.351000 0.009000 0.000000 0.000000 0.000000 0.000000
8.656942 0.000000 0.509713 0.298371 -0.206464 -0.323107 -0.305945 0.031590 0.037439 0.497202 -0.277411 0.224896 -0.358928 0.299078 0.019942 -0.030524 0.072097 0.009204 0.003068 -0.079767 -0.004602 -0.012272 -0.012272 0.012272 -0.013806 0.003068 -0.075165 0.003068 0.006136 0.000000 4.235980 19.435240 -11.444389 3.653199 -14.292965 -4.384471 0.870000 0.009000 12.382516 16.350000 0.430500 0.000000 0.000000 0.000000 0.000000 0.000000 0.322000 0.094000 0.104000 0.350000 0.009000 0.000000 0.000000 0.000000 0.000000
8.711019 0.000000 0.510157 0.298419 -0.206476 -0.323502 -0.305921 0.031375 0.037439 0.497273 -0.277483 0.224824 -0.359575 0.299078 0.019930 -0.030572 0.053689 0.015340 0.004602 -0.067495 0.006136 -0.024544 0.000000 0.012272 -0.006136 -0.010738 -0.079767 -0.006136 -0.006136 -0.012272 4.209691 19.636253 -11.637889 3.724187 -14.359004 -4.331010 0.870000 0.009000 12.483534 16.350000 0.430500 0.000000 0.000000 0.000000 0.000000 0.000000 0.322000 0.094000 0.104000 0.350000 0.009000 0.000000 0.000000 0.000000 0.000000
8.778447 0.000000 0.515909 0.300445 -0.206464 -0.339261 -0.305897 0.030512 0.037499 0.501540 -0.278346 0.222415 -0.373860 0.299114 0.018719 -0.031195 0.076699 0.024544 0.015340 -0.200000 -0.003068 0.012272 0.000000 0.050621 -0.007670 -0.001534 -0.125786 0.013806 -0.067495 0.012272 3.535327 20.118411 -11.127980 3.596093 -14.747633 -3.945947 0.846000 0.008000 12.724716 16.350000 0.419000 0.000000 0.000000 0.000000 0.000000 0.000000 0.301000 0.094000 0.106000 0.345000 0.008000 0.000000 0.000000 0.000000 0.000000
8.839226 0.000000 0.516532 0.300768 -0.206464 -0.341143 -0.305921 0.030308 0.037499 0.501923 -0.278334 0.222259 -0.374747 0.299114 0.017761 -0.031243 0.038350 0.019942 -0.007670 -0.147262 0.003068 -0.049087 0.000000 0.029146 -0.006136 -0.023010 -0.075165 -0.018408 -0.104311 0.000000 3.244358 20.192590 -11.020951 3.550733 -14.981058 -3.769741 0.840000 0.008000 12.799476 16.350000 0.416000 0.000000 0.000000 0.000000 0.000000 0.000000 0.298000 0.092000 0.105000 0.345000 0.008000 0.000000 0.000000 0.000000 0.000000
8.879254 0.000000 0.516784 0.300912 -0.206464 -0.341802 -0.305945 0.030032 0.037499 0.502115 -0.278334 0.222116 -0.375118 0.299138 0.016994 -0.031303 0.013806 0.026078 0.001534 -0.107379 -0.007670 -0.030680 0.000000 0.018408 -0.006136 -0.012272 -0.055223 -0.006136 -0.098175 -0.018408 3.190285 20.316655 -11.054865 3.592814 -15.021172 -3.751306 0.840000 0.008000 12.859708 16.350000 0.416000 0.000000 0.000000 0.000000 0.000000 0.000000 0.298000 0.092000 0.105000 0.345000 0.008000 0.000000 0.000000 0.000000 0.000000
8.920343 0.000000 0.520259 0.301080 -0.206476 -0.347602 -0.305945 0.027696 0.037499 0.503901 -0.279424 0.221852 -0.379624 0.299186 0.013326 -0.031423 0.070563 -0.001534 -0.021476 -0.098175 -0.004602 0.000000 0.000000 0.015340 0.001534 -0.010738 -0.018408 0.003068 -0.006136 0.006136 2.999006 20.453068 -11.418192 3.900510 -15.169350 -4.186092 0.840000 0.008000 12.967702 16.350000 0.416000 0.000000 0.000000 0.000000 0.000000 0.000000 0.298000 0.092000 0.105000 0.345000 0.008000 0.000000 0.000000 0.000000 0.000000
8.949560 0.000000 0.520559 0.301104 -0.206476 -0.347986 -0.305921 0.027708 0.037499 0.503937 -0.279436 0.221828 -0.379684 0.299210 0.013219 -0.031423 0.070563 0.003068 0.001534 -0.082835 -0.006136 0.000000 0.000000 0.013806 -0.006136 0.004602 -0.009204 0.013806 -0.018408 0.012272 3.016897 20.560039 -11.616628 4.096123 -15.210392 -4.400672 0.857000 0.008000 13.037936 16.350000 0.424500 0.000000 0.000000 0.000000 0.000000 0.000000 0.295000 0.092000 0.107000 0.363000 0.008000 0.000000 0.000000 0.000000 0.000000
9.000227 0.000000 0.521014 0.301128 -0.206476 -0.348525 -0.305921 0.027708 0.037499 0.504080 -0.279460 0.221672 -0.379840 0.299222 0.013087 -0.031435 0.049087 0.012272 -0.018408 -0.087437 -0.003068 0.000000 0.000000 0.026078 -0.012272 -0.013806 -0.026078 0.006136 -0.018408 0.012272 3.143815 20.631705 -11.971220 4.453654 -15.337480 -4.830476 0.857000 0.008000 13.139864 16.350000 0.424500 0.000000 0.000000 0.000000 0.000000 0.000000 0.295000 0.092000 0.107000 0.363000 0.008000 0.000000 0.000000 0.000000 0.000000
9.034659 0.000000 0.521230 0.301116 -0.206500 -0.348849 -0.305921 0.027708 0.037499 0.504212 -0.279472 0.221564 -0.379996 0.299234 0.013003 -0.031447 0.056757 -0.009204 -0.007670 -0.093573 -0.001534 0.000000 0.000000 0.033748 0.000000 -0.029146 -0.047553 -0.001534 0.000000 0.000000 3.195211 20.684131 -12.220501 4.671080 -15.370422 -5.082049 0.906000 0.008000 13.191963 16.350000 0.449000 0.000000 0.000000 0.000000 0.000000 0.000000 0.299000 0.094000 0.114000 0.399000 0.008000 0.000000 0.000000 0.000000 0.000000
9.097174 0.000000 0.526803 0.301475 -0.206512 -0.360294 -0.305526 0.027720 0.037487 0.507784 -0.281677 0.219779 -0.385317 0.299234 0.010846 -0.031447 0.013806 0.010738 -0.007670 -0.111981 0.013806 0.000000 0.006136 0.039884 -0.016874 -0.016874 -0.119651 -0.003068 0.000000 0.000000 3.188280 20.964800 -12.498419 4.988285 -15.703081 -5.522169 0.906000 0.008000 13.427190 16.350000 0.449000 0.000000 0.000000 0.000000 0.000000 0.000000 0.299000 0.094000 0.114000 0.399000 0.008000 0.000000 0.000000 0.000000 0.000000
9.131924 0.000000 0.527102 0.301523 -0.206524 -0.360965 -0.305526 0.027720 0.037463 0.508143 -0.281809 0.219635 -0.386359 0.299246 0.010834 -0.031447 0.050621 -0.001534 0.004602 -0.096641 -0.007670 0.000000 -0.006136 0.059825 -0.016874 -0.029146 -0.150330 -0.001534 0.000000 0.018408 3.040283 21.046940 -12.663831 5.057315 -15.845856 -5.658013 0.849000 0.009000 13.498931 16.350000 0.420000 0.000000 0.000000 0.000000 0.000000 0.000000 0.277000 0.092000 0.112000 0.368000 0.009000 0.000000 0.000000 0.000000 0.000000
9.176827 0.000000 0.527318 0.301547 -0.206524 -0.361492 -0.305502 0.027708 0.037475 0.508599 -0.282037 0.219563 -0.387318 0.299270 0.010846 -0.031459 0.030680 0.003068 -0.009204 -0.092039 0.004602 0.000000 -0.006136 0.076699 -0.023010 -0.007670 -0.158000 0.006136 0.000000 -0.006136 3.038666 21.059410 -12.813942 4.993827 -15.979836 -5.722583 0.849000 0.009000 13.537224 16.350000 0.420000 0.000000 0.000000 0.000000 0.000000 0.000000 0.277000 0.092000 0.112000 0.368000 0.009000 0.000000 0.000000 0.000000 0.000000
9.246387 0.000000 0.527558 0.301559 -0.206560 -0.363781 -0.305550 0.026090 0.037475 0.513081 -0.285968 0.219156 -0.395863 0.299198 0.010834 -0.031519 0.003068 0.001534 0.003068 -0.007670 -0.001534 -0.018408 0.006136 0.033748 -0.009204 0.001534 -0.050621 0.001534 0.012272 0.000000 3.427365 21.366705 -13.539301 4.754594 -16.408583 -5.789834 0.740000 0.012000 13.785234 16.350000 0.364000 0.000000 0.000000 0.000000 0.000000 0.000000 0.141000 0.075000 0.112000 0.412000 0.010000 0.000000 0.000000 0.000000 0.002000
9.291088 0.000000 0.527665 0.301571 -0.206560 -0.363961 -0.305550 0.025910 0.037463 0.513296 -0.285992 0.219156 -0.396127 0.299210 0.010822 -0.031530 0.019942 0.018408 0.003068 -0.036816 -0.001534 -0.030680 0.000000 0.021476 -0.003068 0.003068 -0.047553 0.001534 -0.006136 -0.012272 3.471794 21.465367 -13.682382 4.614157 -16.534245 -5.698495 0.740000 0.012000 13.851778 16.350000 0.364000 0.000000 0.000000 0.000000 0.000000 0.000000 0.141000 0.075000 0.112000 0.412000 0.010000 0.000000 0.000000 0.000000 0.002000
9.329705 0.000000 0.529379 0.301763 -0.206572 -0.369534 -0.305346 0.024376 0.037463 0.517659 -0.286471 0.218688 -0.404048 0.299222 0.010570 -0.031782 0.004602 -0.007670 0.003068 -0.102777 -0.013806 0.000000 0.006136 0.061359 -0.003068 0.007670 -0.099709 -0.007670 -0.030680 -0.018408 3.532282 21.535747 -13.702272 4.098901 -16.723710 -5.377893 0.673000 0.010000 13.899181 16.350000 0.331500 0.000000 0.000000 0.000000 0.000000 0.000000 0.100000 0.070000 0.107000 0.396000 0.010000 0.000000 0.000000 0.000000 0.000000
9.364879 0.000000 0.529439 0.301751 -0.206572 -0.369953 -0.305346 0.024388 0.037475 0.517802 -0.286459 0.218700 -0.404312 0.299246 0.010426 -0.031782 0.004602 -0.003068 0.000000 -0.113515 -0.004602 0.012272 0.000000 0.038350 -0.001534 0.004602 -0.073631 0.000000 -0.049087 0.000000 3.470938 21.558492 -13.698028 3.815865 -16.766828 -5.209096 0.673000 0.010000 13.896972 16.350000 0.331500 0.000000 0.000000 0.000000 0.000000 0.000000 0.100000 0.070000 0.107000 0.396000 0.010000 0.000000 0.000000 0.000000 0.000000
9.408051 0.000000 0.529535 0.301787 -0.206548 -0.370612 -0.305322 0.024412 0.037475 0.518114 -0.286447 0.218676 -0.404695 0.299246 0.010079 -0.031842 -0.004602 -0.007670 0.004602 -0.107379 0.001534 0.024544 0.006136 0.050621 0.000000 0.000000 -0.052155 -0.021476 -0.036816 -0.018408 3.499073 21.589623 -13.727011 3.483592 -16.882100 -5.056427 0.673000 0.010000 13.923865 16.350000 0.331500 0.000000 0.000000 0.000000 0.000000 0.000000 0.100000 0.070000 0.107000 0.396000 0.010000 0.000000 0.000000 0.000000 0.000000
9.443524 0.000000 0.529643 0.301823 -0.206548 -0.371379 -0.305310 0.024388 0.037463 0.518330 -0.286423 0.218676 -0.405199 0.299270 0.009779 -0.031878 0.010738 0.003068 -0.003068 -0.101243 -0.006136 0.024544 -0.012272 0.035282 0.003068 0.003068 -0.073631 0.001534 -0.012272 -0.006136 3.484337 21.619635 -13.804061 3.394360 -16.919400 -4.976893 0.580000 0.011000 13.940382 16.350000 0.284500 0.000000 0.000000 0.000000 0.000000 0.000000 0.000000 0.064000 0.107000 0.409000 0.011000 0.000000 0.000000 0.000000 0.000000
9.476988 0.000000 0.531416 0.302961 -0.206584 -0.374950 -0.304987 0.024364 0.037463 0.523818 -0.286411 0.218712 -0.411239 0.299282 0.009228 -0.032381 0.033748 0.003068 0.000000 -0.009204 0.009204 0.000000 0.006136 0.000000 0.000000 0.003068 0.006136 -0.010738 -0.018408 -0.036816 3.406927 21.790279 -14.105079 3.132833 -17.079006 -4.949687 0.580000 0.011000 14.035050 16.350000 0.284500 0.000000 0.000000 0.000000 0.000000 0.000000 0.000000 0.064000 0.107000 0.409000 0.011000 0.000000 0.000000 0.000000 0.000000
9.513125 0.000000 0.531548 0.302985 -0.206584 -0.375022 -0.304951 0.024376 0.037463 0.523818 -0.286411 0.218712 -0.411263 0.299294 0.009240 -0.032393 0.021476 -0.004602 0.001534 -0.030680 -0.001534 0.000000 0.000000 -0.015340 0.006136 0.000000 -0.004602 0.018408 -0.006136 -0.006136 3.438239 21.791227 -14.158686 2.860817 -17.099777 -4.864190 0.580000 0.011000 14.029128 16.350000 0.284500 0.000000 0.000000 0.000000 0.000000 0.000000 0.000000 0.064000 0.107000 0.409000 0.011000 0.000000 0.000000 0.000000 0.000000
9.549255 0.000000 0.531776 0.302997 -0.206668 -0.375322 -0.304831 0.024364 0.037463 0.523818 -0.286399 0.218724 -0.411287 0.299282 0.009276 -0.032465 0.018408 0.010738 0.000000 -0.042951 0.007670 -0.012272 0.018408 0.013806 0.010738 0.007670 0.000000 0.004602 0.012272 -0.024544 3.480701 21.843154 -14.217068 2.572604 -17.149522 -4.858955 0.588000 0.011000 14.053141 16.350000 0.288500 0.000000 0.000000 0.000000 0.000000 0.000000 0.000000 0.053000 0.101000 0.434000 0.011000 0.000000 0.000000 0.000000 0.000000
9.610094 0.000000 0.533346 0.303201 -0.208106 -0.383459 -0.303261 0.023597 0.037331 0.525928 -0.285932 0.218892 -0.411239 0.298671 0.011217 -0.034275 0.009204 0.006136 0.004602 -0.010738 -0.001534 -0.018408 0.000000 0.001534 -0.006136 0.012272 0.009204 0.007670 0.018408 0.000000 3.281154 21.900055 -14.030959 2.485740 -17.193897 -5.231844 0.588000 0.011000 14.072912 16.350000 0.288500 0.000000 0.000000 0.000000 0.000000 0.000000 0.000000 0.053000 0.101000 0.434000 0.011000 0.000000 0.000000 0.000000 0.000000
9.644723 0.000000 0.533406 0.303309 -0.208094 -0.383531 -0.303177 0.023357 0.037331 0.525928 -0.285944 0.218880 -0.411239 0.298647 0.011241 -0.034371 0.012272 0.015340 0.001534 -0.010738 0.007670 -0.030680 -0.006136 -0.012272 -0.010738 -0.007670 0.000000 -0.007670 0.000000 -0.030680 3.136479 21.879877 -13.916518 2.385234 -17.294532 -5.380279 0.579000 0.024000 14.083294 16.350000 0.277500 0.000000 0.000000 0.000000 0.000000 0.000000 0.000000 0.047000 0.098000 0.434000 0.010000 0.000000 0.000000 0.014000 0.000000
9.706626 0.000000 0.533466 0.303333 -0.208106 -0.383567 -0.303165 0.023237 0.037343 0.525928 -0.285968 0.218856 -0.411239 0.298671 0.011277 -0.034443 0.004602 -0.001534 0.004602 0.000000 -0.012272 0.000000 0.006136 0.001534 -0.001534 0.003068 0.006136 0.000000 0.000000 -0.012272 3.067517 21.849750 -13.882187 2.240452 -17.288410 -5.528690 0.579000 0.024000 14.059961 16.350000 0.277500 0.000000 0.000000 0.000000 0.000000 0.000000 0.000000 0.047000 0.098000 0.434000 0.010000 0.000000 0.000000 0.014000 0.000000
9.760933 0.000000 0.534209 0.303369 -0.209412 -0.386431 -0.303021 0.022902 0.037127 0.525880 -0.285992 0.218832 -0.411263 0.298719 0.011277 -0.037247 0.012272 0.012272 -0.003068 -0.095107 -0.004602 0.000000 0.000000 -0.004602 0.000000 0.009204 -0.012272 -0.012272 0.012272 -0.036816 2.853972 21.770847 -13.615752 2.454222 -17.329370 -5.834352 0.584000 0.023000 14.039633 16.350000 0.280500 0.000000 0.000000 0.000000 0.000000 0.000000 0.000000 0.048000 0.099000 0.437000 0.011000 0.000000 0.000000 0.012000 0.000000
9.814941 0.000000 0.534293 0.303405 -0.209508 -0.387270 -0.302961 0.022926 0.037115 0.525868 -0.286004 0.218832 -0.411263 0.298659 0.011253 -0.037475 0.000000 0.000000 0.003068 -0.076699 -0.012272 0.030680 -0.006136 0.004602 -0.012272 0.009204 0.001534 -0.012272 0.000000 -0.024544 2.951330 21.682501 -13.703275 2.630000 -17.393420 -6.190793 0.584000 0.023000 14.038244 16.350000 0.280500 0.000000 0.000000 0.000000 0.000000 0.000000 0.000000 0.048000 0.099000 0.437000 0.011000 0.000000 0.000000 0.012000 0.000000
9.865031 0.000000 0.534389 0.303453 -0.209856 -0.401831 -0.297592 0.022195 0.036875 0.525808 -0.286794 0.218245 -0.411263 0.297916 0.011253 -0.041477 -0.010738 0.015340 -0.004602 -0.062893 0.056757 -0.049087 0.000000 0.006136 -0.024544 0.006136 -0.012272 -0.004602 0.000000 -0.006136 2.555993 21.726476 -12.755732 2.784885 -17.486000 -6.426183 0.580000 0.021000 14.072035 16.350000 0.279500 0.000000 0.000000 0.000000 0.000000 0.000000 0.000000 0.049000 0.098000 0.433000 0.011000 0.000000 0.000000 0.010000 0.000000
9.922062 0.000000 0.534377 0.303429 -0.209868 -0.402227 -0.297269 0.021560 0.036816 0.525820 -0.287046 0.218233 -0.411275 0.297844 0.011265 -0.041765 0.000000 -0.012272 0.012272 -0.019942 0.009204 -0.042951 -0.006136 0.010738 -0.019942 0.010738 0.001534 0.004602 0.012272 0.000000 2.146397 21.558904 -12.163428 2.991200 -17.553665 -6.800590 0.580000 0.021000 14.022052 16.350000 0.279500 0.000000 0.000000 0.000000 0.000000 0.000000 0.000000 0.049000 0.098000 0.433000 0.011000 0.000000 0.000000 0.010000 0.000000
9.961217 0.000000 0.534365 0.303477 -0.210012 -0.402766 -0.296705 0.020493 0.036708 0.525988 -0.288652 0.218113 -0.411275 0.297808 0.011313 -0.042448 0.000000 0.000000 -0.007670 -0.001534 0.000000 0.000000 0.000000 -0.010738 -0.006136 0.009204 -0.006136 0.004602 0.006136 -0.018408 1.986130 21.478087 -11.940038 3.160995 -17.639791 -6.957788 0.580000 0.021000 14.021475 16.350000 0.279500 0.000000 0.000000 0.000000 0.000000 0.000000 0.000000 0.049000 0.099000 0.432000 0.011000 0.000000 0.000000 0.010000 0.000000
9.999003 0.000000 0.534377 0.303441 -0.209940 -0.402766 -0.296729 0.020505 0.036708 0.526000 -0.288628 0.218137 -0.411275 0.297820 0.011301 -0.042448 0.003068 -0.007670 0.004602 0.015340 -0.003068 0.000000 -0.006136 0.015340 -0.007670 0.006136 -0.009204 -0.007670 0.000000 -0.012272 1.866821 21.424237 -11.738252 3.155621 -17.722143 -7.079146 0.580000 0.021000 14.022440 16.350000 0.279500 0.000000 0.000000 0.000000 0.000000 0.000000 0.000000 0.049000 0.099000 0.432000 0.011000 0.000000 0.000000 0.010000 0.000000
10.046247 1.000000 0.534293 0.303369 -0.209940 -0.403053 -0.296837 0.020229 0.036708 0.525952 -0.289455 0.216819 -0.413252 0.297964 0.011169 -0.042448 -0.007670 -0.006136 0.004602 -0.006136 -0.010738 -0.024544 0.000000 -0.001534 -0.026078 0.023010 0.003068 0.006136 0.012272 0.000000 1.788708 21.431657 -7.022992 3.319603 -17.898475 -2.760475 0.585000 0.021000 14.088032 16.350000 0.282000 0.020378 0.032136 2.872178 0.000000 0.000000 0.000000 0.049000 0.100000 0.436000 0.011000 0.000000 0.000000 0.010000 0.000000
10.134460 1.000000 0.534281 0.303381 -0.209964 -0.403137 -0.296801 0.020253 0.036720 0.525964 -0.289982 0.216795 -0.413252 0.297916 0.011157 -0.042448 -0.010738 -0.013806 -0.012272 -0.003068 0.001534 -0.006136 0.018408 -0.003068 -0.021476 0.004602 -0.003068 0.012272 0.000000 0.000000 1.608037 21.277940 -6.718929 3.540067 -18.087441 -2.888367 0.585000 0.020000 14.098086 16.350000 0.282500 0.133456 0.032135 2.874228 0.000000 0.000000 0.000000 0.049000 0.100000 0.436000 0.011000 0.000000 0.000000 0.009000 0.000000
10.199491 1.000000 0.534281 0.303381 -0.209964 -0.403137 -0.296813 0.020265 0.036708 0.525964 -0.290066 0.216783 -0.413252 0.297904 0.011145 -0.042436 -0.007670 -0.012272 -0.010738 -0.010738 -0.007670 0.000000 0.000000 -0.010738 -0.009204 0.000000 -0.003068 0.000000 0.000000 0.000000 1.481092 21.223929 -6.501119 3.740370 -18.160774 -2.977985 0.585000 0.020000 14.110748 16.350000 0.282500 0.233884 0.032135 2.876809 0.000000 0.000000 0.000000 0.049000 0.100000 0.436000 0.011000 0.000000 0.000000 0.009000 0.000000
10.259426 1.000000 0.534257 0.303369 -0.209928 -0.403269 -0.296777 0.020229 0.036744 0.525940 -0.290222 0.216795 -0.413372 0.298012 0.011121 -0.042448 -0.009204 -0.009204 -0.009204 -0.004602 0.006136 -0.012272 0.024544 -0.010738 -0.003068 -0.004602 -0.007670 -0.007670 0.012272 0.000000 1.459253 21.216611 -6.448535 3.860908 -18.281839 -3.028270 0.585000 0.020000 14.154560 16.350000 0.282500 0.327009 0.032135 2.885741 0.000000 0.000000 0.000000 0.050000 0.101000 0.434000 0.011000 0.000000 0.000000 0.009000 0.000000
10.322739 1.000000 0.534269 0.303381 -0.209940 -0.403293 -0.296789 0.020253 0.036720 0.525940 -0.290222 0.216807 -0.413384 0.298012 0.011109 -0.042412 0.001534 0.000000 -0.001534 -0.004602 0.006136 0.006136 0.000000 0.015340 -0.006136 0.010738 -0.003068 -0.012272 0.000000 0.006136 1.414293 21.277209 -6.402730 3.765051 -18.303921 -3.074357 0.580000 0.021000 14.176821 16.350000 0.279500 0.427491 0.032141 2.890279 0.000000 0.000000 0.000000 0.051000 0.101000 0.428000 0.011000 0.000000 0.000000 0.010000 0.000000
10.379802 1.000000 0.534269 0.303381 -0.209940 -0.403329 -0.296777 0.020253 0.036720 0.525952 -0.290462 0.216795 -0.413396 0.297940 0.011109 -0.042436 0.003068 0.001534 -0.003068 -0.010738 -0.007670 0.024544 0.018408 0.007670 -0.004602 0.016874 -0.007670 -0.013806 -0.012272 0.000000 1.401314 21.335336 -6.365295 3.778336 -18.319786 -3.053094 0.580000 0.021000 14.204318 16.350000 0.279500 0.500000 0.032141 2.895885 0.000000 0.000000 0.000000 0.051000 0.101000 0.428000 0.011000 0.000000 0.000000 0.010000 0.000000
10.416636 1.000000 0.534269 0.303393 -0.209952 -0.403317 -0.296777 0.020241 0.036708 0.525964 -0.290522 0.216807 -0.413384 0.297976 0.011133 -0.042436 -0.003068 -0.009204 -0.007670 0.009204 -0.006136 -0.006136 0.018408 -0.001534 0.009204 0.010738 0.007670 0.007670 0.024544 0.006136 1.450863 21.332955 -6.409414 3.860963 -18.296269 -3.114175 0.580000 0.021000 14.202644 16.350000 0.279500 0.500000 0.032141 2.895544 0.000000 0.000000 0.000000 0.051000 0.101000 0.428000 0.011000 0.000000 0.000000 0.010000 0.000000
10.468210 1.000000 0.534257 0.303345 -0.209940 -0.403353 -0.296777 0.020241 0.036708 0.525952 -0.290713 0.216807 -0.413408 0.297952 0.011109 -0.042436 -0.001534 -0.003068 -0.016874 0.003068 -0.004602 -0.006136 -0.006136 -0.013806 0.000000 0.009204 0.013806 -0.029146 0.006136 0.000000 1.462455 21.305744 -6.446471 3.950060 -18.326370 -3.116815 0.577000 0.021000 14.208557 16.350000 0.278000 0.500000 0.032144 2.896750 0.000000 0.000000 0.000000 0.051000 0.101000 0.425000 0.011000 0.000000 0.000000 0.010000 0.000000
10.515778 1.000000 0.534257 0.303369 -0.209940 -0.403341 -0.296789 0.020265 0.036720 0.525952 -0.290725 0.216795 -0.413396 0.297916 0.011097 -0.042436 -0.004602 0.004602 0.004602 0.018408 -0.013806 0.006136 0.006136 -0.004602 -0.004602 0.009204 0.003068 -0.010738 -0.006136 -0.012272 1.490169 21.394432 -6.487067 4.000451 -18.353118 -3.175333 0.577000 0.021000 14.254674 16.350000 0.278000 0.500000 0.032144 2.906152 0.000000 0.000000 0.000000 0.051000 0.101000 0.425000 0.011000 0.000000 0.000000 0.010000 0.000000
10.564819 1.000000 0.534305 0.303381 -0.209964 -0.403281 -0.296813 0.020337 0.036696 0.525712 -0.290725 0.216819 -0.413851 0.297916 0.011073 -0.042424 -0.001534 0.006136 -0.009204 -0.006136 -0.001534 0.000000 -0.006136 0.000000 -0.004602 0.013806 0.000000 -0.012272 0.006136 0.000000 1.456246 21.385762 -6.396729 4.008113 -18.353553 -3.164675 0.567000 0.021000 14.251222 16.350000 0.273000 0.500000 0.032154 2.905448 0.000000 0.000000 0.000000 0.053000 0.102000 0.412000 0.011000 0.000000 0.000000 0.010000 0.000000
10.622516 1.000000 0.534281 0.303381 -0.209952 -0.403281 -0.296789 0.020313 0.036708 0.525688 -0.290725 0.216795 -0.413887 0.298036 0.011049 -0.042436 -0.013806 0.000000 0.004602 -0.003068 -0.003068 0.000000 -0.006136 0.000000 -0.001534 0.010738 -0.010738 -0.001534 0.000000 0.000000 1.475456 21.415972 -6.358831 3.947816 -18.360189 -3.130527 0.567000 0.021000 14.260984 16.350000 0.273000 0.500000 0.032154 2.907438 0.000000 0.000000 0.000000 0.053000 0.102000 0.412000 0.011000 0.000000 0.000000 0.010000 0.000000
10.679899 1.000000 0.534293 0.303393 -0.209916 -0.403293 -0.296933 0.020337 0.036708 0.525520 -0.290725 0.216795 -0.414211 0.297952 0.010978 -0.042424 -0.004602 0.001534 0.010738 0.001534 -0.019942 0.000000 0.000000 0.000000 0.000000 0.000000 -0.007670 0.003068 0.000000 -0.012272 1.421718 21.449096 -6.332254 4.002195 -18.384697 -3.141985 0.577000 0.021000 14.283729 16.350000 0.278000 0.500000 0.032144 2.912075 0.000000 0.000000 0.000000 0.054000 0.106000 0.417000 0.011000 0.000000 0.000000 0.010000 0.000000
10.757374 1.000000 0.534293 0.303405 -0.209880 -0.403269 -0.296969 0.020349 0.036744 0.525508 -0.290713 0.216795 -0.414223 0.297904 0.010990 -0.042424 0.004602 -0.021476 0.001534 -0.001534 -0.012272 0.000000 0.024544 0.012272 -0.009204 0.012272 -0.004602 -0.003068 0.006136 -0.006136 1.403843 21.389908 -6.323330 3.882458 -18.387959 -3.136559 0.533000 0.025000 14.253855 16.350000 0.254000 0.500000 0.032192 2.905985 0.000000 0.000000 0.000000 0.041000 0.090000 0.402000 0.010000 0.000000 0.000000 0.015000 0.000000
10.800472 1.000000 0.536773 0.303369 -0.209940 -0.403209 -0.297424 0.020457 0.036720 0.525556 -0.290713 0.216819 -0.414271 0.297940 0.011002 -0.042400 0.064427 0.001534 0.012272 -0.016874 -0.015340 -0.006136 -0.006136 0.004602 0.003068 -0.001534 0.004602 -0.001534 0.000000 -0.006136 0.928322 21.471269 -6.259501 3.954356 -18.392716 -3.141470 0.533000 0.025000 14.281160 16.350000 0.254000 0.500000 0.032192 2.911551 0.000000 0.000000 0.000000 0.041000 0.090000 0.402000 0.010000 0.000000 0.000000 0.015000 0.000000
10.857067 1.000000 0.537648 0.303297 -0.209964 -0.403209 -0.297496 0.020445 0.036720 0.525532 -0.290713 0.216819 -0.414247 0.297976 0.011014 -0.042376 0.055223 0.016874 0.015340 -0.013806 -0.006136 -0.012272 -0.006136 0.015340 0.004602 0.000000 -0.006136 -0.004602 0.012272 0.018408 0.679711 21.516134 -6.183251 3.837214 -18.347784 -3.044488 0.463000 0.027000 14.272100 16.350000 0.218000 0.500000 0.032264 2.909704 0.000000 0.000000 0.000000 0.000000 0.088000 0.375000 0.010000 0.000000 0.000000 0.017000 0.000000
10.916553 1.000000 0.539218 0.302590 -0.210287 -0.403269 -0.297844 0.020445 0.036720 0.525544 -0.290725 0.216831 -0.414271 0.297952 0.011002 -0.042376 -0.001534 -0.001534 -0.016874 -0.013806 -0.003068 0.000000 0.000000 0.000000 -0.010738 0.010738 -0.004602 0.009204 0.000000 0.018408 0.604769 21.256433 -6.183633 3.942571 -18.353364 -3.053360 0.439000 0.025000 14.182661 16.350000 0.207000 0.500000 0.032286 2.891470 0.000000 0.000000 0.000000 0.000000 0.083000 0.356000 0.010000 0.000000 0.000000 0.015000 0.000000
11.003100 1.000000 0.539782 0.301607 -0.210299 -0.403305 -0.306580 0.020433 0.036768 0.524825 -0.290725 0.216723 -0.414307 0.297964 0.010810 -0.042412 0.007670 0.000000 0.019942 -0.004602 -0.062893 0.006136 0.000000 0.026078 0.012272 0.000000 0.016874 -0.003068 0.000000 0.000000 0.186176 21.235263 -6.201808 3.897735 -18.311850 -3.002976 0.439000 0.025000 14.155275 16.350000 0.207000 0.500000 0.032286 2.885887 0.000000 0.000000 0.000000 0.000000 0.083000 0.356000 0.010000 0.000000 0.000000 0.015000 0.000000
11.084547 1.000000 0.540345 0.301655 -0.210395 -0.403329 -0.306544 0.020421 0.036744 0.524825 -0.290737 0.216675 -0.414331 0.297952 0.010774 -0.042412 0.001534 0.013806 0.000000 -0.016874 0.003068 -0.012272 0.000000 0.013806 0.000000 -0.015340 0.003068 -0.018408 -0.006136 0.000000 -0.131765 21.098792 -6.132268 3.957671 -18.439550 -2.884164 0.441000 0.025000 14.149704 16.350000 0.208000 0.500000 0.032284 2.884751 0.000000 0.000000 0.000000 0.000000 0.083000 0.358000 0.010000 0.000000 0.000000 0.015000 0.000000
11.171933 1.000000 0.540596 0.301619 -0.210791 -0.403353 -0.306772 0.020409 0.036744 0.524837 -0.290725 0.216591 -0.414846 0.297964 0.008653 -0.042424 -0.001534 0.000000 0.001534 -0.016874 -0.015340 0.012272 0.000000 0.004602 0.009204 0.000000 -0.007670 0.000000 0.000000 -0.012272 -0.346873 21.096261 -6.099059 3.907427 -18.406058 -2.736386 0.425000 0.023000 14.135271 16.350000 0.201000 0.500000 0.032298 2.881809 0.000000 0.000000 0.000000 0.000000 0.082000 0.343000 0.010000 0.000000 0.000000 0.013000 0.000000
11.253745 1.000000 0.540596 0.301379 -0.210791 -0.404539 -0.307887 0.020193 0.036756 0.524825 -0.290713 0.216411 -0.415757 0.297964 0.008113 -0.042412 -0.009204 -0.023010 -0.007670 -0.029146 -0.010738 0.006136 0.006136 0.006136 0.006136 0.003068 0.001534 0.001534 0.000000 0.000000 -0.502775 20.936522 -5.967507 3.798911 -18.503178 -2.549357 0.440000 0.023000 14.101330 16.350000 0.208500 0.500000 0.032283 2.874889 0.000000 0.000000 0.000000 0.000000 0.084000 0.356000 0.010000 0.000000 0.000000 0.013000 0.000000
11.334598 1.000000 0.540596 0.301391 -0.210779 -0.405115 -0.307899 0.020145 0.036732 0.524813 -0.290713 0.216399 -0.415817 0.297964 0.007958 -0.042412 0.004602 0.004602 0.000000 -0.032214 -0.003068 -0.006136 0.000000 0.000000 0.003068 -0.009204 0.001534 -0.001534 -0.018408 0.000000 -0.665580 20.929848 -5.882934 3.746430 -18.574214 -2.387624 0.450000 0.024000 14.120364 16.350000 0.213000 0.500000 0.032274 2.878769 0.000000 0.000000 0.000000 0.000000 0.083000 0.367000 0.010000 0.000000 0.000000 0.014000 0.000000
11.428449 1.000000 0.540644 0.301487 -0.210707 -0.406481 -0.308019 0.019283 0.036732 0.524981 -0.290737 0.216375 -0.416152 0.298000 0.007766 -0.042412 -0.012272 -0.015340 0.004602 -0.015340 -0.006136 0.006136 -0.006136 0.000000 -0.013806 0.000000 -0.009204 0.009204 0.000000 0.006136 -0.864418 20.854712 -5.553732 3.677045 -18.604457 -2.290084 0.433000 0.025000 14.100645 16.350000 0.204000 0.500000 0.032292 2.874749 0.000000 0.000000 0.000000 0.000000 0.080000 0.353000 0.010000 0.000000 0.000000 0.015000 0.000000
11.509605 1.000000 0.540692 0.301487 -0.210707 -0.406529 -0.308210 0.018731 0.036732 0.525520 -0.290737 0.216387 -0.416128 0.298024 0.007790 -0.042412 -0.018408 -0.029146 -0.003068 -0.003068 -0.001534 -0.012272 -0.006136 0.003068 -0.004602 0.006136 0.003068 0.000000 0.006136 0.006136 -1.000698 20.809614 -5.352387 3.505361 -18.611417 -2.257808 0.433000 0.025000 14.077587 16.350000 0.204000 0.500000 0.032292 2.870048 0.000000 0.000000 0.000000 0.000000 0.080000 0.353000 0.010000 0.000000 0.000000 0.015000 0.000000
11.570354 1.000000 0.540668 0.301499 -0.210707 -0.406625 -0.308222 0.018396 0.036732 0.525520 -0.290737 0.216387 -0.416128 0.298024 0.007790 -0.042412 -0.013806 -0.010738 0.010738 -0.003068 0.003068 0.000000 -0.006136 -0.024544 0.001534 -0.010738 0.000000 0.003068 0.000000 0.012272 -1.090338 20.848647 -5.254083 3.610410 -18.624121 -2.211537 0.440000 0.025000 14.104502 16.350000 0.207500 0.500000 0.032285 2.875535 0.000000 0.000000 0.000000 0.000000 0.080000 0.360000 0.010000 0.000000 0.000000 0.015000 0.000000
11.650238 1.000000 0.540644 0.300972 -0.210659 -0.408063 -0.308402 0.016131 0.036744 0.525508 -0.290737 0.216387 -0.416524 0.298251 0.007226 -0.042400 -0.001534 -0.007670 0.000000 -0.009204 -0.012272 -0.018408 -0.006136 0.000000 0.000000 0.001534 -0.004602 0.006136 0.000000 0.012272 -1.294773 20.846083 -4.955126 3.461193 -18.623474 -2.079609 0.460000 0.026000 14.098309 16.350000 0.217000 0.500000 0.032266 2.874273 0.000000 0.000000 0.000000 0.000000 0.083000 0.377000 0.010000 0.000000 0.000000 0.016000 0.000000
11.720917 1.000000 0.540644 0.300840 -0.210647 -0.408207 -0.308498 0.015903 0.036756 0.525532 -0.290737 0.216363 -0.416536 0.298287 0.007035 -0.042400 -0.010738 -0.004602 0.004602 -0.019942 -0.007670 -0.012272 0.006136 0.004602 0.001534 0.003068 -0.007670 0.003068 -0.006136 0.012272 -1.351703 20.842524 -4.787539 3.315353 -18.600115 -1.961868 0.460000 0.026000 14.081848 16.350000 0.217000 0.500000 0.032266 2.870917 0.000000 0.000000 0.000000 0.000000 0.083000 0.377000 0.010000 0.000000 0.000000 0.016000 0.000000
11.798906 1.000000 0.540644 0.300469 -0.210623 -0.408446 -0.308510 0.014333 0.036756 0.525508 -0.290737 0.216028 -0.416692 0.298467 0.006028 -0.042412 -0.009204 -0.012272 -0.007670 -0.004602 -0.003068 -0.049087 0.006136 0.000000 -0.004602 -0.006136 -0.018408 -0.012272 -0.030680 0.000000 -1.447641 20.878837 -4.597347 3.330331 -18.731428 -1.796727 0.536000 0.026000 14.141950 16.350000 0.255000 0.500000 0.032190 2.883170 0.000000 0.000000 0.000000 0.038000 0.088000 0.410000 0.010000 0.000000 0.000000 0.016000 0.000000
11.863995 1.000000 0.540513 0.300576 -0.210263 -0.411682 -0.308498 0.011745 0.036804 0.525364 -0.290725 0.215980 -0.420491 0.298539 0.004985 -0.042412 -0.009204 0.003068 -0.006136 -0.069029 0.000000 -0.012272 0.018408 -0.003068 -0.009204 0.004602 -0.055223 0.000000 0.012272 0.000000 -1.690041 20.963778 -3.927476 3.060635 -18.711412 -1.261806 0.567000 0.022000 14.158219 16.350000 0.272500 0.500000 0.032155 2.886487 0.000000 0.000000 0.000000 0.039000 0.095000 0.433000 0.010000 0.000000 0.000000 0.012000 0.000000
11.925384 1.000000 0.540453 0.300660 -0.209700 -0.415050 -0.308306 0.011265 0.036840 0.524358 -0.290641 0.215860 -0.421329 0.298683 0.004446 -0.042424 0.000000 0.009204 0.006136 -0.030680 0.000000 0.006136 0.000000 0.027612 0.013806 0.000000 0.007670 0.009204 0.012272 -0.006136 -2.016696 21.114712 -3.353874 2.839463 -18.675452 -1.082768 0.625000 0.016000 14.201524 16.350000 0.304500 0.500000 0.032091 2.895316 0.000000 0.000000 0.000000 0.041000 0.103000 0.481000 0.010000 0.000000 0.000000 0.006000 0.000000
11.996240 1.000000 0.540441 0.300672 -0.209652 -0.415445 -0.308234 0.011277 0.036851 0.524358 -0.290653 0.215860 -0.421317 0.298695 0.004434 -0.042412 -0.012272 0.000000 0.012272 -0.029146 0.003068 0.006136 0.018408 0.013806 -0.006136 0.026078 0.006136 0.001534 -0.006136 0.000000 -2.155699 21.153882 -2.929910 2.798141 -18.719987 -0.840940 0.625000 0.016000 14.233774 16.350000 0.304500 0.500000 0.032091 2.901891 0.000000 0.000000 0.000000 0.041000 0.103000 0.481000 0.010000 0.000000 0.000000 0.006000 0.000000
12.055709 1.000000 0.539805 0.300816 -0.209328 -0.417051 -0.307575 0.011289 0.036887 0.524358 -0.290581 0.215848 -0.421341 0.298707 0.004458 -0.042412 -0.029146 0.000000 0.003068 -0.007670 0.000000 0.012272 0.000000 -0.003068 -0.009204 0.001534 0.016874 0.004602 0.000000 -0.012272 -2.318342 21.107078 -2.575597 2.794234 -18.736121 -0.740086 0.661000 0.010000 14.227908 16.350000 0.325500 0.500000 0.032049 2.900695 0.000000 0.000000 0.000000 0.040000 0.108000 0.513000 0.010000 0.000000 0.000000 0.000000 0.000000
12.089670 1.000000 0.539782 0.300840 -0.209304 -0.417183 -0.307515 0.011277 0.036887 0.524358 -0.290581 0.215872 -0.421341 0.298719 0.004494 -0.042400 0.007670 0.015340 0.018408 -0.024544 0.009204 0.024544 -0.006136 0.004602 0.000000 0.010738 0.009204 0.012272 0.036816 0.006136 -2.493138 21.162303 -2.408291 2.744358 -18.691284 -0.714601 0.661000 0.010000 14.238630 16.350000 0.325500 0.500000 0.032049 2.902881 0.000000 0.000000 0.000000 0.040000 0.108000 0.513000 0.010000 0.000000 0.000000 0.000000 0.000000
12.133002 1.000000 0.539734 0.300888 -0.209304 -0.417399 -0.307383 0.011301 0.036899 0.524406 -0.290558 0.215872 -0.421353 0.298719 0.004518 -0.042412 -0.009204 0.010738 0.023010 -0.016874 0.010738 0.018408 0.000000 0.001534 -0.001534 0.009204 0.007670 -0.009204 0.000000 0.000000 -2.531168 21.170139 -2.204886 2.723269 -18.685109 -0.629078 0.149000 0.022000 14.240182 16.350000 0.063500 0.500000 0.032573 2.903197 0.000000 0.000000 0.000000 0.039000 0.110000 0.000000 0.010000 0.000000 0.000000 0.012000 0.000000
12.191230 1.000000 0.538355 0.301044 -0.208813 -0.418046 -0.307168 0.011481 0.036983 0.526167 -0.290570 0.215896 -0.421317 0.298743 0.005441 -0.042388 -0.032214 -0.003068 0.016874 -0.001534 0.006136 0.000000 -0.012272 0.030680 0.003068 0.006136 0.006136 -0.019942 0.036816 0.000000 -2.358005 21.146461 -2.056932 2.436274 -18.684821 -0.635365 0.149000 0.022000 14.210832 16.350000 0.063500 0.500000 0.032573 2.897213 0.000000 0.000000 0.000000 0.039000 0.110000 0.000000 0.010000 0.000000 0.000000 0.012000 0.000000
12.249205 1.000000 0.538044 0.301020 -0.208765 -0.418022 -0.307120 0.011517 0.037019 0.526311 -0.290581 0.215896 -0.421305 0.298791 0.005716 -0.042388 -0.046019 -0.013806 0.003068 0.001534 0.012272 0.000000 0.006136 0.007670 0.000000 0.009204 -0.003068 -0.006136 0.012272 0.024544 -2.260826 21.121177 -1.944788 2.376824 -18.656458 -0.574695 0.137000 0.029000 14.185628 16.350000 0.054000 0.500000 0.032592 2.892075 0.000000 0.000000 0.000000 0.033000 0.104000 0.000000 0.009000 0.000000 0.000000 0.020000 0.000000
12.339992 1.000000 0.535923 0.301583 -0.208298 -0.418046 -0.303572 0.011565 0.037163 0.530182 -0.290641 0.215956 -0.421305 0.298815 0.006819 -0.042328 -0.007670 -0.004602 0.009204 0.001534 0.007670 -0.006136 0.006136 0.041417 0.003068 0.003068 -0.001534 0.001534 0.000000 0.024544 -1.983210 21.250889 -1.857136 1.499577 -18.713476 -0.485983 0.125000 0.029000 14.212462 16.350000 0.048000 0.500000 0.032604 2.897546 0.000000 0.000000 0.000000 0.029000 0.096000 0.000000 0.009000 0.000000 0.000000 0.020000 0.000000
12.423988 1.000000 0.535755 0.301703 -0.208190 -0.417998 -0.303273 0.011876 0.037187 0.530038 -0.290617 0.215980 -0.421317 0.298839 0.006819 -0.042340 0.003068 -0.007670 0.003068 0.009204 -0.001534 0.018408 0.006136 -0.026078 -0.001534 0.004602 0.010738 -0.006136 0.018408 0.012272 -1.774241 21.277748 -1.849391 1.575220 -18.701622 -0.458838 0.125000 0.026000 14.213747 16.350000 0.049500 0.500000 0.032601 2.897808 0.000000 0.000000 0.000000 0.029000 0.096000 0.000000 0.009000 0.000000 0.000000 0.017000 0.000000
12.493267 1.000000 0.535755 0.301703 -0.208178 -0.418022 -0.303285 0.011852 0.037175 0.529859 -0.290617 0.215980 -0.421329 0.298899 0.006783 -0.042328 -0.007670 0.000000 0.000000 -0.010738 0.000000 -0.012272 0.018408 -0.018408 -0.003068 0.010738 0.009204 -0.004602 0.000000 0.006136 -1.608037 21.299018 -1.783350 1.456961 -18.707453 -0.446087 0.118000 0.024000 14.215533 16.350000 0.047000 0.500000 0.032606 2.898172 0.000000 0.000000 0.000000 0.028000 0.090000 0.000000 0.009000 0.000000 0.000000 0.015000 0.000000
12.577042 1.000000 0.536126 0.301691 -0.208166 -0.418034 -0.303608 0.011745 0.037199 0.528325 -0.290581 0.215956 -0.421341 0.299258 0.006064 -0.042352 -0.003068 0.000000 0.006136 0.000000 -0.015340 -0.024544 0.024544 -0.039884 -0.006136 0.009204 0.001534 -0.003068 0.000000 0.000000 -1.679048 21.345094 -1.752247 1.724178 -18.698958 -0.446178 0.113000 0.024000 14.239523 16.350000 0.044500 0.500000 0.032611 2.903063 0.000000 0.000000 0.000000 0.027000 0.086000 0.000000 0.009000 0.000000 0.000000 0.015000 0.000000
12.692472 1.000000 0.536845 0.301475 -0.207974 -0.418261 -0.307887 0.009767 0.037199 0.525628 -0.290522 0.215896 -0.421641 0.299869 0.002541 -0.042364 -0.004602 -0.023010 0.006136 -0.026078 -0.019942 -0.042951 0.018408 -0.009204 0.000000 0.016874 -0.009204 -0.007670 -0.036816 0.000000 -1.895818 21.476578 -1.321696 1.941858 -18.690358 -0.043427 0.107000 0.026000 14.299806 16.350000 0.040500 0.500000 0.032619 2.915353 0.000000 0.000000 0.000000 0.026000 0.081000 0.000000 0.009000 0.000000 0.000000 0.017000 0.000000
12.769644 1.000000 0.536833 0.301343 -0.207974 -0.418501 -0.308078 0.009108 0.037175 0.525580 -0.290486 0.215872 -0.421965 0.299941 0.001989 -0.042364 -0.001534 -0.001534 0.007670 -0.023010 -0.010738 -0.036816 0.000000 0.004602 0.000000 -0.007670 -0.027612 0.012272 0.000000 0.000000 -1.976228 21.548062 -1.237214 1.897390 -18.737125 0.039317 0.097000 0.026000 14.343155 16.350000 0.035500 0.500000 0.032629 2.924191 0.000000 0.000000 0.000000 0.024000 0.073000 0.000000 0.009000 0.000000 0.000000 0.017000 0.000000
12.825108 1.000000 0.536833 0.301271 -0.207974 -0.420035 -0.308510 0.007382 0.037175 0.525472 -0.290426 0.215848 -0.422516 0.300025 0.001510 -0.042364 -0.009204 0.013806 -0.007670 -0.010738 -0.023010 0.000000 0.000000 -0.012272 -0.004602 -0.001534 -0.015340 -0.006136 0.000000 0.000000 -2.083033 21.527134 -1.114964 2.032396 -18.730132 0.068042 0.090000 0.026000 14.341417 16.350000 0.032000 0.500000 0.032636 2.923836 0.000000 0.000000 0.000000 0.022000 0.068000 0.000000 0.009000 0.000000 0.000000 0.017000 0.000000
12.902957 1.000000 0.537876 0.301056 -0.207962 -0.420347 -0.310571 0.005417 0.037163 0.525197 -0.290342 0.215776 -0.423283 0.300097 0.000336 -0.042364 0.015340 0.007670 0.006136 -0.003068 -0.010738 0.000000 0.000000 0.003068 -0.001534 -0.004602 0.009204 0.006136 -0.012272 0.012272 -2.567460 21.617145 -0.777844 1.985035 -18.821410 0.223415 0.090000 0.026000 14.422887 16.350000 0.032000 0.500000 0.032636 2.940446 0.000000 0.000000 0.000000 0.022000 0.068000 0.000000 0.009000 0.000000 0.000000 0.017000 0.000000
12.950426 1.000000 0.538056 0.301032 -0.207974 -0.420347 -0.310619 0.005441 0.037163 0.525197 -0.290342 0.215800 -0.423271 0.300097 0.000360 -0.042376 0.012272 -0.010738 0.015340 -0.001534 -0.013806 0.000000 0.000000 0.013806 -0.001534 0.019942 -0.006136 0.004602 0.000000 0.000000 -2.716273 21.624485 -0.622810 1.964963 -18.813729 0.301330 0.088000 0.020000 14.429258 16.350000 0.034000 0.500000 0.032632 2.941745 0.000000 0.000000 0.000000 0.023000 0.065000 0.000000 0.009000 0.000000 0.000000 0.011000 0.000000
13.010234 1.000000 0.538200 0.301020 -0.207974 -0.420347 -0.310667 0.005501 0.037163 0.525197 -0.290342 0.215800 -0.423271 0.300097 0.000455 -0.042376 0.023010 -0.007670 -0.003068 -0.006136 -0.018408 0.000000 0.000000 0.012272 0.000000 0.009204 0.000000 -0.006136 0.018408 0.000000 -2.919356 21.623655 -0.465007 1.997607 -18.855950 0.351275 0.088000 0.020000 14.453740 16.350000 0.034000 0.500000 0.032632 2.946736 0.000000 0.000000 0.000000 0.023000 0.065000 0.000000 0.009000 0.000000 0.000000 0.011000 0.000000
13.080696 1.000000 0.540572 0.301032 -0.207998 -0.420275 -0.311674 0.006651 0.037151 0.525484 -0.290342 0.215788 -0.423271 0.300073 0.001103 -0.042376 0.012272 0.001534 0.001534 0.000000 -0.023010 0.000000 0.006136 -0.013806 -0.009204 0.003068 0.000000 -0.003068 0.012272 0.000000 -3.154641 21.579011 -0.362817 2.081197 -18.879727 0.423656 0.067000 0.009000 14.460126 16.350000 0.029000 0.500000 0.032642 2.948038 0.000000 0.000000 0.000000 0.000000 0.067000 0.000000 0.009000 0.000000 0.000000 0.000000 0.000000
13.149664 1.000000 0.540668 0.301008 -0.208106 -0.420311 -0.311758 0.006975 0.037091 0.525484 -0.290342 0.215788 -0.423247 0.300085 0.001282 -0.042364 0.012272 -0.004602 0.013806 0.000000 -0.001534 0.000000 -0.018408 0.009204 -0.006136 -0.012272 0.021476 0.000000 0.006136 0.000000 -3.512574 21.558052 -0.272854 2.026699 -18.916406 0.395245 0.068000 0.009000 14.482970 16.350000 0.029500 0.500000 0.032641 2.952695 0.000000 0.000000 0.000000 0.000000 0.068000 0.000000 0.009000 0.000000 0.000000 0.000000 0.000000
13.212598 1.000000 0.540644 0.301020 -0.208166 -0.420335 -0.311698 0.006999 0.037079 0.525496 -0.290330 0.215788 -0.423259 0.300073 0.001462 -0.042364 -0.003068 0.004602 0.000000 -0.007670 0.009204 -0.006136 0.000000 -0.003068 -0.013806 -0.004602 0.021476 0.000000 0.018408 0.000000 -3.602858 21.522679 -0.221833 2.073782 -18.904318 0.407286 0.068000 0.009000 14.473079 16.350000 0.029500 0.500000 0.032641 2.950679 0.000000 0.000000 0.000000 0.000000 0.068000 0.000000 0.009000 0.000000 0.000000 0.000000 0.000000
13.257355 1.000000 0.540632 0.301223 -0.208310 -0.421126 -0.311015 0.006963 0.036971 0.525472 -0.290270 0.215836 -0.423295 0.300085 0.001330 -0.042328 -0.004602 -0.012272 -0.001534 0.001534 -0.001534 0.000000 -0.012272 -0.018408 0.001534 0.009204 0.000000 -0.004602 0.006136 0.000000 -3.678091 21.459740 -0.229329 2.128769 -18.833568 0.451229 0.096000 0.010000 14.433327 16.350000 0.043000 0.500000 0.032614 2.942574 0.000000 0.002000 0.000000 0.025000 0.069000 0.000000 0.010000 0.000000 0.000000 0.000000 0.000000
13.322539 1.000000 0.540644 0.301200 -0.208310 -0.421090 -0.311027 0.006987 0.036959 0.525364 -0.290294 0.215848 -0.423319 0.300061 0.001318 -0.042316 0.010738 -0.016874 0.007670 0.009204 -0.001534 -0.024544 -0.018408 -0.010738 0.000000 0.010738 0.007670 -0.013806 0.006136 0.018408 -3.901943 21.495693 -0.187191 2.094111 -18.849712 0.435431 0.095000 0.009000 14.465363 16.350000 0.043000 0.500000 0.032614 2.949106 0.000000 0.001000 0.000000 0.026000 0.068000 0.000000 0.009000 0.000000 0.000000 0.000000 0.000000
13.378078 1.000000 0.541004 0.301379 -0.208226 -0.421090 -0.310895 0.007047 0.036983 0.525305 -0.290258 0.215980 -0.423427 0.300025 0.002133 -0.042232 0.004602 0.001534 -0.013806 -0.009204 -0.003068 0.000000 -0.006136 0.003068 0.003068 0.006136 0.009204 -0.010738 -0.006136 0.000000 -3.915425 21.428525 -0.174464 2.067908 -18.807043 0.402722 0.095000 0.009000 14.426480 16.350000 0.043000 0.500000 0.032614 2.941178 0.000000 0.001000 0.000000 0.026000 0.068000 0.000000 0.009000 0.000000 0.000000 0.000000 0.000000
13.421227 1.000000 0.540992 0.301523 -0.208214 -0.421090 -0.310691 0.007059 0.036995 0.526407 -0.290306 0.216088 -0.423439 0.299977 0.002277 -0.042149 0.000000 -0.009204 0.001534 0.001534 -0.004602 0.024544 0.000000 0.010738 -0.007670 0.000000 -0.007670 0.009204 0.000000 0.000000 -3.913237 21.461283 -0.179768 1.847672 -18.793072 0.493244 0.095000 0.009000 14.426482 16.350000 0.043000 0.500000 0.032614 2.941179 0.000000 0.001000 0.000000 0.026000 0.068000 0.000000 0.009000 0.000000 0.000000 0.000000 0.000000
13.469906 1.000000 0.540992 0.301511 -0.208214 -0.421054 -0.310667 0.007071 0.036995 0.526467 -0.290294 0.216088 -0.423439 0.299977 0.002289 -0.042149 -0.010738 0.000000 0.006136 0.012272 0.003068 0.000000 0.000000 0.006136 0.012272 -0.010738 -0.006136 0.000000 -0.018408 0.000000 -3.891493 21.484453 -0.165577 1.716989 -18.820620 0.513796 0.094000 0.009000 14.438570 16.350000 0.042500 0.500000 0.032615 2.943643 0.000000 0.000000 0.000000 0.027000 0.067000 0.000000 0.009000 0.000000 0.000000 0.000000 0.000000
13.521837 1.000000 0.541279 0.301715 -0.208262 -0.420898 -0.310451 0.008161 0.036983 0.527222 -0.290270 0.216076 -0.423415 0.299977 0.002553 -0.042149 0.007670 0.000000 -0.023010 0.000000 0.009204 0.024544 -0.006136 -0.009204 0.009204 0.004602 0.000000 -0.016874 0.024544 0.000000 -4.025926 21.386877 -0.209259 1.678556 -18.738966 0.448979 0.094000 0.009000 14.383784 16.350000 0.042500 0.500000 0.032615 2.932474 0.000000 0.000000 0.000000 0.027000 0.067000 0.000000 0.009000 0.000000 0.000000 0.000000 0.000000
13.553505 1.000000 0.541327 0.301703 -0.208262 -0.420898 -0.310463 0.008329 0.036983 0.527222 -0.290306 0.216088 -0.423427 0.300001 0.002541 -0.042149 0.003068 -0.004602 -0.007670 0.001534 0.001534 0.012272 0.006136 0.004602 0.004602 -0.007670 -0.003068 -0.004602 -0.006136 0.006136 -4.026303 21.423354 -0.211909 1.561419 -18.762721 0.464296 0.094000 0.009000 14.401814 16.350000 0.042500 0.500000 0.032615 2.936150 0.000000 0.000000 0.000000 0.027000 0.067000 0.000000 0.009000 0.000000 0.000000 0.000000 0.000000
13.590539 1.000000 0.541531 0.301703 -0.208454 -0.420814 -0.310439 0.010019 0.036959 0.527294 -0.290282 0.216076 -0.423415 0.300001 0.002732 -0.042161 -0.003068 0.007670 0.001534 -0.003068 0.000000 0.012272 -0.006136 0.000000 0.003068 0.018408 -0.004602 -0.013806 0.006136 0.006136 -3.966249 21.449111 -0.241903 1.493098 -18.703052 0.444216 0.094000 0.009000 14.386009 16.350000 0.042500 0.500000 0.032615 2.932927 0.000000 0.000000 0.000000 0.027000 0.067000 0.000000 0.009000 0.000000 0.000000 0.000000 0.000000
13.645984 1.000000 0.541507 0.301691 -0.208813 -0.420790 -0.310379 0.010798 0.036935 0.527282 -0.290282 0.216052 -0.423415 0.300037 0.002672 -0.042184 -0.007670 -0.007670 0.001534 0.001534 0.003068 0.018408 -0.012272 -0.023010 0.000000 0.007670 -0.009204 0.000000 0.006136 0.000000 -3.975538 21.361173 -0.331816 1.541919 -18.714949 0.446163 0.093000 0.010000 14.359069 16.350000 0.041500 0.500000 0.032617 2.927435 0.000000 0.000000 0.000000 0.026000 0.067000 0.000000 0.010000 0.000000 0.000000 0.000000 0.000000
13.678889 1.000000 0.541519 0.301703 -0.208861 -0.420814 -0.310391 0.010798 0.036935 0.527318 -0.290270 0.216052 -0.423415 0.300037 0.002672 -0.042184 -0.003068 0.006136 0.000000 -0.009204 0.001534 0.000000 0.000000 -0.010738 0.004602 0.000000 -0.001534 0.000000 0.000000 -0.006136 -3.999858 21.353258 -0.342514 1.494350 -18.727222 0.426344 0.093000 0.010000 14.360557 16.350000 0.041500 0.500000 0.032617 2.927738 0.000000 0.000000 0.000000 0.026000 0.067000 0.000000 0.010000 0.000000 0.000000 0.000000 0.000000
13.728597 1.000000 0.541507 0.301667 -0.208861 -0.420802 -0.310344 0.010810 0.036935 0.527354 -0.290294 0.216052 -0.423403 0.300037 0.002684 -0.042172 -0.012272 -0.036816 0.006136 0.004602 0.006136 -0.006136 -0.012272 0.001534 0.006136 0.013806 0.003068 -0.013806 0.000000 0.012272 -3.989032 21.280606 -0.390644 1.448619 -18.674745 0.403630 0.093000 0.010000 14.314513 16.350000 0.041500 0.500000 0.032617 2.918351 0.000000 0.000000 0.000000 0.026000 0.067000 0.000000 0.010000 0.000000 0.000000 0.000000 0.000000
13.770921 1.000000 0.541507 0.301667 -0.208873 -0.420826 -0.310344 0.010810 0.036935 0.527366 -0.290306 0.216040 -0.423415 0.300037 0.002684 -0.042184 0.006136 0.001534 -0.009204 -0.010738 0.000000 0.000000 -0.006136 0.003068 0.003068 -0.010738 0.007670 0.003068 0.000000 -0.006136 -4.060815 21.290300 -0.414671 1.454075 -18.702748 0.395304 0.089000 0.010000 14.332430 16.350000 0.039500 0.500000 0.032621 2.922004 0.000000 0.000000 0.000000 0.024000 0.065000 0.000000 0.010000 0.000000 0.000000 0.000000 0.000000
13.826530 1.000000 0.541483 0.301559 -0.208837 -0.420862 -0.310320 0.010774 0.036947 0.528468 -0.290294 0.216088 -0.423415 0.300061 0.002696 -0.042149 0.000000 0.004602 -0.024544 0.000000 0.000000 0.000000 0.000000 0.055223 0.001534 0.001534 0.010738 -0.004602 0.006136 0.006136 -4.053743 21.257115 -0.457329 1.032406 -18.724895 0.405180 0.089000 0.010000 14.317693 16.350000 0.039500 0.500000 0.032621 2.919000 0.000000 0.000000 0.000000 0.024000 0.065000 0.000000 0.010000 0.000000 0.000000 0.000000 0.000000
13.879205 1.000000 0.541471 0.301535 -0.208861 -0.420874 -0.310044 0.010738 0.036923 0.529367 -0.290306 0.216112 -0.423451 0.300121 0.002541 -0.042101 -0.012272 -0.019942 0.000000 0.010738 0.007670 0.000000 -0.006136 0.026078 0.000000 -0.006136 0.000000 -0.003068 0.000000 0.000000 -4.016721 21.254186 -0.475186 0.987568 -18.788422 0.553905 0.080000 0.010000 14.334003 16.350000 0.035000 0.500000 0.032630 2.922325 0.000000 0.000000 0.000000 0.022000 0.058000 0.000000 0.010000 0.000000 0.000000 0.000000 0.000000
13.917095 1.000000 0.541483 0.301547 -0.208861 -0.420910 -0.309876 0.010738 0.036911 0.529259 -0.290318 0.216136 -0.423487 0.300217 0.002553 -0.042101 -0.009204 0.000000 -0.010738 -0.009204 0.004602 0.000000 -0.012272 0.003068 0.003068 -0.003068 -0.001534 -0.009204 0.000000 0.000000 -4.038130 21.248462 -0.457624 0.974476 -18.743686 0.606798 0.080000 0.010000 14.318511 16.350000 0.035000 0.500000 0.032630 2.919166 0.000000 0.000000 0.000000 0.022000 0.058000 0.000000 0.010000 0.000000 0.000000 0.000000 0.000000
13.958142 1.000000 0.541495 0.301547 -0.209952 -0.421090 -0.309085 0.010558 0.036516 0.529223 -0.290306 0.216112 -0.423463 0.300181 0.003823 -0.042161 0.001534 -0.001534 0.007670 0.007670 0.000000 0.006136 0.000000 0.003068 0.006136 -0.001534 0.000000 -0.021476 0.024544 -0.012272 -4.001523 21.269567 -0.509901 0.949335 -18.776014 0.548161 0.019000 0.010000 14.333934 16.350000 0.004500 0.500000 0.032691 2.922311 0.000000 0.000000 0.000000 0.019000 0.000000 0.000000 0.010000 0.000000 0.000000 0.000000 0.000000
13.993094 1.000000 0.541483 0.301559 -0.209988 -0.421102 -0.309061 0.010546 0.036492 0.529235 -0.290306 0.216112 -0.423487 0.300217 0.004027 -0.042149 -0.018408 -0.032214 0.001534 0.000000 -0.004602 0.006136 -0.012272 -0.010738 -0.004602 0.010738 0.018408 -0.006136 0.018408 0.000000 -3.957860 21.203191 -0.491189 0.928765 -18.755065 0.541864 0.019000 0.010000 14.299082 16.350000 0.004500 0.500000 0.032691 2.915205 0.000000 0.000000 0.000000 0.019000 0.000000 0.000000 0.010000 0.000000 0.000000 0.000000 0.000000
14.041355 1.000000 0.541495 0.301763 -0.210850 -0.421090 -0.308474 0.010558 0.036324 0.529223 -0.290282 0.216112 -0.423487 0.300193 0.005093 -0.042172 0.006136 0.003068 -0.029146 0.003068 0.010738 0.012272 0.000000 0.001534 0.003068 0.001534 -0.007670 -0.010738 0.012272 -0.012272 -4.079956 21.104795 -0.532275 0.905360 -18.743333 0.493926 0.017000 0.013000 14.267013 16.350000 0.002000 0.500000 0.032696 2.908667 0.000000 0.000000 0.000000 0.017000 0.000000 0.000000 0.010000 0.000000 0.000000 0.000000 0.003000
14.092048 1.000000 0.541507 0.301835 -0.211330 -0.421090 -0.308414 0.010546 0.036324 0.529235 -0.290282 0.216088 -0.423463 0.300181 0.005321 -0.042184 0.000000 0.000000 -0.007670 -0.004602 0.012272 -0.006136 0.012272 0.007670 0.000000 0.000000 0.007670 0.004602 0.006136 0.000000 -3.996909 20.980358 -0.538912 0.893508 -18.739503 0.396202 0.017000 0.013000 14.213708 16.350000 0.002000 0.500000 0.032696 2.897800 0.000000 0.000000 0.000000 0.017000 0.000000 0.000000 0.010000 0.000000 0.000000 0.000000 0.003000
14.134592 1.000000 0.541807 0.302374 -0.212924 -0.421006 -0.307923 0.010714 0.036312 0.529319 -0.290306 0.216076 -0.423463 0.300169 0.006687 -0.042208 -0.007670 0.015340 -0.019942 0.000000 0.001534 0.006136 0.000000 0.000000 -0.006136 0.001534 0.000000 -0.004602 0.018408 0.012272 -4.048068 20.868525 -0.560868 0.907637 -18.705704 0.375072 0.000000 0.010000 14.165180 16.350000 0.005000 0.500000 0.032690 2.887906 0.000000 0.000000 0.000000 0.000000 0.000000 0.000000 0.010000 0.000000 0.000000 0.000000 0.000000
14.187348 1.000000 0.542214 0.302350 -0.213631 -0.421054 -0.307827 0.010702 0.036300 0.529679 -0.290342 0.216076 -0.423427 0.300085 0.007514 -0.042268 -0.007670 -0.010738 -0.001534 -0.013806 -0.001534 0.006136 0.018408 0.019942 0.016874 0.012272 -0.003068 0.001534 0.000000 0.000000 -4.095754 20.776370 -0.555537 0.819945 -18.642359 0.285721 0.000000 0.010000 14.112429 16.350000 0.005000 0.500000 0.032690 2.877152 0.000000 0.000000 0.000000 0.000000 0.000000 0.000000 0.010000 0.000000 0.000000 0.000000 0.000000
14.240287 1.000000 0.542214 0.302362 -0.213631 -0.421066 -0.307827 0.010702 0.036300 0.529978 -0.290354 0.216088 -0.423415 0.300121 0.007586 -0.042280 -0.004602 -0.010738 0.009204 -0.004602 -0.004602 0.006136 0.018408 0.024544 0.000000 -0.001534 0.009204 0.000000 0.000000 -0.018408 -4.156331 20.727815 -0.578119 0.772285 -18.701348 0.210743 0.000000 0.010000 14.117845 16.350000 0.005000 0.500000 0.032690 2.878256 0.000000 0.000000 0.000000 0.000000 0.000000 0.000000 0.010000 0.000000 0.000000 0.000000 0.000000
14.295757 1.000000 0.542238 0.302398 -0.213679 -0.421066 -0.307851 0.010702 0.036276 0.530913 -0.290378 0.216088 -0.423415 0.300145 0.007694 -0.042256 0.003068 -0.018408 0.003068 0.000000 -0.009204 0.030680 -0.006136 0.024544 -0.003068 0.006136 -0.003068 -0.001534 -0.006136 0.000000 -4.211317 20.622167 -0.611090 0.515150 -18.691240 0.295178 0.000000 0.010000 14.076903 16.350000 0.005000 0.500000 0.032690 2.869909 0.000000 0.000000 0.000000 0.000000 0.000000 0.000000 0.010000 0.000000 0.000000 0.000000 0.000000
14.340998 1.000000 0.542250 0.302386 -0.213655 -0.421054 -0.307827 0.010690 0.036300 0.531069 -0.290366 0.216088 -0.423427 0.300169 0.007730 -0.042256 0.000000 -0.010738 -0.016874 0.001534 0.001534 0.006136 0.018408 0.024544 0.000000 0.007670 0.004602 0.006136 -0.012272 0.000000 -4.239114 20.538136 -0.603218 0.475561 -18.694954 0.247552 0.000000 0.010000 14.049133 16.350000 0.005000 0.500000 0.032690 2.864247 0.000000 0.000000 0.000000 0.000000 0.000000 0.000000 0.010000 0.000000 0.000000 0.000000 0.000000
14.426033 1.000000 0.542262 0.302350 -0.214122 -0.421102 -0.307827 0.010690 0.036073 0.531788 -0.290402 0.216112 -0.423427 0.300097 0.008257 -0.042256 0.007670 -0.007670 -0.021476 -0.001534 -0.006136 0.018408 -0.012272 0.012272 -0.013806 0.009204 0.006136 0.003068 0.012272 -0.006136 -4.283473 20.372229 -0.638621 0.315682 -18.724055 0.180278 0.000000 0.011000 14.000587 16.350000 0.005500 0.500000 0.032689 2.854350 0.000000 0.000000 0.000000 0.000000 0.000000 0.000000 0.011000 0.000000 0.000000 0.000000 0.000000
14.482523 1.000000 0.542262 0.302362 -0.214302 -0.421114 -0.307827 0.010654 0.036061 0.531752 -0.290402 0.216088 -0.423415 0.300109 0.008305 -0.042256 -0.007670 -0.009204 -0.021476 0.003068 -0.012272 -0.006136 0.000000 -0.015340 -0.003068 0.001534 -0.003068 -0.026078 -0.006136 0.012272 -4.243335 20.318017 -0.633622 0.324596 -18.706271 0.188557 0.000000 0.011000 13.971915 16.350000 0.005500 0.500000 0.032689 2.848505 0.000000 0.000000 0.000000 0.000000 0.000000 0.000000 0.011000 0.000000 0.000000 0.000000 0.000000
14.526466 1.000000 0.542298 0.302362 -0.214470 -0.421066 -0.307827 0.010678 0.036061 0.531968 -0.290426 0.216088 -0.423427 0.300253 0.008341 -0.042256 0.004602 0.013806 0.004602 0.003068 -0.006136 0.006136 0.006136 0.000000 -0.001534 0.009204 0.004602 -0.001534 0.000000 -0.006136 -4.293109 20.371362 -0.646149 0.132112 -18.723184 0.153696 0.000000 0.011000 13.999984 16.350000 0.005500 0.500000 0.032689 2.854227 0.000000 0.000000 0.000000 0.000000 0.000000 0.000000 0.011000 0.000000 0.000000 0.000000 0.000000
14.616451 1.000000 0.542849 0.302422 -0.214494 -0.421042 -0.307851 0.010714 0.036049 0.532100 -0.290414 0.216088 -0.423439 0.300337 0.008329 -0.042232 0.000000 0.006136 -0.004602 0.001534 -0.006136 0.006136 -0.006136 -0.004602 0.001534 0.006136 -0.006136 0.010738 0.012272 0.024544 -4.420925 20.271765 -0.632415 -0.023340 -18.723218 0.163470 0.000000 0.011000 13.973622 16.350000 0.005500 0.500000 0.032689 2.848853 0.000000 0.000000 0.000000 0.000000 0.000000 0.000000 0.011000 0.000000 0.000000 0.000000 0.000000
14.677671 1.000000 0.542957 0.302398 -0.214494 -0.421042 -0.307827 0.010702 0.036061 0.532076 -0.290426 0.216088 -0.423439 0.300325 0.008317 -0.042208 0.009204 0.013806 -0.003068 0.001534 0.000000 -0.018408 0.006136 -0.007670 -0.010738 0.010738 0.009204 -0.021476 0.006136 0.018408 -4.671925 20.302071 -0.492880 0.004250 -18.738192 0.120554 0.000000 0.011000 14.010004 16.350000 0.005500 0.500000 0.032689 2.856270 0.000000 0.000000 0.000000 0.000000 0.000000 0.000000 0.011000 0.000000 0.000000 0.000000 0.000000
14.738757 1.000000 0.543113 0.302398 -0.214482 -0.421030 -0.307803 0.010726 0.036049 0.532088 -0.290426 0.216088 -0.423427 0.300349 0.008329 -0.042244 0.012272 -0.012272 0.004602 -0.016874 0.001534 0.006136 -0.018408 0.003068 0.001534 0.004602 -0.004602 -0.004602 0.000000 0.000000 -4.759301 20.248943 -0.494894 -0.001923 -18.737925 0.126912 0.000000 0.011000 13.998040 16.350000 0.005500 0.500000 0.032689 2.853831 0.000000 0.000000 0.000000 0.000000 0.000000 0.000000 0.011000 0.000000 0.000000 0.000000 0.000000
14.776956 1.000000 0.546181 0.302494 -0.214482 -0.421030 -0.307827 0.010738 0.036061 0.532004 -0.290402 0.216136 -0.423427 0.300301 0.008317 -0.042220 0.055223 -0.007670 0.012272 -0.004602 0.003068 -0.006136 0.006136 -0.006136 0.000000 0.006136 0.003068 0.001534 0.018408 -0.012272 -5.135276 20.299524 -0.474749 0.089704 -18.731612 0.091759 0.000000 0.011000 14.047447 16.350000 0.005500 0.500000 0.032689 2.863904 0.000000 0.000000 0.000000 0.000000 0.000000 0.000000 0.011000 0.000000 0.000000 0.000000 0.000000
14.814327 1.000000 0.546756 0.302506 -0.214482 -0.421030 -0.307803 0.010738 0.036049 0.531992 -0.290402 0.216136 -0.423439 0.300301 0.008293 -0.042196 0.059825 0.001534 0.007670 -0.001534 -0.001534 0.000000 0.000000 0.010738 0.003068 0.003068 0.015340 0.004602 -0.012272 0.000000 -5.441819 20.318873 -0.425810 0.038825 -18.739645 0.088983 0.000000 0.011000 14.085860 16.350000 0.005500 0.500000 0.032689 2.871735 0.000000 0.000000 0.000000 0.000000 0.000000 0.000000 0.011000 0.000000 0.000000 0.000000 0.000000
14.867903 1.000000 0.550471 0.302614 -0.214482 -0.421006 -0.307827 0.010750 0.036049 0.531644 -0.290414 0.216136 -0.423451 0.300265 0.008305 -0.042208 0.015340 -0.006136 -0.001534 -0.001534 -0.001534 0.000000 0.000000 0.004602 -0.001534 0.003068 -0.006136 0.007670 0.000000 -0.018408 -5.897399 20.339628 -0.271701 0.106392 -18.725695 0.170387 0.000000 0.011000 14.134556 16.350000 0.005500 0.500000 0.032689 2.881663 0.000000 0.000000 0.000000 0.000000 0.000000 0.000000 0.011000 0.000000 0.000000 0.000000 0.000000
14.930896 1.000000 0.550591 0.302614 -0.214494 -0.421006 -0.307803 0.010750 0.036061 0.531536 -0.290414 0.216147 -0.423439 0.300241 0.008293 -0.042184 0.010738 -0.009204 0.000000 0.000000 0.006136 0.006136 0.012272 -0.009204 0.003068 0.009204 -0.004602 -0.001534 0.000000 0.000000 -6.406481 20.406297 -0.176014 0.192551 -18.655044 0.209706 0.000000 0.011000 14.190734 16.350000 0.005500 0.500000 0.032689 2.893116 0.000000 0.000000 0.000000 0.000000 0.000000 0.000000 0.011000 0.000000 0.000000 0.000000 0.000000
14.971076 1.000000 0.550987 0.302913 -0.214458 -0.420994 -0.307815 0.010738 0.036073 0.529319 -0.290402 0.216136 -0.423618 0.300121 0.008065 -0.042208 -0.001534 -0.021476 0.019942 -0.006136 -0.007670 0.000000 0.012272 -0.015340 0.006136 0.015340 0.001534 0.000000 0.006136 0.012272 -6.566723 20.440464 -0.112528 0.353479 -18.634451 0.200685 0.000000 0.011000 14.215327 16.350000 0.005500 0.500000 0.032689 2.898130 0.000000 0.000000 0.000000 0.000000 0.000000 0.000000 0.011000 0.000000 0.000000 0.000000 0.000000
15.022844 1.000000 0.550999 0.302925 -0.214446 -0.420994 -0.307827 0.010738 0.036061 0.528768 -0.290402 0.216136 -0.423750 0.300121 0.007981 -0.042220 -0.003068 -0.006136 0.000000 0.001534 0.009204 0.000000 0.000000 -0.030680 0.000000 -0.003068 -0.006136 0.019942 -0.012272 0.000000 -6.810766 20.455066 -0.085368 0.631146 -18.651824 0.225177 0.000000 0.010000 14.257324 16.350000 0.005000 0.500000 0.032690 2.906692 0.000000 0.000000 0.000000 0.000000 0.000000 0.000000 0.010000 0.000000 0.000000 0.000000 0.000000
15.078869 1.000000 0.550999 0.303033 -0.214446 -0.420994 -0.307815 0.010762 0.036061 0.526647 -0.290378 0.216088 -0.425272 0.300121 0.007322 -0.042232 0.003068 -0.013806 -0.006136 -0.001534 0.000000 0.018408 0.000000 0.004602 0.001534 0.001534 -0.013806 0.019942 0.006136 0.000000 -7.021408 20.463746 -0.053283 0.775111 -18.651428 0.273626 0.000000 0.010000 14.287596 16.350000 0.005000 0.500000 0.032690 2.912864 0.000000 0.000000 0.000000 0.000000 0.000000 0.000000 0.010000 0.000000 0.000000 0.000000 0.000000
15.125817 1.000000 0.551011 0.303045 -0.214434 -0.420970 -0.307827 0.010762 0.036061 0.526659 -0.290378 0.216088 -0.425404 0.300097 0.007310 -0.042232 0.001534 -0.006136 0.009204 0.003068 -0.013806 0.012272 0.000000 0.000000 0.003068 0.009204 -0.006136 -0.001534 0.000000 0.000000 -7.124771 20.512222 -0.028105 0.894699 -18.617506 0.376711 0.000000 0.010000 14.308438 16.350000 0.005000 0.500000 0.032690 2.917113 0.000000 0.000000 0.000000 0.000000 0.000000 0.000000 0.010000 0.000000 0.000000 0.000000 0.000000
15.178329 1.000000 0.552185 0.303369 -0.214446 -0.420850 -0.307803 0.011697 0.036061 0.526647 -0.290402 0.216088 -0.425536 0.300073 0.007334 -0.042220 0.029146 -0.024544 0.003068 -0.004602 0.010738 0.012272 0.000000 0.010738 -0.009204 -0.004602 0.001534 0.004602 0.012272 0.000000 -7.419167 20.489266 0.070902 0.957486 -18.636824 0.453205 0.000000 0.010000 14.344878 16.350000 0.005000 0.500000 0.032690 2.924542 0.000000 0.000000 0.000000 0.000000 0.000000 0.000000 0.010000 0.000000 0.000000 0.000000 0.000000
15.255841 1.000000 0.552964 0.303441 -0.214398 -0.420790 -0.307383 0.012092 0.036085 0.527330 -0.290378 0.216339 -0.425524 0.299953 0.007334 -0.042089 0.003068 0.009204 0.006136 0.004602 0.000000 0.000000 0.006136 0.001534 0.000000 0.029146 0.007670 -0.004602 0.006136 0.000000 -7.525749 20.590588 0.074536 1.134885 -18.470012 0.422086 0.020000 0.015000 14.344324 16.350000 0.002500 0.500000 0.032695 2.924429 0.000000 0.000000 0.000000 0.020000 0.000000 0.000000 0.010000 0.000000 0.000000 0.000000 0.005000
15.336173 1.000000 0.552940 0.303429 -0.214386 -0.420778 -0.307335 0.012128 0.036108 0.527570 -0.290402 0.216639 -0.425548 0.299905 0.007322 -0.042053 0.001534 -0.003068 -0.004602 -0.013806 0.004602 -0.012272 0.012272 0.009204 0.000000 0.027612 0.004602 -0.012272 0.000000 -0.018408 -7.628490 20.544955 0.084492 1.085280 -18.441694 0.436354 0.021000 0.017000 14.331460 16.350000 0.002000 0.500000 0.032696 2.921806 0.000000 0.000000 0.000000 0.021000 0.000000 0.000000 0.010000 0.000000 0.000000 0.000000 0.007000
15.403088 1.000000 0.552676 0.303417 -0.214302 -0.420790 -0.307156 0.012116 0.036108 0.527821 -0.290366 0.216795 -0.425620 0.299941 0.006939 -0.041945 -0.013806 -0.004602 0.007670 -0.004602 -0.003068 0.000000 0.000000 0.009204 0.007670 0.006136 0.006136 0.004602 -0.018408 0.000000 -7.641509 20.556216 0.050535 1.069359 -18.406382 0.485661 0.021000 0.017000 14.325581 16.350000 0.002000 0.500000 0.032696 2.920608 0.000000 0.000000 0.000000 0.021000 0.000000 0.000000 0.010000 0.000000 0.000000 0.000000 0.007000
15.457560 1.000000 0.552545 0.303417 -0.214278 -0.420790 -0.307156 0.012128 0.036120 0.527797 -0.290354 0.216807 -0.425788 0.299869 0.006747 -0.041945 -0.013806 -0.004602 0.010738 0.001534 0.001534 0.012272 0.006136 -0.010738 0.007670 0.001534 -0.019942 0.004602 -0.006136 -0.012272 -7.688077 20.562380 0.022335 1.054484 -18.358031 0.631148 0.053000 0.018000 14.318233 16.350000 0.017500 0.500000 0.032665 2.919110 0.000000 0.000000 0.000000 0.021000 0.032000 0.000000 0.010000 0.000000 0.000000 0.000000 0.008000
15.518724 1.000000 0.550807 0.303249 -0.214098 -0.420802 -0.307216 0.012080 0.036144 0.527713 -0.290306 0.216807 -0.429107 0.299630 0.006088 -0.041945 -0.003068 0.001534 0.001534 0.000000 0.010738 0.006136 0.000000 0.021476 0.012272 0.010738 -0.053689 -0.007670 0.000000 0.000000 -7.630675 20.550318 -0.012398 0.734218 -18.341204 1.023763 0.053000 0.018000 14.295817 16.350000 0.017500 0.500000 0.032665 2.914540 0.000000 0.000000 0.000000 0.021000 0.032000 0.000000 0.010000 0.000000 0.000000 0.000000 0.008000
15.593733 1.000000 0.550711 0.303261 -0.214026 -0.420802 -0.307216 0.012068 0.036144 0.527725 -0.290294 0.216807 -0.430006 0.299522 0.006064 -0.041945 -0.012272 0.001534 0.015340 -0.003068 0.006136 0.006136 0.000000 -0.004602 -0.003068 0.006136 -0.056757 -0.004602 -0.012272 0.006136 -7.514017 20.554930 -0.037182 0.452083 -18.334013 1.600084 0.057000 0.018000 14.276782 16.350000 0.019500 0.500000 0.032661 2.910659 0.000000 0.000000 0.000000 0.022000 0.035000 0.000000 0.010000 0.000000 0.000000 0.000000 0.008000
15.662702 1.000000 0.550663 0.303249 -0.214002 -0.420443 -0.307216 0.012571 0.036180 0.527725 -0.290282 0.216831 -0.430953 0.299342 0.005860 -0.041957 0.000000 0.006136 -0.007670 0.007670 0.007670 0.012272 0.000000 0.016874 0.004602 0.000000 0.013806 0.012272 0.000000 -0.030680 -7.491961 20.508421 -0.123931 0.232513 -18.448833 1.721257 0.060000 0.018000 14.292816 16.350000 0.021000 0.500000 0.032658 2.913928 0.000000 0.000000 0.000000 0.023000 0.037000 0.000000 0.010000 0.000000 0.000000 0.000000 0.008000
15.792264 1.000000 0.550699 0.303249 -0.214002 -0.420071 -0.307216 0.014093 0.036216 0.527749 -0.290282 0.216926 -0.430881 0.299342 0.006412 -0.041945 -0.013806 -0.016874 0.000000 -0.010738 0.000000 0.000000 0.000000 -0.001534 0.004602 0.010738 0.000000 0.015340 0.018408 0.000000 -7.194581 20.476387 -0.380887 0.117171 -18.315734 2.050074 0.064000 0.019000 14.199685 16.350000 0.022500 0.500000 0.032655 2.894941 0.000000 0.000000 0.000000 0.025000 0.039000 0.000000 0.010000 0.000000 0.000000 0.000000 0.009000
15.909329 1.000000 0.550675 0.303261 -0.213894 -0.419867 -0.307216 0.015112 0.036252 0.527534 -0.290282 0.217418 -0.430857 0.299294 0.006459 -0.041945 -0.009204 -0.021476 -0.006136 -0.019942 0.003068 0.000000 0.006136 -0.016874 0.001534 0.003068 -0.003068 -0.015340 -0.024544 0.006136 -7.123994 20.462384 -0.540821 0.283507 -18.297198 2.134435 0.067000 0.020000 14.180341 16.350000 0.023500 0.500000 0.032653 2.890997 0.000000 0.000000 0.000000 0.027000 0.040000 0.000000 0.010000 0.000000 0.000000 0.000000 0.010000
16.005849 1.000000 0.550663 0.303237 -0.213882 -0.419843 -0.307240 0.015136 0.036252 0.527366 -0.290282 0.217418 -0.430869 0.299294 0.006483 -0.041957 -0.006136 -0.013806 0.001534 0.004602 -0.010738 -0.006136 0.006136 -0.018408 0.004602 0.001534 0.019942 -0.018408 -0.012272 -0.006136 -7.092289 20.601805 -0.606436 0.305706 -18.292889 2.097271 0.067000 0.020000 14.225489 16.350000 0.023500 0.500000 0.032653 2.900202 0.000000 0.000000 0.000000 0.027000 0.040000 0.000000 0.010000 0.000000 0.000000 0.000000 0.010000
16.066250 1.000000 0.550543 0.303261 -0.213882 -0.419604 -0.307240 0.015927 0.036252 0.527042 -0.290282 0.217406 -0.430785 0.299246 0.006963 -0.041933 -0.006136 -0.004602 0.010738 0.006136 -0.004602 -0.012272 0.012272 -0.001534 -0.003068 0.006136 -0.018408 0.000000 0.000000 0.018408 -7.051670 20.645677 -0.634965 0.284733 -18.266645 2.128546 0.068000 0.012000 14.227802 16.350000 0.028000 0.500000 0.032644 2.900673 0.000000 0.000000 0.000000 0.027000 0.041000 0.000000 0.010000 0.000000 0.000000 0.000000 0.002000
16.120899 1.000000 0.550567 0.303237 -0.213882 -0.419508 -0.307240 0.015999 0.036252 0.527054 -0.290282 0.217394 -0.430785 0.299234 0.007047 -0.041945 -0.006136 -0.012272 -0.013806 -0.001534 -0.015340 0.000000 0.006136 0.033748 -0.003068 0.007670 -0.003068 0.003068 0.000000 0.018408 -7.040319 20.548731 -0.675813 0.214733 -18.275185 2.073471 0.074000 0.010000 14.193704 16.350000 0.032000 0.500000 0.032636 2.893721 0.000000 0.000000 0.000000 0.029000 0.045000 0.000000 0.010000 0.000000 0.000000 0.000000 0.000000
16.177590 1.000000 0.550579 0.303225 -0.213870 -0.419076 -0.307240 0.017006 0.036252 0.527090 -0.290306 0.217406 -0.430629 0.299114 0.007874 -0.041969 -0.009204 0.006136 0.000000 0.000000 -0.007670 0.000000 0.006136 -0.001534 0.012272 -0.003068 0.003068 -0.009204 0.012272 0.000000 -6.993707 20.603059 -0.712636 0.367620 -18.252477 2.055374 0.074000 0.010000 14.201110 16.350000 0.032000 0.500000 0.032636 2.895231 0.000000 0.000000 0.000000 0.029000 0.045000 0.000000 0.010000 0.000000 0.000000 0.000000 0.000000
16.217311 1.000000 0.550579 0.303249 -0.213894 -0.419040 -0.307228 0.017149 0.036240 0.527138 -0.290306 0.217394 -0.430617 0.299126 0.008005 -0.041981 0.003068 -0.009204 -0.004602 -0.003068 0.009204 0.000000 -0.006136 0.032214 -0.004602 -0.004602 0.007670 0.000000 0.024544 -0.012272 -7.002042 20.586054 -0.744120 0.258958 -18.294467 1.965516 0.074000 0.010000 14.208878 16.350000 0.032000 0.500000 0.032636 2.896815 0.000000 0.000000 0.000000 0.027000 0.047000 0.000000 0.010000 0.000000 0.000000 0.000000 0.000000
16.279269 1.000000 0.550579 0.303249 -0.213906 -0.418861 -0.307228 0.017785 0.036252 0.527534 -0.290318 0.217394 -0.430366 0.299150 0.008844 -0.041981 -0.010738 0.003068 -0.006136 0.006136 -0.004602 0.006136 0.012272 0.016874 -0.001534 0.001534 -0.003068 0.004602 0.012272 -0.012272 -6.870877 20.618373 -0.900339 0.323686 -18.257493 1.890214 0.074000 0.010000 14.193019 16.350000 0.032000 0.500000 0.032636 2.893582 0.000000 0.000000 0.000000 0.027000 0.047000 0.000000 0.010000 0.000000 0.000000 0.000000 0.000000
16.327645 1.000000 0.550579 0.303249 -0.213882 -0.418789 -0.307204 0.017976 0.036252 0.527701 -0.290318 0.217406 -0.430222 0.299126 0.009120 -0.041969 -0.012272 -0.004602 0.000000 0.003068 0.003068 0.012272 0.006136 0.018408 -0.003068 0.013806 0.019942 0.000000 0.030680 0.000000 -6.817444 20.620421 -0.974830 0.321495 -18.240340 1.769370 0.074000 0.010000 14.181790 16.350000 0.032000 0.500000 0.032636 2.891293 0.000000 0.000000 0.000000 0.027000 0.047000 0.000000 0.010000 0.000000 0.000000 0.000000 0.000000
16.372542 1.000000 0.550687 0.303393 -0.213882 -0.416068 -0.306820 0.020805 0.036276 0.531213 -0.290330 0.218317 -0.425835 0.299222 0.011637 -0.041933 -0.004602 0.009204 -0.009204 0.095107 0.000000 0.024544 -0.006136 -0.012272 -0.007670 0.018408 0.113515 0.000000 0.000000 0.000000 -6.618107 20.644125 -1.521675 0.449004 -18.158482 1.232848 0.073000 0.010000 14.141352 16.350000 0.031500 0.500000 0.032637 2.883048 0.000000 0.000000 0.000000 0.026000 0.047000 0.000000 0.010000 0.000000 0.000000 0.000000 0.000000
16.438985 1.000000 0.550699 0.303393 -0.213882 -0.415170 -0.306796 0.021512 0.036276 0.531213 -0.290330 0.218520 -0.424242 0.299186 0.011733 -0.041933 -0.006136 0.000000 0.004602 0.056757 0.001534 0.055223 0.000000 0.003068 -0.006136 0.023010 0.119651 -0.009204 0.006136 0.000000 -6.311445 20.628420 -1.922282 0.498221 -18.147170 0.569802 0.075000 0.010000 14.097288 16.350000 0.032500 0.500000 0.032635 2.874065 0.000000 0.000000 0.000000 0.026000 0.049000 0.000000 0.010000 0.000000 0.000000 0.000000 0.000000
16.514123 1.000000 0.550807 0.303417 -0.213966 -0.411215 -0.306568 0.023142 0.036252 0.531908 -0.290402 0.219096 -0.420862 0.299186 0.014884 -0.041933 0.016874 0.001534 0.000000 0.065961 -0.019942 0.000000 -0.012272 0.021476 0.006136 0.009204 0.009204 0.000000 0.036816 -0.012272 -5.882505 20.582721 -2.769789 0.481547 -18.038080 -0.023179 0.075000 0.010000 13.998719 16.350000 0.032500 0.500000 0.032635 2.853969 0.000000 0.000000 0.000000 0.026000 0.049000 0.000000 0.010000 0.000000 0.000000 0.000000 0.000000
16.565534 1.000000 0.550807 0.303393 -0.213966 -0.410747 -0.306580 0.023154 0.036252 0.532124 -0.290402 0.219108 -0.420802 0.299186 0.015388 -0.041909 0.000000 -0.010738 0.012272 0.053689 -0.007670 0.000000 -0.018408 0.026078 -0.003068 0.009204 0.006136 -0.018408 0.061359 0.006136 -5.598431 20.549243 -3.128287 0.505403 -18.011416 -0.454612 0.074000 0.010000 13.948838 16.350000 0.032000 0.500000 0.032636 2.843800 0.000000 0.000000 0.000000 0.026000 0.048000 0.000000 0.010000 0.000000 0.000000 0.000000 0.000000
16.638916 1.000000 0.550771 0.303381 -0.214014 -0.408362 -0.306592 0.023142 0.036240 0.535347 -0.290522 0.219515 -0.420778 0.299114 0.016838 -0.041813 -0.010738 0.000000 -0.004602 0.000000 -0.004602 0.000000 -0.024544 -0.013806 0.000000 0.007670 -0.003068 0.003068 0.000000 0.012272 -5.275922 20.592404 -3.558296 0.330974 -17.922990 -0.695479 0.071000 0.010000 13.903467 16.350000 0.030500 0.500000 0.032639 2.834550 0.000000 0.000000 0.000000 0.025000 0.046000 0.000000 0.010000 0.000000 0.000000 0.000000 0.000000
16.674420 1.000000 0.550771 0.303381 -0.214026 -0.408362 -0.306568 0.023154 0.036252 0.535323 -0.290498 0.219527 -0.420790 0.299114 0.016862 -0.041801 0.006136 0.021476 -0.010738 0.000000 -0.004602 0.018408 0.000000 0.004602 0.000000 0.016874 0.003068 -0.007670 0.018408 0.000000 -5.254611 20.622094 -3.746294 0.210496 -17.913668 -0.879627 0.071000 0.010000 13.908859 16.350000 0.030500 0.500000 0.032639 2.835649 0.000000 0.000000 0.000000 0.025000 0.046000 0.000000 0.010000 0.000000 0.000000 0.000000 0.000000
16.721387 1.000000 0.550783 0.303381 -0.214014 -0.408362 -0.306568 0.023142 0.036240 0.535311 -0.290498 0.219539 -0.420802 0.299090 0.016826 -0.041801 0.001534 0.000000 0.009204 0.001534 -0.001534 0.000000 -0.006136 0.004602 -0.006136 0.004602 -0.007670 -0.004602 -0.012272 0.000000 -5.129944 20.594981 -3.920910 0.106593 -17.943528 -0.934685 0.071000 0.010000 13.896502 16.350000 0.030500 0.500000 0.032639 2.833130 0.000000 0.000000 0.000000 0.025000 0.046000 0.000000 0.010000 0.000000 0.000000 0.000000 0.000000
16.796749 1.000000 0.550735 0.303309 -0.214026 -0.408362 -0.306580 0.023130 0.036228 0.534425 -0.290486 0.219527 -0.420826 0.299066 0.016730 -0.041753 -0.001534 0.013806 -0.001534 0.007670 -0.001534 0.000000 -0.012272 -0.024544 0.001534 0.004602 0.003068 -0.003068 -0.012272 0.000000 -5.022921 20.597288 -4.163457 0.182663 -17.920052 -1.089686 0.069000 0.010000 13.880199 16.350000 0.029500 0.500000 0.032641 2.829806 0.000000 0.000000 0.000000 0.024000 0.045000 0.000000 0.010000 0.000000 0.000000 0.000000 0.000000
16.844267 1.000000 0.550747 0.303321 -0.214002 -0.408362 -0.306580 0.023118 0.036252 0.534125 -0.290486 0.219539 -0.420838 0.299066 0.016754 -0.041729 -0.007670 -0.009204 0.006136 0.006136 0.000000 -0.012272 -0.006136 -0.012272 -0.012272 0.001534 -0.004602 -0.006136 0.006136 -0.018408 -4.953278 20.560544 -4.238662 0.130480 -17.945662 -1.151271 0.068000 0.010000 13.868442 16.350000 0.029000 0.500000 0.032642 2.827409 0.000000 0.000000 0.000000 0.024000 0.044000 0.000000 0.010000 0.000000 0.000000 0.000000 0.000000
16.892381 1.000000 0.550495 0.303249 -0.214002 -0.408422 -0.306604 0.023010 0.036252 0.531980 -0.290486 0.219515 -0.420982 0.299006 0.016574 -0.041693 -0.010738 -0.012272 0.010738 -0.009204 0.006136 0.012272 0.006136 -0.035282 -0.006136 0.006136 0.003068 0.000000 -0.006136 0.000000 -4.940421 20.539419 -4.246758 0.512692 -17.890211 -1.234014 0.068000 0.010000 13.843753 16.350000 0.029000 0.500000 0.032642 2.822376 0.000000 0.000000 0.000000 0.024000 0.044000 0.000000 0.010000 0.000000 0.000000 0.000000 0.000000
16.932032 1.000000 0.548638 0.303189 -0.214002 -0.408530 -0.306580 0.022734 0.036228 0.531093 -0.290474 0.219491 -0.421018 0.299006 0.016442 -0.041705 -0.019942 -0.004602 0.000000 -0.006136 0.001534 -0.006136 -0.024544 -0.016874 -0.012272 0.007670 0.004602 -0.007670 0.000000 0.006136 -4.769197 20.503671 -4.278074 0.652584 -17.880595 -1.306287 0.067000 0.010000 13.813827 16.350000 0.028500 0.500000 0.032643 2.816275 0.000000 0.000000 0.000000 0.024000 0.043000 0.000000 0.010000 0.000000 0.000000 0.000000 0.000000
16.978252 1.000000 0.548398 0.303165 -0.213990 -0.408566 -0.306568 0.022291 0.036240 0.531009 -0.290474 0.219455 -0.421114 0.299054 0.015627 -0.041705 -0.016874 0.000000 0.006136 -0.004602 0.000000 -0.012272 0.006136 0.004602 -0.010738 0.001534 -0.004602 0.003068 0.000000 0.000000 -4.555822 20.519567 -4.370907 0.699568 -17.891710 -1.318800 0.067000 0.010000 13.805894 16.350000 0.028500 0.500000 0.032643 2.814657 0.000000 0.000000 0.000000 0.024000 0.043000 0.000000 0.010000 0.000000 0.000000 0.000000 0.000000
17.014503 1.000000 0.548398 0.303165 -0.214002 -0.408578 -0.306592 0.022243 0.036240 0.530997 -0.290474 0.219479 -0.421150 0.299054 0.015556 -0.041705 -0.006136 0.013806 -0.003068 -0.007670 0.003068 0.006136 -0.006136 0.004602 -0.004602 0.010738 0.006136 0.000000 0.000000 -0.012272 -4.469503 20.507377 -4.430118 0.762283 -17.875303 -1.345397 0.067000 0.010000 13.789820 16.350000 0.028500 0.500000 0.032643 2.811380 0.000000 0.000000 0.000000 0.024000 0.043000 0.000000 0.010000 0.000000 0.000000 0.000000 0.000000
17.052653 1.000000 0.548422 0.303117 -0.213990 -0.408566 -0.306580 0.022063 0.036240 0.531021 -0.290474 0.219479 -0.421210 0.299054 0.015424 -0.041693 -0.003068 0.000000 0.003068 0.006136 0.000000 -0.006136 -0.006136 0.015340 -0.004602 0.001534 0.007670 0.000000 0.000000 0.006136 -4.360241 20.494326 -4.483458 0.794875 -17.885095 -1.354660 0.060000 0.010000 13.779854 16.350000 0.025000 0.500000 0.032650 2.809348 0.000000 0.000000 0.000000 0.022000 0.038000 0.000000 0.010000 0.000000 0.000000 0.000000 0.000000
17.093462 1.000000 0.548434 0.303129 -0.214002 -0.408590 -0.306556 0.021859 0.036240 0.531021 -0.290474 0.219479 -0.421198 0.299054 0.015400 -0.041705 -0.003068 -0.007670 -0.003068 0.000000 0.000000 0.018408 -0.006136 0.000000 0.007670 0.012272 0.009204 -0.004602 -0.006136 0.006136 -4.259218 20.467087 -4.520741 0.900445 -17.822921 -1.357055 0.060000 0.010000 13.743270 16.350000 0.025000 0.500000 0.032650 2.801890 0.000000 0.000000 0.000000 0.022000 0.038000 0.000000 0.010000 0.000000 0.000000 0.000000 0.000000
17.139385 1.000000 0.548422 0.303069 -0.214002 -0.408614 -0.306592 0.021416 0.036240 0.531021 -0.290462 0.219479 -0.421365 0.299066 0.014177 -0.041693 0.000000 0.001534 -0.006136 -0.004602 0.000000 -0.024544 -0.012272 -0.001534 0.007670 0.001534 -0.007670 -0.003068 -0.061359 0.000000 -4.186332 20.472203 -4.503765 0.953846 -17.849010 -1.200943 0.057000 0.010000 13.748940 16.350000 0.023500 0.500000 0.032653 2.803046 0.000000 0.000000 0.000000 0.023000 0.034000 0.000000 0.010000 0.000000 0.000000 0.000000 0.000000
17.184327 1.000000 0.548398 0.302997 -0.214002 -0.409213 -0.306580 0.019726 0.036240 0.530901 -0.290462 0.219479 -0.422492 0.299042 0.011409 -0.041705 -0.009204 0.000000 0.006136 -0.064427 0.007670 -0.055223 0.006136 -0.013806 0.009204 0.000000 -0.053689 0.013806 -0.092039 -0.006136 -4.189393 20.486029 -4.218127 0.904315 -17.847258 -0.824797 0.057000 0.010000 13.752916 16.350000 0.023500 0.500000 0.032653 2.803857 0.000000 0.000000 0.000000 0.023000 0.034000 0.000000 0.010000 0.000000 0.000000 0.000000 0.000000
17.242160 1.000000 0.548362 0.302781 -0.213990 -0.410616 -0.306592 0.018743 0.036228 0.530530 -0.290486 0.219455 -0.423031 0.299042 0.009947 -0.041705 -0.009204 -0.001534 0.004602 -0.096641 -0.012272 -0.049087 0.000000 -0.015340 -0.012272 0.010738 -0.035282 -0.004602 -0.085903 0.000000 -4.334146 20.472734 -3.878158 0.815369 -17.898576 -0.643641 0.236000 0.011000 13.774447 16.350000 0.112500 0.500000 0.032475 2.808246 0.000000 0.000000 0.000000 0.022000 0.036000 0.178000 0.011000 0.000000 0.000000 0.000000 0.000000
17.293981 1.000000 0.547296 0.302662 -0.213942 -0.413348 -0.306568 0.016646 0.036240 0.529918 -0.290462 0.219443 -0.424649 0.299066 0.006735 -0.041681 -0.053689 0.000000 0.007670 -0.095107 0.001534 -0.042951 -0.006136 -0.010738 0.000000 0.000000 -0.090505 0.004602 -0.042951 0.024544 -4.295328 20.471794 -3.446449 0.703407 -17.888512 -0.201731 0.236000 0.011000 13.766243 16.350000 0.112500 0.500000 0.032475 2.806574 0.000000 0.000000 0.000000 0.022000 0.036000 0.178000 0.011000 0.000000 0.000000 0.000000 0.000000
17.355303 1.000000 0.546517 0.302650 -0.213787 -0.414450 -0.306580 0.016167 0.036264 0.529823 -0.290462 0.219395 -0.425823 0.299066 0.006112 -0.041693 -0.050621 -0.004602 0.013806 -0.070563 -0.007670 -0.042951 0.012272 0.000000 -0.003068 0.003068 -0.102777 0.004602 -0.036816 0.006136 -4.396496 20.609338 -3.067820 0.346947 -17.919188 0.349147 0.234000 0.012000 13.831952 16.350000 0.111000 0.500000 0.032478 2.819970 0.000000 0.000000 0.000000 0.021000 0.037000 0.176000 0.012000 0.000000 0.000000 0.000000 0.000000
17.442506 1.000000 0.542190 0.302722 -0.210886 -0.417063 -0.306568 0.013302 0.036288 0.529895 -0.290426 0.219395 -0.431324 0.299126 0.005237 -0.041717 -0.055223 0.003068 0.023010 -0.065961 -0.021476 -0.030680 -0.006136 -0.009204 0.000000 -0.001534 -0.082835 0.000000 -0.042951 -0.018408 -3.964981 20.898298 -2.292801 -0.172811 -17.961275 1.455608 0.222000 0.012000 13.920284 16.350000 0.105000 0.500000 0.032490 2.837978 0.000000 0.000000 0.000000 0.019000 0.032000 0.171000 0.012000 0.000000 0.000000 0.000000 0.000000
17.522550 1.000000 0.541939 0.302829 -0.210862 -0.420538 -0.306568 0.011852 0.036288 0.526803 -0.290090 0.219012 -0.432714 0.299354 0.004230 -0.041789 0.001534 0.012272 -0.019942 -0.001534 -0.007670 -0.042951 0.024544 -0.072097 0.000000 0.000000 0.000000 0.030680 0.012272 -0.018408 -4.245232 20.967072 -1.698765 0.334463 -17.949059 1.739378 0.222000 0.012000 13.963530 16.350000 0.105000 0.500000 0.032490 2.846795 0.000000 0.000000 0.000000 0.019000 0.032000 0.171000 0.012000 0.000000 0.000000 0.000000 0.000000
17.572779 1.000000 0.541939 0.302805 -0.210874 -0.420586 -0.306592 0.011577 0.036276 0.526263 -0.290102 0.218820 -0.432678 0.299378 0.004338 -0.041801 0.004602 -0.006136 -0.001534 0.000000 0.001534 -0.018408 -0.006136 -0.062893 -0.004602 -0.016874 0.000000 0.000000 -0.012272 -0.018408 -4.322897 20.971072 -1.402528 0.373064 -17.958687 1.995652 0.227000 0.012000 13.974324 16.350000 0.107500 0.500000 0.032485 2.848996 0.000000 0.000000 0.000000 0.019000 0.033000 0.175000 0.012000 0.000000 0.000000 0.000000 0.000000
17.631503 1.000000 0.542226 0.302997 -0.210815 -0.420491 -0.306580 0.011589 0.036276 0.526623 -0.290066 0.218724 -0.432595 0.299630 0.005321 -0.041777 0.001534 -0.012272 0.006136 -0.007670 -0.010738 0.000000 0.000000 0.009204 -0.004602 0.003068 0.004602 0.001534 0.012272 0.000000 -4.372779 20.979613 -1.138484 0.118325 -17.938778 2.048476 0.234000 0.012000 13.973896 16.350000 0.111000 0.500000 0.032478 2.848909 0.000000 0.000000 0.000000 0.018000 0.033000 0.183000 0.012000 0.000000 0.000000 0.000000 0.000000
17.697709 1.000000 0.542514 0.303129 -0.210826 -0.420550 -0.306604 0.011481 0.036264 0.526539 -0.290054 0.218688 -0.432631 0.299989 0.005728 -0.041777 0.000000 -0.004602 -0.019942 0.003068 -0.021476 -0.006136 0.000000 -0.009204 -0.001534 0.006136 0.001534 0.003068 0.000000 0.000000 -4.340590 20.957529 -0.947309 0.179339 -17.919787 2.188755 0.234000 0.012000 13.957164 16.350000 0.111000 0.500000 0.032478 2.845497 0.000000 0.000000 0.000000 0.018000 0.033000 0.183000 0.012000 0.000000 0.000000 0.000000 0.000000
17.754160 1.000000 0.542502 0.303129 -0.210826 -0.420562 -0.306580 0.011145 0.036276 0.526503 -0.290090 0.218676 -0.432619 0.299977 0.005716 -0.041777 0.000000 -0.007670 0.018408 0.001534 -0.010738 -0.036816 0.000000 0.007670 -0.015340 -0.004602 -0.010738 -0.006136 0.000000 0.000000 -4.393155 21.025214 -0.773720 0.131304 -17.956260 2.264171 0.245000 0.012000 13.998250 16.350000 0.116500 0.500000 0.032467 2.853874 0.000000 0.000000 0.000000 0.016000 0.032000 0.197000 0.012000 0.000000 0.000000 0.000000 0.000000
17.816978 1.000000 0.542502 0.303129 -0.210791 -0.420910 -0.306592 0.008605 0.036276 0.526515 -0.290090 0.218700 -0.432619 0.299965 0.005704 -0.041789 -0.012272 0.000000 -0.012272 -0.015340 -0.001534 -0.030680 0.000000 0.004602 -0.001534 0.007670 0.007670 -0.006136 0.000000 -0.018408 -4.397210 21.012757 -0.509012 0.145904 -17.928605 2.298191 0.256000 0.012000 13.985059 16.350000 0.122000 0.500000 0.032456 2.851184 0.000000 0.000000 0.000000 0.016000 0.032000 0.208000 0.012000 0.000000 0.000000 0.000000 0.000000
17.897514 1.000000 0.542514 0.303117 -0.210707 -0.421521 -0.306604 0.006627 0.036288 0.526443 -0.290078 0.218556 -0.432631 0.299965 0.005657 -0.041777 -0.012272 -0.009204 -0.003068 -0.006136 0.000000 0.012272 0.012272 0.032214 0.003068 0.018408 0.000000 -0.039884 0.006136 0.006136 -4.497206 21.051536 -0.306491 0.075420 -17.909784 2.329009 0.256000 0.012000 14.001412 16.350000 0.122000 0.500000 0.032456 2.854518 0.000000 0.000000 0.000000 0.016000 0.032000 0.208000 0.012000 0.000000 0.000000 0.000000 0.000000
17.977640 1.000000 0.542526 0.303141 -0.210707 -0.421581 -0.306604 0.006519 0.036276 0.526359 -0.290078 0.218544 -0.432631 0.299953 0.005657 -0.041789 0.003068 -0.016874 0.018408 -0.013806 -0.003068 -0.018408 0.000000 0.003068 0.007670 0.019942 0.015340 -0.012272 0.012272 0.000000 -4.743731 21.090511 -0.022067 0.184677 -17.906095 2.348361 0.253000 0.012000 14.035446 16.350000 0.120500 0.500000 0.032459 2.861457 0.000000 0.000000 0.000000 0.016000 0.031000 0.206000 0.012000 0.000000 0.000000 0.000000 0.000000
18.048559 1.000000 0.542586 0.303177 -0.210695 -0.424817 -0.306592 0.005309 0.036276 0.526179 -0.290090 0.218017 -0.432643 0.299893 0.005537 -0.041825 0.000000 0.000000 0.001534 -0.050621 0.006136 0.000000 -0.006136 0.004602 0.004602 0.004602 -0.012272 -0.018408 0.024544 0.000000 -5.106204 21.092350 0.565447 0.112040 -17.925874 2.508581 0.204000 0.012000 14.074002 16.350000 0.096000 0.500000 0.032508 2.869317 0.000000 0.000000 0.000000 0.013000 0.000000 0.191000 0.012000 0.000000 0.000000 0.000000 0.000000
18.100693 1.000000 0.542849 0.303213 -0.210683 -0.428808 -0.306544 0.004171 0.036264 0.526107 -0.290078 0.217334 -0.432643 0.299977 0.005321 -0.041885 -0.004602 0.024544 0.012272 -0.004602 0.003068 0.000000 -0.006136 0.000000 0.000000 0.003068 -0.006136 -0.016874 0.000000 0.012272 -5.409027 21.188722 0.959633 0.289427 -17.978380 2.484732 0.204000 0.012000 14.155612 16.350000 0.096000 0.500000 0.032508 2.885956 0.000000 0.000000 0.000000 0.013000 0.000000 0.191000 0.012000 0.000000 0.000000 0.000000 0.000000
18.160519 1.000000 0.542897 0.303189 -0.210707 -0.428820 -0.306580 0.004075 0.036276 0.526179 -0.290090 0.217334 -0.432643 0.300001 0.005513 -0.041897 -0.001534 -0.012272 0.006136 0.003068 -0.003068 -0.006136 0.000000 -0.015340 -0.004602 -0.007670 -0.006136 -0.016874 0.000000 0.000000 -5.685098 21.102454 1.388118 0.302530 -18.058138 2.487042 0.168000 0.012000 14.175875 16.350000 0.078000 0.500000 0.032544 2.890087 0.000000 0.000000 0.000000 0.000000 0.000000 0.168000 0.012000 0.000000 0.000000 0.000000 0.000000
18.222129 1.000000 0.544623 0.303225 -0.210791 -0.429335 -0.306568 0.003787 0.036252 0.526335 -0.290198 0.217274 -0.432427 0.299965 0.006400 -0.041981 -0.001534 0.007670 0.006136 -0.039884 0.001534 0.000000 0.006136 -0.001534 0.004602 0.010738 0.000000 0.003068 0.000000 0.000000 -6.198148 21.104744 1.943373 0.230813 -18.093717 2.430468 0.158000 0.012000 14.241341 16.350000 0.073000 0.500000 0.032554 2.903433 0.000000 0.000000 0.000000 0.000000 0.000000 0.158000 0.012000 0.000000 0.000000 0.000000 0.000000
18.272301 1.000000 0.544635 0.303225 -0.210826 -0.429778 -0.306568 0.003775 0.036240 0.526407 -0.290210 0.217154 -0.432307 0.300001 0.006591 -0.042005 -0.010738 -0.012272 0.019942 -0.041417 -0.006136 0.006136 0.000000 0.015340 0.004602 0.000000 0.009204 0.013806 0.018408 -0.006136 -6.433612 21.093820 2.195448 0.179132 -18.159448 2.388287 0.158000 0.012000 14.284066 16.350000 0.073000 0.500000 0.032554 2.912144 0.000000 0.000000 0.000000 0.000000 0.000000 0.158000 0.012000 0.000000 0.000000 0.000000 0.000000
18.338917 1.000000 0.544599 0.303201 -0.210838 -0.430234 -0.306533 0.003787 0.036240 0.526431 -0.290222 0.217142 -0.432367 0.300001 0.006555 -0.041993 0.000000 -0.004602 -0.015340 -0.021476 -0.009204 0.000000 0.006136 0.010738 0.007670 0.009204 0.016874 -0.015340 0.000000 0.006136 -6.749412 21.058376 2.438291 0.201240 -18.144677 2.392336 0.146000 0.012000 14.302793 16.350000 0.067000 0.500000 0.032566 2.915962 0.000000 0.000000 0.000000 0.000000 0.000000 0.146000 0.012000 0.000000 0.000000 0.000000 0.000000
18.399934 1.000000 0.544623 0.303225 -0.210826 -0.430294 -0.306556 0.003787 0.036228 0.526395 -0.290234 0.217130 -0.432367 0.299977 0.006543 -0.041981 0.019942 0.007670 -0.009204 -0.004602 -0.018408 0.000000 0.006136 -0.001534 0.001534 0.004602 0.016874 -0.019942 0.006136 0.000000 -6.948847 21.100882 2.552338 0.294797 -18.171445 2.309018 0.146000 0.012000 14.351150 16.350000 0.067000 0.500000 0.032566 2.925821 0.000000 0.000000 0.000000 0.000000 0.000000 0.146000 0.012000 0.000000 0.000000 0.000000 0.000000
18.459924 1.000000 0.544599 0.303189 -0.210874 -0.430689 -0.306556 0.003487 0.036216 0.526335 -0.290222 0.217142 -0.432415 0.299977 0.006436 -0.041945 -0.007670 -0.024544 -0.027612 -0.018408 -0.009204 -0.049087 -0.012272 0.000000 0.004602 0.004602 0.009204 -0.006136 0.018408 0.024544 -6.919425 21.018239 2.798795 0.260801 -18.086790 2.323341 0.149000 0.017000 14.290248 16.350000 0.066000 0.500000 0.032568 2.913404 0.000000 0.000000 0.000000 0.000000 0.000000 0.149000 0.012000 0.000000 0.000000 0.000000 0.005000
18.518421 1.000000 0.544551 0.303141 -0.210850 -0.432619 -0.306556 0.002373 0.036228 0.526311 -0.290198 0.217142 -0.432559 0.300001 0.005237 -0.041981 -0.003068 0.000000 0.004602 -0.038350 -0.004602 -0.012272 0.000000 -0.004602 -0.003068 0.006136 -0.010738 -0.004602 -0.061359 -0.006136 -7.188331 21.124752 3.108198 0.222697 -18.172316 2.483844 0.149000 0.020000 14.389318 16.350000 0.064500 0.500000 0.032571 2.933602 0.000000 0.000000 0.000000 0.000000 0.000000 0.149000 0.011000 0.000000 0.000000 0.000000 0.009000
18.565302 1.000000 0.544563 0.303117 -0.210838 -0.433266 -0.306568 0.002301 0.036228 0.526299 -0.290198 0.217142 -0.432643 0.300001 0.004386 -0.041981 0.001534 -0.007670 0.000000 -0.047553 0.003068 0.000000 0.000000 -0.006136 0.000000 0.000000 0.000000 -0.009204 -0.030680 0.000000 -7.385321 21.099490 3.348277 0.169951 -18.218420 2.513123 0.146000 0.020000 14.419355 16.350000 0.063000 0.500000 0.032574 2.939726 0.000000 0.000000 0.000000 0.000000 0.000000 0.146000 0.011000 0.000000 0.000000 0.000000 0.009000
18.627807 1.000000 0.544503 0.303045 -0.210779 -0.433997 -0.306592 0.001917 0.036252 0.526167 -0.290150 0.217142 -0.433158 0.300109 0.002852 -0.041957 0.007670 -0.009204 0.007670 -0.006136 -0.016874 0.012272 0.018408 -0.018408 -0.003068 0.001534 -0.032214 -0.004602 0.006136 0.000000 -7.498649 21.114076 3.513106 0.298778 -18.204211 2.669104 0.160000 0.027000 14.435343 16.350000 0.066500 0.500000 0.032567 2.942985 0.000000 0.000000 0.000000 0.017000 0.000000 0.143000 0.010000 0.000000 0.000000 0.000000 0.017000
18.673983 1.000000 0.544479 0.302997 -0.210779 -0.433997 -0.306580 0.001905 0.036228 0.526155 -0.290162 0.217142 -0.433254 0.300097 0.002828 -0.041957 -0.001534 -0.009204 0.003068 0.003068 -0.009204 0.000000 -0.012272 0.000000 0.003068 -0.001534 -0.007670 0.001534 0.000000 0.012272 -7.589648 21.086267 3.659479 0.250325 -18.196992 2.754066 0.160000 0.027000 14.434564 16.350000 0.066500 0.500000 0.032567 2.942827 0.000000 0.000000 0.000000 0.017000 0.000000 0.143000 0.010000 0.000000 0.000000 0.000000 0.017000
18.724262 1.000000 0.543485 0.302602 -0.210767 -0.434033 -0.306580 0.001894 0.036252 0.525856 -0.290042 0.217142 -0.434356 0.300097 0.001882 -0.041969 -0.056757 -0.019942 0.016874 -0.004602 -0.015340 0.012272 0.006136 -0.030680 -0.012272 0.003068 -0.021476 -0.006136 0.012272 -0.012272 -7.283771 21.049456 3.753815 0.336560 -18.214007 2.907721 0.160000 0.036000 14.387462 16.350000 0.062000 0.500000 0.032576 2.933224 0.000000 0.000000 0.000000 0.017000 0.000000 0.143000 0.010000 0.000000 0.000000 0.000000 0.026000
18.788746 1.000000 0.541112 0.302254 -0.210743 -0.433637 -0.306604 0.004290 0.036276 0.525748 -0.290018 0.217070 -0.434320 0.300073 0.002097 -0.041957 -0.003068 0.018408 0.001534 0.018408 0.000000 0.042951 0.000000 0.023010 -0.016874 0.004602 0.024544 -0.019942 0.000000 0.006136 -7.071288 21.019281 3.487164 0.121240 -18.239355 2.872865 0.151000 0.036000 14.357072 16.350000 0.057500 0.500000 0.032585 2.927028 0.000000 0.000000 0.000000 0.018000 0.018000 0.115000 0.010000 0.000000 0.000000 0.000000 0.026000
18.839394 1.000000 0.541112 0.302206 -0.210731 -0.433350 -0.306628 0.005273 0.036288 0.525880 -0.290006 0.217082 -0.434320 0.299953 0.002373 -0.041957 -0.019942 -0.009204 0.010738 0.033748 0.001534 0.085903 0.006136 0.007670 0.006136 -0.001534 -0.003068 0.004602 0.024544 0.000000 -6.765477 20.923711 3.330377 0.137376 -18.197407 2.998663 0.153000 0.029000 14.271807 16.350000 0.062000 0.500000 0.032576 2.909645 0.000000 0.000000 0.000000 0.017000 0.020000 0.116000 0.010000 0.000000 0.000000 0.000000 0.019000
18.879244 1.000000 0.541136 0.302182 -0.210707 -0.432271 -0.306604 0.008197 0.036300 0.527342 -0.290030 0.217118 -0.433793 0.300001 0.005501 -0.041957 -0.029146 0.000000 -0.009204 0.036816 -0.001534 0.036816 0.018408 0.000000 0.000000 0.000000 -0.016874 -0.012272 0.049087 0.000000 -6.505480 20.863404 3.150730 0.092643 -18.158472 2.993176 0.153000 0.029000 14.206878 16.350000 0.062000 0.500000 0.032576 2.896407 0.000000 0.000000 0.000000 0.017000 0.020000 0.116000 0.010000 0.000000 0.000000 0.000000 0.019000
18.921426 1.000000 0.541160 0.302242 -0.210695 -0.431432 -0.306628 0.008701 0.036276 0.527462 -0.290030 0.217142 -0.433673 0.299965 0.006160 -0.041957 0.001534 -0.030680 0.007670 0.088971 0.000000 0.012272 -0.006136 0.016874 0.001534 0.009204 0.007670 -0.004602 0.049087 0.000000 -6.351948 20.858769 2.862547 0.035591 -18.145900 2.871797 0.153000 0.024000 14.183709 16.350000 0.064500 0.500000 0.032571 2.891684 0.000000 0.000000 0.000000 0.017000 0.020000 0.116000 0.010000 0.000000 0.000000 0.000000 0.014000
18.977504 1.000000 0.541148 0.302122 -0.210707 -0.427417 -0.307575 0.011553 0.036288 0.527881 -0.290114 0.217214 -0.433421 0.299809 0.007442 -0.041945 -0.019942 0.000000 0.012272 0.016874 -0.012272 -0.006136 0.006136 0.004602 0.003068 0.000000 -0.003068 -0.013806 0.018408 -0.006136 -5.891470 20.793823 2.536461 0.000018 -18.147254 2.832624 0.144000 0.024000 14.110416 16.350000 0.060000 0.500000 0.032580 2.876741 0.000000 0.000000 0.000000 0.018000 0.021000 0.105000 0.010000 0.000000 0.000000 0.000000 0.014000
19.035127 1.000000 0.541184 0.302110 -0.210731 -0.427310 -0.307599 0.011816 0.036276 0.528085 -0.290162 0.217214 -0.433326 0.299713 0.007598 -0.041933 -0.006136 0.004602 0.012272 0.004602 -0.004602 0.018408 0.000000 0.000000 -0.007670 -0.009204 0.000000 -0.003068 -0.006136 0.006136 -5.551153 20.874246 1.992076 0.036306 -18.157289 2.763038 0.155000 0.013000 14.108844 16.350000 0.071000 0.500000 0.032558 2.876421 0.000000 0.000000 0.000000 0.020000 0.026000 0.109000 0.010000 0.000000 0.000000 0.000000 0.003000
19.080716 1.000000 0.541184 0.302170 -0.210755 -0.426051 -0.307455 0.013698 0.036276 0.528492 -0.290186 0.217310 -0.430497 0.299713 0.009036 -0.041933 -0.007670 0.001534 0.000000 0.033748 -0.001534 0.024544 -0.012272 0.006136 0.000000 0.015340 0.039884 -0.001534 0.000000 -0.006136 -5.260579 20.794799 1.517379 0.032587 -18.125395 2.383971 0.155000 0.013000 14.041264 16.350000 0.071000 0.500000 0.032558 2.862643 0.000000 0.000000 0.000000 0.020000 0.026000 0.109000 0.010000 0.000000 0.000000 0.000000 0.003000
19.114410 1.000000 0.541148 0.302182 -0.210815 -0.421557 -0.307515 0.015424 0.036276 0.528780 -0.290186 0.217430 -0.428220 0.299642 0.011145 -0.041909 -0.018408 -0.026078 0.009204 0.107379 -0.010738 0.030680 0.000000 0.007670 0.000000 0.007670 0.042951 -0.012272 0.024544 -0.006136 -4.929528 20.722673 0.962436 0.125719 -18.116684 2.073074 0.155000 0.013000 13.981769 16.350000 0.071000 0.500000 0.032558 2.850514 0.000000 0.000000 0.000000 0.020000 0.026000 0.109000 0.010000 0.000000 0.000000 0.000000 0.003000
19.151421 1.000000 0.541148 0.302206 -0.210850 -0.420598 -0.307551 0.015831 0.036276 0.528852 -0.290186 0.217586 -0.427334 0.299606 0.011469 -0.041873 -0.015340 -0.001534 -0.018408 0.078233 -0.016874 0.030680 0.012272 0.024544 0.004602 0.030680 0.096641 -0.019942 0.030680 0.000000 -4.614545 20.705673 0.488017 0.216437 -18.081406 1.605044 0.156000 0.011000 13.937387 16.350000 0.072500 0.500000 0.032555 2.841465 0.000000 0.000000 0.000000 0.021000 0.026000 0.109000 0.010000 0.000000 0.000000 0.001000 0.000000
19.222781 1.000000 0.541268 0.302350 -0.210898 -0.418393 -0.307383 0.020577 0.036264 0.529092 -0.290198 0.218604 -0.420323 0.299570 0.013506 -0.041777 -0.001534 -0.004602 -0.012272 0.065961 0.003068 0.049087 -0.018408 0.024544 0.001534 0.033748 0.030680 -0.001534 0.073631 0.000000 -4.047535 20.704686 -0.637757 0.730830 -17.863874 0.472155 0.156000 0.011000 13.826774 16.350000 0.072500 0.500000 0.032555 2.818914 0.000000 0.000000 0.000000 0.021000 0.026000 0.109000 0.009000 0.000000 0.000000 0.002000 0.000000
19.272984 1.000000 0.541339 0.302506 -0.210910 -0.416943 -0.307491 0.020841 0.036264 0.529499 -0.290198 0.219323 -0.420287 0.299558 0.014741 -0.041765 -0.003068 -0.010738 0.000000 -0.006136 0.003068 0.000000 -0.018408 -0.006136 -0.006136 0.006136 -0.007670 0.004602 0.000000 0.000000 -3.778101 20.677261 -0.952942 1.043901 -17.877380 0.046954 0.159000 0.011000 13.806824 16.350000 0.074000 0.500000 0.032552 2.814847 0.000000 0.000000 0.000000 0.021000 0.028000 0.110000 0.009000 0.000000 0.000000 0.002000 0.000000
19.305438 1.000000 0.541339 0.302518 -0.210910 -0.416931 -0.307479 0.020841 0.036264 0.529523 -0.290174 0.219311 -0.420287 0.299558 0.014789 -0.041753 -0.001534 -0.015340 0.007670 0.007670 0.004602 0.000000 0.000000 0.007670 0.007670 0.003068 0.004602 -0.006136 0.000000 0.012272 -3.639898 20.738730 -1.242057 1.096519 -17.866668 -0.255149 0.159000 0.011000 13.818140 16.350000 0.074000 0.500000 0.032552 2.817154 0.000000 0.000000 0.000000 0.021000 0.028000 0.110000 0.009000 0.000000 0.000000 0.002000 0.000000
19.350612 1.000000 0.541363 0.302518 -0.210886 -0.416847 -0.307479 0.020865 0.036264 0.529619 -0.290198 0.219323 -0.420275 0.299570 0.016071 -0.041777 0.001534 0.010738 0.004602 0.000000 -0.007670 0.012272 -0.006136 0.013806 0.001534 0.003068 0.003068 0.000000 0.030680 -0.006136 -3.499642 20.780490 -1.562088 1.205679 -17.859866 -0.632009 0.167000 0.014000 13.824839 16.350000 0.076500 0.500000 0.032547 2.818520 0.000000 0.000000 0.000000 0.019000 0.030000 0.118000 0.009000 0.000000 0.000000 0.005000 0.000000
19.407152 1.000000 0.541363 0.302494 -0.210910 -0.416739 -0.307479 0.020936 0.036264 0.529715 -0.290198 0.219323 -0.420263 0.299582 0.016538 -0.041777 0.006136 -0.019942 0.009204 0.015340 0.006136 0.012272 -0.012272 -0.006136 -0.001534 0.006136 -0.006136 0.000000 0.042951 -0.006136 -3.298548 20.751557 -1.981082 1.483555 -17.826142 -0.989160 0.167000 0.014000 13.797462 16.350000 0.076500 0.500000 0.032547 2.812938 0.000000 0.000000 0.000000 0.019000 0.030000 0.118000 0.009000 0.000000 0.000000 0.005000 0.000000
19.451974 1.000000 0.542466 0.302590 -0.211138 -0.414894 -0.307299 0.022650 0.036276 0.537205 -0.290330 0.219551 -0.419963 0.299630 0.020972 -0.041729 0.021476 -0.012272 -0.010738 0.003068 0.003068 0.024544 0.006136 0.088971 0.004602 0.029146 0.024544 0.000000 -0.012272 -0.006136 -3.249488 20.708400 -2.291429 0.574498 -17.787879 -1.240251 0.174000 0.017000 13.748961 16.350000 0.078500 0.500000 0.032543 2.803050 0.000000 0.000000 0.000000 0.018000 0.031000 0.125000 0.009000 0.000000 0.000000 0.008000 0.000000
19.524212 1.000000 0.542682 0.302614 -0.211126 -0.414630 -0.307264 0.022698 0.036276 0.538068 -0.290354 0.219923 -0.419640 0.299606 0.021164 -0.041693 0.015340 -0.016874 0.012272 0.004602 -0.004602 0.000000 0.000000 0.041417 0.003068 0.026078 0.021476 -0.012272 0.000000 0.006136 -3.105963 20.785861 -2.633558 0.037570 -17.754181 -1.409526 0.174000 0.015000 13.756011 16.350000 0.079500 0.500000 0.032541 2.804488 0.000000 0.000000 0.000000 0.018000 0.031000 0.125000 0.009000 0.000000 0.000000 0.006000 0.000000
19.560422 1.000000 0.542801 0.302626 -0.211114 -0.414199 -0.307108 0.022734 0.036264 0.538607 -0.290414 0.220438 -0.418118 0.299642 0.021236 -0.041633 0.000000 0.003068 0.016874 -0.009204 0.000000 0.000000 0.000000 0.007670 -0.003068 0.000000 0.026078 -0.001534 0.012272 0.000000 -3.031365 20.812093 -2.729834 -0.018276 -17.773118 -1.623209 0.173000 0.015000 13.767865 16.350000 0.079000 0.500000 0.032542 2.806904 0.000000 0.000000 0.000000 0.017000 0.031000 0.125000 0.009000 0.000000 0.000000 0.006000 0.000000
19.599334 1.000000 0.542849 0.302614 -0.211138 -0.413875 -0.307084 0.022734 0.036264 0.538631 -0.290438 0.220486 -0.417854 0.299642 0.021236 -0.041633 -0.015340 0.010738 -0.010738 0.006136 -0.007670 -0.006136 -0.006136 0.000000 -0.001534 -0.001534 0.015340 -0.010738 0.006136 -0.012272 -2.979929 20.783744 -2.861601 -0.169451 -17.767756 -1.742935 0.173000 0.015000 13.752871 16.350000 0.079000 0.500000 0.032542 2.803847 0.000000 0.000000 0.000000 0.017000 0.031000 0.125000 0.009000 0.000000 0.000000 0.006000 0.000000
19.632865 1.000000 0.542885 0.302614 -0.211114 -0.413779 -0.307096 0.022734 0.036276 0.538631 -0.290462 0.220546 -0.417686 0.299642 0.021248 -0.041609 0.001534 -0.003068 0.016874 0.015340 -0.004602 -0.006136 0.006136 -0.003068 -0.010738 0.013806 0.012272 -0.003068 0.006136 0.000000 -2.974277 20.832112 -3.004266 -0.292773 -17.747370 -1.840962 0.171000 0.015000 13.764793 16.350000 0.078000 0.500000 0.032544 2.806278 0.000000 0.000000 0.000000 0.017000 0.031000 0.123000 0.009000 0.000000 0.000000 0.006000 0.000000
19.687996 1.000000 0.542909 0.302626 -0.211138 -0.413564 -0.307084 0.022746 0.036264 0.538691 -0.290498 0.220737 -0.417147 0.299642 0.021272 -0.041609 0.006136 0.006136 -0.001534 0.006136 -0.001534 0.000000 -0.012272 0.016874 0.007670 0.004602 0.007670 -0.010738 0.006136 0.000000 -2.929157 20.818975 -3.166720 -0.452007 -17.718202 -2.068074 0.171000 0.015000 13.749079 16.350000 0.078000 0.500000 0.032544 2.803074 0.000000 0.000000 0.000000 0.017000 0.031000 0.123000 0.009000 0.000000 0.000000 0.006000 0.000000
19.732318 1.000000 0.542897 0.302626 -0.211138 -0.413516 -0.307096 0.022746 0.036276 0.538691 -0.290498 0.220737 -0.417039 0.299642 0.021272 -0.041609 -0.019942 -0.012272 -0.003068 0.000000 0.006136 -0.006136 0.012272 0.013806 0.000000 -0.006136 0.003068 0.001534 0.000000 0.000000 -2.817583 20.810667 -3.237679 -0.511393 -17.751676 -2.172728 0.172000 0.016000 13.751420 16.350000 0.078000 0.500000 0.032544 2.803551 0.000000 0.000000 0.000000 0.018000 0.031000 0.123000 0.009000 0.000000 0.000000 0.007000 0.000000
19.779349 1.000000 0.542897 0.302614 -0.211174 -0.413420 -0.307120 0.022758 0.036276 0.538679 -0.290558 0.220773 -0.416955 0.299606 0.021284 -0.041597 -0.001534 -0.015340 0.009204 -0.003068 0.001534 0.006136 0.006136 0.012272 -0.019942 0.004602 0.003068 0.009204 0.030680 0.006136 -2.841006 20.838502 -3.343685 -0.575803 -17.759940 -2.307092 0.172000 0.016000 13.766458 16.350000 0.078000 0.500000 0.032544 2.806617 0.000000 0.000000 0.000000 0.018000 0.031000 0.123000 0.009000 0.000000 0.000000 0.007000 0.000000
19.838090 1.000000 0.542921 0.302614 -0.211162 -0.413408 -0.307144 0.022758 0.036264 0.538727 -0.290570 0.220881 -0.416823 0.299606 0.021284 -0.041597 0.013806 -0.004602 0.007670 -0.001534 0.004602 0.012272 0.000000 0.003068 0.000000 0.003068 0.007670 0.013806 0.000000 0.006136 -2.853419 20.863105 -3.436068 -0.548566 -17.749543 -2.460573 0.174000 0.017000 13.772784 16.350000 0.078500 0.500000 0.032543 2.807907 0.000000 0.000000 0.000000 0.018000 0.032000 0.124000 0.009000 0.000000 0.000000 0.008000 0.000000
19.898517 1.000000 0.542897 0.302626 -0.211174 -0.413408 -0.307144 0.022746 0.036264 0.538727 -0.290570 0.220941 -0.416727 0.299570 0.021296 -0.041597 -0.013806 0.001534 0.015340 0.003068 0.000000 0.000000 0.000000 0.003068 -0.001534 0.021476 0.009204 0.000000 -0.006136 0.012272 -2.746984 20.879831 -3.472550 -0.619303 -17.732418 -2.506395 0.174000 0.017000 13.768946 16.350000 0.078500 0.500000 0.032543 2.807124 0.000000 0.000000 0.000000 0.018000 0.032000 0.124000 0.009000 0.000000 0.000000 0.008000 0.000000
19.946646 1.000000 0.542897 0.302626 -0.211162 -0.413408 -0.307156 0.022746 0.036288 0.538727 -0.290641 0.221445 -0.416212 0.299582 0.021356 -0.041609 -0.012272 -0.035282 0.004602 -0.001534 0.001534 0.000000 0.000000 0.003068 0.006136 0.015340 0.013806 -0.047553 0.000000 -0.012272 -2.735222 20.795536 -3.512994 -0.614307 -17.696803 -2.622435 0.171000 0.017000 13.724886 16.350000 0.077000 0.500000 0.032546 2.798142 0.000000 0.000000 0.000000 0.018000 0.032000 0.121000 0.009000 0.000000 0.000000 0.008000 0.000000
20.021796 2.000000 0.542897 0.302638 -0.211150 -0.413384 -0.307204 0.022734 0.036276 0.538727 -0.290665 0.221912 -0.416008 0.299606 0.021380 -0.041609 -0.010738 0.006136 0.000000 0.006136 0.009204 -0.006136 0.000000 0.000000 -0.003068 0.013806 0.009204 -0.006136 0.000000 0.006136 2.241525 -0.039904 -3.880673 -0.792480 0.420643 -3.601148 0.171000 0.019000 1.207372 16.350000 0.076000 0.500000 0.032548 0.246151 0.000000 0.000000 0.000000 0.019000 0.032000 0.120000 0.009000 0.000000 0.000000 0.010000 0.000000
20.189963 2.000000 0.542873 0.302614 -0.211150 -0.413348 -0.307240 0.022746 0.036276 0.538691 -0.290689 0.221936 -0.415925 0.299606 0.021356 -0.041633 -0.003068 -0.021476 -0.003068 -0.001534 -0.006136 0.000000 0.000000 0.013806 -0.003068 0.007670 -0.006136 -0.018408 -0.024544 -0.012272 2.246926 -0.072909 -3.947106 -0.825441 0.595068 -3.807382 0.172000 0.019000 1.233841 16.350000 0.076500 0.500000 0.032547 0.251548 0.000000 0.000000 0.000000 0.019000 0.032000 0.121000 0.009000 0.000000 0.000000 0.010000 0.000000
20.252737 2.000000 0.542897 0.302638 -0.211174 -0.413360 -0.307252 0.022758 0.036276 0.538679 -0.290701 0.221948 -0.415805 0.299582 0.021416 -0.041621 -0.006136 0.010738 0.000000 0.004602 -0.009204 0.000000 0.006136 0.006136 -0.003068 0.004602 0.004602 0.003068 0.012272 -0.006136 2.248785 -0.017335 -3.946519 -0.807474 0.611595 -3.853494 0.169000 0.019000 1.233227 16.350000 0.075000 0.492113 0.032550 0.251422 0.000000 0.000000 0.000000 0.019000 0.032000 0.118000 0.009000 0.000000 0.000000 0.010000 0.000000
20.310040 2.000000 0.542885 0.302614 -0.211150 -0.413360 -0.307264 0.022746 0.036264 0.538679 -0.290701 0.221948 -0.415697 0.299570 0.021416 -0.041609 0.001534 0.000000 0.026078 -0.003068 0.000000 0.012272 -0.006136 0.001534 -0.012272 0.006136 0.012272 -0.007670 0.006136 0.012272 2.243308 -0.002133 -3.944800 -0.805566 0.620915 -3.850907 0.169000 0.019000 1.231555 16.350000 0.075000 0.472828 0.032550 0.251082 0.000000 0.000000 0.000000 0.019000 0.032000 0.118000 0.009000 0.000000 0.000000 0.010000 0.000000
20.368130 2.000000 0.542897 0.302626 -0.211126 -0.413336 -0.307264 0.022734 0.036276 0.538727 -0.290713 0.222343 -0.414906 0.299606 0.021500 -0.041609 -0.006136 0.004602 -0.009204 0.006136 -0.013806 -0.006136 0.000000 0.009204 -0.004602 0.010738 0.004602 0.001534 -0.006136 0.000000 2.255581 -0.048712 -3.949716 -0.769033 0.644227 -3.935040 0.165000 0.019000 1.234550 16.350000 0.073000 0.440939 0.032554 0.251692 0.000000 0.000000 0.000000 0.018000 0.032000 0.115000 0.009000 0.000000 0.000000 0.010000 0.000000
20.410197 2.000000 0.542897 0.302638 -0.211126 -0.413336 -0.307264 0.022746 0.036276 0.538727 -0.290713 0.222343 -0.414822 0.299594 0.021512 -0.041609 0.000000 -0.001534 0.007670 0.007670 -0.004602 0.000000 0.000000 0.001534 -0.004602 0.003068 0.003068 -0.023010 0.018408 0.000000 2.273504 -0.020463 -4.002288 -0.724377 0.637383 -3.984179 0.165000 0.019000 1.234931 16.350000 0.073000 0.411334 0.032554 0.251770 0.000000 0.000000 0.000000 0.018000 0.032000 0.115000 0.009000 0.000000 0.000000 0.010000 0.000000
20.453744 2.000000 0.542897 0.302650 -0.211174 -0.413288 -0.307264 0.022734 0.036276 0.538751 -0.290821 0.222343 -0.414582 0.299618 0.021548 -0.041597 -0.001534 0.018408 0.010738 0.003068 0.000000 -0.012272 0.000000 0.021476 -0.007670 0.000000 0.004602 -0.009204 0.006136 0.012272 2.268060 0.002150 -3.964755 -0.756830 0.627734 -4.025493 0.163000 0.019000 1.236016 16.350000 0.072000 0.373706 0.032556 0.251991 0.000000 0.000000 0.000000 0.018000 0.032000 0.113000 0.009000 0.000000 0.000000 0.010000 0.000000
20.490933 2.000000 0.542897 0.302614 -0.211162 -0.413288 -0.307288 0.022734 0.036276 0.538751 -0.290833 0.222343 -0.414534 0.299570 0.021560 -0.041633 0.000000 0.000000 0.003068 0.001534 0.003068 -0.006136 -0.018408 0.013806 0.001534 0.006136 0.000000 0.003068 0.024544 -0.018408 2.262612 -0.041133 -3.965419 -0.715251 0.644389 -4.055312 0.163000 0.019000 1.229627 16.350000 0.072000 0.336493 0.032556 0.250688 0.000000 0.000000 0.000000 0.018000 0.032000 0.113000 0.009000 0.000000 0.000000 0.010000 0.000000
20.543071 2.000000 0.542897 0.302614 -0.211162 -0.413300 -0.307299 0.022746 0.036276 0.538751 -0.290833 0.222343 -0.414510 0.299582 0.021548 -0.041621 0.000000 0.015340 0.000000 0.001534 0.000000 0.012272 -0.006136 -0.007670 0.003068 0.007670 0.001534 0.004602 0.000000 0.000000 2.252703 -0.026405 -3.967472 -0.641274 0.658664 -4.055802 0.161000 0.020000 1.216598 16.350000 0.070500 0.274356 0.032559 0.248032 0.000000 0.000000 0.000000 0.019000 0.032000 0.110000 0.009000 0.000000 0.000000 0.011000 0.000000
20.595973 2.000000 0.542897 0.302602 -0.211162 -0.413300 -0.307323 0.022734 0.036264 0.538835 -0.290893 0.222343 -0.414498 0.299570 0.021584 -0.041621 0.006136 0.003068 0.013806 -0.012272 -0.009204 -0.012272 -0.006136 0.001534 -0.016874 0.001534 0.010738 -0.004602 0.006136 -0.006136 2.244531 -0.022313 -3.920197 -0.682657 0.585628 -4.093917 0.161000 0.020000 1.209070 16.350000 0.070500 0.208102 0.032559 0.246497 0.000000 0.000000 0.000000 0.019000 0.032000 0.110000 0.009000 0.000000 0.000000 0.011000 0.000000
20.632410 2.000000 0.542897 0.302602 -0.211162 -0.413300 -0.307335 0.022746 0.036276 0.538895 -0.290953 0.222343 -0.414438 0.299606 0.021620 -0.041657 -0.006136 -0.015340 0.015340 -0.021476 -0.001534 0.006136 0.006136 0.021476 0.001534 0.007670 -0.001534 0.006136 0.012272 -0.042951 2.282648 -0.044474 -3.918122 -0.723193 0.609825 -4.106261 0.163000 0.020000 1.235653 16.350000 0.071500 0.169500 0.032557 0.251917 0.000000 0.000000 0.000000 0.019000 0.033000 0.111000 0.009000 0.000000 0.000000 0.011000 0.000000
20.662045 2.000000 0.542885 0.302614 -0.211162 -0.413300 -0.307335 0.022734 0.036276 0.538895 -0.290953 0.222343 -0.414438 0.299582 0.021596 -0.041633 -0.009204 -0.029146 0.012272 -0.026078 -0.004602 -0.006136 0.006136 0.010738 -0.010738 0.007670 0.001534 0.000000 -0.024544 0.000000 2.302046 -0.046789 -3.908344 -0.692894 0.600523 -4.081889 0.163000 0.020000 1.239187 16.350000 0.071500 0.136663 0.032557 0.252637 0.000000 0.000000 0.000000 0.019000 0.033000 0.111000 0.009000 0.000000 0.000000 0.011000 0.000000
20.697079 2.000000 0.542897 0.302590 -0.211186 -0.413288 -0.307335 0.022734 0.036252 0.538907 -0.290953 0.222343 -0.414414 0.299570 0.021608 -0.041621 -0.006136 -0.007670 0.001534 0.001534 0.009204 0.000000 -0.018408 -0.001534 -0.006136 0.004602 0.013806 -0.003068 -0.012272 0.000000 2.277626 -0.052884 -3.958950 -0.659750 0.592234 -4.112656 0.163000 0.020000 1.222333 16.350000 0.071500 0.097087 0.032557 0.249201 0.000000 0.000000 0.000000 0.019000 0.033000 0.111000 0.009000 0.000000 0.000000 0.011000 0.000000
20.737689 2.000000 0.542897 0.302602 -0.211174 -0.413300 -0.307311 0.022734 0.036264 0.538919 -0.291013 0.222355 -0.414379 0.299570 0.021632 -0.041609 -0.006136 -0.018408 -0.026078 -0.015340 0.018408 0.000000 0.000000 0.012272 0.004602 -0.009204 0.007670 -0.001534 -0.018408 0.006136 2.282877 -0.119392 -3.952318 -0.687761 0.594534 -4.109460 0.162000 0.020000 1.230068 16.350000 0.071000 0.048189 0.032558 0.250778 0.000000 0.000000 0.000000 0.019000 0.033000 0.110000 0.009000 0.000000 0.000000 0.011000 0.000000
20.773836 2.000000 0.542909 0.302578 -0.211162 -0.413288 -0.307288 0.022734 0.036276 0.538907 -0.291073 0.222427 -0.414355 0.299558 0.021667 -0.041609 -0.001534 -0.004602 0.012272 -0.009204 0.003068 -0.006136 0.006136 -0.003068 -0.004602 0.021476 0.009204 -0.007670 0.012272 0.006136 2.271092 -0.034733 -3.945460 -0.665179 0.658870 -4.142146 0.162000 0.020000 1.228377 16.350000 0.071000 0.009413 0.032558 0.250434 0.000000 0.000000 0.000000 0.019000 0.033000 0.110000 0.009000 0.000000 0.000000 0.011000 0.000000
20.803004 2.000000 0.542909 0.302590 -0.211174 -0.413300 -0.307288 0.022734 0.036252 0.538919 -0.291073 0.222439 -0.414355 0.299546 0.021655 -0.041621 -0.004602 -0.021476 0.000000 0.006136 -0.004602 0.018408 -0.018408 0.013806 0.004602 0.015340 0.004602 0.003068 -0.012272 0.000000 2.275836 -0.088590 -3.984502 -0.698383 0.651697 -4.132918 0.162000 0.020000 1.234881 16.350000 0.071000 -0.022867 0.032558 0.251760 0.000000 0.000000 0.000000 0.019000 0.033000 0.110000 0.009000 0.000000 0.000000 0.011000 0.000000
20.838667 2.000000 0.542897 0.302626 -0.211162 -0.413288 -0.307288 0.022734 0.036252 0.538931 -0.291085 0.222427 -0.414355 0.299558 0.021679 -0.041609 -0.012272 -0.003068 -0.006136 -0.009204 0.000000 0.000000 -0.012272 0.001534 0.004602 0.009204 -0.001534 0.004602 -0.012272 0.000000 2.298382 -0.090514 -3.947048 -0.605332 0.631701 -4.129729 0.162000 0.020000 1.230470 16.350000 0.071000 -0.063217 0.032558 0.250860 0.000000 0.000000 0.000000 0.020000 0.033000 0.109000 0.009000 0.000000 0.000000 0.011000 0.000000
20.865225 2.000000 0.542885 0.302590 -0.211174 -0.413288 -0.307299 0.022734 0.036264 0.538919 -0.291085 0.222427 -0.414379 0.299534 0.021691 -0.041597 0.003068 0.006136 -0.001534 -0.010738 -0.004602 0.000000 0.000000 0.019942 0.004602 0.009204 -0.007670 -0.004602 0.006136 0.012272 2.231129 -0.064036 -3.913240 -0.662360 0.620944 -4.144314 0.162000 0.020000 1.204816 16.350000 0.071000 -0.092379 0.032558 0.245630 0.000000 0.000000 0.000000 0.020000 0.033000 0.109000 0.009000 0.000000 0.000000 0.011000 0.000000
20.890692 2.000000 0.542873 0.302602 -0.211174 -0.413300 -0.307299 0.022734 0.036252 0.538919 -0.291085 0.222439 -0.414355 0.299534 0.021703 -0.041609 -0.015340 -0.001534 -0.006136 -0.007670 0.000000 0.000000 -0.018408 0.004602 0.000000 0.007670 -0.006136 -0.012272 0.000000 0.006136 2.286233 -0.097530 -3.916665 -0.620650 0.617554 -4.137023 0.162000 0.020000 1.225046 16.350000 0.071000 -0.120243 0.032558 0.249755 0.000000 0.000000 0.000000 0.020000 0.033000 0.109000 0.009000 0.000000 0.000000 0.011000 0.000000
20.939445 2.000000 0.542897 0.302638 -0.211186 -0.413288 -0.307288 0.022734 0.036264 0.538907 -0.291109 0.222451 -0.414355 0.299534 0.021715 -0.041609 0.013806 0.004602 0.001534 0.000000 0.004602 -0.006136 0.000000 0.012272 -0.009204 0.010738 0.001534 -0.009204 0.000000 0.006136 2.143310 -0.014230 -3.921053 -0.671997 0.561625 -4.141743 0.161000 0.021000 1.157690 16.350000 0.070000 -0.177904 0.032560 0.236022 0.000000 0.000000 0.000000 0.020000 0.033000 0.108000 0.009000 0.000000 0.000000 0.012000 0.000000
20.984165 2.000000 0.542873 0.302578 -0.211150 -0.413276 -0.307299 0.022734 0.036264 0.538907 -0.291097 0.222451 -0.414343 0.299522 0.021715 -0.041621 -0.006136 -0.006136 -0.001534 -0.004602 -0.009204 0.000000 0.012272 0.006136 0.015340 -0.004602 0.006136 -0.006136 -0.012272 0.000000 2.231460 -0.061216 -3.923638 -0.643198 0.584036 -4.135698 0.161000 0.021000 1.197702 16.350000 0.070000 -0.230038 0.032560 0.244180 0.000000 0.000000 0.000000 0.020000 0.033000 0.108000 0.009000 0.000000 0.000000 0.012000 0.000000
21.035717 2.000000 0.542873 0.302578 -0.211186 -0.413288 -0.307299 0.022734 0.036276 0.538907 -0.291109 0.222451 -0.414343 0.299558 0.021763 -0.041609 -0.010738 -0.007670 0.004602 -0.013806 -0.003068 -0.006136 0.000000 -0.006136 0.006136 -0.006136 -0.001534 0.000000 0.000000 0.018408 2.254353 -0.054120 -3.908772 -0.625451 0.571683 -4.123500 0.160000 0.021000 1.204476 16.350000 0.069500 -0.293533 0.032561 0.245561 0.000000 0.000000 0.000000 0.020000 0.033000 0.107000 0.009000 0.000000 0.000000 0.012000 0.000000
21.098647 2.000000 0.542873 0.302602 -0.211198 -0.413300 -0.307299 0.022734 0.036264 0.538919 -0.291109 0.222463 -0.414343 0.299534 0.021763 -0.041597 -0.006136 -0.001534 -0.007670 -0.015340 -0.006136 0.000000 -0.006136 0.026078 0.010738 0.009204 0.000000 -0.007670 0.000000 0.018408 2.249353 -0.092828 -3.932821 -0.718754 0.608395 -4.154927 0.160000 0.021000 1.220139 16.350000 0.069500 -0.371454 0.032561 0.248754 0.000000 0.000000 0.000000 0.020000 0.033000 0.107000 0.009000 0.000000 0.000000 0.012000 0.000000
21.174271 2.000000 0.542873 0.302578 -0.211162 -0.413288 -0.307299 0.022734 0.036264 0.538907 -0.291121 0.222499 -0.414319 0.299498 0.021811 -0.041609 -0.021476 -0.003068 0.004602 -0.001534 -0.001534 0.000000 0.000000 0.006136 0.007670 0.001534 -0.003068 -0.003068 0.006136 0.000000 2.291016 -0.053960 -3.943007 -0.632103 0.612401 -4.157670 0.159000 0.021000 1.227422 16.350000 0.069000 -0.465350 0.032562 0.250239 0.000000 0.000000 0.000000 0.020000 0.033000 0.106000 0.009000 0.000000 0.000000 0.012000 0.000000
21.236720 2.000000 0.542885 0.302602 -0.211162 -0.413300 -0.307299 0.022734 0.036300 0.538907 -0.291145 0.222535 -0.414307 0.299510 0.021847 -0.041609 -0.006136 0.004602 0.000000 0.000000 -0.004602 0.000000 0.012272 0.012272 -0.003068 0.023010 -0.013806 0.003068 0.012272 0.006136 2.249130 -0.068530 -3.960966 -0.653009 0.644088 -4.164740 0.158000 0.021000 1.214964 16.350000 0.068500 -0.500000 0.032563 0.247699 0.000000 0.000000 0.000000 0.021000 0.033000 0.104000 0.009000 0.000000 0.000000 0.012000 0.000000
21.279820 2.000000 0.542873 0.302590 -0.211174 -0.413288 -0.307299 0.022734 0.036264 0.538931 -0.291145 0.222523 -0.414307 0.299498 0.021847 -0.041609 0.000000 -0.007670 0.019942 -0.004602 0.000000 0.000000 -0.006136 0.007670 0.007670 0.019942 -0.007670 -0.007670 0.000000 0.000000 2.258631 -0.030817 -3.947113 -0.636941 0.649276 -4.162537 0.158000 0.021000 1.217540 16.350000 0.068500 -0.500000 0.032563 0.248224 0.000000 0.000000 0.000000 0.021000 0.033000 0.104000 0.009000 0.000000 0.000000 0.012000 0.000000
21.326262 2.000000 0.542873 0.302590 -0.211162 -0.413288 -0.307299 0.022746 0.036264 0.538919 -0.291217 0.222523 -0.414271 0.299498 0.021895 -0.041609 -0.009204 -0.021476 -0.004602 0.013806 -0.004602 0.000000 -0.012272 0.009204 -0.003068 -0.001534 -0.006136 -0.003068 0.012272 0.006136 2.278119 -0.103765 -3.970796 -0.645715 0.585733 -4.169804 0.156000 0.021000 1.220720 16.350000 0.067500 -0.500000 0.032565 0.248873 0.000000 0.000000 0.000000 0.021000 0.033000 0.102000 0.009000 0.000000 0.000000 0.012000 0.000000
21.377537 2.000000 0.542885 0.302578 -0.211162 -0.413300 -0.307299 0.022734 0.036288 0.538931 -0.291241 0.222523 -0.414271 0.299510 0.021895 -0.041633 -0.001534 -0.010738 0.004602 -0.027612 -0.009204 0.000000 0.012272 0.009204 -0.012272 0.003068 0.001534 0.009204 0.000000 -0.006136 2.273033 -0.089881 -3.918742 -0.656370 0.564691 -4.171887 0.156000 0.021000 1.217010 16.350000 0.067500 -0.500000 0.032565 0.248116 0.000000 0.000000 0.000000 0.021000 0.033000 0.102000 0.009000 0.000000 0.000000 0.012000 0.000000
21.418766 2.000000 0.542897 0.302590 -0.211174 -0.413276 -0.307288 0.022734 0.036276 0.538955 -0.291265 0.222547 -0.414259 0.299510 0.021931 -0.041621 0.000000 -0.016874 -0.009204 0.001534 0.006136 0.000000 0.000000 0.021476 -0.001534 0.009204 0.006136 0.004602 0.000000 0.006136 2.262996 -0.120540 -3.969440 -0.659978 0.575215 -4.237500 0.156000 0.021000 1.214714 16.350000 0.067500 -0.500000 0.032565 0.247648 0.000000 0.000000 0.000000 0.021000 0.033000 0.102000 0.009000 0.000000 0.000000 0.012000 0.000000
21.454294 2.000000 0.542885 0.302590 -0.211162 -0.413300 -0.307288 0.022734 0.036264 0.538943 -0.291277 0.222547 -0.414259 0.299498 0.021943 -0.041621 0.000000 -0.003068 0.000000 0.001534 0.003068 0.006136 -0.006136 0.001534 -0.006136 0.006136 0.006136 -0.003068 0.006136 0.006136 2.266533 -0.099191 -3.968238 -0.583173 0.563226 -4.265434 0.155000 0.021000 1.204608 16.350000 0.067000 -0.500000 0.032566 0.245588 0.000000 0.000000 0.000000 0.021000 0.033000 0.101000 0.009000 0.000000 0.000000 0.012000 0.000000
21.509909 2.000000 0.542897 0.302578 -0.211162 -0.413288 -0.307299 0.022734 0.036276 0.538943 -0.291325 0.222547 -0.414247 0.299498 0.021943 -0.041621 -0.010738 -0.003068 0.000000 0.000000 0.000000 0.006136 0.006136 0.006136 -0.010738 -0.007670 0.004602 0.001534 0.000000 0.000000 2.305913 -0.110196 -3.968391 -0.571982 0.525197 -4.305585 0.155000 0.021000 1.217823 16.350000 0.067000 -0.500000 0.032566 0.248282 0.000000 0.000000 0.000000 0.021000 0.033000 0.101000 0.009000 0.000000 0.000000 0.012000 0.000000
21.555502 2.000000 0.542897 0.302578 -0.211174 -0.413288 -0.307311 0.022734 0.036252 0.538955 -0.291337 0.222547 -0.414259 0.299498 0.021931 -0.041609 -0.006136 -0.006136 -0.001534 -0.007670 0.000000 0.000000 -0.012272 0.000000 0.001534 0.000000 0.006136 -0.006136 -0.024544 0.006136 2.295479 -0.132150 -3.961876 -0.532969 0.571935 -4.323197 0.154000 0.021000 1.214275 16.350000 0.066500 -0.500000 0.032567 0.247559 0.000000 0.000000 0.000000 0.021000 0.033000 0.100000 0.009000 0.000000 0.000000 0.012000 0.000000
21.611098 2.000000 0.542873 0.302554 -0.211174 -0.413276 -0.307299 0.022734 0.036264 0.538967 -0.291420 0.222559 -0.414235 0.299486 0.021955 -0.041609 0.000000 0.000000 0.000000 0.013806 0.000000 0.000000 0.000000 0.009204 -0.009204 0.006136 0.013806 -0.013806 0.000000 0.000000 2.266369 -0.085354 -3.992057 -0.558802 0.543345 -4.381908 0.154000 0.021000 1.199082 16.350000 0.066500 -0.500000 0.032567 0.244461 0.000000 0.000000 0.000000 0.021000 0.033000 0.100000 0.009000 0.000000 0.000000 0.012000 0.000000
21.675403 2.000000 0.542873 0.302578 -0.211186 -0.413276 -0.307311 0.022734 0.036264 0.538967 -0.291420 0.222559 -0.414235 0.299474 0.021955 -0.041609 -0.001534 0.000000 0.000000 -0.007670 -0.003068 -0.006136 0.000000 -0.001534 0.001534 0.000000 0.003068 0.000000 0.000000 0.000000 2.271607 -0.076558 -3.942959 -0.508977 0.543781 -4.380530 0.154000 0.020000 1.195911 16.350000 0.067000 -0.500000 0.032566 0.243815 0.000000 0.000000 0.000000 0.021000 0.033000 0.100000 0.009000 0.000000 0.000000 0.011000 0.000000
21.748046 2.000000 0.542873 0.302566 -0.211174 -0.413288 -0.307299 0.022734 0.036264 0.538991 -0.291528 0.222583 -0.414235 0.299414 0.021979 -0.041633 -0.006136 -0.007670 0.013806 -0.009204 -0.001534 0.000000 0.000000 0.018408 0.001534 -0.001534 -0.015340 -0.001534 0.006136 -0.006136 2.309089 -0.012594 -3.936282 -0.617886 0.536752 -4.287247 0.155000 0.020000 1.224943 16.350000 0.067500 -0.500000 0.032565 0.249733 0.000000 0.000000 0.000000 0.021000 0.033000 0.101000 0.009000 0.000000 0.000000 0.011000 0.000000
21.812494 2.000000 0.542885 0.302578 -0.211186 -0.413300 -0.307311 0.022722 0.036276 0.538991 -0.291528 0.222583 -0.414247 0.299426 0.021979 -0.041621 0.001534 -0.003068 -0.003068 -0.009204 -0.003068 -0.012272 0.006136 0.004602 0.007670 0.006136 -0.007670 -0.009204 0.006136 -0.012272 2.280781 -0.064955 -3.947860 -0.562432 0.614285 -4.350735 0.155000 0.020000 1.214481 16.350000 0.067500 -0.500000 0.032565 0.247601 0.000000 0.000000 0.000000 0.021000 0.033000 0.101000 0.009000 0.000000 0.000000 0.011000 0.000000
21.862335 2.000000 0.542873 0.302578 -0.211174 -0.413288 -0.307311 0.022746 0.036276 0.538991 -0.291600 0.222655 -0.414235 0.299438 0.022027 -0.041609 -0.013806 0.006136 -0.001534 0.006136 -0.003068 0.012272 0.000000 -0.001534 -0.009204 0.016874 0.003068 0.000000 0.024544 0.006136 2.310249 -0.074705 -3.968856 -0.543079 0.591215 -4.397872 0.153000 0.020000 1.223448 16.350000 0.066500 -0.500000 0.032567 0.249429 0.000000 0.000000 0.000000 0.021000 0.033000 0.099000 0.009000 0.000000 0.000000 0.011000 0.000000
21.904283 2.000000 0.542873 0.302578 -0.211186 -0.413288 -0.307299 0.022734 0.036276 0.539026 -0.291600 0.222643 -0.414223 0.299426 0.022015 -0.041609 0.000000 -0.010738 0.000000 0.001534 0.003068 0.000000 0.018408 0.010738 -0.015340 0.000000 -0.001534 0.000000 0.006136 0.006136 2.279164 -0.092963 -3.965121 -0.560527 0.542656 -4.394765 0.153000 0.020000 1.205394 16.350000 0.066500 -0.500000 0.032567 0.245748 0.000000 0.000000 0.000000 0.021000 0.033000 0.099000 0.009000 0.000000 0.000000 0.011000 0.000000
21.948926 2.000000 0.542873 0.302566 -0.211162 -0.413288 -0.307299 0.022734 0.036264 0.539015 -0.291624 0.222691 -0.414235 0.299438 0.022075 -0.041621 -0.003068 0.007670 0.021476 -0.006136 0.000000 -0.006136 -0.006136 -0.019942 -0.006136 -0.003068 -0.016874 0.001534 0.000000 -0.006136 2.284322 -0.042935 -3.935859 -0.426681 0.564313 -4.324117 0.153000 0.020000 1.195876 16.350000 0.066500 -0.500000 0.032567 0.243808 0.000000 0.000000 0.000000 0.022000 0.033000 0.098000 0.009000 0.000000 0.000000 0.011000 0.000000
22.013850 2.000000 0.542873 0.302578 -0.211162 -0.413276 -0.307299 0.022746 0.036276 0.539015 -0.291636 0.222715 -0.414211 0.299426 0.022111 -0.041609 -0.001534 0.000000 -0.004602 0.000000 0.000000 0.012272 0.012272 -0.006136 0.000000 0.012272 0.007670 0.003068 0.024544 0.000000 2.256528 -0.073149 -3.953313 -0.509745 0.530177 -4.414485 0.153000 0.020000 1.187244 16.350000 0.066500 -0.500000 0.032567 0.242048 0.000000 0.000000 0.000000 0.022000 0.033000 0.098000 0.009000 0.000000 0.000000 0.011000 0.000000
22.058541 2.000000 0.542873 0.302578 -0.211186 -0.413276 -0.307299 0.022734 0.036276 0.539026 -0.291672 0.222763 -0.414199 0.299426 0.022123 -0.041609 -0.004602 -0.018408 -0.001534 -0.009204 -0.004602 0.000000 0.012272 0.000000 -0.006136 0.004602 0.003068 -0.004602 0.000000 0.000000 2.281726 -0.106098 -3.938273 -0.522140 0.507982 -4.399329 0.154000 0.020000 1.198771 16.350000 0.067000 -0.500000 0.032566 0.244398 0.000000 0.000000 0.000000 0.022000 0.033000 0.099000 0.009000 0.000000 0.000000 0.011000 0.000000
22.096460 2.000000 0.542873 0.302566 -0.211150 -0.413300 -0.307299 0.022734 0.036264 0.539026 -0.291840 0.222739 -0.414187 0.299450 0.022123 -0.041597 -0.012272 -0.010738 0.010738 0.000000 -0.001534 -0.006136 0.000000 0.000000 -0.013806 -0.001534 0.003068 0.010738 -0.006136 0.018408 2.303539 -0.090414 -3.944553 -0.520214 0.496720 -4.400564 0.154000 0.020000 1.207458 16.350000 0.067000 -0.500000 0.032566 0.246169 0.000000 0.000000 0.000000 0.022000 0.033000 0.099000 0.009000 0.000000 0.000000 0.011000 0.000000
22.126997 2.000000 0.542885 0.302578 -0.211162 -0.413300 -0.307299 0.022734 0.036264 0.539015 -0.291912 0.222739 -0.414211 0.299426 0.022135 -0.041609 -0.003068 0.003068 -0.004602 -0.009204 -0.004602 0.000000 0.000000 0.004602 -0.010738 0.001534 -0.007670 0.000000 0.006136 0.000000 2.272442 -0.103995 -3.946397 -0.528875 0.503038 -4.403723 0.154000 0.020000 1.194525 16.350000 0.067000 -0.500000 0.032566 0.243532 0.000000 0.000000 0.000000 0.022000 0.033000 0.099000 0.009000 0.000000 0.000000 0.011000 0.000000
22.155533 2.000000 0.542897 0.302566 -0.211186 -0.413288 -0.307299 0.022734 0.036276 0.539050 -0.292523 0.222799 -0.414199 0.299414 0.022147 -0.041621 -0.006136 -0.004602 0.000000 -0.012272 -0.006136 0.000000 0.000000 0.010738 -0.009204 0.006136 -0.006136 0.003068 0.000000 -0.012272 2.286278 -0.067477 -3.935088 -0.552945 0.483956 -4.399348 0.156000 0.020000 1.201206 16.350000 0.068000 -0.500000 0.032564 0.244894 0.000000 0.000000 0.000000 0.022000 0.033000 0.101000 0.009000 0.000000 0.000000 0.011000 0.000000
22.195476 2.000000 0.542873 0.302578 -0.211174 -0.413276 -0.307299 0.022734 0.036276 0.539194 -0.292847 0.222978 -0.414175 0.299414 0.022171 -0.041597 -0.009204 -0.004602 0.006136 -0.015340 -0.004602 0.000000 -0.006136 0.012272 -0.012272 0.015340 0.001534 -0.009204 -0.018408 0.012272 2.298122 -0.076660 -3.934363 -0.572540 0.456465 -4.392577 0.156000 0.020000 1.206586 16.350000 0.068000 -0.500000 0.032564 0.245991 0.000000 0.000000 0.000000 0.022000 0.033000 0.101000 0.009000 0.000000 0.000000 0.011000 0.000000
22.232901 2.000000 0.542897 0.302578 -0.211162 -0.413288 -0.307299 0.022734 0.036252 0.539254 -0.292859 0.223026 -0.414163 0.299414 0.022207 -0.041609 -0.016874 -0.015340 -0.004602 -0.012272 0.000000 0.000000 -0.018408 0.013806 0.001534 -0.006136 0.010738 -0.010738 0.000000 0.000000 2.311553 -0.119150 -3.937886 -0.582543 0.445386 -4.419131 0.158000 0.018000 1.214002 16.350000 0.070000 -0.500000 0.032560 0.247503 0.000000 0.000000 0.000000 0.022000 0.034000 0.102000 0.009000 0.000000 0.000000 0.009000 0.000000
22.268474 2.000000 0.542873 0.302590 -0.211150 -0.413276 -0.307288 0.022746 0.036264 0.539494 -0.292930 0.223086 -0.414139 0.299438 0.022327 -0.041609 -0.012272 0.000000 0.019942 0.000000 -0.001534 0.012272 0.000000 0.018408 0.000000 0.003068 0.000000 0.000000 -0.006136 0.000000 2.295308 -0.062856 -3.960290 -0.606192 0.467849 -4.407886 0.158000 0.018000 1.210242 16.350000 0.070000 -0.500000 0.032560 0.246736 0.000000 0.000000 0.000000 0.022000 0.034000 0.102000 0.009000 0.000000 0.000000 0.009000 0.000000
22.297680 2.000000 0.542897 0.302590 -0.211150 -0.413288 -0.307276 0.022746 0.036276 0.539530 -0.292954 0.223098 -0.414115 0.299426 0.022339 -0.041597 -0.006136 0.013806 0.009204 0.003068 0.000000 0.012272 0.006136 0.000000 -0.004602 0.003068 0.000000 0.000000 -0.030680 0.006136 2.266684 -0.052614 -3.965433 -0.568844 0.473074 -4.376764 0.158000 0.018000 1.192477 16.350000 0.070000 -0.500000 0.032560 0.243115 0.000000 0.000000 0.000000 0.022000 0.034000 0.102000 0.009000 0.000000 0.000000 0.009000 0.000000
22.336216 2.000000 0.542885 0.302602 -0.211162 -0.413288 -0.307276 0.022734 0.036276 0.539710 -0.292966 0.223182 -0.414115 0.299426 0.022375 -0.041597 -0.007670 0.004602 0.016874 0.000000 0.000000 0.012272 0.006136 -0.001534 -0.004602 0.006136 0.010738 0.000000 0.012272 0.018408 2.280201 -0.070919 -3.959822 -0.596934 0.528767 -4.430278 0.159000 0.017000 1.208333 16.350000 0.071000 -0.500000 0.032558 0.246347 0.000000 0.000000 0.000000 0.022000 0.033000 0.104000 0.009000 0.000000 0.000000 0.008000 0.000000
22.382493 2.000000 0.542873 0.302590 -0.211138 -0.413300 -0.307288 0.022734 0.036216 0.539710 -0.292978 0.223230 -0.414127 0.299426 0.022363 -0.041597 -0.016874 0.000000 0.009204 -0.009204 -0.001534 0.000000 -0.049087 0.010738 0.001534 0.013806 0.001534 0.001534 0.000000 0.000000 2.299141 -0.100113 -3.932066 -0.635745 0.531834 -4.420847 0.159000 0.017000 1.223018 16.350000 0.071000 -0.500000 0.032558 0.249341 0.000000 0.000000 0.000000 0.022000 0.033000 0.104000 0.009000 0.000000 0.000000 0.008000 0.000000
22.420983 2.000000 0.542885 0.302590 -0.211138 -0.413288 -0.307264 0.022734 0.036276 0.539734 -0.292966 0.223314 -0.414103 0.299426 0.022363 -0.041597 -0.001534 -0.018408 0.013806 0.010738 -0.001534 0.006136 -0.018408 0.012272 -0.009204 0.006136 0.006136 -0.013806 0.000000 -0.006136 2.320163 -0.108028 -3.990153 -0.641593 0.499345 -4.428103 0.159000 0.017000 1.230428 16.350000 0.071000 -0.500000 0.032558 0.250852 0.000000 0.000000 0.000000 0.022000 0.033000 0.104000 0.009000 0.000000 0.000000 0.008000 0.000000
22.457930 2.000000 0.542873 0.302602 -0.211138 -0.413276 -0.307264 0.022734 0.036264 0.539710 -0.292978 0.223362 -0.414127 0.299426 0.022363 -0.041585 0.001534 -0.009204 0.000000 0.012272 -0.001534 0.006136 -0.006136 0.000000 -0.006136 0.000000 0.001534 0.003068 0.000000 0.012272 2.239855 -0.094608 -3.978849 -0.606749 0.506011 -4.415472 0.156000 0.017000 1.188496 16.350000 0.069500 -0.500000 0.032561 0.242303 0.000000 0.000000 0.000000 0.022000 0.033000 0.101000 0.009000 0.000000 0.000000 0.008000 0.000000
22.490371 2.000000 0.542873 0.302614 -0.211126 -0.413288 -0.307264 0.022722 0.036264 0.539710 -0.292966 0.223362 -0.414127 0.299426 0.022375 -0.041597 -0.001534 0.015340 0.009204 0.000000 0.003068 0.000000 -0.006136 -0.003068 0.000000 0.000000 0.001534 -0.010738 0.018408 0.000000 2.252492 -0.049596 -3.949971 -0.604990 0.510213 -4.427880 0.156000 0.017000 1.193997 16.350000 0.069500 -0.500000 0.032561 0.243424 0.000000 0.000000 0.000000 0.022000 0.033000 0.101000 0.009000 0.000000 0.000000 0.008000 0.000000
22.520449 2.000000 0.542873 0.302602 -0.211150 -0.413288 -0.307264 0.022734 0.036252 0.539698 -0.292966 0.223362 -0.414139 0.299438 0.022339 -0.041597 -0.009204 0.001534 -0.003068 -0.003068 -0.003068 0.000000 -0.012272 0.010738 0.000000 0.010738 -0.024544 0.003068 -0.018408 0.000000 2.276741 -0.098323 -3.945228 -0.663053 0.528844 -4.342488 0.156000 0.017000 1.215785 16.350000 0.069500 -0.500000 0.032561 0.247866 0.000000 0.000000 0.000000 0.022000 0.033000 0.101000 0.009000 0.000000 0.000000 0.008000 0.000000
22.562197 2.000000 0.542849 0.302578 -0.211162 -0.413300 -0.307264 0.022734 0.036264 0.539698 -0.292966 0.223350 -0.414127 0.299438 0.022363 -0.041609 -0.012272 -0.007670 0.000000 -0.004602 0.003068 0.006136 0.000000 0.000000 0.000000 0.009204 0.004602 -0.004602 0.006136 0.000000 2.298980 -0.065218 -3.943992 -0.640770 0.518126 -4.406446 0.161000 0.009000 1.221536 16.350000 0.076000 -0.500000 0.032548 0.249039 0.000000 0.000000 0.000000 0.023000 0.034000 0.104000 0.009000 0.000000 0.000000 0.000000 0.000000
22.607638 2.000000 0.542825 0.302578 -0.211186 -0.413300 -0.307264 0.022722 0.036240 0.539698 -0.292966 0.223362 -0.414127 0.299426 0.022351 -0.041609 0.000000 -0.012272 -0.006136 0.009204 -0.004602 0.000000 -0.006136 -0.003068 -0.004602 0.009204 0.004602 0.004602 -0.012272 -0.018408 2.263883 -0.088393 -3.971826 -0.631841 0.505061 -4.401654 0.161000 0.009000 1.202839 16.350000 0.076000 -0.500000 0.032548 0.245227 0.000000 0.000000 0.000000 0.023000 0.034000 0.104000 0.009000 0.000000 0.000000 0.000000 0.000000
22.631718 2.000000 0.542622 0.302506 -0.211198 -0.413312 -0.307252 0.022710 0.036264 0.539710 -0.292966 0.223338 -0.414139 0.299450 0.022351 -0.041609 -0.010738 -0.003068 0.001534 0.000000 -0.004602 0.000000 0.000000 0.000000 0.001534 0.003068 0.006136 0.006136 -0.006136 -0.012272 2.299820 -0.077980 -3.950413 -0.639588 0.503779 -4.410702 0.178000 0.009000 1.220463 16.350000 0.084500 -0.500000 0.032531 0.248820 0.000000 0.000000 0.000000 0.023000 0.036000 0.119000 0.009000 0.000000 0.000000 0.000000 0.000000
22.667195 2.000000 0.541064 0.302386 -0.211150 -0.413324 -0.307240 0.022650 0.036276 0.539722 -0.292978 0.223314 -0.414151 0.299450 0.022363 -0.041609 -0.046019 0.010738 0.019942 0.001534 -0.012272 -0.006136 0.000000 0.009204 -0.003068 0.000000 -0.012272 -0.003068 0.006136 0.000000 2.582320 -0.056105 -3.967708 -0.690237 0.503482 -4.351104 0.178000 0.009000 1.360280 16.350000 0.084500 -0.500000 0.032531 0.277325 0.000000 0.000000 0.000000 0.023000 0.036000 0.119000 0.009000 0.000000 0.000000 0.000000 0.000000
22.697794 2.000000 0.540465 0.302338 -0.211174 -0.413336 -0.307180 0.022650 0.036264 0.539710 -0.292990 0.223326 -0.414127 0.299474 0.022351 -0.041609 -0.046019 -0.004602 0.006136 -0.003068 0.000000 0.000000 0.000000 0.000000 0.000000 0.009204 -0.007670 -0.001534 0.000000 0.000000 2.701689 -0.118273 -4.000935 -0.686393 0.524915 -4.321821 0.178000 0.009000 1.419488 16.350000 0.084500 -0.500000 0.032531 0.289396 0.000000 0.000000 0.000000 0.023000 0.036000 0.119000 0.009000 0.000000 0.000000 0.000000 0.000000
22.723700 2.000000 0.538140 0.302266 -0.211138 -0.413360 -0.307144 0.022614 0.036276 0.539710 -0.292966 0.223314 -0.414139 0.299582 0.022339 -0.041609 -0.064427 0.004602 0.009204 -0.015340 0.003068 0.006136 0.012272 0.012272 0.003068 0.006136 0.006136 0.009204 -0.006136 0.012272 2.996600 -0.119531 -4.033928 -0.716020 0.515135 -4.351155 0.178000 0.009000 1.563006 16.350000 0.084500 -0.500000 0.032531 0.318656 0.000000 0.000000 0.000000 0.023000 0.036000 0.119000 0.009000 0.000000 0.000000 0.000000 0.000000
22.769093 2.000000 0.537157 0.302242 -0.211150 -0.413348 -0.307084 0.022590 0.036276 0.539710 -0.292978 0.223266 -0.414127 0.299582 0.022327 -0.041621 -0.053689 -0.007670 0.000000 -0.003068 -0.004602 0.000000 0.012272 0.010738 0.000000 0.004602 0.001534 0.000000 0.000000 0.000000 3.369289 -0.188841 -4.160392 -0.694814 0.502515 -4.366339 0.197000 0.009000 1.740909 16.350000 0.094000 -0.500000 0.032512 0.354925 0.000000 0.000000 0.000000 0.022000 0.039000 0.136000 0.009000 0.000000 0.000000 0.000000 0.000000
22.805887 2.000000 0.535587 0.302218 -0.211126 -0.413336 -0.307048 0.022578 0.036264 0.539674 -0.292954 0.223230 -0.414151 0.299654 0.022303 -0.041621 -0.058291 -0.003068 -0.012272 0.007670 -0.010738 0.000000 -0.006136 0.010738 0.004602 0.000000 -0.006136 -0.003068 0.000000 0.006136 3.690657 -0.216988 -4.233316 -0.680914 0.504689 -4.367554 0.197000 0.009000 1.896469 16.350000 0.094000 -0.500000 0.032512 0.386640 0.000000 0.000000 0.000000 0.022000 0.039000 0.136000 0.009000 0.000000 0.000000 0.000000 0.000000
22.839809 2.000000 0.533741 0.302218 -0.211102 -0.413336 -0.307000 0.022566 0.036276 0.539650 -0.292954 0.223230 -0.414163 0.299797 0.022279 -0.041621 -0.065961 0.007670 0.001534 0.006136 0.004602 0.000000 0.000000 0.004602 0.001534 0.021476 0.001534 -0.009204 -0.006136 -0.006136 4.082867 -0.203940 -4.294821 -0.719775 0.517655 -4.373439 0.206000 0.009000 2.091497 16.350000 0.098500 -0.500000 0.032503 0.426401 0.000000 0.000000 0.000000 0.021000 0.040000 0.145000 0.009000 0.000000 0.000000 0.000000 0.000000
22.870512 2.000000 0.532891 0.302230 -0.211114 -0.413360 -0.307024 0.022566 0.036264 0.539638 -0.292954 0.223194 -0.414139 0.299941 0.022279 -0.041645 -0.050621 0.000000 0.000000 -0.004602 -0.007670 0.000000 0.006136 0.001534 -0.003068 0.000000 0.000000 0.004602 0.006136 -0.012272 4.322369 -0.241791 -4.345002 -0.694313 0.482597 -4.384676 0.206000 0.009000 2.205465 16.350000 0.098500 -0.500000 0.032503 0.449636 0.000000 0.000000 0.000000 0.021000 0.040000 0.145000 0.009000 0.000000 0.000000 0.000000 0.000000
22.901061 2.000000 0.531656 0.302218 -0.211078 -0.413360 -0.307024 0.022554 0.036276 0.539626 -0.292954 0.223146 -0.414151 0.299989 0.022279 -0.041633 -0.018408 0.001534 -0.004602 -0.004602 0.000000 0.024544 0.006136 0.000000 0.000000 -0.001534 0.010738 0.003068 0.000000 0.018408 4.529073 -0.251136 -4.433116 -0.686063 0.493712 -4.396299 0.206000 0.009000 2.307055 16.350000 0.098500 -0.500000 0.032503 0.470348 0.000000 0.000000 0.000000 0.021000 0.040000 0.145000 0.009000 0.000000 0.000000 0.000000 0.000000
22.927159 2.000000 0.531404 0.302206 -0.211078 -0.413360 -0.307012 0.022554 0.036264 0.539614 -0.292930 0.223194 -0.414139 0.300001 0.022291 -0.041645 0.001534 -0.001534 -0.003068 -0.004602 0.003068 0.006136 -0.012272 -0.007670 0.003068 -0.003068 0.007670 -0.010738 0.006136 0.000000 4.693919 -0.263079 -4.465002 -0.654573 0.466467 -4.391488 0.206000 0.009000 2.384750 16.350000 0.098500 -0.500000 0.032503 0.486188 0.000000 0.000000 0.000000 0.021000 0.040000 0.145000 0.009000 0.000000 0.000000 0.000000 0.000000
22.969204 2.000000 0.531404 0.302242 -0.211078 -0.413360 -0.307012 0.022554 0.036264 0.539614 -0.292954 0.223170 -0.414139 0.300001 0.022291 -0.041657 0.010738 0.001534 -0.004602 0.000000 -0.012272 -0.006136 -0.006136 0.010738 -0.012272 -0.003068 0.000000 0.001534 0.006136 -0.012272 4.972472 -0.273111 -4.514416 -0.699946 0.447521 -4.398905 0.203000 0.009000 2.524394 16.350000 0.097000 -0.500000 0.032506 0.514657 0.000000 0.000000 0.000000 0.020000 0.040000 0.143000 0.009000 0.000000 0.000000 0.000000 0.000000
23.014888 2.000000 0.531393 0.302230 -0.211078 -0.413360 -0.307012 0.022554 0.036264 0.539566 -0.292930 0.223122 -0.414151 0.300001 0.022279 -0.041669 -0.009204 -0.026078 0.033748 -0.012272 0.003068 0.000000 -0.006136 0.010738 -0.007670 0.006136 0.003068 0.010738 0.000000 -0.018408 5.326993 -0.325539 -4.537131 -0.686783 0.474063 -4.410715 0.203000 0.009000 2.700891 16.350000 0.097000 -0.500000 0.032506 0.550640 0.000000 0.000000 0.000000 0.020000 0.040000 0.143000 0.009000 0.000000 0.000000 0.000000 0.000000
23.049564 2.000000 0.531416 0.302218 -0.211090 -0.413348 -0.307012 0.022554 0.036276 0.539482 -0.292930 0.223122 -0.414151 0.300001 0.022279 -0.041657 -0.016874 -0.010738 0.024544 0.001534 0.007670 0.000000 0.012272 -0.006136 0.015340 0.006136 0.013806 0.012272 -0.006136 0.012272 5.498594 -0.297775 -4.578642 -0.597862 0.530365 -4.465226 0.200000 0.009000 2.782172 16.350000 0.095500 -0.500000 0.032509 0.567211 0.000000 0.000000 0.000000 0.021000 0.041000 0.138000 0.009000 0.000000 0.000000 0.000000 0.000000
23.087965 2.000000 0.531416 0.302230 -0.211078 -0.413360 -0.307012 0.022554 0.036264 0.539194 -0.292918 0.223122 -0.414163 0.300001 0.022279 -0.041633 0.004602 0.009204 -0.004602 0.004602 -0.012272 0.000000 -0.006136 -0.010738 -0.009204 0.000000 -0.003068 -0.010738 0.000000 0.006136 5.547976 -0.322273 -4.617373 -0.562011 0.502310 -4.393659 0.200000 0.009000 2.804107 16.350000 0.095500 -0.500000 0.032509 0.571683 0.000000 0.000000 0.000000 0.021000 0.041000 0.138000 0.009000 0.000000 0.000000 0.000000 0.000000
23.132093 2.000000 0.531416 0.302218 -0.211090 -0.413360 -0.307000 0.022566 0.036264 0.539110 -0.292894 0.223098 -0.414175 0.299977 0.022279 -0.041669 0.000000 0.000000 0.001534 -0.006136 0.001534 0.012272 0.000000 0.010738 -0.006136 0.004602 -0.003068 -0.004602 0.000000 0.000000 5.704364 -0.354716 -4.629218 -0.632818 0.502520 -4.410189 0.195000 0.010000 2.886112 16.350000 0.092500 -0.500000 0.032515 0.588402 0.000000 0.000000 0.000000 0.021000 0.040000 0.134000 0.010000 0.000000 0.000000 0.000000 0.000000
23.172007 2.000000 0.531393 0.302194 -0.211102 -0.413360 -0.307012 0.022542 0.036276 0.538583 -0.292882 0.223086 -0.414175 0.300001 0.022267 -0.041669 -0.013806 0.000000 -0.003068 -0.007670 -0.006136 -0.012272 0.000000 -0.016874 0.001534 0.009204 -0.001534 0.000000 0.000000 -0.006136 5.828830 -0.363941 -4.619758 -0.426745 0.533757 -4.429130 0.195000 0.010000 2.940013 16.350000 0.092500 -0.500000 0.032515 0.599391 0.000000 0.000000 0.000000 0.021000 0.040000 0.134000 0.010000 0.000000 0.000000 0.000000 0.000000
23.199349 2.000000 0.531404 0.302182 -0.211114 -0.413372 -0.307024 0.022554 0.036264 0.538188 -0.292859 0.223074 -0.414163 0.300001 0.022243 -0.041669 -0.006136 0.004602 0.000000 0.000000 0.000000 0.000000 -0.006136 -0.016874 -0.001534 0.004602 0.010738 0.003068 -0.018408 -0.012272 5.853519 -0.365270 -4.651711 -0.401050 0.516857 -4.444939 0.195000 0.010000 2.950639 16.350000 0.092500 -0.500000 0.032515 0.601557 0.000000 0.000000 0.000000 0.021000 0.040000 0.134000 0.010000 0.000000 0.000000 0.000000 0.000000
23.221867 2.000000 0.531381 0.302170 -0.211090 -0.413360 -0.307060 0.022554 0.036288 0.537972 -0.292859 0.223062 -0.414175 0.299977 0.022255 -0.041669 -0.021476 -0.004602 0.012272 0.000000 -0.007670 0.000000 0.018408 -0.018408 0.001534 0.000000 0.000000 0.001534 -0.006136 -0.024544 5.936192 -0.364693 -4.650594 -0.340891 0.515528 -4.449444 0.195000 0.010000 2.989705 16.350000 0.092500 -0.500000 0.032515 0.609522 0.000000 0.000000 0.000000 0.021000 0.040000 0.134000 0.010000 0.000000 0.000000 0.000000 0.000000
23.255751 2.000000 0.531297 0.302098 -0.211090 -0.413384 -0.307156 0.022518 0.036264 0.536498 -0.292847 0.223050 -0.414175 0.299953 0.022243 -0.041669 -0.006136 -0.003068 0.006136 -0.009204 0.000000 0.000000 0.000000 -0.006136 0.001534 0.000000 0.012272 0.000000 0.000000 0.000000 6.001095 -0.393768 -4.677485 -0.168927 0.494627 -4.509846 0.191000 0.010000 3.018335 16.350000 0.090500 -0.500000 0.032519 0.615359 0.000000 0.000000 0.000000 0.022000 0.041000 0.128000 0.010000 0.000000 0.000000 0.000000 0.000000
23.293026 2.000000 0.531093 0.301955 -0.211090 -0.413372 -0.307276 0.022494 0.036264 0.535467 -0.292835 0.223026 -0.414175 0.299953 0.022231 -0.041681 0.006136 -0.009204 -0.001534 0.003068 0.001534 -0.018408 -0.006136 -0.003068 -0.003068 0.013806 0.006136 -0.009204 -0.006136 0.000000 6.018010 -0.436181 -4.713434 -0.002834 0.529860 -4.531171 0.191000 0.010000 3.028509 16.350000 0.090500 -0.500000 0.032519 0.617433 0.000000 0.000000 0.000000 0.022000 0.041000 0.128000 0.010000 0.000000 0.000000 0.000000 0.000000
23.328300 2.000000 0.531081 0.301943 -0.211078 -0.413384 -0.307299 0.022542 0.036264 0.535359 -0.292847 0.223038 -0.414175 0.299977 0.022219 -0.041681 0.006136 0.000000 -0.004602 0.000000 0.000000 0.024544 -0.006136 0.000000 -0.003068 0.018408 0.007670 -0.007670 -0.012272 0.000000 6.042990 -0.435793 -4.734953 0.130671 0.513388 -4.553968 0.191000 0.010000 3.040900 16.350000 0.090500 -0.500000 0.032519 0.619959 0.000000 0.000000 0.000000 0.022000 0.041000 0.128000 0.010000 0.000000 0.000000 0.000000 0.000000
23.369884 2.000000 0.530721 0.301847 -0.211090 -0.413384 -0.307371 0.022494 0.036264 0.534988 -0.292823 0.222955 -0.414187 0.299953 0.022219 -0.041693 -0.013806 -0.004602 0.000000 -0.003068 -0.001534 0.000000 0.012272 0.000000 0.004602 0.004602 -0.004602 -0.003068 0.000000 -0.006136 6.214612 -0.467958 -4.722526 0.295122 0.503705 -4.569797 0.188000 0.010000 3.129744 16.350000 0.089000 -0.500000 0.032522 0.638072 0.000000 0.000000 0.000000 0.022000 0.041000 0.125000 0.010000 0.000000 0.000000 0.000000 0.000000
23.398360 2.000000 0.530602 0.301835 -0.211090 -0.413384 -0.307383 0.022506 0.036276 0.534976 -0.292799 0.222955 -0.414187 0.299953 0.022207 -0.041669 -0.012272 0.000000 -0.001534 -0.007670 -0.007670 0.012272 0.000000 0.009204 0.004602 0.000000 0.000000 0.001534 -0.006136 0.012272 6.256570 -0.473093 -4.737669 0.343486 0.485207 -4.587095 0.188000 0.010000 3.151265 16.350000 0.089000 -0.500000 0.032522 0.642460 0.000000 0.000000 0.000000 0.022000 0.041000 0.125000 0.010000 0.000000 0.000000 0.000000 0.000000
23.428082 2.000000 0.530134 0.301619 -0.211102 -0.413384 -0.307443 0.022470 0.036264 0.534544 -0.292811 0.222907 -0.414187 0.299953 0.022183 -0.041705 -0.024544 0.000000 0.029146 0.000000 0.000000 -0.012272 -0.006136 -0.027612 -0.006136 -0.001534 -0.007670 0.001534 0.000000 -0.012272 6.352817 -0.454671 -4.732868 0.536582 0.471603 -4.541224 0.188000 0.021000 3.204502 16.350000 0.083500 -0.500000 0.032533 0.653313 0.000000 0.000000 0.000000 0.022000 0.041000 0.125000 0.010000 0.000000 0.000000 0.007000 0.004000
23.476927 2.000000 0.529691 0.301271 -0.211102 -0.413396 -0.307527 0.022411 0.036264 0.533574 -0.292823 0.222871 -0.414199 0.299941 0.022171 -0.041693 -0.012272 -0.012272 0.015340 -0.001534 -0.006136 0.006136 0.000000 -0.006136 -0.010738 0.000000 -0.009204 0.004602 0.000000 0.000000 6.470100 -0.529170 -4.798325 0.649761 0.452966 -4.593926 0.190000 0.021000 3.269923 16.350000 0.084500 -0.500000 0.032531 0.666651 0.000000 0.000000 0.000000 0.022000 0.042000 0.126000 0.010000 0.000000 0.000000 0.007000 0.004000
23.515399 2.000000 0.528121 0.300780 -0.211102 -0.413432 -0.307515 0.022243 0.036264 0.532363 -0.292799 0.222511 -0.414187 0.299941 0.022135 -0.041741 -0.038350 -0.007670 0.009204 -0.010738 0.013806 -0.030680 -0.018408 -0.010738 -0.007670 0.000000 0.004602 -0.001534 0.000000 0.006136 6.775993 -0.580661 -4.795996 0.891685 0.459366 -4.650215 0.190000 0.020000 3.437199 16.350000 0.085000 -0.500000 0.032530 0.700754 0.000000 0.000000 0.000000 0.022000 0.042000 0.126000 0.010000 0.000000 0.000000 0.008000 0.002000
23.546736 2.000000 0.527414 0.300636 -0.211090 -0.413432 -0.307515 0.022171 0.036264 0.531656 -0.292799 0.222415 -0.414187 0.299941 0.022135 -0.041741 -0.035282 -0.013806 -0.001534 -0.004602 0.000000 0.006136 0.000000 -0.033748 0.000000 0.006136 -0.003068 -0.003068 0.000000 0.024544 6.962893 -0.633253 -4.877782 1.137682 0.503053 -4.627096 0.196000 0.020000 3.550714 16.350000 0.088000 -0.500000 0.032524 0.723897 0.000000 0.000000 0.000000 0.021000 0.044000 0.131000 0.010000 0.000000 0.000000 0.008000 0.002000
23.571607 2.000000 0.525808 0.300552 -0.211066 -0.413456 -0.307527 0.021847 0.036276 0.530374 -0.292799 0.222283 -0.414199 0.299941 0.022123 -0.041789 -0.049087 0.000000 0.000000 0.001534 0.015340 0.000000 0.000000 -0.029146 -0.012272 -0.007670 0.000000 -0.009204 0.000000 -0.006136 7.220745 -0.635760 -4.904264 1.313907 0.461108 -4.668771 0.196000 0.020000 3.690607 16.350000 0.088000 -0.500000 0.032524 0.752417 0.000000 0.000000 0.000000 0.021000 0.044000 0.131000 0.010000 0.000000 0.000000 0.008000 0.002000
23.597158 2.000000 0.525113 0.300540 -0.211066 -0.413468 -0.307539 0.021799 0.036264 0.530062 -0.292799 0.222188 -0.414187 0.299941 0.022123 -0.041801 -0.047553 -0.004602 -0.003068 -0.003068 0.006136 0.000000 -0.006136 -0.027612 0.000000 -0.003068 0.010738 -0.013806 0.006136 -0.012272 7.413774 -0.679332 -4.932981 1.515432 0.458863 -4.729063 0.196000 0.020000 3.805674 16.350000 0.088000 -0.500000 0.032524 0.775877 0.000000 0.000000 0.000000 0.021000 0.044000 0.131000 0.010000 0.000000 0.000000 0.008000 0.002000
23.626204 2.000000 0.523567 0.300540 -0.211042 -0.413468 -0.307539 0.021572 0.036288 0.529163 -0.292787 0.222020 -0.414199 0.299977 0.022027 -0.041801 -0.003068 -0.003068 -0.007670 -0.012272 0.001534 -0.012272 0.000000 -0.016874 0.000000 0.000000 0.009204 0.007670 -0.018408 0.000000 7.554268 -0.703495 -4.969790 1.706544 0.489954 -4.763821 0.196000 0.023000 3.895967 16.350000 0.086500 -0.500000 0.032527 0.794285 0.000000 0.000000 0.000000 0.021000 0.044000 0.131000 0.010000 0.000000 0.000000 0.010000 0.003000
23.656794 2.000000 0.523255 0.300516 -0.211042 -0.413516 -0.307539 0.021104 0.036288 0.528229 -0.292799 0.221792 -0.414211 0.299965 0.022039 -0.041813 0.001534 -0.003068 -0.010738 -0.004602 -0.003068 -0.012272 0.006136 -0.033748 -0.015340 -0.016874 0.000000 -0.003068 0.000000 0.000000 7.769561 -0.729400 -5.007003 2.045458 0.476942 -4.803479 0.196000 0.023000 4.040714 16.350000 0.086500 -0.500000 0.032527 0.823795 0.000000 0.000000 0.000000 0.022000 0.044000 0.130000 0.010000 0.000000 0.000000 0.010000 0.003000
23.689000 2.000000 0.523159 0.300504 -0.211042 -0.413552 -0.307527 0.020853 0.036288 0.527833 -0.292787 0.221732 -0.414211 0.299977 0.022027 -0.041813 -0.010738 0.000000 0.009204 -0.009204 0.016874 -0.024544 0.006136 -0.021476 -0.001534 0.000000 -0.012272 -0.018408 -0.006136 0.006136 8.007112 -0.730228 -4.997279 2.272635 0.500946 -4.843731 0.196000 0.023000 4.185179 16.350000 0.086500 -0.500000 0.032527 0.853247 0.000000 0.000000 0.000000 0.022000 0.044000 0.130000 0.010000 0.000000 0.000000 0.010000 0.003000
23.733420 2.000000 0.522788 0.300397 -0.211006 -0.413600 -0.307551 0.020505 0.036288 0.526791 -0.292799 0.221624 -0.414211 0.300001 0.021979 -0.041813 -0.021476 -0.012272 0.001534 0.000000 -0.003068 0.000000 0.018408 -0.018408 -0.009204 0.000000 -0.001534 0.024544 0.000000 0.006136 8.327445 -0.766896 -5.049365 2.663477 0.498899 -4.940134 0.190000 0.025000 4.395381 16.350000 0.082500 -0.500000 0.032535 0.896102 0.000000 0.000000 0.000000 0.022000 0.044000 0.124000 0.010000 0.000000 0.000000 0.011000 0.004000
23.770408 2.000000 0.522536 0.300361 -0.211006 -0.413624 -0.307599 0.020277 0.036288 0.526323 -0.292787 0.221421 -0.414223 0.299977 0.021859 -0.041837 -0.015340 0.006136 0.009204 0.000000 -0.015340 -0.024544 0.006136 -0.012272 0.001534 0.000000 -0.010738 -0.001534 -0.006136 -0.006136 8.459889 -0.750638 -4.997377 2.845452 0.506987 -4.960533 0.190000 0.025000 4.485722 16.350000 0.082500 -0.500000 0.032535 0.914520 0.000000 0.000000 0.000000 0.022000 0.044000 0.124000 0.010000 0.000000 0.000000 0.011000 0.004000
23.796110 2.000000 0.522416 0.300337 -0.211018 -0.413624 -0.307599 0.020265 0.036288 0.526215 -0.292787 0.221289 -0.414211 0.299965 0.021859 -0.041825 -0.012272 -0.009204 -0.006136 -0.007670 0.006136 0.000000 0.000000 -0.004602 0.003068 -0.026078 0.009204 0.007670 0.012272 0.006136 8.541731 -0.818726 -4.988625 2.940470 0.440805 -5.005874 0.190000 0.025000 4.540709 16.350000 0.082500 -0.500000 0.032535 0.925731 0.000000 0.000000 0.000000 0.022000 0.044000 0.124000 0.010000 0.000000 0.000000 0.011000 0.004000
23.826574 2.000000 0.521757 0.300289 -0.211030 -0.413636 -0.307623 0.020241 0.036252 0.525928 -0.292787 0.220510 -0.414271 0.299953 0.021560 -0.041813 -0.019942 -0.016874 -0.006136 0.006136 0.000000 0.000000 -0.012272 0.009204 -0.003068 -0.021476 -0.010738 -0.003068 -0.006136 0.000000 8.748164 -0.817626 -5.029874 3.049029 0.410300 -4.942777 0.184000 0.017000 4.654670 16.350000 0.083500 -0.500000 0.032533 0.948964 0.000000 0.000000 0.000000 0.022000 0.043000 0.119000 0.010000 0.000000 0.000000 0.000000 0.007000
23.867558 2.000000 0.521601 0.300301 -0.211030 -0.413648 -0.307647 0.020241 0.036252 0.525808 -0.292787 0.220366 -0.414295 0.299953 0.021380 -0.041825 -0.036816 -0.013806 -0.015340 -0.015340 0.006136 -0.006136 -0.024544 0.010738 0.000000 -0.006136 0.000000 -0.012272 -0.018408 -0.012272 8.886166 -0.868394 -4.954312 3.279790 0.362117 -4.926355 0.184000 0.017000 4.759365 16.350000 0.083500 -0.500000 0.032533 0.970309 0.000000 0.000000 0.000000 0.022000 0.043000 0.119000 0.010000 0.000000 0.000000 0.000000 0.007000
23.902064 2.000000 0.521589 0.300121 -0.211054 -0.413648 -0.307827 0.020277 0.036264 0.525460 -0.292763 0.220078 -0.414367 0.299965 0.021140 -0.041813 -0.009204 -0.012272 -0.016874 0.000000 0.003068 0.018408 0.000000 0.000000 -0.001534 0.000000 0.007670 0.001534 -0.006136 0.018408 8.922013 -0.870990 -5.004724 3.485364 0.366880 -4.961969 0.184000 0.017000 4.812570 16.350000 0.083500 -0.500000 0.032533 0.981156 0.000000 0.000000 0.000000 0.022000 0.043000 0.119000 0.010000 0.000000 0.000000 0.000000 0.007000
23.946278 2.000000 0.521601 0.299989 -0.211018 -0.413648 -0.307863 0.020265 0.036252 0.525017 -0.292727 0.219875 -0.414462 0.299929 0.021068 -0.041825 0.003068 0.004602 0.004602 -0.001534 -0.013806 0.012272 -0.012272 0.003068 0.009204 0.001534 -0.021476 -0.006136 0.006136 0.006136 8.957439 -0.844744 -4.972760 3.644883 0.374614 -4.902354 0.184000 0.031000 4.857335 16.350000 0.076500 -0.500000 0.032547 0.990282 0.000000 0.000000 0.000000 0.022000 0.044000 0.118000 0.010000 0.000000 0.000000 0.014000 0.007000
23.997842 2.000000 0.521601 0.299977 -0.211042 -0.413671 -0.307863 0.020253 0.036276 0.524909 -0.292739 0.219839 -0.414450 0.299905 0.021056 -0.041825 0.006136 -0.012272 0.007670 -0.007670 -0.007670 0.012272 0.000000 0.000000 0.004602 -0.006136 -0.006136 0.000000 0.000000 -0.006136 9.113097 -0.920135 -4.967568 3.794030 0.342457 -4.895935 0.184000 0.031000 4.960019 16.350000 0.076500 -0.500000 0.032547 1.011217 0.000000 0.000000 0.000000 0.022000 0.044000 0.118000 0.010000 0.000000 0.000000 0.014000 0.007000
24.024307 2.000000 0.521506 0.299989 -0.211042 -0.413947 -0.307899 0.020050 0.036288 0.524789 -0.292727 0.219803 -0.414558 0.299905 0.020841 -0.041849 -0.033748 0.006136 -0.015340 -0.018408 -0.009204 0.000000 0.000000 -0.006136 0.003068 0.000000 -0.009204 -0.009204 -0.024544 -0.012272 9.306943 -0.954795 -4.930099 3.905328 0.348208 -4.868847 0.184000 0.029000 5.072072 16.350000 0.077500 -0.500000 0.032545 1.034062 0.000000 0.000000 0.000000 0.022000 0.044000 0.118000 0.010000 0.000000 0.000000 0.014000 0.005000
24.056468 2.000000 0.521470 0.299989 -0.211030 -0.414079 -0.307899 0.020002 0.036276 0.524765 -0.292727 0.219803 -0.414618 0.299917 0.020745 -0.041825 -0.001534 -0.006136 -0.012272 -0.013806 -0.007670 -0.006136 -0.012272 -0.007670 0.006136 0.000000 -0.009204 0.009204 0.000000 -0.006136 9.261375 -0.960544 -4.945532 4.016137 0.334489 -4.877670 0.187000 0.029000 5.072892 16.350000 0.079000 -0.500000 0.032542 1.034229 0.000000 0.000000 0.000000 0.021000 0.045000 0.121000 0.010000 0.000000 0.000000 0.014000 0.005000
24.088879 2.000000 0.521326 0.299989 -0.211054 -0.414594 -0.307899 0.020002 0.036300 0.524705 -0.292727 0.219659 -0.414630 0.299929 0.020565 -0.041837 0.004602 -0.003068 0.001534 -0.001534 0.001534 -0.012272 0.018408 0.010738 0.000000 -0.003068 -0.003068 0.001534 -0.006136 0.012272 9.300722 -0.937320 -4.954930 4.030561 0.292779 -4.910601 0.187000 0.029000 5.091982 16.350000 0.079000 -0.500000 0.032542 1.038121 0.000000 0.000000 0.000000 0.021000 0.045000 0.121000 0.010000 0.000000 0.000000 0.014000 0.005000
24.116996 2.000000 0.521314 0.299929 -0.211054 -0.414654 -0.307899 0.020014 0.036276 0.524741 -0.292739 0.219647 -0.414630 0.299881 0.020577 -0.041837 0.000000 0.009204 0.001534 -0.010738 -0.006136 0.006136 0.000000 0.010738 -0.006136 0.000000 0.000000 0.001534 0.000000 -0.006136 9.342983 -0.939677 -4.944200 4.078582 0.252990 -4.938002 0.187000 0.029000 5.120380 16.350000 0.079000 -0.500000 0.032542 1.043910 0.000000 0.000000 0.000000 0.021000 0.045000 0.121000 0.010000 0.000000 0.000000 0.014000 0.005000
24.140363 2.000000 0.521350 0.299977 -0.211030 -0.414666 -0.307887 0.020050 0.036276 0.525340 -0.292739 0.219599 -0.414606 0.299881 0.020589 -0.041825 0.007670 -0.003068 0.000000 -0.012272 0.001534 0.012272 0.000000 0.032214 0.003068 0.000000 -0.001534 -0.007670 -0.012272 0.000000 9.310366 -0.953505 -4.941880 3.996334 0.235149 -4.913047 0.184000 0.025000 5.089648 16.350000 0.079500 -0.500000 0.032541 1.037645 0.000000 0.000000 0.000000 0.021000 0.045000 0.118000 0.009000 0.000000 0.000000 0.014000 0.002000
24.172622 2.000000 0.522644 0.300013 -0.211054 -0.414642 -0.307887 0.020110 0.036276 0.526719 -0.292799 0.219647 -0.414570 0.299857 0.020769 -0.041801 0.055223 0.003068 -0.003068 -0.004602 -0.004602 0.000000 -0.012272 0.009204 0.006136 0.001534 -0.009204 -0.004602 -0.012272 0.000000 9.036179 -0.910893 -4.934266 3.957844 0.199580 -4.846760 0.184000 0.025000 4.954458 16.350000 0.079500 -0.500000 0.032541 1.010083 0.000000 0.000000 0.000000 0.021000 0.045000 0.118000 0.009000 0.000000 0.000000 0.014000 0.002000
24.194205 2.000000 0.523004 0.300025 -0.211042 -0.414642 -0.307887 0.020110 0.036288 0.526839 -0.292823 0.219659 -0.414570 0.299857 0.020805 -0.041801 0.049087 0.001534 -0.001534 0.000000 -0.003068 0.000000 0.000000 0.030680 -0.010738 -0.004602 0.001534 -0.009204 0.006136 0.012272 8.986266 -0.893396 -4.912939 3.842493 0.139006 -4.853835 0.184000 0.025000 4.907525 16.350000 0.079500 -0.500000 0.032541 1.000515 0.000000 0.000000 0.000000 0.021000 0.045000 0.118000 0.009000 0.000000 0.000000 0.014000 0.002000
24.231662 2.000000 0.523818 0.300037 -0.211042 -0.414642 -0.307863 0.020110 0.036264 0.527186 -0.292847 0.219683 -0.414558 0.299833 0.020877 -0.041813 0.042951 -0.015340 0.012272 0.000000 0.003068 0.006136 -0.006136 0.047553 -0.015340 0.016874 0.003068 -0.029146 0.018408 0.000000 8.839424 -0.888679 -4.865553 3.654027 0.110142 -4.823345 0.170000 0.014000 4.803364 16.350000 0.078000 -0.500000 0.032544 0.979279 0.000000 0.000000 0.000000 0.021000 0.044000 0.105000 0.009000 0.000000 0.000000 0.000000 0.005000
24.276423 2.000000 0.526335 0.300049 -0.211042 -0.414642 -0.307887 0.020086 0.036276 0.528612 -0.292894 0.219779 -0.414522 0.299594 0.021104 -0.041789 0.041417 -0.009204 -0.004602 0.000000 0.000000 -0.012272 0.000000 0.027612 0.000000 0.003068 0.006136 0.001534 0.018408 0.000000 8.431953 -0.850250 -4.776918 3.510591 0.064317 -4.753646 0.170000 0.014000 4.586642 16.350000 0.078000 -0.500000 0.032544 0.935095 0.000000 0.000000 0.000000 0.021000 0.044000 0.105000 0.009000 0.000000 0.000000 0.000000 0.005000
24.312071 2.000000 0.528480 0.300121 -0.211066 -0.414654 -0.307887 0.020110 0.036264 0.529391 -0.292894 0.219803 -0.414510 0.299462 0.021128 -0.041789 0.035282 -0.012272 0.003068 0.004602 0.001534 0.006136 0.000000 0.019942 -0.001534 0.012272 0.009204 -0.024544 0.018408 0.006136 7.992338 -0.812652 -4.701478 3.327590 0.085436 -4.716625 0.170000 0.014000 4.347931 16.350000 0.078000 -0.500000 0.032544 0.886428 0.000000 0.000000 0.000000 0.021000 0.044000 0.105000 0.009000 0.000000 0.000000 0.000000 0.005000
24.384808 2.000000 0.529918 0.300205 -0.211090 -0.414630 -0.307899 0.020145 0.036264 0.529619 -0.292954 0.219803 -0.414498 0.299318 0.021236 -0.041777 0.004602 -0.019942 -0.007670 -0.006136 -0.010738 0.000000 0.006136 0.009204 -0.003068 0.000000 0.000000 0.000000 0.006136 0.006136 7.676819 -0.820482 -4.592341 3.097306 0.070353 -4.634397 0.168000 0.013000 4.159477 16.350000 0.077500 -0.500000 0.032545 0.848008 0.000000 0.000000 0.000000 0.021000 0.043000 0.104000 0.009000 0.000000 0.000000 0.000000 0.004000
24.425377 2.000000 0.530614 0.300469 -0.211078 -0.414618 -0.307899 0.020181 0.036264 0.530757 -0.292954 0.219827 -0.414450 0.299306 0.021332 -0.041777 0.000000 -0.007670 -0.003068 -0.006136 -0.004602 0.000000 -0.018408 0.027612 -0.004602 0.009204 0.004602 -0.016874 0.000000 0.000000 7.404096 -0.784867 -4.537292 2.756586 0.061829 -4.594346 0.168000 0.011000 3.969863 16.350000 0.078500 -0.500000 0.032543 0.809350 0.000000 0.000000 0.000000 0.021000 0.043000 0.104000 0.009000 0.000000 0.000000 0.000000 0.002000
24.457612 2.000000 0.531057 0.300504 -0.211090 -0.414594 -0.307899 0.020253 0.036276 0.531680 -0.292954 0.219863 -0.414438 0.299330 0.021368 -0.041777 -0.023010 0.013806 0.009204 -0.003068 0.004602 0.024544 0.012272 0.016874 -0.003068 0.003068 -0.003068 0.001534 0.000000 -0.006136 7.269993 -0.713062 -4.503628 2.611573 0.049955 -4.549907 0.170000 0.011000 3.878919 16.350000 0.079500 -0.500000 0.032541 0.790809 0.000000 0.000000 0.000000 0.021000 0.043000 0.106000 0.009000 0.000000 0.000000 0.000000 0.002000
24.491307 2.000000 0.531177 0.300528 -0.211126 -0.414606 -0.307887 0.020277 0.036252 0.532687 -0.292954 0.219899 -0.414450 0.299318 0.021380 -0.041765 0.016874 -0.009204 0.006136 -0.009204 -0.004602 0.006136 -0.012272 0.053689 0.000000 -0.009204 -0.004602 -0.007670 0.006136 0.000000 6.958902 -0.730414 -4.473324 2.306638 -0.020960 -4.526842 0.170000 0.011000 3.683777 16.350000 0.079500 -0.500000 0.032541 0.751025 0.000000 0.000000 0.000000 0.021000 0.043000 0.106000 0.009000 0.000000 0.000000 0.000000 0.002000
24.530976 2.000000 0.531369 0.300564 -0.211150 -0.414570 -0.307887 0.020301 0.036264 0.533238 -0.292954 0.219899 -0.414438 0.299306 0.021368 -0.041753 0.016874 -0.009204 -0.003068 0.001534 -0.004602 -0.012272 0.000000 0.038350 0.000000 0.001534 -0.003068 0.001534 0.000000 0.018408 6.762301 -0.723132 -4.445522 2.081855 -0.001672 -4.465258 0.170000 0.009000 3.556183 16.350000 0.080500 -0.500000 0.032539 0.725012 0.000000 0.000000 0.000000 0.021000 0.043000 0.106000 0.009000 0.000000 0.000000 0.000000 0.000000
24.559010 2.000000 0.531896 0.300624 -0.211210 -0.414558 -0.307851 0.020397 0.036252 0.534772 -0.292930 0.219923 -0.414438 0.299330 0.021368 -0.041765 0.012272 -0.007670 0.004602 0.000000 -0.009204 -0.006136 -0.006136 0.032214 0.006136 0.021476 0.012272 -0.018408 0.000000 0.006136 6.615379 -0.704533 -4.415993 1.873785 0.012800 -4.451112 0.169000 0.009000 3.455822 16.350000 0.080000 -0.500000 0.032540 0.704551 0.000000 0.000000 0.000000 0.020000 0.043000 0.106000 0.009000 0.000000 0.000000 0.000000 0.000000
24.591603 2.000000 0.532100 0.300612 -0.211222 -0.414558 -0.307851 0.020433 0.036252 0.535215 -0.292954 0.219935 -0.414438 0.299330 0.021356 -0.041765 0.012272 0.000000 0.024544 -0.013806 -0.003068 -0.006136 -0.012272 0.035282 -0.001534 0.016874 -0.003068 -0.006136 -0.006136 0.000000 6.405562 -0.645464 -4.351076 1.664942 -0.016427 -4.388108 0.169000 0.009000 3.324911 16.350000 0.080000 -0.500000 0.032540 0.677862 0.000000 0.000000 0.000000 0.020000 0.043000 0.106000 0.009000 0.000000 0.000000 0.000000 0.000000
24.622357 2.000000 0.532255 0.300624 -0.211258 -0.414558 -0.307851 0.020505 0.036264 0.535647 -0.292954 0.219994 -0.414462 0.299318 0.021380 -0.041753 0.000000 -0.003068 -0.010738 -0.009204 -0.006136 0.000000 0.006136 0.023010 -0.007670 0.012272 -0.009204 0.000000 0.006136 0.000000 6.309689 -0.643832 -4.340784 1.531561 -0.033816 -4.348667 0.169000 0.009000 3.262419 16.350000 0.080000 -0.500000 0.032540 0.665121 0.000000 0.000000 0.000000 0.020000 0.043000 0.106000 0.009000 0.000000 0.000000 0.000000 0.000000
24.663196 2.000000 0.532603 0.300648 -0.211282 -0.414534 -0.307827 0.020577 0.036240 0.535971 -0.292966 0.220030 -0.414450 0.299318 0.021416 -0.041765 0.010738 0.001534 0.006136 0.003068 0.003068 -0.012272 0.000000 0.009204 -0.004602 0.004602 0.000000 -0.007670 0.006136 -0.024544 6.068271 -0.584465 -4.317007 1.305985 -0.062886 -4.304682 0.168000 0.009000 3.117494 16.350000 0.079500 -0.500000 0.032541 0.635575 0.000000 0.000000 0.000000 0.020000 0.042000 0.106000 0.009000 0.000000 0.000000 0.000000 0.000000
24.688979 2.000000 0.532759 0.300624 -0.211318 -0.414522 -0.307827 0.020625 0.036252 0.536066 -0.292990 0.220030 -0.414427 0.299342 0.021428 -0.041753 0.019942 0.000000 -0.010738 0.015340 0.000000 0.012272 0.000000 0.030680 -0.001534 0.012272 0.018408 0.012272 0.018408 -0.006136 5.936814 -0.597107 -4.339557 1.122339 -0.047521 -4.329432 0.168000 0.009000 3.035795 16.350000 0.079500 -0.500000 0.032541 0.618918 0.000000 0.000000 0.000000 0.020000 0.042000 0.106000 0.009000 0.000000 0.000000 0.000000 0.000000
24.720622 2.000000 0.533070 0.300648 -0.211330 -0.414522 -0.307827 0.020697 0.036240 0.536246 -0.292990 0.220066 -0.414403 0.299342 0.021512 -0.041741 0.009204 -0.004602 0.000000 0.001534 0.000000 0.000000 -0.024544 0.016874 -0.006136 0.000000 0.004602 -0.015340 0.012272 -0.006136 5.864104 -0.590677 -4.281362 0.981338 -0.074506 -4.257332 0.168000 0.009000 2.987691 16.350000 0.079500 -0.500000 0.032541 0.609111 0.000000 0.000000 0.000000 0.020000 0.042000 0.106000 0.009000 0.000000 0.000000 0.000000 0.000000
24.770644 2.000000 0.533130 0.300660 -0.211318 -0.414522 -0.307827 0.020709 0.036264 0.536342 -0.292990 0.220066 -0.414391 0.299318 0.021536 -0.041741 0.000000 -0.003068 -0.007670 0.003068 0.001534 0.000000 0.000000 0.012272 0.007670 0.012272 0.001534 -0.016874 -0.006136 0.030680 5.722318 -0.628455 -4.259663 0.815770 -0.036302 -4.211605 0.172000 0.009000 2.907175 16.350000 0.081500 -0.500000 0.032537 0.592696 0.000000 0.000000 0.000000 0.020000 0.042000 0.110000 0.009000 0.000000 0.000000 0.000000 0.000000
24.819799 2.000000 0.533154 0.300648 -0.211330 -0.414522 -0.307827 0.020709 0.036264 0.536414 -0.293014 0.220102 -0.414403 0.299318 0.021608 -0.041729 0.009204 -0.004602 -0.009204 0.000000 -0.006136 -0.006136 0.024544 0.004602 0.000000 0.006136 -0.009204 -0.010738 0.012272 0.012272 5.585416 -0.648169 -4.248663 0.712694 -0.069336 -4.189779 0.172000 0.009000 2.834155 16.350000 0.081500 -0.500000 0.032537 0.577809 0.000000 0.000000 0.000000 0.020000 0.042000 0.110000 0.009000 0.000000 0.000000 0.000000 0.000000
24.873248 2.000000 0.533274 0.300684 -0.211330 -0.414498 -0.307851 0.020841 0.036264 0.536761 -0.293050 0.220246 -0.414223 0.299318 0.021859 -0.041729 0.000000 -0.003068 -0.001534 -0.004602 -0.003068 0.006136 0.006136 0.029146 0.004602 0.019942 0.003068 -0.010738 0.000000 0.000000 5.530821 -0.614817 -4.234912 0.505474 -0.051326 -4.280159 0.172000 0.009000 2.794017 16.350000 0.081500 -0.500000 0.032537 0.569626 0.000000 0.000000 0.000000 0.019000 0.042000 0.111000 0.009000 0.000000 0.000000 0.000000 0.000000
24.911130 2.000000 0.533370 0.300684 -0.211306 -0.414486 -0.307827 0.020889 0.036252 0.537001 -0.293050 0.220330 -0.414199 0.299318 0.021943 -0.041717 0.007670 -0.009204 0.009204 0.000000 0.001534 0.000000 -0.006136 0.032214 0.004602 0.009204 0.009204 -0.016874 -0.018408 0.006136 5.468269 -0.589065 -4.236162 0.440835 -0.061645 -4.309266 0.172000 0.009000 2.758944 16.350000 0.081500 -0.500000 0.032537 0.562476 0.000000 0.000000 0.000000 0.019000 0.042000 0.111000 0.009000 0.000000 0.000000 0.000000 0.000000
24.951576 2.000000 0.533729 0.300768 -0.211318 -0.414462 -0.307791 0.021140 0.036264 0.537624 -0.293062 0.220438 -0.414163 0.299318 0.022183 -0.041729 -0.006136 -0.012272 0.004602 -0.004602 0.007670 0.000000 0.018408 0.024544 -0.004602 0.018408 -0.003068 0.001534 0.000000 -0.006136 5.461877 -0.583402 -4.222039 0.361770 -0.079415 -4.373478 0.172000 0.009000 2.752710 16.350000 0.081500 -0.500000 0.032537 0.561205 0.000000 0.000000 0.000000 0.019000 0.042000 0.111000 0.009000 0.000000 0.000000 0.000000 0.000000
24.982371 2.000000 0.533789 0.300792 -0.211342 -0.414462 -0.307791 0.021200 0.036264 0.537780 -0.293062 0.220450 -0.414139 0.299330 0.022231 -0.041741 -0.001534 -0.018408 0.001534 0.006136 -0.004602 0.006136 0.012272 0.026078 0.003068 0.006136 -0.001534 -0.010738 0.006136 -0.006136 5.420877 -0.582820 -4.247606 0.324279 -0.095954 -4.384376 0.172000 0.009000 2.731298 16.350000 0.081500 -0.500000 0.032537 0.556840 0.000000 0.000000 0.000000 0.019000 0.042000 0.111000 0.009000 0.000000 0.000000 0.000000 0.000000
25.009270 2.000000 0.534065 0.300996 -0.211318 -0.414462 -0.307779 0.021356 0.036264 0.538331 -0.293074 0.220618 -0.414091 0.299318 0.022351 -0.041729 -0.010738 -0.006136 0.004602 0.000000 -0.006136 0.006136 0.000000 0.021476 -0.009204 0.015340 0.007670 0.000000 0.018408 -0.012272 5.376660 -0.562053 -4.220104 0.212391 -0.108284 -4.397027 0.172000 0.009000 2.705606 16.350000 0.081500 -0.500000 0.032537 0.551602 0.000000 0.000000 0.000000 0.019000 0.042000 0.111000 0.009000 0.000000 0.000000 0.000000 0.000000
25.054391 2.000000 0.534077 0.301020 -0.211318 -0.414462 -0.307779 0.021380 0.036252 0.538379 -0.293062 0.220678 -0.414067 0.299342 0.022351 -0.041717 0.012272 0.007670 0.012272 -0.004602 -0.006136 -0.006136 -0.006136 0.009204 0.018408 0.016874 0.004602 -0.007670 0.006136 0.006136 5.224846 -0.518437 -4.205918 0.166936 -0.052657 -4.380155 0.174000 0.009000 2.626711 16.350000 0.082500 -0.500000 0.032535 0.535517 0.000000 0.000000 0.000000 0.020000 0.042000 0.112000 0.009000 0.000000 0.000000 0.000000 0.000000
25.094919 2.000000 0.534077 0.301140 -0.211318 -0.414450 -0.307767 0.021416 0.036240 0.538379 -0.293074 0.220678 -0.414079 0.299330 0.022375 -0.041717 -0.007670 0.029146 0.010738 0.000000 -0.003068 -0.012272 0.000000 0.000000 -0.006136 0.000000 -0.010738 0.000000 0.000000 0.000000 5.219388 -0.494384 -4.194495 0.087069 -0.111414 -4.289997 0.174000 0.009000 2.622328 16.350000 0.082500 -0.500000 0.032535 0.534624 0.000000 0.000000 0.000000 0.020000 0.042000 0.112000 0.009000 0.000000 0.000000 0.000000 0.000000
25.130945 2.000000 0.534077 0.301152 -0.211330 -0.414462 -0.307767 0.021416 0.036264 0.538391 -0.293074 0.220701 -0.414067 0.299342 0.022375 -0.041717 0.016874 0.003068 0.009204 -0.004602 -0.003068 -0.006136 0.012272 -0.006136 -0.006136 0.000000 -0.003068 0.000000 -0.006136 0.000000 5.124597 -0.475380 -4.202474 0.053433 -0.118266 -4.313659 0.174000 0.008000 2.574117 16.350000 0.083000 -0.500000 0.032534 0.524795 0.000000 0.000000 0.000000 0.020000 0.042000 0.112000 0.008000 0.000000 0.000000 0.000000 0.000000
25.166074 2.000000 0.534101 0.301283 -0.211318 -0.414450 -0.307779 0.021464 0.036252 0.538427 -0.293062 0.220761 -0.414019 0.299366 0.022434 -0.041705 0.006136 0.006136 0.000000 0.000000 -0.006136 0.000000 -0.018408 0.021476 0.000000 0.007670 0.001534 -0.012272 0.006136 0.012272 5.106678 -0.543734 -4.211432 -0.069291 -0.112064 -4.359552 0.177000 0.008000 2.568617 16.350000 0.084500 -0.500000 0.032531 0.523673 0.000000 0.000000 0.000000 0.020000 0.043000 0.114000 0.008000 0.000000 0.000000 0.000000 0.000000
25.206570 2.000000 0.534089 0.301307 -0.211330 -0.414450 -0.307791 0.021464 0.036264 0.538415 -0.293074 0.220785 -0.414019 0.299354 0.022446 -0.041717 0.001534 0.001534 -0.003068 0.001534 -0.009204 0.000000 0.018408 0.003068 -0.015340 0.007670 0.019942 -0.012272 -0.006136 0.000000 5.096879 -0.531454 -4.212057 -0.048924 -0.140403 -4.370753 0.177000 0.008000 2.563334 16.350000 0.084500 -0.500000 0.032531 0.522596 0.000000 0.000000 0.000000 0.020000 0.043000 0.114000 0.008000 0.000000 0.000000 0.000000 0.000000
25.252152 2.000000 0.534113 0.301343 -0.211318 -0.414462 -0.307755 0.021500 0.036252 0.538535 -0.293086 0.220929 -0.413959 0.299354 0.022530 -0.041717 0.004602 -0.004602 -0.006136 -0.006136 -0.010738 0.012272 0.000000 -0.012272 -0.010738 0.009204 0.000000 0.003068 0.000000 0.000000 5.052870 -0.587769 -4.215282 0.035890 -0.115265 -4.365829 0.178000 0.009000 2.544187 16.350000 0.084500 -0.500000 0.032531 0.518693 0.000000 0.000000 0.000000 0.020000 0.043000 0.115000 0.009000 0.000000 0.000000 0.000000 0.000000
25.317632 2.000000 0.534197 0.301415 -0.211330 -0.414438 -0.307719 0.021560 0.036264 0.538907 -0.293086 0.221109 -0.413899 0.299342 0.022626 -0.041717 0.003068 0.012272 0.006136 0.000000 -0.003068 -0.006136 0.000000 0.010738 -0.009204 0.015340 0.006136 0.000000 -0.012272 0.000000 5.027866 -0.518583 -4.199975 -0.222455 -0.060945 -4.374347 0.178000 0.009000 2.529899 16.350000 0.084500 -0.500000 0.032531 0.515780 0.000000 0.000000 0.000000 0.020000 0.043000 0.115000 0.009000 0.000000 0.000000 0.000000 0.000000
25.379540 2.000000 0.534233 0.301415 -0.211330 -0.414427 -0.307695 0.021572 0.036240 0.539026 -0.293086 0.221109 -0.413875 0.299354 0.022650 -0.041717 -0.003068 -0.004602 -0.004602 0.000000 -0.004602 0.000000 0.000000 0.007670 -0.004602 0.003068 -0.007670 0.001534 0.000000 0.006136 5.024968 -0.543452 -4.203854 -0.366721 -0.023604 -4.265135 0.173000 0.009000 2.533805 16.350000 0.082000 -0.500000 0.032536 0.516576 0.000000 0.000000 0.000000 0.020000 0.042000 0.111000 0.009000 0.000000 0.000000 0.000000 0.000000
25.440688 2.000000 0.534688 0.301463 -0.211318 -0.414427 -0.307683 0.021596 0.036252 0.539206 -0.293110 0.221181 -0.413839 0.299342 0.022686 -0.041717 0.018408 0.009204 0.012272 -0.006136 -0.003068 -0.018408 0.000000 0.003068 -0.001534 0.003068 0.007670 -0.010738 0.006136 0.000000 4.845957 -0.473414 -4.159753 -0.403838 -0.066541 -4.314910 0.173000 0.009000 2.443099 16.350000 0.082000 -0.500000 0.032536 0.498083 0.000000 0.000000 0.000000 0.020000 0.042000 0.111000 0.009000 0.000000 0.000000 0.000000 0.000000
25.485213 2.000000 0.534808 0.301427 -0.211306 -0.414414 -0.307671 0.021608 0.036264 0.539242 -0.293086 0.221193 -0.413839 0.299366 0.022686 -0.041717 0.006136 0.001534 0.013806 -0.016874 -0.004602 0.012272 0.012272 0.003068 0.009204 0.010738 0.006136 -0.010738 0.006136 -0.006136 4.818749 -0.456283 -4.144674 -0.397302 -0.027767 -4.398872 0.173000 0.009000 2.428331 16.350000 0.082000 -0.500000 0.032536 0.495073 0.000000 0.000000 0.000000 0.020000 0.042000 0.111000 0.009000 0.000000 0.000000 0.000000 0.000000
25.564653 2.000000 0.536390 0.301439 -0.211306 -0.414438 -0.307671 0.021596 0.036252 0.539374 -0.293146 0.221660 -0.413791 0.299306 0.022734 -0.041717 0.030680 -0.013806 0.004602 -0.009204 -0.006136 -0.012272 -0.006136 0.003068 0.006136 0.019942 -0.009204 0.001534 0.000000 0.000000 4.390782 -0.459877 -4.085807 -0.469638 0.107573 -4.390172 0.175000 0.009000 2.220506 16.350000 0.083000 -0.500000 0.032534 0.452703 0.000000 0.000000 0.000000 0.021000 0.042000 0.112000 0.009000 0.000000 0.000000 0.000000 0.000000
25.619676 2.000000 0.538427 0.301439 -0.211330 -0.414427 -0.307695 0.021596 0.036264 0.540009 -0.293266 0.222259 -0.413731 0.299330 0.022902 -0.041717 0.026078 -0.024544 -0.006136 0.001534 0.006136 -0.012272 0.000000 0.010738 -0.009204 0.009204 0.000000 -0.003068 0.000000 -0.006136 4.156314 -0.459859 -4.061365 -0.611949 0.110644 -4.402665 0.175000 0.009000 2.113832 16.350000 0.083000 -0.500000 0.032534 0.430954 0.000000 0.000000 0.000000 0.021000 0.042000 0.112000 0.009000 0.000000 0.000000 0.000000 0.000000
25.676607 2.000000 0.538859 0.301487 -0.211330 -0.414438 -0.307695 0.021620 0.036252 0.540081 -0.293302 0.222475 -0.413564 0.299330 0.022986 -0.041729 -0.001534 -0.003068 -0.018408 -0.007670 -0.003068 -0.006136 0.000000 0.001534 0.000000 0.010738 0.001534 0.013806 0.000000 0.000000 4.025602 -0.498994 -4.002324 -0.671801 0.172687 -4.397147 0.175000 0.009000 2.057645 16.350000 0.083000 -0.500000 0.032534 0.419499 0.000000 0.000000 0.000000 0.021000 0.042000 0.112000 0.009000 0.000000 0.000000 0.000000 0.000000
25.713285 2.000000 0.538847 0.301487 -0.211318 -0.414438 -0.307695 0.021620 0.036264 0.540069 -0.293302 0.222463 -0.413564 0.299330 0.022998 -0.041717 0.009204 0.003068 0.003068 -0.016874 -0.010738 0.000000 0.000000 0.003068 0.000000 0.006136 0.004602 0.000000 0.006136 0.000000 3.854344 -0.434922 -3.968128 -0.720599 0.181768 -4.401282 0.175000 0.009000 1.974679 16.350000 0.083000 -0.500000 0.032534 0.402585 0.000000 0.000000 0.000000 0.021000 0.042000 0.112000 0.009000 0.000000 0.000000 0.000000 0.000000
25.773307 2.000000 0.538859 0.301499 -0.211318 -0.414450 -0.307671 0.021620 0.036252 0.540093 -0.293314 0.222487 -0.413564 0.299330 0.022998 -0.041705 0.000000 -0.003068 0.003068 -0.007670 0.010738 -0.006136 -0.006136 0.024544 0.001534 0.000000 -0.003068 0.000000 0.000000 0.012272 3.778212 -0.423395 -3.955487 -0.927478 0.190383 -4.370463 0.175000 0.009000 1.958993 16.350000 0.083000 -0.500000 0.032534 0.399387 0.000000 0.000000 0.000000 0.021000 0.042000 0.112000 0.009000 0.000000 0.000000 0.000000 0.000000
25.827415 2.000000 0.538859 0.301499 -0.211318 -0.414427 -0.307671 0.021632 0.036264 0.540093 -0.293338 0.222499 -0.413564 0.299330 0.022998 -0.041717 -0.001534 -0.003068 -0.016874 0.000000 -0.010738 -0.006136 0.000000 -0.004602 -0.010738 0.006136 0.000000 -0.003068 0.000000 0.000000 3.701565 -0.490534 -3.968527 -0.853362 0.207682 -4.364931 0.176000 0.009000 1.917913 16.350000 0.083500 -0.500000 0.032533 0.391012 0.000000 0.000000 0.000000 0.021000 0.042000 0.113000 0.009000 0.000000 0.000000 0.000000 0.000000
25.900619 2.000000 0.538871 0.301523 -0.211318 -0.414427 -0.307659 0.021644 0.036252 0.540105 -0.293314 0.222499 -0.413564 0.299330 0.022998 -0.041693 0.001534 0.000000 -0.010738 -0.003068 -0.003068 0.012272 -0.006136 0.027612 0.018408 0.000000 -0.001534 -0.003068 0.000000 0.024544 3.611396 -0.518576 -3.965957 -0.934602 0.292088 -4.396764 0.176000 0.009000 1.888776 16.350000 0.083500 -0.500000 0.032533 0.385072 0.000000 0.000000 0.000000 0.021000 0.042000 0.113000 0.009000 0.000000 0.000000 0.000000 0.000000
25.957423 2.000000 0.538871 0.301523 -0.211306 -0.414450 -0.307659 0.021644 0.036264 0.540105 -0.293338 0.222499 -0.413564 0.299342 0.022998 -0.041705 -0.010738 0.000000 -0.006136 -0.006136 0.003068 0.000000 0.006136 0.000000 -0.012272 0.000000 0.000000 -0.003068 0.000000 0.000000 3.629902 -0.473817 -3.941450 -0.865065 0.251321 -4.380776 0.176000 0.008000 1.884953 16.350000 0.084000 -0.500000 0.032532 0.384292 0.000000 0.000000 0.000000 0.021000 0.042000 0.113000 0.008000 0.000000 0.000000 0.000000 0.000000
26.027785 2.000000 0.538859 0.301547 -0.211318 -0.414427 -0.307635 0.021644 0.036276 0.540093 -0.293314 0.222523 -0.413564 0.299342 0.023010 -0.041705 -0.007670 -0.010738 0.007670 -0.006136 -0.012272 -0.006136 0.012272 0.026078 -0.007670 0.012272 -0.003068 -0.010738 0.006136 -0.006136 3.593444 -0.427720 -3.927354 -0.949987 0.267293 -4.397559 0.177000 0.008000 1.875480 16.350000 0.084500 -0.500000 0.032531 0.382361 0.000000 0.000000 0.000000 0.022000 0.042000 0.113000 0.008000 0.000000 0.000000 0.000000 0.000000
26.076912 2.000000 0.538871 0.301583 -0.211318 -0.414414 -0.307623 0.021691 0.036264 0.540093 -0.293338 0.222559 -0.413564 0.299342 0.023010 -0.041693 0.016874 -0.010738 -0.010738 0.006136 -0.006136 -0.012272 0.006136 0.004602 0.010738 0.001534 -0.006136 -0.010738 0.000000 0.018408 3.510081 -0.429399 -3.956891 -0.864958 0.307490 -4.382660 0.177000 0.008000 1.826729 16.350000 0.084500 -0.500000 0.032531 0.372422 0.000000 0.000000 0.000000 0.022000 0.042000 0.113000 0.008000 0.000000 0.000000 0.000000 0.000000
26.116668 2.000000 0.538859 0.301631 -0.211306 -0.414403 -0.307623 0.021727 0.036264 0.540105 -0.293314 0.222547 -0.413564 0.299354 0.022998 -0.041705 -0.010738 -0.001534 0.012272 -0.003068 -0.007670 0.006136 0.000000 0.006136 0.003068 0.006136 -0.006136 0.000000 0.000000 0.012272 3.588387 -0.390614 -3.925066 -0.941300 0.288773 -4.375942 0.177000 0.008000 1.870731 16.350000 0.084500 -0.500000 0.032531 0.381393 0.000000 0.000000 0.000000 0.022000 0.042000 0.113000 0.008000 0.000000 0.000000 0.000000 0.000000
26.168910 2.000000 0.538871 0.301679 -0.211318 -0.414391 -0.307575 0.021727 0.036264 0.540105 -0.293314 0.222583 -0.413564 0.299354 0.022986 -0.041705 -0.009204 -0.009204 -0.007670 0.009204 0.010738 -0.006136 0.006136 0.013806 0.003068 0.006136 0.001534 0.001534 -0.018408 0.000000 3.566036 -0.415759 -3.941289 -0.955663 0.272197 -4.376532 0.177000 0.008000 1.862582 16.350000 0.084500 -0.500000 0.032531 0.379731 0.000000 0.000000 0.000000 0.022000 0.042000 0.113000 0.008000 0.000000 0.000000 0.000000 0.000000
26.206088 2.000000 0.538883 0.301751 -0.211318 -0.414391 -0.307575 0.021763 0.036228 0.540093 -0.293338 0.222583 -0.413552 0.299354 0.022998 -0.041705 0.000000 -0.006136 0.003068 0.006136 -0.013806 0.000000 -0.018408 0.006136 -0.006136 0.001534 0.004602 0.004602 -0.006136 -0.006136 3.535160 -0.396257 -3.933642 -0.902447 0.249225 -4.431209 0.177000 0.008000 1.839218 16.350000 0.084500 -0.500000 0.032531 0.374968 0.000000 0.000000 0.000000 0.022000 0.042000 0.113000 0.008000 0.000000 0.000000 0.000000 0.000000
26.259117 2.000000 0.538883 0.301775 -0.211306 -0.414391 -0.307551 0.021763 0.036264 0.540105 -0.293338 0.222583 -0.413552 0.299354 0.023010 -0.041705 0.016874 -0.003068 0.010738 -0.015340 -0.003068 -0.006136 0.000000 -0.010738 -0.001534 -0.006136 0.000000 -0.015340 0.012272 0.000000 3.418598 -0.365835 -3.895183 -0.764805 0.291873 -4.438512 0.177000 0.009000 1.767114 16.350000 0.084000 -0.500000 0.032532 0.360268 0.000000 0.000000 0.000000 0.022000 0.042000 0.113000 0.009000 0.000000 0.000000 0.000000 0.000000
26.309743 2.000000 0.538883 0.301799 -0.211306 -0.414379 -0.307515 0.021799 0.036240 0.540117 -0.293350 0.222607 -0.413564 0.299378 0.023010 -0.041693 -0.006136 0.004602 0.010738 0.000000 -0.003068 0.000000 -0.018408 0.003068 -0.004602 0.000000 -0.004602 0.006136 0.006136 0.000000 3.501612 -0.367143 -3.913866 -0.838113 0.285839 -4.423665 0.177000 0.009000 1.815228 16.350000 0.084000 -0.500000 0.032532 0.370077 0.000000 0.000000 0.000000 0.022000 0.042000 0.113000 0.009000 0.000000 0.000000 0.000000 0.000000
26.345861 2.000000 0.538895 0.301823 -0.211318 -0.414379 -0.307515 0.021811 0.036252 0.540117 -0.293338 0.222607 -0.413564 0.299366 0.022998 -0.041693 0.000000 0.004602 0.001534 0.001534 0.001534 0.000000 0.000000 0.001534 -0.016874 -0.004602 -0.007670 -0.003068 0.000000 0.012272 3.489782 -0.371562 -3.924244 -0.848346 0.268359 -4.405550 0.176000 0.009000 1.810272 16.350000 0.083500 -0.500000 0.032533 0.369067 0.000000 0.000000 0.000000 0.022000 0.042000 0.112000 0.009000 0.000000 0.000000 0.000000 0.000000
26.383336 2.000000 0.538895 0.301835 -0.211306 -0.414379 -0.307503 0.021823 0.036276 0.540105 -0.293350 0.222607 -0.413564 0.299342 0.022998 -0.041693 0.000000 0.012272 0.010738 -0.009204 -0.001534 0.012272 0.030680 -0.004602 0.001534 0.000000 0.000000 -0.001534 0.000000 0.000000 3.501439 -0.342981 -3.916225 -0.834088 0.307101 -4.417634 0.176000 0.009000 1.814368 16.350000 0.083500 -0.500000 0.032533 0.369902 0.000000 0.000000 0.000000 0.022000 0.042000 0.112000 0.009000 0.000000 0.000000 0.000000 0.000000
26.429088 2.000000 0.538895 0.301859 -0.211318 -0.414367 -0.307503 0.021823 0.036264 0.540093 -0.293350 0.222631 -0.413552 0.299366 0.022998 -0.041693 0.000000 0.018408 0.000000 0.003068 0.000000 -0.006136 0.000000 -0.003068 0.009204 0.007670 0.000000 -0.003068 -0.018408 0.000000 3.503321 -0.363536 -3.924549 -0.840903 0.339325 -4.414897 0.176000 0.008000 1.818493 16.350000 0.084000 -0.500000 0.032532 0.370743 0.000000 0.000000 0.000000 0.023000 0.041000 0.112000 0.008000 0.000000 0.000000 0.000000 0.000000
26.466218 2.000000 0.538931 0.301859 -0.211306 -0.414355 -0.307491 0.021859 0.036240 0.540117 -0.293338 0.222631 -0.413564 0.299366 0.022998 -0.041693 0.003068 0.013806 0.003068 -0.013806 -0.012272 0.012272 -0.018408 0.024544 -0.006136 -0.003068 0.007670 -0.006136 0.000000 0.000000 3.503774 -0.377245 -3.913780 -0.988694 0.278457 -4.425518 0.176000 0.008000 1.835334 16.350000 0.084000 -0.500000 0.032532 0.374176 0.000000 0.000000 0.000000 0.023000 0.041000 0.112000 0.008000 0.000000 0.000000 0.000000 0.000000
26.499129 2.000000 0.538931 0.301871 -0.211330 -0.414331 -0.307479 0.021883 0.036252 0.540105 -0.293338 0.222631 -0.413564 0.299354 0.023010 -0.041681 -0.007670 0.004602 0.000000 -0.003068 0.004602 0.000000 -0.024544 -0.003068 -0.003068 0.004602 -0.007670 -0.004602 0.006136 0.006136 3.536256 -0.393215 -3.918756 -0.902965 0.304147 -4.391600 0.176000 0.008000 1.841709 16.350000 0.084000 -0.500000 0.032532 0.375476 0.000000 0.000000 0.000000 0.023000 0.041000 0.112000 0.008000 0.000000 0.000000 0.000000 0.000000
26.523693 2.000000 0.538943 0.301871 -0.211330 -0.414343 -0.307467 0.021883 0.036252 0.540081 -0.293362 0.222631 -0.413564 0.299342 0.022998 -0.041693 -0.029146 -0.018408 0.001534 -0.023010 0.003068 -0.018408 -0.006136 -0.019942 -0.015340 0.000000 0.000000 -0.007670 -0.012272 -0.012272 3.642859 -0.422037 -3.884905 -0.822215 0.278216 -4.389289 0.176000 0.008000 1.884276 16.350000 0.084000 -0.500000 0.032532 0.384154 0.000000 0.000000 0.000000 0.023000 0.041000 0.112000 0.008000 0.000000 0.000000 0.000000 0.000000
26.555688 2.000000 0.538943 0.301883 -0.211318 -0.414307 -0.307467 0.021907 0.036276 0.540093 -0.293350 0.222655 -0.413564 0.299354 0.022998 -0.041681 0.003068 0.003068 0.003068 0.001534 -0.003068 -0.012272 0.018408 0.000000 0.001534 0.015340 0.000000 -0.016874 0.000000 0.012272 3.531302 -0.365924 -3.939621 -0.889745 0.317489 -4.408718 0.176000 0.008000 1.836875 16.350000 0.084000 -0.500000 0.032532 0.374490 0.000000 0.000000 0.000000 0.023000 0.041000 0.112000 0.008000 0.000000 0.000000 0.000000 0.000000
26.599788 2.000000 0.538967 0.301883 -0.211330 -0.414307 -0.307455 0.021919 0.036252 0.540105 -0.293338 0.222631 -0.413564 0.299342 0.022998 -0.041681 -0.001534 -0.003068 0.004602 0.007670 0.000000 -0.018408 -0.012272 0.000000 0.000000 0.000000 0.000000 -0.010738 0.000000 0.000000 3.543353 -0.381927 -3.937647 -0.893577 0.278782 -4.395318 0.176000 0.008000 1.842378 16.350000 0.084000 -0.500000 0.032532 0.375612 0.000000 0.000000 0.000000 0.023000 0.041000 0.112000 0.008000 0.000000 0.000000 0.000000 0.000000
26.637933 2.000000 0.538931 0.301919 -0.211318 -0.414295 -0.307455 0.021943 0.036264 0.540081 -0.293350 0.222643 -0.413564 0.299354 0.022998 -0.041681 -0.013806 0.019942 -0.001534 -0.010738 0.003068 0.006136 0.006136 0.035282 0.003068 0.000000 -0.001534 -0.012272 0.000000 0.018408 3.556982 -0.388021 -3.924448 -0.978811 0.293864 -4.412191 0.177000 0.008000 1.860585 16.350000 0.084500 -0.500000 0.032531 0.379324 0.000000 0.000000 0.000000 0.023000 0.042000 0.112000 0.008000 0.000000 0.000000 0.000000 0.000000
26.674493 2.000000 0.538955 0.301919 -0.211306 -0.414283 -0.307455 0.021931 0.036264 0.540105 -0.293350 0.222655 -0.413564 0.299354 0.022998 -0.041681 0.000000 0.006136 0.006136 -0.006136 -0.004602 -0.006136 0.000000 0.001534 0.000000 0.009204 0.006136 0.006136 -0.012272 0.000000 3.523635 -0.386975 -3.933206 -0.876591 0.316580 -4.399687 0.177000 0.008000 1.832647 16.350000 0.084500 -0.500000 0.032531 0.373628 0.000000 0.000000 0.000000 0.023000 0.042000 0.112000 0.008000 0.000000 0.000000 0.000000 0.000000
26.723685 2.000000 0.538931 0.301931 -0.211318 -0.414283 -0.307443 0.021943 0.036264 0.540117 -0.293350 0.222667 -0.413564 0.299366 0.022998 -0.041681 0.006136 0.003068 0.021476 0.004602 -0.006136 0.000000 0.000000 0.004602 -0.006136 0.001534 0.000000 0.004602 0.000000 0.000000 3.436650 -0.356463 -3.936149 -0.838636 0.308452 -4.475346 0.177000 0.009000 1.784383 16.350000 0.084000 -0.500000 0.032532 0.363788 0.000000 0.000000 0.000000 0.023000 0.042000 0.112000 0.009000 0.000000 0.000000 0.000000 0.000000
26.777581 2.000000 0.538931 0.301931 -0.211330 -0.414259 -0.307443 0.021943 0.036252 0.540105 -0.293350 0.222667 -0.413552 0.299342 0.023010 -0.041681 -0.007670 0.013806 0.004602 0.000000 0.000000 -0.006136 -0.006136 0.026078 0.000000 -0.003068 0.004602 -0.010738 0.000000 0.000000 3.486404 -0.350554 -3.918867 -0.903899 0.316607 -4.467614 0.176000 0.009000 1.816258 16.350000 0.083500 -0.500000 0.032533 0.370287 0.000000 0.000000 0.000000 0.023000 0.042000 0.111000 0.009000 0.000000 0.000000 0.000000 0.000000
26.827538 2.000000 0.538919 0.301931 -0.211306 -0.414259 -0.307419 0.021955 0.036288 0.540117 -0.293362 0.222667 -0.413564 0.299342 0.022998 -0.041681 -0.004602 0.004602 -0.003068 0.000000 -0.001534 0.006136 0.006136 -0.013806 -0.016874 0.007670 0.000000 -0.003068 0.000000 0.000000 3.484925 -0.347680 -3.935410 -0.727062 0.320299 -4.445984 0.176000 0.009000 1.795605 16.350000 0.083500 -0.500000 0.032533 0.366076 0.000000 0.000000 0.000000 0.023000 0.042000 0.111000 0.009000 0.000000 0.000000 0.000000 0.000000
26.861128 2.000000 0.538943 0.301919 -0.211306 -0.414235 -0.307419 0.021967 0.036264 0.540093 -0.293338 0.222691 -0.413564 0.299342 0.022998 -0.041681 -0.004602 -0.003068 0.016874 -0.003068 0.001534 0.000000 0.000000 -0.006136 0.000000 0.001534 0.000000 0.001534 0.000000 -0.012272 3.486857 -0.296514 -3.910665 -0.767101 0.334197 -4.444807 0.176000 0.008000 1.799043 16.350000 0.084000 -0.500000 0.032532 0.366777 0.000000 0.000000 0.000000 0.023000 0.042000 0.111000 0.008000 0.000000 0.000000 0.000000 0.000000
26.907574 2.000000 0.538955 0.301955 -0.211306 -0.414259 -0.307407 0.021955 0.036252 0.540093 -0.293338 0.222691 -0.413564 0.299342 0.022998 -0.041693 0.001534 -0.021476 0.010738 -0.004602 -0.013806 -0.006136 -0.006136 -0.021476 -0.006136 0.006136 0.006136 0.007670 0.000000 -0.012272 3.486382 -0.339683 -3.918731 -0.761831 0.321868 -4.433738 0.176000 0.008000 1.799599 16.350000 0.084000 -0.500000 0.032532 0.366891 0.000000 0.000000 0.000000 0.023000 0.042000 0.111000 0.008000 0.000000 0.000000 0.000000 0.000000
26.952256 2.000000 0.538943 0.301955 -0.211318 -0.414247 -0.307395 0.021967 0.036264 0.540093 -0.293314 0.222691 -0.413540 0.299342 0.023010 -0.041681 0.000000 -0.001534 -0.009204 0.000000 0.000000 0.000000 0.000000 0.007670 -0.009204 -0.006136 0.007670 -0.009204 0.006136 0.000000 3.479072 -0.374141 -3.943295 -0.868773 0.283775 -4.437877 0.176000 0.009000 1.808260 16.350000 0.083500 -0.500000 0.032533 0.368656 0.000000 0.000000 0.000000 0.023000 0.042000 0.111000 0.009000 0.000000 0.000000 0.000000 0.000000
27.019291 2.000000 0.538943 0.301943 -0.211306 -0.414235 -0.307383 0.021967 0.036252 0.540093 -0.293338 0.222715 -0.413552 0.299366 0.022986 -0.041681 0.032214 -0.001534 -0.003068 -0.006136 -0.003068 0.000000 0.000000 0.010738 -0.001534 0.021476 0.004602 0.000000 -0.024544 0.000000 3.290760 -0.384019 -3.930129 -0.896600 0.322160 -4.400441 0.176000 0.009000 1.723677 16.350000 0.083500 -0.500000 0.032533 0.351412 0.000000 0.000000 0.000000 0.023000 0.042000 0.111000 0.009000 0.000000 0.000000 0.000000 0.000000
27.085129 2.000000 0.538943 0.301943 -0.211318 -0.414223 -0.307359 0.021991 0.036240 0.540093 -0.293338 0.222715 -0.413564 0.299366 0.022998 -0.041693 0.013806 -0.006136 -0.001534 -0.003068 -0.006136 0.018408 -0.012272 0.006136 0.000000 0.006136 -0.001534 0.001534 0.000000 -0.012272 3.396263 -0.427906 -3.942840 -0.872087 0.319144 -4.405411 0.175000 0.009000 1.773421 16.350000 0.083000 -0.500000 0.032534 0.361554 0.000000 0.000000 0.000000 0.023000 0.042000 0.110000 0.009000 0.000000 0.000000 0.000000 0.000000
27.150037 2.000000 0.538967 0.301967 -0.211306 -0.414199 -0.307359 0.022003 0.036264 0.540117 -0.293338 0.222739 -0.413564 0.299354 0.022998 -0.041681 0.000000 -0.010738 0.012272 0.000000 0.000000 0.018408 -0.006136 0.009204 -0.023010 0.010738 -0.001534 0.007670 -0.012272 0.000000 3.473505 -0.367024 -3.935150 -0.902049 0.284067 -4.385479 0.177000 0.009000 1.809304 16.350000 0.084000 -0.500000 0.032532 0.368869 0.000000 0.000000 0.000000 0.024000 0.042000 0.111000 0.009000 0.000000 0.000000 0.000000 0.000000
27.220976 2.000000 0.538967 0.301967 -0.211318 -0.414175 -0.307335 0.022015 0.036264 0.540093 -0.293350 0.222739 -0.413564 0.299330 0.022998 -0.041681 0.000000 0.004602 0.015340 -0.009204 0.000000 0.006136 0.000000 -0.027612 0.003068 0.000000 0.000000 -0.007670 0.000000 0.000000 3.480217 -0.313348 -3.899906 -0.690856 0.312088 -4.400044 0.177000 0.009000 1.787790 16.350000 0.084000 -0.500000 0.032532 0.364483 0.000000 0.000000 0.000000 0.024000 0.042000 0.111000 0.009000 0.000000 0.000000 0.000000 0.000000
27.284380 2.000000 0.538955 0.301955 -0.211306 -0.414187 -0.307335 0.022015 0.036264 0.540093 -0.293338 0.222727 -0.413564 0.299366 0.023010 -0.041669 -0.016874 0.016874 0.001534 -0.003068 0.000000 0.012272 0.000000 0.024544 0.004602 -0.003068 0.001534 -0.013806 0.006136 0.012272 3.605978 -0.284122 -3.915826 -0.890813 0.282776 -4.431066 0.177000 0.009000 1.867974 16.350000 0.084000 -0.500000 0.032532 0.380831 0.000000 0.000000 0.000000 0.024000 0.042000 0.111000 0.009000 0.000000 0.000000 0.000000 0.000000
27.370293 2.000000 0.538967 0.301943 -0.211318 -0.414175 -0.307335 0.022003 0.036264 0.540093 -0.293350 0.222739 -0.413564 0.299354 0.022998 -0.041669 -0.007670 -0.019942 0.019942 -0.003068 -0.009204 -0.024544 0.000000 0.001534 -0.004602 0.000000 -0.007670 -0.006136 -0.006136 0.012272 3.572859 -0.333273 -3.912672 -0.844348 0.276600 -4.372882 0.177000 0.009000 1.848366 16.350000 0.084000 -0.500000 0.032532 0.376833 0.000000 0.000000 0.000000 0.024000 0.042000 0.111000 0.009000 0.000000 0.000000 0.000000 0.000000
27.459747 2.000000 0.538967 0.301955 -0.211318 -0.414151 -0.307299 0.022039 0.036252 0.540093 -0.293338 0.222775 -0.413564 0.299354 0.022998 -0.041669 -0.003068 -0.009204 -0.010738 -0.001534 0.000000 0.018408 0.000000 0.000000 0.006136 0.007670 0.000000 -0.004602 0.000000 0.006136 3.515156 -0.332809 -3.949575 -1.006487 0.278481 -4.374360 0.177000 0.009000 1.841036 16.350000 0.084000 -0.500000 0.032532 0.375339 0.000000 0.000000 0.000000 0.024000 0.042000 0.111000 0.009000 0.000000 0.000000 0.000000 0.000000
27.529725 2.000000 0.538979 0.301967 -0.211306 -0.414151 -0.307299 0.022027 0.036264 0.540093 -0.293338 0.222775 -0.413564 0.299330 0.023010 -0.041669 -0.003068 -0.004602 0.000000 -0.004602 -0.006136 0.000000 0.000000 0.019942 0.006136 -0.004602 0.000000 -0.027612 0.012272 0.012272 3.625923 -0.300290 -3.944208 -1.007577 0.290466 -4.400732 0.177000 0.009000 1.893217 16.350000 0.084000 -0.500000 0.032532 0.385977 0.000000 0.000000 0.000000 0.024000 0.042000 0.111000 0.009000 0.000000 0.000000 0.000000 0.000000
27.603059 2.000000 0.538967 0.301955 -0.211318 -0.414127 -0.307288 0.022039 0.036264 0.540105 -0.293338 0.222799 -0.413564 0.299330 0.022998 -0.041669 -0.001534 -0.006136 0.024544 0.000000 -0.006136 0.006136 -0.012272 -0.004602 -0.007670 0.007670 0.006136 -0.003068 -0.012272 0.006136 3.635782 -0.253375 -4.030195 -0.913354 0.286647 -4.381641 0.177000 0.009000 1.884111 16.350000 0.084000 -0.500000 0.032532 0.384120 0.000000 0.000000 0.000000 0.024000 0.042000 0.111000 0.009000 0.000000 0.000000 0.000000 0.000000
27.657796 2.000000 0.538967 0.301967 -0.211306 -0.414115 -0.307299 0.022039 0.036276 0.540129 -0.293350 0.222823 -0.413564 0.299354 0.023010 -0.041669 -0.003068 0.007670 0.010738 0.006136 -0.007670 0.000000 0.018408 0.013806 -0.006136 0.006136 -0.006136 0.000000 0.006136 0.000000 3.582498 -0.220176 -3.992449 -0.958160 0.277472 -4.386563 0.177000 0.009000 1.862648 16.350000 0.084000 -0.500000 0.032532 0.379745 0.000000 0.000000 0.000000 0.025000 0.042000 0.110000 0.009000 0.000000 0.000000 0.000000 0.000000
27.688509 2.000000 0.538967 0.301967 -0.211306 -0.414103 -0.307252 0.022039 0.036252 0.540081 -0.293338 0.222835 -0.413564 0.299354 0.023022 -0.041669 0.003068 0.000000 0.003068 0.000000 0.000000 0.000000 0.000000 0.012272 0.004602 -0.004602 0.006136 -0.006136 0.000000 0.000000 3.549317 -0.235293 -3.973244 -0.942816 0.270106 -4.396654 0.177000 0.009000 1.844917 16.350000 0.084000 -0.500000 0.032532 0.376130 0.000000 0.000000 0.000000 0.025000 0.042000 0.110000 0.009000 0.000000 0.000000 0.000000 0.000000
27.745375 2.000000 0.538979 0.301967 -0.211306 -0.414079 -0.307252 0.022051 0.036264 0.540081 -0.293350 0.222847 -0.413564 0.299318 0.022998 -0.041669 -0.004602 0.006136 0.007670 0.009204 -0.001534 0.006136 0.000000 -0.006136 0.001534 0.000000 0.000000 -0.016874 0.000000 0.000000 3.536114 -0.202962 -3.950985 -0.896518 0.341306 -4.387199 0.176000 0.009000 1.834770 16.350000 0.083500 -0.500000 0.032533 0.374061 0.000000 0.000000 0.000000 0.025000 0.042000 0.109000 0.009000 0.000000 0.000000 0.000000 0.000000
27.804591 2.000000 0.538979 0.301955 -0.211306 -0.414091 -0.307216 0.022051 0.036252 0.540093 -0.293350 0.222871 -0.413564 0.299342 0.022998 -0.041681 -0.004602 0.006136 0.013806 0.000000 -0.003068 0.006136 -0.012272 -0.009204 -0.009204 0.006136 0.001534 -0.016874 0.000000 -0.006136 3.516416 -0.193804 -3.917494 -0.907450 0.377545 -4.398274 0.176000 0.009000 1.828165 16.350000 0.083500 -0.500000 0.032533 0.372715 0.000000 0.000000 0.000000 0.025000 0.042000 0.109000 0.009000 0.000000 0.000000 0.000000 0.000000
27.872743 2.000000 0.538979 0.301943 -0.211318 -0.414079 -0.307240 0.022051 0.036252 0.540105 -0.293350 0.222871 -0.413564 0.299342 0.022998 -0.041669 -0.004602 -0.010738 0.006136 -0.015340 -0.003068 0.006136 0.000000 -0.006136 0.004602 0.004602 0.000000 -0.006136 0.006136 0.000000 3.621660 -0.259296 -3.924227 -0.894918 0.391119 -4.414658 0.176000 0.009000 1.879994 16.350000 0.083500 -0.500000 0.032533 0.383281 0.000000 0.000000 0.000000 0.025000 0.042000 0.109000 0.009000 0.000000 0.000000 0.000000 0.000000
27.937944 2.000000 0.538979 0.301967 -0.211306 -0.414055 -0.307228 0.022075 0.036288 0.540093 -0.293350 0.222871 -0.413564 0.299342 0.023010 -0.041657 -0.009204 -0.006136 -0.010738 -0.001534 0.000000 0.018408 0.006136 0.007670 -0.009204 0.001534 -0.009204 -0.003068 0.018408 0.018408 3.571877 -0.350435 -3.958262 -0.936920 0.335670 -4.404412 0.175000 0.009000 1.862230 16.350000 0.083000 -0.500000 0.032534 0.379660 0.000000 0.000000 0.000000 0.025000 0.042000 0.108000 0.009000 0.000000 0.000000 0.000000 0.000000
28.010823 2.000000 0.538979 0.301967 -0.211330 -0.414043 -0.307204 0.022063 0.036264 0.540093 -0.293350 0.222871 -0.413564 0.299318 0.022998 -0.041669 -0.007670 0.004602 0.003068 0.006136 -0.018408 0.000000 -0.006136 0.012272 0.000000 0.016874 0.003068 -0.001534 0.006136 0.006136 3.534121 -0.254968 -3.936744 -0.921978 0.371218 -4.432400 0.175000 0.009000 1.840032 16.350000 0.083000 -0.500000 0.032534 0.375134 0.000000 0.000000 0.000000 0.025000 0.042000 0.108000 0.009000 0.000000 0.000000 0.000000 0.000000
28.100237 2.000000 0.538979 0.301967 -0.211318 -0.414043 -0.307240 0.022075 0.036264 0.540081 -0.293338 0.222871 -0.413564 0.299330 0.022998 -0.041669 -0.009204 -0.001534 -0.001534 -0.010738 -0.010738 -0.006136 0.000000 0.006136 -0.003068 0.000000 0.004602 -0.030680 0.000000 0.000000 3.529360 -0.277040 -3.904412 -0.895538 0.297222 -4.403156 0.174000 0.008000 1.831902 16.350000 0.083000 -0.500000 0.032534 0.373476 0.000000 0.000000 0.000000 0.025000 0.042000 0.107000 0.008000 0.000000 0.000000 0.000000 0.000000
28.171850 2.000000 0.539026 0.301967 -0.211318 -0.414007 -0.307264 0.022075 0.036264 0.540117 -0.293350 0.222871 -0.413552 0.299318 0.022998 -0.041669 -0.007670 -0.007670 0.003068 -0.001534 0.000000 0.000000 0.000000 0.009204 -0.003068 -0.001534 0.000000 -0.010738 -0.006136 0.000000 3.517694 -0.275999 -3.932460 -0.907187 0.283263 -4.388715 0.174000 0.008000 1.827127 16.350000 0.083000 -0.500000 0.032534 0.372503 0.000000 0.000000 0.000000 0.026000 0.042000 0.106000 0.008000 0.000000 0.000000 0.000000 0.000000
28.263964 2.000000 0.539015 0.301955 -0.211330 -0.414019 -0.307264 0.022087 0.036252 0.540105 -0.293350 0.222871 -0.413564 0.299318 0.022998 -0.041669 0.004602 0.001534 0.007670 -0.018408 -0.004602 0.000000 0.000000 0.009204 0.000000 0.010738 0.007670 -0.004602 0.000000 0.006136 3.471119 -0.214645 -3.905589 -0.928818 0.386291 -4.417864 0.173000 0.008000 1.810156 16.350000 0.082500 -0.500000 0.032535 0.369043 0.000000 0.000000 0.000000 0.026000 0.042000 0.105000 0.008000 0.000000 0.000000 0.000000 0.000000
28.340991 2.000000 0.539015 0.301967 -0.211306 -0.414019 -0.307299 0.022087 0.036276 0.540105 -0.293338 0.222871 -0.413564 0.299330 0.023010 -0.041681 0.000000 0.015340 -0.010738 0.003068 -0.001534 -0.006136 0.012272 -0.006136 0.003068 0.006136 0.009204 -0.006136 0.006136 -0.006136 3.332899 -0.267173 -3.912350 -0.880509 0.338130 -4.404011 0.173000 0.008000 1.737040 16.350000 0.082500 -0.500000 0.032535 0.354137 0.000000 0.000000 0.000000 0.026000 0.043000 0.104000 0.008000 0.000000 0.000000 0.000000 0.000000
28.456438 2.000000 0.539026 0.301931 -0.211318 -0.414007 -0.307299 0.022099 0.036264 0.540129 -0.293374 0.222859 -0.413552 0.299342 0.022998 -0.041681 0.000000 -0.013806 -0.010738 0.003068 0.001534 -0.006136 -0.012272 0.000000 0.006136 0.001534 -0.003068 0.004602 0.000000 -0.006136 3.413920 -0.440117 -3.936335 -0.881756 0.348840 -4.394391 0.171000 0.008000 1.785199 16.350000 0.081500 -0.500000 0.032537 0.363955 0.000000 0.000000 0.000000 0.026000 0.042000 0.103000 0.008000 0.000000 0.000000 0.000000 0.000000
28.557223 2.000000 0.539026 0.301955 -0.211318 -0.414019 -0.307323 0.022099 0.036276 0.540105 -0.293374 0.222871 -0.413564 0.299330 0.022998 -0.041681 0.013806 -0.004602 -0.019942 -0.016874 0.001534 0.000000 0.012272 0.013806 -0.007670 0.000000 -0.003068 -0.003068 -0.006136 -0.006136 3.243062 -0.449085 -3.897185 -0.952317 0.393776 -4.408111 0.172000 0.008000 1.716180 16.350000 0.082000 -0.500000 0.032536 0.349884 0.000000 0.000000 0.000000 0.026000 0.043000 0.103000 0.008000 0.000000 0.000000 0.000000 0.000000
28.624535 2.000000 0.539015 0.301943 -0.211306 -0.414019 -0.307323 0.022099 0.036264 0.540093 -0.293374 0.222871 -0.413564 0.299330 0.023010 -0.041681 -0.003068 -0.021476 -0.004602 0.000000 -0.006136 0.006136 0.000000 -0.003068 -0.004602 -0.006136 -0.004602 0.006136 0.006136 -0.006136 3.387482 -0.427040 -3.928005 -0.893315 0.353035 -4.396852 0.172000 0.007000 1.773418 16.350000 0.082500 -0.500000 0.032535 0.361553 0.000000 0.000000 0.000000 0.025000 0.043000 0.104000 0.007000 0.000000 0.000000 0.000000 0.000000
28.702764 2.000000 0.539026 0.301967 -0.211306 -0.414019 -0.307335 0.022087 0.036252 0.540105 -0.293398 0.222871 -0.413564 0.299330 0.022998 -0.041681 0.016874 -0.016874 0.010738 0.001534 0.000000 0.000000 -0.012272 0.006136 -0.004602 0.001534 -0.007670 0.000000 0.018408 -0.006136 3.280546 -0.368342 -3.920325 -0.905071 0.369535 -4.420899 0.172000 0.007000 1.721436 16.350000 0.082500 -0.500000 0.032535 0.350955 0.000000 0.000000 0.000000 0.025000 0.043000 0.104000 0.007000 0.000000 0.000000 0.000000 0.000000
28.795230 2.000000 0.539026 0.301943 -0.211330 -0.414019 -0.307323 0.022075 0.036264 0.540117 -0.293398 0.222871 -0.413564 0.299318 0.023010 -0.041669 0.006136 -0.003068 -0.001534 0.000000 0.000000 -0.018408 0.006136 0.018408 -0.004602 0.007670 0.001534 0.000000 0.012272 0.000000 3.436008 -0.372004 -3.929644 -0.942495 0.323178 -4.419443 0.169000 0.001000 1.798422 16.350000 0.084000 -0.500000 0.032532 0.366651 0.000000 0.000000 0.000000 0.021000 0.043000 0.105000 0.001000 0.000000 0.000000 0.000000 0.000000
28.873879 2.000000 0.539015 0.301955 -0.211330 -0.414007 -0.307311 0.022087 0.036252 0.540105 -0.293386 0.222871 -0.413564 0.299306 0.023010 -0.041681 -0.021476 -0.004602 0.001534 0.000000 -0.004602 0.012272 -0.012272 0.036816 0.003068 -0.001534 -0.001534 -0.009204 -0.006136 0.000000 3.553537 -0.394385 -3.954651 -0.965155 0.292195 -4.407625 0.170000 0.011000 1.857422 16.350000 0.079500 -0.500000 0.032541 0.378679 0.000000 0.000000 0.000000 0.018000 0.043000 0.109000 0.000000 0.000000 0.000000 0.011000 0.000000
28.926929 2.000000 0.539015 0.301919 -0.211330 -0.414019 -0.307311 0.022087 0.036264 0.540105 -0.293410 0.222883 -0.413552 0.299330 0.023022 -0.041681 0.003068 -0.007670 0.004602 0.006136 -0.003068 0.000000 0.000000 0.000000 -0.004602 0.010738 0.000000 0.000000 0.000000 -0.006136 3.524348 -0.341530 -4.034936 -0.851707 0.329226 -4.399724 0.170000 0.011000 1.828351 16.350000 0.079500 -0.500000 0.032541 0.372752 0.000000 0.000000 0.000000 0.018000 0.043000 0.109000 0.000000 0.000000 0.000000 0.011000 0.000000
28.965847 2.000000 0.539003 0.301943 -0.211342 -0.414031 -0.307228 0.022099 0.036252 0.540117 -0.293470 0.223062 -0.413528 0.299078 0.023189 -0.041669 -0.010738 -0.007670 0.000000 -0.001534 0.000000 0.012272 -0.006136 0.000000 0.007670 0.006136 0.010738 -0.032214 0.018408 0.006136 3.562715 -0.362698 -4.008697 -0.862225 0.370509 -4.440070 0.181000 0.030000 1.851026 16.350000 0.075500 -0.500000 0.032549 0.377375 0.000000 0.000000 0.000000 0.017000 0.041000 0.123000 0.019000 0.000000 0.000000 0.011000 0.000000
29.047223 2.000000 0.539015 0.301967 -0.211354 -0.414019 -0.307192 0.022075 0.036252 0.540141 -0.293482 0.223098 -0.413528 0.298923 0.023273 -0.041681 0.000000 0.000000 0.007670 -0.006136 0.006136 0.000000 -0.012272 0.010738 0.000000 0.006136 0.003068 -0.016874 0.000000 -0.012272 3.533058 -0.352977 -3.980628 -0.910247 0.402419 -4.437402 0.190000 0.020000 1.843745 16.350000 0.085000 -0.500000 0.032530 0.375891 0.000000 0.000000 0.000000 0.021000 0.039000 0.130000 0.011000 0.003000 0.000000 0.006000 0.000000
29.100673 2.000000 0.539003 0.301955 -0.211414 -0.414019 -0.307084 0.022075 0.036240 0.540213 -0.293721 0.223506 -0.413120 0.298623 0.024088 -0.041681 0.000000 -0.029146 -0.001534 -0.010738 -0.003068 0.000000 -0.024544 0.016874 -0.001534 0.004602 0.010738 -0.009204 -0.012272 -0.006136 3.529712 -0.381957 -3.962827 -0.923712 0.432320 -4.461547 0.190000 0.020000 1.846950 16.350000 0.085000 -0.500000 0.032530 0.376544 0.000000 0.000000 0.000000 0.021000 0.039000 0.130000 0.011000 0.003000 0.000000 0.006000 0.000000
29.157622 2.000000 0.539003 0.301967 -0.211390 -0.414019 -0.306964 0.022075 0.036264 0.540237 -0.293757 0.223626 -0.413096 0.298647 0.024100 -0.041681 0.000000 0.010738 0.019942 -0.004602 -0.004602 0.012272 0.000000 0.019942 -0.004602 0.033748 0.001534 0.004602 -0.006136 -0.006136 3.514825 -0.271815 -3.954498 -0.925833 0.488788 -4.483994 0.189000 0.017000 1.838747 16.350000 0.086000 -0.500000 0.032528 0.374872 0.000000 0.000000 0.000000 0.022000 0.037000 0.130000 0.010000 0.003000 0.000000 0.004000 0.000000
29.212413 2.000000 0.539254 0.302098 -0.211486 -0.414019 -0.304004 0.022123 0.036240 0.543305 -0.294069 0.225052 -0.413084 0.298455 0.024388 -0.041681 0.004602 -0.012272 -0.006136 -0.007670 0.035282 0.006136 -0.012272 0.016874 -0.006136 0.007670 -0.015340 -0.009204 0.000000 -0.006136 3.394073 -0.380280 -3.928093 -1.223554 0.568656 -4.434110 0.189000 0.017000 1.836083 16.350000 0.086000 -0.500000 0.032528 0.374329 0.000000 0.000000 0.000000 0.022000 0.037000 0.130000 0.010000 0.003000 0.000000 0.004000 0.000000
29.257667 2.000000 0.539266 0.302110 -0.211510 -0.414031 -0.303848 0.022111 0.036252 0.543509 -0.294057 0.225112 -0.413060 0.298455 0.024388 -0.041681 -0.001534 0.000000 -0.007670 -0.001534 0.013806 0.000000 0.000000 0.023010 0.000000 0.013806 0.000000 -0.006136 0.000000 0.000000 3.412035 -0.362703 -3.928180 -1.457727 0.634998 -4.496015 0.186000 0.015000 1.890881 16.350000 0.085500 -0.500000 0.032529 0.385501 0.000000 0.000000 0.000000 0.023000 0.036000 0.127000 0.010000 0.002000 0.000000 0.003000 0.000000
29.313201 2.000000 0.539242 0.302110 -0.211522 -0.414019 -0.303740 0.022111 0.036252 0.543652 -0.294069 0.225220 -0.413072 0.298443 0.024376 -0.041669 -0.016874 -0.004602 -0.012272 0.000000 0.006136 0.000000 -0.006136 0.004602 0.000000 0.029146 -0.007670 -0.004602 -0.006136 0.006136 3.498806 -0.375598 -3.999560 -1.567651 0.729707 -4.448515 0.186000 0.015000 1.960403 16.350000 0.085500 -0.500000 0.032529 0.399674 0.000000 0.000000 0.000000 0.023000 0.036000 0.127000 0.010000 0.002000 0.000000 0.003000 0.000000
29.390224 2.000000 0.539254 0.302446 -0.211474 -0.414019 -0.303309 0.022123 0.036252 0.543604 -0.293997 0.225735 -0.413108 0.298383 0.024352 -0.041669 0.000000 0.000000 0.000000 0.003068 -0.006136 0.000000 0.000000 0.013806 -0.009204 0.000000 -0.001534 0.000000 -0.006136 -0.012272 3.449043 -0.300256 -3.966191 -1.748883 0.730643 -4.444731 0.172000 0.003000 1.973479 16.350000 0.084500 -0.500000 0.032531 0.402340 0.000000 0.000000 0.000000 0.023000 0.033000 0.116000 0.000000 0.001000 0.000000 0.002000 0.000000
29.467990 2.000000 0.539290 0.302614 -0.211474 -0.414031 -0.303249 0.022123 0.036252 0.543437 -0.293961 0.225747 -0.413120 0.298371 0.024316 -0.041645 -0.004602 -0.007670 -0.015340 -0.006136 0.003068 0.000000 -0.006136 0.009204 0.009204 -0.013806 0.006136 -0.013806 0.000000 -0.012272 3.332303 -0.260188 -3.890659 -1.826982 0.791429 -4.443771 0.154000 0.000000 1.945261 16.350000 0.077000 -0.500000 0.032546 0.396587 0.000000 0.000000 0.000000 0.023000 0.029000 0.102000 0.000000 0.000000 0.000000 0.000000 0.000000
29.527521 2.000000 0.539266 0.302638 -0.211486 -0.414007 -0.303273 0.022123 0.036252 0.543449 -0.293949 0.225783 -0.413108 0.298323 0.024304 -0.041645 -0.007670 0.015340 0.000000 0.000000 0.000000 -0.006136 -0.012272 0.015340 0.009204 0.009204 0.009204 -0.016874 -0.006136 0.012272 3.276296 -0.176452 -3.855987 -1.899988 0.851728 -4.438214 0.148000 0.016000 1.942977 16.350000 0.066000 -0.500000 0.032568 0.396122 0.000000 0.000000 0.000000 0.025000 0.026000 0.097000 0.000000 0.000000 0.000000 0.005000 0.011000
29.592889 2.000000 0.539290 0.302602 -0.211486 -0.414019 -0.303321 0.022123 0.036252 0.542394 -0.293889 0.225747 -0.413348 0.298359 0.024040 -0.041621 -0.003068 0.010738 0.023010 0.009204 0.000000 0.012272 -0.018408 -0.009204 0.000000 0.009204 -0.004602 0.000000 -0.006136 0.000000 3.214718 -0.131665 -3.851345 -1.748483 0.861753 -4.414651 0.148000 0.016000 1.880928 16.350000 0.066000 -0.500000 0.032568 0.383471 0.000000 0.000000 0.000000 0.025000 0.026000 0.097000 0.000000 0.000000 0.000000 0.005000 0.011000
29.680964 2.000000 0.539290 0.302614 -0.211486 -0.414031 -0.303572 0.022099 0.036264 0.538667 -0.293853 0.225723 -0.413803 0.298371 0.023681 -0.041645 0.007670 0.003068 -0.007670 -0.009204 -0.012272 -0.012272 0.000000 -0.035282 0.000000 0.003068 -0.010738 -0.018408 0.006136 -0.024544 3.148579 -0.312017 -3.828908 -1.075165 0.918143 -4.413458 0.132000 0.037000 1.732763 16.350000 0.047500 -0.500000 0.032605 0.353265 0.000000 0.000000 0.000000 0.024000 0.024000 0.084000 0.000000 0.000000 0.000000 0.005000 0.032000
29.770701 2.000000 0.539290 0.302578 -0.211486 -0.414019 -0.303584 0.022111 0.036252 0.538104 -0.293853 0.225711 -0.413851 0.298323 0.023657 -0.041633 -0.003068 -0.013806 0.015340 -0.001534 -0.007670 0.000000 0.000000 -0.039884 -0.009204 0.000000 0.000000 -0.001534 0.000000 0.000000 3.188231 -0.259489 -3.830977 -0.551080 0.963061 -4.576466 0.123000 0.040000 1.692877 16.350000 0.041500 -0.500000 0.032617 0.345133 0.000000 0.000000 0.000000 0.026000 0.023000 0.074000 0.000000 0.000000 0.000000 0.005000 0.035000
29.828060 2.000000 0.539350 0.302566 -0.211462 -0.414019 -0.303680 0.022111 0.036264 0.535539 -0.293829 0.225687 -0.414391 0.298407 0.023034 -0.041633 -0.006136 0.001534 -0.004602 -0.006136 -0.001534 0.000000 0.006136 -0.009204 0.009204 0.004602 0.000000 0.000000 -0.030680 0.000000 3.162410 -0.291801 -3.831195 -0.287877 1.009046 -4.572805 0.123000 0.010000 1.672351 16.350000 0.056500 -0.500000 0.032587 0.340948 0.000000 0.000000 0.000000 0.026000 0.023000 0.074000 0.000000 0.000000 0.000000 0.004000 0.006000
29.871301 2.000000 0.539338 0.302590 -0.211474 -0.414007 -0.303656 0.022111 0.036252 0.535443 -0.293829 0.225675 -0.414450 0.298371 0.022998 -0.041621 -0.009204 0.003068 -0.015340 0.000000 -0.009204 0.012272 -0.018408 0.003068 0.000000 -0.001534 -0.003068 0.010738 0.006136 0.018408 3.153631 -0.348479 -3.849832 -0.114451 0.965965 -4.576702 0.163000 0.010000 1.659293 16.350000 0.076500 -0.500000 0.032547 0.338286 0.000000 0.000000 0.000000 0.030000 0.024000 0.109000 0.000000 0.000000 0.000000 0.004000 0.006000
29.953132 2.000000 0.539362 0.302518 -0.211438 -0.414043 -0.303968 0.022075 0.036252 0.534700 -0.293853 0.225495 -0.417578 0.298383 0.021368 -0.041645 0.003068 0.004602 0.003068 -0.003068 -0.009204 -0.012272 -0.012272 0.001534 0.000000 -0.006136 -0.044485 -0.004602 -0.024544 0.018408 3.132689 -0.266981 -3.822884 -0.093608 0.915221 -3.961640 0.198000 0.001000 1.637942 16.350000 0.098500 -0.500000 0.032503 0.333933 0.000000 0.000000 0.000000 0.029000 0.030000 0.139000 0.000000 0.000000 0.000000 0.001000 0.000000
30.008886 2.000000 0.539338 0.302470 -0.211438 -0.414043 -0.304040 0.022075 0.036252 0.534640 -0.293829 0.225447 -0.417938 0.298383 0.021188 -0.041645 -0.001534 -0.009204 0.006136 0.000000 0.000000 -0.006136 -0.006136 -0.016874 0.001534 0.003068 -0.013806 -0.001534 -0.018408 0.018408 3.242960 -0.274210 -3.847357 0.052148 0.978998 -3.876319 0.198000 0.001000 1.699495 16.350000 0.098500 -0.500000 0.032503 0.346482 0.000000 0.000000 0.000000 0.029000 0.030000 0.139000 0.000000 0.000000 0.000000 0.001000 0.000000
30.045938 2.000000 0.537540 0.301883 -0.211330 -0.414163 -0.304220 0.021703 0.036264 0.534700 -0.293853 0.225208 -0.418813 0.298359 0.021008 -0.041669 -0.059825 -0.018408 0.001534 -0.001534 -0.003068 0.018408 0.000000 0.007670 -0.007670 0.000000 0.000000 -0.009204 0.000000 0.000000 3.609658 -0.336938 -3.882134 -0.065798 0.962598 -3.774953 0.198000 0.000000 1.875772 16.350000 0.099000 -0.500000 0.032502 0.382420 0.000000 0.000000 0.000000 0.026000 0.031000 0.141000 0.000000 0.000000 0.000000 0.000000 0.000000
30.096493 2.000000 0.537121 0.301895 -0.211318 -0.414187 -0.304208 0.021608 0.036300 0.534700 -0.293853 0.225220 -0.418825 0.298347 0.020996 -0.041657 -0.075165 0.000000 -0.006136 -0.009204 -0.001534 0.000000 0.006136 0.009204 -0.003068 0.006136 0.003068 0.001534 0.018408 0.006136 3.865131 -0.358579 -3.903587 -0.093705 1.010716 -3.667514 0.198000 0.000000 2.006125 16.350000 0.099000 -0.500000 0.032502 0.408996 0.000000 0.000000 0.000000 0.026000 0.031000 0.141000 0.000000 0.000000 0.000000 0.000000 0.000000
30.176781 2.000000 0.530206 0.302014 -0.208945 -0.415062 -0.303884 0.019211 0.036384 0.534772 -0.293853 0.225471 -0.418825 0.298359 0.020948 -0.041561 0.000000 -0.026078 0.030680 -0.032214 -0.010738 -0.012272 0.012272 0.009204 0.006136 -0.007670 -0.009204 0.001534 0.000000 0.012272 4.617496 -0.138906 -3.829314 -0.238209 1.034585 -3.436957 0.211000 0.000000 2.370004 16.350000 0.105500 -0.500000 0.032489 0.483181 0.000000 0.000000 0.000000 0.026000 0.033000 0.152000 0.000000 0.000000 0.000000 0.000000 0.000000
30.235697 2.000000 0.530242 0.302074 -0.208741 -0.415349 -0.303932 0.019067 0.036408 0.534868 -0.293829 0.225579 -0.418837 0.298359 0.020960 -0.041513 0.006136 0.003068 0.019942 -0.018408 0.000000 -0.006136 0.012272 -0.009204 -0.001534 -0.004602 -0.004602 -0.012272 0.012272 0.000000 5.009268 -0.059095 -3.822840 -0.163775 0.991282 -3.370944 0.211000 0.000000 2.554688 16.350000 0.105500 -0.500000 0.032489 0.520833 0.000000 0.000000 0.000000 0.026000 0.033000 0.152000 0.000000 0.000000 0.000000 0.000000 0.000000
30.295358 2.000000 0.531860 0.302566 -0.206728 -0.415325 -0.303872 0.019007 0.036792 0.534928 -0.293805 0.227089 -0.418837 0.298371 0.020972 -0.040483 0.036816 0.003068 0.013806 -0.007670 -0.001534 -0.018408 -0.012272 0.000000 0.001534 0.023010 0.009204 0.007670 0.006136 0.000000 4.913658 0.253002 -3.678555 -0.210381 1.223836 -3.384079 0.223000 0.000000 2.537227 16.350000 0.111500 -0.500000 0.032477 0.517274 0.000000 0.000000 0.000000 0.026000 0.035000 0.162000 0.000000 0.000000 0.000000 0.000000 0.000000
30.359273 2.000000 0.533442 0.302745 -0.205158 -0.415313 -0.303896 0.019019 0.037079 0.535647 -0.293793 0.228863 -0.418825 0.298371 0.021044 -0.039931 -0.004602 0.006136 0.015340 -0.004602 0.000000 0.012272 0.006136 0.010738 0.000000 0.018408 -0.006136 0.000000 0.012272 0.012272 5.033018 0.548685 -3.552272 -0.353677 1.421767 -3.347677 0.219000 0.000000 2.635282 16.350000 0.109500 -0.500000 0.032481 0.537264 0.000000 0.000000 0.000000 0.025000 0.036000 0.158000 0.000000 0.000000 0.000000 0.000000 0.000000
30.427063 2.000000 0.533454 0.302829 -0.204954 -0.415325 -0.303848 0.019007 0.037115 0.535851 -0.293817 0.229174 -0.418813 0.298347 0.021080 -0.039919 -0.001534 0.007670 0.010738 0.003068 -0.001534 -0.012272 0.000000 0.032214 0.006136 0.038350 0.000000 -0.004602 -0.006136 0.000000 5.082817 0.773483 -3.558505 -0.516228 1.660271 -3.348940 0.219000 0.000000 2.713683 16.350000 0.109500 -0.500000 0.032481 0.553248 0.000000 0.000000 0.000000 0.025000 0.036000 0.158000 0.000000 0.000000 0.000000 0.000000 0.000000
30.477169 2.000000 0.534544 0.303177 -0.204810 -0.415277 -0.303824 0.019067 0.037211 0.538511 -0.293925 0.229965 -0.418765 0.298371 0.021368 -0.039907 0.023010 0.012272 0.003068 -0.003068 -0.018408 -0.006136 0.030680 0.021476 0.001534 0.018408 -0.007670 0.004602 0.000000 0.000000 4.906028 0.897938 -3.485780 -0.790210 1.721500 -3.285598 0.218000 0.000000 2.667555 16.350000 0.109000 -0.500000 0.032482 0.543844 0.000000 0.000000 0.000000 0.025000 0.037000 0.156000 0.000000 0.000000 0.000000 0.000000 0.000000
30.519407 2.000000 0.534796 0.303189 -0.204822 -0.415289 -0.303812 0.019079 0.037187 0.538859 -0.293949 0.230049 -0.418753 0.298371 0.021392 -0.039919 0.035282 -0.007670 -0.010738 0.003068 -0.009204 0.018408 -0.024544 0.041417 0.000000 0.007670 0.000000 0.001534 -0.006136 0.000000 4.754512 0.920767 -3.453625 -1.032130 1.755263 -3.269655 0.218000 0.000000 2.626758 16.350000 0.109000 -0.500000 0.032482 0.535527 0.000000 0.000000 0.000000 0.025000 0.037000 0.156000 0.000000 0.000000 0.000000 0.000000 0.000000
30.550505 2.000000 0.536785 0.303237 -0.204834 -0.415277 -0.303824 0.019079 0.037163 0.540656 -0.293985 0.230265 -0.418741 0.298335 0.021524 -0.039907 0.009204 0.019942 0.010738 -0.007670 -0.006136 -0.006136 -0.018408 0.027612 0.004602 0.000000 0.006136 0.010738 -0.012272 0.000000 4.634235 1.028741 -3.340964 -1.171008 1.786047 -3.232760 0.211000 0.000000 2.602675 16.350000 0.105500 -0.500000 0.032489 0.530617 0.000000 0.000000 0.000000 0.024000 0.038000 0.149000 0.000000 0.000000 0.000000 0.000000 0.000000
30.609572 2.000000 0.537085 0.303225 -0.204858 -0.415253 -0.303812 0.019115 0.037187 0.540908 -0.293985 0.230241 -0.418729 0.298263 0.021512 -0.039919 0.013806 0.001534 -0.023010 0.009204 0.006136 0.012272 0.000000 0.030680 -0.003068 -0.003068 -0.001534 0.000000 -0.006136 -0.018408 4.310533 1.056936 -3.297693 -1.545432 1.810928 -3.165730 0.211000 0.000000 2.518215 16.350000 0.105500 -0.500000 0.032489 0.513398 0.000000 0.000000 0.000000 0.024000 0.038000 0.149000 0.000000 0.000000 0.000000 0.000000 0.000000
30.689309 2.000000 0.537397 0.303225 -0.204906 -0.415253 -0.303812 0.019163 0.037175 0.541627 -0.293985 0.230241 -0.418741 0.298335 0.021512 -0.039919 0.000000 0.001534 -0.009204 -0.006136 0.000000 0.000000 0.000000 0.004602 -0.006136 0.000000 0.009204 0.000000 0.000000 0.000000 4.081882 1.166625 -3.160440 -1.816386 1.781411 -3.102130 0.214000 0.000000 2.474644 16.350000 0.107000 -0.500000 0.032486 0.504515 0.000000 0.000000 0.000000 0.024000 0.039000 0.151000 0.000000 0.000000 0.000000 0.000000 0.000000
30.758913 2.000000 0.537397 0.303213 -0.205002 -0.415265 -0.303788 0.019199 0.037151 0.542094 -0.294093 0.230169 -0.418489 0.298347 0.021572 -0.039931 0.000000 0.015340 -0.001534 0.004602 -0.001534 -0.006136 0.006136 0.016874 -0.001534 -0.007670 0.018408 -0.004602 0.012272 0.018408 3.988512 1.249518 -3.222831 -2.089937 1.737908 -3.155309 0.210000 0.000000 2.492874 16.350000 0.105000 -0.500000 0.032490 0.508231 0.000000 0.000000 0.000000 0.021000 0.039000 0.150000 0.000000 0.000000 0.000000 0.000000 0.000000
30.846751 2.000000 0.537397 0.303165 -0.205074 -0.415265 -0.303656 0.019259 0.037151 0.542250 -0.294105 0.230169 -0.417662 0.298323 0.021679 -0.039943 0.000000 -0.004602 0.000000 -0.013806 0.001534 0.000000 0.012272 0.009204 -0.004602 -0.007670 0.012272 0.006136 0.000000 0.006136 3.848596 1.243787 -3.138098 -2.267910 1.712521 -3.158789 0.222000 0.002000 2.471581 16.350000 0.110000 -0.500000 0.032480 0.503890 0.000000 0.000000 0.000000 0.018000 0.044000 0.160000 0.000000 0.002000 0.000000 0.000000 0.000000
30.893543 2.000000 0.537373 0.303129 -0.205074 -0.415253 -0.303620 0.019307 0.037127 0.542250 -0.294105 0.230169 -0.417530 0.298335 0.021691 -0.039943 -0.009204 0.001534 0.001534 -0.004602 -0.001534 0.018408 -0.012272 0.009204 -0.004602 0.006136 0.004602 0.015340 0.006136 0.006136 3.861176 1.260928 -3.201986 -2.335600 1.775299 -3.180402 0.222000 0.002000 2.505261 16.350000 0.110000 -0.500000 0.032480 0.510757 0.000000 0.000000 0.000000 0.018000 0.044000 0.160000 0.000000 0.002000 0.000000 0.000000 0.000000
30.955835 2.000000 0.537385 0.303105 -0.205182 -0.415253 -0.303273 0.019402 0.037115 0.542801 -0.294153 0.230145 -0.416452 0.298287 0.021895 -0.039955 0.003068 -0.004602 -0.013806 0.009204 0.001534 0.000000 0.000000 0.026078 -0.001534 0.016874 0.012272 -0.004602 0.000000 0.006136 3.813903 1.263050 -3.266527 -2.519830 1.787304 -3.284429 0.183000 0.000000 2.534026 16.350000 0.091500 -0.500000 0.032517 0.516621 0.000000 0.000000 0.000000 0.015000 0.036000 0.132000 0.000000 0.000000 0.000000 0.000000 0.000000
31.021173 2.000000 0.537385 0.303105 -0.205182 -0.415241 -0.303261 0.019438 0.037139 0.543149 -0.294153 0.230145 -0.416260 0.298263 0.021931 -0.039943 -0.007670 -0.004602 0.003068 -0.003068 -0.006136 -0.006136 0.012272 0.030680 -0.012272 0.000000 0.021476 0.024544 0.006136 0.018408 3.905137 1.280473 -3.203142 -2.569203 1.734724 -3.439928 0.183000 0.000000 2.573897 16.350000 0.091500 -0.500000 0.032517 0.524750 0.000000 0.000000 0.000000 0.015000 0.036000 0.132000 0.000000 0.000000 0.000000 0.000000 0.000000
31.079001 2.000000 0.537289 0.303105 -0.205146 -0.415217 -0.303165 0.019522 0.037151 0.543616 -0.294021 0.230205 -0.415074 0.298299 0.022183 -0.039919 -0.006136 -0.012272 0.000000 -0.012272 -0.016874 0.006136 0.018408 0.015340 -0.001534 0.006136 0.000000 0.006136 0.000000 0.012272 3.932733 1.258727 -3.197611 -2.529512 1.810186 -3.501682 0.238000 0.000000 2.584859 16.350000 0.119000 -0.500000 0.032462 0.526985 0.000000 0.000000 0.000000 0.029000 0.042000 0.167000 0.000000 0.000000 0.000000 0.000000 0.000000
31.125107 2.000000 0.537253 0.303129 -0.205146 -0.415217 -0.303165 0.019510 0.037175 0.543197 -0.293901 0.230217 -0.415098 0.298323 0.022171 -0.039943 0.001534 0.000000 0.013806 -0.003068 0.000000 0.000000 0.036816 -0.036816 0.003068 0.000000 0.003068 0.006136 0.000000 -0.012272 3.930464 1.299718 -3.203422 -2.280980 1.827398 -3.637435 0.243000 0.006000 2.533775 16.350000 0.118500 -0.500000 0.032463 0.516570 0.000000 0.000000 0.000000 0.025000 0.046000 0.172000 0.000000 0.006000 0.000000 0.000000 0.000000
31.198921 2.000000 0.537241 0.303069 -0.205242 -0.415337 -0.303213 0.019414 0.037103 0.538523 -0.293901 0.229222 -0.415170 0.298455 0.021823 -0.039991 -0.006136 0.026078 0.009204 -0.013806 -0.015340 -0.012272 0.000000 -0.061359 0.000000 -0.010738 -0.015340 -0.009204 0.000000 0.012272 3.961115 1.291675 -3.147106 -1.547401 1.810455 -3.762469 0.243000 0.006000 2.399534 16.350000 0.118500 -0.500000 0.032463 0.489202 0.000000 0.000000 0.000000 0.025000 0.046000 0.172000 0.000000 0.006000 0.000000 0.000000 0.000000
31.251727 2.000000 0.531896 0.302518 -0.205350 -0.415409 -0.303225 0.019414 0.037091 0.535935 -0.293865 0.228527 -0.416008 0.298563 0.021416 -0.040003 -0.121184 0.001534 0.012272 -0.013806 0.003068 0.012272 -0.012272 0.003068 -0.004602 -0.021476 -0.013806 -0.004602 0.000000 0.000000 5.044258 1.154576 -3.258477 -1.222339 1.700396 -3.904811 0.239000 0.004000 2.791193 16.350000 0.117500 -0.500000 0.032465 0.569051 0.000000 0.000000 0.000000 0.024000 0.045000 0.170000 0.000000 0.004000 0.000000 0.000000 0.000000
31.297875 2.000000 0.528996 0.302602 -0.205338 -0.416104 -0.302937 0.019295 0.037091 0.535947 -0.293913 0.227437 -0.416344 0.298659 0.021032 -0.040027 0.015340 -0.006136 -0.007670 -0.004602 0.007670 -0.006136 0.000000 0.003068 -0.006136 -0.009204 -0.003068 0.001534 -0.006136 0.000000 5.063019 1.136561 -3.416339 -0.939323 1.629231 -3.887309 0.239000 0.004000 2.759649 16.350000 0.117500 -0.500000 0.032465 0.562620 0.000000 0.000000 0.000000 0.024000 0.045000 0.170000 0.000000 0.004000 0.000000 0.000000 0.000000
31.334539 2.000000 0.529092 0.302602 -0.205338 -0.416104 -0.302961 0.019307 0.037091 0.535971 -0.293913 0.227281 -0.416344 0.298671 0.021032 -0.040027 0.009204 0.007670 0.006136 -0.019942 0.007670 0.000000 -0.006136 0.018408 -0.003068 -0.010738 -0.001534 -0.003068 0.000000 -0.006136 5.363919 1.147835 -3.431126 -0.749221 1.570975 -3.940578 0.246000 0.006000 2.877431 16.350000 0.120000 -0.500000 0.032460 0.586632 0.000000 0.000000 0.000000 0.024000 0.046000 0.176000 0.000000 0.006000 0.000000 0.000000 0.000000
31.381479 2.000000 0.529151 0.302578 -0.205326 -0.416128 -0.303045 0.019283 0.037091 0.536042 -0.293961 0.227185 -0.416344 0.298671 0.021032 -0.040027 0.000000 0.000000 0.012272 -0.001534 -0.007670 -0.024544 -0.006136 0.000000 -0.007670 -0.010738 -0.003068 -0.009204 0.000000 0.000000 5.604962 1.124824 -3.416679 -0.602998 1.570977 -3.889090 0.246000 0.006000 2.979614 16.350000 0.120000 -0.500000 0.032460 0.607465 0.000000 0.000000 0.000000 0.024000 0.046000 0.176000 0.000000 0.006000 0.000000 0.000000 0.000000
31.423838 2.000000 0.529128 0.302578 -0.205362 -0.416152 -0.303045 0.019295 0.037103 0.536162 -0.293949 0.227221 -0.416320 0.298695 0.021056 -0.040027 0.001534 -0.007670 -0.018408 -0.006136 -0.004602 0.000000 0.006136 0.001534 0.004602 0.001534 0.003068 -0.004602 0.000000 0.000000 5.793203 1.042942 -3.483267 -0.542455 1.599275 -3.880549 0.246000 0.006000 3.061897 16.350000 0.120000 -0.500000 0.032460 0.624240 0.000000 0.000000 0.000000 0.024000 0.046000 0.176000 0.000000 0.006000 0.000000 0.000000 0.000000
31.452291 2.000000 0.529151 0.302578 -0.205338 -0.416212 -0.302985 0.019283 0.037079 0.536378 -0.293925 0.227221 -0.416308 0.298695 0.021032 -0.040039 0.003068 0.000000 0.001534 -0.013806 0.000000 0.000000 -0.006136 0.016874 -0.001534 0.006136 0.021476 -0.001534 -0.024544 -0.012272 5.900517 1.062319 -3.489926 -0.554399 1.580530 -3.883245 0.242000 0.010000 3.112477 16.350000 0.116000 -0.500000 0.032468 0.634552 0.000000 0.000000 0.000000 0.024000 0.045000 0.173000 0.000000 0.010000 0.000000 0.000000 0.000000
31.477819 2.000000 0.529140 0.302590 -0.205338 -0.416236 -0.302997 0.019283 0.037091 0.536881 -0.293889 0.227305 -0.416332 0.298695 0.021080 -0.040027 0.009204 0.006136 0.006136 0.006136 -0.009204 0.006136 -0.006136 -0.007670 0.000000 0.012272 0.001534 0.001534 0.000000 -0.006136 5.935147 1.078766 -3.500992 -0.505490 1.602169 -3.838648 0.242000 0.010000 3.130981 16.350000 0.116000 -0.500000 0.032468 0.638324 0.000000 0.000000 0.000000 0.024000 0.045000 0.173000 0.000000 0.010000 0.000000 0.000000 0.000000
31.506239 2.000000 0.529116 0.302590 -0.205326 -0.416224 -0.302985 0.019295 0.037103 0.536857 -0.293889 0.227305 -0.416308 0.298779 0.021080 -0.040015 -0.006136 -0.021476 0.007670 0.009204 0.007670 0.000000 0.018408 0.009204 -0.004602 0.000000 0.021476 0.015340 0.006136 0.000000 6.062786 1.054231 -3.513230 -0.561862 1.534909 -3.854795 0.242000 0.010000 3.183568 16.350000 0.116000 -0.500000 0.032468 0.649045 0.000000 0.000000 0.000000 0.024000 0.045000 0.173000 0.000000 0.010000 0.000000 0.000000 0.000000
31.535417 2.000000 0.529211 0.302590 -0.205458 -0.416224 -0.302997 0.019307 0.037079 0.536534 -0.293482 0.227269 -0.416332 0.298791 0.021092 -0.040075 -0.021476 -0.027612 -0.004602 -0.003068 -0.004602 0.006136 0.006136 -0.012272 0.019942 0.001534 0.004602 0.003068 0.012272 -0.012272 6.137246 0.983225 -3.478643 -0.406203 1.584689 -3.835807 0.215000 0.016000 3.213594 16.350000 0.099500 -0.500000 0.032501 0.655167 0.000000 0.000000 0.000000 0.023000 0.035000 0.157000 0.000000 0.016000 0.000000 0.000000 0.000000
31.565283 2.000000 0.529823 0.302614 -0.206057 -0.416308 -0.303105 0.019307 0.037043 0.536546 -0.293350 0.227245 -0.416332 0.298803 0.021092 -0.040195 0.021476 0.000000 -0.009204 -0.001534 -0.007670 0.018408 0.000000 0.006136 -0.006136 0.000000 -0.015340 -0.004602 0.012272 0.006136 5.985542 0.961519 -3.494786 -0.435667 1.559817 -3.815443 0.215000 0.016000 3.137438 16.350000 0.099500 -0.500000 0.032501 0.639641 0.000000 0.000000 0.000000 0.023000 0.035000 0.157000 0.000000 0.016000 0.000000 0.000000 0.000000
31.601740 2.000000 0.530086 0.302602 -0.206225 -0.416344 -0.303129 0.019295 0.037031 0.536582 -0.293338 0.227245 -0.416320 0.298779 0.021068 -0.040231 0.010738 -0.006136 -0.023010 -0.009204 0.003068 0.006136 0.000000 -0.001534 0.012272 -0.006136 0.007670 -0.021476 -0.012272 0.000000 6.000468 0.864613 -3.453336 -0.373522 1.546774 -3.820478 0.215000 0.016000 3.133895 16.350000 0.099500 -0.500000 0.032501 0.638919 0.000000 0.000000 0.000000 0.023000 0.035000 0.157000 0.000000 0.016000 0.000000 0.000000 0.000000
31.639064 2.000000 0.530362 0.302590 -0.206944 -0.416368 -0.303285 0.019307 0.037007 0.536594 -0.293314 0.226993 -0.416320 0.298791 0.021056 -0.040315 0.001534 -0.009204 0.013806 -0.004602 -0.012272 0.012272 0.000000 0.003068 0.003068 0.003068 0.006136 -0.006136 0.000000 -0.012272 6.029834 0.836216 -3.449198 -0.367941 1.527477 -3.815564 0.182000 0.019000 3.143514 16.350000 0.081500 -0.500000 0.032537 0.640879 0.000000 0.000000 0.000000 0.024000 0.019000 0.139000 0.002000 0.009000 0.008000 0.000000 0.000000
31.677892 2.000000 0.530566 0.302590 -0.207015 -0.416368 -0.303321 0.019307 0.036995 0.536582 -0.293218 0.226945 -0.416344 0.298946 0.020948 -0.040315 0.003068 -0.003068 0.000000 -0.004602 -0.013806 0.000000 -0.006136 -0.003068 0.004602 -0.015340 0.003068 0.001534 -0.018408 -0.006136 6.007529 0.755215 -3.440628 -0.319414 1.433019 -3.771342 0.182000 0.019000 3.115137 16.350000 0.081500 -0.500000 0.032537 0.635094 0.000000 0.000000 0.000000 0.024000 0.019000 0.139000 0.002000 0.009000 0.008000 0.000000 0.000000
31.714303 2.000000 0.530578 0.302590 -0.207004 -0.416404 -0.303333 0.019295 0.036995 0.536570 -0.293182 0.226945 -0.416344 0.299018 0.020649 -0.040327 0.015340 -0.001534 -0.001534 -0.009204 -0.003068 0.000000 0.000000 0.000000 0.003068 -0.015340 -0.001534 0.009204 -0.036816 -0.006136 5.964045 0.714215 -3.429210 -0.317006 1.432714 -3.740137 0.182000 0.019000 3.091646 16.350000 0.081500 -0.500000 0.032537 0.630305 0.000000 0.000000 0.000000 0.024000 0.019000 0.139000 0.002000 0.009000 0.008000 0.000000 0.000000
31.745407 2.000000 0.530566 0.302554 -0.207004 -0.417015 -0.303429 0.019259 0.037007 0.536558 -0.293062 0.226897 -0.416620 0.299054 0.019702 -0.040327 0.004602 0.001534 0.015340 -0.035282 -0.006136 0.012272 0.000000 0.003068 0.007670 0.000000 -0.023010 0.000000 -0.049087 -0.018408 5.967809 0.714268 -3.339696 -0.324449 1.449531 -3.684201 0.164000 0.023000 3.095615 16.350000 0.070500 -0.500000 0.032559 0.631114 0.000000 0.000000 0.000000 0.024000 0.000000 0.140000 0.000000 0.006000 0.009000 0.000000 0.008000
31.784284 2.000000 0.530578 0.302554 -0.206992 -0.417722 -0.303417 0.019211 0.037007 0.536522 -0.293026 0.226861 -0.417051 0.299066 0.019271 -0.040315 0.003068 0.003068 0.006136 -0.062893 -0.001534 -0.012272 -0.006136 0.003068 -0.006136 0.009204 -0.024544 0.000000 -0.024544 0.006136 5.811906 0.651147 -3.119667 -0.378664 1.426080 -3.607196 0.164000 0.023000 3.015764 16.350000 0.070500 -0.500000 0.032559 0.614835 0.000000 0.000000 0.000000 0.024000 0.000000 0.140000 0.000000 0.006000 0.009000 0.000000 0.008000
31.821824 2.000000 0.530566 0.302530 -0.207004 -0.420167 -0.303429 0.017773 0.037007 0.536162 -0.292882 0.226358 -0.419064 0.299138 0.017845 -0.040339 0.000000 0.001534 0.004602 -0.088971 -0.006136 -0.061359 0.000000 -0.006136 0.001534 -0.027612 -0.088971 0.016874 -0.024544 0.012272 5.612735 0.647778 -2.773691 -0.422305 1.351150 -3.213272 0.164000 0.020000 2.912317 16.350000 0.072000 -0.500000 0.032556 0.593745 0.000000 0.000000 0.000000 0.024000 0.000000 0.140000 0.000000 0.000000 0.008000 0.000000 0.012000
31.847264 2.000000 0.530482 0.302362 -0.206944 -0.421569 -0.303429 0.014105 0.037019 0.535935 -0.292787 0.225987 -0.421521 0.299270 0.015711 -0.040351 0.013806 -0.010738 -0.009204 -0.049087 -0.012272 -0.104311 0.000000 -0.023010 0.001534 -0.003068 -0.050621 0.000000 -0.104311 0.006136 5.438513 0.655697 -2.581783 -0.489861 1.313433 -2.977509 0.164000 0.020000 2.827209 16.350000 0.072000 -0.500000 0.032556 0.576393 0.000000 0.000000 0.000000 0.024000 0.000000 0.140000 0.000000 0.000000 0.008000 0.000000 0.012000
31.882904 2.000000 0.530410 0.302326 -0.206896 -0.421977 -0.303477 0.012787 0.037007 0.535659 -0.292739 0.225999 -0.421881 0.299282 0.014189 -0.040351 -0.010738 -0.003068 -0.004602 -0.032214 0.000000 -0.110447 -0.012272 -0.004602 0.006136 0.001534 -0.013806 -0.021476 -0.116583 0.030680 5.321832 0.656243 -2.271984 -0.669991 1.276587 -2.754673 0.164000 0.020000 2.776289 16.350000 0.072000 -0.500000 0.032556 0.566012 0.000000 0.000000 0.000000 0.024000 0.000000 0.140000 0.000000 0.000000 0.008000 0.000000 0.012000
31.928201 2.000000 0.530386 0.301931 -0.206896 -0.425128 -0.303453 0.010402 0.037019 0.533957 -0.292643 0.224992 -0.422612 0.299462 0.009204 -0.040387 0.004602 0.000000 0.007670 -0.105845 -0.006136 -0.024544 0.000000 -0.027612 0.004602 -0.046019 -0.024544 0.009204 -0.079767 -0.012272 4.939691 0.640747 -1.631203 -0.634589 1.037656 -2.283570 0.164000 0.012000 2.563715 16.350000 0.076000 -0.500000 0.032548 0.522674 0.000000 0.000000 0.000000 0.024000 0.000000 0.140000 0.000000 0.000000 0.007000 0.000000 0.005000
31.973107 2.000000 0.530374 0.301895 -0.206884 -0.426387 -0.303453 0.010163 0.037019 0.533526 -0.292571 0.224644 -0.422971 0.299654 0.008365 -0.040375 -0.018408 -0.030680 0.007670 -0.130388 -0.004602 -0.024544 0.006136 -0.033748 0.000000 -0.026078 -0.035282 0.018408 -0.073631 0.006136 4.686379 0.548403 -1.051089 -0.722588 1.034462 -1.887275 0.179000 0.012000 2.442086 16.350000 0.083500 -0.500000 0.032533 0.497877 0.000000 0.000000 0.000000 0.025000 0.000000 0.154000 0.000000 0.000000 0.007000 0.000000 0.005000
32.024848 2.000000 0.529463 0.301871 -0.206824 -0.429035 -0.303417 0.007406 0.037019 0.532016 -0.292307 0.223710 -0.424062 0.300181 0.006987 -0.040375 -0.044485 -0.007670 0.007670 -0.050621 0.000000 -0.067495 0.000000 -0.047553 0.010738 0.000000 -0.032214 -0.018408 -0.006136 0.000000 4.402829 0.588657 -0.452169 -0.601704 0.983393 -1.590394 0.179000 0.021000 2.294587 16.350000 0.079000 -0.500000 0.032542 0.467806 0.000000 0.000000 0.000000 0.025000 0.000000 0.154000 0.000000 0.000000 0.005000 0.000000 0.016000
32.075823 2.000000 0.528612 0.301775 -0.206836 -0.430905 -0.303429 0.005285 0.037031 0.530494 -0.291912 0.223038 -0.424110 0.300241 0.006507 -0.040387 -0.021476 0.000000 -0.009204 -0.039884 0.000000 -0.030680 0.006136 -0.018408 0.000000 -0.029146 0.000000 0.000000 -0.006136 -0.006136 4.065559 0.558907 0.138483 -0.505545 0.820404 -1.388214 0.174000 0.021000 2.107711 16.350000 0.076500 -0.500000 0.032547 0.429707 0.000000 0.000000 0.000000 0.024000 0.000000 0.150000 0.000000 0.000000 0.005000 0.000000 0.016000
32.144076 2.000000 0.528265 0.301751 -0.206836 -0.431192 -0.303441 0.005033 0.037043 0.529930 -0.291792 0.222715 -0.424146 0.300469 0.006268 -0.040375 -0.032214 -0.015340 0.015340 -0.003068 0.001534 -0.012272 0.024544 -0.033748 0.004602 -0.010738 0.016874 0.001534 0.000000 0.000000 3.897877 0.525235 0.688493 -0.090457 0.778760 -1.224586 0.193000 0.012000 2.005241 16.350000 0.090500 -0.500000 0.032519 0.408816 0.000000 0.000000 0.000000 0.023000 0.000000 0.170000 0.000000 0.000000 0.000000 0.000000 0.012000
32.186825 2.000000 0.528217 0.301583 -0.206824 -0.431216 -0.303477 0.004674 0.037019 0.529355 -0.291444 0.222319 -0.424769 0.300660 0.004614 -0.040387 0.003068 -0.003068 0.000000 0.000000 -0.004602 -0.012272 0.000000 0.003068 0.007670 0.000000 -0.029146 -0.012272 -0.036816 -0.018408 3.722466 0.500686 0.875295 -0.135731 0.761619 -0.965330 0.193000 0.012000 1.917415 16.350000 0.090500 -0.500000 0.032519 0.390910 0.000000 0.000000 0.000000 0.023000 0.000000 0.170000 0.000000 0.000000 0.000000 0.000000 0.012000
32.251372 2.000000 0.528001 0.300792 -0.206788 -0.432942 -0.303572 0.002193 0.037055 0.529331 -0.291205 0.221984 -0.426507 0.300684 0.002660 -0.040399 -0.012272 0.003068 -0.003068 -0.056757 0.001534 -0.036816 0.012272 -0.003068 0.030680 -0.015340 -0.012272 0.000000 -0.024544 0.012272 3.490333 0.472913 1.609602 -0.175262 0.730275 -0.492025 0.233000 0.007000 1.800701 16.350000 0.113000 -0.500000 0.032474 0.367115 0.000000 0.000000 0.000000 0.020000 0.017000 0.196000 0.000000 0.000000 0.000000 0.000000 0.007000
32.334649 2.000000 0.527689 0.300636 -0.206776 -0.437388 -0.303489 0.001450 0.037019 0.529331 -0.289994 0.220510 -0.428712 0.300756 0.002241 -0.040447 -0.024544 0.003068 -0.003068 -0.119651 -0.003068 -0.006136 -0.018408 -0.003068 0.050621 -0.032214 -0.046019 -0.012272 0.018408 -0.012272 2.823119 0.400386 2.904398 -0.360752 0.628044 0.299505 0.263000 0.002000 1.470960 16.350000 0.130500 -0.500000 0.032439 0.299890 0.000000 0.000000 0.000000 0.018000 0.024000 0.221000 0.000000 0.000000 0.000000 0.000000 0.002000
32.389879 2.000000 0.527510 0.300624 -0.206788 -0.438395 -0.303489 0.001031 0.037019 0.529331 -0.289503 0.220222 -0.429227 0.300792 0.002241 -0.040447 -0.032214 0.000000 -0.003068 -0.098175 -0.012272 -0.042951 -0.012272 0.001534 0.038350 -0.035282 -0.036816 0.007670 0.018408 -0.006136 2.634767 0.354083 3.368579 -0.411291 0.480128 0.522697 0.263000 0.002000 1.366296 16.350000 0.130500 -0.500000 0.032439 0.278552 0.000000 0.000000 0.000000 0.018000 0.024000 0.221000 0.000000 0.000000 0.000000 0.000000 0.002000
32.439184 2.000000 0.524657 0.300480 -0.206752 -0.441763 -0.303489 -0.002445 0.037019 0.528480 -0.287933 0.218880 -0.430497 0.301379 0.001822 -0.040483 -0.079767 -0.006136 -0.006136 -0.006136 0.012272 -0.049087 -0.012272 -0.023010 0.006136 -0.012272 -0.003068 0.009204 -0.006136 0.000000 2.902115 0.347616 3.707478 -0.311567 0.392056 0.705234 0.283000 0.000000 1.482725 16.350000 0.141500 -0.500000 0.032417 0.302288 0.000000 0.000000 0.000000 0.018000 0.028000 0.237000 0.000000 0.000000 0.000000 0.000000 0.000000
32.515099 2.000000 0.520055 0.300253 -0.206716 -0.442937 -0.303536 -0.005848 0.037031 0.527450 -0.287597 0.218329 -0.430497 0.301475 0.002433 -0.040794 -0.038350 -0.003068 -0.010738 -0.032214 0.003068 -0.012272 0.000000 0.033748 0.003068 -0.004602 0.003068 0.000000 0.006136 0.012272 3.226674 0.345116 4.408266 -0.252515 0.243467 0.873660 0.283000 0.000000 1.631990 16.350000 0.141500 -0.500000 0.032417 0.332720 0.000000 0.000000 0.000000 0.018000 0.028000 0.237000 0.000000 0.000000 0.000000 0.000000 0.000000
32.562704 2.000000 0.519456 0.300217 -0.206680 -0.443392 -0.303501 -0.006160 0.037055 0.527450 -0.287573 0.218329 -0.430485 0.301487 0.002481 -0.040806 -0.032214 -0.007670 0.007670 -0.033748 0.000000 0.006136 0.012272 0.006136 0.003068 0.006136 -0.016874 0.013806 0.012272 0.006136 3.396912 0.357926 4.696196 -0.114848 0.275189 1.059122 0.298000 0.004000 1.714354 16.350000 0.147000 -0.500000 0.032406 0.349512 0.000000 0.000000 0.000000 0.017000 0.034000 0.247000 0.004000 0.000000 0.000000 0.000000 0.000000
32.622923 2.000000 0.518605 0.299965 -0.206620 -0.451290 -0.303489 -0.007023 0.037043 0.527450 -0.287538 0.217382 -0.430485 0.301978 0.002253 -0.041166 -0.050621 -0.004602 0.019942 -0.110447 0.006136 -0.049087 -0.006136 0.021476 0.010738 -0.023010 0.000000 0.006136 0.000000 0.000000 3.216375 0.331912 5.928744 -0.048359 0.175562 1.116923 0.298000 0.004000 1.619290 16.350000 0.147000 -0.500000 0.032406 0.330130 0.000000 0.000000 0.000000 0.017000 0.034000 0.247000 0.004000 0.000000 0.000000 0.000000 0.000000
32.662756 2.000000 0.512326 0.299749 -0.206296 -0.455197 -0.303512 -0.008413 0.037067 0.526982 -0.287466 0.216615 -0.430497 0.302638 0.002037 -0.041729 -0.085903 -0.012272 0.000000 -0.049087 0.000000 -0.006136 0.012272 -0.003068 0.007670 0.001534 0.000000 0.007670 0.006136 0.000000 3.598115 0.241417 6.348364 0.059215 0.184803 1.164458 0.286000 0.003000 1.805711 16.350000 0.141500 -0.500000 0.032417 0.368137 0.000000 0.000000 0.000000 0.012000 0.038000 0.236000 0.003000 0.000000 0.000000 0.000000 0.000000
32.697545 2.000000 0.510696 0.299270 -0.205649 -0.458636 -0.303477 -0.008581 0.037079 0.527006 -0.287454 0.216495 -0.430473 0.302626 0.002265 -0.041861 0.018408 0.000000 -0.004602 0.001534 -0.004602 0.006136 0.006136 0.012272 0.004602 0.007670 0.000000 -0.007670 0.018408 0.012272 3.459583 0.303410 6.684471 0.053931 0.112134 1.173618 0.286000 0.003000 1.737545 16.350000 0.141500 -0.500000 0.032417 0.354240 0.000000 0.000000 0.000000 0.012000 0.038000 0.236000 0.003000 0.000000 0.000000 0.000000 0.000000
32.723994 2.000000 0.510840 0.299258 -0.205613 -0.458516 -0.303477 -0.008509 0.037079 0.527054 -0.287466 0.216507 -0.430437 0.302626 0.002613 -0.041873 0.032214 0.001534 -0.006136 0.012272 -0.007670 0.006136 0.000000 0.036816 -0.007670 0.007670 -0.001534 0.004602 0.030680 0.000000 3.502354 0.254743 6.986600 0.021109 0.043644 1.166959 0.286000 0.003000 1.755970 16.350000 0.141500 -0.500000 0.032417 0.357996 0.000000 0.000000 0.000000 0.012000 0.038000 0.236000 0.003000 0.000000 0.000000 0.000000 0.000000
32.750414 2.000000 0.512925 0.299282 -0.205601 -0.458169 -0.303477 -0.008245 0.037079 0.528085 -0.287681 0.216519 -0.430330 0.302566 0.003631 -0.041849 0.036816 0.013806 -0.004602 -0.004602 0.000000 0.012272 0.018408 0.027612 -0.013806 0.007670 -0.009204 -0.006136 -0.012272 0.000000 3.457513 0.211152 7.300693 -0.015392 0.018550 1.227628 0.253000 0.000000 1.732019 16.350000 0.126500 -0.500000 0.032447 0.353113 0.000000 0.000000 0.000000 0.012000 0.037000 0.204000 0.000000 0.000000 0.000000 0.000000 0.000000
32.782341 2.000000 0.513260 0.299282 -0.205601 -0.457929 -0.303465 -0.007970 0.037079 0.528181 -0.287777 0.216519 -0.430342 0.302554 0.003667 -0.041849 0.007670 0.000000 0.003068 0.030680 0.003068 0.049087 0.000000 0.007670 -0.004602 0.009204 -0.010738 -0.015340 0.000000 0.000000 3.572781 0.176621 7.465194 -0.024922 0.006349 1.241978 0.253000 0.000000 1.788618 16.350000 0.126500 -0.500000 0.032447 0.364652 0.000000 0.000000 0.000000 0.012000 0.037000 0.204000 0.000000 0.000000 0.000000 0.000000 0.000000
32.820031 2.000000 0.513752 0.299270 -0.205601 -0.454933 -0.303848 -0.005597 0.037079 0.528169 -0.287957 0.216543 -0.430318 0.301931 0.005285 -0.041849 0.010738 -0.010738 -0.007670 0.062893 -0.013806 0.024544 0.000000 -0.001534 0.000000 0.001534 0.010738 0.012272 0.055223 -0.012272 3.692943 0.065735 7.508160 -0.049357 -0.020765 1.153335 0.253000 0.014000 1.846958 16.350000 0.119500 -0.500000 0.032461 0.376546 0.000000 0.000000 0.000000 0.012000 0.037000 0.204000 0.000000 0.000000 0.000000 0.000000 0.014000
32.852443 2.000000 0.513943 0.299294 -0.205613 -0.454274 -0.303968 -0.005273 0.037079 0.528205 -0.287993 0.216543 -0.430294 0.301919 0.005764 -0.041873 0.018408 -0.004602 0.001534 0.067495 -0.021476 -0.012272 0.000000 0.001534 0.000000 0.009204 0.007670 0.010738 0.030680 -0.030680 3.735355 0.086449 7.548848 -0.029457 -0.025151 1.128150 0.212000 0.014000 1.868278 16.350000 0.099000 -0.500000 0.032502 0.380893 0.000000 0.000000 0.000000 0.011000 0.035000 0.166000 0.000000 0.000000 0.000000 0.000000 0.014000
32.892139 2.000000 0.515142 0.299246 -0.205625 -0.452632 -0.304196 -0.004926 0.037067 0.528265 -0.288412 0.216555 -0.430174 0.301655 0.006723 -0.041813 0.036816 0.000000 0.006136 0.024544 -0.015340 0.024544 0.018408 0.007670 -0.029146 0.007670 -0.004602 -0.018408 0.006136 0.018408 3.659951 0.091108 7.556455 -0.090643 -0.056666 1.139380 0.212000 0.014000 1.831323 16.350000 0.099000 -0.500000 0.032502 0.373358 0.000000 0.000000 0.000000 0.011000 0.035000 0.166000 0.000000 0.000000 0.000000 0.000000 0.014000
32.933144 2.000000 0.516041 0.299246 -0.205625 -0.450703 -0.304795 -0.003200 0.037079 0.528588 -0.288868 0.216555 -0.429994 0.301223 0.007274 -0.041837 0.018408 0.000000 0.006136 0.069029 -0.024544 0.092039 0.006136 0.016874 0.001534 0.018408 0.019942 0.001534 0.030680 -0.036816 3.832468 0.049467 7.221942 -0.148616 -0.063132 1.049205 0.185000 0.012000 1.918093 16.350000 0.086500 -0.500000 0.032527 0.391049 0.000000 0.000000 0.000000 0.012000 0.035000 0.138000 0.000000 0.000000 0.000000 0.000000 0.012000
32.982199 2.000000 0.516232 0.299246 -0.205625 -0.450271 -0.305610 -0.001917 0.037055 0.528780 -0.288880 0.216567 -0.429886 0.301032 0.007730 -0.041837 0.018408 0.004602 0.009204 0.016874 -0.107379 0.085903 -0.018408 0.006136 -0.007670 0.010738 -0.001534 -0.016874 0.042951 -0.006136 4.007738 0.033270 7.103842 -0.086616 -0.095281 0.966508 0.185000 0.012000 2.004972 16.350000 0.086500 -0.500000 0.032527 0.408761 0.000000 0.000000 0.000000 0.012000 0.035000 0.138000 0.000000 0.000000 0.000000 0.000000 0.012000
33.007764 2.000000 0.517131 0.299234 -0.205637 -0.450008 -0.307575 0.000647 0.037055 0.529439 -0.289455 0.216555 -0.427837 0.300648 0.008904 -0.041849 0.024544 -0.015340 -0.007670 0.009204 -0.026078 0.085903 0.000000 0.023010 -0.035282 0.000000 0.095107 -0.004602 0.036816 0.000000 4.025973 -0.053692 6.946981 -0.109909 -0.160397 0.661886 0.185000 0.012000 2.015512 16.350000 0.086500 -0.500000 0.032527 0.410910 0.000000 0.000000 0.000000 0.012000 0.035000 0.138000 0.000000 0.000000 0.000000 0.000000 0.012000
33.040459 2.000000 0.517611 0.299210 -0.205649 -0.449576 -0.307827 0.001402 0.037055 0.529487 -0.289755 0.216555 -0.427094 0.300588 0.009108 -0.041837 0.044485 0.000000 -0.006136 0.038350 -0.012272 0.042951 -0.012272 0.009204 -0.030680 0.006136 0.085903 -0.007670 0.012272 -0.006136 4.009373 -0.027289 6.754439 -0.004104 -0.175335 0.506008 0.176000 0.009000 2.006650 16.350000 0.083500 -0.500000 0.032533 0.409103 0.000000 0.000000 0.000000 0.012000 0.036000 0.128000 0.000000 0.000000 0.000000 0.002000 0.007000
33.077764 2.000000 0.520511 0.299234 -0.205781 -0.448318 -0.307851 0.003092 0.037055 0.529475 -0.290833 0.216615 -0.423618 0.300469 0.009348 -0.041789 0.076699 0.001534 0.003068 0.032214 0.000000 0.042951 0.018408 0.016874 -0.013806 0.021476 0.059825 0.000000 0.000000 -0.012272 3.754054 0.018595 6.562143 0.117138 -0.138820 0.213283 0.176000 0.009000 1.879246 16.350000 0.083500 -0.500000 0.032533 0.383129 0.000000 0.000000 0.000000 0.012000 0.036000 0.128000 0.000000 0.000000 0.000000 0.002000 0.007000
33.102576 2.000000 0.521218 0.299222 -0.205817 -0.448042 -0.307863 0.003320 0.037031 0.529487 -0.290941 0.216639 -0.422780 0.300457 0.009480 -0.041765 0.062893 -0.013806 -0.007670 0.030680 0.000000 0.030680 -0.012272 0.001534 -0.001534 0.009204 0.070563 0.000000 0.006136 0.000000 3.702900 -0.008738 6.479420 0.239130 -0.172513 0.016371 0.176000 0.009000 1.857316 16.350000 0.083500 -0.500000 0.032533 0.378658 0.000000 0.000000 0.000000 0.012000 0.036000 0.128000 0.000000 0.000000 0.000000 0.002000 0.007000
33.129681 2.000000 0.523627 0.299198 -0.205937 -0.446844 -0.307851 0.004350 0.037007 0.530494 -0.291157 0.216819 -0.421401 0.300361 0.011014 -0.041717 0.024544 -0.021476 0.004602 0.009204 0.004602 0.006136 -0.006136 0.049087 -0.001534 0.000000 0.000000 -0.004602 0.006136 0.006136 3.675761 -0.001465 6.384158 0.190310 -0.186133 -0.148915 0.176000 0.008000 1.842694 16.350000 0.084000 -0.500000 0.032532 0.375677 0.000000 0.000000 0.000000 0.012000 0.036000 0.128000 0.000000 0.000000 0.000000 0.002000 0.006000
33.158816 2.000000 0.523890 0.299222 -0.205949 -0.446724 -0.307851 0.004614 0.037019 0.530865 -0.291181 0.216843 -0.421377 0.300385 0.011325 -0.041705 0.018408 0.003068 0.001534 0.007670 0.000000 0.012272 0.000000 0.024544 -0.010738 0.004602 0.006136 -0.001534 0.012272 0.024544 3.552723 0.052810 6.218126 0.318186 -0.226406 -0.377679 0.176000 0.008000 1.787256 16.350000 0.084000 -0.500000 0.032532 0.364374 0.000000 0.000000 0.000000 0.012000 0.036000 0.128000 0.000000 0.000000 0.000000 0.002000 0.006000
33.185346 2.000000 0.524070 0.299222 -0.206021 -0.446352 -0.307851 0.005333 0.037007 0.531584 -0.291241 0.216902 -0.421305 0.300373 0.011828 -0.041705 0.003068 -0.010738 -0.003068 0.019942 -0.013806 0.030680 0.000000 0.029146 0.000000 0.003068 0.003068 -0.001534 -0.012272 -0.012272 3.491664 0.046080 6.057379 0.312462 -0.271739 -0.536206 0.176000 0.008000 1.758217 16.350000 0.084000 -0.500000 0.032532 0.358454 0.000000 0.000000 0.000000 0.012000 0.036000 0.128000 0.000000 0.000000 0.000000 0.002000 0.006000
33.230839 2.000000 0.524046 0.299234 -0.206093 -0.446269 -0.307851 0.005657 0.036995 0.531716 -0.291408 0.216914 -0.421269 0.300373 0.011936 -0.041705 -0.012272 -0.010738 0.018408 -0.004602 0.000000 0.000000 0.000000 0.003068 0.003068 0.009204 -0.003068 -0.004602 0.000000 -0.006136 3.385404 0.030089 5.906488 0.458335 -0.306428 -0.796643 0.178000 0.006000 1.715068 16.350000 0.086000 -0.500000 0.032528 0.349657 0.000000 0.000000 0.000000 0.012000 0.037000 0.129000 0.000000 0.000000 0.000000 0.002000 0.004000
33.270109 2.000000 0.524046 0.299210 -0.206081 -0.446245 -0.307851 0.005740 0.036995 0.531764 -0.291468 0.216891 -0.421269 0.300361 0.011936 -0.041705 0.003068 -0.007670 0.000000 0.004602 0.000000 0.006136 0.000000 0.003068 -0.003068 0.010738 -0.003068 0.006136 -0.006136 0.012272 3.219759 0.014124 5.722393 0.435015 -0.355443 -0.966158 0.178000 0.006000 1.634214 16.350000 0.086000 -0.500000 0.032528 0.333173 0.000000 0.000000 0.000000 0.012000 0.037000 0.129000 0.000000 0.000000 0.000000 0.002000 0.004000
33.305816 2.000000 0.524082 0.299234 -0.206093 -0.445801 -0.307827 0.006304 0.036995 0.532339 -0.291576 0.216926 -0.421210 0.300325 0.012272 -0.041705 0.009204 -0.007670 -0.004602 0.012272 -0.004602 0.012272 0.000000 0.038350 -0.003068 0.000000 0.006136 -0.010738 0.024544 -0.012272 3.104054 -0.023966 5.628771 0.265875 -0.426584 -1.135436 0.178000 0.006000 1.572291 16.350000 0.086000 -0.500000 0.032528 0.320549 0.000000 0.000000 0.000000 0.012000 0.037000 0.129000 0.000000 0.000000 0.000000 0.002000 0.004000
33.337264 2.000000 0.524382 0.299234 -0.206177 -0.445286 -0.307851 0.006795 0.036995 0.533394 -0.291948 0.216950 -0.421174 0.300313 0.012703 -0.041669 0.001534 -0.018408 -0.012272 0.023010 -0.007670 0.024544 0.000000 0.042951 -0.015340 0.004602 -0.003068 -0.004602 0.000000 -0.012272 3.055886 -0.097658 5.469782 0.159894 -0.461260 -1.191216 0.178000 0.001000 1.548088 16.350000 0.088500 -0.500000 0.032523 0.315614 0.000000 0.000000 0.000000 0.012000 0.037000 0.129000 0.000000 0.000000 0.000000 0.001000 0.000000
33.363922 2.000000 0.524514 0.299234 -0.206261 -0.445058 -0.307815 0.006939 0.036983 0.534065 -0.292163 0.216986 -0.421114 0.300313 0.012871 -0.041681 0.007670 0.021476 -0.013806 0.019942 -0.004602 -0.012272 -0.006136 0.065961 -0.010738 0.004602 0.000000 -0.009204 0.006136 0.000000 2.976318 -0.074768 5.405509 -0.017404 -0.496784 -1.255184 0.172000 0.001000 1.509235 16.350000 0.085500 -0.500000 0.032529 0.307693 0.000000 0.000000 0.000000 0.012000 0.037000 0.123000 0.000000 0.000000 0.000000 0.001000 0.000000
33.392201 2.000000 0.524765 0.299198 -0.206608 -0.443225 -0.307827 0.007083 0.036959 0.535839 -0.292523 0.217178 -0.421006 0.300313 0.013350 -0.041645 -0.004602 0.001534 0.006136 0.093573 -0.010738 -0.006136 -0.006136 0.044485 -0.019942 0.009204 0.007670 -0.009204 0.024544 0.000000 3.105162 -0.057857 5.071779 -0.123601 -0.528518 -1.305530 0.172000 0.001000 1.576387 16.350000 0.085500 -0.500000 0.032529 0.321384 0.000000 0.000000 0.000000 0.012000 0.037000 0.123000 0.000000 0.000000 0.000000 0.001000 0.000000
33.417767 2.000000 0.524741 0.299198 -0.206728 -0.442026 -0.307827 0.007083 0.036959 0.536102 -0.292571 0.217310 -0.420862 0.300325 0.013626 -0.041645 0.003068 -0.001534 -0.009204 0.104311 -0.001534 0.000000 -0.006136 0.021476 -0.003068 0.024544 0.027612 0.001534 0.012272 -0.012272 3.137178 -0.112997 4.828664 -0.155473 -0.519914 -1.396758 0.172000 0.001000 1.592886 16.350000 0.085500 -0.500000 0.032529 0.324747 0.000000 0.000000 0.000000 0.012000 0.037000 0.123000 0.000000 0.000000 0.000000 0.001000 0.000000
33.448889 2.000000 0.524813 0.299222 -0.207231 -0.439713 -0.307863 0.007155 0.036935 0.536258 -0.292763 0.217358 -0.420730 0.300229 0.014753 -0.041657 0.009204 0.000000 -0.001534 0.026078 -0.001534 0.012272 0.006136 0.004602 -0.007670 0.007670 0.007670 -0.021476 0.006136 -0.006136 3.238113 -0.167796 4.633209 -0.204428 -0.565227 -1.446454 0.177000 0.001000 1.648848 16.350000 0.088000 -0.500000 0.032524 0.336157 0.000000 0.000000 0.000000 0.012000 0.038000 0.127000 0.000000 0.000000 0.000000 0.001000 0.000000
33.485503 2.000000 0.524873 0.299210 -0.207351 -0.439593 -0.307863 0.007155 0.036935 0.536234 -0.292823 0.217346 -0.420730 0.300217 0.014884 -0.041645 0.003068 -0.016874 -0.004602 0.009204 -0.006136 0.000000 0.000000 -0.001534 -0.003068 -0.006136 0.003068 -0.016874 -0.012272 0.000000 3.403637 -0.213292 4.379305 -0.287852 -0.626324 -1.513166 0.177000 0.001000 1.739639 16.350000 0.088000 -0.500000 0.032524 0.354666 0.000000 0.000000 0.000000 0.012000 0.038000 0.127000 0.000000 0.000000 0.000000 0.001000 0.000000
33.513679 2.000000 0.524801 0.299186 -0.207399 -0.439617 -0.307887 0.007059 0.036911 0.536150 -0.292823 0.217346 -0.420754 0.300169 0.014932 -0.041645 -0.004602 -0.001534 0.004602 0.001534 -0.007670 0.006136 -0.024544 0.000000 0.006136 0.016874 0.007670 -0.004602 0.006136 0.000000 3.482303 -0.191090 4.248705 -0.363189 -0.608120 -1.603653 0.177000 0.001000 1.779372 16.350000 0.088000 -0.500000 0.032524 0.362767 0.000000 0.000000 0.000000 0.012000 0.038000 0.127000 0.000000 0.000000 0.000000 0.001000 0.000000
33.547349 2.000000 0.524801 0.299198 -0.207411 -0.439617 -0.307863 0.007011 0.036923 0.536102 -0.292799 0.217334 -0.420754 0.300169 0.014920 -0.041633 0.001534 0.000000 -0.007670 -0.004602 0.007670 0.012272 -0.006136 0.009204 -0.003068 0.013806 0.018408 -0.006136 0.000000 0.000000 3.518175 -0.231686 4.084838 -0.463718 -0.674457 -1.673722 0.180000 0.001000 1.809776 16.350000 0.089500 -0.500000 0.032521 0.368966 0.000000 0.000000 0.000000 0.012000 0.038000 0.130000 0.000000 0.000000 0.000000 0.001000 0.000000
33.575428 2.000000 0.524789 0.299150 -0.207387 -0.439617 -0.307851 0.006975 0.036935 0.536054 -0.292799 0.217334 -0.420754 0.300169 0.014908 -0.041645 0.013806 -0.006136 0.015340 -0.013806 0.003068 0.000000 0.006136 0.006136 0.000000 0.001534 0.007670 0.000000 -0.012272 -0.006136 3.499823 -0.203736 4.001533 -0.453131 -0.710766 -1.691853 0.180000 0.001000 1.802830 16.350000 0.089500 -0.500000 0.032521 0.367549 0.000000 0.000000 0.000000 0.012000 0.038000 0.130000 0.000000 0.000000 0.000000 0.001000 0.000000
33.613410 2.000000 0.524801 0.298982 -0.207411 -0.439617 -0.307851 0.006963 0.036923 0.536030 -0.292799 0.217334 -0.420754 0.300157 0.014896 -0.041633 -0.006136 -0.019942 0.004602 -0.003068 0.004602 -0.006136 -0.006136 0.009204 -0.010738 0.004602 -0.001534 -0.009204 -0.006136 0.000000 3.616339 -0.230913 3.864543 -0.533724 -0.745284 -1.732808 0.180000 0.001000 1.868926 16.350000 0.089500 -0.500000 0.032521 0.381025 0.000000 0.000000 0.000000 0.012000 0.038000 0.130000 0.000000 0.000000 0.000000 0.001000 0.000000
33.654215 2.000000 0.524801 0.298611 -0.207375 -0.439617 -0.307851 0.006951 0.036959 0.535982 -0.292799 0.217334 -0.420778 0.300145 0.014896 -0.041645 0.012272 -0.007670 -0.015340 0.003068 -0.004602 -0.006136 -0.012272 -0.003068 -0.006136 0.003068 -0.001534 -0.009204 0.006136 -0.006136 3.576594 -0.280270 3.679712 -0.548944 -0.764764 -1.781941 0.181000 0.001000 1.854507 16.350000 0.090000 -0.500000 0.032520 0.378085 0.000000 0.000000 0.000000 0.012000 0.038000 0.131000 0.000000 0.000000 0.000000 0.001000 0.000000
33.697506 2.000000 0.524837 0.298144 -0.207387 -0.439593 -0.307851 0.006987 0.036947 0.536018 -0.292799 0.217346 -0.420742 0.300097 0.014908 -0.041657 0.000000 -0.039884 0.001534 -0.003068 -0.004602 0.000000 0.000000 0.013806 0.000000 0.016874 0.026078 -0.001534 0.000000 -0.012272 3.687326 -0.298962 3.602892 -0.653789 -0.775116 -1.864283 0.181000 0.001000 1.917941 16.350000 0.090000 -0.500000 0.032520 0.391018 0.000000 0.000000 0.000000 0.012000 0.038000 0.131000 0.000000 0.000000 0.000000 0.001000 0.000000
33.732890 2.000000 0.524849 0.297544 -0.207387 -0.439593 -0.307851 0.007011 0.036947 0.536018 -0.292823 0.217346 -0.420730 0.300085 0.014920 -0.041645 -0.003068 -0.021476 0.015340 0.000000 -0.004602 -0.006136 0.006136 -0.001534 -0.006136 0.013806 -0.001534 0.000000 0.000000 0.000000 3.741662 -0.279902 3.538210 -0.666109 -0.780481 -1.782675 0.181000 0.000000 1.944944 16.350000 0.090500 -0.500000 0.032519 0.396523 0.000000 0.000000 0.000000 0.012000 0.038000 0.131000 0.000000 0.000000 0.000000 0.000000 0.000000
33.767865 2.000000 0.524861 0.297041 -0.207411 -0.439557 -0.307851 0.007059 0.036947 0.536078 -0.292859 0.217346 -0.420754 0.300061 0.014980 -0.041645 0.000000 -0.004602 0.001534 -0.001534 -0.007670 0.006136 0.000000 0.013806 -0.003068 0.000000 0.000000 -0.019942 0.018408 0.000000 3.709385 -0.302930 3.475896 -0.730330 -0.813657 -1.824122 0.182000 0.000000 1.939505 16.350000 0.091000 -0.500000 0.032518 0.395414 0.000000 0.000000 0.000000 0.012000 0.037000 0.133000 0.000000 0.000000 0.000000 0.000000 0.000000
33.807448 2.000000 0.524849 0.296873 -0.207387 -0.439557 -0.307827 0.007047 0.036935 0.536150 -0.292859 0.217346 -0.420730 0.300049 0.015004 -0.041621 -0.001534 -0.013806 -0.001534 -0.001534 0.006136 0.024544 0.000000 -0.003068 -0.003068 -0.009204 0.006136 -0.015340 0.012272 0.006136 3.757992 -0.337688 3.417291 -0.698232 -0.827478 -1.847476 0.182000 0.000000 1.962701 16.350000 0.091000 -0.500000 0.032518 0.400143 0.000000 0.000000 0.000000 0.012000 0.037000 0.133000 0.000000 0.000000 0.000000 0.000000 0.000000
33.851101 2.000000 0.524909 0.296598 -0.207399 -0.439498 -0.307815 0.007250 0.036911 0.536654 -0.292894 0.217394 -0.420730 0.300037 0.015903 -0.041621 -0.001534 -0.006136 0.000000 0.013806 -0.006136 0.006136 -0.006136 0.023010 0.003068 0.007670 0.000000 0.004602 0.024544 0.000000 3.771614 -0.331984 3.304847 -0.848236 -0.812244 -1.905186 0.184000 0.000000 1.982078 16.350000 0.092000 -0.500000 0.032516 0.404093 0.000000 0.000000 0.000000 0.013000 0.038000 0.133000 0.000000 0.000000 0.000000 0.000000 0.000000
33.889743 2.000000 0.524957 0.296598 -0.207387 -0.439438 -0.307815 0.007334 0.036923 0.536654 -0.292930 0.217406 -0.420718 0.300025 0.016131 -0.041633 -0.001534 0.004602 0.001534 0.012272 -0.010738 0.000000 -0.012272 0.026078 -0.009204 0.004602 0.018408 -0.007670 0.030680 0.000000 3.778194 -0.330198 3.246291 -0.900415 -0.843102 -1.959762 0.184000 0.000000 1.994075 16.350000 0.092000 -0.500000 0.032516 0.406539 0.000000 0.000000 0.000000 0.013000 0.038000 0.133000 0.000000 0.000000 0.000000 0.000000 0.000000
33.941117 2.000000 0.525017 0.296634 -0.207387 -0.438958 -0.307851 0.007874 0.036935 0.536642 -0.292954 0.217406 -0.420742 0.300037 0.016754 -0.041633 -0.012272 -0.004602 0.007670 0.007670 0.000000 0.012272 0.006136 0.001534 0.000000 0.009204 -0.001534 0.001534 0.018408 -0.006136 3.824761 -0.352359 3.168826 -0.855860 -0.790229 -1.948448 0.183000 0.000000 2.006858 16.350000 0.091500 -0.500000 0.032517 0.409145 0.000000 0.000000 0.000000 0.013000 0.038000 0.132000 0.000000 0.000000 0.000000 0.000000 0.000000
33.999242 2.000000 0.525017 0.296574 -0.207387 -0.438922 -0.307827 0.007886 0.036947 0.536630 -0.292954 0.217418 -0.420706 0.300025 0.016730 -0.041621 0.000000 0.003068 0.001534 0.000000 0.007670 0.000000 0.006136 0.001534 0.000000 0.003068 0.024544 0.000000 0.000000 0.000000 3.792777 -0.363850 3.111297 -0.819719 -0.814783 -2.018828 0.183000 0.000000 1.990813 16.350000 0.091500 -0.500000 0.032517 0.405874 0.000000 0.000000 0.000000 0.013000 0.038000 0.132000 0.000000 0.000000 0.000000 0.000000 0.000000
34.038837 2.000000 0.525041 0.296562 -0.207387 -0.438922 -0.307851 0.007898 0.036935 0.536606 -0.292954 0.217406 -0.420730 0.299977 0.016718 -0.041621 0.004602 0.001534 -0.004602 0.003068 -0.006136 0.006136 0.000000 -0.003068 0.000000 0.007670 0.007670 0.006136 -0.012272 0.000000 3.786015 -0.376042 3.065054 -0.781567 -0.786702 -2.005209 0.183000 0.000000 1.981481 16.350000 0.091500 -0.500000 0.032517 0.403972 0.000000 0.000000 0.000000 0.013000 0.039000 0.131000 0.000000 0.000000 0.000000 0.000000 0.000000
34.079213 2.000000 0.525005 0.296490 -0.207375 -0.438922 -0.307827 0.007898 0.036935 0.536582 -0.292930 0.217406 -0.420742 0.299977 0.016742 -0.041621 0.003068 -0.030680 0.004602 0.000000 -0.006136 0.018408 0.000000 0.004602 -0.012272 0.000000 0.000000 0.004602 0.006136 0.000000 3.742672 -0.395949 3.046915 -0.789596 -0.817493 -2.029718 0.183000 0.000000 1.965714 16.350000 0.091500 -0.500000 0.032517 0.400757 0.000000 0.000000 0.000000 0.013000 0.039000 0.131000 0.000000 0.000000 0.000000 0.000000 0.000000
34.136825 2.000000 0.525029 0.296382 -0.207387 -0.438886 -0.307827 0.007922 0.036935 0.536594 -0.292930 0.217406 -0.420742 0.300001 0.016718 -0.041621 0.013806 -0.003068 0.007670 -0.001534 0.004602 -0.006136 0.000000 0.000000 -0.009204 0.004602 -0.012272 0.000000 -0.018408 0.006136 3.650681 -0.348268 3.034789 -0.798375 -0.794490 -1.950834 0.181000 0.000000 1.918162 16.350000 0.090500 -0.500000 0.032519 0.391063 0.000000 0.000000 0.000000 0.013000 0.039000 0.129000 0.000000 0.000000 0.000000 0.000000 0.000000
34.184720 2.000000 0.525053 0.296322 -0.207387 -0.438886 -0.307851 0.007922 0.036935 0.536606 -0.292930 0.217406 -0.420730 0.299977 0.016718 -0.041633 0.003068 -0.019942 -0.004602 -0.003068 -0.010738 0.000000 -0.006136 0.016874 0.001534 0.003068 0.004602 -0.006136 -0.006136 -0.012272 3.723676 -0.401562 3.005127 -0.825569 -0.808058 -2.028460 0.181000 0.000000 1.959690 16.350000 0.090500 -0.500000 0.032519 0.399529 0.000000 0.000000 0.000000 0.013000 0.039000 0.129000 0.000000 0.000000 0.000000 0.000000 0.000000
34.232699 2.000000 0.525077 0.296226 -0.207387 -0.438862 -0.307827 0.007922 0.036935 0.536606 -0.292930 0.217406 -0.420730 0.300001 0.016718 -0.041633 -0.012272 -0.009204 -0.013806 0.003068 -0.004602 -0.006136 0.000000 0.023010 0.000000 0.003068 0.010738 -0.015340 -0.012272 -0.006136 3.784863 -0.400085 2.988205 -0.821380 -0.815214 -2.051032 0.178000 0.000000 1.989001 16.350000 0.089000 -0.500000 0.032522 0.405505 0.000000 0.000000 0.000000 0.013000 0.039000 0.126000 0.000000 0.000000 0.000000 0.000000 0.000000
34.295995 2.000000 0.525101 0.296238 -0.207387 -0.438826 -0.307827 0.007934 0.036923 0.536606 -0.292930 0.217406 -0.420730 0.299965 0.016730 -0.041621 -0.003068 -0.013806 0.024544 0.003068 -0.003068 0.000000 -0.024544 -0.001534 -0.004602 0.000000 0.000000 0.000000 0.012272 0.006136 3.788384 -0.359554 2.965921 -0.726901 -0.813582 -2.058185 0.178000 0.000000 1.979358 16.350000 0.089000 -0.500000 0.032522 0.403539 0.000000 0.000000 0.000000 0.013000 0.039000 0.126000 0.000000 0.000000 0.000000 0.000000 0.000000
34.335887 2.000000 0.525436 0.296214 -0.207399 -0.438683 -0.307827 0.008149 0.036935 0.536654 -0.292966 0.217406 -0.420706 0.300001 0.016826 -0.041621 -0.004602 0.003068 0.029146 0.001534 -0.006136 0.012272 0.000000 -0.001534 0.000000 0.003068 0.000000 -0.004602 0.012272 0.000000 3.805154 -0.300803 2.956001 -0.755661 -0.802673 -2.022019 0.174000 0.000000 1.986516 16.350000 0.087000 -0.500000 0.032526 0.404998 0.000000 0.000000 0.000000 0.013000 0.040000 0.121000 0.000000 0.000000 0.000000 0.000000 0.000000
34.395928 2.000000 0.525652 0.296166 -0.207399 -0.438647 -0.307827 0.008161 0.036935 0.536678 -0.292966 0.217406 -0.420730 0.299977 0.016922 -0.041621 0.009204 0.001534 -0.010738 0.000000 -0.009204 -0.012272 0.000000 0.009204 -0.001534 -0.006136 -0.016874 -0.010738 0.006136 -0.012272 3.665174 -0.439413 2.938568 -0.859059 -0.834705 -2.015423 0.174000 0.000000 1.940445 16.350000 0.087000 -0.500000 0.032526 0.395605 0.000000 0.000000 0.000000 0.013000 0.040000 0.121000 0.000000 0.000000 0.000000 0.000000 0.000000
34.450152 2.000000 0.527522 0.296142 -0.207447 -0.438515 -0.307851 0.008317 0.036923 0.536666 -0.293050 0.217454 -0.420694 0.299977 0.018048 -0.041621 0.035282 0.001534 0.007670 -0.004602 -0.006136 -0.006136 -0.006136 0.003068 -0.003068 0.013806 -0.001534 -0.007670 0.006136 0.000000 3.361209 -0.380550 2.971216 -0.877152 -0.797927 -2.089626 0.170000 0.000000 1.792249 16.350000 0.085000 -0.500000 0.032530 0.365392 0.000000 0.000000 0.000000 0.013000 0.040000 0.117000 0.000000 0.000000 0.000000 0.000000 0.000000
34.522154 2.000000 0.527665 0.296118 -0.207447 -0.438455 -0.307851 0.008365 0.036935 0.536678 -0.293050 0.217490 -0.420718 0.300001 0.018300 -0.041621 0.000000 -0.016874 0.018408 0.007670 -0.006136 -0.012272 0.000000 0.001534 0.001534 0.016874 -0.009204 0.001534 0.000000 -0.012272 3.263231 -0.372757 3.002417 -0.891024 -0.798360 -2.130726 0.170000 0.000000 1.747779 16.350000 0.085000 -0.500000 0.032530 0.356326 0.000000 0.000000 0.000000 0.013000 0.040000 0.117000 0.000000 0.000000 0.000000 0.000000 0.000000
34.588073 2.000000 0.528265 0.296118 -0.207459 -0.437484 -0.307851 0.009024 0.036923 0.536738 -0.293146 0.217777 -0.420682 0.300001 0.019750 -0.041597 -0.004602 -0.004602 -0.006136 0.019942 -0.003068 0.006136 -0.006136 0.010738 0.001534 0.018408 -0.006136 0.000000 0.000000 0.000000 3.178305 -0.385113 2.879977 -0.906650 -0.786197 -2.215090 0.171000 0.000000 1.709536 16.350000 0.085500 -0.500000 0.032529 0.348529 0.000000 0.000000 0.000000 0.013000 0.041000 0.117000 0.000000 0.000000 0.000000 0.000000 0.000000
34.645087 2.000000 0.528325 0.296118 -0.207447 -0.437424 -0.307851 0.009060 0.036935 0.536714 -0.293146 0.217813 -0.420658 0.299965 0.019774 -0.041597 0.004602 -0.015340 0.007670 0.016874 0.000000 0.012272 0.000000 0.010738 -0.001534 0.003068 0.000000 0.000000 0.006136 0.000000 3.115289 -0.359034 2.825503 -0.893440 -0.811917 -2.263846 0.168000 0.000000 1.680132 16.350000 0.084000 -0.500000 0.032532 0.342535 0.000000 0.000000 0.000000 0.013000 0.041000 0.114000 0.000000 0.000000 0.000000 0.000000 0.000000
34.726812 2.000000 0.528468 0.296130 -0.207459 -0.437268 -0.307863 0.009180 0.036923 0.536714 -0.293206 0.217813 -0.420670 0.299941 0.019774 -0.041585 -0.019942 0.000000 0.004602 -0.001534 -0.007670 0.000000 0.000000 0.006136 -0.001534 0.006136 0.001534 -0.001534 -0.006136 0.018408 3.139480 -0.345628 2.816132 -0.871476 -0.795302 -2.293462 0.167000 0.000000 1.685806 16.350000 0.083500 -0.500000 0.032533 0.343691 0.000000 0.000000 0.000000 0.013000 0.042000 0.112000 0.000000 0.000000 0.000000 0.000000 0.000000
34.790195 2.000000 0.528444 0.296118 -0.207519 -0.437209 -0.307851 0.009384 0.036923 0.536714 -0.293206 0.217813 -0.420658 0.299965 0.019786 -0.041609 0.003068 0.001534 0.003068 0.000000 0.004602 0.000000 -0.006136 0.006136 -0.010738 -0.015340 -0.003068 0.001534 0.000000 0.000000 2.944251 -0.330092 2.773607 -0.873484 -0.767951 -2.323365 0.167000 0.000000 1.591407 16.350000 0.083500 -0.500000 0.032533 0.324446 0.000000 0.000000 0.000000 0.013000 0.042000 0.112000 0.000000 0.000000 0.000000 0.000000 0.000000
34.840685 2.000000 0.528468 0.296106 -0.207531 -0.437185 -0.307863 0.009456 0.036923 0.536726 -0.293182 0.217813 -0.420658 0.299953 0.019786 -0.041585 -0.007670 -0.007670 -0.007670 -0.001534 -0.001534 0.000000 -0.006136 -0.001534 -0.003068 0.001534 -0.001534 -0.007670 -0.006136 0.024544 2.992503 -0.362614 2.752612 -0.863768 -0.680126 -2.339180 0.169000 0.000000 1.604309 16.350000 0.084500 -0.500000 0.032531 0.327076 0.000000 0.000000 0.000000 0.014000 0.043000 0.112000 0.000000 0.000000 0.000000 0.000000 0.000000
34.892117 2.000000 0.528576 0.296118 -0.207555 -0.436921 -0.307863 0.009995 0.036923 0.536749 -0.293278 0.217813 -0.420634 0.299881 0.019942 -0.041609 0.016874 -0.009204 0.001534 -0.006136 -0.003068 0.012272 -0.006136 0.009204 0.007670 0.000000 0.009204 0.006136 0.012272 0.000000 2.867208 -0.345143 2.719294 -0.901216 -0.656367 -2.386922 0.169000 0.000000 1.547822 16.350000 0.084500 -0.500000 0.032531 0.315560 0.000000 0.000000 0.000000 0.014000 0.043000 0.112000 0.000000 0.000000 0.000000 0.000000 0.000000
34.940026 2.000000 0.528600 0.296118 -0.207567 -0.436861 -0.307851 0.010187 0.036935 0.536761 -0.293302 0.217813 -0.420622 0.299857 0.019978 -0.041597 0.009204 0.013806 0.001534 0.000000 0.000000 0.030680 0.000000 0.000000 0.000000 0.001534 -0.010738 0.001534 -0.018408 0.012272 2.852355 -0.319677 2.688616 -0.861540 -0.683759 -2.336520 0.162000 0.000000 1.536872 16.350000 0.081000 -0.500000 0.032538 0.313328 0.000000 0.000000 0.000000 0.013000 0.044000 0.105000 0.000000 0.000000 0.000000 0.000000 0.000000
34.994787 2.000000 0.528672 0.296130 -0.207687 -0.436322 -0.307887 0.010834 0.036935 0.536857 -0.293374 0.217837 -0.420562 0.299869 0.020122 -0.041597 0.003068 -0.009204 0.003068 0.000000 -0.003068 0.000000 0.000000 -0.003068 -0.013806 0.013806 0.016874 0.000000 -0.012272 0.006136 2.908525 -0.354723 2.602944 -0.867904 -0.717721 -2.385699 0.162000 0.000000 1.569533 16.350000 0.081000 -0.500000 0.032538 0.319986 0.000000 0.000000 0.000000 0.013000 0.044000 0.105000 0.000000 0.000000 0.000000 0.000000 0.000000
35.038392 2.000000 0.528696 0.296142 -0.207711 -0.435806 -0.307887 0.010978 0.036935 0.536833 -0.293374 0.217849 -0.420562 0.299713 0.020289 -0.041597 -0.016874 -0.012272 -0.003068 0.010738 0.001534 0.000000 0.000000 -0.004602 0.000000 0.016874 0.018408 -0.001534 -0.006136 0.000000 3.076479 -0.373175 2.461635 -0.863351 -0.667098 -2.406481 0.155000 0.007000 1.642740 16.350000 0.074000 -0.500000 0.032552 0.334911 0.000000 0.000000 0.000000 0.014000 0.044000 0.097000 0.000000 0.000000 0.000000 0.000000 0.007000
35.088314 2.000000 0.528684 0.296130 -0.207723 -0.435651 -0.307899 0.010978 0.036935 0.536845 -0.293374 0.217837 -0.420550 0.299713 0.020301 -0.041609 0.009204 -0.004602 0.000000 0.018408 -0.003068 -0.006136 0.006136 0.000000 0.000000 0.001534 0.015340 -0.009204 -0.006136 -0.012272 3.104101 -0.342077 2.319807 -0.876172 -0.668184 -2.406688 0.155000 0.007000 1.655794 16.350000 0.074000 -0.500000 0.032552 0.337573 0.000000 0.000000 0.000000 0.014000 0.044000 0.097000 0.000000 0.000000 0.000000 0.000000 0.007000
35.126356 2.000000 0.528660 0.296106 -0.207926 -0.433350 -0.307959 0.010978 0.036911 0.536869 -0.293398 0.217849 -0.420311 0.299414 0.020960 -0.041609 -0.013806 0.009204 -0.010738 0.055223 0.000000 -0.006136 0.000000 0.007670 -0.001534 -0.001534 0.013806 -0.015340 0.000000 0.000000 3.283467 -0.366456 2.113849 -0.879524 -0.683317 -2.429845 0.155000 0.007000 1.743268 16.350000 0.074000 -0.500000 0.032552 0.355406 0.000000 0.000000 0.000000 0.014000 0.044000 0.097000 0.000000 0.000000 0.000000 0.000000 0.007000
35.168803 2.000000 0.528684 0.296070 -0.208549 -0.431097 -0.308055 0.011049 0.036911 0.536881 -0.293446 0.217837 -0.419280 0.299270 0.021176 -0.041609 -0.007670 0.013806 0.007670 0.009204 0.000000 0.012272 0.000000 -0.010738 0.007670 0.000000 0.000000 -0.010738 -0.018408 -0.006136 3.459226 -0.413482 1.886967 -0.716118 -0.619795 -2.486296 0.155000 0.007000 1.805144 16.350000 0.074000 -0.500000 0.032552 0.368021 0.000000 0.000000 0.000000 0.014000 0.045000 0.096000 0.000000 0.000000 0.000000 0.000000 0.007000
35.213594 2.000000 0.528684 0.296046 -0.208585 -0.430929 -0.308055 0.011049 0.036911 0.536869 -0.293470 0.217837 -0.419220 0.299270 0.021200 -0.041597 -0.009204 -0.004602 -0.004602 0.016874 -0.004602 0.024544 0.000000 0.006136 -0.012272 0.000000 0.015340 -0.003068 0.000000 0.006136 3.608838 -0.474662 1.626205 -0.757032 -0.631930 -2.598046 0.155000 0.007000 1.885567 16.350000 0.074000 -0.500000 0.032552 0.384417 0.000000 0.000000 0.000000 0.014000 0.045000 0.096000 0.000000 0.000000 0.000000 0.000000 0.007000
35.252328 2.000000 0.528672 0.296046 -0.208681 -0.430569 -0.308102 0.011049 0.036911 0.536881 -0.293470 0.217825 -0.419076 0.299270 0.021212 -0.041609 -0.010738 -0.003068 -0.006136 -0.001534 0.010738 0.000000 0.000000 0.009204 0.003068 0.004602 0.001534 -0.010738 0.000000 -0.006136 3.710148 -0.537571 1.500251 -0.737245 -0.596091 -2.633505 0.155000 0.007000 1.933458 16.350000 0.074000 -0.500000 0.032552 0.394181 0.000000 0.000000 0.000000 0.014000 0.045000 0.096000 0.000000 0.000000 0.000000 0.000000 0.007000
35.279866 2.000000 0.528684 0.296034 -0.208681 -0.430545 -0.308114 0.011061 0.036911 0.536869 -0.293470 0.217837 -0.419064 0.299282 0.021212 -0.041609 0.003068 -0.018408 0.000000 -0.004602 0.001534 0.006136 0.000000 0.004602 0.004602 0.012272 -0.013806 -0.010738 0.000000 0.000000 3.752107 -0.567036 1.359980 -0.712891 -0.570531 -2.639600 0.155000 0.007000 1.951510 16.350000 0.074000 -0.500000 0.032552 0.397861 0.000000 0.000000 0.000000 0.014000 0.045000 0.096000 0.000000 0.000000 0.000000 0.000000 0.007000
35.305776 2.000000 0.528672 0.296046 -0.208681 -0.430509 -0.308138 0.011061 0.036899 0.536869 -0.293470 0.217837 -0.419064 0.299282 0.021212 -0.041597 -0.018408 0.006136 0.000000 -0.004602 0.009204 0.000000 -0.006136 0.016874 -0.003068 0.003068 -0.012272 0.006136 0.012272 0.006136 3.864841 -0.570701 1.270275 -0.737044 -0.590738 -2.678468 0.155000 0.007000 2.009658 16.350000 0.074000 -0.500000 0.032552 0.409716 0.000000 0.000000 0.000000 0.014000 0.045000 0.096000 0.000000 0.000000 0.000000 0.000000 0.007000
35.338904 2.000000 0.528696 0.296058 -0.208693 -0.430485 -0.308150 0.011061 0.036911 0.536869 -0.293446 0.217837 -0.419064 0.299306 0.021212 -0.041597 0.015340 0.000000 0.000000 -0.004602 0.000000 0.000000 0.000000 0.016874 -0.016874 0.006136 -0.010738 0.016874 0.006136 0.006136 3.790337 -0.584456 1.135043 -0.748049 -0.629182 -2.651137 0.155000 0.005000 1.978869 16.350000 0.075000 -0.500000 0.032550 0.403439 0.000000 0.000000 0.000000 0.014000 0.045000 0.096000 0.000000 0.000000 0.000000 0.000000 0.005000
35.370100 2.000000 0.528684 0.296046 -0.208705 -0.430473 -0.308150 0.011061 0.036911 0.536845 -0.293434 0.217825 -0.419052 0.299282 0.021212 -0.041597 -0.003068 -0.018408 -0.003068 -0.001534 -0.006136 0.000000 0.000000 0.000000 0.007670 -0.001534 0.000000 0.009204 0.006136 0.006136 3.914379 -0.634659 1.037343 -0.711376 -0.594618 -2.640605 0.155000 0.005000 2.036221 16.350000 0.075000 -0.500000 0.032550 0.415132 0.000000 0.000000 0.000000 0.014000 0.045000 0.096000 0.000000 0.000000 0.000000 0.000000 0.005000
35.405530 2.000000 0.528684 0.296058 -0.208681 -0.430449 -0.308150 0.011073 0.036911 0.536857 -0.293446 0.217837 -0.419064 0.299294 0.021212 -0.041597 0.015340 0.001534 0.006136 0.000000 0.003068 -0.006136 0.012272 0.003068 -0.001534 0.000000 -0.019942 -0.006136 0.000000 0.006136 3.867081 -0.597290 0.955226 -0.735679 -0.587239 -2.596934 0.155000 0.005000 2.012284 16.350000 0.075000 -0.500000 0.032550 0.410252 0.000000 0.000000 0.000000 0.014000 0.045000 0.096000 0.000000 0.000000 0.000000 0.000000 0.005000
35.432806 2.000000 0.528696 0.296070 -0.208705 -0.430437 -0.308150 0.011097 0.036923 0.536845 -0.293446 0.217849 -0.419052 0.299282 0.021212 -0.041609 0.000000 0.009204 -0.007670 0.004602 0.000000 0.000000 0.024544 0.007670 0.000000 0.001534 0.006136 -0.001534 0.006136 -0.018408 3.955937 -0.623834 0.885868 -0.741617 -0.596499 -2.671366 0.154000 0.006000 2.058180 16.350000 0.074000 -0.500000 0.032552 0.419609 0.000000 0.000000 0.000000 0.014000 0.045000 0.095000 0.000000 0.000000 0.000000 0.000000 0.006000
35.492898 2.000000 0.528684 0.296046 -0.208693 -0.430306 -0.308150 0.011205 0.036923 0.536869 -0.293446 0.217837 -0.419064 0.299282 0.021212 -0.041597 0.003068 -0.023010 0.013806 0.001534 -0.004602 0.018408 0.000000 0.030680 0.000000 0.000000 0.000000 0.000000 0.000000 0.000000 3.953818 -0.662970 0.782420 -0.778178 -0.588169 -2.709030 0.154000 0.006000 2.062990 16.350000 0.074000 -0.500000 0.032552 0.420589 0.000000 0.000000 0.000000 0.014000 0.045000 0.095000 0.000000 0.000000 0.000000 0.000000 0.006000
35.530038 2.000000 0.528684 0.296058 -0.208741 -0.430102 -0.308150 0.011289 0.036911 0.536857 -0.293458 0.217837 -0.419052 0.299294 0.021212 -0.041597 0.004602 0.000000 -0.003068 -0.001534 0.000000 -0.006136 0.006136 -0.006136 -0.006136 -0.001534 0.000000 -0.007670 0.006136 0.006136 3.998948 -0.673851 0.745720 -0.662812 -0.577395 -2.715007 0.154000 0.006000 2.074751 16.350000 0.074000 -0.500000 0.032552 0.422987 0.000000 0.000000 0.000000 0.014000 0.045000 0.095000 0.000000 0.000000 0.000000 0.000000 0.006000
35.573238 2.000000 0.528672 0.296058 -0.208789 -0.429958 -0.308174 0.011397 0.036911 0.536869 -0.293446 0.217849 -0.419052 0.299282 0.021212 -0.041597 0.010738 -0.003068 -0.013806 0.021476 0.010738 0.030680 0.006136 0.010738 0.003068 0.003068 -0.001534 0.004602 0.000000 0.000000 3.964213 -0.694100 0.640886 -0.704781 -0.567024 -2.740492 0.154000 0.006000 2.062462 16.350000 0.074000 -0.500000 0.032552 0.420482 0.000000 0.000000 0.000000 0.014000 0.046000 0.094000 0.000000 0.000000 0.000000 0.000000 0.006000
35.614300 2.000000 0.528696 0.296070 -0.208801 -0.429946 -0.308186 0.011397 0.036923 0.536869 -0.293446 0.217825 -0.419052 0.299282 0.021212 -0.041597 0.006136 0.023010 0.006136 -0.007670 -0.006136 0.000000 0.006136 0.009204 0.001534 0.006136 0.013806 -0.001534 0.000000 0.006136 4.045793 -0.654609 0.672990 -0.696230 -0.564538 -2.777226 0.154000 0.006000 2.097641 16.350000 0.074000 -0.500000 0.032552 0.427654 0.000000 0.000000 0.000000 0.014000 0.046000 0.094000 0.000000 0.000000 0.000000 0.000000 0.006000
35.647547 2.000000 0.528696 0.296046 -0.208825 -0.429826 -0.308174 0.011517 0.036911 0.536857 -0.293470 0.217825 -0.419052 0.299282 0.021212 -0.041597 0.001534 -0.004602 -0.007670 -0.006136 0.000000 0.006136 0.006136 0.000000 -0.009204 -0.004602 0.006136 -0.001534 0.000000 0.006136 4.044609 -0.714720 0.638437 -0.666340 -0.584804 -2.763473 0.154000 0.006000 2.100934 16.350000 0.074000 -0.500000 0.032552 0.428325 0.000000 0.000000 0.000000 0.014000 0.046000 0.094000 0.000000 0.000000 0.000000 0.000000 0.006000
35.697710 2.000000 0.528708 0.296046 -0.208813 -0.429694 -0.308186 0.011565 0.036899 0.536881 -0.293470 0.217849 -0.419064 0.299270 0.021200 -0.041609 0.000000 -0.009204 -0.009204 0.000000 0.001534 0.006136 0.000000 0.010738 0.000000 0.010738 0.001534 0.000000 -0.012272 -0.006136 4.105086 -0.730829 0.587227 -0.691232 -0.554789 -2.776617 0.154000 0.006000 2.131398 16.350000 0.074000 -0.500000 0.032552 0.434536 0.000000 0.000000 0.000000 0.014000 0.046000 0.094000 0.000000 0.000000 0.000000 0.000000 0.006000
35.743118 2.000000 0.528708 0.296058 -0.208825 -0.429587 -0.308174 0.011589 0.036899 0.536869 -0.293470 0.217837 -0.419052 0.299270 0.021212 -0.041597 -0.004602 -0.003068 0.001534 -0.004602 -0.007670 0.000000 -0.006136 -0.003068 0.000000 0.007670 0.012272 -0.010738 0.000000 0.000000 4.156537 -0.718351 0.578382 -0.649909 -0.558526 -2.801716 0.153000 0.006000 2.152159 16.350000 0.073500 -0.500000 0.032553 0.438768 0.000000 0.000000 0.000000 0.014000 0.046000 0.093000 0.000000 0.000000 0.000000 0.000000 0.006000
35.785476 2.000000 0.528708 0.296082 -0.208825 -0.429503 -0.308186 0.011601 0.036875 0.536857 -0.293482 0.217825 -0.419040 0.299270 0.021212 -0.041597 0.012272 0.006136 0.006136 0.004602 0.001534 0.000000 -0.018408 0.004602 -0.007670 0.012272 0.006136 0.001534 0.006136 0.006136 4.133968 -0.706679 0.537147 -0.676460 -0.559657 -2.801695 0.153000 0.006000 2.142423 16.350000 0.073500 -0.500000 0.032553 0.436783 0.000000 0.000000 0.000000 0.014000 0.046000 0.093000 0.000000 0.000000 0.000000 0.000000 0.006000
35.818157 2.000000 0.528684 0.296058 -0.208837 -0.429491 -0.308210 0.011613 0.036911 0.536857 -0.293470 0.217849 -0.419064 0.299270 0.021224 -0.041597 -0.003068 -0.004602 -0.019942 -0.004602 0.003068 0.000000 0.006136 -0.001534 0.010738 0.001534 -0.006136 -0.019942 0.012272 0.000000 4.196336 -0.756846 0.532894 -0.648043 -0.550520 -2.789318 0.153000 0.006000 2.173999 16.350000 0.073500 -0.500000 0.032553 0.443221 0.000000 0.000000 0.000000 0.014000 0.046000 0.093000 0.000000 0.000000 0.000000 0.000000 0.006000
35.854327 2.000000 0.528696 0.296058 -0.208837 -0.429395 -0.308186 0.011649 0.036875 0.536833 -0.293446 0.217825 -0.419052 0.299270 0.021212 -0.041597 0.000000 -0.009204 -0.001534 -0.006136 0.010738 -0.006136 -0.024544 0.001534 -0.001534 0.000000 0.007670 -0.006136 0.000000 0.000000 4.147366 -0.737428 0.544001 -0.666392 -0.573005 -2.799609 0.152000 0.008000 2.151561 16.350000 0.072000 -0.500000 0.032556 0.438646 0.000000 0.000000 0.000000 0.015000 0.046000 0.091000 0.000000 0.000000 0.000000 0.000000 0.008000
35.899693 2.000000 0.528708 0.296070 -0.208861 -0.429359 -0.308210 0.011697 0.036899 0.536833 -0.293446 0.217849 -0.419064 0.299270 0.021200 -0.041609 0.000000 -0.013806 0.013806 -0.013806 0.004602 -0.006136 0.000000 0.001534 0.001534 0.004602 0.006136 -0.003068 0.000000 -0.006136 4.144522 -0.726150 0.598507 -0.669642 -0.563450 -2.795547 0.152000 0.008000 2.148852 16.350000 0.072000 -0.500000 0.032556 0.438094 0.000000 0.000000 0.000000 0.015000 0.046000 0.091000 0.000000 0.000000 0.000000 0.000000 0.008000
35.933083 2.000000 0.528684 0.296058 -0.208861 -0.429335 -0.308210 0.011709 0.036911 0.536821 -0.293446 0.217837 -0.419076 0.299270 0.021200 -0.041609 0.000000 0.012272 0.006136 -0.006136 0.000000 0.000000 -0.012272 -0.003068 0.000000 0.004602 -0.009204 0.000000 0.006136 -0.006136 4.156063 -0.716373 0.563445 -0.655107 -0.559011 -2.778468 0.152000 0.008000 2.152191 16.350000 0.072000 -0.500000 0.032556 0.438775 0.000000 0.000000 0.000000 0.015000 0.046000 0.091000 0.000000 0.000000 0.000000 0.000000 0.008000
35.982813 2.000000 0.528696 0.296070 -0.208873 -0.429299 -0.308210 0.011721 0.036911 0.536821 -0.293446 0.217837 -0.419064 0.299270 0.021200 -0.041609 0.001534 -0.007670 -0.007670 0.003068 -0.015340 0.012272 0.012272 0.004602 -0.007670 0.006136 0.006136 -0.003068 0.006136 -0.006136 4.100220 -0.746682 0.526721 -0.680944 -0.571708 -2.813192 0.152000 0.008000 2.130720 16.350000 0.072000 -0.500000 0.032556 0.434398 0.000000 0.000000 0.000000 0.015000 0.046000 0.091000 0.000000 0.000000 0.000000 0.000000 0.008000
36.033156 2.000000 0.528696 0.296058 -0.208873 -0.429299 -0.308210 0.011721 0.036899 0.536833 -0.293446 0.217837 -0.419064 0.299282 0.021200 -0.041597 0.003068 -0.026078 -0.004602 0.000000 -0.007670 -0.006136 0.012272 0.006136 -0.004602 0.009204 -0.001534 0.009204 0.000000 0.006136 4.189906 -0.754630 0.454818 -0.676751 -0.555550 -2.804919 0.152000 0.009000 2.173212 16.350000 0.071500 -0.500000 0.032557 0.443061 0.000000 0.000000 0.000000 0.015000 0.046000 0.091000 0.000000 0.000000 0.000000 0.000000 0.009000
36.084441 2.000000 0.528696 0.296058 -0.208897 -0.429299 -0.308210 0.011733 0.036899 0.536833 -0.293446 0.217825 -0.419064 0.299258 0.021188 -0.041609 -0.001534 -0.001534 0.010738 0.000000 -0.003068 0.006136 0.000000 0.001534 0.000000 -0.001534 0.007670 -0.010738 0.000000 -0.006136 4.263907 -0.705592 0.389463 -0.661175 -0.571239 -2.812203 0.152000 0.009000 2.204667 16.350000 0.071500 -0.500000 0.032557 0.449473 0.000000 0.000000 0.000000 0.015000 0.046000 0.091000 0.000000 0.000000 0.000000 0.000000 0.009000
36.126235 2.000000 0.528696 0.296046 -0.208909 -0.429323 -0.308210 0.011721 0.036899 0.536761 -0.293446 0.217837 -0.419064 0.299282 0.021188 -0.041597 0.023010 -0.006136 0.004602 0.000000 0.001534 -0.006136 0.006136 -0.003068 -0.009204 0.015340 0.006136 -0.004602 0.000000 0.006136 4.172898 -0.704873 0.351272 -0.655947 -0.550709 -2.809813 0.152000 0.008000 2.158904 16.350000 0.072000 -0.500000 0.032556 0.440144 0.000000 0.000000 0.000000 0.015000 0.046000 0.091000 0.000000 0.000000 0.000000 0.000000 0.008000
36.168822 2.000000 0.528684 0.296046 -0.208909 -0.429299 -0.308234 0.011721 0.036911 0.536773 -0.293446 0.217849 -0.419076 0.299270 0.021188 -0.041597 0.004602 -0.004602 0.000000 -0.009204 0.000000 0.000000 0.012272 0.003068 0.001534 0.009204 -0.007670 0.006136 0.006136 0.006136 4.176602 -0.720404 0.399225 -0.664913 -0.546831 -2.801767 0.153000 0.008000 2.162413 16.350000 0.072500 -0.500000 0.032555 0.440859 0.000000 0.000000 0.000000 0.015000 0.046000 0.092000 0.000000 0.000000 0.000000 0.000000 0.008000
36.211192 2.000000 0.528696 0.296034 -0.208921 -0.429299 -0.308234 0.011721 0.036899 0.536738 -0.293434 0.217825 -0.419076 0.299282 0.021200 -0.041609 0.012272 -0.010738 0.007670 -0.004602 -0.003068 0.000000 0.006136 0.000000 0.001534 0.006136 0.009204 -0.004602 0.000000 -0.006136 4.113126 -0.712306 0.415871 -0.659140 -0.561414 -2.818953 0.153000 0.008000 2.131598 16.350000 0.072500 -0.500000 0.032555 0.434576 0.000000 0.000000 0.000000 0.015000 0.046000 0.092000 0.000000 0.000000 0.000000 0.000000 0.008000
36.247337 2.000000 0.528684 0.296070 -0.208921 -0.429323 -0.308210 0.011721 0.036887 0.536714 -0.293446 0.217825 -0.419076 0.299258 0.021176 -0.041609 -0.032214 0.018408 -0.003068 -0.010738 0.003068 0.000000 -0.012272 0.006136 0.007670 0.003068 -0.007670 0.000000 -0.006136 -0.006136 4.247462 -0.725166 0.457504 -0.669199 -0.556592 -2.793965 0.152000 0.008000 2.197977 16.350000 0.072000 -0.500000 0.032556 0.448110 0.000000 0.000000 0.000000 0.015000 0.045000 0.092000 0.000000 0.000000 0.000000 0.000000 0.008000
36.290488 2.000000 0.528684 0.296058 -0.208921 -0.429299 -0.308234 0.011721 0.036899 0.536726 -0.293434 0.217825 -0.419076 0.299258 0.021188 -0.041597 0.016874 0.000000 0.000000 -0.010738 -0.004602 0.000000 0.006136 0.015340 0.003068 0.001534 -0.009204 -0.012272 0.006136 0.006136 4.066683 -0.719090 0.438217 -0.691146 -0.561919 -2.809129 0.152000 0.008000 2.112371 16.350000 0.072000 -0.500000 0.032556 0.430657 0.000000 0.000000 0.000000 0.015000 0.045000 0.092000 0.000000 0.000000 0.000000 0.000000 0.008000
36.319554 2.000000 0.528684 0.296046 -0.208921 -0.429299 -0.308210 0.011721 0.036887 0.536726 -0.293434 0.217825 -0.419076 0.299270 0.021176 -0.041597 0.021476 -0.007670 -0.024544 0.000000 0.007670 0.000000 0.000000 0.012272 -0.006136 -0.006136 -0.006136 0.003068 0.000000 0.006136 4.059400 -0.751619 0.384116 -0.677954 -0.581373 -2.808428 0.152000 0.008000 2.111947 16.350000 0.072000 -0.500000 0.032556 0.430570 0.000000 0.000000 0.000000 0.015000 0.045000 0.092000 0.000000 0.000000 0.000000 0.000000 0.008000
36.354522 2.000000 0.528696 0.296070 -0.208921 -0.429299 -0.308210 0.011709 0.036899 0.536738 -0.293434 0.217837 -0.419076 0.299270 0.021188 -0.041597 -0.012272 -0.003068 -0.003068 0.003068 -0.012272 -0.018408 0.006136 0.006136 -0.009204 0.007670 -0.003068 0.000000 0.000000 -0.006136 4.194623 -0.687286 0.433968 -0.639686 -0.558007 -2.772289 0.154000 0.009000 2.167245 16.350000 0.072500 -0.500000 0.032555 0.441844 0.000000 0.000000 0.000000 0.016000 0.046000 0.092000 0.000000 0.000000 0.000000 0.000000 0.009000
36.394597 2.000000 0.528696 0.296046 -0.208921 -0.429323 -0.308186 0.011745 0.036899 0.536738 -0.293434 0.217837 -0.419064 0.299270 0.021200 -0.041609 0.006136 -0.003068 -0.009204 0.007670 0.000000 0.000000 0.000000 -0.009204 0.001534 0.004602 0.013806 -0.003068 0.012272 -0.006136 4.163799 -0.685408 0.312430 -0.599180 -0.528492 -2.805926 0.154000 0.009000 2.147401 16.350000 0.072500 -0.500000 0.032555 0.437798 0.000000 0.000000 0.000000 0.016000 0.046000 0.092000 0.000000 0.000000 0.000000 0.000000 0.009000
36.424716 2.000000 0.528696 0.296058 -0.208921 -0.429299 -0.308210 0.011733 0.036911 0.536726 -0.293434 0.217837 -0.419088 0.299282 0.021176 -0.041609 0.009204 -0.009204 -0.007670 -0.001534 -0.012272 0.000000 0.018408 -0.013806 0.003068 0.015340 0.003068 -0.001534 -0.012272 -0.006136 4.155847 -0.687143 0.309175 -0.593945 -0.514245 -2.779143 0.154000 0.009000 2.142455 16.350000 0.072500 -0.500000 0.032555 0.436790 0.000000 0.000000 0.000000 0.016000 0.046000 0.092000 0.000000 0.000000 0.000000 0.000000 0.009000
36.463371 2.000000 0.528672 0.296058 -0.208933 -0.429299 -0.308210 0.011745 0.036887 0.536738 -0.293434 0.217849 -0.419076 0.299270 0.021188 -0.041597 0.006136 -0.006136 0.015340 0.000000 0.003068 0.000000 -0.006136 -0.018408 -0.013806 0.012272 0.010738 -0.015340 0.006136 0.000000 4.164707 -0.663177 0.300227 -0.541262 -0.538047 -2.811782 0.154000 0.009000 2.142840 16.350000 0.072500 -0.500000 0.032555 0.436868 0.000000 0.000000 0.000000 0.016000 0.046000 0.092000 0.000000 0.000000 0.000000 0.000000 0.009000
36.505649 2.000000 0.528684 0.296046 -0.208921 -0.429299 -0.308210 0.011757 0.036899 0.536726 -0.293434 0.217837 -0.419076 0.299282 0.021188 -0.041597 0.000000 0.000000 0.000000 -0.007670 -0.006136 0.006136 0.000000 -0.012272 -0.004602 0.004602 -0.001534 0.001534 0.000000 0.006136 4.234801 -0.691422 0.282992 -0.573097 -0.539750 -2.797379 0.154000 0.009000 2.181248 16.350000 0.072500 -0.500000 0.032555 0.444699 0.000000 0.000000 0.000000 0.016000 0.046000 0.092000 0.000000 0.000000 0.000000 0.000000 0.009000
36.542255 2.000000 0.528684 0.296058 -0.208933 -0.429299 -0.308210 0.011757 0.036899 0.536714 -0.293434 0.217837 -0.419076 0.299270 0.021200 -0.041597 0.000000 0.001534 0.018408 0.004602 0.012272 0.000000 0.006136 0.015340 -0.007670 0.016874 0.000000 -0.007670 0.012272 0.006136 4.275533 -0.665295 0.258855 -0.666802 -0.537646 -2.823380 0.153000 0.008000 2.205475 16.350000 0.072500 -0.500000 0.032555 0.449638 0.000000 0.000000 0.000000 0.016000 0.045000 0.092000 0.000000 0.000000 0.000000 0.000000 0.008000
36.588968 2.000000 0.528672 0.296046 -0.208945 -0.429299 -0.308222 0.011769 0.036887 0.536726 -0.293434 0.217849 -0.419064 0.299270 0.021188 -0.041597 -0.003068 -0.018408 0.006136 -0.009204 -0.016874 0.012272 0.000000 -0.009204 0.000000 0.001534 0.001534 0.001534 0.006136 0.006136 4.254397 -0.716483 0.258265 -0.523462 -0.541167 -2.818007 0.153000 0.008000 2.189755 16.350000 0.072500 -0.500000 0.032555 0.446433 0.000000 0.000000 0.000000 0.016000 0.045000 0.092000 0.000000 0.000000 0.000000 0.000000 0.008000
36.635894 2.000000 0.528672 0.296058 -0.208969 -0.429299 -0.308210 0.011757 0.036887 0.536714 -0.293434 0.217849 -0.419076 0.299282 0.021152 -0.041609 0.000000 0.012272 -0.007670 0.004602 -0.010738 -0.018408 0.000000 0.000000 0.001534 0.009204 0.000000 -0.010738 -0.018408 -0.012272 4.281506 -0.697608 0.239234 -0.572377 -0.541858 -2.816966 0.154000 0.008000 2.204494 16.350000 0.073000 -0.500000 0.032554 0.449438 0.000000 0.000000 0.000000 0.016000 0.045000 0.093000 0.000000 0.000000 0.000000 0.000000 0.008000
36.681181 2.000000 0.528708 0.296046 -0.208957 -0.429299 -0.308210 0.011804 0.036899 0.536714 -0.293434 0.217849 -0.419076 0.299270 0.021200 -0.041597 0.007670 0.006136 -0.003068 -0.003068 0.000000 0.018408 0.006136 0.006136 0.001534 0.016874 0.004602 -0.003068 0.006136 0.006136 4.301882 -0.703403 0.209081 -0.607765 -0.511625 -2.840044 0.154000 0.008000 2.215406 16.350000 0.073000 -0.500000 0.032554 0.451663 0.000000 0.000000 0.000000 0.016000 0.045000 0.093000 0.000000 0.000000 0.000000 0.000000 0.008000
36.722355 2.000000 0.528684 0.296070 -0.208957 -0.429299 -0.308210 0.011792 0.036887 0.536714 -0.293434 0.217837 -0.419064 0.299282 0.021176 -0.041609 -0.006136 0.018408 0.007670 0.003068 0.003068 0.000000 0.000000 -0.003068 -0.009204 0.010738 0.015340 -0.001534 0.000000 -0.006136 4.341325 -0.672822 0.166643 -0.661037 -0.550541 -2.828182 0.154000 0.008000 2.238295 16.350000 0.073000 -0.500000 0.032554 0.456329 0.000000 0.000000 0.000000 0.016000 0.045000 0.093000 0.000000 0.000000 0.000000 0.000000 0.008000
36.766449 2.000000 0.528684 0.296058 -0.208969 -0.429299 -0.308210 0.011804 0.036899 0.536714 -0.293410 0.217837 -0.419076 0.299258 0.021188 -0.041597 0.009204 -0.012272 0.004602 0.006136 -0.007670 0.000000 0.006136 0.000000 0.000000 0.000000 0.000000 -0.009204 0.006136 0.006136 4.333109 -0.712759 0.150812 -0.659879 -0.547450 -2.810670 0.153000 0.009000 2.237130 16.350000 0.072000 -0.500000 0.032556 0.456092 0.000000 0.000000 0.000000 0.016000 0.045000 0.092000 0.000000 0.000000 0.000000 0.000000 0.009000
36.796132 2.000000 0.528708 0.296058 -0.208957 -0.429299 -0.308210 0.011828 0.036875 0.536714 -0.293434 0.217825 -0.419076 0.299258 0.021188 -0.041597 0.013806 0.000000 0.000000 -0.009204 0.000000 0.006136 -0.024544 0.000000 0.000000 0.013806 -0.007670 -0.007670 0.006136 0.006136 4.260292 -0.719969 0.223642 -0.663144 -0.528073 -2.802759 0.153000 0.009000 2.201537 16.350000 0.072000 -0.500000 0.032556 0.448835 0.000000 0.000000 0.000000 0.016000 0.045000 0.092000 0.000000 0.000000 0.000000 0.000000 0.009000
36.844088 2.000000 0.528684 0.296046 -0.208969 -0.429299 -0.308210 0.011840 0.036899 0.536714 -0.293434 0.217825 -0.419076 0.299282 0.021176 -0.041585 0.000000 -0.001534 0.009204 -0.004602 0.000000 0.012272 0.018408 0.001534 -0.010738 -0.003068 0.007670 0.000000 -0.006136 0.018408 4.351314 -0.652183 0.217374 -0.665235 -0.570069 -2.816659 0.153000 0.008000 2.243145 16.350000 0.072500 -0.500000 0.032555 0.457318 0.000000 0.000000 0.000000 0.016000 0.045000 0.092000 0.000000 0.000000 0.000000 0.000000 0.008000
36.883240 2.000000 0.528684 0.296058 -0.208957 -0.429287 -0.308210 0.011828 0.036899 0.536714 -0.293434 0.217837 -0.419076 0.299270 0.021176 -0.041597 0.003068 -0.010738 -0.004602 0.006136 -0.018408 -0.006136 0.012272 0.006136 -0.003068 -0.003068 0.013806 -0.012272 -0.006136 0.000000 4.333440 -0.677535 0.156138 -0.673687 -0.568178 -2.830160 0.153000 0.008000 2.236875 16.350000 0.072500 -0.500000 0.032555 0.456040 0.000000 0.000000 0.000000 0.016000 0.045000 0.092000 0.000000 0.000000 0.000000 0.000000 0.008000
36.913707 2.000000 0.528684 0.296058 -0.208969 -0.429299 -0.308210 0.011828 0.036899 0.536714 -0.293434 0.217825 -0.419076 0.299270 0.021164 -0.041597 0.000000 -0.009204 -0.006136 -0.001534 -0.009204 -0.006136 0.006136 0.009204 -0.003068 0.000000 0.000000 0.001534 -0.012272 0.000000 4.361086 -0.689914 0.169618 -0.677328 -0.560472 -2.807706 0.153000 0.008000 2.250997 16.350000 0.072500 -0.500000 0.032555 0.458919 0.000000 0.000000 0.000000 0.016000 0.045000 0.092000 0.000000 0.000000 0.000000 0.000000 0.008000
36.949335 2.000000 0.528684 0.296070 -0.208957 -0.429299 -0.308210 0.011840 0.036887 0.536714 -0.293434 0.217825 -0.419076 0.299270 0.021176 -0.041609 -0.013806 0.012272 0.004602 -0.003068 -0.009204 0.000000 0.006136 0.007670 0.003068 -0.003068 0.007670 -0.019942 0.000000 -0.006136 4.438932 -0.658563 0.135867 -0.669656 -0.560563 -2.826735 0.153000 0.008000 2.285853 16.350000 0.072500 -0.500000 0.032555 0.466025 0.000000 0.000000 0.000000 0.016000 0.045000 0.092000 0.000000 0.000000 0.000000 0.000000 0.008000
36.987633 2.000000 0.528696 0.296046 -0.208969 -0.429287 -0.308210 0.011864 0.036899 0.536714 -0.293434 0.217849 -0.419064 0.299282 0.021176 -0.041597 0.003068 -0.001534 0.012272 0.003068 -0.006136 0.006136 0.012272 -0.010738 0.001534 0.013806 0.015340 0.006136 -0.006136 0.000000 4.402522 -0.667281 0.121959 -0.619223 -0.513829 -2.830054 0.153000 0.008000 2.262461 16.350000 0.072500 -0.500000 0.032555 0.461256 0.000000 0.000000 0.000000 0.016000 0.045000 0.092000 0.000000 0.000000 0.000000 0.000000 0.008000
37.021633 2.000000 0.528684 0.296058 -0.208969 -0.429287 -0.308222 0.011852 0.036899 0.536726 -0.293434 0.217837 -0.419088 0.299258 0.021176 -0.041597 -0.013806 -0.006136 0.006136 -0.004602 0.012272 -0.012272 0.000000 0.003068 0.003068 0.004602 0.000000 -0.003068 0.000000 0.000000 4.457577 -0.700160 0.158257 -0.652359 -0.515302 -2.814785 0.153000 0.008000 2.294086 16.350000 0.072500 -0.500000 0.032555 0.467704 0.000000 0.000000 0.000000 0.016000 0.045000 0.092000 0.000000 0.000000 0.000000 0.000000 0.008000
37.057211 2.000000 0.528684 0.296046 -0.208969 -0.429287 -0.308234 0.011912 0.036887 0.536714 -0.293434 0.217837 -0.419064 0.299270 0.021176 -0.041609 -0.012272 -0.003068 0.006136 -0.001534 -0.006136 0.000000 -0.006136 0.013806 0.001534 0.006136 0.003068 -0.001534 -0.018408 -0.006136 4.453473 -0.703381 0.144599 -0.676422 -0.511088 -2.813741 0.154000 0.008000 2.293847 16.350000 0.073000 -0.500000 0.032554 0.467655 0.000000 0.000000 0.000000 0.017000 0.045000 0.092000 0.000000 0.000000 0.000000 0.000000 0.008000
37.087741 2.000000 0.528684 0.296058 -0.208969 -0.429275 -0.308234 0.011924 0.036899 0.536714 -0.293410 0.217837 -0.419076 0.299270 0.021188 -0.041597 -0.006136 0.003068 0.000000 -0.001534 -0.001534 0.012272 0.006136 -0.006136 0.010738 0.012272 -0.006136 -0.009204 0.000000 0.000000 4.483241 -0.707746 0.128073 -0.622408 -0.489310 -2.803598 0.154000 0.008000 2.303648 16.350000 0.073000 -0.500000 0.032554 0.469653 0.000000 0.000000 0.000000 0.017000 0.045000 0.092000 0.000000 0.000000 0.000000 0.000000 0.008000
37.131010 2.000000 0.528696 0.296070 -0.208969 -0.429287 -0.308186 0.011912 0.036887 0.536738 -0.293410 0.217849 -0.419052 0.299282 0.021188 -0.041597 0.013806 0.000000 -0.001534 -0.003068 -0.001534 -0.018408 -0.012272 0.000000 0.009204 0.012272 0.004602 -0.009204 0.000000 0.000000 4.428659 -0.716670 0.146328 -0.650537 -0.510992 -2.820551 0.154000 0.008000 2.280951 16.350000 0.073000 -0.500000 0.032554 0.465026 0.000000 0.000000 0.000000 0.017000 0.045000 0.092000 0.000000 0.000000 0.000000 0.000000 0.008000
37.172296 2.000000 0.528708 0.296070 -0.208969 -0.429299 -0.308210 0.011960 0.036875 0.536726 -0.293434 0.217837 -0.419064 0.299282 0.021176 -0.041597 0.006136 -0.009204 -0.006136 -0.003068 -0.009204 0.018408 0.006136 -0.012272 -0.013806 0.007670 -0.001534 0.012272 -0.024544 0.006136 4.421719 -0.717815 0.086878 -0.627762 -0.547235 -2.777239 0.154000 0.008000 2.278180 16.350000 0.073000 -0.500000 0.032554 0.464461 0.000000 0.000000 0.000000 0.017000 0.045000 0.092000 0.000000 0.000000 0.000000 0.000000 0.008000
37.211853 2.000000 0.528696 0.296046 -0.208969 -0.429287 -0.308210 0.011948 0.036887 0.536726 -0.293410 0.217849 -0.419076 0.299282 0.021188 -0.041597 -0.004602 -0.009204 0.021476 -0.013806 -0.009204 0.012272 0.000000 0.024544 0.001534 0.013806 -0.003068 -0.004602 0.000000 0.000000 4.468384 -0.691723 0.128747 -0.729573 -0.537226 -2.815735 0.154000 0.008000 2.305744 16.350000 0.073000 -0.500000 0.032554 0.470080 0.000000 0.000000 0.000000 0.017000 0.045000 0.092000 0.000000 0.000000 0.000000 0.000000 0.008000
37.252960 2.000000 0.528684 0.296058 -0.208969 -0.429275 -0.308186 0.011960 0.036887 0.536738 -0.293434 0.217837 -0.419076 0.299282 0.021188 -0.041597 -0.001534 0.012272 -0.003068 -0.007670 -0.006136 0.000000 -0.006136 -0.004602 0.004602 0.007670 0.010738 0.000000 0.000000 0.006136 4.447400 -0.707520 0.130331 -0.600501 -0.523776 -2.877739 0.154000 0.008000 2.286640 16.350000 0.073000 -0.500000 0.032554 0.466186 0.000000 0.000000 0.000000 0.017000 0.045000 0.092000 0.000000 0.000000 0.000000 0.000000 0.008000
37.299044 2.000000 0.528684 0.296058 -0.208945 -0.429287 -0.308210 0.011996 0.036899 0.536726 -0.293434 0.217825 -0.419064 0.299282 0.021176 -0.041609 -0.007670 -0.030680 0.001534 0.001534 0.000000 0.018408 0.000000 0.015340 -0.001534 0.001534 -0.004602 -0.003068 -0.012272 -0.006136 4.484184 -0.773330 0.106714 -0.664507 -0.554317 -2.837216 0.154000 0.008000 2.315966 16.350000 0.073000 -0.500000 0.032554 0.472164 0.000000 0.000000 0.000000 0.017000 0.045000 0.092000 0.000000 0.000000 0.000000 0.000000 0.008000
37.335406 2.000000 0.528684 0.296058 -0.208981 -0.429275 -0.308210 0.011984 0.036899 0.536726 -0.293434 0.217837 -0.419076 0.299294 0.021188 -0.041597 -0.015340 -0.015340 0.000000 -0.009204 -0.004602 -0.006136 0.006136 0.018408 -0.003068 0.001534 0.004602 0.000000 0.024544 0.000000 4.503397 -0.751847 0.145375 -0.674522 -0.556598 -2.872606 0.154000 0.008000 2.324362 16.350000 0.073000 -0.500000 0.032554 0.473876 0.000000 0.000000 0.000000 0.017000 0.045000 0.092000 0.000000 0.000000 0.000000 0.000000 0.008000
37.382463 2.000000 0.528684 0.296070 -0.208969 -0.429263 -0.308210 0.011996 0.036887 0.536726 -0.293434 0.217825 -0.419076 0.299270 0.021188 -0.041609 0.000000 -0.006136 0.018408 0.000000 0.000000 0.000000 0.000000 0.007670 -0.007670 0.012272 0.000000 -0.009204 0.000000 -0.006136 4.457710 -0.702664 0.127657 -0.644770 -0.546477 -2.834331 0.154000 0.008000 2.295609 16.350000 0.073000 -0.500000 0.032554 0.468014 0.000000 0.000000 0.000000 0.017000 0.045000 0.092000 0.000000 0.000000 0.000000 0.000000 0.008000
37.423788 2.000000 0.528684 0.296070 -0.208969 -0.429287 -0.308186 0.012008 0.036899 0.536726 -0.293434 0.217825 -0.419076 0.299258 0.021176 -0.041585 -0.013806 0.006136 0.001534 -0.007670 -0.006136 0.006136 0.000000 0.015340 -0.003068 -0.001534 0.000000 -0.012272 0.000000 0.000000 4.524793 -0.717770 0.086034 -0.653249 -0.540987 -2.838908 0.154000 0.008000 2.329611 16.350000 0.073000 -0.500000 0.032554 0.474946 0.000000 0.000000 0.000000 0.017000 0.045000 0.092000 0.000000 0.000000 0.000000 0.000000 0.008000
37.481015 2.000000 0.528696 0.296082 -0.208957 -0.429263 -0.308186 0.012044 0.036887 0.536726 -0.293434 0.217837 -0.419052 0.299282 0.021176 -0.041597 0.003068 -0.003068 0.015340 0.001534 0.001534 -0.006136 -0.006136 0.001534 0.004602 0.003068 0.015340 0.000000 -0.012272 0.000000 4.514662 -0.696825 0.021718 -0.614642 -0.502743 -2.839415 0.155000 0.008000 2.318311 16.350000 0.073500 -0.500000 0.032553 0.472642 0.000000 0.000000 0.000000 0.017000 0.045000 0.093000 0.000000 0.000000 0.000000 0.000000 0.008000
37.534787 2.000000 0.528696 0.296058 -0.208969 -0.429263 -0.308186 0.012056 0.036899 0.536726 -0.293434 0.217837 -0.419076 0.299306 0.021176 -0.041597 0.016874 0.001534 0.004602 -0.001534 0.000000 -0.006136 0.000000 0.006136 -0.007670 0.001534 0.007670 -0.001534 0.000000 0.000000 4.375291 -0.701085 0.070217 -0.638586 -0.531784 -2.834069 0.154000 0.008000 2.254178 16.350000 0.073000 -0.500000 0.032554 0.459567 0.000000 0.000000 0.000000 0.017000 0.045000 0.092000 0.000000 0.000000 0.000000 0.000000 0.008000
37.569375 2.000000 0.528708 0.296082 -0.208981 -0.429239 -0.308186 0.012080 0.036899 0.536738 -0.293410 0.217837 -0.419064 0.299282 0.021176 -0.041609 -0.010738 0.021476 -0.032214 0.000000 -0.003068 0.000000 0.000000 0.004602 0.004602 0.004602 0.006136 -0.003068 0.000000 -0.006136 4.447817 -0.742728 0.085183 -0.629652 -0.501986 -2.833652 0.154000 0.008000 2.290370 16.350000 0.073000 -0.500000 0.032554 0.466946 0.000000 0.000000 0.000000 0.017000 0.045000 0.092000 0.000000 0.000000 0.000000 0.000000 0.008000
37.615280 2.000000 0.528696 0.296070 -0.208981 -0.429227 -0.308186 0.012080 0.036899 0.536738 -0.293434 0.217837 -0.419052 0.299282 0.021188 -0.041597 0.000000 -0.007670 0.006136 0.001534 0.006136 -0.006136 0.000000 0.003068 -0.004602 0.018408 0.009204 -0.003068 0.006136 0.000000 4.441382 -0.715819 0.102608 -0.641272 -0.504966 -2.835908 0.154000 0.008000 2.286071 16.350000 0.073000 -0.500000 0.032554 0.466070 0.000000 0.000000 0.000000 0.017000 0.045000 0.092000 0.000000 0.000000 0.000000 0.000000 0.008000
37.655799 2.000000 0.528684 0.296058 -0.208969 -0.429239 -0.308210 0.012140 0.036899 0.536726 -0.293434 0.217837 -0.419064 0.299294 0.021188 -0.041609 -0.003068 0.015340 -0.001534 -0.009204 0.003068 0.018408 0.006136 -0.004602 -0.006136 -0.001534 0.016874 0.001534 0.000000 0.000000 4.387641 -0.703056 0.117927 -0.625962 -0.543680 -2.822344 0.155000 0.009000 2.260149 16.350000 0.073000 -0.500000 0.032554 0.460785 0.000000 0.000000 0.000000 0.017000 0.046000 0.092000 0.000000 0.000000 0.000000 0.000000 0.009000
37.701049 2.000000 0.528696 0.296046 -0.208957 -0.429239 -0.308198 0.012128 0.036887 0.536714 -0.293410 0.217837 -0.419064 0.299282 0.021176 -0.041609 0.000000 -0.007670 0.015340 -0.006136 -0.004602 0.000000 -0.006136 -0.012272 0.000000 -0.001534 0.012272 -0.010738 -0.006136 -0.006136 4.415509 -0.713925 0.119665 -0.611326 -0.539233 -2.806559 0.155000 0.009000 2.273263 16.350000 0.073000 -0.500000 0.032554 0.463458 0.000000 0.000000 0.000000 0.017000 0.046000 0.092000 0.000000 0.000000 0.000000 0.000000 0.009000
37.736903 2.000000 0.528720 0.296046 -0.208969 -0.429239 -0.308210 0.012128 0.036887 0.536738 -0.293410 0.217849 -0.419064 0.299294 0.021176 -0.041597 0.009204 -0.007670 -0.010738 0.003068 0.012272 -0.006136 0.000000 0.000000 0.003068 0.013806 0.010738 -0.003068 -0.018408 0.000000 4.337512 -0.736196 0.114446 -0.567780 -0.520971 -2.868900 0.155000 0.009000 2.233259 16.350000 0.073000 -0.500000 0.032554 0.455303 0.000000 0.000000 0.000000 0.017000 0.046000 0.092000 0.000000 0.000000 0.000000 0.000000 0.009000
37.789660 2.000000 0.528696 0.296082 -0.208993 -0.429227 -0.308186 0.012152 0.036899 0.536714 -0.293410 0.217825 -0.419076 0.299282 0.021176 -0.041609 -0.012272 0.000000 0.001534 -0.003068 0.000000 -0.012272 0.000000 0.000000 -0.004602 0.001534 -0.001534 0.004602 0.000000 -0.006136 4.430416 -0.718992 0.149932 -0.587779 -0.553120 -2.849035 0.155000 0.009000 2.280184 16.350000 0.073000 -0.500000 0.032554 0.464869 0.000000 0.000000 0.000000 0.017000 0.046000 0.092000 0.000000 0.000000 0.000000 0.000000 0.009000
37.841651 2.000000 0.528684 0.296082 -0.208981 -0.429227 -0.308186 0.012152 0.036899 0.536714 -0.293434 0.217837 -0.419064 0.299318 0.021188 -0.041597 -0.004602 0.015340 0.001534 0.000000 -0.001534 -0.018408 0.006136 0.015340 -0.007670 0.009204 0.010738 -0.012272 0.006136 0.000000 4.378764 -0.685183 0.090126 -0.653495 -0.553942 -2.865356 0.156000 0.008000 2.257042 16.350000 0.074000 -0.500000 0.032552 0.460151 0.000000 0.000000 0.000000 0.017000 0.046000 0.093000 0.000000 0.000000 0.000000 0.000000 0.008000
37.888049 2.000000 0.528684 0.296046 -0.208981 -0.429203 -0.308186 0.012176 0.036887 0.536690 -0.293410 0.217825 -0.419076 0.299294 0.021188 -0.041609 -0.001534 -0.001534 -0.023010 -0.006136 -0.015340 0.000000 -0.006136 0.016874 0.009204 0.015340 0.000000 0.003068 0.006136 -0.006136 4.394828 -0.749980 0.082963 -0.642321 -0.503591 -2.853746 0.156000 0.008000 2.266228 16.350000 0.074000 -0.500000 0.032552 0.462024 0.000000 0.000000 0.000000 0.017000 0.046000 0.093000 0.000000 0.000000 0.000000 0.000000 0.008000
37.939544 2.000000 0.528684 0.296058 -0.208981 -0.429191 -0.308186 0.012200 0.036899 0.536702 -0.293410 0.217837 -0.419076 0.299282 0.021188 -0.041597 -0.012272 0.010738 -0.001534 0.004602 0.000000 0.006136 0.018408 -0.004602 0.001534 0.004602 -0.009204 0.015340 0.006136 0.000000 4.443122 -0.694391 0.093234 -0.629225 -0.521431 -2.750439 0.156000 0.009000 2.285352 16.350000 0.073500 -0.500000 0.032553 0.465923 0.000000 0.000000 0.000000 0.017000 0.046000 0.093000 0.000000 0.000000 0.000000 0.000000 0.009000
38.004054 2.000000 0.528696 0.296082 -0.208981 -0.429131 -0.308186 0.012260 0.036887 0.536678 -0.293410 0.217825 -0.419064 0.299270 0.021188 -0.041597 -0.006136 0.012272 0.004602 -0.010738 -0.007670 0.000000 -0.006136 0.000000 -0.001534 0.000000 0.003068 -0.001534 0.000000 0.000000 4.438867 -0.710055 0.134169 -0.649617 -0.547215 -2.788244 0.155000 0.009000 2.287420 16.350000 0.073000 -0.500000 0.032554 0.466345 0.000000 0.000000 0.000000 0.017000 0.046000 0.092000 0.000000 0.000000 0.000000 0.000000 0.009000
38.070690 2.000000 0.528672 0.296058 -0.208969 -0.429131 -0.308186 0.012248 0.036899 0.536678 -0.293410 0.217837 -0.419076 0.299282 0.021176 -0.041597 0.000000 0.003068 0.007670 -0.004602 0.007670 0.000000 0.000000 -0.007670 0.000000 0.009204 0.009204 0.000000 -0.006136 0.000000 4.339673 -0.710076 0.128669 -0.637007 -0.537184 -2.797568 0.155000 0.009000 2.237818 16.350000 0.073000 -0.500000 0.032554 0.456232 0.000000 0.000000 0.000000 0.017000 0.046000 0.092000 0.000000 0.000000 0.000000 0.000000 0.009000
38.165252 2.000000 0.528708 0.296082 -0.208969 -0.429107 -0.308186 0.012260 0.036887 0.536678 -0.293410 0.217825 -0.419076 0.299294 0.021176 -0.041597 0.000000 0.023010 0.009204 -0.001534 -0.001534 0.000000 -0.006136 0.018408 0.003068 0.003068 0.013806 0.000000 0.000000 0.000000 4.404916 -0.701296 0.120795 -0.865864 -0.575440 -2.791796 0.155000 0.008000 2.289976 16.350000 0.073500 -0.500000 0.032553 0.466866 0.000000 0.000000 0.000000 0.017000 0.046000 0.092000 0.000000 0.000000 0.000000 0.000000 0.008000
38.229062 2.000000 0.528684 0.296082 -0.208969 -0.429143 -0.308186 0.012260 0.036899 0.536678 -0.293410 0.217837 -0.419076 0.299270 0.021176 -0.041597 -0.007670 -0.018408 -0.007670 -0.012272 -0.010738 0.006136 0.000000 0.003068 0.013806 -0.003068 -0.007670 -0.010738 0.006136 0.000000 4.505836 -0.770540 0.048675 -0.720917 -0.589950 -2.775722 0.156000 0.008000 2.332598 16.350000 0.074000 -0.500000 0.032552 0.475555 0.000000 0.000000 0.000000 0.017000 0.046000 0.093000 0.000000 0.000000 0.000000 0.000000 0.008000
38.291821 2.000000 0.528684 0.296070 -0.208969 -0.429131 -0.308186 0.012236 0.036887 0.536654 -0.293398 0.217837 -0.419076 0.299294 0.021164 -0.041597 0.003068 0.000000 0.001534 0.000000 0.007670 -0.024544 -0.006136 -0.001534 0.007670 0.000000 -0.003068 -0.004602 -0.012272 0.000000 4.475721 -0.723130 0.063115 -0.691619 -0.583362 -2.779494 0.156000 0.008000 2.311582 16.350000 0.074000 -0.500000 0.032552 0.471271 0.000000 0.000000 0.000000 0.017000 0.046000 0.093000 0.000000 0.000000 0.000000 0.000000 0.008000
38.353889 2.000000 0.528684 0.296058 -0.208981 -0.429107 -0.308186 0.012260 0.036887 0.536666 -0.293410 0.217837 -0.419064 0.299282 0.021176 -0.041585 0.001534 -0.012272 0.006136 0.004602 -0.013806 0.000000 -0.006136 -0.001534 0.000000 0.012272 0.016874 -0.015340 0.000000 0.018408 4.537518 -0.728242 -0.025844 -0.680746 -0.533371 -2.830531 0.156000 0.008000 2.338124 16.350000 0.074000 -0.500000 0.032552 0.476682 0.000000 0.000000 0.000000 0.017000 0.046000 0.093000 0.000000 0.000000 0.000000 0.000000 0.008000
38.412567 2.000000 0.528684 0.296070 -0.208969 -0.429107 -0.308186 0.012260 0.036887 0.536654 -0.293398 0.217837 -0.419076 0.299282 0.021176 -0.041585 -0.001534 0.001534 0.006136 -0.003068 0.009204 0.000000 -0.006136 0.033748 0.000000 -0.001534 0.009204 -0.004602 -0.006136 0.018408 4.531008 -0.716018 0.027869 -0.760107 -0.568509 -2.824234 0.156000 0.008000 2.342204 16.350000 0.074000 -0.500000 0.032552 0.477514 0.000000 0.000000 0.000000 0.017000 0.046000 0.093000 0.000000 0.000000 0.000000 0.000000 0.008000
38.455542 2.000000 0.528684 0.296082 -0.208981 -0.429107 -0.308198 0.012260 0.036911 0.536618 -0.293398 0.217837 -0.419076 0.299282 0.021188 -0.041597 0.003068 0.001534 0.012272 0.000000 -0.015340 0.006136 0.018408 0.016874 -0.007670 0.000000 0.004602 -0.003068 0.006136 0.000000 4.519409 -0.655385 0.042852 -0.632511 -0.565589 -2.827210 0.156000 0.008000 2.322421 16.350000 0.074000 -0.500000 0.032552 0.473480 0.000000 0.000000 0.000000 0.017000 0.046000 0.093000 0.000000 0.000000 0.000000 0.000000 0.008000
38.512308 2.000000 0.528696 0.296058 -0.208969 -0.429131 -0.308174 0.012236 0.036899 0.536618 -0.293374 0.217837 -0.419088 0.299294 0.021176 -0.041585 0.013806 -0.033748 0.006136 -0.001534 0.000000 -0.006136 0.000000 0.010738 0.001534 0.004602 -0.004602 0.006136 0.000000 0.006136 4.488130 -0.731907 0.066471 -0.517393 -0.532098 -2.825905 0.155000 0.009000 2.303792 16.350000 0.073000 -0.500000 0.032554 0.469682 0.000000 0.000000 0.000000 0.017000 0.046000 0.092000 0.000000 0.000000 0.000000 0.000000 0.009000
38.581655 2.000000 0.528684 0.296070 -0.208993 -0.429107 -0.308186 0.012260 0.036899 0.536642 -0.293374 0.217825 -0.419076 0.299282 0.021176 -0.041597 -0.006136 0.003068 0.019942 -0.003068 0.006136 0.000000 0.006136 0.009204 0.000000 -0.001534 0.004602 0.000000 0.000000 0.000000 4.479733 -0.692383 0.186677 -0.458245 -0.545331 -2.850231 0.155000 0.009000 2.294274 16.350000 0.073000 -0.500000 0.032554 0.467742 0.000000 0.000000 0.000000 0.017000 0.046000 0.092000 0.000000 0.000000 0.000000 0.000000 0.009000
38.651772 2.000000 0.528696 0.296070 -0.208981 -0.429131 -0.308186 0.012260 0.036875 0.536630 -0.293398 0.217825 -0.419088 0.299306 0.021176 -0.041585 0.013806 0.001534 -0.009204 -0.001534 0.000000 0.012272 -0.018408 0.009204 -0.009204 -0.009204 0.003068 0.000000 0.000000 0.006136 4.422720 -0.747900 0.137327 -0.420191 -0.562547 -2.852618 0.156000 0.008000 2.270068 16.350000 0.074000 -0.500000 0.032552 0.462807 0.000000 0.000000 0.000000 0.017000 0.046000 0.093000 0.000000 0.000000 0.000000 0.000000 0.008000
38.705752 2.000000 0.528696 0.296058 -0.208981 -0.429131 -0.308174 0.012260 0.036899 0.536630 -0.293398 0.217837 -0.419076 0.299282 0.021176 -0.041585 0.006136 -0.009204 -0.010738 0.004602 -0.001534 0.000000 0.012272 0.001534 -0.006136 0.006136 -0.004602 -0.021476 0.006136 0.000000 4.462830 -0.749223 0.131227 -0.426611 -0.520116 -2.776897 0.156000 0.008000 2.287504 16.350000 0.074000 -0.500000 0.032552 0.466362 0.000000 0.000000 0.000000 0.017000 0.046000 0.093000 0.000000 0.000000 0.000000 0.000000 0.008000
38.756146 2.000000 0.528684 0.296082 -0.208969 -0.429131 -0.308174 0.012260 0.036887 0.536582 -0.293374 0.217825 -0.419088 0.299306 0.021164 -0.041597 0.000000 -0.003068 0.026078 -0.003068 0.004602 0.000000 -0.006136 0.000000 0.003068 0.001534 0.000000 -0.013806 -0.018408 -0.012272 4.502136 -0.645945 0.161613 -0.384647 -0.497355 -2.800922 0.157000 0.008000 2.295745 16.350000 0.074500 -0.500000 0.032551 0.468042 0.000000 0.000000 0.000000 0.018000 0.046000 0.093000 0.000000 0.000000 0.000000 0.000000 0.008000
38.822017 2.000000 0.528660 0.296058 -0.208969 -0.429131 -0.308186 0.012248 0.036887 0.536570 -0.293374 0.217837 -0.419088 0.299306 0.021164 -0.041597 -0.010738 0.015340 -0.006136 0.001534 -0.010738 -0.012272 -0.024544 0.009204 0.000000 0.006136 -0.004602 -0.019942 0.000000 0.000000 4.513215 -0.708435 0.146926 -0.384456 -0.468650 -2.841683 0.157000 0.008000 2.304258 16.350000 0.074500 -0.500000 0.032551 0.469777 0.000000 0.000000 0.000000 0.018000 0.046000 0.093000 0.000000 0.000000 0.000000 0.000000 0.008000
38.877744 2.000000 0.528660 0.296058 -0.208981 -0.429131 -0.308174 0.012248 0.036887 0.536582 -0.293374 0.217837 -0.419076 0.299318 0.021176 -0.041585 -0.018408 -0.010738 0.003068 -0.009204 0.000000 -0.006136 -0.012272 0.015340 -0.006136 0.010738 0.010738 0.000000 0.024544 0.006136 4.535530 -0.734374 0.151045 -0.397438 -0.488812 -2.887471 0.157000 0.008000 2.318795 16.350000 0.074500 -0.500000 0.032551 0.472741 0.000000 0.000000 0.000000 0.018000 0.046000 0.093000 0.000000 0.000000 0.000000 0.000000 0.008000
38.948217 2.000000 0.528672 0.296070 -0.208981 -0.429131 -0.308150 0.012236 0.036875 0.536582 -0.293374 0.217849 -0.419064 0.299318 0.021152 -0.041597 -0.001534 0.007670 -0.003068 -0.010738 0.003068 -0.024544 -0.012272 0.006136 0.007670 0.019942 0.001534 0.000000 0.000000 -0.006136 4.472445 -0.718447 0.141670 -0.329490 -0.437475 -2.873706 0.156000 0.008000 2.281385 16.350000 0.074000 -0.500000 0.032552 0.465114 0.000000 0.000000 0.000000 0.018000 0.045000 0.093000 0.000000 0.000000 0.000000 0.000000 0.008000
39.059644 2.000000 0.528648 0.296046 -0.208981 -0.429131 -0.308174 0.012260 0.036899 0.536582 -0.293374 0.217837 -0.419064 0.299294 0.021164 -0.041585 -0.001534 -0.010738 -0.018408 0.001534 0.006136 0.006136 0.000000 0.021476 -0.003068 0.007670 0.012272 -0.013806 0.012272 0.012272 4.477009 -0.761554 0.088764 -0.379755 -0.515756 -2.895559 0.157000 0.007000 2.293130 16.350000 0.075000 -0.500000 0.032550 0.467509 0.000000 0.000000 0.000000 0.018000 0.045000 0.094000 0.000000 0.000000 0.000000 0.000000 0.007000
39.163807 2.000000 0.528660 0.296046 -0.208969 -0.429143 -0.308174 0.012260 0.036863 0.536570 -0.293374 0.217849 -0.419088 0.299306 0.021140 -0.041585 0.000000 0.012272 0.009204 0.000000 -0.006136 0.000000 -0.030680 0.015340 -0.004602 0.010738 0.009204 0.013806 -0.018408 0.006136 4.410466 -0.668526 -0.005712 -0.349416 -0.518974 -2.848470 0.157000 0.007000 2.252252 16.350000 0.075000 -0.500000 0.032550 0.459175 0.000000 0.000000 0.000000 0.018000 0.045000 0.094000 0.000000 0.000000 0.000000 0.000000 0.007000
39.234282 2.000000 0.528660 0.296046 -0.208969 -0.429119 -0.308150 0.012260 0.036887 0.536558 -0.293374 0.217837 -0.419076 0.299294 0.021164 -0.041597 0.007670 0.000000 -0.004602 -0.001534 -0.004602 0.000000 -0.006136 0.006136 -0.004602 0.006136 -0.007670 -0.003068 0.000000 -0.012272 4.297444 -0.703119 0.062177 -0.382327 -0.522109 -2.733740 0.158000 0.007000 2.201202 16.350000 0.075500 -0.500000 0.032549 0.448767 0.000000 0.000000 0.000000 0.018000 0.045000 0.095000 0.000000 0.000000 0.000000 0.000000 0.007000
39.306100 2.000000 0.528672 0.296058 -0.208981 -0.429131 -0.308174 0.012248 0.036887 0.536546 -0.293374 0.217825 -0.419088 0.299318 0.021152 -0.041597 0.000000 0.006136 -0.015340 0.003068 -0.001534 0.000000 -0.012272 -0.004602 0.006136 0.003068 -0.001534 -0.001534 -0.006136 0.000000 4.448013 -0.717435 -0.033773 -0.333763 -0.511791 -2.788695 0.158000 0.007000 2.273371 16.350000 0.075500 -0.500000 0.032549 0.463480 0.000000 0.000000 0.000000 0.018000 0.045000 0.095000 0.000000 0.000000 0.000000 0.000000 0.007000
39.378502 2.000000 0.528648 0.296058 -0.208969 -0.429131 -0.308150 0.012248 0.036899 0.536558 -0.293374 0.217837 -0.419076 0.299318 0.021140 -0.041585 0.000000 -0.001534 -0.006136 0.000000 0.000000 -0.006136 0.000000 0.016874 0.000000 0.007670 0.009204 -0.004602 -0.006136 0.000000 4.461439 -0.715172 0.040901 -0.387958 -0.526492 -2.859514 0.158000 0.006000 2.282741 16.350000 0.076000 -0.500000 0.032548 0.465391 0.000000 0.000000 0.000000 0.018000 0.045000 0.095000 0.000000 0.000000 0.000000 0.000000 0.006000
39.460992 2.000000 0.528684 0.296046 -0.208969 -0.429143 -0.308138 0.012248 0.036887 0.536534 -0.293374 0.217837 -0.419088 0.299282 0.021164 -0.041597 0.003068 -0.007670 0.006136 -0.004602 -0.004602 -0.006136 -0.018408 -0.003068 -0.001534 0.012272 0.003068 0.012272 0.000000 -0.012272 4.468605 -0.723658 0.079506 -0.302164 -0.472823 -2.862909 0.159000 0.006000 2.280733 16.350000 0.076500 -0.500000 0.032547 0.464981 0.000000 0.000000 0.000000 0.018000 0.045000 0.096000 0.000000 0.000000 0.000000 0.000000 0.006000
39.535273 2.000000 0.528660 0.296046 -0.208969 -0.429143 -0.308150 0.012260 0.036899 0.536522 -0.293374 0.217837 -0.419076 0.299306 0.021164 -0.041597 0.006136 0.000000 -0.003068 -0.010738 -0.004602 0.012272 0.000000 0.010738 -0.003068 0.003068 -0.007670 0.010738 0.000000 -0.006136 4.339027 -0.716239 0.119266 -0.404519 -0.496180 -2.762057 0.159000 0.006000 2.222048 16.350000 0.076500 -0.500000 0.032547 0.453017 0.000000 0.000000 0.000000 0.018000 0.044000 0.097000 0.000000 0.000000 0.000000 0.000000 0.006000
39.635730 2.000000 0.528660 0.296070 -0.208969 -0.429131 -0.308138 0.012260 0.036887 0.536546 -0.293374 0.217825 -0.419064 0.299294 0.021176 -0.041573 0.001534 0.001534 0.000000 -0.006136 0.003068 0.000000 -0.012272 0.012272 0.003068 0.000000 0.007670 -0.006136 0.018408 0.018408 4.426867 -0.724616 0.122220 -0.347836 -0.451533 -2.881988 0.159000 0.006000 2.260923 16.350000 0.076500 -0.500000 0.032547 0.460943 0.000000 0.000000 0.000000 0.018000 0.044000 0.097000 0.000000 0.000000 0.000000 0.000000 0.006000
39.712624 2.000000 0.528648 0.296046 -0.208969 -0.429131 -0.308114 0.012248 0.036875 0.536546 -0.293374 0.217837 -0.419076 0.299306 0.021164 -0.041597 0.004602 -0.018408 0.000000 -0.006136 0.004602 -0.018408 -0.018408 0.009204 0.004602 0.012272 0.001534 0.000000 0.012272 -0.006136 4.326879 -0.739460 0.148252 -0.310658 -0.431069 -2.898250 0.159000 0.006000 2.210826 16.350000 0.076500 -0.500000 0.032547 0.450729 0.000000 0.000000 0.000000 0.018000 0.044000 0.097000 0.000000 0.000000 0.000000 0.000000 0.006000
39.776102 2.000000 0.528660 0.296070 -0.208969 -0.429131 -0.308150 0.012272 0.036899 0.536546 -0.293374 0.217837 -0.419076 0.299330 0.021152 -0.041585 0.000000 -0.007670 0.016874 0.006136 0.000000 0.018408 0.012272 0.019942 0.003068 0.000000 0.012272 0.006136 -0.012272 -0.006136 4.440212 -0.685878 0.021725 -0.328220 -0.453380 -2.907992 0.160000 0.005000 2.263802 16.350000 0.077500 -0.500000 0.032545 0.461529 0.000000 0.000000 0.000000 0.018000 0.044000 0.098000 0.000000 0.000000 0.000000 0.000000 0.005000
39.815595 2.000000 0.528660 0.296070 -0.208969 -0.429131 -0.308138 0.012260 0.036899 0.536534 -0.293374 0.217837 -0.419076 0.299306 0.021164 -0.041573 -0.019942 -0.006136 0.019942 -0.001534 -0.007670 0.000000 0.000000 0.000000 0.000000 0.003068 0.001534 -0.013806 -0.006136 0.000000 4.504495 -0.701813 0.072177 -0.284105 -0.458191 -2.871688 0.160000 0.005000 2.295303 16.350000 0.077500 -0.500000 0.032545 0.467952 0.000000 0.000000 0.000000 0.018000 0.044000 0.098000 0.000000 0.000000 0.000000 0.000000 0.005000
39.865624 2.000000 0.528660 0.296058 -0.208969 -0.429131 -0.308138 0.012260 0.036887 0.536534 -0.293374 0.217849 -0.419088 0.299294 0.021164 -0.041573 0.012272 -0.013806 0.013806 0.001534 -0.001534 0.000000 -0.012272 -0.001534 0.000000 0.003068 0.003068 -0.015340 0.000000 -0.012272 4.417657 -0.719751 0.060214 -0.295404 -0.480370 -2.876947 0.159000 0.005000 2.255646 16.350000 0.077000 -0.500000 0.032546 0.459867 0.000000 0.000000 0.000000 0.018000 0.043000 0.098000 0.000000 0.000000 0.000000 0.000000 0.005000
39.926512 2.000000 0.528660 0.296082 -0.208957 -0.429131 -0.308138 0.012260 0.036899 0.536546 -0.293374 0.217837 -0.419076 0.299330 0.021164 -0.041561 0.003068 0.000000 0.003068 0.004602 -0.009204 0.012272 -0.006136 0.021476 0.000000 0.004602 -0.010738 0.018408 0.006136 0.006136 4.504599 -0.718576 -0.011277 -0.400300 -0.450123 -2.805028 0.159000 0.005000 2.300577 16.350000 0.077000 -0.500000 0.032546 0.469027 0.000000 0.000000 0.000000 0.018000 0.043000 0.098000 0.000000 0.000000 0.000000 0.000000 0.005000
39.995225 2.000000 0.528672 0.296094 -0.208981 -0.429131 -0.308138 0.012248 0.036911 0.536546 -0.293374 0.217849 -0.419076 0.299318 0.021164 -0.041573 0.012272 0.001534 -0.023010 0.004602 0.000000 -0.012272 0.012272 0.000000 -0.006136 0.007670 0.000000 -0.010738 0.006136 -0.012272 4.420231 -0.727844 -0.039869 -0.324582 -0.481153 -2.839516 0.159000 0.005000 2.258598 16.350000 0.077000 -0.500000 0.032546 0.460469 0.000000 0.000000 0.000000 0.018000 0.043000 0.098000 0.000000 0.000000 0.000000 0.000000 0.005000
40.059587 2.000000 0.528660 0.296070 -0.208969 -0.429131 -0.308114 0.012260 0.036887 0.536546 -0.293374 0.217849 -0.419076 0.299330 0.021164 -0.041561 -0.009204 0.004602 -0.004602 0.000000 -0.010738 -0.006136 -0.006136 0.004602 -0.006136 0.009204 0.004602 0.004602 0.000000 0.000000 4.500582 -0.719992 0.029852 -0.346928 -0.494945 -2.847895 0.159000 0.006000 2.298856 16.350000 0.076500 -0.500000 0.032547 0.468676 0.000000 0.000000 0.000000 0.018000 0.043000 0.098000 0.000000 0.000000 0.000000 0.000000 0.006000
40.117476 2.000000 0.528660 0.296058 -0.208969 -0.429131 -0.308114 0.012248 0.036911 0.536570 -0.293374 0.217849 -0.419088 0.299306 0.021164 -0.041561 -0.004602 -0.007670 0.004602 0.001534 0.000000 -0.012272 0.000000 0.003068 -0.004602 -0.001534 0.007670 0.001534 0.000000 0.000000 4.549416 -0.652500 -0.013543 -0.339616 -0.518967 -2.854864 0.159000 0.006000 2.318815 16.350000 0.076500 -0.500000 0.032547 0.472745 0.000000 0.000000 0.000000 0.018000 0.043000 0.098000 0.000000 0.000000 0.000000 0.000000 0.006000
40.169402 2.000000 0.528684 0.296046 -0.208969 -0.429131 -0.308114 0.012260 0.036899 0.536546 -0.293374 0.217849 -0.419076 0.299318 0.021164 -0.041561 0.012272 -0.019942 0.018408 0.000000 0.003068 -0.006136 0.000000 0.019942 0.001534 -0.001534 -0.004602 -0.009204 0.006136 0.000000 4.535649 -0.658614 -0.051623 -0.375198 -0.520165 -2.862094 0.158000 0.006000 2.313938 16.350000 0.076000 -0.500000 0.032548 0.471751 0.000000 0.000000 0.000000 0.018000 0.043000 0.097000 0.000000 0.000000 0.000000 0.000000 0.006000
40.237475 2.000000 0.528648 0.296070 -0.208969 -0.429131 -0.308114 0.012248 0.036899 0.536570 -0.293350 0.217849 -0.419076 0.299330 0.021152 -0.041561 -0.010738 0.004602 0.018408 -0.004602 0.001534 -0.012272 0.006136 -0.003068 0.007670 0.004602 0.009204 0.001534 0.000000 0.000000 4.577633 -0.660911 0.025374 -0.200851 -0.495154 -2.899269 0.159000 0.006000 2.327931 16.350000 0.076500 -0.500000 0.032547 0.474604 0.000000 0.000000 0.000000 0.018000 0.044000 0.097000 0.000000 0.000000 0.000000 0.000000 0.006000
40.292968 2.000000 0.528660 0.296082 -0.208957 -0.429131 -0.308138 0.012260 0.036899 0.536534 -0.293362 0.217849 -0.419088 0.299306 0.021164 -0.041561 -0.001534 -0.013806 0.000000 -0.004602 -0.018408 0.000000 -0.012272 0.004602 0.000000 0.003068 -0.009204 -0.001534 0.000000 0.000000 4.574183 -0.720391 -0.042477 -0.259806 -0.513521 -2.864531 0.159000 0.006000 2.333094 16.350000 0.076500 -0.500000 0.032547 0.475656 0.000000 0.000000 0.000000 0.018000 0.044000 0.097000 0.000000 0.000000 0.000000 0.000000 0.006000
40.352476 2.000000 0.528660 0.296094 -0.208969 -0.429131 -0.308138 0.012260 0.036923 0.536546 -0.293362 0.217849 -0.419076 0.299330 0.021164 -0.041549 -0.006136 0.000000 -0.015340 -0.003068 0.003068 0.000000 0.012272 -0.009204 -0.007670 0.000000 0.004602 -0.010738 0.018408 0.012272 4.554131 -0.724101 0.001958 -0.251343 -0.525359 -2.892069 0.159000 0.005000 2.323984 16.350000 0.077000 -0.500000 0.032546 0.473799 0.000000 0.000000 0.000000 0.018000 0.043000 0.098000 0.000000 0.000000 0.000000 0.000000 0.005000
40.386354 2.000000 0.528660 0.296046 -0.208969 -0.429131 -0.308138 0.012272 0.036899 0.536534 -0.293374 0.217849 -0.419088 0.299318 0.021152 -0.041573 -0.003068 0.013806 0.006136 -0.003068 -0.007670 0.006136 0.000000 -0.004602 -0.004602 -0.003068 0.021476 -0.001534 -0.006136 -0.006136 4.536803 -0.688282 0.022600 -0.264861 -0.558717 -2.897958 0.159000 0.005000 2.315094 16.350000 0.077000 -0.500000 0.032546 0.471986 0.000000 0.000000 0.000000 0.018000 0.043000 0.098000 0.000000 0.000000 0.000000 0.000000 0.005000
40.414198 2.000000 0.528660 0.296070 -0.208993 -0.429131 -0.308114 0.012260 0.036899 0.536534 -0.293374 0.217849 -0.419076 0.299318 0.021152 -0.041573 0.000000 -0.006136 -0.023010 0.000000 0.006136 0.000000 0.000000 0.013806 -0.001534 0.000000 -0.004602 -0.010738 -0.012272 -0.006136 4.519574 -0.752267 0.024476 -0.316560 -0.545133 -2.867100 0.159000 0.005000 2.312457 16.350000 0.077000 -0.500000 0.032546 0.471449 0.000000 0.000000 0.000000 0.018000 0.043000 0.098000 0.000000 0.000000 0.000000 0.000000 0.005000
40.446523 2.000000 0.528672 0.296094 -0.208969 -0.429131 -0.308138 0.012260 0.036887 0.536546 -0.293374 0.217849 -0.419088 0.299318 0.021152 -0.041573 0.010738 0.010738 0.003068 -0.009204 0.000000 -0.006136 -0.006136 0.019942 -0.003068 -0.003068 -0.004602 -0.010738 -0.012272 -0.012272 4.439066 -0.691423 0.067318 -0.333928 -0.551891 -2.873902 0.160000 0.006000 2.269331 16.350000 0.077000 -0.500000 0.032546 0.462657 0.000000 0.000000 0.000000 0.018000 0.044000 0.098000 0.000000 0.000000 0.000000 0.000000 0.006000
40.485995 2.000000 0.528660 0.296082 -0.208969 -0.429131 -0.308114 0.012272 0.036911 0.536534 -0.293362 0.217837 -0.419088 0.299330 0.021152 -0.041561 0.000000 -0.003068 0.004602 0.006136 -0.015340 0.000000 0.000000 -0.009204 0.000000 -0.004602 -0.001534 0.001534 -0.012272 0.000000 4.508606 -0.704504 0.005419 -0.252208 -0.514220 -2.868376 0.160000 0.006000 2.299559 16.350000 0.077000 -0.500000 0.032546 0.468819 0.000000 0.000000 0.000000 0.018000 0.044000 0.098000 0.000000 0.000000 0.000000 0.000000 0.006000
40.529505 2.000000 0.528660 0.296070 -0.208981 -0.429131 -0.308114 0.012260 0.036899 0.536546 -0.293350 0.217837 -0.419076 0.299330 0.021164 -0.041561 -0.009204 -0.004602 -0.019942 -0.016874 0.004602 -0.006136 0.000000 0.009204 0.000000 0.001534 0.012272 -0.003068 0.000000 0.000000 4.523806 -0.753645 0.067658 -0.322277 -0.517694 -2.909155 0.160000 0.006000 2.313259 16.350000 0.077000 -0.500000 0.032546 0.471612 0.000000 0.000000 0.000000 0.018000 0.044000 0.098000 0.000000 0.000000 0.000000 0.000000 0.006000
40.576891 2.000000 0.528660 0.296058 -0.208969 -0.429131 -0.308114 0.012260 0.036887 0.536546 -0.293374 0.217849 -0.419076 0.299318 0.021164 -0.041561 0.000000 -0.003068 0.006136 -0.003068 0.004602 0.000000 -0.012272 0.001534 -0.009204 0.003068 0.012272 -0.013806 0.000000 0.012272 4.494575 -0.711058 0.060125 -0.310575 -0.520595 -2.894833 0.160000 0.006000 2.295337 16.350000 0.077000 -0.500000 0.032546 0.467959 0.000000 0.000000 0.000000 0.018000 0.044000 0.098000 0.000000 0.000000 0.000000 0.000000 0.006000
40.614355 2.000000 0.528660 0.296082 -0.208981 -0.429131 -0.308114 0.012272 0.036899 0.536546 -0.293374 0.217825 -0.419076 0.299330 0.021164 -0.041561 -0.003068 -0.019942 0.018408 0.001534 0.000000 0.006136 0.006136 0.000000 -0.004602 0.000000 -0.012272 -0.010738 0.006136 0.000000 4.539327 -0.703865 0.012478 -0.334237 -0.512473 -2.814165 0.160000 0.006000 2.317070 16.350000 0.077000 -0.500000 0.032546 0.472389 0.000000 0.000000 0.000000 0.018000 0.044000 0.098000 0.000000 0.000000 0.000000 0.000000 0.006000
40.644627 2.000000 0.528648 0.296046 -0.208969 -0.429131 -0.308114 0.012260 0.036887 0.536534 -0.293374 0.217849 -0.419076 0.299330 0.021164 -0.041561 -0.001534 -0.007670 -0.001534 0.000000 -0.010738 -0.006136 -0.024544 -0.001534 0.003068 0.001534 0.007670 0.004602 0.000000 0.000000 4.548000 -0.725060 -0.009129 -0.335501 -0.510340 -2.842555 0.159000 0.006000 2.322876 16.350000 0.076500 -0.500000 0.032547 0.473573 0.000000 0.000000 0.000000 0.018000 0.044000 0.097000 0.000000 0.000000 0.000000 0.000000 0.006000
40.678848 2.000000 0.528660 0.296070 -0.208969 -0.429131 -0.308114 0.012272 0.036887 0.536546 -0.293350 0.217849 -0.419076 0.299318 0.021152 -0.041573 0.000000 -0.003068 -0.003068 0.000000 0.000000 0.006136 -0.012272 -0.004602 -0.004602 -0.003068 0.003068 0.000000 0.000000 -0.012272 4.528220 -0.719744 0.010041 -0.273611 -0.524693 -2.850316 0.159000 0.006000 2.311546 16.350000 0.076500 -0.500000 0.032547 0.471263 0.000000 0.000000 0.000000 0.018000 0.044000 0.097000 0.000000 0.000000 0.000000 0.000000 0.006000
40.703820 2.000000 0.528648 0.296058 -0.208969 -0.429107 -0.308114 0.012272 0.036899 0.536522 -0.293362 0.217849 -0.419088 0.299306 0.021152 -0.041561 -0.004602 -0.029146 0.013806 0.000000 -0.004602 0.000000 0.006136 -0.001534 -0.010738 0.006136 -0.013806 -0.006136 0.000000 0.000000 4.546640 -0.721465 0.029611 -0.308889 -0.508810 -2.802057 0.159000 0.006000 2.320924 16.350000 0.076500 -0.500000 0.032547 0.473175 0.000000 0.000000 0.000000 0.018000 0.044000 0.097000 0.000000 0.000000 0.000000 0.000000 0.006000
40.728394 2.000000 0.528648 0.296070 -0.208969 -0.429131 -0.308114 0.012272 0.036899 0.536546 -0.293362 0.217837 -0.419088 0.299318 0.021164 -0.041561 -0.018408 -0.021476 0.006136 -0.004602 -0.001534 0.012272 -0.012272 0.009204 -0.009204 -0.003068 -0.015340 -0.006136 0.000000 0.000000 4.577284 -0.750031 0.040351 -0.356624 -0.521198 -2.780449 0.159000 0.005000 2.340561 16.350000 0.077000 -0.500000 0.032546 0.477179 0.000000 0.000000 0.000000 0.018000 0.044000 0.097000 0.000000 0.000000 0.000000 0.000000 0.005000
40.762587 2.000000 0.528648 0.296082 -0.208969 -0.429107 -0.308114 0.012272 0.036899 0.536534 -0.293350 0.217849 -0.419064 0.299318 0.021152 -0.041561 0.000000 -0.006136 0.012272 -0.004602 0.000000 0.006136 0.000000 0.024544 0.003068 0.006136 0.019942 -0.006136 -0.006136 0.000000 4.514080 -0.714114 0.049397 -0.447228 -0.498390 -2.842849 0.160000 0.005000 2.309506 16.350000 0.077500 -0.500000 0.032545 0.470847 0.000000 0.000000 0.000000 0.018000 0.044000 0.098000 0.000000 0.000000 0.000000 0.000000 0.005000
40.793762 2.000000 0.528648 0.296082 -0.208969 -0.429107 -0.308090 0.012260 0.036899 0.536546 -0.293350 0.217849 -0.419088 0.299342 0.021164 -0.041573 -0.003068 -0.003068 0.004602 -0.001534 -0.009204 -0.012272 0.000000 -0.019942 0.000000 0.012272 -0.006136 0.000000 0.000000 -0.006136 4.516702 -0.723966 0.065746 -0.313098 -0.479421 -2.797527 0.160000 0.005000 2.305027 16.350000 0.077500 -0.500000 0.032545 0.469934 0.000000 0.000000 0.000000 0.018000 0.044000 0.098000 0.000000 0.000000 0.000000 0.000000 0.005000
40.818068 2.000000 0.528660 0.296082 -0.208969 -0.429131 -0.308102 0.012272 0.036899 0.536546 -0.293350 0.217849 -0.419076 0.299330 0.021176 -0.041513 0.000000 0.000000 -0.001534 -0.004602 0.006136 0.000000 0.012272 0.021476 -0.009204 0.003068 0.012272 -0.004602 0.006136 0.036816 4.503148 -0.726717 0.065574 -0.428559 -0.511796 -2.848786 0.160000 0.006000 2.304997 16.350000 0.077000 -0.500000 0.032546 0.469928 0.000000 0.000000 0.000000 0.018000 0.044000 0.098000 0.000000 0.000000 0.000000 0.000000 0.006000
40.847118 2.000000 0.528660 0.296082 -0.208981 -0.429131 -0.308090 0.012272 0.036899 0.536534 -0.293350 0.217837 -0.419076 0.299330 0.021152 -0.041573 -0.012272 0.015340 0.009204 -0.009204 0.000000 -0.012272 0.012272 0.013806 -0.012272 0.013806 -0.004602 -0.001534 0.000000 -0.006136 4.531529 -0.700315 0.101428 -0.443264 -0.514963 -2.817789 0.159000 0.006000 2.317696 16.350000 0.076500 -0.500000 0.032547 0.472517 0.000000 0.000000 0.000000 0.018000 0.044000 0.097000 0.000000 0.000000 0.000000 0.000000 0.006000
40.902552 2.000000 0.528660 0.296082 -0.208969 -0.429131 -0.308114 0.012284 0.036911 0.536534 -0.293350 0.217849 -0.419076 0.299330 0.021164 -0.041573 -0.004602 0.000000 0.000000 -0.006136 0.006136 0.006136 0.012272 0.029146 0.007670 -0.001534 -0.012272 0.006136 0.000000 -0.012272 4.499277 -0.735273 0.083594 -0.488973 -0.515124 -2.755344 0.159000 0.006000 2.306977 16.350000 0.076500 -0.500000 0.032547 0.470332 0.000000 0.000000 0.000000 0.018000 0.044000 0.097000 0.000000 0.000000 0.000000 0.000000 0.006000
40.943143 2.000000 0.528660 0.296082 -0.208969 -0.429131 -0.308090 0.012284 0.036887 0.536510 -0.293350 0.217849 -0.419088 0.299342 0.021164 -0.041561 -0.006136 -0.007670 0.009204 0.000000 0.006136 0.006136 0.000000 -0.013806 0.000000 0.004602 0.006136 -0.001534 0.000000 0.000000 4.504513 -0.731654 0.084756 -0.358316 -0.507179 -2.777400 0.160000 0.005000 2.302801 16.350000 0.077500 -0.500000 0.032545 0.469480 0.000000 0.000000 0.000000 0.018000 0.044000 0.098000 0.000000 0.000000 0.000000 0.000000 0.005000
40.990312 2.000000 0.528660 0.296070 -0.208969 -0.429131 -0.308114 0.012284 0.036899 0.536522 -0.293350 0.217849 -0.419088 0.299330 0.021164 -0.041585 0.000000 0.010738 -0.009204 -0.016874 -0.009204 0.000000 0.000000 0.012272 0.000000 0.006136 0.009204 0.006136 0.000000 0.000000 4.482026 -0.737710 0.109343 -0.484550 -0.500672 -2.813425 0.160000 0.005000 2.297729 16.350000 0.077500 -0.500000 0.032545 0.468446 0.000000 0.000000 0.000000 0.018000 0.044000 0.098000 0.000000 0.000000 0.000000 0.000000 0.005000
41.034477 2.000000 0.528648 0.296058 -0.208969 -0.429107 -0.308090 0.012284 0.036911 0.536534 -0.293350 0.217849 -0.419076 0.299330 0.021176 -0.041561 -0.001534 -0.007670 0.012272 0.010738 -0.001534 0.000000 0.018408 0.007670 -0.012272 0.004602 0.000000 -0.007670 0.000000 0.000000 4.528501 -0.711383 0.019441 -0.444005 -0.518804 -2.806034 0.160000 0.005000 2.317309 16.350000 0.077500 -0.500000 0.032545 0.472438 0.000000 0.000000 0.000000 0.018000 0.044000 0.098000 0.000000 0.000000 0.000000 0.000000 0.005000
41.094218 2.000000 0.528660 0.296046 -0.208969 -0.429107 -0.308090 0.012284 0.036899 0.536534 -0.293350 0.217849 -0.419076 0.299318 0.021164 -0.041561 -0.007670 0.016874 -0.013806 -0.003068 -0.003068 0.006136 0.000000 0.003068 -0.007670 0.003068 0.003068 -0.023010 0.006136 0.000000 4.526832 -0.740656 0.054849 -0.385370 -0.486847 -2.845021 0.160000 0.005000 2.314428 16.350000 0.077500 -0.500000 0.032545 0.471851 0.000000 0.000000 0.000000 0.018000 0.044000 0.098000 0.000000 0.000000 0.000000 0.000000 0.005000
41.134530 2.000000 0.528672 0.296082 -0.208969 -0.429131 -0.308114 0.012308 0.036899 0.536558 -0.293350 0.217849 -0.419064 0.299318 0.021164 -0.041561 -0.001534 -0.009204 -0.001534 -0.001534 0.004602 0.018408 0.012272 0.013806 -0.006136 0.010738 0.007670 0.006136 0.000000 0.006136 4.545585 -0.736633 0.000702 -0.404716 -0.484178 -2.864644 0.160000 0.005000 2.323962 16.350000 0.077500 -0.500000 0.032545 0.473794 0.000000 0.000000 0.000000 0.018000 0.044000 0.098000 0.000000 0.000000 0.000000 0.000000 0.005000
41.196044 2.000000 0.528648 0.296070 -0.208981 -0.429107 -0.308090 0.012260 0.036899 0.536534 -0.293350 0.217849 -0.419076 0.299318 0.021176 -0.041549 0.000000 0.026078 -0.015340 0.000000 0.007670 -0.030680 0.006136 0.000000 0.001534 0.013806 -0.009204 -0.001534 0.012272 0.018408 4.418155 -0.704166 0.078671 -0.328574 -0.439197 -2.861998 0.161000 0.005000 2.253708 16.350000 0.078000 -0.500000 0.032544 0.459472 0.000000 0.000000 0.000000 0.019000 0.044000 0.098000 0.000000 0.000000 0.000000 0.000000 0.005000
41.265448 2.000000 0.528660 0.296094 -0.208969 -0.429131 -0.308078 0.012296 0.036899 0.536534 -0.293350 0.217837 -0.419076 0.299330 0.021152 -0.041573 0.009204 0.012272 0.001534 0.007670 -0.001534 0.012272 0.000000 0.000000 0.004602 0.000000 -0.007670 -0.001534 -0.036816 -0.006136 4.366071 -0.684924 -0.022055 -0.324682 -0.495046 -2.837851 0.160000 0.006000 2.229472 16.350000 0.077000 -0.500000 0.032546 0.454531 0.000000 0.000000 0.000000 0.019000 0.044000 0.097000 0.000000 0.000000 0.000000 0.000000 0.006000
41.321754 2.000000 0.528672 0.296070 -0.208969 -0.429131 -0.308078 0.012296 0.036911 0.536558 -0.293362 0.217849 -0.419076 0.299330 0.021164 -0.041561 0.003068 -0.023010 0.009204 0.004602 -0.004602 0.000000 0.000000 0.009204 0.000000 -0.001534 0.006136 0.006136 0.000000 0.000000 4.423019 -0.729122 0.024966 -0.353709 -0.488587 -2.889492 0.160000 0.006000 2.261556 16.350000 0.077000 -0.500000 0.032546 0.461072 0.000000 0.000000 0.000000 0.019000 0.044000 0.097000 0.000000 0.000000 0.000000 0.000000 0.006000
41.367835 2.000000 0.528660 0.296058 -0.208969 -0.429131 -0.308078 0.012308 0.036899 0.536546 -0.293350 0.217849 -0.419088 0.299318 0.021140 -0.041561 -0.004602 -0.023010 0.010738 0.000000 -0.006136 0.000000 0.000000 0.006136 -0.012272 0.012272 0.000000 0.000000 -0.006136 0.000000 4.459587 -0.732868 0.055784 -0.343986 -0.490164 -2.880336 0.161000 0.005000 2.279452 16.350000 0.078000 -0.500000 0.032544 0.464720 0.000000 0.000000 0.000000 0.019000 0.044000 0.098000 0.000000 0.000000 0.000000 0.000000 0.005000
41.440387 2.000000 0.528648 0.296094 -0.208993 -0.429131 -0.308055 0.012284 0.036887 0.536522 -0.293350 0.217849 -0.419076 0.299318 0.021164 -0.041561 -0.023010 0.003068 0.012272 0.000000 0.004602 -0.018408 0.006136 0.009204 -0.021476 0.007670 -0.010738 -0.010738 0.000000 0.000000 4.514351 -0.708248 0.100424 -0.349455 -0.518142 -2.866597 0.160000 0.006000 2.306056 16.350000 0.077000 -0.500000 0.032546 0.470144 0.000000 0.000000 0.000000 0.019000 0.044000 0.097000 0.000000 0.000000 0.000000 0.000000 0.006000
41.524570 2.000000 0.528648 0.296046 -0.208993 -0.429131 -0.308078 0.012284 0.036887 0.536510 -0.293350 0.217837 -0.419088 0.299318 0.021140 -0.041561 0.001534 0.013806 -0.009204 -0.013806 0.000000 -0.018408 -0.006136 0.000000 -0.003068 0.006136 0.000000 -0.010738 -0.006136 0.006136 4.428628 -0.735895 0.119747 -0.308526 -0.501822 -2.894215 0.160000 0.007000 2.263918 16.350000 0.076500 -0.500000 0.032547 0.461553 0.000000 0.000000 0.000000 0.019000 0.044000 0.097000 0.000000 0.000000 0.000000 0.000000 0.007000
41.594025 2.000000 0.528624 0.296058 -0.208993 -0.429107 -0.308078 0.012296 0.036899 0.536510 -0.293338 0.217849 -0.419088 0.299354 0.021152 -0.041561 -0.006136 0.006136 -0.001534 0.000000 -0.007670 0.000000 0.000000 0.000000 0.013806 0.007670 0.003068 -0.009204 0.000000 0.006136 4.469041 -0.732333 0.095036 -0.317130 -0.492634 -2.895748 0.160000 0.007000 2.283194 16.350000 0.076500 -0.500000 0.032547 0.465483 0.000000 0.000000 0.000000 0.019000 0.044000 0.097000 0.000000 0.000000 0.000000 0.000000 0.007000
41.651096 2.000000 0.528636 0.296046 -0.209005 -0.429131 -0.308078 0.012296 0.036899 0.536522 -0.293350 0.217837 -0.419076 0.299330 0.021152 -0.041561 -0.015340 -0.003068 -0.010738 0.000000 -0.003068 0.000000 0.000000 0.009204 0.007670 -0.006136 0.001534 -0.007670 0.000000 0.000000 4.550617 -0.750510 0.018749 -0.333568 -0.502475 -2.895571 0.160000 0.006000 2.325679 16.350000 0.077000 -0.500000 0.032546 0.474145 0.000000 0.000000 0.000000 0.019000 0.044000 0.097000 0.000000 0.000000 0.000000 0.000000 0.006000
41.726237 2.000000 0.528636 0.296070 -0.208981 -0.429107 -0.308102 0.012296 0.036899 0.536510 -0.293350 0.217849 -0.419076 0.299330 0.021164 -0.041561 -0.004602 0.016874 0.000000 -0.001534 0.004602 0.000000 -0.006136 0.006136 0.001534 -0.006136 0.004602 0.000000 0.012272 0.000000 4.498481 -0.709253 0.057050 -0.302337 -0.559667 -2.893982 0.160000 0.006000 2.299131 16.350000 0.077000 -0.500000 0.032546 0.468732 0.000000 0.000000 0.000000 0.019000 0.044000 0.097000 0.000000 0.000000 0.000000 0.000000 0.006000
41.800517 2.000000 0.528636 0.296058 -0.208969 -0.429131 -0.308078 0.012296 0.036875 0.536498 -0.293350 0.217849 -0.419076 0.299318 0.021164 -0.041573 -0.007670 -0.009204 0.010738 -0.001534 -0.003068 -0.024544 -0.006136 -0.003068 -0.003068 0.007670 0.009204 -0.003068 0.012272 -0.006136 4.513970 -0.732653 0.094065 -0.293197 -0.534440 -2.898896 0.160000 0.006000 2.306745 16.350000 0.077000 -0.500000 0.032546 0.470284 0.000000 0.000000 0.000000 0.019000 0.044000 0.097000 0.000000 0.000000 0.000000 0.000000 0.006000
41.863251 2.000000 0.528636 0.296070 -0.208981 -0.429131 -0.308078 0.012320 0.036899 0.536510 -0.293338 0.217849 -0.419052 0.299330 0.021140 -0.041561 0.004602 0.000000 0.003068 0.000000 -0.001534 0.000000 0.000000 0.024544 0.001534 0.004602 0.007670 -0.013806 -0.012272 0.000000 4.421677 -0.711114 0.009980 -0.378027 -0.539946 -2.881120 0.160000 0.006000 2.263369 16.350000 0.077000 -0.500000 0.032546 0.461441 0.000000 0.000000 0.000000 0.019000 0.044000 0.097000 0.000000 0.000000 0.000000 0.000000 0.006000
41.962333 2.000000 0.528660 0.296058 -0.208993 -0.429131 -0.308078 0.012404 0.036923 0.536498 -0.293350 0.217849 -0.419088 0.299330 0.021152 -0.041561 0.009204 -0.001534 0.016874 -0.007670 -0.007670 0.012272 0.024544 -0.001534 0.004602 0.007670 0.001534 -0.015340 0.006136 0.006136 4.298636 -0.683283 0.080992 -0.272230 -0.463518 -2.880952 0.160000 0.007000 2.192835 16.350000 0.076500 -0.500000 0.032547 0.447061 0.000000 0.000000 0.000000 0.019000 0.044000 0.097000 0.000000 0.000000 0.000000 0.000000 0.007000
42.049853 2.000000 0.528660 0.296070 -0.209005 -0.429083 -0.308078 0.012452 0.036911 0.536498 -0.293350 0.217837 -0.419088 0.299330 0.021152 -0.041561 -0.015340 0.006136 0.003068 -0.001534 0.010738 -0.012272 0.012272 -0.003068 0.001534 -0.003068 0.000000 -0.009204 0.000000 0.000000 4.446447 -0.728492 0.103714 -0.276763 -0.465404 -2.880695 0.160000 0.006000 2.269074 16.350000 0.077000 -0.500000 0.032546 0.462604 0.000000 0.000000 0.000000 0.019000 0.044000 0.097000 0.000000 0.000000 0.000000 0.000000 0.006000
42.142577 2.000000 0.528636 0.296094 -0.208993 -0.429071 -0.308090 0.012488 0.036899 0.536438 -0.293350 0.217837 -0.419088 0.299318 0.021164 -0.041549 0.007670 0.016874 0.000000 -0.009204 -0.001534 -0.006136 0.000000 0.012272 -0.006136 0.007670 0.009204 0.001534 0.012272 0.012272 4.411344 -0.726788 0.093959 -0.353567 -0.488723 -2.903960 0.161000 0.005000 2.255662 16.350000 0.078000 -0.500000 0.032544 0.459870 0.000000 0.000000 0.000000 0.019000 0.044000 0.098000 0.000000 0.000000 0.000000 0.000000 0.005000
42.196799 2.000000 0.528648 0.296082 -0.208981 -0.429071 -0.308078 0.012500 0.036899 0.536366 -0.293338 0.217849 -0.419076 0.299330 0.021152 -0.041561 -0.010738 0.009204 0.004602 -0.001534 -0.009204 -0.006136 0.012272 -0.009204 -0.007670 0.016874 -0.001534 -0.013806 0.000000 0.000000 4.480341 -0.734422 0.099795 -0.289826 -0.486911 -2.868108 0.161000 0.005000 2.287680 16.350000 0.078000 -0.500000 0.032544 0.466397 0.000000 0.000000 0.000000 0.019000 0.044000 0.098000 0.000000 0.000000 0.000000 0.000000 0.005000
42.239165 2.000000 0.528648 0.296058 -0.208969 -0.429071 -0.308102 0.012500 0.036899 0.536378 -0.293314 0.217837 -0.419088 0.299306 0.021140 -0.041561 0.003068 -0.023010 0.027612 -0.009204 0.000000 -0.006136 0.006136 -0.004602 -0.001534 0.010738 -0.001534 -0.013806 0.000000 0.000000 4.391928 -0.732035 0.121566 -0.305795 -0.498700 -2.875423 0.161000 0.006000 2.245391 16.350000 0.077500 -0.500000 0.032545 0.457776 0.000000 0.000000 0.000000 0.019000 0.044000 0.098000 0.000000 0.000000 0.000000 0.000000 0.006000
42.278215 2.000000 0.528648 0.296094 -0.208981 -0.429071 -0.308102 0.012512 0.036911 0.536378 -0.293338 0.217849 -0.419076 0.299330 0.021152 -0.041561 0.006136 -0.009204 0.000000 0.006136 0.000000 0.000000 0.012272 0.004602 0.000000 0.004602 -0.007670 -0.007670 -0.006136 0.000000 4.426334 -0.743281 0.031318 -0.364471 -0.507084 -2.811692 0.161000 0.006000 2.265771 16.350000 0.077500 -0.500000 0.032545 0.461931 0.000000 0.000000 0.000000 0.019000 0.044000 0.098000 0.000000 0.000000 0.000000 0.000000 0.006000
42.314405 2.000000 0.528660 0.296082 -0.208993 -0.429071 -0.308090 0.012512 0.036911 0.536390 -0.293338 0.217849 -0.419076 0.299330 0.021152 -0.041561 0.001534 -0.010738 0.000000 0.000000 -0.004602 -0.006136 0.000000 -0.003068 0.001534 0.006136 0.001534 0.007670 -0.012272 0.000000 4.453262 -0.751598 0.055802 -0.341430 -0.507548 -2.827767 0.161000 0.006000 2.278740 16.350000 0.077500 -0.500000 0.032545 0.464575 0.000000 0.000000 0.000000 0.019000 0.044000 0.098000 0.000000 0.000000 0.000000 0.000000 0.006000
42.354900 2.000000 0.528636 0.296070 -0.208981 -0.429047 -0.308102 0.012524 0.036887 0.536378 -0.293314 0.217849 -0.419076 0.299318 0.021164 -0.041561 0.010738 0.004602 0.006136 -0.013806 0.001534 0.000000 -0.018408 0.004602 0.007670 0.001534 0.007670 -0.009204 0.012272 0.000000 4.374237 -0.730327 0.088860 -0.358422 -0.513935 -2.866132 0.160000 0.006000 2.239415 16.350000 0.077000 -0.500000 0.032546 0.456558 0.000000 0.000000 0.000000 0.019000 0.044000 0.097000 0.000000 0.000000 0.000000 0.000000 0.006000
42.392333 2.000000 0.528648 0.296082 -0.208993 -0.429071 -0.308102 0.012571 0.036899 0.536378 -0.293338 0.217837 -0.419088 0.299330 0.021164 -0.041573 -0.015340 -0.016874 0.000000 0.007670 -0.006136 0.000000 -0.012272 0.001534 0.007670 0.000000 0.007670 -0.006136 0.000000 -0.012272 4.492617 -0.759146 0.025629 -0.344534 -0.522525 -2.858922 0.160000 0.006000 2.299546 16.350000 0.077000 -0.500000 0.032546 0.468817 0.000000 0.000000 0.000000 0.019000 0.044000 0.097000 0.000000 0.000000 0.000000 0.000000 0.006000
42.432698 2.000000 0.528648 0.296082 -0.208993 -0.429071 -0.308078 0.012571 0.036911 0.536378 -0.293350 0.217849 -0.419088 0.299318 0.021140 -0.041573 -0.013806 -0.015340 0.006136 -0.006136 0.004602 -0.012272 0.006136 0.013806 0.000000 0.006136 -0.001534 -0.001534 -0.024544 -0.006136 4.493630 -0.742796 0.068566 -0.375453 -0.525144 -2.838472 0.160000 0.006000 2.300065 16.350000 0.077000 -0.500000 0.032546 0.468923 0.000000 0.000000 0.000000 0.019000 0.044000 0.097000 0.000000 0.000000 0.000000 0.000000 0.006000
42.493152 2.000000 0.528660 0.296082 -0.208993 -0.429071 -0.308090 0.012571 0.036899 0.536378 -0.293350 0.217849 -0.419088 0.299330 0.021152 -0.041573 -0.009204 0.003068 0.004602 0.001534 0.000000 -0.006136 0.006136 0.009204 0.003068 0.006136 -0.001534 0.007670 -0.012272 0.006136 4.530483 -0.709778 -0.021505 -0.390955 -0.475072 -2.777776 0.160000 0.006000 2.313417 16.350000 0.077000 -0.500000 0.032546 0.471645 0.000000 0.000000 0.000000 0.019000 0.044000 0.097000 0.000000 0.000000 0.000000 0.000000 0.006000
42.521809 2.000000 0.528624 0.296082 -0.209005 -0.429047 -0.308102 0.012571 0.036875 0.536378 -0.293338 0.217837 -0.419076 0.299318 0.021164 -0.041549 -0.001534 -0.019942 0.003068 0.000000 -0.003068 0.000000 0.000000 0.006136 -0.009204 -0.009204 -0.004602 -0.007670 0.012272 0.006136 4.512261 -0.739530 -0.013355 -0.370678 -0.544259 -2.789883 0.160000 0.006000 2.309817 16.350000 0.077000 -0.500000 0.032546 0.470911 0.000000 0.000000 0.000000 0.019000 0.044000 0.097000 0.000000 0.000000 0.000000 0.000000 0.006000
42.557243 2.000000 0.528648 0.296070 -0.208981 -0.429071 -0.308090 0.012571 0.036911 0.536378 -0.293338 0.217849 -0.419076 0.299318 0.021152 -0.041561 0.000000 -0.013806 0.007670 -0.001534 0.000000 -0.012272 0.006136 0.001534 -0.004602 0.004602 0.003068 -0.018408 0.000000 0.000000 4.535526 -0.719105 -0.029341 -0.352968 -0.521297 -2.813095 0.161000 0.006000 2.317566 16.350000 0.077500 -0.500000 0.032545 0.472490 0.000000 0.000000 0.000000 0.019000 0.044000 0.098000 0.000000 0.000000 0.000000 0.000000 0.006000
42.599150 2.000000 0.528648 0.296070 -0.208981 -0.429071 -0.308078 0.012583 0.036887 0.536378 -0.293350 0.217849 -0.419076 0.299306 0.021164 -0.041561 0.013806 0.023010 0.007670 0.000000 -0.007670 -0.006136 -0.036816 0.007670 -0.001534 0.000000 0.000000 0.000000 0.000000 0.000000 4.454322 -0.684426 -0.060251 -0.362709 -0.526905 -2.823865 0.161000 0.006000 2.275885 16.350000 0.077500 -0.500000 0.032545 0.463993 0.000000 0.000000 0.000000 0.019000 0.044000 0.098000 0.000000 0.000000 0.000000 0.000000 0.006000
42.634685 2.000000 0.528636 0.296094 -0.208993 -0.429047 -0.308102 0.012595 0.036899 0.536378 -0.293350 0.217849 -0.419088 0.299330 0.021152 -0.041597 -0.003068 0.003068 0.009204 -0.004602 0.000000 0.000000 0.000000 0.000000 0.007670 -0.001534 -0.006136 -0.004602 -0.012272 -0.024544 4.514430 -0.710192 -0.027234 -0.327193 -0.505665 -2.816552 0.160000 0.006000 2.304735 16.350000 0.077000 -0.500000 0.032546 0.469875 0.000000 0.000000 0.000000 0.019000 0.044000 0.097000 0.000000 0.000000 0.000000 0.000000 0.006000
42.680027 2.000000 0.528648 0.296082 -0.208981 -0.429047 -0.308078 0.012607 0.036899 0.536390 -0.293350 0.217849 -0.419064 0.299306 0.021152 -0.041561 0.000000 -0.004602 -0.004602 0.006136 -0.006136 -0.006136 0.006136 0.003068 0.003068 0.007670 0.004602 -0.018408 -0.006136 0.000000 4.501600 -0.735426 -0.016799 -0.340161 -0.425421 -2.867807 0.160000 0.006000 2.296843 16.350000 0.077000 -0.500000 0.032546 0.468266 0.000000 0.000000 0.000000 0.019000 0.044000 0.097000 0.000000 0.000000 0.000000 0.000000 0.006000
42.725511 2.000000 0.528648 0.296082 -0.208993 -0.429047 -0.308078 0.012607 0.036887 0.536414 -0.293350 0.217849 -0.419088 0.299330 0.021164 -0.041561 -0.012272 0.001534 -0.012272 0.001534 -0.016874 -0.006136 -0.006136 0.015340 0.000000 0.012272 -0.001534 0.013806 0.000000 0.000000 4.571958 -0.741476 -0.046504 -0.372315 -0.447624 -2.871954 0.161000 0.006000 2.334072 16.350000 0.077500 -0.500000 0.032545 0.475856 0.000000 0.000000 0.000000 0.019000 0.045000 0.097000 0.000000 0.000000 0.000000 0.000000 0.006000
42.788059 2.000000 0.528624 0.296082 -0.208993 -0.429071 -0.308090 0.012631 0.036899 0.536378 -0.293338 0.217849 -0.419076 0.299330 0.021164 -0.041561 -0.016874 0.007670 -0.003068 0.000000 0.000000 -0.006136 0.000000 0.003068 0.006136 0.007670 0.003068 0.009204 0.006136 0.000000 4.616022 -0.716660 -0.079942 -0.327885 -0.469818 -2.875179 0.161000 0.006000 2.353163 16.350000 0.077500 -0.500000 0.032545 0.479748 0.000000 0.000000 0.000000 0.019000 0.045000 0.097000 0.000000 0.000000 0.000000 0.000000 0.006000
42.841702 2.000000 0.528624 0.296082 -0.208981 -0.429047 -0.308102 0.012631 0.036899 0.536378 -0.293338 0.217849 -0.419064 0.299318 0.021152 -0.041561 -0.009204 0.003068 0.013806 -0.003068 -0.006136 0.000000 0.006136 -0.003068 -0.003068 0.013806 0.003068 0.004602 0.000000 0.006136 4.489171 -0.696593 -0.023723 -0.317336 -0.484412 -2.868232 0.160000 0.007000 2.289828 16.350000 0.076500 -0.500000 0.032547 0.466836 0.000000 0.000000 0.000000 0.019000 0.044000 0.097000 0.000000 0.000000 0.000000 0.000000 0.007000
42.918697 2.000000 0.528648 0.296082 -0.208993 -0.429047 -0.308090 0.012619 0.036911 0.536378 -0.293338 0.217849 -0.419100 0.299354 0.021152 -0.041561 0.000000 0.003068 -0.003068 -0.007670 -0.003068 -0.018408 0.000000 -0.003068 0.006136 0.003068 -0.004602 0.000000 -0.018408 0.006136 4.474233 -0.737758 0.020070 -0.321347 -0.503390 -2.839166 0.160000 0.007000 2.286904 16.350000 0.076500 -0.500000 0.032547 0.466239 0.000000 0.000000 0.000000 0.019000 0.044000 0.097000 0.000000 0.000000 0.000000 0.000000 0.007000
42.991172 2.000000 0.528648 0.296106 -0.208969 -0.429047 -0.308102 0.012619 0.036899 0.536258 -0.293314 0.217849 -0.419100 0.299318 0.021128 -0.041537 -0.012272 0.000000 0.004602 0.000000 -0.004602 0.000000 -0.006136 0.012272 0.006136 0.015340 0.000000 -0.003068 -0.006136 0.006136 4.580703 -0.727391 -0.070734 -0.365043 -0.498313 -2.882516 0.160000 0.007000 2.339525 16.350000 0.076500 -0.500000 0.032547 0.476967 0.000000 0.000000 0.000000 0.019000 0.044000 0.097000 0.000000 0.000000 0.000000 0.000000 0.007000
43.049516 2.000000 0.528648 0.296082 -0.208945 -0.429047 -0.308090 0.012619 0.036899 0.536210 -0.293338 0.217849 -0.419100 0.299306 0.021128 -0.041537 0.000000 -0.018408 -0.004602 0.006136 0.000000 0.000000 -0.018408 0.006136 0.004602 0.010738 0.010738 -0.021476 0.000000 0.000000 4.482958 -0.744538 -0.103123 -0.433846 -0.524112 -2.873177 0.160000 0.008000 2.297508 16.350000 0.076000 -0.500000 0.032548 0.468401 0.000000 0.000000 0.000000 0.019000 0.044000 0.097000 0.000000 0.000000 0.000000 0.000000 0.008000
43.097751 2.000000 0.528648 0.296106 -0.208981 -0.429047 -0.308114 0.012607 0.036911 0.536174 -0.293314 0.217849 -0.419112 0.299306 0.021128 -0.041537 -0.003068 -0.001534 0.000000 0.007670 0.012272 -0.018408 0.006136 0.006136 -0.006136 0.007670 0.010738 -0.009204 0.000000 0.018408 4.536963 -0.707318 -0.109721 -0.409733 -0.533878 -2.870662 0.160000 0.008000 2.320412 16.350000 0.076000 -0.500000 0.032548 0.473071 0.000000 0.000000 0.000000 0.019000 0.044000 0.097000 0.000000 0.000000 0.000000 0.000000 0.008000
43.156767 2.000000 0.528636 0.296082 -0.208969 -0.429047 -0.308114 0.012607 0.036875 0.535982 -0.293302 0.217837 -0.419112 0.299306 0.021116 -0.041537 -0.009204 -0.006136 -0.006136 0.001534 -0.007670 0.000000 -0.030680 0.004602 0.001534 0.000000 0.000000 0.010738 0.000000 0.000000 4.543245 -0.752102 -0.055857 -0.363290 -0.538541 -2.870871 0.160000 0.007000 2.325335 16.350000 0.076500 -0.500000 0.032547 0.474074 0.000000 0.000000 0.000000 0.019000 0.044000 0.097000 0.000000 0.000000 0.000000 0.000000 0.007000
43.192463 2.000000 0.528636 0.296058 -0.208981 -0.429071 -0.308114 0.012607 0.036899 0.535994 -0.293314 0.217849 -0.419112 0.299306 0.021116 -0.041549 -0.001534 -0.013806 -0.001534 -0.009204 -0.010738 0.006136 0.000000 0.004602 -0.001534 0.007670 0.001534 0.003068 0.000000 0.000000 4.523835 -0.745642 -0.028787 -0.359732 -0.529546 -2.874320 0.160000 0.007000 2.314675 16.350000 0.076500 -0.500000 0.032547 0.471901 0.000000 0.000000 0.000000 0.019000 0.044000 0.097000 0.000000 0.000000 0.000000 0.000000 0.007000
43.218238 2.000000 0.528612 0.296058 -0.208957 -0.429071 -0.308114 0.012607 0.036911 0.536006 -0.293314 0.217849 -0.419112 0.299294 0.021116 -0.041549 -0.001534 0.001534 -0.013806 0.000000 -0.004602 -0.006136 0.006136 -0.001534 -0.006136 0.009204 0.003068 0.000000 -0.006136 -0.018408 4.473263 -0.736803 -0.012548 -0.298557 -0.534676 -2.879261 0.160000 0.005000 2.287355 16.350000 0.077500 -0.500000 0.032545 0.466331 0.000000 0.000000 0.000000 0.019000 0.044000 0.097000 0.000000 0.000000 0.000000 0.000000 0.005000
43.257990 2.000000 0.528648 0.296058 -0.208969 -0.429071 -0.308114 0.012607 0.036911 0.535971 -0.293302 0.217849 -0.419100 0.299318 0.021128 -0.041549 0.000000 -0.001534 0.015340 0.007670 0.006136 -0.006136 0.006136 -0.015340 -0.001534 -0.004602 0.003068 -0.015340 0.006136 0.000000 4.483268 -0.702555 0.001222 -0.264045 -0.536299 -2.874617 0.161000 0.005000 2.288592 16.350000 0.078000 -0.500000 0.032544 0.466584 0.000000 0.000000 0.000000 0.019000 0.043000 0.099000 0.000000 0.000000 0.000000 0.000000 0.005000
43.293721 2.000000 0.528636 0.296070 -0.208969 -0.429071 -0.308114 0.012607 0.036899 0.535994 -0.293314 0.217849 -0.419100 0.299330 0.021116 -0.041537 0.000000 -0.007670 0.009204 0.000000 0.012272 0.000000 0.006136 0.000000 0.003068 0.000000 -0.007670 -0.024544 -0.006136 -0.006136 4.488356 -0.724310 0.022024 -0.339749 -0.523470 -2.813753 0.161000 0.005000 2.294527 16.350000 0.078000 -0.500000 0.032544 0.467793 0.000000 0.000000 0.000000 0.019000 0.043000 0.099000 0.000000 0.000000 0.000000 0.000000 0.005000
43.337991 2.000000 0.528636 0.296094 -0.208969 -0.429047 -0.308114 0.012631 0.036899 0.535994 -0.293314 0.217849 -0.419100 0.299294 0.021128 -0.041549 0.007670 0.000000 0.001534 -0.006136 -0.006136 0.024544 0.012272 0.004602 -0.004602 0.001534 0.001534 0.001534 0.000000 -0.012272 4.400273 -0.720943 0.033871 -0.352561 -0.536369 -2.845026 0.161000 0.005000 2.252451 16.350000 0.078000 -0.500000 0.032544 0.459215 0.000000 0.000000 0.000000 0.019000 0.043000 0.099000 0.000000 0.000000 0.000000 0.000000 0.005000
43.383543 2.000000 0.528660 0.296082 -0.208969 -0.429047 -0.308114 0.012607 0.036899 0.535994 -0.293338 0.217849 -0.419088 0.299318 0.021140 -0.041549 0.003068 0.006136 -0.012272 0.000000 -0.007670 0.012272 0.000000 0.007670 -0.001534 -0.007670 0.000000 -0.004602 0.012272 0.012272 4.433200 -0.741598 0.041098 -0.349955 -0.534212 -2.858716 0.161000 0.005000 2.269972 16.350000 0.078000 -0.500000 0.032544 0.462787 0.000000 0.000000 0.000000 0.019000 0.043000 0.099000 0.000000 0.000000 0.000000 0.000000 0.005000
43.425961 2.000000 0.528648 0.296106 -0.208969 -0.429071 -0.308114 0.012619 0.036899 0.536030 -0.293314 0.217897 -0.419088 0.299306 0.021128 -0.041525 -0.013806 0.003068 -0.003068 -0.007670 -0.006136 0.006136 -0.012272 0.009204 -0.010738 0.006136 -0.003068 -0.007670 -0.006136 -0.012272 4.497924 -0.745980 0.073376 -0.351754 -0.535175 -2.849144 0.161000 0.005000 2.302062 16.350000 0.078000 -0.500000 0.032544 0.469330 0.000000 0.000000 0.000000 0.019000 0.043000 0.099000 0.000000 0.000000 0.000000 0.000000 0.005000
43.457460 2.000000 0.528636 0.296118 -0.208945 -0.429071 -0.308138 0.012607 0.036911 0.536018 -0.293314 0.217921 -0.419088 0.299306 0.021152 -0.041537 -0.012272 -0.004602 -0.001534 0.000000 0.007670 0.000000 0.012272 0.013806 -0.012272 0.009204 0.000000 -0.009204 0.012272 -0.006136 4.498779 -0.739201 0.064998 -0.362947 -0.529840 -2.869904 0.161000 0.005000 2.302058 16.350000 0.078000 -0.500000 0.032544 0.469329 0.000000 0.000000 0.000000 0.019000 0.043000 0.099000 0.000000 0.000000 0.000000 0.000000 0.005000
43.496760 2.000000 0.528648 0.296130 -0.208969 -0.429071 -0.308114 0.012607 0.036911 0.536018 -0.293338 0.217921 -0.419100 0.299294 0.021128 -0.041501 0.009204 0.021476 0.004602 -0.001534 0.000000 0.000000 0.006136 -0.004602 0.003068 0.004602 0.003068 -0.003068 0.000000 0.024544 4.377674 -0.694275 0.076847 -0.296090 -0.481991 -2.862278 0.161000 0.005000 2.234168 16.350000 0.078000 -0.500000 0.032544 0.455488 0.000000 0.000000 0.000000 0.019000 0.043000 0.099000 0.000000 0.000000 0.000000 0.000000 0.005000
43.522230 2.000000 0.528624 0.296118 -0.208969 -0.429071 -0.308102 0.012595 0.036899 0.536006 -0.293302 0.217933 -0.419100 0.299306 0.021116 -0.041513 0.001534 -0.001534 0.007670 -0.001534 0.000000 0.024544 0.000000 0.003068 -0.001534 0.007670 -0.001534 -0.001534 0.000000 0.012272 4.440036 -0.722266 0.030956 -0.319629 -0.491404 -2.863089 0.161000 0.005000 2.268217 16.350000 0.078000 -0.500000 0.032544 0.462430 0.000000 0.000000 0.000000 0.019000 0.043000 0.099000 0.000000 0.000000 0.000000 0.000000 0.005000
43.561940 2.000000 0.528636 0.296094 -0.208957 -0.429095 -0.308114 0.012583 0.036911 0.535994 -0.293314 0.217933 -0.419100 0.299318 0.021116 -0.041513 0.012272 0.001534 -0.010738 0.000000 -0.003068 0.000000 0.006136 -0.007670 -0.012272 0.000000 -0.018408 -0.006136 -0.024544 0.000000 4.425618 -0.738582 0.039366 -0.285926 -0.517080 -2.822581 0.162000 0.005000 2.262782 16.350000 0.078500 -0.500000 0.032543 0.461321 0.000000 0.000000 0.000000 0.019000 0.043000 0.100000 0.000000 0.000000 0.000000 0.000000 0.005000
43.614283 2.000000 0.528624 0.296082 -0.208933 -0.429095 -0.308114 0.012571 0.036911 0.536006 -0.293314 0.217945 -0.419100 0.299294 0.021116 -0.041513 -0.001534 -0.021476 0.012272 -0.009204 -0.001534 0.000000 0.006136 0.019942 -0.003068 0.001534 -0.012272 -0.007670 -0.012272 0.006136 4.497106 -0.740842 0.071030 -0.364107 -0.515709 -2.870704 0.162000 0.005000 2.300616 16.350000 0.078500 -0.500000 0.032543 0.469035 0.000000 0.000000 0.000000 0.019000 0.043000 0.100000 0.000000 0.000000 0.000000 0.000000 0.005000
43.650990 2.000000 0.528636 0.296106 -0.208933 -0.429095 -0.308114 0.012571 0.036887 0.536006 -0.293314 0.217957 -0.419100 0.299318 0.021140 -0.041501 -0.015340 0.000000 0.003068 -0.004602 -0.006136 0.006136 -0.018408 -0.007670 -0.004602 -0.007670 0.004602 0.000000 0.012272 0.012272 4.521847 -0.740961 0.078544 -0.282249 -0.566139 -2.884750 0.162000 0.005000 2.312807 16.350000 0.078500 -0.500000 0.032543 0.471520 0.000000 0.000000 0.000000 0.019000 0.043000 0.100000 0.000000 0.000000 0.000000 0.000000 0.005000
43.690913 2.000000 0.528624 0.296106 -0.208921 -0.429107 -0.308090 0.012524 0.036887 0.536030 -0.293314 0.217957 -0.419088 0.299306 0.021128 -0.041525 -0.015340 0.000000 0.007670 -0.010738 0.000000 -0.042951 -0.006136 -0.007670 -0.013806 -0.001534 0.010738 -0.001534 0.000000 0.000000 4.520741 -0.725273 0.127114 -0.231515 -0.558846 -2.901355 0.162000 0.005000 2.309168 16.350000 0.078500 -0.500000 0.032543 0.470778 0.000000 0.000000 0.000000 0.019000 0.043000 0.100000 0.000000 0.000000 0.000000 0.000000 0.005000
43.735617 2.000000 0.528636 0.296094 -0.208945 -0.429083 -0.308114 0.012571 0.036899 0.536018 -0.293314 0.217969 -0.419100 0.299330 0.021140 -0.041513 0.001534 -0.016874 0.000000 0.000000 -0.003068 0.000000 -0.006136 0.003068 0.000000 0.003068 -0.007670 -0.004602 0.000000 0.000000 4.472092 -0.751528 0.064224 -0.309764 -0.523628 -2.817610 0.161000 0.005000 2.287714 16.350000 0.078000 -0.500000 0.032544 0.466404 0.000000 0.000000 0.000000 0.018000 0.043000 0.100000 0.000000 0.000000 0.000000 0.000000 0.005000
43.782398 2.000000 0.528624 0.296118 -0.208945 -0.429083 -0.308090 0.012571 0.036899 0.536018 -0.293338 0.217969 -0.419100 0.299318 0.021128 -0.041501 -0.001534 0.000000 0.003068 -0.001534 0.004602 -0.006136 -0.006136 -0.007670 -0.013806 0.006136 0.001534 -0.001534 0.000000 0.000000 4.485027 -0.728644 0.081127 -0.217105 -0.527931 -2.852008 0.161000 0.005000 2.289773 16.350000 0.078000 -0.500000 0.032544 0.466824 0.000000 0.000000 0.000000 0.018000 0.043000 0.100000 0.000000 0.000000 0.000000 0.000000 0.005000
43.808117 2.000000 0.528612 0.296106 -0.208921 -0.429095 -0.308102 0.012583 0.036911 0.536018 -0.293314 0.217969 -0.419076 0.299306 0.021128 -0.041513 0.004602 -0.006136 -0.006136 -0.006136 -0.007670 -0.012272 0.006136 0.016874 -0.004602 0.013806 0.000000 0.000000 0.000000 0.000000 4.429780 -0.739944 0.095307 -0.293329 -0.513620 -2.867938 0.161000 0.005000 2.264968 16.350000 0.078000 -0.500000 0.032544 0.461767 0.000000 0.000000 0.000000 0.018000 0.043000 0.100000 0.000000 0.000000 0.000000 0.000000 0.005000
43.833749 2.000000 0.528624 0.296106 -0.208933 -0.429107 -0.308114 0.012571 0.036899 0.536018 -0.293338 0.217969 -0.419088 0.299318 0.021140 -0.041513 -0.003068 0.010738 0.004602 -0.006136 -0.013806 -0.006136 -0.006136 0.007670 -0.003068 0.000000 0.009204 0.000000 0.000000 0.000000 4.481569 -0.682596 0.072820 -0.271732 -0.531904 -2.872514 0.162000 0.000000 2.286217 16.350000 0.081000 -0.500000 0.032538 0.466099 0.000000 0.000000 0.000000 0.019000 0.042000 0.101000 0.000000 0.000000 0.000000 0.000000 0.000000
43.866755 2.000000 0.528612 0.296106 -0.208969 -0.429107 -0.308102 0.012535 0.036899 0.536006 -0.293338 0.217969 -0.419088 0.299318 0.021116 -0.041525 0.006136 -0.016874 -0.015340 -0.004602 0.007670 0.000000 0.000000 -0.003068 0.003068 0.010738 0.010738 -0.009204 0.006136 -0.006136 4.463363 -0.740742 0.057933 -0.246001 -0.489843 -2.884325 0.162000 0.000000 2.278748 16.350000 0.081000 -0.500000 0.032538 0.464577 0.000000 0.000000 0.000000 0.019000 0.042000 0.101000 0.000000 0.000000 0.000000 0.000000 0.000000
43.899292 2.000000 0.528612 0.296094 -0.208921 -0.429107 -0.308114 0.012524 0.036911 0.536006 -0.293314 0.217969 -0.419100 0.299318 0.021116 -0.041501 0.000000 -0.023010 0.007670 0.009204 0.000000 -0.012272 0.000000 0.004602 -0.001534 0.007670 -0.003068 -0.004602 -0.012272 0.000000 4.516871 -0.709725 0.018758 -0.264082 -0.485482 -2.865408 0.162000 0.000000 2.302785 16.350000 0.081000 -0.500000 0.032538 0.469477 0.000000 0.000000 0.000000 0.019000 0.042000 0.101000 0.000000 0.000000 0.000000 0.000000 0.000000
43.935713 2.000000 0.528600 0.296094 -0.208945 -0.429107 -0.308090 0.012535 0.036911 0.536030 -0.293302 0.217969 -0.419100 0.299318 0.021140 -0.041501 -0.007670 -0.009204 0.019942 0.001534 -0.012272 0.006136 0.006136 0.007670 0.001534 0.007670 -0.004602 0.009204 0.012272 0.024544 4.565926 -0.680836 -0.010004 -0.287502 -0.480744 -2.875797 0.161000 0.000000 2.325134 16.350000 0.080500 -0.500000 0.032539 0.474033 0.000000 0.000000 0.000000 0.018000 0.042000 0.101000 0.000000 0.000000 0.000000 0.000000 0.000000
43.978060 2.000000 0.528612 0.296070 -0.208933 -0.429131 -0.308102 0.012535 0.036899 0.536006 -0.293314 0.217969 -0.419100 0.299330 0.021116 -0.041513 -0.015340 -0.021476 -0.007670 0.001534 0.000000 0.000000 0.000000 0.016874 -0.007670 0.006136 -0.013806 0.007670 -0.012272 0.000000 4.607635 -0.741161 -0.050853 -0.350210 -0.503998 -2.795822 0.161000 0.000000 2.353523 16.350000 0.080500 -0.500000 0.032539 0.479821 0.000000 0.000000 0.000000 0.018000 0.042000 0.101000 0.000000 0.000000 0.000000 0.000000 0.000000
44.011075 2.000000 0.528612 0.296094 -0.208921 -0.429131 -0.308090 0.012524 0.036899 0.535994 -0.293314 0.217969 -0.419100 0.299330 0.021116 -0.041501 -0.001534 -0.004602 0.010738 -0.004602 -0.010738 -0.012272 0.000000 0.003068 -0.003068 -0.007670 0.003068 -0.019942 -0.012272 0.012272 4.555754 -0.695310 -0.009278 -0.303067 -0.553236 -2.814470 0.161000 0.000000 2.325740 16.350000 0.080500 -0.500000 0.032539 0.474157 0.000000 0.000000 0.000000 0.018000 0.042000 0.101000 0.000000 0.000000 0.000000 0.000000 0.000000
44.048103 2.000000 0.528600 0.296082 -0.208945 -0.429107 -0.308114 0.012524 0.036899 0.535994 -0.293302 0.217969 -0.419112 0.299318 0.021092 -0.041513 -0.021476 -0.001534 0.004602 -0.004602 -0.006136 -0.006136 0.006136 0.007670 -0.003068 0.012272 -0.015340 -0.009204 -0.024544 0.000000 4.595141 -0.713986 0.014908 -0.348497 -0.516345 -2.752081 0.161000 0.000000 2.345909 16.350000 0.080500 -0.500000 0.032539 0.478269 0.000000 0.000000 0.000000 0.018000 0.042000 0.101000 0.000000 0.000000 0.000000 0.000000 0.000000
44.080010 2.000000 0.528612 0.296094 -0.208921 -0.429107 -0.308102 0.012512 0.036899 0.536006 -0.293314 0.217981 -0.419100 0.299318 0.021128 -0.041513 0.004602 0.001534 -0.007670 -0.007670 0.000000 -0.012272 0.000000 0.004602 -0.012272 0.003068 0.006136 0.000000 0.006136 -0.006136 4.459860 -0.720676 0.028127 -0.342261 -0.544886 -2.815637 0.161000 0.000000 2.281653 16.350000 0.080500 -0.500000 0.032539 0.465169 0.000000 0.000000 0.000000 0.018000 0.042000 0.101000 0.000000 0.000000 0.000000 0.000000 0.000000
44.107023 2.000000 0.528600 0.296094 -0.208921 -0.429131 -0.308090 0.012488 0.036911 0.535959 -0.293302 0.217969 -0.419112 0.299330 0.021104 -0.041477 -0.009204 0.007670 0.004602 -0.003068 -0.012272 0.024544 0.006136 -0.016874 -0.001534 -0.007670 -0.001534 0.003068 0.000000 0.012272 4.498523 -0.702931 0.021254 -0.228414 -0.556411 -2.801963 0.161000 0.000000 2.296333 16.350000 0.080500 -0.500000 0.032539 0.468162 0.000000 0.000000 0.000000 0.018000 0.042000 0.101000 0.000000 0.000000 0.000000 0.000000 0.000000
44.148445 2.000000 0.528600 0.296070 -0.208921 -0.429143 -0.308114 0.012380 0.036899 0.535827 -0.293302 0.217969 -0.419112 0.299330 0.021092 -0.041453 0.004602 0.006136 0.006136 0.004602 -0.004602 0.000000 0.000000 0.001534 -0.003068 0.001534 -0.007670 0.001534 0.012272 0.006136 4.466122 -0.704342 0.033510 -0.227100 -0.539009 -2.842336 0.163000 0.000000 2.279498 16.350000 0.081500 -0.500000 0.032537 0.464730 0.000000 0.000000 0.000000 0.019000 0.042000 0.102000 0.000000 0.000000 0.000000 0.000000 0.000000
44.192756 2.000000 0.528612 0.296094 -0.208921 -0.429143 -0.308114 0.012392 0.036911 0.535827 -0.293278 0.217993 -0.419124 0.299330 0.021080 -0.041465 0.000000 -0.012272 -0.001534 0.009204 0.004602 0.000000 0.006136 0.001534 0.000000 0.006136 -0.010738 0.010738 0.000000 0.000000 4.520147 -0.732576 -0.013603 -0.211339 -0.516517 -2.796316 0.163000 0.000000 2.306504 16.350000 0.081500 -0.500000 0.032537 0.470235 0.000000 0.000000 0.000000 0.019000 0.042000 0.102000 0.000000 0.000000 0.000000 0.000000 0.000000
44.227011 2.000000 0.528624 0.296130 -0.208921 -0.429131 -0.308114 0.012404 0.036899 0.535863 -0.293278 0.218077 -0.419112 0.299306 0.021080 -0.041465 -0.004602 -0.001534 -0.001534 0.000000 -0.004602 0.000000 -0.012272 0.006136 -0.012272 -0.001534 0.018408 -0.024544 -0.012272 0.000000 4.556126 -0.728538 -0.024735 -0.190124 -0.545221 -2.854873 0.163000 0.000000 2.324998 16.350000 0.081500 -0.500000 0.032537 0.474006 0.000000 0.000000 0.000000 0.019000 0.042000 0.102000 0.000000 0.000000 0.000000 0.000000 0.000000
44.256469 2.000000 0.528612 0.296142 -0.208897 -0.429131 -0.308114 0.012416 0.036899 0.535863 -0.293302 0.218149 -0.419112 0.299318 0.021080 -0.041465 -0.029146 0.004602 0.016874 -0.006136 0.004602 0.012272 -0.006136 0.033748 -0.003068 0.001534 0.015340 0.006136 -0.012272 0.006136 4.614281 -0.707410 0.012679 -0.230603 -0.529894 -2.879009 0.163000 0.000000 2.351913 16.350000 0.081500 -0.500000 0.032537 0.479493 0.000000 0.000000 0.000000 0.019000 0.042000 0.102000 0.000000 0.000000 0.000000 0.000000 0.000000
44.284540 2.000000 0.528624 0.296142 -0.208921 -0.429107 -0.308102 0.012416 0.036911 0.535863 -0.293302 0.218149 -0.419100 0.299306 0.021104 -0.041477 -0.013806 0.004602 -0.016874 0.000000 0.000000 0.000000 0.006136 -0.004602 -0.003068 -0.003068 -0.007670 -0.023010 0.000000 -0.012272 4.549478 -0.745623 0.008495 -0.117299 -0.513106 -2.806607 0.163000 0.000000 2.320062 16.350000 0.081500 -0.500000 0.032537 0.472999 0.000000 0.000000 0.000000 0.019000 0.042000 0.102000 0.000000 0.000000 0.000000 0.000000 0.000000
44.308570 2.000000 0.528684 0.296190 -0.208921 -0.429071 -0.308114 0.012476 0.036911 0.535994 -0.293338 0.218197 -0.419076 0.299318 0.021116 -0.041465 0.006136 -0.001534 0.009204 0.007670 -0.012272 0.000000 0.000000 0.009204 -0.001534 0.003068 -0.003068 0.007670 0.006136 0.006136 4.517592 -0.707466 -0.026779 -0.177014 -0.490103 -2.835550 0.163000 0.000000 2.301124 16.350000 0.081500 -0.500000 0.032537 0.469138 0.000000 0.000000 0.000000 0.019000 0.042000 0.102000 0.000000 0.000000 0.000000 0.000000 0.000000
44.337537 2.000000 0.528684 0.296238 -0.208897 -0.429059 -0.308090 0.012512 0.036923 0.536030 -0.293314 0.218233 -0.419088 0.299318 0.021140 -0.041465 -0.012272 -0.001534 0.003068 -0.012272 0.000000 0.000000 0.024544 0.006136 0.006136 0.012272 -0.003068 -0.030680 0.006136 0.000000 4.564378 -0.723998 0.025271 -0.183733 -0.460005 -2.847523 0.164000 0.000000 2.323956 16.350000 0.082000 -0.500000 0.032536 0.473793 0.000000 0.000000 0.000000 0.019000 0.042000 0.103000 0.000000 0.000000 0.000000 0.000000 0.000000
44.368231 2.000000 0.528660 0.296214 -0.208921 -0.429071 -0.308102 0.012512 0.036911 0.535982 -0.293314 0.218245 -0.419076 0.299318 0.021140 -0.041465 -0.003068 -0.015340 0.000000 0.000000 0.001534 0.006136 0.006136 -0.018408 0.010738 0.006136 0.010738 0.000000 0.012272 0.006136 4.483462 -0.740496 0.015861 -0.087651 -0.444674 -2.874498 0.164000 0.000000 2.283374 16.350000 0.082000 -0.500000 0.032536 0.465520 0.000000 0.000000 0.000000 0.019000 0.042000 0.103000 0.000000 0.000000 0.000000 0.000000 0.000000
44.402507 2.000000 0.528648 0.296202 -0.208921 -0.429071 -0.308114 0.012500 0.036911 0.535971 -0.293302 0.218245 -0.419100 0.299306 0.021116 -0.041453 -0.021476 0.004602 0.001534 -0.007670 -0.003068 0.006136 0.000000 0.003068 -0.001534 -0.001534 0.013806 -0.001534 0.000000 0.018408 4.533567 -0.727840 0.047660 -0.126464 -0.479210 -2.893961 0.164000 0.000000 2.309146 16.350000 0.082000 -0.500000 0.032536 0.470774 0.000000 0.000000 0.000000 0.019000 0.042000 0.103000 0.000000 0.000000 0.000000 0.000000 0.000000
44.433035 2.000000 0.528624 0.296178 -0.208921 -0.429071 -0.308102 0.012512 0.036911 0.535994 -0.293278 0.218257 -0.419100 0.299330 0.021140 -0.041465 -0.006136 0.000000 0.013806 0.006136 -0.003068 0.012272 0.000000 0.018408 0.000000 0.000000 0.000000 0.006136 0.006136 0.012272 4.518213 -0.705961 -0.016593 -0.192303 -0.484428 -2.886418 0.165000 0.000000 2.301319 16.350000 0.082500 -0.500000 0.032535 0.469178 0.000000 0.000000 0.000000 0.019000 0.043000 0.103000 0.000000 0.000000 0.000000 0.000000 0.000000
44.467251 2.000000 0.528660 0.296178 -0.208921 -0.429071 -0.308090 0.012500 0.036899 0.535994 -0.293314 0.218257 -0.419088 0.299318 0.021128 -0.041465 0.006136 0.010738 -0.012272 -0.007670 0.001534 -0.012272 0.000000 0.006136 -0.003068 0.007670 0.000000 -0.009204 0.000000 0.006136 4.480821 -0.731818 0.021355 -0.177290 -0.464493 -2.881543 0.165000 0.000000 2.283665 16.350000 0.082500 -0.500000 0.032535 0.465579 0.000000 0.000000 0.000000 0.019000 0.043000 0.103000 0.000000 0.000000 0.000000 0.000000 0.000000
44.504390 2.000000 0.528684 0.296202 -0.208921 -0.429011 -0.308090 0.012631 0.036911 0.536006 -0.293314 0.218257 -0.419076 0.299318 0.021140 -0.041477 -0.016874 0.012272 -0.001534 -0.010738 -0.012272 0.024544 0.000000 0.000000 0.004602 0.000000 0.004602 0.018408 0.000000 0.000000 4.544410 -0.729450 0.030074 -0.182848 -0.477572 -2.887482 0.165000 0.000000 2.315452 16.350000 0.082500 -0.500000 0.032535 0.472060 0.000000 0.000000 0.000000 0.019000 0.043000 0.103000 0.000000 0.000000 0.000000 0.000000 0.000000
44.540034 2.000000 0.528708 0.296262 -0.208921 -0.428951 -0.308090 0.012655 0.036911 0.536030 -0.293338 0.218305 -0.419064 0.299306 0.021152 -0.041465 0.004602 0.010738 0.007670 0.006136 0.012272 0.000000 0.000000 -0.021476 -0.003068 -0.003068 0.006136 -0.012272 0.000000 -0.018408 4.516418 -0.704821 -0.029334 -0.096225 -0.491797 -2.887704 0.165000 0.000000 2.299235 16.350000 0.082500 -0.500000 0.032535 0.468753 0.000000 0.000000 0.000000 0.019000 0.043000 0.103000 0.000000 0.000000 0.000000 0.000000 0.000000
44.575858 2.000000 0.528720 0.296250 -0.208897 -0.428927 -0.308102 0.012679 0.036911 0.536006 -0.293338 0.218341 -0.419064 0.299306 0.021152 -0.041477 -0.003068 0.000000 0.012272 0.004602 -0.010738 -0.012272 -0.012272 0.000000 0.000000 0.009204 0.004602 -0.015340 -0.006136 -0.006136 4.569648 -0.718409 -0.045926 -0.185473 -0.460209 -2.898608 0.165000 0.000000 2.326155 16.350000 0.082500 -0.500000 0.032535 0.474242 0.000000 0.000000 0.000000 0.019000 0.043000 0.103000 0.000000 0.000000 0.000000 0.000000 0.000000
44.615333 2.000000 0.528732 0.296322 -0.208921 -0.428891 -0.308090 0.012691 0.036899 0.536030 -0.293350 0.218401 -0.419076 0.299318 0.021164 -0.041465 0.000000 -0.018408 0.001534 0.003068 -0.009204 -0.012272 -0.012272 0.003068 -0.009204 0.015340 0.003068 -0.003068 0.000000 0.000000 4.550433 -0.756915 -0.023682 -0.224965 -0.470925 -2.898290 0.165000 0.000000 2.321193 16.350000 0.082500 -0.500000 0.032535 0.473230 0.000000 0.000000 0.000000 0.019000 0.043000 0.103000 0.000000 0.000000 0.000000 0.000000 0.000000
44.648088 2.000000 0.528732 0.296322 -0.208897 -0.428879 -0.308102 0.012727 0.036923 0.536042 -0.293338 0.218413 -0.419052 0.299306 0.021176 -0.041477 0.000000 0.007670 0.018408 -0.001534 -0.004602 -0.018408 0.012272 0.024544 -0.003068 0.009204 0.018408 -0.007670 0.006136 0.000000 4.544221 -0.699205 0.007322 -0.296965 -0.487895 -2.927518 0.165000 0.000000 2.316520 16.350000 0.082500 -0.500000 0.032535 0.472277 0.000000 0.000000 0.000000 0.019000 0.043000 0.103000 0.000000 0.000000 0.000000 0.000000 0.000000
44.693122 2.000000 0.528732 0.296334 -0.208909 -0.428856 -0.308102 0.012727 0.036911 0.535994 -0.293338 0.218460 -0.419088 0.299318 0.021164 -0.041465 -0.001534 0.000000 0.019942 0.001534 0.000000 -0.006136 0.000000 0.003068 -0.021476 -0.001534 -0.001534 -0.007670 0.000000 0.000000 4.540103 -0.719639 0.013631 -0.241315 -0.517324 -2.873611 0.165000 0.000000 2.316046 16.350000 0.082500 -0.500000 0.032535 0.472181 0.000000 0.000000 0.000000 0.019000 0.043000 0.103000 0.000000 0.000000 0.000000 0.000000 0.000000
44.726884 2.000000 0.528732 0.296322 -0.208897 -0.428856 -0.308114 0.012727 0.036911 0.536006 -0.293338 0.218460 -0.419088 0.299318 0.021164 -0.041477 0.004602 -0.004602 0.015340 -0.004602 -0.007670 0.000000 0.000000 0.009204 -0.003068 0.004602 0.001534 -0.012272 0.000000 -0.006136 4.521827 -0.735270 0.020063 -0.265667 -0.494111 -2.888607 0.165000 0.000000 2.307719 16.350000 0.082500 -0.500000 0.032535 0.470483 0.000000 0.000000 0.000000 0.019000 0.043000 0.103000 0.000000 0.000000 0.000000 0.000000 0.000000
44.771647 2.000000 0.528732 0.296334 -0.208897 -0.428844 -0.308102 0.012739 0.036911 0.536006 -0.293314 0.218484 -0.419064 0.299330 0.021176 -0.041477 0.000000 -0.016874 0.018408 0.000000 -0.013806 0.000000 -0.012272 0.003068 0.010738 0.003068 0.003068 0.000000 0.006136 0.000000 4.530744 -0.747006 0.034107 -0.248372 -0.462105 -2.897012 0.167000 0.000000 2.310892 16.350000 0.083500 -0.500000 0.032533 0.471130 0.000000 0.000000 0.000000 0.020000 0.043000 0.104000 0.000000 0.000000 0.000000 0.000000 0.000000
44.808066 2.000000 0.528720 0.296334 -0.208885 -0.428856 -0.308102 0.012739 0.036923 0.536018 -0.293314 0.218496 -0.419064 0.299330 0.021164 -0.041465 -0.006136 -0.015340 0.003068 -0.007670 -0.004602 0.000000 0.012272 0.010738 0.000000 0.001534 0.019942 0.001534 -0.006136 -0.006136 4.540552 -0.761478 0.050418 -0.285524 -0.493728 -2.911526 0.167000 0.000000 2.319577 16.350000 0.083500 -0.500000 0.032533 0.472901 0.000000 0.000000 0.000000 0.020000 0.043000 0.104000 0.000000 0.000000 0.000000 0.000000 0.000000
44.847860 2.000000 0.528732 0.296334 -0.208897 -0.428856 -0.308114 0.012739 0.036911 0.535994 -0.293314 0.218496 -0.419076 0.299306 0.021176 -0.041477 0.007670 -0.013806 -0.003068 -0.004602 -0.004602 -0.018408 -0.006136 0.016874 0.007670 0.018408 0.018408 0.009204 0.006136 -0.012272 4.526306 -0.757264 0.008661 -0.310536 -0.471090 -2.918465 0.167000 0.000000 2.311885 16.350000 0.083500 -0.500000 0.032533 0.471332 0.000000 0.000000 0.000000 0.020000 0.043000 0.104000 0.000000 0.000000 0.000000 0.000000 0.000000
44.883367 2.000000 0.528720 0.296334 -0.208873 -0.428856 -0.308114 0.012751 0.036899 0.535994 -0.293314 0.218496 -0.419064 0.299318 0.021164 -0.041465 0.009204 -0.001534 0.018408 -0.012272 -0.007670 0.018408 0.000000 0.015340 0.000000 0.015340 -0.015340 0.003068 -0.006136 0.006136 4.465493 -0.710345 0.022479 -0.292903 -0.456766 -2.863354 0.167000 0.000000 2.277040 16.350000 0.083500 -0.500000 0.032533 0.464228 0.000000 0.000000 0.000000 0.020000 0.043000 0.104000 0.000000 0.000000 0.000000 0.000000 0.000000
44.910015 2.000000 0.528732 0.296310 -0.208921 -0.428844 -0.308090 0.012739 0.036911 0.535994 -0.293314 0.218496 -0.419076 0.299318 0.021164 -0.041453 0.000000 0.006136 -0.006136 -0.004602 0.007670 -0.012272 -0.006136 0.004602 0.001534 0.000000 0.009204 -0.006136 -0.006136 0.000000 4.489110 -0.741299 0.035847 -0.267810 -0.488659 -2.891310 0.167000 0.000000 2.291950 16.350000 0.083500 -0.500000 0.032533 0.467268 0.000000 0.000000 0.000000 0.020000 0.043000 0.104000 0.000000 0.000000 0.000000 0.000000 0.000000
44.949046 2.000000 0.528732 0.296322 -0.208885 -0.428844 -0.308090 0.012739 0.036899 0.535994 -0.293314 0.218508 -0.419076 0.299330 0.021164 -0.041465 0.001534 -0.009204 0.000000 -0.001534 0.003068 -0.006136 -0.024544 -0.007670 -0.007670 0.013806 0.013806 -0.018408 0.000000 0.000000 4.492629 -0.752032 0.036791 -0.250247 -0.482603 -2.899585 0.167000 0.000000 2.293731 16.350000 0.083500 -0.500000 0.032533 0.467631 0.000000 0.000000 0.000000 0.020000 0.043000 0.104000 0.000000 0.000000 0.000000 0.000000 0.000000
44.980091 2.000000 0.528720 0.296310 -0.208897 -0.428844 -0.308090 0.012751 0.036923 0.536006 -0.293314 0.218508 -0.419064 0.299330 0.021164 -0.041477 -0.001534 0.029146 -0.029146 0.000000 -0.015340 0.000000 0.006136 0.009204 0.010738 0.003068 0.013806 -0.001534 0.000000 -0.006136 4.487896 -0.740707 0.033566 -0.297938 -0.490147 -2.904118 0.167000 0.000000 2.292317 16.350000 0.083500 -0.500000 0.032533 0.467343 0.000000 0.000000 0.000000 0.020000 0.043000 0.104000 0.000000 0.000000 0.000000 0.000000 0.000000
45.022550 2.000000 0.528720 0.296298 -0.208885 -0.428844 -0.308090 0.012751 0.036923 0.536006 -0.293338 0.218520 -0.419088 0.299318 0.021176 -0.041453 -0.007670 0.000000 0.035282 0.000000 -0.006136 0.006136 0.006136 0.001534 -0.013806 0.003068 -0.001534 -0.010738 0.000000 0.012272 4.529559 -0.689422 0.057224 -0.287307 -0.511324 -2.867644 0.167000 0.000000 2.309556 16.350000 0.083500 -0.500000 0.032533 0.470858 0.000000 0.000000 0.000000 0.020000 0.043000 0.104000 0.000000 0.000000 0.000000 0.000000 0.000000
45.067665 2.000000 0.528720 0.296322 -0.208897 -0.428844 -0.308102 0.012751 0.036911 0.535994 -0.293314 0.218520 -0.419076 0.299318 0.021164 -0.041453 0.003068 -0.006136 -0.001534 0.000000 -0.009204 0.012272 0.000000 0.009204 -0.003068 0.000000 0.009204 -0.003068 -0.006136 0.018408 4.489416 -0.754583 0.042584 -0.311235 -0.508733 -2.884979 0.169000 0.000000 2.295644 16.350000 0.084500 -0.500000 0.032531 0.468021 0.000000 0.000000 0.000000 0.020000 0.044000 0.105000 0.000000 0.000000 0.000000 0.000000 0.000000
45.104448 2.000000 0.528720 0.296310 -0.208885 -0.428844 -0.308102 0.012739 0.036911 0.535994 -0.293338 0.218520 -0.419088 0.299318 0.021164 -0.041465 -0.023010 -0.009204 0.015340 0.001534 -0.009204 0.000000 0.000000 -0.001534 -0.004602 0.000000 0.006136 0.001534 0.000000 0.000000 4.597416 -0.733475 0.021211 -0.274695 -0.493847 -2.887951 0.169000 0.000000 2.344865 16.350000 0.084500 -0.500000 0.032531 0.478056 0.000000 0.000000 0.000000 0.020000 0.044000 0.105000 0.000000 0.000000 0.000000 0.000000 0.000000
45.138143 2.000000 0.528732 0.296334 -0.208885 -0.428844 -0.308114 0.012751 0.036911 0.535994 -0.293314 0.218532 -0.419076 0.299318 0.021164 -0.041453 -0.016874 -0.007670 0.003068 -0.004602 -0.004602 0.000000 0.000000 0.006136 -0.001534 0.009204 0.001534 -0.003068 -0.012272 0.012272 4.565106 -0.747676 0.032322 -0.302949 -0.479106 -2.876383 0.168000 0.000000 2.330265 16.350000 0.084000 -0.500000 0.032532 0.475079 0.000000 0.000000 0.000000 0.020000 0.043000 0.105000 0.000000 0.000000 0.000000 0.000000 0.000000
45.180648 2.000000 0.528732 0.296322 -0.208873 -0.428820 -0.308090 0.012751 0.036923 0.535994 -0.293314 0.218532 -0.419076 0.299318 0.021164 -0.041465 -0.006136 0.000000 0.001534 0.003068 0.003068 0.000000 0.006136 0.019942 0.000000 -0.010738 -0.009204 0.012272 0.000000 0.000000 4.555231 -0.727035 -0.026624 -0.360873 -0.488663 -2.820377 0.168000 0.000000 2.326356 16.350000 0.084000 -0.500000 0.032532 0.474283 0.000000 0.000000 0.000000 0.020000 0.043000 0.105000 0.000000 0.000000 0.000000 0.000000 0.000000
45.225868 2.000000 0.528732 0.296334 -0.208897 -0.428844 -0.308090 0.012739 0.036911 0.535994 -0.293302 0.218580 -0.419088 0.299318 0.021152 -0.041465 0.001534 0.000000 -0.010738 -0.001534 -0.004602 -0.006136 -0.006136 0.018408 0.006136 0.000000 -0.019942 -0.003068 0.000000 0.000000 4.451254 -0.742754 0.012515 -0.379284 -0.464108 -2.765788 0.168000 0.000000 2.276214 16.350000 0.084000 -0.500000 0.032532 0.464060 0.000000 0.000000 0.000000 0.020000 0.043000 0.105000 0.000000 0.000000 0.000000 0.000000 0.000000
45.272762 2.000000 0.528732 0.296334 -0.208885 -0.428820 -0.308090 0.012739 0.036923 0.536006 -0.293314 0.218604 -0.419076 0.299330 0.021164 -0.041465 -0.007670 -0.013806 -0.010738 0.000000 -0.009204 0.000000 0.012272 0.018408 -0.003068 0.013806 -0.009204 0.016874 -0.006136 -0.006136 4.503855 -0.777342 0.013339 -0.403748 -0.442246 -2.743437 0.170000 0.000000 2.304754 16.350000 0.085000 -0.500000 0.032530 0.469879 0.000000 0.000000 0.000000 0.021000 0.043000 0.106000 0.000000 0.000000 0.000000 0.000000 0.000000
45.312469 2.000000 0.528732 0.296334 -0.208897 -0.428820 -0.308090 0.012751 0.036911 0.535994 -0.293314 0.218592 -0.419088 0.299330 0.021176 -0.041453 -0.001534 0.004602 -0.001534 0.003068 0.009204 -0.006136 0.000000 0.010738 0.000000 0.000000 -0.001534 0.007670 0.006136 0.006136 4.423866 -0.734682 0.038596 -0.364526 -0.470105 -2.780430 0.170000 0.000000 2.261870 16.350000 0.085000 -0.500000 0.032530 0.461136 0.000000 0.000000 0.000000 0.021000 0.043000 0.106000 0.000000 0.000000 0.000000 0.000000 0.000000
45.347005 2.000000 0.528720 0.296298 -0.208897 -0.428820 -0.308078 0.012751 0.036911 0.535971 -0.293302 0.218604 -0.419088 0.299330 0.021176 -0.041465 0.001534 0.001534 0.000000 -0.003068 0.013806 0.012272 -0.012272 -0.004602 -0.006136 -0.012272 0.009204 0.003068 0.000000 0.000000 4.378542 -0.738660 0.047651 -0.313641 -0.500594 -2.801647 0.171000 0.000000 2.239766 16.350000 0.085500 -0.500000 0.032529 0.456629 0.000000 0.000000 0.000000 0.021000 0.044000 0.106000 0.000000 0.000000 0.000000 0.000000 0.000000
45.395643 2.000000 0.528720 0.296322 -0.208897 -0.428820 -0.308078 0.012751 0.036923 0.535994 -0.293302 0.218616 -0.419100 0.299318 0.021176 -0.041477 0.009204 0.000000 0.006136 -0.001534 0.006136 0.000000 0.006136 0.004602 0.007670 -0.004602 -0.009204 -0.009204 0.006136 -0.012272 4.315789 -0.717717 0.070632 -0.319511 -0.455398 -2.820650 0.171000 0.000000 2.205143 16.350000 0.085500 -0.500000 0.032529 0.449571 0.000000 0.000000 0.000000 0.021000 0.044000 0.106000 0.000000 0.000000 0.000000 0.000000 0.000000
45.459607 2.000000 0.528732 0.296334 -0.208885 -0.428808 -0.308078 0.012763 0.036923 0.535994 -0.293302 0.218616 -0.419064 0.299318 0.021188 -0.041465 0.000000 -0.007670 -0.003068 -0.004602 0.003068 0.000000 0.000000 0.012272 -0.013806 0.006136 0.012272 -0.012272 0.018408 0.006136 4.401079 -0.752177 0.079667 -0.348831 -0.482002 -2.885398 0.171000 0.000000 2.252181 16.350000 0.085500 -0.500000 0.032529 0.459160 0.000000 0.000000 0.000000 0.021000 0.044000 0.106000 0.000000 0.000000 0.000000 0.000000 0.000000
45.536729 2.000000 0.528720 0.296346 -0.208873 -0.428808 -0.308078 0.012763 0.036911 0.536006 -0.293314 0.218616 -0.419064 0.299306 0.021164 -0.041465 -0.010738 0.003068 -0.004602 0.000000 -0.003068 0.000000 -0.006136 0.013806 0.000000 0.006136 -0.009204 -0.013806 -0.006136 0.006136 4.535307 -0.733942 -0.032242 -0.393579 -0.462738 -2.738658 0.170000 0.000000 2.317149 16.350000 0.085000 -0.500000 0.032530 0.472405 0.000000 0.000000 0.000000 0.021000 0.044000 0.105000 0.000000 0.000000 0.000000 0.000000 0.000000
45.572897 2.000000 0.528732 0.296346 -0.208885 -0.428748 -0.308078 0.012799 0.036911 0.535994 -0.293314 0.218616 -0.419088 0.299330 0.021176 -0.041453 -0.012272 0.004602 0.003068 -0.003068 -0.003068 0.006136 -0.006136 -0.007670 0.006136 0.007670 -0.007670 0.000000 0.000000 0.012272 4.538144 -0.727612 -0.012836 -0.314278 -0.436094 -2.769458 0.170000 0.000000 2.313716 16.350000 0.085000 -0.500000 0.032530 0.471706 0.000000 0.000000 0.000000 0.021000 0.044000 0.105000 0.000000 0.000000 0.000000 0.000000 0.000000
45.613076 2.000000 0.528732 0.296346 -0.208897 -0.428748 -0.308055 0.012823 0.036923 0.536006 -0.293314 0.218616 -0.419064 0.299318 0.021164 -0.041477 0.012272 -0.010738 -0.007670 -0.007670 0.000000 0.000000 0.006136 -0.003068 0.001534 0.007670 0.001534 0.004602 -0.006136 -0.006136 4.474353 -0.751848 -0.007244 -0.318402 -0.443429 -2.812874 0.170000 0.000000 2.284902 16.350000 0.085000 -0.500000 0.032530 0.465831 0.000000 0.000000 0.000000 0.021000 0.044000 0.105000 0.000000 0.000000 0.000000 0.000000 0.000000
45.642920 2.000000 0.528708 0.296358 -0.208861 -0.428652 -0.308055 0.012859 0.036923 0.536006 -0.293314 0.218616 -0.419088 0.299330 0.021164 -0.041453 -0.004602 -0.015340 0.019942 0.000000 0.000000 0.000000 0.000000 0.009204 0.010738 -0.004602 -0.006136 -0.003068 -0.006136 0.018408 4.555384 -0.722086 -0.031622 -0.336647 -0.439655 -2.820049 0.170000 0.000000 2.322690 16.350000 0.085000 -0.500000 0.032530 0.473535 0.000000 0.000000 0.000000 0.021000 0.045000 0.104000 0.000000 0.000000 0.000000 0.000000 0.000000
45.687833 2.000000 0.528732 0.296358 -0.208885 -0.428652 -0.308055 0.012859 0.036887 0.535994 -0.293302 0.218616 -0.419076 0.299330 0.021164 -0.041477 0.003068 -0.007670 0.012272 0.000000 0.000000 -0.018408 -0.018408 0.006136 0.012272 0.003068 0.000000 0.006136 -0.006136 -0.012272 4.489248 -0.719379 -0.049536 -0.317379 -0.429604 -2.850063 0.170000 0.000000 2.288894 16.350000 0.085000 -0.500000 0.032530 0.466645 0.000000 0.000000 0.000000 0.021000 0.045000 0.104000 0.000000 0.000000 0.000000 0.000000 0.000000
45.733676 2.000000 0.528720 0.296370 -0.208873 -0.428616 -0.308055 0.012967 0.036899 0.536006 -0.293314 0.218616 -0.419064 0.299354 0.021176 -0.041477 0.001534 -0.004602 0.007670 0.000000 0.004602 0.000000 -0.018408 0.001534 -0.007670 -0.001534 0.006136 0.010738 0.000000 -0.006136 4.465209 -0.719025 -0.089176 -0.273422 -0.479341 -2.926391 0.170000 0.000000 2.278136 16.350000 0.085000 -0.500000 0.032530 0.464452 0.000000 0.000000 0.000000 0.021000 0.045000 0.104000 0.000000 0.000000 0.000000 0.000000 0.000000
45.775468 2.000000 0.528732 0.296346 -0.208885 -0.428592 -0.308078 0.013003 0.036911 0.536006 -0.293302 0.218604 -0.419076 0.299342 0.021176 -0.041465 -0.001534 -0.007670 -0.015340 0.001534 -0.007670 0.018408 0.000000 0.000000 0.001534 -0.013806 0.010738 0.003068 0.000000 0.000000 4.516214 -0.750340 -0.138608 -0.274608 -0.490988 -2.919397 0.170000 0.000000 2.306278 16.350000 0.085000 -0.500000 0.032530 0.470189 0.000000 0.000000 0.000000 0.021000 0.045000 0.104000 0.000000 0.000000 0.000000 0.000000 0.000000
45.823811 2.000000 0.528744 0.296358 -0.208873 -0.428328 -0.308078 0.013147 0.036911 0.536006 -0.293314 0.218628 -0.419064 0.299330 0.021188 -0.041465 -0.004602 0.019942 0.004602 -0.004602 -0.016874 0.000000 -0.006136 0.012272 0.003068 0.000000 0.003068 0.004602 0.000000 0.000000 4.569931 -0.698168 -0.134739 -0.317169 -0.478651 -2.910218 0.170000 0.000000 2.329239 16.350000 0.085000 -0.500000 0.032530 0.474870 0.000000 0.000000 0.000000 0.021000 0.045000 0.104000 0.000000 0.000000 0.000000 0.000000 0.000000
45.870524 2.000000 0.528732 0.296358 -0.208897 -0.428268 -0.308078 0.013159 0.036923 0.536006 -0.293338 0.218628 -0.419064 0.299306 0.021188 -0.041477 -0.006136 -0.010738 0.006136 0.000000 -0.001534 0.000000 0.000000 0.019942 -0.001534 -0.006136 0.000000 -0.010738 0.006136 -0.012272 4.614068 -0.735041 -0.171527 -0.332893 -0.505244 -2.909833 0.169000 0.000000 2.355632 16.350000 0.084500 -0.500000 0.032531 0.480251 0.000000 0.000000 0.000000 0.021000 0.045000 0.103000 0.000000 0.000000 0.000000 0.000000 0.000000
45.914591 2.000000 0.528744 0.296346 -0.208873 -0.428220 -0.308055 0.013195 0.036923 0.536018 -0.293314 0.218628 -0.419064 0.299318 0.021188 -0.041465 0.001534 -0.009204 -0.010738 0.001534 0.009204 0.006136 0.012272 0.015340 0.013806 0.010738 0.015340 -0.013806 -0.006136 0.000000 4.608261 -0.749517 -0.200201 -0.330981 -0.421532 -2.922156 0.169000 0.000000 2.349738 16.350000 0.084500 -0.500000 0.032531 0.479050 0.000000 0.000000 0.000000 0.021000 0.045000 0.103000 0.000000 0.000000 0.000000 0.000000 0.000000
45.949286 2.000000 0.528732 0.296370 -0.208921 -0.428184 -0.308090 0.013195 0.036911 0.536030 -0.293338 0.218652 -0.419076 0.299330 0.021200 -0.041465 -0.026078 0.004602 -0.009204 0.001534 -0.006136 0.006136 -0.006136 -0.006136 0.001534 0.007670 -0.012272 -0.006136 0.006136 0.000000 4.694710 -0.745795 -0.193882 -0.236932 -0.412619 -2.842386 0.168000 0.000000 2.388666 16.350000 0.084000 -0.500000 0.032532 0.486986 0.000000 0.000000 0.000000 0.021000 0.046000 0.101000 0.000000 0.000000 0.000000 0.000000 0.000000
46.010685 2.000000 0.528780 0.296370 -0.208897 -0.427861 -0.308078 0.013350 0.036923 0.536138 -0.293338 0.218664 -0.419052 0.299330 0.021260 -0.041465 0.004602 -0.007670 0.009204 0.015340 -0.003068 0.012272 0.012272 -0.004602 0.003068 0.004602 0.004602 0.003068 0.006136 0.006136 4.530369 -0.710518 -0.237207 -0.266919 -0.445871 -2.882531 0.168000 0.000000 2.307549 16.350000 0.084000 -0.500000 0.032532 0.470448 0.000000 0.000000 0.000000 0.021000 0.046000 0.101000 0.000000 0.000000 0.000000 0.000000 0.000000
46.049649 2.000000 0.528792 0.296382 -0.208885 -0.427813 -0.308055 0.013422 0.036923 0.536198 -0.293338 0.218652 -0.419052 0.299318 0.021272 -0.041465 -0.006136 0.013806 0.000000 0.012272 0.000000 0.012272 0.006136 0.007670 0.012272 -0.007670 -0.013806 0.010738 0.000000 0.006136 4.619204 -0.707631 -0.284778 -0.321555 -0.438568 -2.814908 0.168000 0.000000 2.352314 16.350000 0.084000 -0.500000 0.032532 0.479575 0.000000 0.000000 0.000000 0.021000 0.046000 0.101000 0.000000 0.000000 0.000000 0.000000 0.000000
46.098149 2.000000 0.528852 0.296394 -0.208897 -0.427286 -0.308102 0.013962 0.036911 0.536246 -0.293350 0.218724 -0.418957 0.299318 0.021404 -0.041477 -0.006136 0.001534 -0.003068 0.000000 0.001534 0.000000 0.000000 0.003068 0.001534 -0.016874 0.001534 0.003068 0.006136 -0.006136 4.623797 -0.736126 -0.334178 -0.308878 -0.481103 -2.859937 0.168000 0.000000 2.358402 16.350000 0.084000 -0.500000 0.032532 0.480816 0.000000 0.000000 0.000000 0.021000 0.046000 0.101000 0.000000 0.000000 0.000000 0.000000 0.000000
46.144447 2.000000 0.528864 0.296394 -0.208897 -0.427202 -0.308090 0.014105 0.036923 0.536246 -0.293350 0.218748 -0.418921 0.299294 0.021404 -0.041477 -0.003068 0.001534 0.000000 0.006136 0.004602 0.006136 0.006136 -0.010738 0.004602 0.001534 0.009204 0.009204 0.000000 -0.006136 4.609622 -0.723034 -0.396606 -0.193624 -0.423750 -2.901121 0.169000 0.000000 2.344592 16.350000 0.084500 -0.500000 0.032531 0.478000 0.000000 0.000000 0.000000 0.021000 0.047000 0.101000 0.000000 0.000000 0.000000 0.000000 0.000000
46.189840 2.000000 0.528888 0.296418 -0.208873 -0.427106 -0.308102 0.014165 0.036923 0.536222 -0.293350 0.218808 -0.418909 0.299306 0.021416 -0.041453 0.012272 0.009204 0.009204 0.004602 -0.001534 0.018408 0.006136 0.003068 0.000000 0.019942 0.003068 0.016874 0.006136 0.018408 4.570044 -0.697679 -0.445683 -0.257892 -0.415191 -2.912656 0.169000 0.000000 2.324379 16.350000 0.084500 -0.500000 0.032531 0.473879 0.000000 0.000000 0.000000 0.021000 0.047000 0.101000 0.000000 0.000000 0.000000 0.000000 0.000000
46.250544 2.000000 0.529535 0.296430 -0.208909 -0.426710 -0.308114 0.014477 0.036923 0.536246 -0.293374 0.219060 -0.417782 0.299330 0.021440 -0.041453 0.023010 0.000000 0.006136 0.003068 0.000000 0.000000 0.006136 0.003068 -0.001534 0.027612 0.021476 0.012272 -0.012272 0.006136 4.555058 -0.722299 -0.491786 -0.178032 -0.441638 -3.097686 0.169000 0.000000 2.318243 16.350000 0.084500 -0.500000 0.032531 0.472629 0.000000 0.000000 0.000000 0.021000 0.047000 0.101000 0.000000 0.000000 0.000000 0.000000 0.000000
46.294090 2.000000 0.529571 0.296430 -0.208897 -0.426686 -0.308114 0.014525 0.036911 0.536246 -0.293374 0.219084 -0.417650 0.299330 0.021440 -0.041465 0.006136 -0.001534 -0.018408 0.009204 -0.004602 0.024544 -0.006136 0.003068 -0.006136 0.012272 0.019942 0.006136 -0.006136 0.012272 4.565818 -0.752621 -0.578927 -0.133923 -0.480997 -3.173896 0.169000 0.000000 2.327146 16.350000 0.084500 -0.500000 0.032531 0.474444 0.000000 0.000000 0.000000 0.021000 0.047000 0.101000 0.000000 0.000000 0.000000 0.000000 0.000000
46.353134 2.000000 0.530194 0.296669 -0.208897 -0.426351 -0.308102 0.015040 0.036923 0.536246 -0.293350 0.219503 -0.416596 0.299306 0.021464 -0.041465 0.009204 -0.001534 -0.004602 0.013806 -0.007670 0.024544 0.012272 0.015340 -0.007670 0.013806 0.010738 -0.015340 0.012272 0.000000 4.429936 -0.701247 -0.646766 -0.127418 -0.414261 -3.285557 0.169000 0.000000 2.252994 16.350000 0.084500 -0.500000 0.032531 0.459326 0.000000 0.000000 0.000000 0.021000 0.047000 0.101000 0.000000 0.000000 0.000000 0.000000 0.000000
46.426034 2.000000 0.530218 0.296693 -0.208873 -0.426291 -0.308114 0.015064 0.036923 0.536270 -0.293350 0.219539 -0.416536 0.299318 0.021440 -0.041453 0.010738 -0.006136 -0.009204 0.000000 -0.006136 0.000000 0.006136 0.006136 0.000000 0.010738 -0.001534 0.012272 -0.006136 -0.006136 4.326722 -0.697805 -0.674681 -0.049984 -0.368871 -3.345218 0.168000 0.000000 2.199205 16.350000 0.084000 -0.500000 0.032532 0.448360 0.000000 0.000000 0.000000 0.021000 0.047000 0.100000 0.000000 0.000000 0.000000 0.000000 0.000000
46.499845 2.000000 0.530230 0.296717 -0.208885 -0.426135 -0.308090 0.015196 0.036911 0.536258 -0.293374 0.219695 -0.416392 0.299306 0.021452 -0.041453 0.001534 -0.009204 0.004602 0.000000 -0.006136 0.006136 -0.006136 0.000000 -0.007670 0.007670 0.006136 -0.001534 -0.024544 -0.006136 4.410415 -0.686871 -0.750918 -0.017090 -0.353719 -3.408682 0.168000 0.000000 2.238803 16.350000 0.084000 -0.500000 0.032532 0.456433 0.000000 0.000000 0.000000 0.021000 0.047000 0.100000 0.000000 0.000000 0.000000 0.000000 0.000000
46.563426 2.000000 0.530242 0.296717 -0.208897 -0.426099 -0.308090 0.015208 0.036923 0.536246 -0.293350 0.219719 -0.416368 0.299306 0.021452 -0.041453 -0.016874 -0.010738 -0.024544 -0.010738 0.000000 -0.006136 0.000000 0.000000 0.000000 0.016874 -0.006136 -0.006136 0.000000 0.000000 4.477844 -0.733268 -0.776679 -0.013446 -0.305316 -3.448880 0.165000 0.000000 2.273883 16.350000 0.082500 -0.500000 0.032535 0.463585 0.000000 0.000000 0.000000 0.021000 0.047000 0.097000 0.000000 0.000000 0.000000 0.000000 0.000000
46.613705 2.000000 0.530302 0.296717 -0.208897 -0.426039 -0.308114 0.015256 0.036923 0.536270 -0.293374 0.219779 -0.416320 0.299318 0.021488 -0.041465 -0.001534 -0.010738 0.003068 -0.003068 0.001534 0.000000 0.000000 -0.004602 0.004602 -0.012272 0.012272 -0.004602 0.000000 -0.006136 4.442961 -0.677809 -0.824352 0.104762 -0.300888 -3.512176 0.165000 0.000000 2.252823 16.350000 0.082500 -0.500000 0.032535 0.459291 0.000000 0.000000 0.000000 0.021000 0.047000 0.097000 0.000000 0.000000 0.000000 0.000000 0.000000
46.709137 2.000000 0.530290 0.296693 -0.208897 -0.426003 -0.308090 0.015256 0.036923 0.536246 -0.293350 0.219803 -0.416308 0.299318 0.021488 -0.041429 -0.015340 0.001534 -0.004602 0.001534 -0.001534 0.000000 0.006136 0.009204 -0.001534 0.000000 0.010738 0.010738 0.000000 0.030680 4.489379 -0.680730 -0.856412 -0.000592 -0.180087 -3.539316 0.166000 0.000000 2.272133 16.350000 0.083000 -0.500000 0.032534 0.463228 0.000000 0.000000 0.000000 0.021000 0.047000 0.098000 0.000000 0.000000 0.000000 0.000000 0.000000
46.797334 2.000000 0.530326 0.296705 -0.208885 -0.425764 -0.308114 0.015328 0.036923 0.536282 -0.293374 0.219815 -0.416260 0.299330 0.021500 -0.041465 0.003068 0.010738 0.000000 0.010738 0.000000 -0.012272 0.000000 0.000000 0.004602 -0.004602 -0.009204 -0.003068 0.000000 -0.024544 4.276462 -0.642466 -0.827963 0.120822 -0.203458 -3.641258 0.166000 0.000000 2.165461 16.350000 0.083000 -0.500000 0.032534 0.441480 0.000000 0.000000 0.000000 0.021000 0.047000 0.098000 0.000000 0.000000 0.000000 0.000000 0.000000
46.859859 2.000000 0.530338 0.296693 -0.208921 -0.424637 -0.308114 0.015352 0.036911 0.536282 -0.293350 0.219839 -0.416164 0.299306 0.021596 -0.041441 -0.001534 0.007670 0.000000 0.004602 -0.007670 0.012272 -0.006136 -0.009204 -0.001534 0.004602 -0.010738 0.015340 0.024544 0.000000 4.453803 -0.665976 -1.025156 0.139126 -0.153934 -3.711953 0.166000 0.000000 2.254048 16.350000 0.083000 -0.500000 0.032534 0.459541 0.000000 0.000000 0.000000 0.021000 0.047000 0.098000 0.000000 0.000000 0.000000 0.000000 0.000000
46.937386 2.000000 0.530338 0.296693 -0.208897 -0.424589 -0.308114 0.015340 0.036923 0.536282 -0.293374 0.219851 -0.416152 0.299294 0.021560 -0.041441 0.003068 0.018408 -0.009204 0.015340 -0.004602 0.000000 0.006136 0.001534 0.007670 0.006136 0.001534 0.000000 -0.012272 0.000000 4.579279 -0.651054 -1.204603 0.125151 -0.088150 -3.775733 0.166000 0.000000 2.313931 16.350000 0.083000 -0.500000 0.032534 0.471749 0.000000 0.000000 0.000000 0.021000 0.046000 0.099000 0.000000 0.000000 0.000000 0.000000 0.000000
47.005198 2.000000 0.530338 0.296705 -0.208873 -0.424469 -0.308114 0.015340 0.036923 0.536282 -0.293374 0.219911 -0.416104 0.299282 0.021632 -0.041429 0.007670 -0.004602 0.010738 0.001534 0.003068 -0.006136 0.006136 -0.001534 -0.003068 0.015340 0.006136 -0.015340 0.006136 0.018408 4.486391 -0.649630 -1.134554 0.128106 -0.082222 -3.818644 0.166000 0.000000 2.267868 16.350000 0.083000 -0.500000 0.032534 0.462358 0.000000 0.000000 0.000000 0.021000 0.046000 0.099000 0.000000 0.000000 0.000000 0.000000 0.000000
47.083740 2.000000 0.530314 0.296669 -0.208921 -0.424469 -0.308090 0.015328 0.036923 0.536270 -0.293374 0.219946 -0.416092 0.299294 0.021620 -0.041429 -0.006136 -0.012272 -0.003068 -0.006136 0.000000 -0.012272 0.012272 0.001534 0.003068 0.003068 0.000000 -0.006136 0.000000 0.000000 4.651158 -0.680619 -1.242315 0.130464 -0.100274 -3.824588 0.167000 0.000000 2.351786 16.350000 0.083500 -0.500000 0.032533 0.479467 0.000000 0.000000 0.000000 0.021000 0.047000 0.099000 0.000000 0.000000 0.000000 0.000000 0.000000
47.182896 2.000000 0.530338 0.296693 -0.208873 -0.424445 -0.308114 0.015328 0.036911 0.536282 -0.293374 0.219911 -0.416092 0.299318 0.021620 -0.041429 -0.012272 0.000000 0.015340 0.000000 -0.010738 -0.012272 0.000000 0.013806 0.001534 0.000000 0.001534 0.000000 0.000000 0.006136 4.662094 -0.646705 -1.205111 0.100756 -0.104000 -3.850195 0.167000 0.000000 2.354481 16.350000 0.083500 -0.500000 0.032533 0.480016 0.000000 0.000000 0.000000 0.021000 0.047000 0.099000 0.000000 0.000000 0.000000 0.000000 0.000000
47.258186 2.000000 0.530314 0.296705 -0.208897 -0.424445 -0.308102 0.015340 0.036911 0.536258 -0.293374 0.219935 -0.416116 0.299318 0.021620 -0.041429 -0.027612 -0.003068 -0.003068 -0.006136 0.000000 0.018408 -0.006136 0.015340 0.003068 0.006136 0.007670 0.007670 0.000000 0.000000 4.695340 -0.692868 -1.208037 0.169927 -0.103781 -3.969347 0.166000 0.000000 2.375181 16.350000 0.083000 -0.500000 0.032534 0.484237 0.000000 0.000000 0.000000 0.021000 0.046000 0.099000 0.000000 0.000000 0.000000 0.000000 0.000000
47.304386 2.000000 0.530350 0.296693 -0.208897 -0.424469 -0.308090 0.015340 0.036911 0.536258 -0.293350 0.219958 -0.416080 0.299318 0.021620 -0.041429 0.013806 -0.001534 0.000000 -0.001534 0.000000 0.006136 -0.006136 -0.001534 -0.001534 0.003068 0.000000 -0.013806 0.000000 0.000000 4.572646 -0.667988 -1.212026 0.207378 -0.102164 -3.925281 0.166000 0.000000 2.313479 16.350000 0.083000 -0.500000 0.032534 0.471657 0.000000 0.000000 0.000000 0.021000 0.046000 0.099000 0.000000 0.000000 0.000000 0.000000 0.000000
47.370671 2.000000 0.530326 0.296681 -0.208897 -0.424421 -0.308090 0.015340 0.036911 0.536258 -0.293350 0.219958 -0.416092 0.299306 0.021620 -0.041394 -0.006136 -0.027612 0.006136 0.000000 -0.006136 0.000000 -0.006136 0.010738 -0.006136 0.000000 0.015340 0.000000 0.000000 0.006136 4.653811 -0.697465 -1.189122 0.149146 -0.113514 -3.929757 0.166000 0.000000 2.354758 16.350000 0.083000 -0.500000 0.032534 0.480073 0.000000 0.000000 0.000000 0.021000 0.046000 0.099000 0.000000 0.000000 0.000000 0.000000 0.000000
47.408186 2.000000 0.530326 0.296693 -0.208909 -0.424385 -0.308078 0.015340 0.036911 0.536258 -0.293350 0.219958 -0.416092 0.299318 0.021620 -0.041417 0.001534 -0.006136 0.004602 0.004602 0.006136 -0.006136 -0.006136 0.019942 -0.007670 0.007670 0.006136 -0.007670 0.006136 0.006136 4.622951 -0.669354 -1.184536 0.121648 -0.099290 -3.914400 0.166000 0.000000 2.336898 16.350000 0.083000 -0.500000 0.032534 0.476432 0.000000 0.000000 0.000000 0.021000 0.046000 0.099000 0.000000 0.000000 0.000000 0.000000 0.000000
47.439225 2.000000 0.530350 0.296693 -0.208897 -0.424385 -0.308090 0.015340 0.036911 0.536270 -0.293350 0.219958 -0.416104 0.299318 0.021620 -0.041429 -0.012272 -0.001534 -0.024544 0.001534 -0.001534 0.006136 -0.006136 0.010738 0.000000 0.004602 -0.006136 -0.001534 0.006136 0.000000 4.682606 -0.704836 -1.234650 0.152511 -0.088414 -3.886294 0.166000 0.000000 2.369318 16.350000 0.083000 -0.500000 0.032534 0.483041 0.000000 0.000000 0.000000 0.021000 0.046000 0.099000 0.000000 0.000000 0.000000 0.000000 0.000000
47.484355 2.000000 0.530326 0.296681 -0.208897 -0.424361 -0.308078 0.015340 0.036911 0.536246 -0.293350 0.219970 -0.416104 0.299306 0.021608 -0.041405 -0.004602 -0.021476 0.001534 -0.003068 -0.007670 0.000000 -0.006136 0.010738 0.000000 0.024544 -0.001534 -0.009204 -0.006136 0.012272 4.662044 -0.684004 -1.203434 0.144312 -0.060291 -3.884442 0.166000 0.000000 2.357275 16.350000 0.083000 -0.500000 0.032534 0.480586 0.000000 0.000000 0.000000 0.021000 0.046000 0.099000 0.000000 0.000000 0.000000 0.000000 0.000000
47.517662 2.000000 0.530314 0.296693 -0.208897 -0.424337 -0.308090 0.015352 0.036911 0.536258 -0.293350 0.219970 -0.416092 0.299330 0.021620 -0.041417 -0.007670 0.003068 0.010738 0.004602 -0.010738 0.012272 0.000000 0.003068 -0.001534 0.009204 0.019942 -0.004602 0.006136 0.006136 4.660909 -0.643274 -1.209056 0.159299 -0.090903 -3.907421 0.166000 0.000000 2.354332 16.350000 0.083000 -0.500000 0.032534 0.479986 0.000000 0.000000 0.000000 0.021000 0.046000 0.099000 0.000000 0.000000 0.000000 0.000000 0.000000
47.564600 2.000000 0.530338 0.296693 -0.208897 -0.424302 -0.308090 0.015352 0.036911 0.536246 -0.293350 0.219982 -0.416104 0.299330 0.021620 -0.041405 -0.012272 -0.019942 0.000000 -0.001534 0.003068 0.012272 -0.006136 0.004602 -0.010738 0.012272 0.009204 -0.016874 0.000000 0.006136 4.671544 -0.696434 -1.194675 0.150482 -0.094897 -3.879821 0.166000 0.000000 2.363260 16.350000 0.083000 -0.500000 0.032534 0.481806 0.000000 0.000000 0.000000 0.021000 0.046000 0.099000 0.000000 0.000000 0.000000 0.000000 0.000000
47.608091 2.000000 0.530350 0.296705 -0.208897 -0.424278 -0.308102 0.015340 0.036911 0.536258 -0.293350 0.219970 -0.416104 0.299318 0.021620 -0.041429 0.006136 0.004602 -0.006136 0.004602 -0.007670 -0.006136 -0.006136 0.000000 -0.004602 0.012272 -0.010738 -0.010738 0.000000 -0.012272 4.647830 -0.660942 -1.256028 0.162123 -0.085145 -3.844496 0.166000 0.000000 2.349080 16.350000 0.083000 -0.500000 0.032534 0.478915 0.000000 0.000000 0.000000 0.021000 0.046000 0.099000 0.000000 0.000000 0.000000 0.000000 0.000000
47.653275 2.000000 0.530326 0.296705 -0.208873 -0.424278 -0.308090 0.015352 0.036911 0.536258 -0.293350 0.219970 -0.416104 0.299354 0.021620 -0.041429 0.000000 -0.009204 0.004602 -0.003068 -0.003068 0.000000 -0.012272 0.009204 -0.006136 0.004602 0.010738 0.000000 0.000000 -0.006136 4.663909 -0.672736 -1.218515 0.126470 -0.105444 -3.873703 0.167000 0.000000 2.357527 16.350000 0.083500 -0.500000 0.032533 0.480637 0.000000 0.000000 0.000000 0.022000 0.046000 0.099000 0.000000 0.000000 0.000000 0.000000 0.000000
47.704147 2.000000 0.530326 0.296693 -0.208897 -0.424278 -0.308078 0.015352 0.036923 0.536270 -0.293350 0.219970 -0.416104 0.299318 0.021620 -0.041405 0.000000 -0.039884 0.004602 0.000000 -0.001534 0.000000 0.006136 0.012272 0.001534 0.013806 0.000000 -0.019942 0.006136 0.000000 4.707856 -0.693388 -1.284407 0.118873 -0.078436 -3.858281 0.167000 0.000000 2.380387 16.350000 0.083500 -0.500000 0.032533 0.485298 0.000000 0.000000 0.000000 0.022000 0.046000 0.099000 0.000000 0.000000 0.000000 0.000000 0.000000
47.753007 2.000000 0.530326 0.296705 -0.208897 -0.424278 -0.308078 0.015340 0.036923 0.536258 -0.293350 0.219982 -0.416104 0.299330 0.021632 -0.041405 -0.003068 -0.001534 -0.013806 0.006136 -0.001534 0.000000 0.000000 0.000000 -0.009204 0.019942 0.001534 -0.009204 0.018408 0.000000 4.684663 -0.677436 -1.263994 0.149179 -0.080596 -3.863274 0.169000 0.000000 2.368213 16.350000 0.084500 -0.500000 0.032531 0.482816 0.000000 0.000000 0.000000 0.022000 0.047000 0.100000 0.000000 0.000000 0.000000 0.000000 0.000000
47.807215 2.000000 0.530350 0.296693 -0.208897 -0.424278 -0.308078 0.015352 0.036923 0.536246 -0.293362 0.219970 -0.416104 0.299330 0.021608 -0.041405 0.000000 0.015340 -0.006136 -0.004602 0.000000 0.006136 0.006136 0.007670 -0.003068 0.003068 0.004602 -0.010738 -0.006136 0.006136 4.658638 -0.650040 -1.216400 0.132392 -0.100042 -3.851897 0.169000 0.000000 2.353349 16.350000 0.084500 -0.500000 0.032531 0.479786 0.000000 0.000000 0.000000 0.022000 0.047000 0.100000 0.000000 0.000000 0.000000 0.000000 0.000000
47.854971 2.000000 0.530338 0.296705 -0.208897 -0.424278 -0.308078 0.015352 0.036911 0.536258 -0.293350 0.219970 -0.416104 0.299330 0.021620 -0.041405 0.000000 0.010738 0.003068 -0.007670 -0.003068 0.006136 -0.006136 0.003068 0.001534 0.000000 -0.001534 -0.015340 0.000000 0.000000 4.655307 -0.650737 -1.193754 0.147303 -0.093760 -3.847265 0.168000 0.000000 2.351905 16.350000 0.084000 -0.500000 0.032532 0.479491 0.000000 0.000000 0.000000 0.022000 0.047000 0.099000 0.000000 0.000000 0.000000 0.000000 0.000000
47.909990 2.000000 0.530326 0.296717 -0.208897 -0.424254 -0.308078 0.015340 0.036923 0.536258 -0.293350 0.219982 -0.416092 0.299342 0.021608 -0.041405 -0.009204 0.004602 -0.010738 -0.015340 0.000000 -0.006136 0.006136 -0.010738 -0.006136 0.013806 0.010738 -0.007670 -0.012272 0.000000 4.670956 -0.683758 -1.162211 0.218644 -0.089329 -3.933180 0.168000 0.000000 2.363321 16.350000 0.084000 -0.500000 0.032532 0.481819 0.000000 0.000000 0.000000 0.022000 0.047000 0.099000 0.000000 0.000000 0.000000 0.000000 0.000000
47.961911 2.000000 0.530338 0.296693 -0.208897 -0.424254 -0.308078 0.015340 0.036923 0.536258 -0.293374 0.219970 -0.416104 0.299318 0.021608 -0.041405 -0.001534 0.000000 0.000000 0.001534 -0.001534 -0.006136 0.000000 -0.003068 0.004602 -0.003068 -0.006136 0.004602 0.000000 -0.006136 4.682398 -0.659972 -1.250985 0.202398 -0.071018 -3.916552 0.168000 0.000000 2.366771 16.350000 0.084000 -0.500000 0.032532 0.482522 0.000000 0.000000 0.000000 0.022000 0.047000 0.099000 0.000000 0.000000 0.000000 0.000000 0.000000
48.013193 2.000000 0.530326 0.296717 -0.208897 -0.424242 -0.308078 0.015352 0.036935 0.536258 -0.293350 0.219994 -0.416092 0.299342 0.021620 -0.041405 0.000000 -0.015340 -0.001534 -0.023010 -0.001534 0.006136 0.006136 0.029146 -0.001534 0.006136 0.006136 0.003068 0.012272 -0.012272 4.683927 -0.633446 -1.199869 0.095129 -0.084505 -3.943504 0.168000 0.000000 2.364139 16.350000 0.084000 -0.500000 0.032532 0.481986 0.000000 0.000000 0.000000 0.022000 0.047000 0.099000 0.000000 0.000000 0.000000 0.000000 0.000000
48.064407 2.000000 0.530326 0.296717 -0.208897 -0.424242 -0.308078 0.015352 0.036923 0.536246 -0.293350 0.219970 -0.416104 0.299330 0.021608 -0.041382 -0.016874 -0.001534 0.007670 -0.001534 0.007670 0.000000 0.006136 0.019942 0.001534 -0.003068 0.016874 0.000000 -0.006136 0.000000 4.708043 -0.614161 -1.196997 0.050891 -0.099415 -3.902450 0.167000 0.000000 2.374623 16.350000 0.083500 -0.500000 0.032533 0.484123 0.000000 0.000000 0.000000 0.021000 0.047000 0.099000 0.000000 0.000000 0.000000 0.000000 0.000000
48.107780 2.000000 0.530338 0.296705 -0.208909 -0.424242 -0.308055 0.015340 0.036923 0.536258 -0.293350 0.219994 -0.416080 0.299354 0.021620 -0.041394 0.001534 -0.012272 -0.004602 -0.003068 0.000000 0.006136 0.006136 -0.012272 0.000000 0.007670 0.004602 0.026078 0.006136 0.006136 4.645485 -0.651392 -1.207350 0.150671 -0.068327 -3.872535 0.167000 0.000000 2.346924 16.350000 0.083500 -0.500000 0.032533 0.478476 0.000000 0.000000 0.000000 0.021000 0.047000 0.099000 0.000000 0.000000 0.000000 0.000000 0.000000
48.156887 2.000000 0.530338 0.296717 -0.208873 -0.424218 -0.308078 0.015352 0.036923 0.536270 -0.293350 0.220018 -0.416104 0.299342 0.021620 -0.041382 0.006136 0.001534 -0.012272 -0.007670 -0.010738 0.006136 0.006136 0.004602 -0.006136 0.001534 0.015340 -0.006136 0.000000 0.000000 4.546519 -0.643598 -1.173860 0.102505 -0.098778 -3.886593 0.168000 0.000000 2.297026 16.350000 0.084000 -0.500000 0.032532 0.468303 0.000000 0.000000 0.000000 0.022000 0.047000 0.099000 0.000000 0.000000 0.000000 0.000000 0.000000
48.212479 2.000000 0.530338 0.296705 -0.208885 -0.424194 -0.308078 0.015340 0.036911 0.536246 -0.293350 0.219994 -0.416104 0.299318 0.021620 -0.041370 -0.009204 -0.007670 -0.001534 -0.003068 0.000000 -0.012272 -0.006136 -0.001534 0.001534 0.000000 -0.010738 0.000000 -0.012272 0.006136 4.618941 -0.653651 -1.159797 0.137581 -0.079180 -3.837249 0.168000 0.000000 2.333831 16.350000 0.084000 -0.500000 0.032532 0.475807 0.000000 0.000000 0.000000 0.022000 0.047000 0.099000 0.000000 0.000000 0.000000 0.000000 0.000000
48.269314 2.000000 0.530338 0.296729 -0.208885 -0.424050 -0.308055 0.015352 0.036911 0.536258 -0.293350 0.220018 -0.416104 0.299342 0.021620 -0.041370 -0.015340 0.007670 0.007670 -0.010738 0.015340 0.006136 -0.006136 0.000000 0.000000 0.001534 0.001534 -0.010738 -0.006136 0.000000 4.687016 -0.631828 -1.233946 0.137712 -0.057828 -3.866889 0.169000 0.000000 2.365884 16.350000 0.084500 -0.500000 0.032531 0.482341 0.000000 0.000000 0.000000 0.022000 0.047000 0.100000 0.000000 0.000000 0.000000 0.000000 0.000000
48.399527 2.000000 0.530338 0.296717 -0.208909 -0.424050 -0.308078 0.015340 0.036911 0.536270 -0.293350 0.220030 -0.416104 0.299354 0.021620 -0.041370 0.001534 0.000000 -0.016874 0.000000 0.000000 -0.006136 -0.018408 0.016874 0.003068 0.006136 0.000000 -0.004602 0.006136 0.000000 4.510476 -0.663939 -1.356147 0.092226 -0.073117 -3.879274 0.168000 0.000000 2.280299 16.350000 0.084000 -0.500000 0.032532 0.464893 0.000000 0.000000 0.000000 0.022000 0.047000 0.099000 0.000000 0.000000 0.000000 0.000000 0.000000
48.453724 2.000000 0.530350 0.296705 -0.208897 -0.424026 -0.308078 0.015352 0.036923 0.536270 -0.293350 0.220030 -0.416080 0.299354 0.021596 -0.041370 0.000000 -0.018408 0.000000 -0.009204 -0.006136 0.000000 0.006136 0.001534 0.001534 0.000000 0.010738 0.000000 -0.030680 0.000000 4.599795 -0.653528 -1.361292 0.157599 -0.057831 -3.867051 0.168000 0.000000 2.324510 16.350000 0.084000 -0.500000 0.032532 0.473906 0.000000 0.000000 0.000000 0.022000 0.047000 0.099000 0.000000 0.000000 0.000000 0.000000 0.000000
48.528097 2.000000 0.530350 0.296729 -0.208885 -0.424014 -0.308055 0.015340 0.036911 0.536258 -0.293350 0.220054 -0.416104 0.299318 0.021620 -0.041370 -0.007670 0.000000 -0.009204 -0.006136 -0.004602 -0.006136 0.000000 0.000000 -0.013806 0.006136 0.009204 -0.004602 0.012272 -0.012272 4.684894 -0.643812 -1.378342 0.140407 -0.080186 -3.879536 0.168000 0.000000 2.365844 16.350000 0.084000 -0.500000 0.032532 0.482333 0.000000 0.000000 0.000000 0.022000 0.047000 0.099000 0.000000 0.000000 0.000000 0.000000 0.000000
48.592563 2.000000 0.530350 0.296717 -0.208909 -0.424026 -0.308078 0.015352 0.036923 0.536258 -0.293350 0.220054 -0.416104 0.299318 0.021608 -0.041370 -0.013806 0.004602 0.016874 0.006136 -0.004602 0.012272 0.006136 0.013806 0.004602 0.000000 0.015340 0.000000 -0.006136 0.000000 4.799364 -0.595594 -1.508399 0.124661 -0.041682 -3.887989 0.169000 0.000000 2.418983 16.350000 0.084500 -0.500000 0.032531 0.493167 0.000000 0.000000 0.000000 0.022000 0.047000 0.100000 0.000000 0.000000 0.000000 0.000000 0.000000
48.648073 2.000000 0.530350 0.296717 -0.208897 -0.423966 -0.308055 0.015352 0.036911 0.536258 -0.293350 0.220090 -0.416104 0.299318 0.021620 -0.041370 -0.003068 -0.003068 -0.001534 -0.003068 -0.006136 0.000000 -0.006136 0.012272 0.006136 0.009204 -0.004602 -0.019942 0.000000 -0.012272 4.774152 -0.647206 -1.483764 0.134774 -0.037732 -3.861578 0.169000 0.000000 2.409927 16.350000 0.084500 -0.500000 0.032531 0.491320 0.000000 0.000000 0.000000 0.022000 0.047000 0.100000 0.000000 0.000000 0.000000 0.000000 0.000000
48.715860 2.000000 0.530350 0.296717 -0.208897 -0.423942 -0.308055 0.015352 0.036911 0.536258 -0.293350 0.220078 -0.416092 0.299330 0.021608 -0.041334 -0.003068 0.000000 0.001534 0.001534 -0.006136 0.000000 -0.006136 0.003068 0.000000 -0.001534 0.018408 0.004602 -0.018408 0.018408 4.784868 -0.641927 -1.476086 0.152306 -0.071084 -3.865759 0.169000 0.000000 2.415330 16.350000 0.084500 -0.500000 0.032531 0.492422 0.000000 0.000000 0.000000 0.022000 0.047000 0.100000 0.000000 0.000000 0.000000 0.000000 0.000000
48.830677 2.000000 0.530350 0.296705 -0.208909 -0.423942 -0.308043 0.015352 0.036911 0.536270 -0.293350 0.220102 -0.416104 0.299330 0.021620 -0.041370 -0.003068 -0.007670 -0.007670 0.001534 -0.012272 0.000000 0.000000 0.003068 0.000000 0.007670 -0.001534 -0.009204 0.006136 -0.018408 4.787132 -0.666238 -1.444424 0.142656 -0.069189 -3.855699 0.169000 0.000000 2.417935 16.350000 0.084500 -0.500000 0.032531 0.492953 0.000000 0.000000 0.000000 0.022000 0.047000 0.100000 0.000000 0.000000 0.000000 0.000000 0.000000
48.906226 2.000000 0.530350 0.296705 -0.208897 -0.423930 -0.308019 0.015352 0.036911 0.536258 -0.293350 0.220114 -0.416104 0.299330 0.021632 -0.041358 0.001534 -0.004602 0.029146 0.000000 -0.009204 0.000000 0.000000 0.000000 0.000000 0.018408 0.000000 -0.018408 0.006136 0.006136 4.804999 -0.528229 -1.422503 0.145175 -0.054519 -3.860354 0.169000 0.000000 2.418217 16.350000 0.084500 -0.500000 0.032531 0.493011 0.000000 0.000000 0.000000 0.022000 0.047000 0.100000 0.000000 0.000000 0.000000 0.000000 0.000000
48.967522 2.000000 0.530374 0.296693 -0.208897 -0.423930 -0.308019 0.015340 0.036923 0.536258 -0.293350 0.220090 -0.416104 0.299354 0.021608 -0.041358 0.036816 -0.010738 -0.021476 0.001534 0.015340 -0.006136 0.006136 0.013806 0.004602 0.009204 0.004602 0.006136 -0.006136 0.006136 4.607079 -0.618633 -1.442090 0.110794 -0.078194 -3.865698 0.169000 0.000000 2.325203 16.350000 0.084500 -0.500000 0.032531 0.474047 0.000000 0.000000 0.000000 0.022000 0.047000 0.100000 0.000000 0.000000 0.000000 0.000000 0.000000
49.031915 2.000000 0.530326 0.296729 -0.208897 -0.423930 -0.308043 0.015340 0.036923 0.536258 -0.293350 0.220090 -0.416128 0.299342 0.021620 -0.041322 -0.019942 0.000000 0.009204 0.000000 -0.007670 -0.006136 0.006136 0.004602 0.012272 -0.021476 -0.007670 -0.010738 0.000000 0.042951 4.817092 -0.595587 -1.392717 0.174487 -0.129726 -3.830405 0.169000 0.000000 2.429319 16.350000 0.084500 -0.500000 0.032531 0.495274 0.000000 0.000000 0.000000 0.022000 0.047000 0.100000 0.000000 0.000000 0.000000 0.000000 0.000000
49.085364 2.000000 0.530338 0.296729 -0.208873 -0.423930 -0.308043 0.015352 0.036911 0.536258 -0.293350 0.220090 -0.416104 0.299330 0.021620 -0.041310 -0.001534 -0.010738 0.023010 -0.004602 0.001534 0.006136 -0.006136 0.013806 -0.001534 0.003068 -0.006136 -0.006136 0.000000 0.030680 4.768480 -0.600049 -1.405956 0.057281 -0.084925 -3.840996 0.169000 0.000000 2.403589 16.350000 0.084500 -0.500000 0.032531 0.490028 0.000000 0.000000 0.000000 0.022000 0.047000 0.100000 0.000000 0.000000 0.000000 0.000000 0.000000
49.157682 2.000000 0.530338 0.296729 -0.208909 -0.423942 -0.308019 0.015352 0.036923 0.536258 -0.293350 0.220090 -0.416104 0.299354 0.021620 -0.041358 0.001534 -0.021476 0.009204 -0.013806 -0.007670 0.000000 0.006136 0.000000 0.000000 0.000000 -0.010738 -0.007670 0.000000 0.012272 4.655038 -0.635577 -1.378962 0.124484 -0.088609 -3.837063 0.170000 0.000000 2.350355 16.350000 0.085000 -0.500000 0.032530 0.479175 0.000000 0.000000 0.000000 0.022000 0.047000 0.101000 0.000000 0.000000 0.000000 0.000000 0.000000
49.194265 2.000000 0.530350 0.296729 -0.208885 -0.423930 -0.307995 0.015340 0.036923 0.536258 -0.293338 0.220090 -0.416104 0.299354 0.021620 -0.041358 0.004602 0.003068 0.029146 -0.007670 0.000000 -0.006136 0.006136 -0.003068 0.006136 0.003068 -0.015340 0.000000 0.000000 0.018408 4.673620 -0.584103 -1.389414 0.113268 -0.047919 -3.790159 0.170000 0.000000 2.355792 16.350000 0.085000 -0.500000 0.032530 0.480284 0.000000 0.000000 0.000000 0.022000 0.047000 0.101000 0.000000 0.000000 0.000000 0.000000 0.000000
49.254750 2.000000 0.530362 0.296729 -0.208873 -0.423858 -0.307995 0.015352 0.036923 0.536246 -0.293350 0.220114 -0.416104 0.299330 0.021608 -0.041358 0.000000 0.023010 0.016874 0.006136 -0.018408 0.000000 0.000000 -0.013806 -0.004602 0.003068 -0.003068 -0.012272 0.000000 0.000000 4.702640 -0.570274 -1.418427 0.239286 -0.068529 -3.842578 0.170000 0.000000 2.371813 16.350000 0.085000 -0.500000 0.032530 0.483550 0.000000 0.000000 0.000000 0.022000 0.047000 0.101000 0.000000 0.000000 0.000000 0.000000 0.000000
49.302941 2.000000 0.530374 0.296705 -0.208909 -0.423882 -0.307983 0.015364 0.036923 0.536258 -0.293338 0.220114 -0.416104 0.299354 0.021620 -0.041310 0.018408 -0.001534 -0.018408 -0.003068 -0.009204 0.012272 0.006136 0.001534 0.012272 -0.016874 -0.007670 -0.009204 0.000000 0.024544 4.592450 -0.627179 -1.420938 0.193922 -0.128770 -3.837277 0.170000 0.000000 2.320460 16.350000 0.085000 -0.500000 0.032530 0.473081 0.000000 0.000000 0.000000 0.022000 0.047000 0.101000 0.000000 0.000000 0.000000 0.000000 0.000000
49.372140 2.000000 0.530374 0.296717 -0.208897 -0.423858 -0.308007 0.015364 0.036911 0.536270 -0.293362 0.220114 -0.416104 0.299330 0.021608 -0.041358 0.012272 -0.009204 0.027612 0.016874 0.006136 0.006136 -0.006136 0.016874 -0.001534 -0.007670 0.000000 -0.013806 -0.006136 -0.030680 4.691246 -0.584951 -1.436558 0.145756 -0.111740 -3.874648 0.170000 0.000000 2.365570 16.350000 0.085000 -0.500000 0.032530 0.482277 0.000000 0.000000 0.000000 0.022000 0.047000 0.101000 0.000000 0.000000 0.000000 0.000000 0.000000
49.422866 2.000000 0.530338 0.296717 -0.208897 -0.423882 -0.307983 0.015352 0.036923 0.536246 -0.293338 0.220114 -0.416104 0.299342 0.021608 -0.041358 0.006136 0.013806 -0.004602 -0.003068 -0.003068 -0.006136 0.006136 0.004602 0.018408 0.000000 0.000000 -0.006136 0.000000 0.000000 4.634297 -0.589664 -1.380115 0.183731 -0.032841 -3.872981 0.170000 0.000000 2.337694 16.350000 0.085000 -0.500000 0.032530 0.476594 0.000000 0.000000 0.000000 0.022000 0.047000 0.101000 0.000000 0.000000 0.000000 0.000000 0.000000
49.485723 2.000000 0.530350 0.296729 -0.208909 -0.423858 -0.307983 0.015364 0.036923 0.536258 -0.293350 0.220114 -0.416104 0.299354 0.021608 -0.041334 0.003068 0.024544 0.015340 -0.003068 0.004602 0.006136 0.000000 0.004602 0.001534 -0.001534 0.015340 -0.010738 -0.006136 0.006136 4.680826 -0.538972 -1.381513 0.163566 -0.075208 -3.884927 0.170000 0.000000 2.357596 16.350000 0.085000 -0.500000 0.032530 0.480652 0.000000 0.000000 0.000000 0.022000 0.047000 0.101000 0.000000 0.000000 0.000000 0.000000 0.000000
49.545561 2.000000 0.530338 0.296717 -0.208897 -0.423882 -0.307995 0.015364 0.036923 0.536246 -0.293350 0.220114 -0.416080 0.299366 0.021620 -0.041358 0.003068 -0.013806 0.009204 -0.007670 -0.004602 0.006136 0.006136 0.004602 -0.004602 0.007670 0.000000 0.006136 0.012272 -0.024544 4.721274 -0.620647 -1.391072 0.155439 -0.079184 -3.873933 0.170000 0.000000 2.382544 16.350000 0.085000 -0.500000 0.032530 0.485738 0.000000 0.000000 0.000000 0.022000 0.047000 0.101000 0.000000 0.000000 0.000000 0.000000 0.000000
49.584811 2.000000 0.530350 0.296705 -0.208897 -0.423834 -0.307995 0.015364 0.036911 0.536258 -0.293350 0.220090 -0.416104 0.299330 0.021620 -0.041370 0.012272 -0.012272 0.018408 0.000000 -0.004602 0.000000 0.006136 0.004602 -0.007670 0.000000 0.001534 0.019942 0.000000 -0.018408 4.650075 -0.603826 -1.398749 0.153484 -0.093447 -3.864890 0.170000 0.000000 2.346278 16.350000 0.085000 -0.500000 0.032530 0.478344 0.000000 0.000000 0.000000 0.022000 0.047000 0.101000 0.000000 0.000000 0.000000 0.000000 0.000000
49.633821 2.000000 0.530350 0.296729 -0.208897 -0.423846 -0.308007 0.015364 0.036935 0.536246 -0.293350 0.220114 -0.416104 0.299354 0.021620 -0.041322 0.016874 -0.003068 0.010738 -0.001534 0.000000 0.000000 0.018408 0.007670 -0.010738 -0.001534 0.009204 0.003068 0.006136 -0.006136 4.596072 -0.605261 -1.397454 0.136453 -0.097020 -3.873063 0.170000 0.000000 2.319388 16.350000 0.085000 -0.500000 0.032530 0.472862 0.000000 0.000000 0.000000 0.022000 0.047000 0.101000 0.000000 0.000000 0.000000 0.000000 0.000000
49.686214 2.000000 0.530350 0.296705 -0.208897 -0.423822 -0.307983 0.015376 0.036911 0.536258 -0.293338 0.220114 -0.416104 0.299354 0.021608 -0.041334 -0.016874 0.001534 0.003068 -0.001534 0.001534 0.024544 -0.006136 0.010738 0.000000 0.000000 0.000000 0.001534 0.006136 0.000000 4.720863 -0.617057 -1.400172 0.057710 -0.083756 -3.853525 0.170000 0.000000 2.381053 16.350000 0.085000 -0.500000 0.032530 0.485434 0.000000 0.000000 0.000000 0.022000 0.047000 0.101000 0.000000 0.000000 0.000000 0.000000 0.000000
49.722429 2.000000 0.530362 0.296729 -0.208897 -0.423774 -0.307983 0.015376 0.036911 0.536258 -0.293350 0.220138 -0.416092 0.299390 0.021620 -0.041322 -0.009204 -0.003068 -0.007670 0.000000 -0.004602 0.000000 -0.006136 0.009204 -0.007670 0.003068 0.003068 0.007670 0.000000 0.018408 4.713381 -0.639562 -1.397914 0.072361 -0.080245 -3.854326 0.170000 0.000000 2.378901 16.350000 0.085000 -0.500000 0.032530 0.484995 0.000000 0.000000 0.000000 0.022000 0.047000 0.101000 0.000000 0.000000 0.000000 0.000000 0.000000
49.769567 2.000000 0.530350 0.296729 -0.208873 -0.423774 -0.307983 0.015376 0.036911 0.536258 -0.293350 0.220126 -0.416104 0.299378 0.021620 -0.041334 -0.003068 0.001534 0.000000 0.000000 -0.003068 0.000000 -0.006136 0.007670 0.000000 0.004602 0.003068 -0.003068 0.006136 0.006136 4.717110 -0.623067 -1.402841 0.092650 -0.075491 -3.860289 0.170000 0.000000 2.379791 16.350000 0.085000 -0.500000 0.032530 0.485177 0.000000 0.000000 0.000000 0.022000 0.047000 0.101000 0.000000 0.000000 0.000000 0.000000 0.000000
49.807111 2.000000 0.530326 0.296729 -0.208885 -0.423762 -0.307959 0.015376 0.036923 0.536258 -0.293338 0.220138 -0.416092 0.299342 0.021608 -0.041334 -0.015340 -0.003068 -0.004602 -0.006136 -0.007670 0.000000 0.006136 0.032214 0.003068 0.006136 0.004602 -0.001534 -0.012272 0.018408 4.767346 -0.642616 -1.399101 -0.019861 -0.080569 -3.852707 0.170000 0.000000 2.405589 16.350000 0.085000 -0.500000 0.032530 0.490436 0.000000 0.000000 0.000000 0.022000 0.047000 0.101000 0.000000 0.000000 0.000000 0.000000 0.000000
49.841545 2.000000 0.530350 0.296729 -0.208873 -0.423750 -0.307947 0.015376 0.036923 0.536270 -0.293350 0.220126 -0.416104 0.299354 0.021620 -0.041334 -0.012272 -0.004602 0.007670 -0.004602 0.000000 0.000000 0.006136 0.003068 -0.004602 0.003068 -0.004602 -0.004602 0.000000 0.000000 4.768991 -0.629414 -1.407435 0.082240 -0.087921 -3.834868 0.170000 0.000000 2.405926 16.350000 0.085000 -0.500000 0.032530 0.490505 0.000000 0.000000 0.000000 0.022000 0.047000 0.101000 0.000000 0.000000 0.000000 0.000000 0.000000
49.877076 2.000000 0.530350 0.296705 -0.208885 -0.423762 -0.307959 0.015376 0.036911 0.536258 -0.293350 0.220138 -0.416128 0.299366 0.021620 -0.041322 0.021476 -0.004602 -0.004602 0.000000 -0.007670 -0.006136 -0.006136 -0.004602 0.000000 0.000000 -0.009204 -0.004602 0.000000 0.012272 4.686126 -0.642653 -1.437829 0.123156 -0.062023 -3.835265 0.170000 0.000000 2.365998 16.350000 0.085000 -0.500000 0.032530 0.482365 0.000000 0.000000 0.000000 0.022000 0.047000 0.101000 0.000000 0.000000 0.000000 0.000000 0.000000
49.903015 2.000000 0.530326 0.296705 -0.208885 -0.423762 -0.307959 0.015388 0.036911 0.536246 -0.293350 0.220138 -0.416116 0.299354 0.021620 -0.041322 -0.009204 -0.010738 -0.009204 -0.007670 -0.006136 0.012272 0.000000 0.000000 -0.013806 -0.009204 0.000000 0.003068 0.000000 0.012272 4.781829 -0.666444 -1.425971 0.108790 -0.096218 -3.847155 0.170000 0.000000 2.415115 16.350000 0.085000 -0.500000 0.032530 0.492378 0.000000 0.000000 0.000000 0.022000 0.047000 0.101000 0.000000 0.000000 0.000000 0.000000 0.000000
49.930695 2.000000 0.530338 0.296693 -0.208897 -0.423762 -0.307947 0.015376 0.036923 0.536246 -0.293350 0.220138 -0.416092 0.299378 0.021620 -0.041334 0.000000 -0.001534 -0.006136 -0.010738 0.000000 0.000000 0.006136 -0.001534 -0.001534 0.010738 0.006136 -0.006136 0.000000 0.000000 4.757225 -0.632338 -1.417912 0.117716 -0.045526 -3.863941 0.171000 0.000000 2.400363 16.350000 0.085500 -0.500000 0.032529 0.489371 0.000000 0.000000 0.000000 0.022000 0.047000 0.102000 0.000000 0.000000 0.000000 0.000000 0.000000
49.961522 2.000000 0.530350 0.296717 -0.208897 -0.423750 -0.307947 0.015388 0.036923 0.536270 -0.293338 0.220138 -0.416104 0.299366 0.021620 -0.041334 0.001534 -0.001534 0.024544 -0.013806 -0.007670 0.012272 0.000000 -0.009204 0.004602 0.012272 0.012272 0.004602 0.000000 0.000000 4.767529 -0.596770 -1.417515 0.183772 -0.038195 -3.876018 0.171000 0.000000 2.404200 16.350000 0.085500 -0.500000 0.032529 0.490153 0.000000 0.000000 0.000000 0.022000 0.047000 0.102000 0.000000 0.000000 0.000000 0.000000 0.000000
49.987847 2.000000 0.530338 0.296705 -0.208897 -0.423750 -0.307947 0.015376 0.036923 0.536246 -0.293350 0.220138 -0.416104 0.299354 0.021608 -0.041322 -0.003068 0.000000 0.006136 0.000000 0.009204 -0.012272 0.012272 0.006136 0.001534 0.000000 0.004602 -0.019942 0.000000 0.012272 4.777938 -0.618255 -1.424163 0.152085 -0.075607 -3.866508 0.171000 0.000000 2.410382 16.350000 0.085500 -0.500000 0.032529 0.491413 0.000000 0.000000 0.000000 0.022000 0.047000 0.102000 0.000000 0.000000 0.000000 0.000000 0.000000
50.013057 2.000000 0.530338 0.296693 -0.208873 -0.423762 -0.307959 0.015364 0.036923 0.536258 -0.293338 0.220138 -0.416104 0.299354 0.021620 -0.041334 0.007670 -0.019942 0.012272 -0.003068 -0.016874 -0.012272 0.000000 0.018408 0.015340 -0.001534 -0.010738 0.006136 0.000000 -0.006136 4.760208 -0.637272 -1.428829 0.129905 -0.056164 -3.855749 0.171000 0.000000 2.402380 16.350000 0.085500 -0.500000 0.032529 0.489782 0.000000 0.000000 0.000000 0.022000 0.047000 0.102000 0.000000 0.000000 0.000000 0.000000 0.000000
50.048108 2.000000 0.530338 0.296729 -0.208897 -0.423762 -0.307947 0.015388 0.036935 0.536258 -0.293314 0.220138 -0.416104 0.299366 0.021608 -0.041334 0.007670 0.003068 0.000000 0.003068 0.003068 0.006136 0.018408 0.004602 0.001534 0.006136 -0.019942 -0.003068 -0.006136 -0.006136 4.702705 -0.619273 -1.441071 0.135942 -0.054783 -3.788116 0.172000 0.000000 2.372784 16.350000 0.086000 -0.500000 0.032528 0.483748 0.000000 0.000000 0.000000 0.023000 0.047000 0.102000 0.000000 0.000000 0.000000 0.000000 0.000000
50.084512 2.000000 0.530338 0.296705 -0.208921 -0.423762 -0.307947 0.015376 0.036923 0.536258 -0.293314 0.220138 -0.416104 0.299354 0.021596 -0.041334 0.010738 -0.004602 0.000000 -0.004602 0.000000 0.000000 0.000000 -0.001534 -0.003068 0.004602 0.004602 -0.006136 -0.024544 0.012272 4.660919 -0.634111 -1.420610 0.144172 -0.064673 -3.814511 0.172000 0.000000 2.353255 16.350000 0.086000 -0.500000 0.032528 0.479766 0.000000 0.000000 0.000000 0.023000 0.047000 0.102000 0.000000 0.000000 0.000000 0.000000 0.000000
50.113901 2.000000 0.530326 0.296729 -0.208897 -0.423762 -0.307935 0.015376 0.036923 0.536258 -0.293350 0.220138 -0.416104 0.299366 0.021620 -0.041334 -0.015340 -0.021476 0.003068 -0.010738 -0.010738 0.000000 0.006136 0.013806 -0.004602 0.007670 0.006136 -0.010738 -0.006136 -0.006136 4.755305 -0.659297 -1.403693 0.100835 -0.077080 -3.842697 0.172000 0.000000 2.401234 16.350000 0.086000 -0.500000 0.032528 0.489548 0.000000 0.000000 0.000000 0.023000 0.047000 0.102000 0.000000 0.000000 0.000000 0.000000 0.000000
50.153983 2.000000 0.530326 0.296717 -0.208885 -0.423762 -0.307947 0.015388 0.036923 0.536246 -0.293350 0.220138 -0.416104 0.299354 0.021620 -0.041334 0.000000 0.000000 0.003068 -0.001534 -0.004602 0.006136 0.000000 0.003068 -0.004602 0.007670 0.000000 -0.001534 -0.012272 -0.006136 4.715333 -0.630459 -1.426713 0.171410 -0.081157 -3.885889 0.170000 0.000000 2.380536 16.350000 0.085000 -0.500000 0.032530 0.485329 0.000000 0.000000 0.000000 0.022000 0.047000 0.101000 0.000000 0.000000 0.000000 0.000000 0.000000
# 记录总帧数: 1045
